year,geography_level,geography_value,age,sex,annual_first_visit_population,annual_first_visit_se,quarterly_mean_population,quarterly_population_sd,quarterly_mean_design_se,quarters,difference,relative_difference
2013,Brazil,Brazil,14,combined,3362686.96078391,51249.2289649853,3428018.28072163,50827.4115809354,46023.1148300777,4,65331.31993772,0.0194283085816855
2013,Brazil,Brazil,14,female,1629110.32207534,35076.8014618617,1658918.89600273,27970.384043177,31324.3853061666,4,29808.5739273925,0.0182974556869906
2013,Brazil,Brazil,14,male,1733576.63870857,35844.3499954286,1769099.3847189,31734.7106349331,33024.6119938157,4,35522.7460103275,0.0204910156361995
2013,Brazil,Brazil,15,combined,3482399.72545005,51289.5992218939,3480431.20272149,49514.4329997055,45339.619218885,4,-1968.52272856003,-0.000565277648678204
2013,Brazil,Brazil,15,female,1726775.01852628,36015.9793800213,1725547.97099426,46954.1145143026,31650.3412414345,4,-1227.04753202503,-0.000710600697172613
2013,Brazil,Brazil,15,male,1755624.70692377,35598.7280724468,1754883.23172724,7625.45410063654,32071.647562197,4,-741.475196535001,-0.00042234265308001
2013,Brazil,Brazil,16,combined,3446205.97947453,49029.6675821056,3470315.22155322,22303.0361721848,44170.3924703772,4,24109.2420786899,0.00699587959114562
2013,Brazil,Brazil,16,female,1704798.87572075,34844.007664315,1744186.85864741,14641.4708115144,31753.1273812208,4,39387.98292666,0.0231041816648358
2013,Brazil,Brazil,16,male,1741407.10375378,34545.2318889667,1726128.36290581,22079.308978362,30814.6632669317,4,-15278.7408479699,-0.00877379035323504
2013,Brazil,Brazil,17,combined,3480157.41003859,50373.0867911438,3469464.30313505,62894.3748959608,45459.9298510019,4,-10693.1069035376,-0.00307259288694619
2013,Brazil,Brazil,17,female,1731298.61092412,36100.3316944812,1729395.11880262,24531.1785754527,32451.063158219,4,-1903.49212149763,-0.00109945916290062
2013,Brazil,Brazil,17,male,1748858.79911447,34913.670775505,1740069.18433243,46767.2137307652,31348.2428124456,4,-8789.61478204001,-0.00502591449149046
2013,Brazil,Brazil,18,combined,3490631.95292237,51777.9400992849,3463877.38744299,22849.8753846891,45263.2628958941,4,-26754.5654793847,-0.00766467672336114
2013,Brazil,Brazil,18,female,1755148.46829425,37612.4241389133,1730027.72479406,15190.3932120891,32044.380663144,4,-25120.7435001901,-0.0143126031523725
2013,Brazil,Brazil,18,male,1735483.48462812,34858.2841661517,1733849.66264893,18303.1039768189,31268.3513704124,4,-1633.82197919488,-0.000941421796096766
2013,Brazil,Brazil,19,combined,3309446.97133309,50565.3102240223,3278788.60442626,53644.6264975866,45589.3513451942,4,-30658.3669068329,-0.00926389429182583
2013,Brazil,Brazil,19,female,1674861.70446045,35790.1568928911,1643397.68075931,29792.8396980286,31968.3361138384,4,-31464.0237011425,-0.0187860428221317
2013,Brazil,Brazil,19,male,1634585.26687264,35137.6697614044,1635390.92366695,32558.3531439827,31628.2619961186,4,805.656794309849,0.000492881473140442
2013,UF,11,14,combined,31439.89956163,2727.46214010849,31405.47548667,2185.1493464674,2484.28687112962,4,-34.4240749599994,-0.0010949168235261
2013,UF,11,14,female,14560.88488106,1758.19047660136,14527.8363139575,1747.55401835289,1651.21852347073,4,-33.0485671024999,-0.0022696812297093
2013,UF,11,14,male,16879.01468057,2086.12261820857,16877.6391727125,965.820128687567,1786.61830619901,4,-1.37550785750136,-8.14921891788361e-05
2013,UF,11,15,combined,33052.14380413,2625.75031163222,33395.9688440175,1844.41837386307,2736.78628570042,4,343.825039887503,0.0104025034480378
2013,UF,11,15,female,15743.39792005,1826.46097329986,15148.7185668275,2345.22929218046,1726.13915493962,4,-594.6793532225,-0.0377732530323169
2013,UF,11,15,male,17308.74588408,2037.05435026574,18247.25027719,1760.16739735306,1999.02024420366,4,938.504393110001,0.0542213976330432
2013,UF,11,16,combined,31528.84083706,2783.73839050119,29705.71758537,2777.43287969485,2290.95173951604,4,-1823.12325169,-0.0578239860168613
2013,UF,11,16,female,17877.87789093,2143.44419977619,15575.7539169,1042.91769254209,1644.38617576188,4,-2302.12397403,-0.128769420401844
2013,UF,11,16,male,13650.96294613,1603.92146341284,14129.96366847,2491.24126813016,1549.16699285576,4,479.000722340001,0.0350891526282983
2013,UF,11,17,combined,34454.54853222,2929.65861643435,33267.2579544075,2817.61251441064,2585.83579870911,4,-1187.2905778125,-0.0344596179137918
2013,UF,11,17,female,16431.96796617,1858.0868758903,16753.4307358825,1646.73957923016,1804.45362827522,4,321.4627697125,0.0195632544059436
2013,UF,11,17,male,18022.58056605,1965.80861146513,16513.827218525,1509.66868963981,1681.07325722318,4,-1508.753347525,-0.0837146124549507
2013,UF,11,18,combined,37460.82707288,3389.59265157534,34178.3607935075,1888.65806672952,2745.58300293774,4,-3282.4662793725,-0.0876239671106691
2013,UF,11,18,female,19739.33478299,2213.42659264725,17423.836988885,833.211222508955,1859.52087904674,4,-2315.497794105,-0.117303739946715
2013,UF,11,18,male,17721.49228989,2278.70353879952,16754.5238046225,1122.83211352913,1939.49472943396,4,-966.968485267502,-0.0545647324418131
2013,UF,11,19,combined,27292.16476899,2353.68862692216,32108.764534695,1860.87560788045,2566.23809237306,4,4816.599765705,0.176482877282704
2013,UF,11,19,female,14102.77155456,1642.88657135697,15355.4268177075,929.145140757588,1729.65349008769,4,1252.6552631475,0.0888233393203101
2013,UF,11,19,male,13189.39321443,1542.05083941168,16753.3377169875,1408.27835070814,1798.21823407231,4,3563.9445025575,0.270212923719518
2013,UF,12,14,combined,16888.01986537,1196.51750856871,17782.78173924,399.046669920131,1136.95671355098,4,894.76187387,0.052982047688419
2013,UF,12,14,female,8646.12320643,879.69608370749,9370.9421945025,774.018692313099,820.644385819615,4,724.8189880725,0.0838316747017279
2013,UF,12,14,male,8241.89665894,776.833720415066,8411.8395447375,730.076881062954,753.989057354387,4,169.9428857975,0.0206193905153085
2013,UF,12,15,combined,15175.3925072,1077.53377624316,17231.41626914,707.143573393139,1137.35579618073,4,2056.02376194,0.13548405821889
2013,UF,12,15,female,6963.50545294,798.364576702501,9541.3664434725,791.075605990538,871.000539357905,4,2577.8609905325,0.370195874470684
2013,UF,12,15,male,8211.88705426,798.850526637183,7690.0498256675,519.830141599316,717.477936154491,4,-521.8372285925,-0.0635465667202268
2013,UF,12,16,combined,17298.40357977,1289.62564463271,16926.374599305,130.88850625919,1138.45132221516,4,-372.028980465002,-0.0215065499396765
2013,UF,12,16,female,8814.1977829,853.730965596465,8635.12076387,286.213443658287,851.744675899942,4,-179.077019030001,-0.0203168823120148
2013,UF,12,16,male,8484.20579687,878.32101136847,8291.253835435,227.374236459213,773.576670328,4,-192.951961434999,-0.022742489521669
2013,UF,12,17,combined,18466.39613607,1185.25453024431,18489.6191174325,780.985320435534,1136.02674444895,4,23.2229813624981,0.00125758059078659
2013,UF,12,17,female,9013.17182744,889.115753802544,9170.5062241175,400.845368327786,852.471542199146,4,157.334396677501,0.0174560520635485
2013,UF,12,17,male,9453.22430863,828.760423388057,9319.112893315,455.941009629995,831.182939722264,4,-134.111415315001,-0.0141868436563563
2013,UF,12,18,combined,14242.27993282,1182.0075204122,15724.4529897275,508.202622087828,1094.47820829265,4,1482.1730569075,0.104068524414548
2013,UF,12,18,female,6759.59893348,843.918764971166,8011.262072505,523.611296232361,775.122837155076,4,1251.663139025,0.185168255001871
2013,UF,12,18,male,7482.68099934,897.828440775726,7713.1909172225,437.134656480208,797.926389114744,4,230.5099178825,0.0308057924563177
2013,UF,12,19,combined,14819.43497531,1246.23914046525,14945.2970234025,457.306115401638,1091.29577450351,4,125.8620480925,0.00849303959983584
2013,UF,12,19,female,8003.01372405,950.141891870581,8084.5330206725,477.177734283495,808.11662965134,4,81.5192966225004,0.010186074825478
2013,UF,12,19,male,6816.42125126,741.743058711246,6860.76400273,109.113662480838,695.59155239281,4,44.3427514700006,0.00650528332030594
2013,UF,13,14,combined,71919.64612839,4967.23088453715,75235.7319951,2582.62492453874,4359.99985263776,4,3316.08586671,0.0461082061053271
2013,UF,13,14,female,37057.33981308,3365.97882420704,37355.7021679925,3358.96355402303,2988.36570725245,4,298.362354912497,0.00805137002325204
2013,UF,13,14,male,34862.30631531,3183.70330354822,37880.0298271075,1032.55618348865,2938.08449615817,4,3017.7235117975,0.0865612126892548
2013,UF,13,15,combined,78197.85391861,5065.6976632524,78359.15540956,1669.04894646243,4467.62254414445,4,161.301490950005,0.00206273552107825
2013,UF,13,15,female,40119.77245394,3714.14419280583,40028.8893568025,1529.27320784942,3164.58828884016,4,-90.8830971375064,-0.00226529443161339
2013,UF,13,15,male,38078.08146467,3430.57421722535,38330.2660527575,1893.24679116509,3144.27631033166,4,252.184588087497,0.00662282810444328
2013,UF,13,16,combined,73363.87666341,4985.15107515616,75124.2084941625,1058.8609931609,4226.39130124461,4,1760.3318307525,0.0239945312436095
2013,UF,13,16,female,32639.72572502,3034.55472122931,35054.1289028125,1196.7707145253,2836.88958165667,4,2414.40317779251,0.0739713071774296
2013,UF,13,16,male,40724.15093839,3571.23524490809,40070.07959135,416.969568564804,3123.14806350547,4,-654.071347039993,-0.0160610186331328
2013,UF,13,17,combined,75128.52968451,5314.152020444,75980.534030295,4262.05982613973,4411.44651181107,4,852.004345785012,0.0113406231875276
2013,UF,13,17,female,35602.53306799,3523.81998809055,37729.8179228,5287.56838123136,3050.85535932434,4,2127.28485481,0.0597509410565685
2013,UF,13,17,male,39525.99661652,3780.06200285982,38250.716107495,3220.53482251349,3031.93193319532,4,-1275.280509025,-0.0322643479783125
2013,UF,13,18,combined,77387.22581675,5213.64728830993,78020.2136485425,5862.80585676383,4894.56769998219,4,632.987831792503,0.00817948731346688
2013,UF,13,18,female,33838.05300795,3842.15516752406,36981.811727965,2856.59897933895,3511.43429234158,4,3143.75872001499,0.0929060167639193
2013,UF,13,18,male,43549.1728088,3247.41669155151,41038.4019205775,3155.77794728892,3231.39409498074,4,-2510.77088822251,-0.0576536987107859
2013,UF,13,19,combined,69302.38295708,5100.62032893285,71278.0892176275,4411.09347603302,4185.14349165873,4,1975.70626054749,0.0285084895532536
2013,UF,13,19,female,35000.56168254,3647.78380447755,33852.2733210775,3317.23564574679,3008.14119444362,4,-1148.2883614625,-0.0328077123983792
2013,UF,13,19,male,34301.82127454,3236.96420942088,37425.81589655,4314.85938384785,2957.79498023688,4,3123.99462201,0.0910737245409397
2013,UF,14,14,combined,9138.14053271,902.149488123934,9301.39378571,874.29204875078,842.324283985929,4,163.253252999999,0.0178650407504277
2013,UF,14,14,female,3986.84622651,573.326310150385,4553.9833594375,461.846236240942,591.988332516121,4,567.137132927499,0.142252071112349
2013,UF,14,14,male,5151.2943062,632.683365789638,4747.4104262725,583.215746861199,591.677719208528,4,-403.883879927501,-0.0784043496488628
2013,UF,14,15,combined,10214.26924279,1040.74241360998,10402.943188585,596.651527630744,885.488051585577,4,188.673945795001,0.0184716048999962
2013,UF,14,15,female,4851.74312749,751.934366371005,4888.627286955,268.135150962855,630.217592933394,4,36.8841594650003,0.00760224902592523
2013,UF,14,15,male,5362.5261153,652.711846363738,5514.31590163,459.534708895437,600.548570472279,4,151.78978633,0.0283056498124873
2013,UF,14,16,combined,10984.61147418,1066.45766298525,10160.60196502,827.852205642115,858.79147636736,4,-824.00950916,-0.0750148979867776
2013,UF,14,16,female,6543.66524388,887.36371488164,5641.1757545125,584.268155968678,689.990622542014,4,-902.4894893675,-0.137918040690049
2013,UF,14,16,male,4440.9462303,650.30184834045,4519.4262105075,441.897695114152,585.465008036575,4,78.4799802075004,0.0176719050710503
2013,UF,14,17,combined,9015.90131895,781.238933173625,8727.85412963,464.891824790673,755.686580912168,4,-288.047189320001,-0.0319487957032728
2013,UF,14,17,female,3427.50767491,535.282721050292,3701.579210255,231.688236651825,516.543455649538,4,274.071535345,0.0799623403767277
2013,UF,14,17,male,5588.39364404,610.95343483433,5026.274919375,277.56045355003,613.792400724789,4,-562.118724665,-0.100586816260608
2013,UF,14,18,combined,9971.18709039,926.717909807634,10858.795723815,1023.56767335633,903.977279308946,4,887.608633424999,0.089017348223308
2013,UF,14,18,female,5032.15063769,669.07243974308,5814.7164876725,313.735258983512,688.439201832244,4,782.5658499825,0.155513200284826
2013,UF,14,18,male,4939.0364527,635.83990632472,5044.0792361425,723.080506878151,576.960719867905,4,105.0427834425,0.0212678696439012
2013,UF,14,19,combined,8984.94861668,1012.73542317885,9389.8986813,293.26159436469,925.795792881002,4,404.950064620001,0.0450698253152207
2013,UF,14,19,female,4079.08286992,592.670246760931,4316.4802871675,366.074861968335,594.116873078178,4,237.3974172475,0.0581987237862015
2013,UF,14,19,male,4905.86574676,708.767132668471,5073.4183941325,383.394655228797,630.029129000456,4,167.5526473725,0.0341535329382297
2013,UF,15,14,combined,152711.74905187,8873.86969394405,162213.791535968,2805.49774245557,8511.2998908703,4,9502.0424840975,0.0622220788059342
2013,UF,15,14,female,78310.64470313,6299.47135851242,85660.283572275,2797.76812815219,6297.95870126832,4,7349.638869145,0.0938523606465883
2013,UF,15,14,male,74401.10434874,5789.40504344807,76553.5079636925,2377.66565268145,5364.66946992991,4,2152.40361495251,0.0289297266995333
2013,UF,15,15,combined,164085.57630944,8833.33114499141,157881.403090115,6130.82990981524,7871.10045466861,4,-6204.17321932499,-0.0378105946839891
2013,UF,15,15,female,77850.31784525,6222.52886436683,80575.3048485775,3544.24169676826,5684.44165071914,4,2724.98700332751,0.035002901449217
2013,UF,15,15,male,86235.25846419,6337.96020304739,77306.0982415375,3573.41801005545,5443.99123582912,4,-8929.1602226525,-0.103544192731334
2013,UF,15,16,combined,162499.95835396,8525.51020336743,164182.109607178,6214.67941255007,8281.84555247708,4,1682.15125321748,0.0103517026727687
2013,UF,15,16,female,86241.8201004,6258.62769951276,81422.88165933,2964.5299250749,5738.11673076031,4,-4818.93844107,-0.0558770493881036
2013,UF,15,16,male,76258.13825356,6006.50856328226,82759.2279478475,4972.11291390868,5859.72973101475,4,6501.0896942875,0.0852510937609207
2013,UF,15,17,combined,162274.92710518,9463.19328636667,159250.782555718,5363.01289039032,8421.60453815596,4,-3024.14454946248,-0.0186359322626739
2013,UF,15,17,female,74533.67970065,6224.08327169251,83587.16661643,4811.45611261308,6149.96044762203,4,9053.48691578,0.121468401293772
2013,UF,15,17,male,87741.24740453,6512.56828045375,75663.6159392875,3621.96618186979,5533.39632196573,4,-12077.6314652425,-0.137650555725048
2013,UF,15,18,combined,178591.78049775,10139.6764882353,158001.696040148,6382.52927355414,8306.90304295982,4,-20590.0844576025,-0.115291333118558
2013,UF,15,18,female,91102.76388738,7019.5342147079,80530.468246135,2681.45563831508,5962.14316423265,4,-10572.295641245,-0.116048023025013
2013,UF,15,18,male,87489.01661037,7137.29725437107,77471.2277940125,6938.2935268566,5601.40063570528,4,-10017.7888163575,-0.114503388019224
2013,UF,15,19,combined,150046.83679621,9076.79792542614,156531.899803408,6281.93370929582,8440.10986770684,4,6485.06300719749,0.0432202580585244
2013,UF,15,19,female,78907.06617809,6659.13938683063,82939.85578825,5899.06681225249,6036.38384642755,4,4032.78961016001,0.0511080921581619
2013,UF,15,19,male,71139.77061812,5899.0225987467,73592.0440151575,3768.0248710999,5547.99752534073,4,2452.2733970375,0.0344712019132218
2013,UF,16,14,combined,15030.03234336,2061.11492625788,17096.1329227725,1532.1743456217,1688.10311299977,4,2066.1005794125,0.137464812597377
2013,UF,16,14,female,7713.04392611,1346.60228123356,8459.4597420375,1056.51115698461,1112.91282464669,4,746.415815927499,0.096773183593672
2013,UF,16,14,male,7316.98841725,1421.08166295634,8636.673180735,603.230011780287,1299.21543010195,4,1319.684763485,0.1803590067703
2013,UF,16,15,combined,16315.7333535,2279.78139800809,17716.50916757,792.593709436079,1843.89476031091,4,1400.77581407,0.0858542968140325
2013,UF,16,15,female,9579.29817326,1744.65863957276,8968.7956486125,997.653243436763,1283.34689217479,4,-610.5025246475,-0.063731446041807
2013,UF,16,15,male,6736.43518024,1418.0252934134,8747.7135189575,548.236363390836,1258.8237462801,4,2011.2783387175,0.298567162735743
2013,UF,16,16,combined,18490.33242824,2054.85220370881,17367.091866905,1174.83122400597,1739.00866165625,4,-1123.240561335,-0.0607474509013959
2013,UF,16,16,female,10137.24532197,1569.13398294842,8948.8831670325,1656.41333871339,1197.41825040323,4,-1188.3621549375,-0.117227325293393
2013,UF,16,16,male,8353.08710627,1404.20200749377,8418.2086998725,807.579644504282,1179.39403470737,4,65.1215936025001,0.00779611091971236
2013,UF,16,17,combined,14647.89163493,1772.11931558148,16744.637531005,1781.15004872264,1642.43297373974,4,2096.745896075,0.143143187315436
2013,UF,16,17,female,7523.23557466,1235.50068365236,7729.0029602625,1230.51750686234,1125.76102352288,4,205.7673856025,0.0273509161796784
2013,UF,16,17,male,7124.65606027,1001.88462534971,9015.6345707425,616.477324827901,1098.79007440288,4,1890.9785104725,0.265413304793388
2013,UF,16,18,combined,16815.96990521,2187.68572188139,16767.087625735,1573.46938732134,1661.60303971393,4,-48.8822794750013,-0.00290689622724981
2013,UF,16,18,female,8643.65159569,1478.58170947518,7640.639368865,2099.84910351827,1080.38601179916,4,-1003.012226825,-0.116040335004379
2013,UF,16,18,male,8172.31830952,1326.60540351676,9126.44825687,892.414961743672,1165.68484885123,4,954.12994735,0.11675144202821
2013,UF,16,19,combined,14855.22320272,1694.4090527653,16045.8449541325,916.91564733793,1824.30827095429,4,1190.6217514125,0.080148358268659
2013,UF,16,19,female,7438.12536246,1285.47978724323,8700.2455184825,415.261036684271,1391.0148510308,4,1262.1201560225,0.169682560392486
2013,UF,16,19,male,7417.09784026,1301.88219447333,7345.59943565,665.993274570315,1133.66557178934,4,-71.4984046100008,-0.00963967391961685
2013,UF,17,14,combined,22941.51729612,2531.91254638581,27455.594322195,1643.99690959742,2317.49429236839,4,4514.077026075,0.196764536879104
2013,UF,17,14,female,9947.46481403,1758.31924018259,13811.2649487375,1796.97106957635,1735.02026523422,4,3863.8001347075,0.388420588254603
2013,UF,17,14,male,12994.05248209,1848.83597900131,13644.3293734575,768.305508674591,1594.40317481192,4,650.276891367501,0.0500441946239476
2013,UF,17,15,combined,30108.64752229,2714.8078554855,31273.623131575,2637.25515604633,2488.15723947857,4,1164.975609285,0.0386923925567412
2013,UF,17,15,female,14068.44189368,1839.26082098738,13847.90164269,872.919215003133,1591.58526477822,4,-220.54025099,-0.0156762385384748
2013,UF,17,15,male,16040.20562861,1787.23271496667,17425.721488885,1878.01033954571,1866.05718660146,4,1385.515860275,0.0863776869421009
2013,UF,17,16,combined,27290.16131295,2455.31282766136,29112.226703595,3330.72803291733,2491.51456921317,4,1822.065390645,0.0667663840367398
2013,UF,17,16,female,12428.84556846,1706.111080735,14624.9286499475,2029.58589819573,1848.58999885205,4,2196.0830814875,0.176692442543528
2013,UF,17,16,male,14861.31574449,1906.04789436366,14487.2980536475,1800.10861420451,1552.53672528916,4,-374.0176908425,-0.0251671990066675
2013,UF,17,17,combined,30518.52168789,2739.63044838127,28662.7951271875,1097.84773791986,2275.37301181788,4,-1855.7265607025,-0.0608065678829675
2013,UF,17,17,female,14678.37043832,1905.89388509114,14191.9828870425,182.502178170472,1624.31696876661,4,-486.387551277499,-0.033136345299456
2013,UF,17,17,male,15840.15124957,1983.84021310714,14470.812240145,1184.06016720136,1658.24924870991,4,-1369.339009425,-0.0864473443372059
2013,UF,17,18,combined,26089.19551805,2289.54517579573,27114.18486836,1646.72696113185,2311.82067827868,4,1024.98935031,0.0392878864202943
2013,UF,17,18,female,14014.1430533,1959.49787544579,13771.1413837,376.353629772531,1645.89780395334,4,-243.0016696,-0.0173397451899693
2013,UF,17,18,male,12075.05246475,1567.47683881967,13343.04348466,1575.50200447349,1637.75781314336,4,1267.99101991,0.105009152019138
2013,UF,17,19,combined,30531.16912713,2734.54502491361,27594.712999905,2748.28445640775,2365.19549652828,4,-2936.456127225,-0.0961789610806507
2013,UF,17,19,female,16439.13532653,1961.73231729656,14561.89992238,1432.12813619132,1764.6668507585,4,-1877.23540415,-0.114193074444765
2013,UF,17,19,male,14092.0338006,1766.46027455746,13032.813077525,1658.63593391015,1493.12940728016,4,-1059.220723075,-0.0751645034395179
2013,UF,21,14,combined,130090.87425819,5512.78591880697,133936.049443503,3098.11697221691,5248.76330714822,4,3845.1751853125,0.0295576089194468
2013,UF,21,14,female,66861.33042575,4079.96972349578,65824.34944902,2973.13703652059,3701.88669084669,4,-1036.98097673,-0.0155094277982036
2013,UF,21,14,male,63229.54383244,4107.29853567583,68111.6999944825,2164.89663139446,3844.42642745953,4,4882.15616204249,0.0772132118330687
2013,UF,21,15,combined,131861.04528242,5723.38467535879,141013.668088693,1635.04161578223,5512.67385180261,4,9152.6228062725,0.069411119763759
2013,UF,21,15,female,69038.46948517,4086.40640546133,69993.5474150325,1183.59561894433,3890.26053033779,4,955.077929862498,0.0138339962775052
2013,UF,21,15,male,62822.57579725,4058.64886981138,71020.12067366,2032.39437895583,3887.52152835444,4,8197.54487641,0.130487245586145
2013,UF,21,16,combined,140355.25049189,5668.6541194726,138732.35698108,3524.98032120466,5401.49646672847,4,-1622.89351081001,-0.0115627559718814
2013,UF,21,16,female,67472.78112989,3903.6929277518,69122.872446955,3341.61775909413,3675.8587432684,4,1650.09131706499,0.0244556588513588
2013,UF,21,16,male,72882.469362,4155.76044462939,69609.484534125,2232.73773520322,3774.07812521183,4,-3272.984827875,-0.0449077104072642
2013,UF,21,17,combined,135498.75994947,6089.25352466564,138299.699726675,4475.24331107639,5657.65344059605,4,2800.939777205,0.0206713314442842
2013,UF,21,17,female,63533.07089291,4141.37768038147,66193.9329278975,2950.17855864045,4117.98243526252,4,2660.86203498751,0.0418815271730309
2013,UF,21,17,male,71965.68905656,4110.27996951101,72105.7667987775,2100.83960803257,3724.77490931755,4,140.077742217502,0.00194645176130267
2013,UF,21,18,combined,136636.61870368,5738.01849514713,136812.36420001,2039.57137768891,5446.62924834312,4,175.745496329997,0.00128622544964415
2013,UF,21,18,female,64694.44259437,3985.58082968701,66177.892622155,1971.18438668642,3821.10224727563,4,1483.45002778501,0.0229300998400457
2013,UF,21,18,male,71942.17610931,4121.97559377494,70634.471577855,1076.92868239397,3767.39676939096,4,-1307.70453145501,-0.0181771611893983
2013,UF,21,19,combined,121776.34376664,5709.31438109811,119894.738131828,2311.69453976112,5118.50896028529,4,-1881.6056348125,-0.015451323110983
2013,UF,21,19,female,62227.90494181,4051.28208141811,61031.75020306,2261.31395614673,3632.31269797017,4,-1196.15473875,-0.0192221598954446
2013,UF,21,19,male,59548.43882483,3879.75348667773,58862.9879287675,2268.65762454799,3496.07666355305,4,-685.450896062503,-0.0115108121991049
2013,UF,22,14,combined,53813.61563734,3594.00764824272,58430.3055714725,2694.52986853402,4414.38931173368,4,4616.68993413251,0.0857903688398349
2013,UF,22,14,female,25768.30862326,2838.0643586049,28211.7989164725,1767.83978136112,3025.14433281865,4,2443.4902932125,0.0948254046835989
2013,UF,22,14,male,28045.30701408,2964.32973119428,30218.506655,1121.47912945635,2969.06372174181,4,2173.19964092,0.077488887528632
2013,UF,22,15,combined,58455.0240577,4864.80533768942,62520.7226587475,4789.75743704206,4127.09495060267,4,4065.6986010475,0.0695525947784115
2013,UF,22,15,female,31358.22551889,3230.00302242959,33773.3324861425,3937.1313780971,2953.3758661844,4,2415.1069672525,0.0770166974466604
2013,UF,22,15,male,27096.79853881,3168.57582131542,28747.390172605,929.759811171518,2821.09433448433,4,1650.591633795,0.0609146365180707
2013,UF,22,16,combined,75732.84280049,5347.97535105535,69734.7665747125,4211.75473751475,4855.13248566404,4,-5998.07622577751,-0.0792004631541271
2013,UF,22,16,female,42611.38284773,3970.2674161155,36464.8108215675,5674.45185001161,3274.9964094868,4,-6146.5720261625,-0.144247185033328
2013,UF,22,16,male,33121.45995276,3543.44658485612,33269.955753145,2074.93754581012,3207.66854305482,4,148.495800384997,0.00448337122206544
2013,UF,22,17,combined,62684.78516134,4294.231013382,62825.5148138625,3317.13279695998,4307.34698306018,4,140.729652522503,0.00224503684842005
2013,UF,22,17,female,29859.37439228,3344.24769702567,31095.869300565,3293.91639140451,3058.7106108136,4,1236.494908285,0.0414106100161526
2013,UF,22,17,male,32825.41076906,2974.74948293482,31729.6455132975,474.74865021972,2870.40714905515,4,-1095.7652557625,-0.0333816159520942
2013,UF,22,18,combined,60938.6977099,4983.96572199901,60862.2148506475,4773.067071765,4470.34059925624,4,-76.4828592525009,-0.00125507866309515
2013,UF,22,18,female,36509.47358561,3891.11232856847,31204.671247245,2623.0262103922,3113.21518622343,4,-5304.802338365,-0.145299337880781
2013,UF,22,18,male,24429.22412429,2745.20473164634,29657.5436034025,2453.24775044707,2967.5969055961,4,5228.3194791125,0.214019055722444
2013,UF,22,19,combined,46925.45052151,4108.90798550099,54756.2515422625,2325.53263983724,4123.60887621317,4,7830.8010207525,0.166877481914915
2013,UF,22,19,female,23992.2689062,2841.99611794118,27496.16378598,1284.33362403887,2784.66989818864,4,3503.89487978,0.146042664554937
2013,UF,22,19,male,22933.18161531,3007.82777436535,27260.0877562825,1373.89647694151,3029.92956148475,4,4326.9061409725,0.188674481088306
2013,UF,23,14,combined,146443.67786695,7267.37899993208,161678.837827335,4488.24654417649,6990.68394901125,4,15235.159960385,0.104034262060987
2013,UF,23,14,female,76481.85672992,5450.52399320607,78938.62205553,2164.16327198419,4954.60539298547,4,2456.76532561,0.0321221977427348
2013,UF,23,14,male,69961.82113703,5052.71607281842,82740.215771805,3915.2024886599,4998.12985886576,4,12778.394634775,0.182648113315214
2013,UF,23,15,combined,160987.97388171,7959.64953672035,162573.846957848,5023.3678355238,7296.72015215257,4,1585.8730761375,0.00985087915512723
2013,UF,23,15,female,77898.21561683,5645.20422368538,80725.8763829925,4381.12927108468,5177.85184286403,4,2827.6607661625,0.0362994292458682
2013,UF,23,15,male,83089.75826488,5356.35141385154,81847.970574855,1380.06733536507,4988.56255885071,4,-1241.78769002501,-0.0149451354289219
2013,UF,23,16,combined,168834.95148331,7861.04166501734,171952.516416923,1880.79548939937,7538.79491406812,4,3117.56493361251,0.0184651632036077
2013,UF,23,16,female,75827.7023154,5654.64557780011,81932.9990614675,1505.74452709831,5371.97383681743,4,6105.2967460675,0.0805153863250787
2013,UF,23,16,male,93007.24916791,5929.86108143587,90019.517355455,1925.1367223938,5334.41231359796,4,-2987.73181245501,-0.032123644545826
2013,UF,23,17,combined,173966.34039863,8189.64017502393,174713.61239075,3621.07761638086,7742.34817045607,4,747.27199211999,0.00429549756813689
2013,UF,23,17,female,84923.22025756,5716.1783226621,87060.75446894,1379.25683827596,5516.49313529588,4,2137.53421138,0.0251701973252682
2013,UF,23,17,male,89043.12014107,5930.15647775172,87652.85792181,3044.90589626111,5281.97098101853,4,-1390.26221926,-0.015613359202344
2013,UF,23,18,combined,170098.5681428,8021.78893112472,172663.724762673,3151.80342750793,7645.13400894367,4,2565.15661987249,0.0150804127740747
2013,UF,23,18,female,85330.16543337,5660.1915899352,85906.2195195675,2323.40725366175,5308.28675711071,4,576.054086197502,0.00675088444129777
2013,UF,23,18,male,84768.40270943,5421.30943075937,86757.505243105,4371.14174705258,5346.45735340869,4,1989.102533675,0.0234651411386536
2013,UF,23,19,combined,166713.65133536,8191.27799082885,159726.79679736,5582.86708634714,7462.69169296544,4,-6986.85453799999,-0.0419093126569778
2013,UF,23,19,female,80930.61398441,5650.945641881,85470.8224452575,4138.22677145557,5462.61112458963,4,4540.2084608475,0.0561000125579437
2013,UF,23,19,male,85783.03735095,5886.81295780552,74255.9743521025,2241.54072325208,4884.93455796271,4,-11527.0629988475,-0.134374619444736
2013,UF,24,14,combined,53757.82706466,4045.06148435605,52352.2311869175,3155.52652927595,3956.1277125262,4,-1405.5958777425,-0.0261468134873057
2013,UF,24,14,female,25331.27532291,3127.28475104947,24454.9682155325,1405.8663917928,2743.8858369703,4,-876.307107377503,-0.0345938803398879
2013,UF,24,14,male,28426.55174175,2929.4684573412,27897.262971385,3470.05969557596,2824.4304999844,4,-529.288770365001,-0.0186195207626128
2013,UF,24,15,combined,60889.30111699,4823.895039628,54678.5845406875,2460.20227528459,4203.39927912619,4,-6210.7165763025,-0.102000129125632
2013,UF,24,15,female,33886.93402132,3649.7838844868,28217.23474633,1619.50341868689,2948.9087741269,4,-5669.69927499,-0.167312252900274
2013,UF,24,15,male,27002.36709567,3001.34748942003,26461.3497943575,1370.33863985892,2698.02858788049,4,-541.017301312502,-0.0200359212729634
2013,UF,24,16,combined,61976.98476305,4545.33874933888,60373.4261490075,4415.40184170783,4374.23729213842,4,-1603.5586140425,-0.0258734531886831
2013,UF,24,16,female,32549.54676553,3584.91617500888,33520.15295796,3106.64709067293,3454.89660361452,4,970.606192430001,0.0298193458551587
2013,UF,24,16,male,29427.43799752,3149.66764873382,26853.2731910475,2383.72675323403,2764.20218358006,4,-2574.1648064725,-0.0874749887057594
2013,UF,24,17,combined,55763.98767084,4802.75732226459,56131.67603502,3113.58735225432,4347.01961123427,4,367.688364180001,0.00659365263385338
2013,UF,24,17,female,26770.84047474,3079.05192574993,28193.1378997875,1133.3853769527,2957.76059140229,4,1422.2974250475,0.0531286055956864
2013,UF,24,17,male,28993.1471961,3438.34851852652,27938.5381352325,2334.99709295221,2902.1773398032,4,-1054.6090608675,-0.0363744250920563
2013,UF,24,18,combined,59433.11963441,4171.00560430815,61979.4759627225,2609.57889467919,4220.51992198487,4,2546.3563283125,0.0428440631078405
2013,UF,24,18,female,29022.04475078,2970.58361431957,31063.38600662,2678.38548739595,2984.44403653627,4,2041.34125584,0.070337609681521
2013,UF,24,18,male,30411.07488363,3251.84811711477,30916.0899561025,1332.22408508072,3073.66777930095,4,505.015072472499,0.016606288150122
2013,UF,24,19,combined,59713.38774778,4731.87635971725,57046.591320265,6270.39733328283,4125.07707395489,4,-2666.796427515,-0.0446599419007867
2013,UF,24,19,female,33374.81790979,3673.43849181878,30752.7156561925,3721.61894291128,3081.991050022,4,-2622.1022535975,-0.0785652901743127
2013,UF,24,19,male,26338.56983799,2996.37573398263,26293.8756640725,2969.28714887492,2798.53565531915,4,-44.6941739175018,-0.0016969096724848
2013,UF,25,14,combined,62062.29118085,5451.0692532268,62426.73298768,2297.59183334348,4275.51859666651,4,364.44180683,0.00587219388610733
2013,UF,25,14,female,28855.88572425,3545.1796402973,29494.98403664,2843.54408240201,2874.19997352495,4,639.098312389997,0.0221479360743694
2013,UF,25,14,male,33206.4054566,3936.82204917295,32931.74895104,2022.14865575003,3233.16157318808,4,-274.65650556,-0.00827119050627055
2013,UF,25,15,combined,70438.69794358,4750.96456448609,73874.58140086,3331.67992713486,4793.62988995546,4,3435.88345728,0.0487783499353164
2013,UF,25,15,female,36584.33450464,3682.08684335001,39225.82413797,2359.22502687049,3633.65237521989,4,2641.48963333,0.0722027520548441
2013,UF,25,15,male,33854.36343894,3290.47705054006,34648.75726289,4827.48655554463,3038.04360368779,4,794.393823949999,0.0234650350281367
2013,UF,25,16,combined,70664.01447037,4674.89814701252,70752.707792095,2829.17556598641,4643.22917737876,4,88.6933217249898,0.00125514128216109
2013,UF,25,16,female,36587.14554311,3411.75479925683,38625.10238377,2903.99527046466,3340.27917732424,4,2037.95684066001,0.0557014440565941
2013,UF,25,16,male,34076.86892726,3376.87550643131,32127.605408325,1449.80638599243,3217.76500010857,4,-1949.263518935,-0.0572019548831166
2013,UF,25,17,combined,70618.83304698,4936.19677967446,72233.9221846175,2681.02885244734,4783.06756174362,4,1615.08913763749,0.0228705158093314
2013,UF,25,17,female,39077.56296944,3774.72645700721,40330.7012296525,1202.38397195028,3657.13292547832,4,1253.1382602125,0.0320679736654125
2013,UF,25,17,male,31541.27007754,3003.37961215707,31903.220954965,2840.02244077732,2986.11653322463,4,361.950877424999,0.011475469330664
2013,UF,25,18,combined,73367.16671539,5709.06066637072,76161.44164846,4359.85221567821,4642.4258530175,4,2794.27493306999,0.0380861774846737
2013,UF,25,18,female,34803.49463922,3595.39619027228,39550.0095135175,2380.41974840632,3429.28999294717,4,4746.5148742975,0.136380410171473
2013,UF,25,18,male,38563.67207617,4273.32277558075,36611.4321349425,2058.13688466815,3283.31878745576,4,-1952.2399412275,-0.0506238082662741
2013,UF,25,19,combined,69160.18568912,5220.14441296284,68526.0708605625,1828.38065470229,4673.2650723708,4,-634.114828557504,-0.00916878435532107
2013,UF,25,19,female,34126.83824356,3000.50063579451,31619.41273953,1183.55647733293,2998.70168755565,4,-2507.42550403,-0.0734737125699938
2013,UF,25,19,male,35033.34744556,3885.87565222716,36906.6581210325,1159.72417821424,3553.67102810616,4,1873.3106754725,0.0534722146772737
2013,UF,26,14,combined,160965.95407847,10812.7832467517,161918.11013317,3500.14425741013,9381.91091332779,4,952.156054699997,0.0059152636354134
2013,UF,26,14,female,73808.82750339,7066.73188518115,77641.2708599125,4318.05722806777,6195.91048495491,4,3832.4433565225,0.051923915961766
2013,UF,26,14,male,87157.12657508,7452.19242572627,84276.8392732575,2296.52825274807,6555.71579674542,4,-2880.28730182249,-0.0330470658568731
2013,UF,26,15,combined,165294.081967,10100.6020205183,169807.538195038,6559.91892597903,9425.48511945529,4,4513.45622803751,0.0273056129676717
2013,UF,26,15,female,76571.46886202,6747.88151190628,85242.8671742025,5459.33185475723,6415.80411387132,4,8671.3983121825,0.113245813891962
2013,UF,26,15,male,88722.61310498,7832.4978558253,84564.671020835,4204.80153045398,6478.70224625368,4,-4157.94208414501,-0.046864513325652
2013,UF,26,16,combined,174712.55481591,9994.94875700177,176425.472825943,8474.06785100001,8840.34210693518,4,1712.9180100325,0.00980420675455956
2013,UF,26,16,female,86774.74413335,6664.42754810754,90053.7851481575,6185.12501996779,6557.407928778,4,3279.0410148075,0.0377879652375405
2013,UF,26,16,male,87937.81068256,7312.3348343137,86371.687677785,2925.35901216396,6132.4924197133,4,-1566.123004775,-0.0178094381997799
2013,UF,26,17,combined,168226.71438667,10100.5179224432,170029.025470833,9051.12392412045,9444.98303958736,4,1802.3110841625,0.0107135842885208
2013,UF,26,17,female,83784.66466167,6529.5518135898,75939.4514490825,5306.87524163187,5743.91892106464,4,-7845.21321258751,-0.093635431307951
2013,UF,26,17,male,84442.049725,6909.38182724212,94089.57402175,7852.88132224402,7172.50211514759,4,9647.52429674999,0.114250238218622
2013,UF,26,18,combined,165029.53321586,9463.49573196159,161639.780283998,11860.7026233528,8887.24862250284,4,-3389.75293186249,-0.0205402806746636
2013,UF,26,18,female,83311.35869785,7028.80098141789,80614.71779652,6325.9591557887,6187.50370538985,4,-2696.64090133,-0.0323682261756174
2013,UF,26,18,male,81718.17451801,6640.13371902097,81025.0624874775,5950.82064259364,6175.67869561196,4,-693.112030532502,-0.00848173658577929
2013,UF,26,19,combined,135557.23366593,8305.44258238586,145728.270875263,11690.0396854322,8375.58660279798,4,10171.0372093325,0.0750313128578459
2013,UF,26,19,female,61493.37640299,6002.07291291868,64597.886523165,6474.39177292991,5508.10457003618,4,3104.510120175,0.0504852766553253
2013,UF,26,19,male,74063.85726294,6039.64395584807,81130.3843520975,8265.06465996846,6237.08516866385,4,7066.52708915749,0.0954112754898796
2013,UF,27,14,combined,63343.90942451,3192.95483323456,61663.93421322,1505.05218468134,2784.36526157738,4,-1679.97521129,-0.0265214955400268
2013,UF,27,14,female,33412.91742715,2404.75823867431,31740.56638832,736.114951953312,2070.20780923338,4,-1672.35103883,-0.0500510331812904
2013,UF,27,14,male,29930.99199736,2296.27412116774,29923.3678249,1597.23318966257,1997.25686867583,4,-7.62417246000041,-0.000254725017489326
2013,UF,27,15,combined,56124.14452913,3092.33597871867,63683.352382525,3078.07217380305,2990.30415978129,4,7559.207853395,0.134687270813929
2013,UF,27,15,female,24944.46536294,2224.75079226763,31853.219015315,1821.71752086887,2213.50219551375,4,6908.753652375,0.276965392998133
2013,UF,27,15,male,31179.67916619,2191.5691127382,31830.13336721,1712.07765835275,2084.94017984656,4,650.454201020002,0.0208614783222442
2013,UF,27,16,combined,65692.55438324,3366.57478026659,65485.23710038,3030.88779785763,3097.86003061916,4,-207.31728286,-0.00315587184584943
2013,UF,27,16,female,33610.59932377,2558.64501596793,34125.1954688375,1337.09396931745,2335.17848214577,4,514.596145067495,0.0153105316602779
2013,UF,27,16,male,32081.95505947,2393.84175148729,31360.0416315425,1908.97906611104,2066.41490146718,4,-721.913427927502,-0.0225021644282369
2013,UF,27,17,combined,67185.98136542,3477.27955943449,66091.18334895,4746.24900419218,3093.59117113725,4,-1094.79801647,-0.0162950364677337
2013,UF,27,17,female,30667.517556,2251.53499790484,32328.67345132,3411.60258894866,2157.32004765245,4,1661.15589532,0.0541666240929566
2013,UF,27,17,male,36518.46380942,2526.33056333225,33762.50989763,2114.74739982902,2185.57145559819,4,-2755.95391179,-0.0754674108465399
2013,UF,27,18,combined,63163.29676967,3332.51546089618,65998.41259287,3616.311348535,3182.08509817634,4,2835.11582319999,0.0448854947128309
2013,UF,27,18,female,34555.92549075,2576.6231889026,34742.51425968,2354.05165897761,2290.93982533132,4,186.58876893,0.00539961717940231
2013,UF,27,18,male,28607.37127892,2176.76666444497,31255.89833319,1675.76144252856,2088.19283406228,4,2648.52705427,0.0925819792544738
2013,UF,27,19,combined,58247.65226998,3245.11812468789,57425.5040595425,1252.57331397677,2935.61178049028,4,-822.148210437496,-0.0141147012522807
2013,UF,27,19,female,29164.38342371,2388.77357420634,29232.374507475,1892.70655512679,2097.08474930176,4,67.9910837649986,0.00233130537262527
2013,UF,27,19,male,29083.26884627,2349.73843402795,28193.1295520675,1634.74647928716,2102.61024240422,4,-890.139294202498,-0.0306065765477618
2013,UF,28,14,combined,43016.0982348,3170.01923761231,40635.7514069025,1900.10994040172,2792.23426662581,4,-2380.34682789751,-0.0553361863482961
2013,UF,28,14,female,18690.87872699,1901.78230683971,20085.9963030825,2032.3124669814,1855.41761644108,4,1395.1175760925,0.074641625814945
2013,UF,28,14,male,24325.21950781,2219.85844164562,20549.75510382,1268.5096569654,1981.61796405358,4,-3775.46440399,-0.155207824652017
2013,UF,28,15,combined,43793.37859993,3257.98749948814,42785.878715615,5174.24534129345,2792.24233224735,4,-1007.499884315,-0.0230057583252235
2013,UF,28,15,female,18552.19548637,2181.4585330228,19057.180870575,2430.42945910997,1851.92228963352,4,504.985384205,0.0272197101726318
2013,UF,28,15,male,25241.18311356,2354.88308537984,23728.69784504,3278.56848901068,2055.51410231293,4,-1512.48526852,-0.0599213302211444
2013,UF,28,16,combined,41431.68321903,3139.77258118015,41327.3643321725,2821.48600034842,2733.78798715779,4,-104.318886857494,-0.00251785297512556
2013,UF,28,16,female,19356.74319637,1988.77112633812,20082.8834227275,1589.42241708537,1879.81759151917,4,726.1402263575,0.0375135537518354
2013,UF,28,16,male,22074.94002266,2062.94393187128,21244.480909445,1336.0789825334,1928.79348776428,4,-830.459113215002,-0.0376199940911519
2013,UF,28,17,combined,43986.0880153,3074.03091487459,42662.0472267875,1485.6898837464,2856.50295128637,4,-1324.0407885125,-0.0301013535927985
2013,UF,28,17,female,21792.15016442,2327.97346886476,21313.2537973925,1788.40415181733,2135.37389658699,4,-478.896367027501,-0.0219756363375925
2013,UF,28,17,male,22193.93785088,2080.22897728809,21348.793429395,1111.06237566007,2001.18042975558,4,-845.144421485002,-0.0380799670235848
2013,UF,28,18,combined,48308.68202321,3661.81503965676,44175.0110996925,2564.23856029329,3285.83065549951,4,-4133.6709235175,-0.0855678679358603
2013,UF,28,18,female,23170.80133737,2398.13216872205,22478.13102525,1965.16125037885,2209.27589718761,4,-692.670312120001,-0.0298941025834466
2013,UF,28,18,male,25137.88068584,2733.54716786539,21696.8800744425,1898.28018737452,2305.30512446976,4,-3441.0006113975,-0.136885072150724
2013,UF,28,19,combined,38540.5549123,3061.23723377754,42111.3214257225,1423.68478223272,2960.36861848613,4,3570.7665134225,0.092649587468262
2013,UF,28,19,female,19492.94417946,2120.36156374834,21373.79739553,2635.66635259284,2135.00197771534,4,1880.85321607,0.0964889243386786
2013,UF,28,19,male,19047.61073284,2175.20704918346,20737.5240301925,1570.69630088199,2031.36788808839,4,1689.9132973525,0.0887204868397967
2013,UF,29,14,combined,250658.08754123,14946.2307835345,277895.493285418,3023.0860244072,14595.4668248045,4,27237.4057441875,0.108663582377757
2013,UF,29,14,female,114622.52113191,9511.07762878762,130316.52593402,2844.64395335386,9878.51305913673,4,15694.00480211,0.136919033424932
2013,UF,29,14,male,136035.56640932,10622.5804237879,147578.967351398,4036.59090477965,10173.4116098306,4,11543.4009420775,0.0848557568198331
2013,UF,29,15,combined,253133.69151361,14282.7584705089,265499.85363677,6828.84879594908,13780.6194883469,4,12366.16212316,0.0488522963862165
2013,UF,29,15,female,125209.69340333,10095.2141267829,137028.080571615,6981.63671702459,9534.81358477027,4,11818.387168285,0.0943887557508441
2013,UF,29,15,male,127923.99811028,10544.0730769067,128471.773065155,5131.27864877251,9653.88410729583,4,547.774954875,0.0042820343560774
2013,UF,29,16,combined,269374.20238604,14766.4848938239,262960.592712175,5579.63693633873,13519.2248625241,4,-6413.60967386502,-0.0238092943461367
2013,UF,29,16,female,118199.11972408,10041.4056090053,125168.01896167,6319.28749836286,9275.06735798995,4,6968.89923759,0.0589589774768032
2013,UF,29,16,male,151175.08266196,11275.5942514219,137792.573750505,1576.6848046892,9475.95693469025,4,-13382.508911455,-0.0885232452055569
2013,UF,29,17,combined,231978.70536288,12899.1658273346,261661.06891493,6741.80165364811,14337.6997457839,4,29682.36355205,0.127952966655359
2013,UF,29,17,female,102696.7019209,8626.6663535837,119198.560205113,9146.47754516121,9317.75051302848,4,16501.8582842125,0.160685377188867
2013,UF,29,17,male,129282.00344198,10415.4769481529,142462.508709818,9728.20332729337,10391.6999117748,4,13180.5052678375,0.101951585811808
2013,UF,29,18,combined,273219.9485053,16441.321540149,256823.54013302,3896.84104208124,13548.6385700263,4,-16396.40837228,-0.0600117541269573
2013,UF,29,18,female,124985.46912776,10863.9575438022,123563.743834293,3670.04753702093,9362.33865508919,4,-1421.72529346751,-0.0113751246716066
2013,UF,29,18,male,148234.47937754,11643.084240299,133259.796298728,2246.06424271791,9533.47315097193,4,-14974.6830788125,-0.101020242670218
2013,UF,29,19,combined,258774.31424673,16265.8145718374,254473.194442278,7426.76466564826,14945.0731987348,4,-4301.11980445252,-0.0166211233791604
2013,UF,29,19,female,134205.40975523,10759.2921673106,124686.466918615,7291.1100616283,9721.05933384898,4,-9518.94283661501,-0.0709281604517739
2013,UF,29,19,male,124568.9044915,11078.3840505599,129786.727523663,7198.27040401684,10431.465780194,4,5217.8230321625,0.041887042785373
2013,UF,31,14,combined,327799.80914735,16766.9613532728,337322.174644948,12476.8135957338,14917.4420844468,4,9522.36549759749,0.0290493320370332
2013,UF,31,14,female,146258.74072039,10498.7172336395,156035.429264123,4445.76781217231,9552.04233041077,4,9776.68854373251,0.0668451573942038
2013,UF,31,14,male,181541.06842696,12676.389213826,181286.745380825,15797.2331855133,11058.8159771113,4,-254.323046134989,-0.0014009119167287
2013,UF,31,15,combined,365892.66292029,16730.2681543612,360459.34547465,8867.03904333507,15099.0427565542,4,-5433.31744563999,-0.0148494845517677
2013,UF,31,15,female,171663.63146923,11376.2541060833,172248.977542138,11611.3770760908,10292.1650763755,4,585.346072907501,0.00340984323760168
2013,UF,31,15,male,194229.03145106,11913.6844564813,188210.367932513,10199.8901286844,10710.4389874259,4,-6018.66351854749,-0.0309874557556243
2013,UF,31,16,combined,337399.24875733,15350.76012064,361060.98249874,3889.49379502662,14443.9637083924,4,23661.73374141,0.0701297760103442
2013,UF,31,16,female,168265.51087619,10988.3654371834,184110.777768695,4254.66575487843,10290.2247203367,4,15845.266892505,0.0941682392903675
2013,UF,31,16,male,169133.73788114,10709.8689982881,176950.204730045,4561.70074802471,10321.9501667949,4,7816.46684890499,0.0462147111914364
2013,UF,31,17,combined,386013.77078299,18311.0090436761,369087.313982675,15279.3227323743,15210.1456345104,4,-16926.456800315,-0.0438493600007621
2013,UF,31,17,female,188987.89106982,13173.1141292996,185111.672933078,9402.66084690676,10970.5317833193,4,-3876.21813674251,-0.0205104047396903
2013,UF,31,17,male,197025.87971317,12696.4324433922,183975.641049598,7004.61692443091,10542.0402746361,4,-13050.2386635725,-0.0662361649270188
2013,UF,31,18,combined,341294.1981204,16158.6890922592,344334.193840235,5413.46812461124,15277.0346752237,4,3039.99571983499,0.00890725871279697
2013,UF,31,18,female,170023.85851007,11781.9656988035,174335.385134903,4123.68154945664,10875.1234618522,4,4311.52662483251,0.0253583624240427
2013,UF,31,18,male,171270.33961033,10769.01461237,169998.808705333,3534.38390936214,10078.3698431371,4,-1271.53090499752,-0.00742411621236038
2013,UF,31,19,combined,350271.52864114,17233.866758706,332610.301656385,4688.79742881899,14746.26396205,4,-17661.226984755,-0.0504215316993384
2013,UF,31,19,female,178711.03357312,11912.0498513333,167999.824134693,6931.40534157159,10540.4176927086,4,-10711.2094384275,-0.0599359156749826
2013,UF,31,19,male,171560.49506802,11640.6054272852,164610.477521693,7014.54510140799,10075.0849030917,4,-6950.01754632749,-0.0405105939078339
2013,UF,32,14,combined,64195.34833454,4025.02388607773,63160.4725701025,2509.41531806504,3438.6513716695,4,-1034.8757644375,-0.0161207282347698
2013,UF,32,14,female,33453.31267335,2739.28983054328,30720.6875281925,2283.74228168556,2327.88913197172,4,-2732.6251451575,-0.0816847399191769
2013,UF,32,14,male,30742.03566119,2772.96927033778,32439.78504191,2810.317420777,2439.2650360695,4,1697.74938072,0.0552256655815187
2013,UF,32,15,combined,67321.59676879,4013.1416391484,64758.501302695,983.394660853528,3526.63332166928,4,-2563.09546609499,-0.038072410476206
2013,UF,32,15,female,33265.61007629,2816.68554090589,32625.398180995,1218.62355694927,2498.95319580212,4,-640.211895295001,-0.0192454578114384
2013,UF,32,15,male,34055.9866925,2890.95699593329,32133.1031217,2108.86528745439,2467.77775472604,4,-1922.8835708,-0.0564624243062519
2013,UF,32,16,combined,65214.93560813,3902.74458605247,62171.4844552675,2908.27826990664,3381.44317761083,4,-3043.4511528625,-0.0466680082481457
2013,UF,32,16,female,28654.36015802,2606.04916639479,30444.513664705,1391.61105580447,2310.26675902103,4,1790.153506685,0.0624740352537224
2013,UF,32,16,male,36560.57545011,2813.12383913549,31726.9707905625,2120.39034611712,2401.88719506666,4,-4833.6046595475,-0.132208112154672
2013,UF,32,17,combined,65844.21970446,4094.42822501893,65337.0481825525,3324.14392428769,3543.49579024217,4,-507.171521907505,-0.00770259749730395
2013,UF,32,17,female,32589.73607982,2653.71850742783,33399.6727806725,1508.56867797797,2503.05736197039,4,809.936700852504,0.0248525087428992
2013,UF,32,17,male,33254.48362464,2881.24096575248,31937.37540188,1885.19776921786,2521.23357339009,4,-1317.10822276,-0.0396069365450645
2013,UF,32,18,combined,64886.42265375,4157.5019008439,66653.0254274075,1358.20203657615,3622.93903411145,4,1766.6027736575,0.0272260775275673
2013,UF,32,18,female,32515.66659591,2922.13192207614,32721.099214745,544.890069544742,2545.47285022964,4,205.432618834999,0.00631795809041907
2013,UF,32,18,male,32370.75605784,2675.57843648247,33931.9262126625,1140.37377195017,2534.08433225545,4,1561.1701548225,0.0482277940012584
2013,UF,32,19,combined,57657.63506532,3724.16309982926,63363.87845571,3361.26914052821,3490.27928338466,4,5706.24339039,0.0989676975811691
2013,UF,32,19,female,31160.20092705,2761.48429207857,32242.4321650425,2012.17627451004,2508.46257479744,4,1082.2312379925,0.0347312021679881
2013,UF,32,19,male,26497.43413827,2426.84667792464,31121.4462906675,2424.98610418307,2475.11680787895,4,4624.0121523975,0.174507921343187
2013,UF,33,14,combined,274235.7514172,13558.0095874928,268506.82669655,16837.6291099772,11378.7991418291,4,-5728.92472065002,-0.0208905100485403
2013,UF,33,14,female,140245.10726296,9342.43336260481,132466.502895663,8883.66744275421,7919.29189142982,4,-7778.60436729749,-0.0554643546509796
2013,UF,33,14,male,133990.64415424,9319.84130615654,136040.323800888,8642.25893533807,8222.05947799167,4,2049.67964664751,0.0152971848115609
2013,UF,33,15,combined,266025.00821007,13165.1494511165,263516.021812995,3497.43560822617,11044.8579101365,4,-2508.986397075,-0.00943139298803723
2013,UF,33,15,female,125509.57489301,8547.58965094338,129159.543917528,2507.2539386935,7573.25941004926,4,3649.9690245175,0.0290811998019187
2013,UF,33,15,male,140515.43331706,9881.22655595921,134356.477895468,1300.19769562826,8016.38661484932,4,-6158.95542159252,-0.0438311669843085
2013,UF,33,16,combined,280893.13899192,14390.6323813315,268638.82458628,8322.31451624864,11436.2726540103,4,-12254.31440564,-0.0436262503584771
2013,UF,33,16,female,140348.08875562,10173.9694182342,132212.395518153,7405.1883407421,8133.30429718756,4,-8135.69323746749,-0.0579679660022568
2013,UF,33,16,male,140545.0502363,9527.11723043378,136426.429068128,1603.74333349078,7856.42033990687,4,-4118.62116817251,-0.0293046333630948
2013,UF,33,17,combined,252201.10793282,12612.2345109895,257177.855556803,9622.38983646633,11368.1278651285,4,4976.74762398249,0.0197332504395983
2013,UF,33,17,female,124193.51006257,9020.52766020289,130095.24401501,8811.37707188168,8180.49405405652,4,5901.73395244,0.0475204698656689
2013,UF,33,17,male,128007.59787025,8577.23201755356,127082.611541793,2076.62546649724,7550.54133975508,4,-924.986328457497,-0.00722602676596645
2013,UF,33,18,combined,258837.49408782,12182.4448335744,266856.995924463,5883.77012785744,10957.7028273467,4,8019.50183664251,0.0309827672567468
2013,UF,33,18,female,132871.42840833,9068.85205448995,134068.747103298,5160.94890666722,7863.93011909294,4,1197.31869496751,0.0090111072734765
2013,UF,33,18,male,125966.06567949,8471.43048132409,132788.248821165,5974.59721275534,7889.11306158542,4,6822.18314167501,0.0541588967224989
2013,UF,33,19,combined,235930.17618666,12241.3515559093,253884.582568443,11712.3933496965,10879.2214111062,4,17954.4063817825,0.0761005085147632
2013,UF,33,19,female,117569.43582095,8265.53024982629,128688.1146063,9545.10934161703,7618.72655283871,4,11118.67878535,0.0945711673081681
2013,UF,33,19,male,118360.74036571,8535.6281835152,125196.467962143,10573.5301565808,7899.13004576387,4,6835.72759643251,0.0577533359060744
2013,UF,35,14,combined,719283.63755011,34776.9622412229,702740.644100278,38099.1987116952,30628.6115105371,4,-16542.9934498325,-0.0229992628584993
2013,UF,35,14,female,348796.50405531,24312.7387807106,334540.918832598,35295.9151715444,20766.5116724135,4,-14255.5852227125,-0.0408707801166835
2013,UF,35,14,male,370487.1334948,23811.3513068405,368199.72526768,3486.91514028088,22268.0795248129,4,-2287.40822712,-0.00617405577770789
2013,UF,35,15,combined,717301.88274287,34907.0750849352,697125.365991518,25315.8845731316,29843.2219950368,4,-20176.5167513526,-0.0281283476828475
2013,UF,35,15,female,374114.08636941,24735.0917726611,348227.20289106,19890.7157340331,21027.9197651545,4,-25886.88347835,-0.0691951584330044
2013,UF,35,15,male,343187.79637346,23300.2537470533,348898.163100458,12195.3262032564,21179.1638932198,4,5710.36672699754,0.0166391893515452
2013,UF,35,16,combined,636538.03702137,31938.3027883849,662936.170790793,12223.6495560409,28427.9945307636,4,26398.1337694224,0.0414714160570049
2013,UF,35,16,female,323103.46147911,22784.2810776296,338560.142226208,7020.00767748697,20771.3625990504,4,15456.6807470975,0.0478381775185557
2013,UF,35,16,male,313434.57554226,22227.6610113313,324376.028564585,15261.1975956996,19813.914267615,4,10941.453022325,0.0349082515973091
2013,UF,35,17,combined,686271.67440993,32972.8804534843,666300.120493548,14615.6958371888,29186.4601117455,4,-19971.5539163825,-0.029101527370417
2013,UF,35,17,female,373622.0776805,24448.8293578903,341766.82479642,12918.8525036768,21343.3176747711,4,-31855.25288408,-0.0852606277494147
2013,UF,35,17,male,312649.59672943,22488.0131387388,324533.295697128,18613.4687769686,19929.4278949106,4,11883.6989676975,0.0380096411190375
2013,UF,35,18,combined,687772.55541169,34479.8090164951,664061.848117818,25704.7496610342,29258.0715478901,4,-23710.7072938725,-0.0344746342483521
2013,UF,35,18,female,358158.83332304,25833.8807502211,329086.80339168,12716.4285560328,20729.0405364092,4,-29072.02993136,-0.0811707746019448
2013,UF,35,18,male,329613.72208865,22606.1975411439,334975.044726138,21065.1330763494,20305.4932562863,4,5361.32263748755,0.0162654716057168
2013,UF,35,19,combined,688617.51725753,33258.0670851587,661297.052613173,29957.30489321,30262.037706388,4,-27320.4646443576,-0.0396743677871619
2013,UF,35,19,female,346417.37776887,24142.2308906976,324841.91231858,21173.8700123443,21359.736348014,4,-21575.46545029,-0.0622817065045888
2013,UF,35,19,male,342200.13948866,23567.2072227006,336455.140294593,10144.5385880045,20910.9237582988,4,-5744.9991940675,-0.0167884186214888
2013,UF,41,14,combined,173722.36919792,9434.90274268906,175291.58785845,6092.90958298184,8511.55460956176,4,1569.21866053002,0.00903291077467536
2013,UF,41,14,female,86744.92960755,6220.44849265853,85082.4331252525,7317.59819040285,5952.25878234594,4,-1662.4964822975,-0.0191653447621543
2013,UF,41,14,male,86977.43959037,6860.15352751935,90209.1547331975,2615.68728484383,6139.64965938311,4,3231.7151428275,0.0371557861216382
2013,UF,41,15,combined,188245.72782515,9788.93981058967,189227.44071359,7886.86507658529,8976.29806957639,4,981.712888440001,0.00521506065386968
2013,UF,41,15,female,89218.34820094,6730.08052148439,88878.940804015,3240.13115958085,6112.80095407017,4,-339.407396925002,-0.0038042331400328
2013,UF,41,15,male,99027.37962421,6800.715040352,100348.499909575,7080.9438378037,6380.57684067554,4,1321.12028536499,0.01334095974647
2013,UF,41,16,combined,188485.78154632,9570.54984532648,180494.825616658,10515.4823843509,8865.39997889229,4,-7990.95592966251,-0.0423955370219729
2013,UF,41,16,female,99948.79864836,7221.56560705856,90774.123232725,5832.42075261034,6339.14550764889,4,-9174.67541563499,-0.0917937537990161
2013,UF,41,16,male,88536.98289796,6341.08377642387,89720.7023839325,6001.31091670538,6017.36470911513,4,1183.7194859725,0.0133697743838499
2013,UF,41,17,combined,186572.33471152,9749.95910248115,183177.30031689,3666.23370224243,8636.64326773379,4,-3395.03439463,-0.0181968800459052
2013,UF,41,17,female,95844.19298169,6859.21719604754,94328.6308435425,3014.89681806095,6436.7888998524,4,-1515.56213814749,-0.0158127695690132
2013,UF,41,17,male,90728.14172983,6658.66102975775,88848.6694733475,2405.11673122493,5906.78143285756,4,-1879.47225648249,-0.0207154276572662
2013,UF,41,18,combined,184491.52032877,10266.9209473028,189478.612308963,7892.49169028059,9131.64263782452,4,4987.09198019249,0.0270315512133313
2013,UF,41,18,female,94265.17217522,7283.62232192998,96931.3258169575,7799.42554349024,6400.24703650164,4,2666.1536417375,0.0282835492707918
2013,UF,41,18,male,90226.34815355,6890.10778657754,92547.286492005,2286.91013734665,6258.20183703028,4,2320.93833845499,0.0257235096615585
2013,UF,41,19,combined,167973.83505993,9947.13866009302,169303.653182275,4570.18302547421,8661.95495406098,4,1329.81812234502,0.00791681705588592
2013,UF,41,19,female,82725.41892418,6393.76338138974,86454.513288775,5428.80063248089,6187.43912533729,4,3729.09436459499,0.0450779749814601
2013,UF,41,19,male,85248.41613575,7468.59452344105,82849.1398935,6407.76374329886,6098.04521708586,4,-2399.27624224999,-0.0281445257402715
2013,UF,42,14,combined,113355.71973589,5413.93676266827,112903.401135098,3347.50135472467,4879.34986620537,4,-452.318600792496,-0.00399025829350617
2013,UF,42,14,female,51937.40910695,3658.53319524711,55215.7518440875,2228.2918645602,3381.57727771592,4,3278.3427371375,0.0631210295913434
2013,UF,42,14,male,61418.31062894,4030.73886557419,57687.64929101,1323.34376246093,3540.54781235805,4,-3730.66133793,-0.060741842289816
2013,UF,42,15,combined,105073.29391779,5441.19106242366,106531.433739998,4751.73142950438,5005.78504949059,4,1458.13982220751,0.0138773590113998
2013,UF,42,15,female,53719.25764472,3901.62912739276,53664.7654677125,2229.26561961562,3495.86261490239,4,-54.4921770075016,-0.00101438812442073
2013,UF,42,15,male,51354.03627307,3731.15618082221,52866.668272285,3362.56260617148,3536.17287633202,4,1512.631999215,0.0294549778165777
2013,UF,42,16,combined,106677.77327682,5403.11866999198,107626.944214958,3731.89954155266,4941.32808063309,4,949.170938137511,0.00889755109224572
2013,UF,42,16,female,51692.83972103,3802.13542047938,54339.030775795,3119.12643302611,3551.18560483377,4,2646.191054765,0.0511906691341713
2013,UF,42,16,male,54984.93355579,3658.34015063738,53287.9134391625,1303.79544882879,3355.35204967177,4,-1697.0201166275,-0.0308633657782933
2013,UF,42,17,combined,112833.04787907,5587.0980512168,106735.122546523,2953.75406423501,4769.91324960991,4,-6097.9253325475,-0.0540437881203299
2013,UF,42,17,female,56357.14328862,3844.5480907603,53466.356501975,2678.11124550699,3515.88512458185,4,-2890.786786645,-0.05129406172773
2013,UF,42,17,male,56475.90459045,3981.45476747928,53268.7660445475,1487.98711882563,3346.87465983989,4,-3207.1385459025,-0.0567877322047325
2013,UF,42,18,combined,114036.7753746,5880.25340109861,113967.60222966,4360.72555371615,5069.79618968689,4,-69.1731449399958,-0.000606586293875538
2013,UF,42,18,female,59987.3215102,4101.97584165771,59366.392716285,2462.15475728804,3655.32421574492,4,-620.928793915002,-0.0103510004828174
2013,UF,42,18,male,54049.4538644,3910.62971455763,54601.209513375,2338.32188481427,3400.17134623856,4,551.755648974999,0.0102083482722925
2013,UF,42,19,combined,106456.96530667,5200.89569150953,101286.745328997,3992.12795416138,4788.47819601663,4,-5170.2199776725,-0.0485662912030103
2013,UF,42,19,female,48162.31283516,3659.53877693166,49049.2634905575,1632.40186873667,3291.34594738974,4,886.950655397494,0.0184158650859057
2013,UF,42,19,male,58294.65247151,3850.55127199078,52237.48183844,2531.4726690436,3448.15755064615,4,-6057.17063307,-0.103906111045611
2013,UF,43,14,combined,156024.72943891,9368.03472237064,166905.406669218,6317.14102112058,8935.75374570688,4,10880.6772303075,0.0697368761313426
2013,UF,43,14,female,72178.75936188,6564.51507327684,82178.7950756125,4145.66188009729,6211.37507680141,4,10000.0357137325,0.138545408678967
2013,UF,43,14,male,83845.97007703,6524.1404632296,84726.611593605,2580.27067513463,6172.71413337388,4,880.641516575008,0.0105030869792067
2013,UF,43,15,combined,182011.72908043,9936.44870351219,166816.567297805,9095.41850742823,8569.63034361,4,-15195.161782625,-0.08348451970318
2013,UF,43,15,female,96258.81959259,7317.14055438982,78461.40715093,4171.15807719641,5810.30011194669,4,-17797.41244166,-0.184891239233834
2013,UF,43,15,male,85752.90948784,6891.00854990493,88355.160146875,6058.38461931211,6448.42041540341,4,2602.25065903498,0.0303459168275099
2013,UF,43,16,combined,161358.70459853,9053.45453453449,174371.411956758,7414.12442501355,8560.62771087631,4,13012.7073582275,0.0806445948522199
2013,UF,43,16,female,71662.31273696,6365.30765460661,87035.6098038275,8934.0562327776,6148.69696522999,4,15373.2970668675,0.214524154743595
2013,UF,43,16,male,89696.39186157,6617.3790113539,87335.80215293,5273.54577114642,5951.71281745235,4,-2360.58970863999,-0.0263175548051379
2013,UF,43,17,combined,161835.26286457,9086.96703200254,173301.015215393,2033.75569954661,8896.85184900013,4,11465.7523508225,0.0708482944191064
2013,UF,43,17,female,79997.79882709,6444.51933788651,88000.0093039,4849.71467073196,6412.90613494541,4,8002.21047681001,0.100030383262248
2013,UF,43,17,male,81837.46403748,6442.32747280605,85301.0059114925,3406.32934103811,6030.23479291329,4,3463.5418740125,0.0423222043198487
2013,UF,43,18,combined,173015.92676716,10039.7677984505,177949.42014257,5424.06764113344,9059.77911240622,4,4933.49337540998,0.028514677622999
2013,UF,43,18,female,83064.39008028,7028.80249521828,89604.7817983425,6982.12388840185,6588.38960160876,4,6540.3917180625,0.0787388158962143
2013,UF,43,18,male,89951.53668688,6823.12343919178,88344.6383442275,2079.20710771077,6115.89597203886,4,-1606.89834265249,-0.017864045483137
2013,UF,43,19,combined,172071.86051188,10076.0488916313,166982.460724218,1220.47644103743,8717.92695079626,4,-5089.39978766249,-0.0295771764919757
2013,UF,43,19,female,90413.96605847,7659.47997907986,85289.3426348,5247.54588040331,6362.31133479164,4,-5124.62342367,-0.0566795556823151
2013,UF,43,19,male,81657.89445341,6515.85509448723,81693.1180894175,5003.67249964962,5962.13812970954,4,35.223636007504,0.000431356162723505
2013,UF,50,14,combined,43466.78732142,3632.45250553398,41724.9501940325,1856.41613975234,2936.94776731418,4,-1741.8371273875,-0.0400728288131187
2013,UF,50,14,female,23502.6438282,2607.21319466297,21114.103229945,1552.58811424365,2164.72194140568,4,-2388.540598255,-0.101628591902885
2013,UF,50,14,male,19964.14349322,2423.62091929218,20610.8469640875,1251.72906729755,2102.63303723163,4,646.703470867502,0.0323932489809607
2013,UF,50,15,combined,41780.32029068,3420.60387887836,43354.48091142,2294.0766358125,3109.97328443021,4,1574.16062074,0.0376770836074982
2013,UF,50,15,female,22924.38552433,2568.40738917921,22975.6191523525,725.075327894494,2343.54729782185,4,51.2336280225027,0.00223489645853878
2013,UF,50,15,male,18855.93476635,2382.29170992408,20378.8617590675,1973.67650540516,2131.99328281959,4,1522.9269927175,0.0807664542537182
2013,UF,50,16,combined,46064.93634503,3523.2840120695,44684.5937532425,2080.03174992372,3321.97235375411,4,-1380.3425917875,-0.0299651470578104
2013,UF,50,16,female,25990.37843796,2645.00511385024,22894.966835895,1921.99591660516,2310.81780241712,4,-3095.411602065,-0.119098365937759
2013,UF,50,16,male,20074.55790707,2306.4014583611,21789.6269173475,400.753178768547,2443.2022051722,4,1715.0690102775,0.0854349579311769
2013,UF,50,17,combined,44161.67334643,3522.87268319455,44286.385292185,1187.06752097537,3268.0137621695,4,124.711945755,0.00282398596576462
2013,UF,50,17,female,21459.94024104,2430.25787916969,20782.8267171675,1479.75334002841,2192.77399375534,4,-677.1135238725,-0.0315524421907563
2013,UF,50,17,male,22701.73310539,2395.96505364845,23503.5585750175,1589.3985734421,2328.62414891906,4,801.8254696275,0.0353200112918747
2013,UF,50,18,combined,41120.82030499,3368.55345947471,43089.8543589775,475.673536078699,3085.87278567329,4,1969.0340539875,0.0478841141636603
2013,UF,50,18,female,21274.06166205,2274.65183249311,21342.184556055,1440.87850153259,2151.91960993872,4,68.1228940049987,0.00320215740121317
2013,UF,50,18,male,19846.75864294,2393.70739705314,21747.6698029225,1498.42199705704,2181.2977531355,4,1900.9111599825,0.0957794264636107
2013,UF,50,19,combined,41270.70155949,3431.7151554118,41410.42028552,3568.38623992445,3099.62257334323,4,139.718726029998,0.0033854216369111
2013,UF,50,19,female,20904.07757586,2514.50765191379,21186.6802763875,2367.53376096736,2164.39161500317,4,282.602700527503,0.0135190227601266
2013,UF,50,19,male,20366.62398363,2258.07121309206,20223.7400091325,2229.44101144027,2085.79136156549,4,-142.883974497501,-0.00701559446535403
2013,UF,51,14,combined,55348.93432317,4467.07660148353,54548.2385813525,2728.97825386416,3734.98199589375,4,-800.695741817494,-0.0144663262555772
2013,UF,51,14,female,30934.5635118,3285.01011590206,28971.120301355,1967.56523435594,2809.37171089313,4,-1963.443210445,-0.0634708554945682
2013,UF,51,14,male,24414.37081137,2702.04169933972,25577.1182799975,2537.59737556284,2525.06609579163,4,1162.7474686275,0.047625534879072
2013,UF,51,15,combined,52710.10186681,3937.77126206762,54055.2314208825,4711.82144843026,3687.05900320264,4,1345.1295540725,0.0255193882468948
2013,UF,51,15,female,26986.52445431,2956.65248746462,27214.4771416225,4314.23136233768,2618.30509522635,4,227.952687312496,0.00844690792615534
2013,UF,51,15,male,25723.5774125,2604.79731531069,26840.75427926,2706.73641503731,2548.34918704095,4,1117.17686676,0.0434300738519023
2013,UF,51,16,combined,65834.46997989,4282.50560251667,59673.650837635,3383.81208744221,3806.58349379106,4,-6160.81914225499,-0.0935804472054973
2013,UF,51,16,female,33922.87348415,3300.85757453374,30601.2144060425,3103.42212829181,2831.32109378108,4,-3321.6590781075,-0.0979179750105632
2013,UF,51,16,male,31911.59649574,2909.3810209924,29072.4364315925,2529.96825872471,2624.57800811407,4,-2839.1600641475,-0.0889695401020288
2013,UF,51,17,combined,57603.31967523,4403.06647091191,57661.622819915,3193.93461760326,3733.79603192324,4,58.303144685,0.00101214903956431
2013,UF,51,17,female,27388.91956845,2912.45135009611,28801.19565803,3382.46170037358,2625.47910085561,4,1412.27608958,0.0515637751263046
2013,UF,51,17,male,30214.40010678,3299.63967445718,28860.427161885,848.027900149182,2709.22471287526,4,-1353.972944895,-0.0448121736691762
2013,UF,51,18,combined,58111.95360529,4254.88510418291,60035.16743457,2577.75811505924,3871.23375609624,4,1923.21382928,0.0330949780546515
2013,UF,51,18,female,32940.61636841,3287.58862153934,32209.050632215,1397.1079206614,2879.41648233451,4,-731.565736195003,-0.0222086231785442
2013,UF,51,18,male,25171.33723688,2748.53408198115,27826.116802355,1320.48072929859,2612.65870358598,4,2654.779565475,0.105468356348797
2013,UF,51,19,combined,58091.70528759,4527.54052100297,53904.71719662,2481.22053739978,3690.66222302056,4,-4186.98809097,-0.0720754894393582
2013,UF,51,19,female,28008.08114594,3081.08226864776,26283.42610789,2397.07791146925,2724.40638596335,4,-1724.65503805,-0.0615770508898287
2013,UF,51,19,male,30083.62414165,2850.32251075947,27621.29108873,469.839412995096,2541.15438017013,4,-2462.33305292,-0.0818496149707896
2013,UF,52,14,combined,110922.48513133,7445.67773042884,110329.122161515,1731.9061271142,6938.11619362906,4,-593.362969815003,-0.00534934796234031
2013,UF,52,14,female,53329.06016536,5363.03942955284,52865.6790783325,1427.53728782836,4670.08283157835,4,-463.381087027505,-0.00868909156828709
2013,UF,52,14,male,57593.42496597,5126.72798698747,57463.4430831825,2609.20960516209,4973.39184641543,4,-129.981882787499,-0.00225688753298316
2013,UF,52,15,combined,105893.25176217,7606.34882496619,107590.413085688,3910.94224152556,6782.54408563281,4,1697.1613235175,0.0160270961111783
2013,UF,52,15,female,48642.67818042,5325.55928322676,51437.50495889,1198.63798667534,4725.89541626817,4,2794.82677847,0.0574562685077442
2013,UF,52,15,male,57250.57358175,5299.4634972637,56152.9081267975,4611.77668897486,4830.19925952629,4,-1097.6654549525,-0.0191730036273805
2013,UF,52,16,combined,104223.44945637,7278.72477000865,106896.491160435,3367.54102776691,6699.67826410101,4,2673.04170406499,0.0256472196804806
2013,UF,52,16,female,52411.32592392,5192.62880948536,54600.2685324175,5630.26783303549,4945.43678730317,4,2188.94260849751,0.0417646867334546
2013,UF,52,16,male,51812.12353245,5473.49887327935,52296.2226280175,7540.4734106075,4726.79188895122,4,484.099095567501,0.00934335561954547
2013,UF,52,17,combined,121534.34566625,8527.59822326359,116309.43308217,7654.36225691286,7283.4389773704,4,-5224.91258408,-0.0429912429728163
2013,UF,52,17,female,62846.24453433,6148.79656975275,59109.5785251275,5901.40099442778,5123.31997088103,4,-3736.6660092025,-0.0594572680816485
2013,UF,52,17,male,58688.10113192,5018.43081982389,57199.8545570425,2042.55388410159,4909.46817548966,4,-1488.2465748775,-0.025358574330633
2013,UF,52,18,combined,117766.45820938,8259.3880869908,114569.61516314,6206.50887059316,7302.25500031815,4,-3196.84304624,-0.0271456159491207
2013,UF,52,18,female,54516.02808944,5767.38726321871,52250.4211717525,1092.41123837075,5105.82608733321,4,-2265.6069176875,-0.0415585470381389
2013,UF,52,18,male,63250.43011994,5781.68422555773,62319.1939913875,6024.92432169279,5176.32315994669,4,-931.236128552504,-0.0147230007256334
2013,UF,52,19,combined,102920.84794289,7814.62096308905,98001.609003635,6879.90056801189,6587.76107750255,4,-4919.238939255,-0.0477963312348985
2013,UF,52,19,female,57025.85467806,5546.20682912026,52400.4939292125,2818.19733437373,4597.28315664004,4,-4625.3607488475,-0.0811098891013562
2013,UF,52,19,male,45894.99326483,4605.61456910846,45601.1150744225,7486.20831441433,4352.96733363522,4,-293.8781904075,-0.00640327341833828
2013,UF,53,14,combined,40110.04911962,3835.04912533375,43157.108266815,2518.42311470159,3440.63678517151,4,3047.059147195,0.0759674748367365
2013,UF,53,14,female,17673.14259571,2464.56009691665,19278.9203701025,911.575464899879,2270.30569859435,4,1605.7777743925,0.0908597758263031
2013,UF,53,14,male,22436.90652391,2996.1747704897,23878.1878967125,1801.17683144539,2545.50884391651,4,1441.2813728025,0.0642370806005095
2013,UF,53,15,combined,42017.19451497,4043.96001494845,44297.355292905,2167.89584902787,3760.11760976849,4,2280.160777935,0.0542673256569431
2013,UF,53,15,female,21251.62299291,3261.92098416799,22537.3671929,1296.63951473262,2704.84046044093,4,1285.74419999,0.0605009885795053
2013,UF,53,15,male,20765.57152206,2821.51629229549,21759.988100005,2328.40805475374,2617.85746675151,4,994.416577945001,0.0478877538664706
2013,UF,53,16,combined,43284.28042992,4108.06349350643,41437.0699764325,2753.18998540095,3513.54718397476,4,-1847.2104534875,-0.0426762426252703
2013,UF,53,16,female,21125.78288664,2979.79534776765,19615.12239543,2138.42428536766,2365.00784521523,4,-1510.66049121,-0.0715079057337727
2013,UF,53,16,male,22158.49754328,3112.10101573531,21821.9475810025,1975.559945362,2521.85164725882,4,-336.549962277499,-0.0151883024388341
2013,UF,53,17,combined,50869.74160804,5174.58668675123,44319.8550883,1164.99868552855,3787.30480198346,4,-6549.88651974,-0.128758006482675
2013,UF,53,17,female,23695.58705013,3858.86645409719,20015.28544116,1518.27666331282,2602.00357872534,4,-3680.30160897,-0.155315907606932
2013,UF,53,17,male,27174.15455791,3382.25147120504,24304.56964714,996.270535260458,2699.883211827,4,-2869.58491077,-0.105599786173833
2013,UF,53,18,combined,38543.73080445,4075.63575687838,45100.295271255,6537.70152887636,3699.72649004345,4,6556.564466805,0.170107156986682
2013,UF,53,18,female,20018.22001574,2907.75665583382,22636.3711572525,3881.10221640472,2641.69487887399,4,2618.1511415125,0.130788408732339
2013,UF,53,18,male,18525.51078871,2531.28916973021,22463.9241140025,2717.19794787303,2500.93582513342,4,3938.4133252925,0.212594047754553
2013,UF,53,19,combined,56943.26391452,4749.34339553975,49159.93674173,4757.48280356272,4082.62962046904,4,-7783.32717279,-0.136685652309532
2013,UF,53,19,female,30785.63070748,3565.94965191513,24889.5729565275,2191.77973802599,2840.52935156661,4,-5896.0577509525,-0.191519797238389
2013,UF,53,19,male,26157.63320704,3416.42679595191,24270.3637852025,2705.038205053,2764.1100739243,4,-1887.2694218375,-0.072149854189773
2014,Brazil,Brazil,14,combined,3494223.31810632,53209.8794703439,3561422.39969822,30030.6746866289,50217.0653173817,4,67199.0815918995,0.0192314787791863
2014,Brazil,Brazil,14,female,1712111.31453384,37923.7936843723,1753769.44605493,25245.8817916407,34222.7316250926,4,41658.1315210925,0.0243314387139804
2014,Brazil,Brazil,14,male,1782112.00357248,36965.4493373431,1807652.95364329,7576.06819635989,34865.215954892,4,25540.9500708075,0.0143318433519371
2014,Brazil,Brazil,15,combined,3473608.36265724,52194.082989295,3417012.12135859,63388.1523128521,47463.2373138845,4,-56596.2412986499,-0.0162932131057385
2014,Brazil,Brazil,15,female,1691964.55828906,36422.6818066712,1681057.38209546,38051.9106620567,32651.0725303774,4,-10907.1761936024,-0.00644645665901648
2014,Brazil,Brazil,15,male,1781643.80436818,35630.3470122577,1735954.73926313,27872.5296208904,32773.9303092788,4,-45689.0651050475,-0.0256443319326952
2014,Brazil,Brazil,16,combined,3376966.02284842,53384.1216512451,3428048.38072958,12388.3266341696,47827.2395940751,4,51082.3578811577,0.0151267017599634
2014,Brazil,Brazil,16,female,1658115.88449728,35752.3319206206,1675610.68337564,19161.108162114,32606.4848862943,4,17494.798878365,0.0105510109648755
2014,Brazil,Brazil,16,male,1718850.13835114,37574.519313031,1752437.69735393,13216.0060691952,34273.1616869727,4,33587.5590027925,0.0195407140235113
2014,Brazil,Brazil,17,combined,3474993.97216499,52208.2067149295,3394299.45667636,28158.9774400084,45936.9878705637,4,-80694.5154886325,-0.023221483586735
2014,Brazil,Brazil,17,female,1697072.9182382,35852.9568730951,1683689.64591207,25144.4759643279,32312.9731862254,4,-13383.2723261274,-0.00788609150632202
2014,Brazil,Brazil,17,male,1777921.05392679,36642.4928363994,1710609.81076428,17795.9549961428,31729.3463570179,4,-67311.2431625049,-0.0378595230726575
2014,Brazil,Brazil,18,combined,3386318.02069276,53326.8836618889,3416247.41181233,34974.673238921,47488.7552340349,4,29929.3911195649,0.00883832851394213
2014,Brazil,Brazil,18,female,1705904.98078812,39713.0350075203,1710383.40711806,20853.141604559,33870.6985697105,4,4478.42632994009,0.00262524957742434
2014,Brazil,Brazil,18,male,1680413.03990464,34846.8179691174,1705864.00469427,18381.2463139571,32145.2674002986,4,25450.964789625,0.0151456601354803
2014,Brazil,Brazil,19,combined,3284592.30353498,59268.8258331392,3282965.97974009,52058.5148736209,47883.3121281573,4,-1626.32379489206,-0.000495137187389058
2014,Brazil,Brazil,19,female,1695272.34365586,41310.8847916268,1660425.4354513,44444.9375656068,33302.0504180222,4,-34846.9082045574,-0.0205553451838953
2014,Brazil,Brazil,19,male,1589319.95987912,37543.2702105993,1622540.54428879,10583.873968736,32720.2814252437,4,33220.5844096651,0.0209023892282783
2014,UF,11,14,combined,33866.37236851,3178.44481424085,32277.0787113975,1457.12859279051,2677.10833380965,4,-1589.2936571125,-0.0469283701194485
2014,UF,11,14,female,15081.27391509,2205.55819873091,15484.1849664875,688.799904727876,1990.45041387358,4,402.911051397501,0.0267159825931122
2014,UF,11,14,male,18785.09845342,2187.83620105426,16792.89374491,976.369345267563,1717.90977677461,4,-1992.20470851,-0.106052396448702
2014,UF,11,15,combined,29434.52645437,3015.22804676453,30734.2965111275,1215.59615128304,2606.24247309247,4,1299.7700567575,0.044158008071658
2014,UF,11,15,female,13717.97693519,2004.62039591934,14439.2309096375,548.14936676518,1781.48734604454,4,721.2539744475,0.0525772843805638
2014,UF,11,15,male,15716.54951918,2007.90320988089,16295.06560149,858.363257959263,1791.808837211,4,578.51608231,0.0368093570159275
2014,UF,11,16,combined,33687.08993448,3115.69406808219,31616.363554485,654.522049266442,2627.60320456853,4,-2070.726379995,-0.0614694348494475
2014,UF,11,16,female,17505.50865992,2274.22603020024,14982.228867665,435.910507729611,1811.29555586256,4,-2523.279792255,-0.144142043586098
2014,UF,11,16,male,16181.58127456,2026.3400231319,16634.13468682,724.221308274322,1832.4688351905,4,452.553412259998,0.0279671933528205
2014,UF,11,17,combined,34868.72540718,3113.05964437427,35248.3362029725,2478.82739214425,2961.10078876469,4,379.610795792505,0.0108868560969635
2014,UF,11,17,female,19071.65976605,2400.26735482788,18547.377551285,2665.52894930474,2087.56777056564,4,-524.282214765,-0.0274901199579016
2014,UF,11,17,male,15797.06564113,1789.07532125889,16700.9586516875,746.244083575548,1816.4959482538,4,903.893010557498,0.0572190450487259
2014,UF,11,18,combined,37822.74317934,2994.75553244388,33728.68142947,694.768830007133,2660.12439381145,4,-4094.06174987,-0.108243384951156
2014,UF,11,18,female,18082.35157075,2238.62721724524,17092.4864363725,778.566742391908,1958.36620767,4,-989.865134377502,-0.0547420577740954
2014,UF,11,18,male,19740.39160859,2023.21514817722,16636.1949930975,876.335198438589,1836.6357550981,4,-3104.1966154925,-0.157251014926255
2014,UF,11,19,combined,32940.58909468,2741.48481763542,33212.55009104,1771.18640344105,2797.69940264955,4,271.960996360001,0.00825610603314693
2014,UF,11,19,female,15665.33511845,1859.43577562522,16247.5037706925,1088.73834585259,1887.61064592214,4,582.168652242499,0.0371628597690734
2014,UF,11,19,male,17275.25397623,2208.56297119341,16965.0463203475,2032.0104768404,1985.35543814324,4,-310.207655882499,-0.0179567638374134
2014,UF,12,14,combined,15334.55867121,1173.89874871066,16910.9821505825,865.019215158613,1212.57082360318,4,1576.4234793725,0.102802011663509
2014,UF,12,14,female,8140.45454867,862.460153469533,8622.2303190425,332.123073364102,855.173744110519,4,481.775770372501,0.0591829077224213
2014,UF,12,14,male,7194.10412254,736.405289627839,8288.75183154,742.042127195091,824.764460050306,4,1094.647709,0.152159002754816
2014,UF,12,15,combined,19771.43605393,2049.8949646453,17927.3244186725,290.515601334795,1483.77534298655,4,-1844.1116352575,-0.0932715069470608
2014,UF,12,15,female,10273.98517959,1106.61207779332,9190.1207364725,692.506643660579,916.83332043554,4,-1083.8644431175,-0.105496009987505
2014,UF,12,15,male,9497.45087434,1449.84198929834,8737.2036822,416.228525699391,983.254782016179,4,-760.247192140001,-0.080047499292049
2014,UF,12,16,combined,17039.1138869,1248.8661887702,16228.1800534525,674.861308732971,1180.65771566566,4,-810.9338334475,-0.0475924886018258
2014,UF,12,16,female,8321.1514107,866.030233027493,7910.836350365,524.84805145872,813.723160351866,4,-410.315060335001,-0.0493098899519344
2014,UF,12,16,male,8717.9624762,924.692719304457,8317.3437030875,352.854717276712,799.522058744223,4,-400.618773112501,-0.045953257335781
2014,UF,12,17,combined,16941.78889188,1545.7811938609,16705.924943955,601.133384007225,1232.00343144598,4,-235.863947925001,-0.0139220214246707
2014,UF,12,17,female,7846.78856437,854.0061980008,8181.8199083925,466.709574080588,824.315652353584,4,335.0313440225,0.0426966192951573
2014,UF,12,17,male,9095.00032751,1259.5475588144,8524.1050355625,288.628140240495,877.757723648548,4,-570.895291947501,-0.0627702332478969
2014,UF,12,18,combined,19406.10316848,1706.98278483102,18196.98830832,909.045943219317,1228.40660149548,4,-1209.11486016,-0.0623059070470099
2014,UF,12,18,female,8249.71846557,1009.8004618704,8295.3800644225,703.083670721697,809.75316362273,4,45.6615988524991,0.00553492813640449
2014,UF,12,18,male,11156.38470291,1228.82696550177,9901.6082438975,444.842976058542,932.069437439289,4,-1254.7764590125,-0.112471601905697
2014,UF,12,19,combined,15618.40707919,1381.60122728037,15658.4394168875,970.051992904049,1298.85304727714,4,40.0323376975011,0.0025631511263937
2014,UF,12,19,female,8165.08605802,907.11812328301,7696.7285725925,357.907871164956,827.68840944088,4,-468.3574854275,-0.057360998046979
2014,UF,12,19,male,7453.32102117,976.801664248268,7961.710844295,781.587162228559,895.435122212592,4,508.389823125,0.0682098384976304
2014,UF,13,14,combined,78886.26126792,5115.2311329706,80828.551915315,5085.46966875135,4976.7777591227,4,1942.29064739501,0.024621405757822
2014,UF,13,14,female,39185.91716177,3538.9092815764,40911.164511865,1617.0683876949,3443.35262638709,4,1725.247350095,0.0440272290418192
2014,UF,13,14,male,39700.34410615,3429.0848112295,39917.38740345,3472.96012188205,3277.74852268735,4,217.043297300006,0.00546703818787263
2014,UF,13,15,combined,76728.26403334,4717.87343697261,77362.1972295075,4878.8336219669,4897.50464181515,4,633.933196167491,0.00826205576464018
2014,UF,13,15,female,33474.92338524,3289.03044101816,35477.2295042,4337.57059574097,3221.34550964999,4,2002.30611896,0.0598151068463048
2014,UF,13,15,male,43253.3406481,3535.17166549218,41884.9677253075,1861.7386259656,3265.42509383138,4,-1368.3729227925,-0.031636236699618
2014,UF,13,16,combined,73930.1306945,5100.46079910934,72803.2404095375,1030.68849514402,4653.18426023581,4,-1126.8902849625,-0.0152426388858844
2014,UF,13,16,female,34689.21141024,3128.98412134486,35159.62445265,1886.77485786414,3108.62853361157,4,470.41304241,0.0135607880169665
2014,UF,13,16,male,39240.91928426,3932.94197046112,37643.6159568875,1173.62023050453,3242.95342155694,4,-1597.3033273725,-0.0407050435236159
2014,UF,13,17,combined,84257.71795287,5860.56569824696,77109.368219725,2326.8685816748,4997.34986934937,4,-7148.34973314501,-0.0848391091857422
2014,UF,13,17,female,40656.91877375,3790.0967339578,36398.4168014175,2515.5443061407,3284.46777794223,4,-4258.5019723325,-0.104742368599806
2014,UF,13,17,male,43600.79917912,4131.20927895556,40710.9514183075,2415.20970016442,3348.76457190274,4,-2889.8477608125,-0.066279697051893
2014,UF,13,18,combined,78439.27336228,5773.62663257351,76260.511975635,3027.99953292845,4899.43323432613,4,-2178.761386645,-0.0277764096128499
2014,UF,13,18,female,37897.87038175,3548.2632747251,36071.127634905,2780.18817879307,3283.73265704228,4,-1826.742746845,-0.0482017255440474
2014,UF,13,18,male,40541.40298053,3780.32072587437,40189.38434073,1184.10547484895,3397.87244193264,4,-352.018639800001,-0.00868294173166768
2014,UF,13,19,combined,68780.77657577,4876.66190597711,70377.73306536,3623.68706663655,4538.9633102552,4,1596.95648959001,0.0232180642483846
2014,UF,13,19,female,36551.35378454,3667.59647521251,35177.703393365,2431.4486625321,3329.25826647468,4,-1373.650391175,-0.0375813820541992
2014,UF,13,19,male,32229.42279123,3405.84570490755,35200.029671995,3393.77076283159,3000.53278607791,4,2970.606880765,0.0921706510230563
2014,UF,14,14,combined,10326.81670595,920.321377333645,9223.7785568675,431.406818221795,860.823039050862,4,-1103.0381490825,-0.10681298801856
2014,UF,14,14,female,4196.2289266,579.41546717019,4377.6916703325,423.560870968301,554.121885994966,4,181.4627437325,0.0432442430826886
2014,UF,14,14,male,6130.58777935,823.728780292545,4846.086886535,282.986561800535,648.871747667,4,-1284.500892815,-0.20952328537594
2014,UF,14,15,combined,10463.13134677,988.228746055632,9340.3880599075,764.992580110141,811.304116684979,4,-1122.7432868625,-0.107304711147404
2014,UF,14,15,female,4743.14466545,646.922833676542,4294.636578365,378.627107780044,561.816099557663,4,-448.508087085,-0.0945592257288758
2014,UF,14,15,male,5719.98668132,718.521946071747,5045.7514815425,471.749441276671,597.981033576739,4,-674.2351997775,-0.117873561135969
2014,UF,14,16,combined,12466.26228158,1270.92709926522,10814.9565959775,534.555081758493,1028.6808294807,4,-1651.3056856025,-0.132461972025284
2014,UF,14,16,female,6565.47505744,869.367625166021,5769.1151729475,139.399129038662,737.5826479925,4,-796.359884492499,-0.12129508946806
2014,UF,14,16,male,5900.78722414,894.415991438884,5045.84142303,416.713052287648,677.0191212486,4,-854.94580111,-0.144886736063357
2014,UF,14,17,combined,9345.02156255,869.594079564147,10114.10326913,787.830256632847,917.222075451617,4,769.08170658,0.0822985481020269
2014,UF,14,17,female,4663.45483174,620.075987102452,5243.035847475,258.399997878282,668.032706480268,4,579.581015735,0.124281468706485
2014,UF,14,17,male,4681.56673081,649.584972742898,4871.067421655,620.73718851919,614.878444245244,4,189.500690845,0.0404780497088444
2014,UF,14,18,combined,10407.54506487,986.965913451665,9693.383101415,250.047827254965,887.38485527855,4,-714.161963455001,-0.0686196369079975
2014,UF,14,18,female,5549.92829223,765.282910635958,4853.08082057,393.001385836959,620.007542838325,4,-696.847471659999,-0.125559725273496
2014,UF,14,18,male,4857.61677264,665.59863351923,4840.302280845,273.657373118927,623.851971027346,4,-17.3144917950003,-0.00356440052919002
2014,UF,14,19,combined,11269.80113789,869.671416727141,10032.37670584,391.796188541773,790.811932487221,4,-1237.42443205,-0.109800023701366
2014,UF,14,19,female,5666.53865358,702.495738668498,5501.8869786475,363.207497211393,641.457344705628,4,-164.6516749325,-0.0290568343389799
2014,UF,14,19,male,5603.26248431,668.934671005819,4530.4897271925,122.558665242262,552.455151434258,4,-1072.7727571175,-0.191455024661334
2014,UF,15,14,combined,178581.35028477,9505.21488462677,173709.102056903,10834.3468706806,8683.59809900693,4,-4872.2482278675,-0.0272830741849476
2014,UF,15,14,female,85972.90015804,6481.42646984542,82365.3297229375,4567.38543787576,6142.23026961911,4,-3607.57043510251,-0.0419617161741767
2014,UF,15,14,male,92608.45012673,7025.89054998527,91343.772333965,6454.07241174959,6082.77608052097,4,-1264.677792765,-0.0136561813855469
2014,UF,15,15,combined,163600.30535677,8587.78536830443,156417.89310504,2538.67888845869,8073.90886834504,4,-7182.41225173001,-0.0439021934345845
2014,UF,15,15,female,68230.7399503,5967.15439317295,73357.5895863125,3215.85736704296,5283.39628701777,4,5126.8496360125,0.0751398803493404
2014,UF,15,15,male,95369.56540647,6305.27161200319,83060.3035187275,2648.4793123046,5823.47445917939,4,-12309.2618877425,-0.129069078120256
2014,UF,15,16,combined,164892.17704699,10258.0391476014,159706.952300163,3944.01517355906,8568.41699047188,4,-5185.2247468275,-0.0314461537211062
2014,UF,15,16,female,80892.23370922,7398.67254539252,73516.8634051925,3415.64481755253,6055.66291333045,4,-7375.3703040275,-0.0911752583139123
2014,UF,15,16,male,83999.94333777,6596.28976451926,86190.08889497,1485.83817447364,6002.4976904951,4,2190.1455572,0.0260731789829103
2014,UF,15,17,combined,153178.29224518,8859.44087945799,162627.327807648,7497.76801312095,8590.76678537197,4,9449.0355624675,0.06168651852668
2014,UF,15,17,female,75627.93426447,6201.18838360974,81859.726524685,2926.32454132245,6087.92528783921,4,6231.79226021501,0.0824006674362214
2014,UF,15,17,male,77550.35798071,5900.55288986358,80767.6012829625,5244.37454847303,5881.35761064785,4,3217.24330225249,0.0414858601046401
2014,UF,15,18,combined,160282.92126742,9249.71754085554,157591.804084255,8940.1718715359,8305.16107439234,4,-2691.11718316498,-0.0167897937090569
2014,UF,15,18,female,70600.91130761,6367.45818980481,74326.17845442,4979.44964141003,5805.03873338671,4,3725.26714681,0.0527651425146471
2014,UF,15,18,male,89682.00995981,6550.98347108694,83265.625629835,6289.62861201748,5764.75803984653,4,-6416.384329975,-0.0715459469836864
2014,UF,15,19,combined,149715.19763902,8946.22955545861,152109.607115165,2517.60176620115,8364.78594781744,4,2394.40947614497,0.0159930956503037
2014,UF,15,19,female,79471.74083007,6280.39875348399,78432.2905008875,3051.52553149013,5822.89847756873,4,-1039.45032918251,-0.0130794961621026
2014,UF,15,19,male,70243.45680895,6197.22812228765,73677.3166142775,1198.43935008572,5758.35713499979,4,3433.85980532751,0.04888511985774
2014,UF,16,14,combined,14227.65892856,1949.41646936967,16639.16089294,1169.18735092811,1823.85528357257,4,2411.50196438,0.169493939690897
2014,UF,16,14,female,7114.38911096,1195.5984984508,7754.191626435,1257.72525027843,1164.4720631777,4,639.802515475,0.0899307734643526
2014,UF,16,14,male,7113.2698176,1325.79160682184,8884.969266505,907.887200139253,1270.22518038279,4,1771.699448905,0.249069625409312
2014,UF,16,15,combined,18731.56001726,1904.41854851259,16829.521468145,440.180801219823,1772.91245706712,4,-1902.038549115,-0.101541918951886
2014,UF,16,15,female,8909.91117026,1373.64785862473,7858.3189845525,357.788450018614,1151.98590521109,4,-1051.5921857075,-0.118024991003004
2014,UF,16,15,male,9821.648847,1322.06074828417,8971.2024835925,572.657321808014,1210.54812050739,4,-850.4463634075,-0.0865889604337939
2014,UF,16,16,combined,11472.61591821,1476.47561235906,13654.227942585,1742.84496096586,1721.26503014778,4,2181.612024375,0.190158202795948
2014,UF,16,16,female,5190.38346965,1031.51095604448,6491.03976122,1834.80444674897,1057.16154142562,4,1300.65629157,0.250589633535826
2014,UF,16,16,male,6282.23244856,1032.94119766404,7163.188181365,716.962123738961,1237.36165977342,4,880.955732805,0.140229725661764
2014,UF,16,17,combined,15414.74614705,2157.49772091695,14420.0174896575,1977.03396716072,1813.51834233377,4,-994.728657392499,-0.0645309788369668
2014,UF,16,17,female,6765.99816803,1342.77593771994,6859.109612345,1221.44634943905,1199.59035571755,4,93.111444315,0.0137616715231997
2014,UF,16,17,male,8648.74797902,1457.92848931303,7560.9078773125,924.801924659396,1245.80899682766,4,-1087.8401017075,-0.125780067166527
2014,UF,16,18,combined,14992.76256441,1736.67894221204,14500.2135153475,1506.23446495839,1775.60545230122,4,-492.549049062502,-0.0328524544390318
2014,UF,16,18,female,7787.1920009,1299.25370977234,7727.4024740425,918.925887146867,1197.07595391926,4,-59.7895268574994,-0.00767793151248733
2014,UF,16,18,male,7205.57056351,1138.19933514913,6772.811041305,660.203412744761,1140.17780405295,4,-432.759522205,-0.0600590221677315
2014,UF,16,19,combined,11357.90965256,1772.26470318489,15211.0319983175,1151.62471937683,1995.48823507085,4,3853.1223457575,0.339245729507016
2014,UF,16,19,female,6585.65024962,1231.42577854596,9077.0783335925,1066.17048541171,1571.79954520368,4,2491.4280839725,0.378311630520655
2014,UF,16,19,male,4772.25940294,1043.58769255633,6133.953664725,434.120153807344,1064.1141033313,4,1361.694261785,0.285335340519443
2014,UF,17,14,combined,31314.64413481,2883.0938468316,30009.2669036075,2452.65837467307,2613.81013351727,4,-1305.3772312025,-0.0416858395574555
2014,UF,17,14,female,17252.72494194,2053.25502382779,15611.90833808,1714.16397148067,1908.302966815,4,-1640.81660386,-0.0951047796438987
2014,UF,17,14,male,14061.91919287,1824.01779178239,14397.3585655275,755.823052226308,1631.65586878916,4,335.4393726575,0.0238544517328461
2014,UF,17,15,combined,26918.25486348,2483.4705317461,27825.420004495,1836.96355299325,2356.13825302906,4,907.165141014997,0.0337007412113386
2014,UF,17,15,female,13380.46379276,1701.87381929997,12671.340908805,1743.40259987616,1531.92867681013,4,-709.122883955,-0.0529968837357265
2014,UF,17,15,male,13537.79107072,1785.96331588308,15154.07909569,1325.87822647933,1778.44982010423,4,1616.28802497,0.11939082354918
2014,UF,17,16,combined,30878.93879478,2916.746859467,30035.488717585,2375.51948759602,2770.13651121709,4,-843.450077194997,-0.0273147365199474
2014,UF,17,16,female,14857.38989686,1950.648748604,15240.01987704,863.024480021315,1752.89091615515,4,382.62998018,0.0257535127526582
2014,UF,17,16,male,16021.54889792,2110.31346664047,14795.468840545,1687.00088215467,1850.92479722789,4,-1226.080057375,-0.0765269366393268
2014,UF,17,17,combined,31889.69788961,3216.27759446732,31052.7506242175,2934.17681414118,2770.75172959536,4,-836.947265392501,-0.0262450672405143
2014,UF,17,17,female,14828.98840106,2063.84305995019,14517.220956345,957.258403507366,1920.33957609903,4,-311.767444715,-0.0210241883183828
2014,UF,17,17,male,17060.70948855,2079.57601154297,16535.5296678725,2472.68615166349,1881.10154844785,4,-525.179820677502,-0.030783000028807
2014,UF,17,18,combined,26205.02074833,2479.95252389425,27617.4639257675,1792.44910337039,2533.83522487172,4,1412.4431774375,0.0538997160506928
2014,UF,17,18,female,14276.81464761,1874.64375780305,15062.330591165,1191.05712550993,1864.87256435523,4,785.515943555001,0.055020392359475
2014,UF,17,18,male,11928.20610072,1558.23908449292,12555.1333346025,1779.04129897678,1615.21970191735,4,626.9272338825,0.0525583837660767
2014,UF,17,19,combined,33265.11795817,2961.79996229932,28092.2200928575,1792.50350009181,2331.45605593518,4,-5172.8978653125,-0.15550517126731
2014,UF,17,19,female,16984.29000867,2327.07380149638,14857.699091235,1114.57770416465,1785.07356555822,4,-2126.590917435,-0.125209291430459
2014,UF,17,19,male,16280.8279495,1805.04861343428,13234.5210016225,1390.96586271441,1549.13737317568,4,-3046.3069478775,-0.187110075564127
2014,UF,21,14,combined,145461.5917189,6664.21509425941,144145.39224811,2400.5817636361,5564.61795832536,4,-1316.19947078999,-0.00904843302782979
2014,UF,21,14,female,71624.35561061,4317.1915685287,71030.8287876425,2361.48349198575,3852.85588440207,4,-593.526822967499,-0.00828666195887669
2014,UF,21,14,male,73837.23610829,4523.81520891196,73114.5634604675,2988.83739882693,4039.61598713187,4,-722.672647822503,-0.00978737403933468
2014,UF,21,15,combined,138007.8084337,5965.9334112127,135384.460293353,4778.99548877009,5638.63997843578,4,-2623.34814034752,-0.0190086935668411
2014,UF,21,15,female,70300.66239297,4234.11249731451,68894.6316747875,1980.71966054951,4012.19450927144,4,-1406.0307181825,-0.0200002485086557
2014,UF,21,15,male,67707.14604073,3930.15872967715,66489.828618565,3407.79105547843,3750.72351152091,4,-1217.317422165,-0.0179791571990452
2014,UF,21,16,combined,137336.05431649,6177.25335262299,139305.326690383,5195.60573875233,5625.69293948501,4,1969.27237389251,0.0143390778458972
2014,UF,21,16,female,65990.24599811,4451.55018207908,67563.77314252,2247.71041454,3869.03558473299,4,1573.52714441001,0.0238448443494979
2014,UF,21,16,male,71345.80831838,4136.28184403876,71741.5535478625,3511.68187141038,3869.1707032851,4,395.745229482505,0.00554686026846169
2014,UF,21,17,combined,149646.17018208,7333.11461221214,140703.113014683,3570.29506613656,5907.09169194573,4,-8943.05716739752,-0.0597613501001474
2014,UF,21,17,female,72658.63224236,4827.04987367162,67848.35521321,2580.99153088015,3977.47338267258,4,-4810.27702915001,-0.06620379273181
2014,UF,21,17,male,76987.53793972,5045.68578972234,72854.7578014725,2491.85135408763,4119.98851188054,4,-4132.7801382475,-0.0536811573515106
2014,UF,21,18,combined,134186.69386216,6221.14941368264,134676.420551503,5982.74023399564,5835.21454349367,4,489.726689342497,0.00364959203664081
2014,UF,21,18,female,64102.30346121,4202.63840506533,62937.176285495,2639.66445907902,3791.30508138851,4,-1165.127175715,-0.0181760578450984
2014,UF,21,18,male,70084.39040095,4459.77233250332,71739.2442660075,4184.34880657211,4198.92845742146,4,1654.85386505751,0.0236123030476566
2014,UF,21,19,combined,110983.6635136,5456.24065849742,116830.845562493,2394.82802527603,5135.9071383573,4,5847.1820488925,0.0526850697100658
2014,UF,21,19,female,56964.61463304,3860.35168110034,58324.5999680075,1112.45031547666,3631.81296779593,4,1359.9853349675,0.0238742128552677
2014,UF,21,19,male,54019.04888056,3745.65699923394,58506.245594485,3283.37042991689,3472.6537529164,4,4487.196713925,0.0830669329970343
2014,UF,22,14,combined,64577.41354552,5078.5174659155,58897.81304007,3162.18631355477,4267.33952296625,4,-5679.60050545,-0.0879502630040533
2014,UF,22,14,female,33261.42430764,3318.73883108697,29181.2852423375,3014.5869769966,2936.62322207471,4,-4080.1390653025,-0.122668801779643
2014,UF,22,14,male,31315.98923788,3609.23339203205,29716.5277977325,3288.31798724281,2924.64236176672,4,-1599.4614401475,-0.0510749134570778
2014,UF,22,15,combined,53061.02176291,4457.9593988669,54776.099873775,4492.1625470845,3848.68997846757,4,1715.078110865,0.0323227494285428
2014,UF,22,15,female,23838.24741538,3030.83596817569,25949.6471072075,3653.64216698513,2690.14333467537,4,2111.3996918275,0.0885719346324623
2014,UF,22,15,male,29222.77434753,3385.2666201054,28826.4527665675,2902.84298206917,2834.56126132022,4,-396.321580962504,-0.0135620792279773
2014,UF,22,16,combined,64759.98231996,6059.75576483302,62777.5614814575,2104.57608480146,4706.6919378413,4,-1982.4208385025,-0.0306118187109431
2014,UF,22,16,female,29220.20820458,3526.18338611457,31296.878183625,4703.68715501728,3068.04566711694,4,2076.669979045,0.0710696503086347
2014,UF,22,16,male,35539.77411538,3873.6418129771,31480.6832978325,3952.85300395345,3084.8930791227,4,-4059.0908175475,-0.114212622859381
2014,UF,22,17,combined,51700.84349375,4325.03486655141,61676.1499304425,1572.14926174681,4481.33195109796,4,9975.3064366925,0.192942818000608
2014,UF,22,17,female,22265.42564325,2811.73338443298,32081.502088275,2037.51995159699,3161.17315378317,4,9816.076445025,0.440866328014746
2014,UF,22,17,male,29435.4178505,3351.76794409464,29594.6478421675,1960.24144852106,3058.34539677737,4,159.229991667497,0.00540946938399897
2014,UF,22,18,combined,66316.07901361,5741.0591884316,63396.069397865,4210.6980827969,4480.2898117636,4,-2920.009615745,-0.0440316987852332
2014,UF,22,18,female,31851.10459021,3425.45262075338,31095.52493914,3254.28960001381,3077.41368091072,4,-755.579651070002,-0.0237222432562745
2014,UF,22,18,male,34464.9744234,4322.26501725344,32300.544458725,2824.04766368298,3289.29121120007,4,-2164.429964675,-0.0628008579981844
2014,UF,22,19,combined,61238.29174607,4497.68780761566,56199.0356562825,3167.98869491165,4106.79633653172,4,-5039.25608978749,-0.0822892988374531
2014,UF,22,19,female,32979.49771624,3609.03803435489,29657.56757556,1770.37699512933,3202.8424087444,4,-3321.93014068,-0.100727129602225
2014,UF,22,19,male,28258.79402983,2921.55237809387,26541.4680807225,1401.7001459694,2749.39247505699,4,-1717.3259491075,-0.0607713813722797
2014,UF,23,14,combined,163814.68292951,9881.0215583174,178332.446484908,7243.06175125182,9244.77251619297,4,14517.7635553975,0.0886230910183097
2014,UF,23,14,female,84217.89614691,7076.27956890729,92095.64917555,5912.34691594783,6035.20599658766,4,7877.75302864,0.0935401308873594
2014,UF,23,14,male,79596.7867826,5584.70903439866,86236.7973093575,2054.98473574508,5910.62192856599,4,6640.0105267575,0.0834205851159939
2014,UF,23,15,combined,163567.6275213,10673.0374845556,154762.809375923,9986.3211342115,8290.21887880035,4,-8804.8181453775,-0.0538298334383491
2014,UF,23,15,female,78544.37833303,5944.6376583975,78303.626295555,6258.58729836874,5445.52809351033,4,-240.752037475002,-0.00306517210505133
2014,UF,23,15,male,85023.24918827,7153.98945567468,76459.1830803675,3923.79366865045,5469.98057156783,4,-8564.06610790249,-0.100726168308844
2014,UF,23,16,combined,163534.32353421,9638.45313527331,163688.043324498,4295.09283449854,8044.0297631256,4,153.71979028749,0.000939984872688415
2014,UF,23,16,female,80802.41881408,6661.4037580626,80732.57649309,2647.0574236374,5910.51204438422,4,-69.842320989992,-0.000864359285465126
2014,UF,23,16,male,82731.90472013,6055.37027381966,82955.4668314075,3723.70531971877,5211.20034312066,4,223.562111277497,0.0027022478454204
2014,UF,23,17,combined,163360.3978867,8722.58188067723,159302.263523643,2715.28168302443,7373.1959487294,4,-4058.1343630575,-0.0248416043028498
2014,UF,23,17,female,82510.8334105,5835.72140670733,76082.9769599925,2349.16105958865,5343.95615958599,4,-6427.8564505075,-0.0779031817377028
2014,UF,23,17,male,80849.5644762,6092.34869168241,83219.28656365,2036.76416504902,5191.3405094865,4,2369.72208744999,0.0293102641034953
2014,UF,23,18,combined,175140.8689175,8933.40564854028,175401.576267605,8064.14936853284,7849.64930589676,4,260.707350105018,0.00148855804882311
2014,UF,23,18,female,83113.64607408,6312.80740093272,84897.2359229825,4500.5260154339,5672.94762244532,4,1783.58984890251,0.0214596511301259
2014,UF,23,18,male,92027.22284342,5828.94948915138,90504.3403446225,5085.46278728079,5359.61716623092,4,-1522.8824987975,-0.0165481740265987
2014,UF,23,19,combined,165444.08300044,9596.94953611833,163124.186968155,5400.37637340964,7745.86940928728,4,-2319.896032285,-0.0140222363363629
2014,UF,23,19,female,92156.53948417,7600.36341824122,78875.11334958,3778.39775437072,5533.22487059109,4,-13281.42613459,-0.144118108263727
2014,UF,23,19,male,73287.54351627,5334.58351236553,84249.073618575,7071.66072703964,5351.96934637599,4,10961.530102305,0.149568802232695
2014,UF,24,14,combined,59388.70008458,4492.45170902931,58374.6399228775,3529.38548212748,4245.52104888154,4,-1014.0601617025,-0.0170749681380179
2014,UF,24,14,female,26206.3757469,3049.80516002925,27186.7499360775,874.858773733386,2875.03971639296,4,980.374189177499,0.0374097585505874
2014,UF,24,14,male,33182.32433768,3580.11074666788,31187.8899868,3238.85218366987,3212.40120172099,4,-1994.43435088,-0.0601053238641041
2014,UF,24,15,combined,58705.6392982,4746.14977863207,61643.6139061025,3033.08110900034,4481.42450370562,4,2937.9746079025,0.0500458668540993
2014,UF,24,15,female,25486.62629534,3227.6070915673,27204.5010904025,711.000254364232,3061.17997839178,4,1717.8747950625,0.0674029891267562
2014,UF,24,15,male,33219.01300286,3540.87992246268,34439.1128157,3082.44641145179,3288.01550792394,4,1220.09981284,0.0367289603918982
2014,UF,24,16,combined,52181.47082562,5051.09659934196,56176.50610958,846.093803230689,4307.96538859862,4,3995.03528395999,0.0765604192589856
2014,UF,24,16,female,24883.67644483,2991.9917707093,30091.7117780575,1093.99615771988,3078.90563633165,4,5208.0353332275,0.209295252041004
2014,UF,24,16,male,27297.79438079,3627.82519210707,26084.7943315225,513.923398696099,3004.9982661402,4,-1213.0000492675,-0.0444358262922925
2014,UF,24,17,combined,65641.68691275,6317.56281768929,60485.5501936875,2209.60069613706,4760.25952216471,4,-5156.1367190625,-0.0785497290146726
2014,UF,24,17,female,32777.82426961,4034.40952558711,28899.6538403325,1544.10258421463,3163.19354968962,4,-3878.1704292775,-0.118316896123979
2014,UF,24,17,male,32863.86264314,3954.21245376529,31585.896353355,1771.85248682454,3241.63818174357,4,-1277.966289785,-0.0388866732940707
2014,UF,24,18,combined,58275.76309177,4664.6441072193,61953.8084568525,3073.8639938948,4510.89585911263,4,3678.0453650825,0.0631144951167861
2014,UF,24,18,female,30956.29262693,3652.63075169533,32028.688267865,1446.61311931829,3226.31977331666,4,1072.395640935,0.0346422504096012
2014,UF,24,18,male,27319.47046484,2996.30325880286,29925.1201889875,2514.14594214667,3174.72829158429,4,2605.6497241475,0.0953770215824994
2014,UF,24,19,combined,61962.59957539,6405.00586101802,61010.9162119425,4548.57665510573,5001.66772493317,4,-951.683363447497,-0.0153589967168757
2014,UF,24,19,female,37419.72100809,5228.00365481386,33741.52080223,3010.76581346533,3848.53261704733,4,-3678.20020586,-0.098295767760128
2014,UF,24,19,male,24542.8785673,3366.81007767787,27269.3954097125,2006.46515023294,3062.8333445909,4,2726.5168424125,0.111091974600127
2014,UF,25,14,combined,68008.52023419,4919.79945543941,74152.195955635,4187.16825390365,5019.61600845598,4,6143.67572144499,0.0903368533867375
2014,UF,25,14,female,36123.9675779,3786.7511562137,36693.6059328175,3384.71160355866,3610.55505784672,4,569.638354917501,0.0157689864406255
2014,UF,25,14,male,31884.55265629,3186.50312635239,37458.5900228175,3480.72422531867,3258.04739340966,4,5574.0373665275,0.174819368696016
2014,UF,25,15,combined,68781.93475166,5313.79312684312,64721.07294082,1795.79509094112,4653.62929926275,4,-4060.86181084,-0.0590396566409757
2014,UF,25,15,female,34688.98291859,3562.99609346085,30084.746022395,1382.381295185,3096.14192762331,4,-4604.236896195,-0.132729083092476
2014,UF,25,15,male,34092.95183307,3518.88871993528,34636.326918425,791.476300863579,3211.4499467793,4,543.375085355001,0.0159380474889807
2014,UF,25,16,combined,63876.70851937,5229.19385622659,69509.20948214,2686.32076625285,4713.85774421994,4,5632.50096277,0.0881776956472639
2014,UF,25,16,female,34593.36731041,3985.79557917526,34908.5766658075,1786.47669477261,3385.94771775735,4,315.209355397499,0.00911184368289712
2014,UF,25,16,male,29283.34120896,3118.683088012,34600.6328163325,1546.01021846261,3197.90562286943,4,5317.2916073725,0.181580768718617
2014,UF,25,17,combined,62586.83732126,5624.96660200376,65127.416866665,2496.46602362827,4534.56261369597,4,2540.579545405,0.0405928731046775
2014,UF,25,17,female,28619.03947647,3577.93204555815,30868.797283775,955.520909138299,3157.47857618244,4,2249.757807305,0.078610528112053
2014,UF,25,17,male,33967.79784479,3637.21171881539,34258.61958289,2315.59999458113,3204.21680085993,4,290.8217381,0.00856168949864985
2014,UF,25,18,combined,67555.99063106,5010.54397753186,64901.8221854425,2822.35404847032,4365.7835881949,4,-2654.16844561751,-0.0392884246211795
2014,UF,25,18,female,39935.27438083,4007.25345103188,35363.92420233,2032.73981626833,3266.32326098288,4,-4571.3501785,-0.114468981354849
2014,UF,25,18,male,27620.71625023,3010.16020831307,29537.8979831125,1289.81646644483,2803.49919241527,4,1917.1817328825,0.0694110071409366
2014,UF,25,19,combined,64157.87624271,5035.98361691917,61529.6554767425,5654.09761238181,4317.98647133279,4,-2628.2207659675,-0.0409648965939101
2014,UF,25,19,female,33497.84189865,3563.14010364581,31582.6048138975,3795.01962213617,3136.95544819235,4,-1915.23708475249,-0.0571749395243782
2014,UF,25,19,male,30660.03434406,3433.31271374102,29947.050662845,2923.4290693115,2928.47509071695,4,-712.983681215003,-0.0232544971481134
2014,UF,26,14,combined,161562.30977313,10544.2646026473,160692.711434998,5464.57894408093,9298.5380485529,4,-869.598338132491,-0.00538243318849306
2014,UF,26,14,female,80308.49112199,6997.15390679721,81678.0053130375,2822.10171669057,6351.93260550473,4,1369.51419104751,0.0170531680014656
2014,UF,26,14,male,81253.81865114,7397.46442761019,79014.70612196,3116.78726678456,6334.52076059646,4,-2239.11252918,-0.0275570129053693
2014,UF,26,15,combined,187520.08232093,11160.7574819516,182133.379995575,2124.49155115572,10539.0792808379,4,-5386.702325355,-0.0287260023496362
2014,UF,26,15,female,86072.92459534,7086.35433357631,84705.9158913375,5951.40206288622,6555.06332198123,4,-1367.0087040025,-0.0158819827539182
2014,UF,26,15,male,101447.15772559,7958.28582612542,97427.4641042375,7258.50952637191,7449.19627887812,4,-4019.6936213525,-0.03962352136297
2014,UF,26,16,combined,157364.91662976,10547.3563353958,162536.572692293,4764.91401746668,9330.64634769533,4,5171.65606253251,0.0328640981312252
2014,UF,26,16,female,79263.96492863,6359.3237944567,80883.24044902,3461.030318486,5950.86330174917,4,1619.27552039,0.0204288988299792
2014,UF,26,16,male,78100.95170113,7578.73183473836,81653.3322432725,2400.54571840584,7050.01669606462,4,3552.38054214249,0.0454844718888502
2014,UF,26,17,combined,160832.77288773,10593.6968707219,158657.8553582,5070.69850456803,9264.48369103392,4,-2174.91752953001,-0.0135228504146243
2014,UF,26,17,female,81038.09445758,7731.97963974119,80644.79013434,5273.95838101444,6578.4655812061,4,-393.304323239994,-0.00485332640004106
2014,UF,26,17,male,79794.67843015,6761.90530148684,78013.06522386,1339.8501111525,6258.10984183734,4,-1781.61320629,-0.0223274689658606
2014,UF,26,18,combined,155809.55140595,9473.06389601366,166189.746248723,2810.56779373949,9143.86114799201,4,10380.1948427725,0.0666210431203133
2014,UF,26,18,female,75422.02269593,6742.61930081518,84694.1298101325,2881.84754863786,6366.88088890608,4,9272.10711420249,0.122936335870807
2014,UF,26,18,male,80387.52871002,6508.58375968696,81495.61643859,2782.32309078796,6266.29465486552,4,1108.08772857,0.0137843238416642
2014,UF,26,19,combined,157136.48578865,9550.37020057804,152203.197604775,6440.96444403239,8493.3166875928,4,-4933.288183875,-0.0313949249858516
2014,UF,26,19,female,75658.78532737,6624.23167580595,76600.4809157075,4841.0530922911,6220.28169704834,4,941.695588337505,0.0124466125680297
2014,UF,26,19,male,81477.70046128,7258.7844370878,75602.7166890675,2209.49939171152,6079.68690146252,4,-5874.98377221249,-0.0721054195068308
2014,UF,27,14,combined,69454.64654405,3640.64813061568,65100.2333490075,2230.54865425652,3242.30526820617,4,-4354.41319504251,-0.0626943395684956
2014,UF,27,14,female,34111.86205365,2555.73184020622,32248.400593585,694.199123504414,2187.20102309243,4,-1863.461460065,-0.0546279607115616
2014,UF,27,14,male,35342.7844904,2574.94926906524,32851.8327554225,1538.54951540023,2285.0876545448,4,-2490.95173497751,-0.0704797816837016
2014,UF,27,15,combined,65580.82813018,3959.47680509393,64043.3206212425,4597.6771544276,3277.52536435342,4,-1537.5075089375,-0.0234444662071894
2014,UF,27,15,female,32822.48338342,3024.08666067956,32666.5172441225,2723.76780161218,2400.58904779409,4,-155.966139297503,-0.00475180800537135
2014,UF,27,15,male,32758.34474676,2418.51481330767,31376.80337712,2187.15983630701,2177.17825490689,4,-1381.54136964,-0.0421737233770533
2014,UF,27,16,combined,63679.79292362,3646.03496042345,59154.18457969,1663.56295179221,3169.24143375538,4,-4525.60834393,-0.0710682013265682
2014,UF,27,16,female,32691.14500462,2575.39542028625,28155.4500631375,1235.69958068533,2165.56981401237,4,-4535.6949414825,-0.138743838456607
2014,UF,27,16,male,30988.647919,2357.3499583756,30998.7345165525,1533.80696323709,2196.05188555877,4,10.0865975525012,0.000325493308997093
2014,UF,27,17,combined,64708.24893184,4015.02412285712,65175.4251469475,1126.57695552317,3518.69335407569,4,467.176215107502,0.00721973199428714
2014,UF,27,17,female,33784.9963468,2851.2091783465,32381.5827641075,1525.91830381441,2486.29267969056,4,-1403.4135826925,-0.0415395511157255
2014,UF,27,17,male,30923.25258504,2732.4400341934,32793.84238284,841.553287800801,2301.47251942884,4,1870.5897978,0.0604913662511994
2014,UF,27,18,combined,61935.26026137,3234.50552572204,62767.4887340325,2474.79149783118,3192.75346656086,4,832.2284726625,0.0134370707275703
2014,UF,27,18,female,31659.299301,2431.08124868324,30555.6672994675,2650.15681389828,2246.49528584554,4,-1103.6320015325,-0.0348596471147307
2014,UF,27,18,male,30275.96096037,2284.39645502061,32211.821434565,1937.40933243987,2154.24852575972,4,1935.860474195,0.0639405129610572
2014,UF,27,19,combined,59679.39074062,3852.85509897691,58193.5272076725,3384.12936090611,3111.73254636467,4,-1485.8635329475,-0.0248974313327929
2014,UF,27,19,female,29639.74345637,2675.86056827206,31532.10815236,1864.52815237722,2238.39687900423,4,1892.36469599,0.063845515355947
2014,UF,27,19,male,30039.64728425,2455.8967796421,26661.4190553125,1697.57086784263,2002.26623725233,4,-3378.2282289375,-0.112458984520392
2014,UF,28,14,combined,42590.13027368,3225.01036411801,44387.519869505,2021.11403451595,3274.66763743407,4,1797.389595825,0.0422020215546454
2014,UF,28,14,female,21825.12431773,2150.90793822212,22275.433019435,1459.45556597371,2172.74424668843,4,450.308701705002,0.0206325835834615
2014,UF,28,14,male,20765.00595595,2259.52348968323,22112.08685007,1377.9763451775,2286.07309417461,4,1347.08089412,0.0648726466526252
2014,UF,28,15,combined,41726.40641164,3307.57253098639,42617.659526725,3124.16032030633,2911.56337710767,4,891.253115085005,0.0213594505669288
2014,UF,28,15,female,16859.70357074,1981.27906148051,18961.8429846825,2019.64798319625,1906.39350539979,4,2102.1394139425,0.124684245195791
2014,UF,28,15,male,24866.7028409,2680.58397629429,23655.8165420425,1517.42234378068,2198.93963750484,4,-1210.8862988575,-0.0486950886333782
2014,UF,28,16,combined,39590.47016261,3192.81399599866,41236.255408725,966.813958323262,2900.61349929993,4,1645.785246115,0.0415702374676347
2014,UF,28,16,female,19835.8556468,2355.68863192487,19889.8274738775,2248.16851535589,1984.1912209295,4,53.9718270775011,0.0027209225575408
2014,UF,28,16,male,19754.61451581,2217.50612250488,21346.4279348475,2136.90509875294,2034.11144339397,4,1591.8134190375,0.0805793207335704
2014,UF,28,17,combined,37813.49461474,2995.67470290048,39196.6084702375,1616.17884670384,2715.41234971667,4,1383.1138554975,0.0365772555430081
2014,UF,28,17,female,18339.54332391,2169.48185522193,18536.5393502475,1459.05930929534,1880.59782830954,4,196.9960263375,0.0107415993331016
2014,UF,28,17,male,19473.95129083,2099.01358653834,20660.06911999,1203.05204049378,1968.28011510758,4,1186.11782916,0.0609079180411901
2014,UF,28,18,combined,43629.86922078,3685.06650460723,42417.2942426625,2047.84216253409,3051.56674394556,4,-1212.5749781175,-0.0277923129217168
2014,UF,28,18,female,23985.27193679,2813.58980265942,22286.520643795,1729.36464239736,2233.90924224856,4,-1698.751292995,-0.0708247668599227
2014,UF,28,18,male,19644.59728399,2229.75603440759,20130.7735988675,791.372379070015,2049.05347049343,4,486.176314877499,0.0247486017579869
2014,UF,28,19,combined,35642.05917508,3198.095966065,37793.4154490075,857.537411332152,2859.36036416355,4,2151.3562739275,0.0603600443891208
2014,UF,28,19,female,17601.2085656,2124.97374396897,18639.636470735,1127.78889555903,1929.98541259802,4,1038.427905135,0.0589975342468536
2014,UF,28,19,male,18040.85060948,2414.32072410247,19153.7789782725,1347.14521910362,1996.38303785563,4,1112.9283687925,0.0616893511776926
2014,UF,29,14,combined,256113.72350431,17005.6619500713,287145.942994398,10447.6469418439,16257.6908745294,4,31032.2194900875,0.1211657816125
2014,UF,29,14,female,124134.47240955,10934.6564824678,140885.259305183,5108.59508291487,11321.4225697265,4,16750.7868956325,0.134940654038207
2014,UF,29,14,male,131979.25109476,12700.6851913698,146260.683689215,10958.6809314882,11326.6930120521,4,14281.432594455,0.108209680506529
2014,UF,29,15,combined,277015.02460345,17196.9689458153,263366.05946862,8615.59421314637,15021.3197236738,4,-13648.96513483,-0.0492715698520996
2014,UF,29,15,female,131951.48384954,9855.79887394113,126632.258549558,7019.80198991502,9484.48462462376,4,-5319.2252999825,-0.0403119778936919
2014,UF,29,15,male,145063.54075391,13133.479085633,136733.800919063,4508.72154900096,11102.3614829655,4,-8329.73983484748,-0.0574213189031301
2014,UF,29,16,combined,279492.06891823,21331.0578079639,257035.058763283,16290.3719978444,15591.9002792633,4,-22457.0101549475,-0.0803493646237156
2014,UF,29,16,female,137760.29442993,11025.4919269546,117498.586305385,3633.34917183085,8730.07578306001,4,-20261.708124545,-0.147079448460753
2014,UF,29,16,male,141731.7744883,16290.7478987263,139536.472457898,15187.7634493599,12468.299313058,4,-2195.3020304025,-0.0154891310599073
2014,UF,29,17,combined,256991.22496828,16071.6808435489,263520.50047234,2351.35428273535,14578.0010688664,4,6529.27550406003,0.0254066087465279
2014,UF,29,17,female,133070.35125057,11502.5457696701,128576.077393133,3007.21067587322,9867.52134251187,4,-4494.27385743751,-0.0337736679523363
2014,UF,29,17,male,123920.87371771,10650.4698033591,134944.423079207,4419.64862262606,10592.825945108,4,11023.5493614975,0.0889563560260959
2014,UF,29,18,combined,245700.65763278,19446.946713475,235981.221348288,11791.9773540556,14180.2453085049,4,-9719.43628449252,-0.0395580393562439
2014,UF,29,18,female,142875.75895009,17369.4335757129,122221.390248325,8127.18580329743,10811.92630033,4,-20654.368701765,-0.144561742688486
2014,UF,29,18,male,102824.89868269,9115.54628667421,113759.831099963,4220.24070059596,9220.457295686,4,10934.9324172725,0.106345180567762
2014,UF,29,19,combined,224112.26939864,14581.7485002187,251965.03754304,13081.9057091845,14062.3989974437,4,27852.7681444,0.124280425249083
2014,UF,29,19,female,117274.8454037,10349.5821561358,129772.88991723,9299.88710280994,10002.8899145145,4,12498.04451353,0.106570547763312
2014,UF,29,19,male,106837.42399494,9780.80101516915,122192.14762581,7106.53904820433,9463.92304877172,4,15354.72363087,0.143720459149195
2014,UF,31,14,combined,356097.33584356,18872.5462287507,350927.221784448,15480.8972743801,16007.8024435002,4,-5170.1140591125,-0.0145188226327642
2014,UF,31,14,female,177260.11720267,12729.6295642015,173112.020944833,12095.2038451397,10856.3186354684,4,-4148.09625783749,-0.0234011819652289
2014,UF,31,14,male,178837.21864089,13024.8364254444,177815.200839615,4823.96008367758,11277.3731515662,4,-1022.01780127501,-0.00571479364889504
2014,UF,31,15,combined,334772.40500345,17633.6792991988,327056.411120768,7466.96398895425,15095.904653685,4,-7715.99388268252,-0.0230484764196828
2014,UF,31,15,female,159186.70883324,12155.4755979009,162071.528782738,2955.40198845172,10602.2402493436,4,2884.8199494975,0.0181222413016878
2014,UF,31,15,male,175585.69617021,11170.5352092531,164984.88233803,8310.90586069926,10145.4922995418,4,-10600.81383218,-0.0603740171517373
2014,UF,31,16,combined,341696.51497319,16304.7166828829,357675.49811528,6009.21596923613,15549.741538421,4,15978.98314209,0.0467636702216403
2014,UF,31,16,female,166004.87742422,11473.2922003044,170421.238422535,2796.72240614242,11386.0758929528,4,4416.36099831501,0.0266038026523109
2014,UF,31,16,male,175691.63754897,11713.2819637938,187254.259692745,4347.81384053438,10514.5087148923,4,11562.622143775,0.0658120232987878
2014,UF,31,17,combined,363521.73444424,17083.207799657,338853.444651613,5424.94506901424,15047.4295984956,4,-24668.2897926275,-0.06785918820051
2014,UF,31,17,female,176833.34832679,11524.0699284821,166642.0753033,7828.7359532295,10468.0960858664,4,-10191.27302349,-0.0576320763018999
2014,UF,31,17,male,186688.38611745,12863.6543684434,172211.369348313,9629.88083812132,10481.9810923115,4,-14477.0167691375,-0.0775464241253319
2014,UF,31,18,combined,331168.90169496,16150.3623573812,353352.460699185,2803.57203090277,15425.5721525229,4,22183.559004225,0.0669856344925113
2014,UF,31,18,female,159591.96038614,11047.869263213,170527.339431683,1780.16673179615,10790.0227817885,4,10935.3790455425,0.0685208642032082
2014,UF,31,18,male,171576.94130882,11892.3068650021,182825.121267503,2617.78920023664,10979.3812490433,4,11248.1799586825,0.0655576435439363
2014,UF,31,19,combined,324796.15579271,16088.6278660444,326256.316152553,19084.862775133,14776.4683294133,4,1460.16035984247,0.00449562081878323
2014,UF,31,19,female,145146.93096816,10761.7993312341,157094.39927379,20280.2810316716,10261.4805701691,4,11947.46830563,0.0823129240552171
2014,UF,31,19,male,179649.22482455,11726.8478558113,169161.916878763,8475.24932426682,10301.1305851145,4,-10487.3079457875,-0.0583765833447357
2014,UF,32,14,combined,61158.39747077,3787.13656453003,62934.5469807725,3137.74174492639,3383.13134492983,4,1776.1495100025,0.029041792843761
2014,UF,32,14,female,30334.85443581,2719.86006595521,30141.1746816625,2183.6260776499,2414.71022958698,4,-193.679754147499,-0.00638472667002027
2014,UF,32,14,male,30823.54303496,2647.84902419332,32793.37229911,1595.29159729269,2449.87727232003,4,1969.82926415,0.063906646355217
2014,UF,32,15,combined,65046.86085642,4351.07636436352,65368.0353806275,844.330926421874,3892.20471405865,4,321.174524207505,0.00493758684091525
2014,UF,32,15,female,31915.96372977,3175.85131169738,32241.7987046825,2392.91832103312,2638.1144042074,4,325.834974912501,0.0102091535656363
2014,UF,32,15,male,33130.89712665,2771.39338745616,33126.236675945,1782.77508461281,2593.98390715764,4,-4.66045070499968,-0.000140667808878948
2014,UF,32,16,combined,58674.6006426,4448.23750291817,64509.93235635,4096.56627595923,3848.66939488347,4,5835.33171375,0.099452431713925
2014,UF,32,16,female,24882.53325083,2889.72691485153,29943.26610985,1422.2708325891,2656.96177753953,4,5060.73285902,0.203384953131779
2014,UF,32,16,male,33792.06739177,2991.13561408781,34566.6662465,2814.40986217397,2698.85089811642,4,774.59885473,0.0229225056209095
2014,UF,32,17,combined,56233.74081585,3581.8061731185,61570.5307385175,3838.55170021198,3576.22651968183,4,5336.7899226675,0.0949036974108483
2014,UF,32,17,female,24033.15284205,2459.05301520631,27977.740780625,1777.1138878665,2412.43704948059,4,3944.587938575,0.164131105248633
2014,UF,32,17,male,32200.5879738,2747.12954190372,33592.7899578925,3360.44298756235,2581.99161685493,4,1392.2019840925,0.0432352969835602
2014,UF,32,18,combined,55549.78024461,3736.39906149767,54458.9952715575,1376.33204309426,3315.94865793134,4,-1090.78497305251,-0.0196361708048043
2014,UF,32,18,female,26981.52414295,2758.78519481945,25803.5570762175,1064.74464156228,2330.95455918904,4,-1177.9670667325,-0.043658284850461
2014,UF,32,18,male,28568.25610166,2663.12035116673,28655.43819534,1431.47486448527,2303.01421330996,4,87.1820936799995,0.00305171213005661
2014,UF,32,19,combined,52684.65785637,3486.56364365822,54794.1998575275,2620.68153179646,3244.8669153636,4,2109.5420011575,0.0400409167866018
2014,UF,32,19,female,28125.21338386,2504.43376906328,29006.6015934575,1643.61584736309,2360.66327066012,4,881.388209597502,0.0313380096914499
2014,UF,32,19,male,24559.44447251,2359.30903861595,25787.59826407,1853.25122498456,2211.21589430207,4,1228.15379156,0.0500073929984331
2014,UF,33,14,combined,253128.35450768,13228.5725146486,262326.771043693,7281.84668644967,12484.2829129691,4,9198.41653601249,0.0363389417748276
2014,UF,33,14,female,118705.66141382,10381.5024379746,124168.401814133,5061.95738486871,8798.1945990458,4,5462.7404003125,0.0460192069632537
2014,UF,33,14,male,134422.69309386,8663.00135548651,138158.36922956,3124.48248890581,8076.68933030551,4,3735.67613570002,0.0277905169857861
2014,UF,33,15,combined,246867.67672211,12146.4747215706,252105.73115213,4992.85699125735,11445.3644169517,4,5238.05443002001,0.021218065076686
2014,UF,33,15,female,132864.6037141,8774.18550629133,135163.655593658,6577.68188701952,8453.85823415406,4,2299.05187955749,0.0173037198417768
2014,UF,33,15,male,114003.07300801,8117.35835987603,116942.075558473,6279.1812996166,7410.48749823385,4,2939.00255046249,0.0257800291949674
2014,UF,33,16,combined,246133.64945949,12052.5582674607,266877.973850598,14673.4760045722,11657.1407029535,4,20744.3243911075,0.0842807329947047
2014,UF,33,16,female,119566.02801266,8649.49210384362,133084.773410813,5747.78332538837,8069.17620404905,4,13518.7453981525,0.113065104050468
2014,UF,33,16,male,126567.62144683,8367.11611166608,133793.200439785,12213.886427384,8047.03125754011,4,7225.57899295499,0.0570886843756513
2014,UF,33,17,combined,280850.5975604,12870.4506289326,264109.281515975,6555.79157364191,11616.7950926375,4,-16741.316044425,-0.0596093303338071
2014,UF,33,17,female,132258.09123958,8382.43329775023,128515.520816453,9656.43566631378,7778.3933335587,4,-3742.57042312752,-0.0282974779694046
2014,UF,33,17,male,148592.50632082,9941.77639602082,135593.760699523,5377.84020891693,8242.68481683286,4,-12998.7456212975,-0.0874791464465403
2014,UF,33,18,combined,258777.40044152,14377.500811307,249659.847904288,14236.3824114786,11396.4763049812,4,-9117.55253723252,-0.035233186984939
2014,UF,33,18,female,126268.99386277,11123.6571577558,120476.408031875,8397.50434815245,8010.12357079435,4,-5792.585830895,-0.0458749662422306
2014,UF,33,18,male,132508.40657875,9160.4378979319,129183.439872413,9535.09374201918,7867.82527075485,4,-3324.96670633749,-0.0250924963342719
2014,UF,33,19,combined,240743.45163855,12640.5740487791,247560.695078538,12721.3876714903,10901.3684617992,4,6817.24343998751,0.0283174615699323
2014,UF,33,19,female,131093.3322723,9218.31390375619,129437.390420085,8223.44273125915,7984.90441888958,4,-1655.94185221501,-0.0126317778601842
2014,UF,33,19,male,109650.11936625,8230.56448527998,118123.304658453,5365.03389830612,7333.24487876099,4,8473.1852922025,0.0772747475440553
2014,UF,35,14,combined,700126.63288177,34229.9403483112,718170.112568258,12538.4372782714,33727.277843123,4,18043.4796864875,0.0257717373387429
2014,UF,35,14,female,349369.95011898,25405.124101357,367185.509604898,13122.8157877394,22604.882368428,4,17815.5594859175,0.0509933939076624
2014,UF,35,14,male,350756.68276279,23529.7169163337,350984.60296336,10068.2306653188,23455.1511131614,4,227.920200570021,0.000649795746654837
2014,UF,35,15,combined,683332.72411351,32831.7584389244,685835.8680182,17607.7968505752,30901.0531712504,4,2503.14390468993,0.00366314068733832
2014,UF,35,15,female,364925.99085992,25055.9308344047,342767.3605791,18587.3113475344,21720.8824650079,4,-22158.63028082,-0.060720888168598
2014,UF,35,15,male,318406.73325359,21130.5058870739,343068.5074391,9839.49507127008,21050.8872840783,4,24661.77418551,0.0774536830094875
2014,UF,35,16,combined,659133.19185003,33071.4336404403,668869.9649359,8415.94281820045,30862.5541208918,4,9736.77308586996,0.0147720873508754
2014,UF,35,16,female,317512.55784325,23159.029683738,338662.731029153,11208.7686302294,21333.4045065244,4,21150.1731859025,0.0666120840371422
2014,UF,35,16,male,341620.63400678,23111.3517177222,330207.233906748,12581.8453342456,22272.8447282197,4,-11413.4001000325,-0.0334095747267011
2014,UF,35,17,combined,707684.47029179,34043.3926538322,656130.69730771,16858.9166688169,29423.8227320906,4,-51553.7729840799,-0.072848529462323
2014,UF,35,17,female,342103.40570867,23435.6875252986,336543.209596415,13431.3220725796,21027.1287989317,4,-5560.19611225498,-0.0162529691884739
2014,UF,35,17,male,365581.06458312,23992.5295484426,319587.487711295,9650.72249844009,19991.3706556408,4,-45993.576871825,-0.12580951621297
2014,UF,35,18,combined,651649.68822421,34202.2960295245,673148.434706823,18799.9008208292,31751.9728427813,4,21498.7464826125,0.0329912633599166
2014,UF,35,18,female,326432.22603906,24805.3642958113,347878.334239398,16375.3619644199,22417.1812310447,4,21446.1082003375,0.0656985018316523
2014,UF,35,18,male,325217.46218515,22950.4663870294,325270.100467425,8793.37890917189,21130.1967504604,4,52.638282275002,0.000161855645515844
2014,UF,35,19,combined,713060.1926856,45760.4552634646,666145.002820323,14567.8285073985,33271.0571612866,4,-46915.1898652775,-0.0657941508255856
2014,UF,35,19,female,369383.1635215,31286.0638641419,328141.584431998,12366.635313341,22441.5986429247,4,-41241.5790895025,-0.111649861613419
2014,UF,35,19,male,343677.0291641,27372.1171127113,338003.418388325,11351.2940818018,22797.6381490089,4,-5673.61077577499,-0.0165085539454717
2014,UF,41,14,combined,176886.86779808,10129.348151744,186329.130618083,5507.0813638332,9117.5660118292,4,9442.26282000251,0.0533802364050057
2014,UF,41,14,female,83702.28622566,7066.62026222527,91163.088138505,3820.68331456489,6651.50561480126,4,7460.801912845,0.0891349836339093
2014,UF,41,14,male,93184.58157242,7372.68050539877,95166.0424795775,2885.24451694181,6341.85240738368,4,1981.46090715751,0.0212638279179006
2014,UF,41,15,combined,193803.88805197,10314.129466426,183836.346685298,5234.65152856003,9269.60876832732,4,-9967.54136667249,-0.0514310701754323
2014,UF,41,15,female,91870.39097173,6760.26944009061,93356.699868785,2103.36191275663,6381.08618700319,4,1486.308897055,0.0161783234112105
2014,UF,41,15,male,101933.49708024,7873.34920070061,90479.6468165125,7258.97685444786,6504.10247265091,4,-11453.8502637275,-0.112365911028357
2014,UF,41,16,combined,177566.89687615,9980.57694487552,188438.56149752,4807.59154999154,10313.8279490622,4,10871.66462137,0.0612257397782473
2014,UF,41,16,female,92743.2156118,6929.05892819138,91538.97002917,5647.90717824605,7225.35508292462,4,-1204.24558263,-0.0129847296612042
2014,UF,41,16,male,84823.68126435,6651.8250967263,96899.59146835,4952.14053690964,6594.51641088376,4,12075.910204,0.142364844628304
2014,UF,41,17,combined,176567.23954761,9314.05882388439,176996.841567295,2659.05209767315,9080.49168411591,4,429.60201968503,0.00243307887004254
2014,UF,41,17,female,89514.49729739,6848.29921482796,90787.1391702225,3995.7410461294,6690.21480736119,4,1272.64187283251,0.0142171593569304
2014,UF,41,17,male,87052.74225022,6309.38483384772,86209.7023970725,6086.51864783823,6126.88903608245,4,-843.039853147508,-0.00968424234958982
2014,UF,41,18,combined,196686.0395881,10558.0487797921,192357.792039895,4737.33042216669,9079.28861794705,4,-4328.24754820499,-0.022005870662042
2014,UF,41,18,female,93864.91092791,6877.6814885384,98715.03955042,5599.94195481983,6681.66804729325,4,4850.12862251001,0.0516713708516167
2014,UF,41,18,male,102821.12866019,7492.42230621468,93642.752489475,6452.175242251,6304.53938592872,4,-9178.376170715,-0.0892654680055915
2014,UF,41,19,combined,171119.37933977,9534.33485574759,171493.26905534,8533.88863824963,8940.60889014194,4,373.889715569996,0.00218496418706388
2014,UF,41,19,female,91345.22759645,6926.19177795959,87811.3203780975,6221.04229938984,6225.15240311522,4,-3533.9072183525,-0.0386873765749951
2014,UF,41,19,male,79774.15174332,6592.15323882069,83681.9486772425,2753.84949837199,6204.13208727994,4,3907.79693392249,0.0489857535119415
2014,UF,42,14,combined,120030.32625287,5981.98609720128,114409.543824,3401.62924313722,5228.32674382845,4,-5620.78242887001,-0.0468280192543058
2014,UF,42,14,female,55581.72799073,4098.77808960997,51351.341287745,3269.57667676864,3402.14751668557,4,-4230.386702985,-0.0761111044206929
2014,UF,42,14,male,64448.59826214,4376.52162222706,63058.202536255,933.739678978715,3983.05109615233,4,-1390.395725885,-0.0215737155404011
2014,UF,42,15,combined,98965.60906676,4955.0779257108,108418.402448113,4410.23343226668,5293.22550068827,4,9452.7933813525,0.0955159420579715
2014,UF,42,15,female,47629.90698563,3637.01008885012,51350.6447119975,4333.98096748179,3515.85993032883,4,3720.7377263675,0.0781176777752275
2014,UF,42,15,male,51335.70208113,3710.2115682423,57067.757736115,2855.48742774157,3920.79754459785,4,5732.055654985,0.111658269442311
2014,UF,42,16,combined,106085.34702062,5644.96382424419,105726.330832315,1782.00566758005,5339.61708995196,4,-359.016188305002,-0.00338422033191087
2014,UF,42,16,female,55207.59104449,3976.87661742835,55480.0884528675,3381.41196266965,3910.25704552269,4,272.497408377501,0.00493586847790378
2014,UF,42,16,male,50877.75597613,4016.92674976053,50246.2423794475,3823.01905065084,3522.78259405916,4,-631.513596682497,-0.012412371272404
2014,UF,42,17,combined,103105.1263087,5762.78524120953,107211.02452089,2750.36472362703,5272.21789596248,4,4105.89821219,0.0398224449082853
2014,UF,42,17,female,48019.2920466,4005.46473152563,53106.61357712,2712.71196376801,3659.13625270393,4,5087.32153052,0.105943284744453
2014,UF,42,17,male,55085.8342621,4032.16107462505,54104.41094377,3158.60244813762,3569.56114024563,4,-981.423318330002,-0.017816255875519
2014,UF,42,18,combined,114995.686276,6192.86120555803,113857.981838275,1558.33530629776,5493.43598864495,4,-1137.70443772498,-0.00989345317696866
2014,UF,42,18,female,57254.05848786,4085.18335648624,55262.4646149375,1216.18541547701,3738.80457337144,4,-1991.5938729225,-0.0347851999582666
2014,UF,42,18,male,57741.62778814,4467.25537495631,58595.5172233375,634.743741059572,3850.68070478395,4,853.889435197496,0.0147881081276493
2014,UF,42,19,combined,111680.46738722,5482.73852115,108942.540875458,4062.54535217516,5088.50396225369,4,-2737.92651176249,-0.0245157150199731
2014,UF,42,19,female,52174.56621349,3922.77309493643,53591.251197145,903.189124822326,3630.55637119409,4,1416.684983655,0.0271527889251279
2014,UF,42,19,male,59505.90117373,3926.55463375171,55351.2896783125,3299.92979435715,3478.23802162088,4,-4154.6114954175,-0.0698184787301672
2014,UF,43,14,combined,171653.71781239,9592.1245423527,175835.214142143,3589.0910740112,8888.17012454715,4,4181.4963297525,0.0243600685324083
2014,UF,43,14,female,83889.90545562,7152.90014034407,85620.27346454,3327.04404162828,6302.2426087605,4,1730.36800892001,0.0206266534635138
2014,UF,43,14,male,87763.81235677,6785.30744601911,90214.9406776025,2719.47815122283,6626.84141717494,4,2451.1283208325,0.0279286901401729
2014,UF,43,15,combined,191137.97235639,11275.1194272301,176678.669294953,13671.9501556991,9388.08438781391,4,-14459.3030614375,-0.0756485112988283
2014,UF,43,15,female,90067.52755433,7149.75607197296,85566.1076436675,7314.93653157856,6433.737865275,4,-4501.41991066249,-0.0499782777754965
2014,UF,43,15,male,101070.44480206,8319.43142035265,91112.561651285,6660.90492798103,6776.11429646577,4,-9957.883150775,-0.0985241844960401
2014,UF,43,16,combined,174180.30885619,10660.3414219295,177130.341571668,7415.60958209815,9272.18575019915,4,2950.03271547749,0.0169366602622869
2014,UF,43,16,female,87287.88715608,7968.20904754935,86219.871852305,6620.5381856136,6450.37181590859,4,-1068.015303775,-0.0122355499551189
2014,UF,43,16,male,86892.42170011,7069.79100062847,90910.4697193625,2678.08053771946,6529.48329723429,4,4018.0480192525,0.0462416392665393
2014,UF,43,17,combined,162974.4549013,9901.57422302823,165823.298847335,11575.5888007067,8528.13115667394,4,2848.84394603499,0.0174803097071888
2014,UF,43,17,female,75728.74994282,6481.63704366216,77833.58852708,7902.86206760125,5864.79515036057,4,2104.83858426001,0.0277944451195787
2014,UF,43,17,male,87245.70495848,6784.24187329267,87989.710320255,5988.34596473889,6054.47924374017,4,744.005361774995,0.00852770187517042
2014,UF,43,18,combined,159440.94441669,9607.44665085589,167575.95065511,5003.83308671226,8760.20237536501,4,8135.00623842,0.0510220650547554
2014,UF,43,18,female,91380.35894756,7456.00768551323,82486.49410766,4252.07453068528,6209.95272640291,4,-8893.86483990001,-0.097327970061968
2014,UF,43,18,male,68060.58546913,5984.24379770268,85089.45654745,5937.68960030903,6237.22206668888,4,17028.87107832,0.250201654319352
2014,UF,43,19,combined,154803.39940396,9166.32073084549,168145.564273023,10405.279999059,9037.86142749522,4,13342.1648690625,0.086187802854678
2014,UF,43,19,female,74241.07410952,6333.92597832161,83680.82905589,7582.6449577994,6507.7719107184,4,9439.75494637,0.127150031968079
2014,UF,43,19,male,80562.32529444,6614.68770586273,84464.7352171325,5061.93392046667,6294.88009655749,4,3902.4099226925,0.0484396386081203
2014,UF,50,14,combined,47761.06341923,3602.42903604481,47910.7030190775,4345.49700079448,4068.73883959525,4,149.639599847498,0.00313308768973617
2014,UF,50,14,female,23882.85128294,2656.31248460471,23069.9591123875,1391.27695753501,2733.31650862345,4,-812.892170552499,-0.0340366466684472
2014,UF,50,14,male,23878.21213629,2628.09454034359,24840.74390669,3024.18144669275,2550.24497289081,4,962.531770400001,0.0403100435202663
2014,UF,50,15,combined,45938.43375084,3500.93306376979,46658.4810073925,5368.56465043809,3730.29851233023,4,720.047256552505,0.0156741794998472
2014,UF,50,15,female,22249.96721473,2339.31894017406,25856.8840238175,2143.85023013775,2909.0312213281,4,3606.9168090875,0.162108859499785
2014,UF,50,15,male,23688.46653611,2700.70146921037,20801.596983575,3241.2385738107,2175.96882108115,4,-2886.869552535,-0.121868148287874
2014,UF,50,16,combined,42537.26914935,3517.79539779458,42335.163557225,1358.39537366196,3171.30037969269,4,-202.105592125001,-0.00475125921730895
2014,UF,50,16,female,20264.55930999,2362.08324161544,21617.907247275,1349.71465047826,2248.27328942127,4,1353.347937285,0.0667839806720016
2014,UF,50,16,male,22272.70983936,2604.663357944,20717.25630995,1624.4236449098,2179.61926744251,4,-1555.45352941,-0.0698367437383495
2014,UF,50,17,combined,41128.90241239,3357.68017641767,45695.14122908,3996.84068117464,3382.15852547808,4,4566.23881669,0.111022627613676
2014,UF,50,17,female,22488.28278724,2359.45999177659,25098.1438738725,1962.22100042741,2373.85258596479,4,2609.8610866325,0.116054263072205
2014,UF,50,17,male,18640.61962515,2226.15555496609,20596.9973552075,2395.78390164963,2234.47473358472,4,1956.3777300575,0.104952398010308
2014,UF,50,18,combined,48250.31423989,3670.8349067378,45335.6075398725,1950.75666443532,3327.73310373036,4,-2914.7067000175,-0.0604080355938454
2014,UF,50,18,female,25424.61739783,2744.18511681146,23677.7013365075,2821.62208073955,2300.10431627664,4,-1746.9160613225,-0.0687096302763478
2014,UF,50,18,male,22825.69684206,2361.91023702651,21657.906203365,2073.42248246625,2252.18256234427,4,-1167.790638695,-0.0511612261730891
2014,UF,50,19,combined,43433.65579645,3466.22589835497,43190.415576625,3191.48338477068,3199.10771237904,4,-243.240219825006,-0.00560027046686884
2014,UF,50,19,female,22832.47867709,2587.3979303912,21735.11533341,2285.5804376377,2256.61926426032,4,-1097.36334368,-0.0480615074341923
2014,UF,50,19,male,20601.17711936,2449.09198315429,21455.300243215,1462.70093775409,2266.15557580531,4,854.123123855003,0.041459918474869
2014,UF,51,14,combined,63371.25930316,3994.87233866668,56765.2246146175,3380.63244606097,3751.5845563614,4,-6606.0346885425,-0.104243386689541
2014,UF,51,14,female,30108.37933146,2872.55868480077,29924.919789955,1659.02189319787,2707.11721066669,4,-183.459541505003,-0.0060933051057088
2014,UF,51,14,male,33262.8799717,2986.0048958223,26840.3048246625,2006.93220728049,2557.02991781381,4,-6422.5751470375,-0.19308535979151
2014,UF,51,15,combined,52762.90605202,4121.65230215192,51723.9412050525,2731.01006864587,3810.74793162466,4,-1038.9648469675,-0.0196911983191973
2014,UF,51,15,female,25357.1231978,2857.06171516302,25887.6160663975,3162.35082837428,2665.6529421747,4,530.492868597503,0.0209208617420579
2014,UF,51,15,male,27405.78285422,3161.45937884497,25836.325138655,863.145018198164,2606.54563028135,4,-1569.457715565,-0.0572673922111053
2014,UF,51,16,combined,56224.57250657,5530.37107928643,55290.7850982825,2026.13009296194,4397.62098382185,4,-933.787408287499,-0.0166081726664686
2014,UF,51,16,female,30335.8553285,3414.14496465179,27073.8066298075,1668.21919870577,2816.23487074704,4,-3262.0486986925,-0.107531126561903
2014,UF,51,16,male,25888.71717807,3576.56776330847,28216.978468475,2696.01628346171,3113.72555417638,4,2328.261290405,0.0899334360366546
2014,UF,51,17,combined,61508.80740733,4570.88454083507,60443.6534137275,4086.66573312584,4377.38602284066,4,-1065.1539936025,-0.0173170971524245
2014,UF,51,17,female,27718.75180739,2987.3246856204,29982.703827295,2252.06413570487,3248.76920985563,4,2263.952019905,0.0816758285379004
2014,UF,51,17,male,33790.05559994,3235.56978764453,30460.9495864325,1842.58893538884,2936.62550978211,4,-3329.1060135075,-0.098523247576823
2014,UF,51,18,combined,47815.33476935,3574.18689129502,54735.087020565,1770.32232594279,4017.97440779832,4,6919.752251215,0.1447182642262
2014,UF,51,18,female,25464.00894609,2881.92622367778,27964.1857016175,1117.23509279142,2874.57640335882,4,2500.1767555275,0.0981847265613453
2014,UF,51,18,male,22351.32582326,2609.39493676261,26770.9013189475,2094.52756036175,2711.94683264907,4,4419.5754956875,0.197732140394475
2014,UF,51,19,combined,55386.9949783,4449.60376991256,53388.63793132,3152.09752716228,4455.19992689727,4,-1998.35704698,-0.0360798965129437
2014,UF,51,19,female,28401.6467035,3146.01688107858,29063.3489930375,1844.44638010285,3088.67479070285,4,661.702289537501,0.023298025513991
2014,UF,51,19,male,26985.3482748,2656.74749958,24325.2889382825,1640.22892477038,2591.68345009151,4,-2660.0593365175,-0.0985742081009778
2014,UF,52,14,combined,105229.41443672,7845.61067856595,112227.53164448,6322.66718394381,7157.15219350487,4,6998.11720775999,0.0665034320034949
2014,UF,52,14,female,50468.44501946,5072.97524625293,50507.832072605,5114.75327515084,4658.6192365592,4,39.3870531450011,0.000780429298541177
2014,UF,52,14,male,54760.96941726,5393.92663038168,61719.699571875,1572.95917052302,5225.82858969846,4,6958.730154615,0.127074634153969
2014,UF,52,15,combined,112727.77434619,8359.95652063973,115119.38508553,5542.54816300835,7215.45971469489,4,2391.61073934,0.0212158073128926
2014,UF,52,15,female,49586.38426319,5127.28161335116,55152.45699471,3656.0383250267,4846.18986147201,4,5566.07273152,0.11225002214271
2014,UF,52,15,male,63141.390083,6046.95130717436,59966.92809082,2469.70442119086,5136.72250394133,4,-3174.46199218,-0.0502754530428794
2014,UF,52,16,combined,104466.5376851,7563.37373223425,108695.31636378,5566.97467184664,6767.10463049104,4,4228.77867868,0.0404797437762039
2014,UF,52,16,female,48638.26577202,4790.12683136002,48695.1788700825,3492.12294359488,4490.92164711196,4,56.9130980624977,0.00117013008500887
2014,UF,52,16,male,55828.27191308,5351.45389526697,60000.1374936975,2816.27136045206,4943.1431101614,4,4171.86558061749,0.0747267547007857
2014,UF,52,17,combined,113068.84157874,8371.28512262447,111881.701250633,3027.72734541913,6999.43162429826,4,-1187.1403281075,-0.0104992702811127
2014,UF,52,17,female,57137.92489854,5656.45694504053,57416.3522091675,3280.55798978222,4927.78067678453,4,278.4273106275,0.00487289853668827
2014,UF,52,17,male,55930.9166802,5763.82962304064,54465.349041465,3517.3874866803,4969.91838132033,4,-1465.567638735,-0.0262031757340002
2014,UF,52,18,combined,118151.4188298,8774.74559503874,114530.014629718,6025.68327099979,7504.30792456022,4,-3621.4042000825,-0.0306505350164201
2014,UF,52,18,female,59859.39217564,6168.51089998608,61032.9061455525,1372.33410081151,5694.93041678945,4,1173.5139699125,0.0196045086202874
2014,UF,52,18,male,58292.02665416,5552.50400631106,53497.108484165,4901.25506986724,4735.09080412343,4,-4794.918169995,-0.082256844464213
2014,UF,52,19,combined,111280.9013377,8428.31252807404,114399.49152543,2996.65820896894,7501.65829129775,4,3118.59018773001,0.0280244871333863
2014,UF,52,19,female,65669.91643439,6130.36736355015,60705.6872639275,5418.39821771277,5449.50777141662,4,-4964.2291704625,-0.0755936574918928
2014,UF,52,19,male,45610.98490331,5670.12870838869,53693.8042615025,4782.35663832939,5013.64977830588,4,8082.81935819249,0.177212120618029
2014,UF,53,14,combined,45270.56741049,3999.63885508269,42759.58297153,3144.95129561589,3896.85161517712,4,-2510.98443896,-0.0554661578723258
2014,UF,53,14,female,20049.27800074,2731.20375325772,19123.006682825,2296.31350661004,2402.68485603592,4,-926.271317915001,-0.0461997343685301
2014,UF,53,14,male,25221.28940975,2998.73143894612,23636.576288705,1550.66115363647,2802.43567095499,4,-1584.713121045,-0.0628323594126946
2014,UF,53,15,combined,48638.26097769,4999.24110401595,44325.3331614975,5121.31542523695,3786.69462553325,4,-4312.9278161925,-0.0886735612971608
2014,UF,53,15,female,23013.35313148,3339.7195156575,20950.4750575125,3216.08156470385,2491.43215764764,4,-2062.8780739675,-0.0896383096449202
2014,UF,53,15,male,25624.90784621,3198.50493757445,23374.858103985,2416.43756642042,2696.4032498996,4,-2250.049742225,-0.0878071349847914
2014,UF,53,16,combined,44085.01712182,3842.88885702915,46220.3844448275,2511.80497126211,3781.7448444051,4,2135.3673230075,0.0484374842615314
2014,UF,53,16,female,22609.98334742,2803.85583998865,22782.5028801875,1674.86071002531,2687.52962851383,4,172.519532767503,0.00763023705575568
2014,UF,53,16,male,21475.0337744,2783.06850363943,23437.88156464,3095.08259358566,2763.56546482382,4,1962.84779024,0.0914013831531141
2014,UF,53,17,combined,49172.38960119,4446.90097775462,44461.1300994325,2842.44220374737,3656.44409239028,4,-4711.2595017575,-0.095811074872869
2014,UF,53,17,female,26710.93815061,3258.87619838224,22259.576001165,1298.03809338984,2627.61517170005,4,-4451.362149445,-0.166649412474617
2014,UF,53,17,male,22461.45145058,2680.79634201099,22201.5540982675,3404.49853986454,2537.72981062605,4,-259.897352312499,-0.0115708173572099
2014,UF,53,18,combined,47725.40857552,3983.38041142293,51960.745733855,2326.89401470659,4121.65519131922,4,4235.337158335,0.088743863798108
2014,UF,53,18,female,27037.16879082,3218.61470165011,27050.7327867625,2018.9513407342,3049.70856482773,4,13.5639959424989,0.000501679596981482
2014,UF,53,18,male,20688.2397847,2610.31578360648,24910.0129470925,846.021214833517,2730.72475419057,4,4221.7731623925,0.204066329776142
2014,UF,53,19,combined,42298.52899987,4104.64293240709,45106.070428375,1730.71413544221,3729.52927690344,4,2807.541428505,0.0663744459887394
2014,UF,53,19,female,24576.00157942,3172.06380452228,24440.494904145,1087.36701657585,2656.40606484119,4,-135.506675274999,-0.00551378037786556
2014,UF,53,19,male,17722.52742045,2570.80250893079,20665.57552423,1626.22260991893,2432.67826909313,4,2943.04810378,0.166062550445487
2015,Brazil,Brazil,14,combined,3347583.34846279,55621.4186564634,3324770.84682889,120430.332004699,47325.503002549,4,-22812.5016338974,-0.00681461796742803
2015,Brazil,Brazil,14,female,1600482.00436669,37058.6154786917,1635892.46797193,61620.2635406919,32862.2154449163,4,35410.4636052374,0.0221248745744251
2015,Brazil,Brazil,14,male,1747101.3440961,39962.2267682389,1688878.37885696,60161.2704035222,33471.6329212387,4,-58222.9652391351,-0.0333254653119496
2015,Brazil,Brazil,15,combined,3532103.13112723,58508.6468345873,3540707.13157698,15740.3211050269,50349.7707930392,4,8604.00044974499,0.00243594259010187
2015,Brazil,Brazil,15,female,1785416.50214398,43194.4091680716,1745525.6493394,12434.2706204183,36113.7622386959,4,-39890.85280458,-0.022342603396282
2015,Brazil,Brazil,15,male,1746686.62898325,37133.2501565901,1795181.48223758,5878.39357949624,33469.9030592524,4,48494.8532543252,0.0277639116540064
2015,Brazil,Brazil,16,combined,3342296.2110992,57525.0899737563,3426529.68128566,55113.2575127347,50521.45861763,4,84233.4701864575,0.0252022755813002
2015,Brazil,Brazil,16,female,1662993.08848514,38776.6165846652,1687246.26366823,35250.4184695399,34134.0876862294,4,24253.1751830876,0.0145840504996809
2015,Brazil,Brazil,16,male,1679303.12261406,40993.9904139627,1739283.41761743,24966.4174959335,36572.0334534152,4,59980.2950033699,0.0357173724002862
2015,Brazil,Brazil,17,combined,3410845.9120709,54964.7524137017,3390595.00094681,27911.4289753191,49537.8034656158,4,-20250.9111240879,-0.00593721078176542
2015,Brazil,Brazil,17,female,1641248.72755172,34175.3468828278,1642729.12617986,13240.1029707211,32190.5469239014,4,1480.39862813498,0.000901995293756185
2015,Brazil,Brazil,17,male,1769597.18451918,42639.6088314584,1747865.87476696,35305.2034354961,36409.7217074563,4,-21731.3097522226,-0.0122803708902415
2015,Brazil,Brazil,18,combined,3355530.11334714,54428.0100647564,3380333.69209846,26425.9868866205,47414.6039075891,4,24803.5787513247,0.00739185103798193
2015,Brazil,Brazil,18,female,1674595.3775611,35957.8587391703,1696346.86807996,17478.3446209051,32779.4441980204,4,21751.4905188598,0.012989102209597
2015,Brazil,Brazil,18,male,1680934.73578604,41343.1345354468,1683986.82401851,9732.34302207179,33964.8323071396,4,3052.08823246486,0.00181570894305878
2015,Brazil,Brazil,19,combined,3344979.28389598,53849.1115652845,3269027.14727351,24351.582016309,48449.4759458228,4,-75952.1366224676,-0.0227063100175629
2015,Brazil,Brazil,19,female,1695162.29989334,37733.9838007322,1651551.37476641,11679.0351834145,33611.4744145231,4,-43610.9251269326,-0.0257266959804831
2015,Brazil,Brazil,19,male,1649816.98400264,36576.5123439839,1617475.77250711,17239.5685805563,32625.3418859239,4,-32341.211495535,-0.0196029085705444
2015,UF,11,14,combined,29329.19346691,3244.14779132124,27874.008313985,3989.92192479507,2451.94424487492,4,-1455.185152925,-0.0496155870964124
2015,UF,11,14,female,15162.40096788,2376.1361534383,13544.39604572,1647.52828283273,1779.5887732442,4,-1618.00492216,-0.106711656391859
2015,UF,11,14,male,14166.79249903,1625.43661816937,14329.612268265,2471.53726418546,1543.47777345701,4,162.819769235,0.0114930580966827
2015,UF,11,15,combined,31977.8975706,3729.63294407408,33136.2940573475,1855.48610049447,3020.67994686283,4,1158.3964867475,0.0362249107900237
2015,UF,11,15,female,15444.4194137,2168.37456324486,15948.8243283425,1359.70520020145,2035.13680506357,4,504.404914642501,0.0326593639509082
2015,UF,11,15,male,16533.4781569,2532.81567966137,17187.469729005,674.3904591369,2030.05379907589,4,653.991572104998,0.0395555953743505
2015,UF,11,16,combined,31546.89670584,2705.92193019886,29794.7607795175,1267.81651707011,2472.19472748551,4,-1752.1359263225,-0.0555406746552711
2015,UF,11,16,female,16648.29762645,2046.41080941858,14026.7170487475,561.415497970835,1775.94496572775,4,-2621.5805777025,-0.157468387250445
2015,UF,11,16,male,14898.59907939,1865.48288338983,15768.04373077,1596.41149049916,1782.13620084334,4,869.444651379999,0.0583574768840345
2015,UF,11,17,combined,27875.36050009,2542.41021067183,29769.9937320425,1565.6950917527,2430.57851067399,4,1894.6332319525,0.0679680261694332
2015,UF,11,17,female,13663.18578065,1966.14992571863,13567.5282189925,668.325883421767,1712.0600716494,4,-95.6575616574992,-0.00700111695714266
2015,UF,11,17,male,14212.17471944,1738.66352241113,16202.46551305,1293.32914659095,1781.55760002793,4,1990.29079361,0.140041255676909
2015,UF,11,18,combined,36305.351095,3548.66593987542,32347.43037347,2268.82407841974,3011.09964517362,4,-3957.92072153,-0.109017558077687
2015,UF,11,18,female,15124.84079144,1824.09242839075,14936.924074795,1140.73673048511,2090.60538791306,4,-187.916716645001,-0.0124243765098905
2015,UF,11,18,male,21180.51030356,2856.73064787293,17410.506298675,1417.42246042485,1963.44936240024,4,-3770.004004885,-0.177994011988056
2015,UF,11,19,combined,28073.98130171,3041.11167516229,29886.8150260525,1005.48039231487,2563.66590644832,4,1812.8337243425,0.0645734463117307
2015,UF,11,19,female,15676.81229092,2128.12084121081,16417.4110447425,546.124730827834,2062.68923703145,4,740.598753822502,0.0472416675073322
2015,UF,11,19,male,12397.16901079,1756.86374395509,13469.40398131,1177.84592355463,1506.83224514585,4,1072.23497052,0.0864903083588496
2015,UF,12,14,combined,18474.11839833,1605.93894276341,18049.3115097075,1484.65452719928,1339.62208145462,4,-424.806888622501,-0.0229947042377352
2015,UF,12,14,female,9055.78412864,1117.49057256558,9633.1597495675,1095.4856803012,971.655909509847,4,577.3756209275,0.0637576617028094
2015,UF,12,14,male,9418.33426969,1090.93543799939,8416.15176014,467.91517517478,887.418232597815,4,-1002.18250955,-0.106407617403771
2015,UF,12,15,combined,18883.3862634,1588.74449171183,18758.11864531,766.531585765252,1431.59015068465,4,-125.267618089998,-0.00663374758862997
2015,UF,12,15,female,9144.30730883,951.202998760582,9277.81047404,523.185203706869,957.750674504268,4,133.503165209999,0.0145995930256067
2015,UF,12,15,male,9739.07895457,1166.04532929626,9480.30817127,836.516210556198,967.357261593665,4,-258.7707833,-0.0265703548053252
2015,UF,12,16,combined,17924.74040287,1553.47595670744,18044.282183855,652.198453036691,1363.09569631434,4,119.541780985001,0.0066690941290207
2015,UF,12,16,female,8906.03922293,959.930889645068,8854.531533215,330.405095305938,843.906596245679,4,-51.5076897149993,-0.00578345641936818
2015,UF,12,16,male,9018.70117994,995.359231767634,9189.75065064,822.781481755559,990.767083925961,4,171.0494707,0.0189660869439226
2015,UF,12,17,combined,17270.17479207,1406.61787395919,17089.8350539,1561.93307142689,1277.59978280448,4,-180.339738170002,-0.0104422647912521
2015,UF,12,17,female,9136.87888908,1076.70919413993,8633.016499805,771.070306625753,925.247645144138,4,-503.862389275,-0.0551460072297986
2015,UF,12,17,male,8133.29590299,899.608762911302,8456.818554095,810.106597200723,842.293580385336,4,323.522651105,0.0397775581958188
2015,UF,12,18,combined,17268.75856168,1390.20263989089,16832.4799913975,1344.80555671079,1215.22567639675,4,-436.278570282499,-0.0252640378707139
2015,UF,12,18,female,7799.25620315,813.616815705267,7936.0331884875,874.370963911964,830.789866128526,4,136.776985337499,0.0175371832614317
2015,UF,12,18,male,9469.50235853,1054.59648440395,8896.44680291,795.604798473915,885.582923454385,4,-573.05555562,-0.0605159103322678
2015,UF,12,19,combined,15808.37122293,1378.25019921525,15579.5086163225,782.233573945624,1239.94519471995,4,-228.862606607501,-0.0144773046748508
2015,UF,12,19,female,8276.06734613,985.855626964745,8030.3321343225,227.665652706049,840.771857371555,4,-245.7352118075,-0.0296922682634293
2015,UF,12,19,male,7532.3038768,884.276803425855,7549.176482,871.583181092447,820.000327764743,4,16.8726052000002,0.00224003246230797
2015,UF,13,14,combined,79834.08146709,5649.91695825823,80947.3402813475,9207.82631100584,4978.32645966816,4,1113.2588142575,0.0139446561393259
2015,UF,13,14,female,35137.66970381,3545.92312870012,39972.81390691,5562.41198273573,3388.41437255739,4,4835.1442031,0.137605716140468
2015,UF,13,14,male,44696.41176328,4406.60752169659,40974.5263744375,3702.71419109338,3468.49890617795,4,-3721.8853888425,-0.0832703396539806
2015,UF,13,15,combined,85450.14839921,5531.82360355245,86311.4957731825,1781.64289986159,4921.69082956123,4,861.347373972502,0.0100801156008345
2015,UF,13,15,female,42087.17971825,3618.80753674244,41744.086636355,2283.13114301541,3514.2820599242,4,-343.093081895,-0.0081519618133554
2015,UF,13,15,male,43362.96868096,4172.89210575157,44567.4091368275,2985.00394573872,3381.20455671587,4,1204.44045586749,0.0277757840965428
2015,UF,13,16,combined,79132.99878151,5147.25204489134,76679.2898776925,1737.47048604706,4556.40543062844,4,-2453.7089038175,-0.0310074045164434
2015,UF,13,16,female,40762.564134,3757.95929784551,36678.846896175,3035.64614788998,3253.81738246978,4,-4083.717237825,-0.100183031283324
2015,UF,13,16,male,38370.43464751,3729.92463418109,40000.4429815175,1564.20142239914,3172.25457012507,4,1630.00833400749,0.0424808410168288
2015,UF,13,17,combined,78137.38908717,5452.13242954972,70127.5103416725,3050.00351963366,4747.41523971272,4,-8009.8787454975,-0.102510191843775
2015,UF,13,17,female,42187.91496174,4029.35943043214,35667.5742830525,3470.55980321336,3247.87237640708,4,-6520.34067868751,-0.154554703274641
2015,UF,13,17,male,35949.47412543,3577.61019932241,34459.93605862,1412.12348590869,3220.36425865556,4,-1489.53806681,-0.0414342101810144
2015,UF,13,18,combined,80946.70750191,5795.40432476541,76751.761645695,668.747037891752,4785.79203417615,4,-4194.945856215,-0.0518235513917106
2015,UF,13,18,female,38519.84738595,4011.09003753912,38477.727264975,779.55057936518,3415.22996050947,4,-42.1201209749997,-0.00109346541674936
2015,UF,13,18,male,42426.86011596,3883.9488115275,38274.03438072,1318.36910386668,3309.28506683264,4,-4152.82573524,-0.0978819956011264
2015,UF,13,19,combined,76420.27471459,5737.10818208089,71031.5506271375,1916.39282030669,5062.38088209498,4,-5388.7240874525,-0.0705143249952712
2015,UF,13,19,female,37734.13867117,3727.81681340193,35194.0393959275,3450.34539793682,3344.94832969434,4,-2540.0992752425,-0.0673156818916132
2015,UF,13,19,male,38686.13604342,3594.39395333057,35837.51123121,2002.71682084232,3179.61717784823,4,-2848.62481221,-0.073634255150548
2015,UF,14,14,combined,8568.68684683,919.706610483289,9169.7706127375,556.532644596344,866.314650118566,4,601.083765907501,0.0701488777279651
2015,UF,14,14,female,3339.71390716,523.138967805822,4459.7279939,228.850433295717,605.129682231696,4,1120.01408674,0.335362284876799
2015,UF,14,14,male,5228.97293967,752.997538052099,4710.0426188375,599.093251523784,596.379469719002,4,-518.9303208325,-0.0992413475494577
2015,UF,14,15,combined,10450.13175462,1082.48688851906,9900.5527984,390.749832577934,939.813257313587,4,-549.578956220001,-0.0525906246088268
2015,UF,14,15,female,5253.65310897,698.6143289619,4666.9679608,329.116129444376,611.596410475384,4,-586.68514817,-0.111671847379551
2015,UF,14,15,male,5196.47864565,795.063844281128,5233.5848376,320.639434911366,698.127687133185,4,37.1061919500007,0.00714064166915465
2015,UF,14,16,combined,10381.24124121,1069.99624499746,10725.9323072175,570.706358250323,936.997774234342,4,344.691066007499,0.0332032613440474
2015,UF,14,16,female,5887.86741242,832.460513689299,5308.9269544125,333.069537650492,663.798496562751,4,-578.9404580075,-0.098327699565087
2015,UF,14,16,male,4493.37382879,568.91336439023,5417.005352805,360.818712654055,644.262213528528,4,923.631524015001,0.205554124630606
2015,UF,14,17,combined,10604.72541856,973.028181916371,10539.6666080675,655.531182079293,933.186262709289,4,-65.0588104925009,-0.00613488873352981
2015,UF,14,17,female,4666.43787611,691.648428736245,5320.6288234,339.202856348139,681.290407480681,4,654.190947290001,0.140190647482774
2015,UF,14,17,male,5938.28754245,738.058590787018,5219.0377846675,615.843209672561,655.761823787439,4,-719.2497577825,-0.121120736010327
2015,UF,14,18,combined,10639.3291411,937.563531373311,10482.8156547425,455.554369077021,859.340981032656,4,-156.513486357499,-0.0147108416594504
2015,UF,14,18,female,4719.5353658,660.171602157476,5060.8621918,282.87092019483,625.77079217038,4,341.326826,0.0723221248586071
2015,UF,14,18,male,5919.7937753,759.005196413117,5421.9534629425,637.638764436284,664.597126857171,4,-497.8403123575,-0.0840975769180863
2015,UF,14,19,combined,9441.96899855,1044.20017245566,9733.308943345,845.480404223859,867.801008417731,4,291.339944795,0.0308558463642213
2015,UF,14,19,female,4338.27752584,633.683800070027,4383.79057703,394.272394002727,584.791999479578,4,45.5130511899997,0.0104910418752399
2015,UF,14,19,male,5103.69147271,771.527295138073,5349.518366315,523.548343371717,647.920428932669,4,245.826893605,0.0481664879077161
2015,UF,15,14,combined,161427.76674464,9891.50764552871,169768.600708755,10381.9025497373,8985.28707668991,4,8340.83396411501,0.0516691405222079
2015,UF,15,14,female,76768.78302573,6700.56854134108,84983.7015337025,3984.88866642604,6509.50677431398,4,8214.9185079725,0.107008580626049
2015,UF,15,14,male,84658.98371891,6840.0674350323,84784.8991750525,6458.00123319334,5931.84633046563,4,125.915456142495,0.00148732539195801
2015,UF,15,15,combined,157377.07751239,9658.99612887567,167064.954241913,5969.55855727579,8716.0010822374,4,9687.87672952248,0.0615583723033602
2015,UF,15,15,female,79057.66620628,7043.93152431685,80784.98885158,4776.08255193775,6248.33538611991,4,1727.3226453,0.0218488949672889
2015,UF,15,15,male,78319.41130611,6544.24844177517,86279.9653903325,2061.79204115237,5975.41155835599,4,7960.55408422249,0.101642159350621
2015,UF,15,16,combined,146181.56763555,8863.69227425469,158795.78913831,5873.26303856642,8078.71605135519,4,12614.22150276,0.0862914641482635
2015,UF,15,16,female,75096.43035334,6818.65469694635,74889.43118527,5457.3809901043,5814.87355770825,4,-206.999168070004,-0.00275644484159955
2015,UF,15,16,male,71085.13728221,5833.22132468694,83906.35795304,1383.37605573767,5743.10999360717,4,12821.22067083,0.18036429499924
2015,UF,15,17,combined,146308.02686513,9361.65616467073,151786.661768138,4060.90285964419,8806.52259980506,4,5478.63490300751,0.0374458942574479
2015,UF,15,17,female,75257.06109219,7191.31364113203,76481.598148035,6836.16944865774,6393.59681216059,4,1224.53705584501,0.0162713908578618
2015,UF,15,17,male,71050.96577294,6420.12186443552,75305.0636201025,4797.7344457037,5951.49916985557,4,4254.0978471625,0.0598738919433898
2015,UF,15,18,combined,155522.59289078,9749.00634836276,151076.373738663,12325.9047763081,8503.04304134301,4,-4446.2191521175,-0.0285888954747557
2015,UF,15,18,female,83291.58455223,7005.2823345274,75246.9296525325,4905.91329677173,6014.37954390844,4,-8044.65489969749,-0.0965842460909468
2015,UF,15,18,male,72231.00833855,6887.12960699805,75829.44408613,7589.8840082113,5871.38140611446,4,3598.43574757999,0.0498184343587447
2015,UF,15,19,combined,169143.39563507,9970.59957177973,153460.414308525,7165.07206624418,8375.72930553203,4,-15682.981326545,-0.0927200336002554
2015,UF,15,19,female,90749.9285518,7379.01725474984,77722.4027527325,6006.33862466339,6137.48967629105,4,-13027.5257990675,-0.143554116316812
2015,UF,15,19,male,78393.46708327,6346.04119414928,75738.0115557925,3542.5336264819,5792.74230978586,4,-2655.4555274775,-0.0338734288235634
2015,UF,16,14,combined,14696.77945892,2299.51533497277,16058.047876975,1719.0085054213,2079.71894715312,4,1361.268418055,0.0926235861305518
2015,UF,16,14,female,6250.10019802,1293.82254300631,7159.3559672775,1055.62697129035,1134.86180578233,4,909.2557692575,0.14547859081452
2015,UF,16,14,male,8446.6792609,1520.74441498894,8898.6919096975,1176.54518267061,1483.03944481103,4,452.012648797499,0.0535136513221099
2015,UF,16,15,combined,14271.62631758,2342.89985983975,14748.7666336225,1239.41356510935,1933.52621950022,4,477.140316042502,0.0334327921306875
2015,UF,16,15,female,8041.76461952,1859.86001705338,8152.582656855,976.803969346107,1342.93284535829,4,110.818037335,0.0137803134732404
2015,UF,16,15,male,6229.86169806,1127.53841417512,6596.1839767675,989.757561915916,1115.61124933132,4,366.3222787075,0.0588010290535943
2015,UF,16,16,combined,14239.87622326,1897.53577856956,15849.6021602125,1094.12780707693,1804.15350072914,4,1609.7259369525,0.113043534347799
2015,UF,16,16,female,6858.06847318,1084.55018042223,7553.1933503075,727.667340447323,1176.00488842123,4,695.1248771275,0.101358695942734
2015,UF,16,16,male,7381.80775008,1329.1339773479,8296.408809905,774.398568870447,1369.62074925054,4,914.601059825,0.123899333441065
2015,UF,16,17,combined,11468.22638353,1580.0952052423,12222.38230212,975.716744893639,1533.83877936309,4,754.155918590001,0.065760466646619
2015,UF,16,17,female,5670.19359836,1288.35989009821,5129.0156053325,1415.58977200962,993.215316071481,4,-541.1779930275,-0.0954425953258502
2015,UF,16,17,male,5798.03278517,1073.84503216926,7093.3666967875,1469.50340127046,1104.48377555241,4,1295.3339116175,0.223409207849024
2015,UF,16,18,combined,15069.28460107,2046.42502615402,14810.8585287675,400.997597493845,2133.34999530808,4,-258.4260723025,-0.0171491931530811
2015,UF,16,18,female,7035.07052889,1264.82946006625,6325.3377974425,752.335951504244,1248.40732866289,4,-709.7327314475,-0.100884948989912
2015,UF,16,18,male,8034.21407218,1668.07071348735,8485.520731325,830.236570290152,1426.96084459338,4,451.306659145,0.0561730936082143
2015,UF,16,19,combined,11674.78688271,1699.0676680623,13080.8788553525,810.737104881866,1647.722816509,4,1406.0919726425,0.120438341767496
2015,UF,16,19,female,5921.9839006,1239.92480358366,6617.3081042475,1143.71414617495,1149.35388339263,4,695.324203647499,0.117414065171142
2015,UF,16,19,male,5752.80298211,1162.98469439428,6463.570751105,435.984304064704,1098.37316528636,4,710.767768995001,0.123551557598155
2015,UF,17,14,combined,26967.94930129,2516.76293934972,29087.92135437,2976.46522578523,2427.13454428264,4,2119.97205308,0.0786107994121228
2015,UF,17,14,female,15360.37703953,2103.80097368656,16522.79968177,1176.02397090414,1873.81096258638,4,1162.42264224,0.0756766998133249
2015,UF,17,14,male,11607.57226176,1578.6394023459,12565.1216726,2259.34761213492,1531.15610461619,4,957.54941084,0.0824935127903146
2015,UF,17,15,combined,31021.54800885,2803.32328632005,29718.665801945,1792.99594769717,2499.11547739257,4,-1302.882206905,-0.0419992647218413
2015,UF,17,15,female,13526.03026081,1889.83922926398,16525.7986517225,2521.52821949307,1841.18590910614,4,2999.7683909125,0.221777441944956
2015,UF,17,15,male,17495.51774804,2115.15558123617,13192.8671502225,1323.58318350698,1674.22185354297,4,-4302.6505978175,-0.245928737850557
2015,UF,17,16,combined,27151.42049224,3516.06148332135,28692.39317749,2137.44513835512,2781.42559086604,4,1540.97268525,0.0567547722112889
2015,UF,17,16,female,12209.11645282,1955.12182465611,14264.2150558925,1317.55006331056,1754.28803041268,4,2055.0986030725,0.168324924331263
2015,UF,17,16,male,14942.30403942,2292.93534345644,14428.1781215975,895.555432370621,1796.31921412857,4,-514.125917822501,-0.0344074057431947
2015,UF,17,17,combined,28436.03207739,2892.65159315861,29219.1890792175,4380.89941471419,2588.37002475746,4,783.157001827502,0.027541008523837
2015,UF,17,17,female,11580.81301878,1555.68900600603,13057.1485058925,2319.90075440512,1565.53756533022,4,1476.3354871125,0.127481160840642
2015,UF,17,17,male,16855.21905861,2112.83717420226,16162.040573325,2185.35838717331,1894.98536543357,4,-693.178485285002,-0.0411254509878892
2015,UF,17,18,combined,32273.60590623,4054.11213373079,29851.5539758225,4559.20946616507,3185.44694580444,4,-2422.0519304075,-0.075047453248475
2015,UF,17,18,female,17147.90929116,2571.53688193199,14768.811203855,4007.18130247811,2013.83991474989,4,-2379.098087305,-0.138739833930161
2015,UF,17,18,male,15125.69661507,2634.42302459047,15082.7427719675,1107.0591315865,2100.32364088194,4,-42.9538431024994,-0.0028397927180229
2015,UF,17,19,combined,23903.59250002,2548.61668478783,25870.0813209625,2504.24214921135,2357.41235818806,4,1966.4888209425,0.0822675010436549
2015,UF,17,19,female,12468.52007754,2022.35958750554,12911.7624081525,1692.05646659332,1781.53445307844,4,443.242330612498,0.0355489126099999
2015,UF,17,19,male,11435.07242248,1601.3370792429,12958.31891281,1094.35561825929,1547.9460395832,4,1523.24649033,0.133208294101879
2015,UF,21,14,combined,143710.7856347,6688.66662852656,142374.086499583,4130.7188919425,5587.13222152999,4,-1336.69913511749,-0.00930131394949899
2015,UF,21,14,female,70781.52594244,4498.80211089151,70982.2899381025,3022.73932195946,3846.43977739513,4,200.763995662506,0.00283638976398685
2015,UF,21,14,male,72929.25969226,4870.76016109694,71391.79656148,4428.85048080501,4009.00852009266,4,-1537.46313078,-0.0210815677722171
2015,UF,21,15,combined,147855.42846861,6679.5044229901,146198.433843133,6275.23418667969,5904.25131978181,4,-1656.9946254775,-0.0112068568779623
2015,UF,21,15,female,75483.28479392,4911.19812092492,72102.021433445,2607.57812814982,4068.52705449763,4,-3381.263360475,-0.0447948624613559
2015,UF,21,15,male,72372.14367469,4478.36332372946,74096.4124096875,5213.30067529678,4157.60104538462,4,1724.2687349975,0.0238250333270218
2015,UF,21,16,combined,137947.26891356,6742.98244574729,137175.869776548,2885.16679130281,5756.03276060988,4,-771.399137012515,-0.00559198556874574
2015,UF,21,16,female,69156.79092373,4748.34984800094,69218.4803975525,870.525867496122,4121.2066003765,4,61.6894738224946,0.000892023371797706
2015,UF,21,16,male,68790.47798983,4634.43870660698,67957.389378995,2061.84834731789,3877.59612542471,4,-833.08861083501,-0.0121105221998628
2015,UF,21,17,combined,143515.83106572,6990.67527138896,141439.533115933,3442.43124563524,5978.44943515921,4,-2076.29794978752,-0.0144673792038784
2015,UF,21,17,female,69583.90909828,4603.22133150928,67583.73888484,5211.04223899964,4109.23857697666,4,-2000.17021344,-0.0287447233039892
2015,UF,21,17,male,73931.92196744,4743.03911968452,73855.7942310925,2368.05363436475,4078.06395416519,4,-76.1277363474947,-0.00102970049096007
2015,UF,21,18,combined,142796.40299827,7183.06492399482,139169.054290935,4588.41162842249,6045.29136751092,4,-3627.34870733501,-0.0254022414512707
2015,UF,21,18,female,69245.13076465,5156.6503348652,68529.4553177,3992.17259162301,4386.6812934057,4,-715.675446950016,-0.010335390215125
2015,UF,21,18,male,73551.27223362,4772.52657632158,70639.598973235,1632.40271858013,3995.57301314784,4,-2911.673260385,-0.0395869870358827
2015,UF,21,19,combined,126864.64899877,6612.469534976,122269.842923783,5893.0984577302,5808.67231045009,4,-4594.8060749875,-0.0362181751279826
2015,UF,21,19,female,70360.11114044,5410.1111360325,64396.1154202275,3668.32310456822,4367.24636176894,4,-5963.9957202125,-0.0847638757748444
2015,UF,21,19,male,56504.53785833,3841.33969924089,57873.727503555,4373.15386692289,3587.27371965632,4,1369.189645225,0.0242314988693099
2015,UF,22,14,combined,51308.38440006,5492.56835630804,55157.4542332325,4011.97456920122,4317.33205839827,4,3849.0698331725,0.075018340144189
2015,UF,22,14,female,25966.8580789,2997.40317597762,23991.7626904525,2662.27557112981,2552.77964969692,4,-1975.0953884475,-0.0760621628710795
2015,UF,22,14,male,25341.52632116,3600.22608143764,31165.69154278,3116.43877193819,3240.71297439427,4,5824.16522162,0.229826931014683
2015,UF,22,15,combined,59729.52598211,4817.3422997134,58926.4119696675,3949.8588934654,4560.03776015897,4,-803.114012442493,-0.0134458460742354
2015,UF,22,15,female,27348.67337547,3518.48431995399,28819.204327945,1752.44032152776,3237.13485199052,4,1470.530952475,0.0537697361874223
2015,UF,22,15,male,32380.85260664,3748.94048486126,30107.2076417225,2696.1074008199,3339.80330067166,4,-2273.6449649175,-0.0702157226227968
2015,UF,22,16,combined,56847.26046178,5237.80618563816,60857.60801213,3749.24601003366,5393.39118467883,4,4010.34755035,0.0705460125566872
2015,UF,22,16,female,23382.42864549,2617.61930925863,24972.1468044375,2744.32666499178,2835.43458494913,4,1589.7181589475,0.0679877262986591
2015,UF,22,16,male,33464.83181629,4465.08495976515,35885.4612076925,1601.63107760255,4379.08385531322,4,2420.62939140249,0.0723335292611326
2015,UF,22,17,combined,63747.51124336,5611.37469357903,60451.20928697,3661.21374178269,5007.57928167345,4,-3296.30195639,-0.051708716028241
2015,UF,22,17,female,32225.37298574,4109.27257771247,27466.97127473,1823.51549010322,3235.09628003176,4,-4758.40171101,-0.147660097312625
2015,UF,22,17,male,31522.13825762,3828.77582983169,32984.23801224,2504.27908815958,3511.54210420359,4,1462.09975462,0.0463832669811528
2015,UF,22,18,combined,54639.28942458,5319.03943721403,58270.37105859,1639.35396338833,4618.81181649615,4,3631.08163401,0.0664555061431037
2015,UF,22,18,female,25130.29956476,3168.98224470588,28449.930590375,1004.14965732533,2994.27554185262,4,3319.631025615,0.132096755037098
2015,UF,22,18,male,29508.98985982,3979.62151044591,29820.440468215,1887.3080257405,3350.95211354306,4,311.450608394996,0.0105544313741174
2015,UF,22,19,combined,57581.07770949,4402.11181533959,64153.591492685,2238.86238741723,5097.82351039132,4,6572.51378319501,0.11414363962333
2015,UF,22,19,female,30000.42978667,3397.52771622726,31738.8868834625,2995.9939162697,3298.70575833208,4,1738.4570967925,0.0579477397208804
2015,UF,22,19,male,27580.64792282,2936.34896851405,32414.7046092225,1547.31916539902,3356.80588307849,4,4834.0566864025,0.175269874004767
2015,UF,23,14,combined,144454.60902164,8308.74362759671,156040.633586688,4586.82259543587,8343.89837929915,4,11586.0245650475,0.0802052952378408
2015,UF,23,14,female,69924.60125642,5558.58833225861,80520.16681583,4412.02791308974,5571.20535036436,4,10595.56555941,0.151528437331449
2015,UF,23,14,male,74530.00776522,6455.98813869733,75520.4667708575,1359.69593777824,5605.43846192329,4,990.459005637502,0.0132893989325425
2015,UF,23,15,combined,160868.07013036,8717.97071694753,161004.160326333,5813.10841757577,8058.29132174526,4,136.090195972502,0.000845973945371635
2015,UF,23,15,female,89849.28581681,7043.40295949552,83120.9258444775,2747.85527549241,5713.60897412148,4,-6728.3599723325,-0.0748849577508126
2015,UF,23,15,male,71018.78431355,5136.58635398632,77883.234481855,3371.9688639484,5191.20499374489,4,6864.450168305,0.0966568244536299
2015,UF,23,16,combined,160447.65044731,9108.56550211854,163135.857646935,4799.48085847833,8764.61272791713,4,2688.20719962497,0.0167544192272717
2015,UF,23,16,female,75195.75508838,6060.82122823378,81159.1491074425,4169.98539177314,5836.12990488154,4,5963.3940190625,0.079304929009005
2015,UF,23,16,male,85251.89535893,6808.68274566531,81976.7085394925,1437.17446395104,5863.31004169283,4,-3275.1868194375,-0.03841775957764
2015,UF,23,17,combined,163506.32724757,9312.47908130924,170323.316084053,5873.89520649268,8848.42094676349,4,6816.98883648249,0.0416925078756168
2015,UF,23,17,female,77290.17332159,6973.91961488853,83820.783181855,2210.16587446249,6712.31268717263,4,6530.609860265,0.084494698091727
2015,UF,23,17,male,86216.15392598,6297.74740773229,86502.5329021975,4359.18788889274,5582.39807096828,4,286.3789762175,0.00332163942807479
2015,UF,23,18,combined,173935.10727167,10086.9488080042,168987.61537762,8919.49864903104,8757.5233454958,4,-4947.49189405001,-0.0284444697315907
2015,UF,23,18,female,94555.72951469,7841.81740332773,84019.8135988025,6787.39101524902,5816.81523296237,4,-10535.9159158875,-0.111425462739946
2015,UF,23,18,male,79379.37775698,5887.03461357435,84967.8017788175,4470.5780102948,5823.91650476318,4,5588.42402183751,0.0704014591667179
2015,UF,23,19,combined,151221.10896415,8264.75822262113,164988.944402285,12086.216966953,8434.8578980902,4,13767.835438135,0.091044402017968
2015,UF,23,19,female,73964.13967383,5383.22588692513,82731.62350467,4786.33657109625,6288.52838631993,4,8767.48383084001,0.118536954117268
2015,UF,23,19,male,77256.96929032,6300.00662176255,82257.320897615,8067.53369670641,5475.05091280543,4,5000.35160729499,0.0647236314500563
2015,UF,24,14,combined,60525.38990798,5662.90702301918,55765.071216475,7217.41976587437,4554.81429137681,4,-4760.318691505,-0.0786499467205807
2015,UF,24,14,female,28744.90824152,3539.24535145873,26758.5970784975,2843.65525441121,2835.8005233337,4,-1986.3111630225,-0.069101322096183
2015,UF,24,14,male,31780.48166646,4373.04874036673,29006.4741379775,5408.17522492703,3571.13930439785,4,-2774.0075284825,-0.0872865162207434
2015,UF,24,15,combined,53816.16349182,4748.10672810915,56740.3939002025,3249.09827349918,4606.05978004871,4,2924.2304083825,0.0543374001163606
2015,UF,24,15,female,25662.86134223,3132.09018995478,24993.2362215125,1259.16342883966,2850.97408059687,4,-669.625120717501,-0.0260931589734924
2015,UF,24,15,male,28153.30214959,3339.43903394658,31747.15767869,2477.35343125633,3308.68913195142,4,3593.8555291,0.127653072808453
2015,UF,24,16,combined,62171.44907627,5585.75436547458,57277.3983136725,2315.6724273245,4614.03007891915,4,-4894.0507625975,-0.0787186214140454
2015,UF,24,16,female,30690.64874787,3555.52298831496,25392.046650275,2769.85585503896,2923.11613072727,4,-5298.602097595,-0.172645490198793
2015,UF,24,16,male,31480.8003284,4265.00002710709,31885.3516633975,1977.61847121355,3625.12520344805,4,404.551334997497,0.0128507322170122
2015,UF,24,17,combined,52733.90371403,4901.5915997987,53449.97786565,3128.4617740123,4439.37816753023,4,716.07415162,0.013579008971215
2015,UF,24,17,female,28827.89299939,4061.0935347886,28298.5057430925,2023.73380874774,3438.22429241594,4,-529.387256297498,-0.0183637165681411
2015,UF,24,17,male,23906.01071464,2917.85669003423,25151.4721225575,1714.82876170411,2724.96921737749,4,1245.4614079175,0.052098253564104
2015,UF,24,18,combined,50517.6297904,4609.66668931011,53953.7901472225,2883.76819515084,4616.71738932165,4,3436.1603568225,0.0680190335746013
2015,UF,24,18,female,25982.51550389,3751.1347707469,27337.0724176025,2320.94262562078,3597.35267679049,4,1354.5569137125,0.0521334015372645
2015,UF,24,18,male,24535.11428651,3272.96367306679,26616.71772962,567.49018376459,3019.23038030424,4,2081.60344311,0.0848418074928028
2015,UF,24,19,combined,59772.53352706,6427.00503496364,57035.0494331375,1734.98169094463,4792.82553522493,4,-2737.4840939225,-0.0457983614277148
2015,UF,24,19,female,32164.92563929,5571.00287094349,30114.2608807675,3013.00265287705,3771.14679607875,4,-2050.6647585225,-0.0637546867516329
2015,UF,24,19,male,27607.60788777,3255.76878483108,26920.78855237,2520.13597555488,2918.94899616932,4,-686.819335399996,-0.0248779009826582
2015,UF,25,14,combined,70729.17065898,5503.61186918166,69435.4215187675,3292.25166316293,4885.87473319762,4,-1293.7491402125,-0.0182915921133912
2015,UF,25,14,female,36464.27034927,4010.398826518,34590.3396578125,1215.60711252407,3509.85813292615,4,-1873.9306914575,-0.0513908731343918
2015,UF,25,14,male,34264.90030971,3492.91087927438,34845.081860955,2179.23025090036,3431.20479092354,4,580.181551245005,0.0169322410396914
2015,UF,25,15,combined,77287.11792979,5898.43810130639,72513.3324687125,3419.89623984448,4922.18185355455,4,-4773.7854610775,-0.0617668971097376
2015,UF,25,15,female,36016.97194587,3902.31782021619,35666.1344903525,2669.70278673486,3417.6448931629,4,-350.837455517496,-0.00974089260043211
2015,UF,25,15,male,41270.14598392,4167.08949719751,36847.19797836,2123.90813489469,3290.71936913369,4,-4422.94800556001,-0.107170641152646
2015,UF,25,16,combined,66432.47209213,4832.01478177932,67439.3488254075,2645.38882358221,4646.40864478876,4,1006.8767332775,0.0151563941784545
2015,UF,25,16,female,29707.33894387,3079.6568250327,31767.29711358,2448.77471703227,3163.43046837898,4,2059.95816971,0.0693417264199312
2015,UF,25,16,male,36725.13314826,3530.42829260946,35672.0517118275,3001.14891009244,3127.04569255936,4,-1053.0814364325,-0.0286746798760726
2015,UF,25,17,combined,62270.65036995,4823.75635528935,62474.0844653925,4050.65363346991,4596.23144018856,4,203.434095442499,0.00326693384819167
2015,UF,25,17,female,29477.1858069,3248.35290334507,31743.72106524,1581.98765496579,3195.81124132408,4,2266.53525834,0.076891168417083
2015,UF,25,17,male,32793.46456305,4002.1512846872,30730.3634001525,3555.66917940788,3085.46932073133,4,-2063.1011628975,-0.0629119609771912
2015,UF,25,18,combined,64975.123262,5718.65730442251,65706.3282511875,4248.00915860462,4706.41832693434,4,731.204989187499,0.0112536144985682
2015,UF,25,18,female,35734.31210513,4771.51662635136,35014.237522395,3084.28383710967,3565.17330815312,4,-720.074582734997,-0.0201507889844513
2015,UF,25,18,male,29240.81115687,3090.66866860466,30692.0907287925,2673.66790630657,2915.80859935403,4,1451.2795719225,0.0496319874348468
2015,UF,25,19,combined,80711.45244771,6095.10485066179,68904.8563154325,2899.79159376611,4834.68360548715,4,-11806.5961322775,-0.146281547094281
2015,UF,25,19,female,41332.79525351,4464.85538273059,37587.868784575,892.683780665464,3574.20619007672,4,-3744.926468935,-0.0906042392237427
2015,UF,25,19,male,39378.6571942,4088.3797459533,31316.9875308575,3622.81207452944,3107.79676960901,4,-8061.6696633425,-0.20472180205601
2015,UF,26,14,combined,151296.58209286,9138.76895651172,153234.277908458,4444.55883740476,8673.71908807177,4,1937.69581559752,0.0128072676116915
2015,UF,26,14,female,66670.35144893,5722.69486017914,76456.7796291525,7798.13297309721,6137.19207336732,4,9786.4281802225,0.14678830945895
2015,UF,26,14,male,84626.23064393,6896.5360823901,76777.498279305,5365.15722595577,5982.47307755529,4,-7848.732364625,-0.0927458579320284
2015,UF,26,15,combined,166772.45556186,10671.4969023304,172899.204312093,1079.65848286251,9595.3568447101,4,6126.74875023251,0.0367371741909739
2015,UF,26,15,female,87417.91109899,7497.02660450181,89886.829463235,4984.91918914312,6545.43122027165,4,2468.91836424501,0.0282427060222162
2015,UF,26,15,male,79354.54446287,7110.1509564138,83012.3748488575,4011.82074912529,6871.89711121172,4,3657.83038598749,0.0460947814740337
2015,UF,26,16,combined,159801.7000613,10588.198672642,173904.07172738,3962.79978389319,10068.676086152,4,14102.37166608,0.0882491967273833
2015,UF,26,16,female,69373.8762807,6453.41723136642,80032.849469915,2566.64983025862,6538.45479426048,4,10658.973189215,0.153645345491244
2015,UF,26,16,male,90427.8237806,7314.27124106666,93871.222257465,1797.8518937582,6967.96645697785,4,3443.39847686501,0.0380789709726902
2015,UF,26,17,combined,151807.70305702,9196.06997731881,152692.645670958,6400.99051141794,8952.66067595387,4,884.942613937514,0.00582936567853295
2015,UF,26,17,female,77482.9254181,6530.44616036095,81252.239033105,4507.34184564472,6531.0060560833,4,3769.313615005,0.0486470224848336
2015,UF,26,17,male,74324.77763892,6445.5379563932,71440.4066378525,5926.6272381751,5777.17064232841,4,-2884.3710010675,-0.0388076640481882
2015,UF,26,18,combined,148523.37654214,9308.32805423088,150909.37312388,8821.01833667499,9549.18567360596,4,2385.99658174001,0.0160647881652693
2015,UF,26,18,female,69876.79922485,6374.39986714172,74882.74992582,5013.13775134262,6914.86181758065,4,5005.95070097,0.0716396680515063
2015,UF,26,18,male,78646.57731729,6721.8405389758,76026.62319806,3985.39815711117,6028.73413207778,4,-2619.95411923,-0.0333130087614635
2015,UF,26,19,combined,150742.16917057,9453.60249266733,152598.250543513,6525.0732157376,8807.39948959101,4,1856.08137294248,0.0123129538546196
2015,UF,26,19,female,78911.13907597,7032.43142222426,77656.9226691,3818.56178350306,6547.40667392944,4,-1254.21640687001,-0.0158940350064208
2015,UF,26,19,male,71831.0300946,7158.85370165483,74941.3278744125,4329.21206551323,6127.95933994384,4,3110.29777981249,0.0433001973620077
2015,UF,27,14,combined,64399.26747656,3523.9198199511,63810.4615275925,3446.55497504702,3508.15013706472,4,-588.8059489675,-0.00914305351659183
2015,UF,27,14,female,31153.63355122,2348.58728934613,29799.22893513,1293.77407165753,2150.90535129611,4,-1354.40461609,-0.0434750127577642
2015,UF,27,14,male,33245.63392534,2661.02963997487,34011.2325924625,2506.92390819775,2595.15019131065,4,765.598667122496,0.0230285477137181
2015,UF,27,15,combined,63804.31033629,3591.00833278607,67383.0207826925,4308.20399123564,3188.82476802002,4,3578.7104464025,0.0560888508556927
2015,UF,27,15,female,31664.81262436,2318.41506700322,33443.4674417875,2512.72472371392,2164.41191145585,4,1778.6548174275,0.056171335625058
2015,UF,27,15,male,32139.49771193,2654.33411362359,33939.553340905,1944.30539064492,2327.79666698599,4,1800.05562897501,0.0560075843471205
2015,UF,27,16,combined,62341.8040446,3386.1200832399,61173.89639443,1592.05180749969,3167.18957374127,4,-1167.90765017,-0.0187339405406758
2015,UF,27,16,female,30719.16952107,2547.9549675021,32720.240348975,2527.33764056147,2385.07769274435,4,2001.070827905,0.0651407853500884
2015,UF,27,16,male,31622.63452353,2388.29328108386,28453.656045455,1530.3520334584,2029.8226824272,4,-3168.978478075,-0.100212348712344
2015,UF,27,17,combined,58889.94101734,3333.5348112735,61318.917827485,1266.59303878722,3409.67772865144,4,2428.976810145,0.041246039105894
2015,UF,27,17,female,26710.26079252,2346.93785344472,30766.21205679,730.754212273766,2266.12366189727,4,4055.95126427,0.151849931222156
2015,UF,27,17,male,32179.68022482,2256.15001922994,30552.705770695,607.675127775882,2251.76319970474,4,-1626.974454125,-0.0505590622019334
2015,UF,27,18,combined,64732.02660188,3681.87098808156,63717.79596689,901.395362562984,3499.91446740649,4,-1014.23063499,-0.0156681427761841
2015,UF,27,18,female,32658.42897888,2414.35497246949,32457.444083285,739.176377607199,2381.61795029875,4,-200.984895595,-0.00615415076227261
2015,UF,27,18,male,32073.597623,2618.99123846814,31260.351883605,1564.54120496726,2294.10030480885,4,-813.245739395003,-0.0253556133288841
2015,UF,27,19,combined,59649.81254652,3660.83904767764,56831.137149985,2000.84970097628,3090.28922398496,4,-2818.675396535,-0.0472537175927713
2015,UF,27,19,female,31191.82518259,2455.04779404362,29877.006045605,1257.13052511585,2179.09702240162,4,-1314.819136985,-0.0421526835729665
2015,UF,27,19,male,28457.98736393,2512.04226031744,26954.13110438,2802.52173480285,2068.28722823552,4,-1503.85625955,-0.0528447862569547
2015,UF,28,14,combined,36153.13648478,3212.36219994898,39708.12073453,1100.51742442763,3059.7571431956,4,3554.98424975,0.0983312817477566
2015,UF,28,14,female,15782.32102621,2111.8711306197,18826.9001749325,614.350092643988,1980.21668266845,4,3044.5791487225,0.192910734971511
2015,UF,28,14,male,20370.81545857,2331.88019925769,20881.2205595975,1331.03809583591,2118.46642835464,4,510.4051010275,0.0250557029523711
2015,UF,28,15,combined,42387.1629185,3584.18104130221,41849.39334906,3577.45991177929,3173.37461157637,4,-537.769569439995,-0.0126870857215425
2015,UF,28,15,female,21428.30875262,2715.36345094105,20566.966653945,950.522102739247,2284.74648303666,4,-861.342098674999,-0.0401964573414915
2015,UF,28,15,male,20958.85416588,2113.82074966885,21282.426695115,2793.84158570671,2011.01430891345,4,323.572529235,0.0154384646543207
2015,UF,28,16,combined,38559.76505319,3080.8650885718,40272.4242811525,1844.5187663666,3110.39692765447,4,1712.6592279625,0.0444157070355598
2015,UF,28,16,female,17666.08503053,2151.48956368002,17596.43378313,1133.7526465206,2169.81994176631,4,-69.651247400001,-0.00394265324092077
2015,UF,28,16,male,20893.68002266,2187.49127359456,22675.9904980225,963.693308597359,2103.97035779449,4,1782.3104753625,0.0853038083013388
2015,UF,28,17,combined,43085.95322335,3824.07054382142,40537.9918292325,1021.14832743796,3129.54846038875,4,-2547.9613941175,-0.0591367070587789
2015,UF,28,17,female,23895.94783138,3224.48248966906,21249.1490134425,1973.31898167646,2461.01045917072,4,-2646.7988179375,-0.110763500013242
2015,UF,28,17,male,19190.00539197,2144.96090885135,19288.84281579,2347.18295501742,1889.78240071069,4,98.8374238200013,0.00515046357732445
2015,UF,28,18,combined,42542.02099165,3481.71392039324,42163.68552536,1970.25198593935,2979.14093833491,4,-378.335466290002,-0.00889321798708764
2015,UF,28,18,female,20591.51496548,2179.29567876152,20765.54713061,1003.24227348784,2123.00631533884,4,174.03216513,0.0084516445449376
2015,UF,28,18,male,21950.50602617,2485.60232207293,21398.13839475,1902.89803163645,2014.5359514214,4,-552.367631419998,-0.0251642322396327
2015,UF,28,19,combined,39271.44885909,3748.40697052535,40025.886570905,1052.39987886656,3367.20093489362,4,754.437711815001,0.0192108448690549
2015,UF,28,19,female,20215.61105079,2624.45199285953,20458.82164191,788.049207286859,2174.02969277906,4,243.210591119998,0.0120308305551067
2015,UF,28,19,male,19055.8378083,2568.22707452446,19567.064928995,1462.47122139478,2400.1923548704,4,511.227120695003,0.0268278480242066
2015,UF,29,14,combined,256415.96622168,13953.5679300263,256245.171077103,8100.34652980272,12961.3170817269,4,-170.795144577511,-0.000666086231267879
2015,UF,29,14,female,115850.92140804,9169.75375821476,123870.236337215,8267.39715029566,8872.64640921681,4,8019.314929175,0.0692209853120639
2015,UF,29,14,male,140565.04481364,11118.6336530154,132374.934739888,6671.11784386195,9983.44842854816,4,-8190.1100737525,-0.0582656241785494
2015,UF,29,15,combined,297496.8093203,20645.5436512502,274575.838364018,9788.63592843178,15462.8515736326,4,-22920.9709562825,-0.0770461068427952
2015,UF,29,15,female,152743.70000836,18076.6405038216,130514.175612248,8094.27571491308,11290.5765169761,4,-22229.5243961125,-0.145534803693349
2015,UF,29,15,male,144753.10931194,10603.3660504524,144061.66275177,5667.84116860073,10366.3719434532,4,-691.446560170007,-0.00477673027858734
2015,UF,29,16,combined,256692.97395355,18148.5773245721,274244.552516395,8930.92851836342,19038.7265178587,4,17551.578562845,0.0683757653842954
2015,UF,29,16,female,132739.41887258,10997.6190175535,129594.562169885,5859.0516182491,9532.61752331016,4,-3144.85670269499,-0.0236919577425137
2015,UF,29,16,male,123953.55508097,11723.8974242176,144649.99034651,11657.2637288542,15753.398304378,4,20696.43526554,0.166969275322684
2015,UF,29,17,combined,259159.38236422,15015.893304813,271228.355543435,10647.6811373337,20001.6148060375,4,12068.973179215,0.0465696941747352
2015,UF,29,17,female,137868.70453418,10841.3113005863,131016.927988773,7363.61219285849,9885.50217696475,4,-6851.77654540748,-0.0496978380159423
2015,UF,29,17,male,121290.67783004,10101.0308475307,140211.427554663,11505.1994947167,15463.0458305629,4,18920.7497246225,0.155995086045569
2015,UF,29,18,combined,244194.12223046,14650.0963761217,261484.023403608,8159.91559492633,13970.2259645621,4,17289.9011731475,0.0708039203205311
2015,UF,29,18,female,126227.44764283,10972.1132675902,137150.512198518,4035.98948525849,10147.5191023967,4,10923.0645556875,0.086534781140431
2015,UF,29,18,male,117966.67458763,9769.40992883872,124333.51120509,4754.98790449939,9564.26513377857,4,6366.83661746001,0.0539714850801401
2015,UF,29,19,combined,241249.12834727,17820.2323205717,241133.451522233,5737.84996645961,18075.6335507598,4,-115.676825037488,-0.000479491162641529
2015,UF,29,19,female,122435.4547623,12708.5964494567,123692.287522343,5216.90437103493,12405.967933355,4,1256.8327600425,0.0102652680343496
2015,UF,29,19,male,118813.67358497,10477.2142700188,117441.16399989,9815.69619873885,10114.18066307,4,-1372.50958508,-0.0115517814041702
2015,UF,31,14,combined,323157.35444465,17031.8337672837,333689.048015093,25312.0278927282,16611.6378478393,4,10531.6935704425,0.0325899857316921
2015,UF,31,14,female,149361.53708305,11003.3178539322,159133.655415053,12513.3089618257,11046.3860713083,4,9772.11833200249,0.0654259357719977
2015,UF,31,14,male,173795.8173616,12817.7005232768,174555.39260004,13916.0504697756,11189.8275505103,4,759.575238440011,0.00437050355970096
2015,UF,31,15,combined,358741.02125083,16681.6123457254,351031.707244828,6555.37996398878,15573.6316622138,4,-7709.31400600245,-0.0214899148670599
2015,UF,31,15,female,193502.00985704,13387.0165917386,172968.037814928,7960.13605605843,10900.4927634759,4,-20533.9720421125,-0.106117616335267
2015,UF,31,15,male,165239.01139379,10894.6979687821,178063.6694299,3716.65051682386,11171.1624412493,4,12824.65803611,0.0776127739323427
2015,UF,31,16,combined,314239.84535617,15865.8583315932,334646.9563218,11556.553255922,14825.3422626973,4,20407.11096563,0.0649411946549934
2015,UF,31,16,female,158912.15968056,11321.3920393574,167414.198788728,9319.09287070636,11095.9899678511,4,8502.03910816749,0.0535015012397919
2015,UF,31,16,male,155327.68567561,10497.9076502867,167232.757533073,7028.90342426878,9860.80993132038,4,11905.0718574625,0.0766448801814077
2015,UF,31,17,combined,344964.11745971,19278.9844920148,332618.877577133,9948.29858400081,15434.0631722727,4,-12345.2398825775,-0.0357870261216933
2015,UF,31,17,female,159061.9954458,11522.9195857583,156383.97647802,6871.87749877645,10262.6208647847,4,-2678.01896777999,-0.0168363219653718
2015,UF,31,17,male,185902.12201391,15780.7172855993,176234.901099113,8129.41077953748,11658.095912392,4,-9667.22091479751,-0.0520016706107
2015,UF,31,18,combined,300731.24156087,15063.5693476326,319535.580423488,8910.42162593552,14455.7060346357,4,18804.3388626174,0.0625287175519851
2015,UF,31,18,female,160881.64092786,12154.7648362621,159198.712790653,10200.5765935995,10403.8732916891,4,-1682.92813720749,-0.0104606599454199
2015,UF,31,18,male,139849.60063301,9686.38730978586,160336.867632835,1664.11285872439,10336.438665574,4,20487.266999825,0.146494998248777
2015,UF,31,19,combined,329254.33103749,16395.6421152671,327328.26382153,9861.70788230946,15341.0325167625,4,-1926.06721596001,-0.00584978551349929
2015,UF,31,19,female,164854.57387142,12304.6645756426,159961.951061028,5861.24060402339,10385.5486519857,4,-4892.6228103925,-0.0296784171375709
2015,UF,31,19,male,164399.75716607,11374.9971591828,167366.312760503,8758.29361384955,11096.5813314508,4,2966.55559443252,0.018044768712376
2015,UF,32,14,combined,58524.54552802,3700.6629363014,59597.7004670225,2131.11389515821,3490.43835045988,4,1073.1549390025,0.0183368350718538
2015,UF,32,14,female,28605.00166305,2666.85692459611,30438.6189827975,835.262350697114,2641.50222204296,4,1833.6173197475,0.064101283451979
2015,UF,32,14,male,29919.54386497,2600.07619853687,29159.081484225,1574.84434103136,2354.57263761724,4,-760.462380745001,-0.0254169109053616
2015,UF,32,15,combined,62738.41241515,4130.80378611444,62570.8989979575,1162.90890438419,3549.13883418069,4,-167.513417192502,-0.00267002958385429
2015,UF,32,15,female,27172.36925292,2678.31127105579,29465.3972405575,1822.26492064708,2557.1231102446,4,2293.0279876375,0.084388224166028
2015,UF,32,15,male,35566.04316223,2992.3374997609,33105.5017574,1588.53963668657,2543.91968393683,4,-2460.54140483,-0.0691823207211034
2015,UF,32,16,combined,64572.60253087,4450.50652222549,62669.6820628425,1857.60886775889,3709.88069159371,4,-1902.92046802749,-0.0294694714700057
2015,UF,32,16,female,34607.50322384,3044.65256999399,30427.5462903475,1763.69615408213,2548.67074289793,4,-4179.9569334925,-0.120781811575851
2015,UF,32,16,male,29965.09930703,3007.19424529528,32242.135772495,956.07461450693,2556.14503850559,4,2277.036465465,0.075989618527004
2015,UF,32,17,combined,64049.56439339,4093.91007263616,61623.44692117,2171.41258660016,3616.41989565165,4,-2426.11747221999,-0.0378787505457316
2015,UF,32,17,female,35693.50863239,3127.97040623149,31160.4477745375,3218.15219669213,2588.45639691198,4,-4533.0608578525,-0.126999587082873
2015,UF,32,17,male,28356.055761,2715.29632526043,30462.9991466325,1981.04264423758,2586.15087375671,4,2106.9433856325,0.0743031190018438
2015,UF,32,18,combined,61311.86991371,4111.8410503172,59164.9801939125,2838.93667591558,3535.7539346388,4,-2146.88971979749,-0.0350158904437104
2015,UF,32,18,female,32295.41865248,3073.53298173144,30212.4844926225,2442.40451056225,2613.37573818077,4,-2082.9341598575,-0.0644962736749519
2015,UF,32,18,male,29016.45126123,2787.26796349164,28952.49570129,2347.98359602084,2422.55095937079,4,-63.9555599399973,-0.0022041137754654
2015,UF,32,19,combined,64017.82591388,4080.70530162412,60039.550811505,5012.60937806594,3637.73105557443,4,-3978.275102375,-0.0621432397239914
2015,UF,32,19,female,33129.76406605,2851.15473717387,29937.46062818,2111.5816956167,2537.35614382915,4,-3192.30343787,-0.0963575663112354
2015,UF,32,19,male,30888.06184783,2836.83951757849,30102.090183325,3457.49171985789,2528.14684715153,4,-785.971664504996,-0.0254458071334189
2015,UF,33,14,combined,246475.1634389,12607.1026080606,256166.9483116,16731.3082648497,11560.6773945968,4,9691.78487269999,0.0393215476053535
2015,UF,33,14,female,117804.19474484,8018.09139830236,131866.12541455,14393.4408629103,8310.75016371413,4,14061.93066971,0.119366977552605
2015,UF,33,14,male,128670.96869406,9330.55589568636,124300.82289705,4136.04792567647,7710.99598195271,4,-4370.14579700999,-0.0339637281149321
2015,UF,33,15,combined,255292.50632646,12685.2124355854,258362.718416685,1543.35950748751,11377.5344164456,4,3070.21209022502,0.0120262522954705
2015,UF,33,15,female,128080.79465491,9116.88522129262,127359.907617033,6376.07044104254,8568.88192887278,4,-720.887037877503,-0.00562837730527672
2015,UF,33,15,male,127211.71167155,8844.78027870204,131002.810799653,6321.81260219325,7762.28110324824,4,3791.09912810251,0.0298014945187657
2015,UF,33,16,combined,234594.53157883,12129.4354646246,242334.018791628,7599.42736033714,10783.9792662306,4,7739.48721279748,0.0329909105754104
2015,UF,33,16,female,125626.28141162,9189.08038740343,127018.757876108,6656.30516162174,8162.11483726135,4,1392.4764644875,0.0110842767042112
2015,UF,33,16,male,108968.25016721,8026.9787165469,115315.26091552,7687.51827353542,7077.81194630306,4,6347.01074831,0.0582464225916321
2015,UF,33,17,combined,272153.82161007,12947.6378979227,249613.559770793,6283.21129477959,10993.7249337291,4,-22540.2618392775,-0.0828217722827799
2015,UF,33,17,female,137788.19899999,8714.26141979273,123289.814204445,6920.1636834852,7474.20707387736,4,-14498.384795545,-0.105222253435115
2015,UF,33,17,male,134365.62261008,9322.98723896072,126323.745566348,11015.1437871999,8230.52280169393,4,-8041.8770437325,-0.0598507035320298
2015,UF,33,18,combined,259634.79763923,12823.2724674601,280440.03485151,7649.69407131332,12340.8628072149,4,20805.23721228,0.0801326994742419
2015,UF,33,18,female,134836.10031837,9159.73766832722,137260.657606185,4197.15931029493,9042.23705359976,4,2424.557287815,0.0179815144615591
2015,UF,33,18,male,124798.69732086,8637.10412393579,143179.377245325,5167.57896066001,8399.140731643,4,18380.679924465,0.147282626494153
2015,UF,33,19,combined,245499.98091814,12710.7411420214,247026.788837545,4059.87089831381,11315.4425013228,4,1526.80791940499,0.00621917734451513
2015,UF,33,19,female,131413.13939631,9740.40368733621,127150.581532495,6582.91262566875,8239.55937167045,4,-4262.55786381499,-0.0324363140808938
2015,UF,33,19,male,114086.84152183,8224.66904951055,119876.20730505,3575.72852768304,7604.39151968824,4,5789.36578322,0.0507452542816888
2015,UF,35,14,combined,704020.18299828,40067.8795254825,650247.559257915,26836.9304364186,31342.5977483428,4,-53772.623740365,-0.0763793780902108
2015,UF,35,14,female,334014.82992981,26666.2059011558,319856.839121333,23317.11096209,21855.9726352106,4,-14157.9908084775,-0.0423873119988495
2015,UF,35,14,male,370005.35306847,28174.5167651511,330390.720136583,11000.1663996667,22583.7831252917,4,-39614.6329318875,-0.10706502650127
2015,UF,35,15,combined,701352.90377863,41045.3952154639,707593.84854488,21506.8072454026,34620.2403088711,4,6240.94476624997,0.00889843719563443
2015,UF,35,15,female,346089.85081722,28598.3858181215,359940.60384235,9141.2651060384,25142.2897298475,4,13850.75302513,0.0400206853579333
2015,UF,35,15,male,355263.05296141,25817.4955327353,347653.24470253,23227.8222027928,21714.2335205729,4,-7609.80825888005,-0.021420207351837
2015,UF,35,16,combined,706421.13281083,41635.5644668419,700888.774184095,46536.6588404426,33227.6689842769,4,-5532.35862673505,-0.00783153047067257
2015,UF,35,16,female,363848.60722537,27954.5107064298,361765.646406223,33202.8420012915,23432.6981753538,4,-2082.96081914753,-0.00572480085888395
2015,UF,35,16,male,342572.52558546,30806.3956777047,339123.127777873,14227.3732397989,23529.9571723577,4,-3449.39780758752,-0.0100691023067085
2015,UF,35,17,combined,693670.33495223,37754.3929761354,695770.33923751,12587.158112461,31384.4059320445,4,2100.00428528001,0.00302738084572209
2015,UF,35,17,female,300419.73331898,20486.1598743936,319387.975386465,21205.0860949201,20433.7657667077,4,18968.2420674849,0.0631391348961249
2015,UF,35,17,male,393250.60163325,31129.7611538561,376382.363851045,30832.1905319667,23547.4023825277,4,-16868.237782205,-0.0428943724743147
2015,UF,35,18,combined,693965.61710822,38419.4758180519,679804.771731848,11904.8137192628,31130.7875394448,4,-14160.8453763726,-0.0204056872952601
2015,UF,35,18,female,337243.92159768,22478.7696926312,348515.505500838,10880.1328217307,20639.4457128716,4,11271.5839031575,0.0334226450984166
2015,UF,35,18,male,356721.69551054,31955.3004773153,331289.26623101,7312.98670778703,23503.1069824028,4,-25432.42927953,-0.0712948766492353
2015,UF,35,19,combined,704012.88531259,35745.1191348927,646482.076403588,17888.3900837418,30868.0215645645,4,-57530.8089090026,-0.081718403326465
2015,UF,35,19,female,342300.20805785,23791.5528449067,321626.546904673,13814.6537218721,20769.4650967649,4,-20673.6611531775,-0.0603962856770557
2015,UF,35,19,male,361712.67725474,24924.2355450574,324855.529498915,12568.3864691163,21447.6029561267,4,-36857.147755825,-0.101896201248893
2015,UF,41,14,combined,186500.09998537,10952.9242198539,174914.036115353,8459.71735715628,9274.34398471248,4,-11586.0638700175,-0.0621236335579786
2015,UF,41,14,female,92888.0586064,7040.91899682323,84788.38343135,5642.91547613807,6340.46661294766,4,-8099.67517505,-0.0871982394353964
2015,UF,41,14,male,93612.04137897,8261.73889344061,90125.6526840025,5571.61488993274,6520.34775164947,4,-3486.38869496749,-0.0372429512657836
2015,UF,41,15,combined,187083.38659627,10495.4038029888,187615.572066213,1873.00261740542,9691.10454803368,4,532.185469942517,0.0028446431274573
2015,UF,41,15,female,95002.36596579,8032.70291127708,88367.7256450475,3848.35092353146,6647.66889030195,4,-6634.6403207425,-0.0698365798924588
2015,UF,41,15,male,92081.02063048,6816.86349486743,99247.846421165,2179.76553364275,6972.41821080273,4,7166.82579068501,0.0778317371116616
2015,UF,41,16,combined,186026.01946556,11373.666210158,183691.319456073,8385.88242702551,9348.58888951804,4,-2334.70000948751,-0.0125503949189202
2015,UF,41,16,female,86809.05743956,7713.92881158667,88793.7743473125,5513.08009856495,6497.33722262788,4,1984.7169077525,0.022863016444273
2015,UF,41,16,male,99216.962026,7608.52447934353,94897.54510876,3906.75841218732,6440.74518133648,4,-4319.41691724,-0.043535065265434
2015,UF,41,17,combined,178231.17221127,10062.184388158,180895.53350535,13435.9694225919,9405.38441309305,4,2664.36129408001,0.014948907427494
2015,UF,41,17,female,89340.15699934,6971.99585971188,86936.0101568525,7575.3518075658,6535.97872418468,4,-2404.14684248751,-0.0269100360155542
2015,UF,41,17,male,88891.01521193,7175.68135223399,93959.5233484975,6492.25273121518,6537.67631067958,4,5068.5081365675,0.0570193525687989
2015,UF,41,18,combined,172344.51822358,10283.3923263261,175836.971362298,15263.0463937888,9415.49786363169,4,3492.45313871748,0.0202643703131119
2015,UF,41,18,female,88048.3408268,7286.14055276239,91111.676165725,5117.78404584064,6833.90980301194,4,3063.335338925,0.0347915169117257
2015,UF,41,18,male,84296.17739678,6925.8329224885,84725.2951965725,10355.178221181,6156.53744320838,4,429.117799792497,0.00509059619361683
2015,UF,41,19,combined,171504.77203381,9777.22192032159,177820.123047285,7071.06243315765,9017.85742507163,4,6315.35101347498,0.0368231795452898
2015,UF,41,19,female,87001.17701637,6795.61228277581,89820.8650446075,5851.5162880176,6410.00962662855,4,2819.68802823751,0.0324097687518292
2015,UF,41,19,male,84503.59501744,7181.90036484609,87999.2580026775,1539.23253087843,6424.56191479002,4,3495.66298523749,0.041367032781458
2015,UF,42,14,combined,99674.5001424,5491.01270413052,105681.392449208,1197.60753810019,5085.92029383365,4,6006.89230680751,0.0602650858366559
2015,UF,42,14,female,53047.50288557,4204.63999408745,53787.0263534225,3028.23696381836,3774.73378802304,4,739.523467852501,0.0139407781257441
2015,UF,42,14,male,46626.99725683,3373.88894415255,51894.366095785,3843.66475846046,3341.39752699289,4,5267.368838955,0.112968219032879
2015,UF,42,15,combined,114602.24654346,5988.00498061648,114577.487465758,2044.08426961589,5231.65654757614,4,-24.7590777025034,-0.000216043563274426
2015,UF,42,15,female,58447.94841923,4447.77481465937,56961.46328871,1433.48238428276,3695.0749153064,4,-1486.48513052,-0.0254326314391376
2015,UF,42,15,male,56154.29812423,4011.74474108015,57616.0241770475,2171.81327422502,3676.70621842663,4,1461.7260528175,0.0260305284126911
2015,UF,42,16,combined,107642.98394562,5200.97787373297,103541.13356099,8670.09845681447,4829.95349505164,4,-4101.85038463,-0.0381060635285084
2015,UF,42,16,female,54261.08112138,3804.82197056537,51236.5267535625,4520.67128154803,3459.05039884994,4,-3024.55436781749,-0.0557407686192555
2015,UF,42,16,male,53381.90282424,3731.20904294678,52304.6068074275,4397.61854096649,3331.58038852789,4,-1077.2960168125,-0.0201809219944725
2015,UF,42,17,combined,119446.84936751,5948.88485906202,112535.844055273,4783.25028626349,5165.13717641514,4,-6911.0053122375,-0.0578584144230875
2015,UF,42,17,female,55023.90249765,4087.89358862703,58239.2380452675,2060.36190655233,3664.93497220533,4,3215.3355476175,0.058435250894006
2015,UF,42,17,male,64422.94686986,4517.88617291477,54296.606010005,4036.91590603846,3612.28708778414,4,-10126.340859855,-0.157185309767203
2015,UF,42,18,combined,108199.19901035,5785.19102506502,109490.1436905,1712.26244472029,5121.47729458068,4,1290.94468015,0.0119311851839727
2015,UF,42,18,female,47420.63549418,3861.00154387801,51968.8059698125,603.411726212625,3492.41530784403,4,4548.1704756325,0.0959112088700435
2015,UF,42,18,male,60778.56351617,4274.95325424214,57521.3377206875,1116.4409376953,3749.44753819864,4,-3257.2257954825,-0.0535916877110121
2015,UF,42,19,combined,97284.67605146,5384.68335269399,101783.244159158,3181.86351899727,5049.98704612209,4,4498.5681076975,0.0462412816723358
2015,UF,42,19,female,47881.56550542,3654.9229692157,51713.78165644,2659.54679912122,3536.87273619289,4,3832.21615102,0.0800353144382091
2015,UF,42,19,male,49403.11054604,3788.9321690804,50069.4625027175,1885.36370328879,3481.61784587357,4,666.351956677499,0.0134880567096379
2015,UF,43,14,combined,164111.35777179,9639.67129577147,156991.358115965,6524.89588467759,8583.04464755357,4,-7119.999655825,-0.0433851730464989
2015,UF,43,14,female,83638.20466308,7558.34371443525,75652.551633715,4875.05635400561,6306.85194094797,4,-7985.65302936502,-0.0954785323469537
2015,UF,43,14,male,80473.15310871,6390.02702390388,81338.80648225,5916.80545637707,5989.52747623797,4,865.653373540001,0.0107570455499687
2015,UF,43,15,combined,188271.48754173,10517.2286332233,189675.886733185,9249.30462001086,9616.04992564068,4,1404.39919145501,0.00745943642232991
2015,UF,43,15,female,94812.28717433,7325.04154954204,93748.5142793575,3928.48471174782,6688.47018965024,4,-1063.7728949725,-0.0112197788564741
2015,UF,43,15,male,93459.2003674,7441.36022931174,95927.3724538275,9647.06165164668,6763.0268742531,4,2468.1720864275,0.0264090862828357
2015,UF,43,16,combined,152224.79881909,8825.11826478061,177162.063357658,7014.31396278348,8822.38254140468,4,24937.2645385675,0.163818672989044
2015,UF,43,16,female,73913.30855142,5934.11116400424,86184.056230915,1501.39713071158,6275.05478807881,4,12270.747679495,0.166015402638328
2015,UF,43,16,male,78311.49026767,6148.41723893458,90978.0071267425,8387.23657880845,6405.2992926927,4,12666.5168590725,0.161745317523369
2015,UF,43,17,combined,159690.75472585,9256.03123788153,164978.120322515,3534.19088398728,8814.29569109424,4,5287.36559666498,0.0331100294800541
2015,UF,43,17,female,77387.96631097,6688.10964266447,79811.77976481,2240.99831314905,6265.46829617576,4,2423.81345383999,0.0313202887914165
2015,UF,43,17,male,82302.78841488,6729.97884757601,85166.340557705,5200.87998415935,6163.78675976241,4,2863.55214282501,0.0347928933876472
2015,UF,43,18,combined,173031.30286989,10122.742455646,165002.66815453,7808.37850768392,9170.48884840426,4,-8028.63471536001,-0.0463998974878962
2015,UF,43,18,female,80698.42894053,6485.06468423308,78689.519431365,3187.2152662735,6055.36576636814,4,-2008.90950916499,-0.0248940349340065
2015,UF,43,18,male,92332.87392936,7772.37140816671,86313.148723165,6667.00655846873,6489.09505104836,4,-6019.72520619498,-0.0651959042323368
2015,UF,43,19,combined,177184.17347356,11042.4971719819,168159.321314283,8562.42157000873,9522.77274086811,4,-9024.85215927748,-0.0509348661471968
2015,UF,43,19,female,83014.38791401,7170.32982660343,83026.559134475,4472.51343230259,6530.75008065967,4,12.1712204649957,0.000146615794813824
2015,UF,43,19,male,94169.78555955,7915.17335784394,85132.7621798075,4298.75810976254,6462.04023446073,4,-9037.0233797425,-0.0959652114109124
2015,UF,50,14,combined,37007.7873408,3309.22578902689,39671.68788134,3685.53056490114,3216.67755087468,4,2663.90054054,0.0719821619165846
2015,UF,50,14,female,19079.52666694,2316.48611378735,19986.902307295,1264.91685800433,2284.85373692201,4,907.375640355,0.0475575550795635
2015,UF,50,14,male,17928.26067386,2484.19994669326,19684.785574045,2835.99960599215,2212.72748229175,4,1756.524900185,0.0979751986061911
2015,UF,50,15,combined,42438.35735876,3333.2830805444,45690.262489335,2805.0959260207,3198.36831261621,4,3251.905130575,0.0766265551487882
2015,UF,50,15,female,22332.18137124,2555.33056178135,23379.9442328875,1802.80850319079,2383.59190925124,4,1047.7628616475,0.0469171750054314
2015,UF,50,15,male,20106.17598752,2219.16451305013,22310.3182564475,1279.99406979891,2268.57017353884,4,2204.1422689275,0.109625135594935
2015,UF,50,16,combined,42882.43645291,4263.06518912235,42845.893824115,2337.83731011243,3385.18262543014,4,-36.5426287950031,-0.000852158408376148
2015,UF,50,16,female,21231.73545593,3055.69031059815,20913.975556165,2420.65821471283,2360.10132235305,4,-317.759899764998,-0.0149662706764862
2015,UF,50,16,male,21650.70099698,2794.99123101719,21931.91826795,1029.77261462941,2379.73790290301,4,281.217270970003,0.0129888298309246
2015,UF,50,17,combined,45161.07190818,4002.40317968123,43167.22202389,1839.17032890021,3443.79463160942,4,-1993.84988428999,-0.0441497466743886
2015,UF,50,17,female,21668.32447236,2388.16485932578,21039.418259635,1720.72669034895,2204.20772039635,4,-628.906212725,-0.0290242198249906
2015,UF,50,17,male,23492.74743582,2913.3408298781,22127.803764255,2568.51280275215,2364.55527431648,4,-1364.943671565,-0.0581006404335593
2015,UF,50,18,combined,46347.16531279,3835.13156563994,42770.57493217,3243.26006909519,3469.52675830823,4,-3576.59038062,-0.0771695605649695
2015,UF,50,18,female,21630.17436234,3020.72311818661,22717.15613032,1930.85048898704,2561.75215035697,4,1086.98176798,0.0502530284671458
2015,UF,50,18,male,24716.99095045,2533.10042407714,20053.41880185,1652.07998252163,2114.23449357309,4,-4663.5721486,-0.188678798238387
2015,UF,50,19,combined,39550.3357321,3517.636543475,43873.21238238,1645.18843727743,3280.95730843586,4,4322.87665028,0.109300630962064
2015,UF,50,19,female,22544.72936417,2718.2577492929,22618.0332414025,2267.09582545975,2462.3854086716,4,73.3038772324981,0.00325148623646815
2015,UF,50,19,male,17005.60636793,2283.56297196051,21255.1791409775,1076.9716379811,2306.94798032988,4,4249.5727730475,0.249892457881511
2015,UF,51,14,combined,56289.45363369,6122.02192900198,54086.0552763575,6527.48561915839,4538.87016141714,4,-2203.3983573325,-0.0391440707822706
2015,UF,51,14,female,26417.70850099,4433.14724519054,25921.6419473075,3495.00478020368,3410.26589031409,4,-496.0665536825,-0.0187778040500337
2015,UF,51,14,male,29871.7451327,3694.69608985972,28164.41332905,3102.50846934987,2826.09225283871,4,-1707.33180365,-0.0571554087672307
2015,UF,51,15,combined,52000.06838836,4104.1567213959,56931.7579292125,2275.74719107953,4057.72404521189,4,4931.6895408525,0.0948400587480081
2015,UF,51,15,female,26160.10666217,2983.26434218512,26930.4175707175,2900.71132302907,2879.79195990729,4,770.310908547501,0.0294460155875986
2015,UF,51,15,male,25839.96172619,2925.73080923962,30001.340358495,832.494150247402,2694.4844462824,4,4161.378632305,0.161044303254027
2015,UF,51,16,combined,46978.83568315,3733.94833131782,50897.11028179,2285.42163336814,3828.24313082482,4,3918.27459864,0.0834051023543219
2015,UF,51,16,female,18830.75313348,2303.87924015216,22818.1881150275,1427.55713420703,2462.58200691797,4,3987.4349815475,0.211751221700107
2015,UF,51,16,male,28148.08254967,2897.40814497356,28078.9221667625,1042.60321928436,2840.67611155237,4,-69.1603829074993,-0.0024570193293081
2015,UF,51,17,combined,57297.58090667,4478.46421372379,55827.5047836,3398.52919860363,4204.0909077363,4,-1470.07612307,-0.0256568619443909
2015,UF,51,17,female,30774.83229308,3089.8530954032,28614.0949923,2552.10193240616,2867.71234758157,4,-2160.73730078,-0.0702111803633081
2015,UF,51,17,male,26522.74861359,2946.06361042013,27213.4097913,1367.02997707187,2797.17609933235,4,690.661177710001,0.02604033193438
2015,UF,51,18,combined,54747.48287844,4091.24329720544,55646.23980126,4048.26088463769,3810.17115841378,4,898.756922820001,0.0164164062997303
2015,UF,51,18,female,23871.4483459,2609.74025839267,27144.7894012925,2372.47866351584,2630.36403475966,4,3273.3410553925,0.137123688850438
2015,UF,51,18,male,30876.03453254,3164.4538039934,28501.4503999675,3312.44651244479,2658.52956183388,4,-2374.5841325725,-0.0769070305990864
2015,UF,51,19,combined,54487.91616767,4550.37208834224,52107.9339082925,969.687669420001,3952.41713391268,4,-2379.9822593775,-0.0436790838551034
2015,UF,51,19,female,29389.28868644,3411.91726091221,26005.0732059,1671.27319706546,2889.00261808426,4,-3384.21548054,-0.115151323213258
2015,UF,51,19,male,25098.62748123,2809.71123130338,26102.8607023925,1056.93514045257,2573.42134516079,4,1004.2332211625,0.0400114795884164
2015,UF,52,14,combined,103214.51329814,7383.31300452316,105763.333064383,1800.06098393191,7009.95053018445,4,2548.81976624251,0.0246943931119466
2015,UF,52,14,female,45357.95272082,4908.66651063989,48539.0470269625,2518.19463061978,4672.70187312799,4,3181.0943061425,0.0701331104100368
2015,UF,52,14,male,57856.56057732,5334.42379109143,57224.28603742,1726.50083861979,4926.72824263161,4,-632.274539900005,-0.0109283119077745
2015,UF,52,15,combined,108451.61221917,7814.13922866908,111486.600422225,3941.3936583922,7038.26676950666,4,3034.98820305499,0.0279847218584596
2015,UF,52,15,female,52583.51504962,5818.58551896417,48896.771120685,1571.54453226909,4628.84801261095,4,-3686.743928935,-0.0701121620617419
2015,UF,52,15,male,55868.09716955,5571.87616482327,62589.82930154,3890.18507381095,5307.2094472838,4,6721.73213199,0.120314320203008
2015,UF,52,16,combined,114983.54859267,8190.1513820512,107675.595947345,7862.6867872955,7355.89322272271,4,-7307.95264532502,-0.0635565064287021
2015,UF,52,16,female,56282.63970367,5761.82520099041,52817.5077707175,2841.56700107311,5148.7590397678,4,-3465.1319329525,-0.0615666207412541
2015,UF,52,16,male,58700.908889,5948.34682156946,54858.0881766275,5135.00362689684,4954.69518319269,4,-3842.8207123725,-0.065464415885605
2015,UF,52,17,combined,115155.74825989,8666.7375008485,111317.674589863,3133.71833256022,7398.77661685327,4,-3838.0736700275,-0.0333294145366111
2015,UF,52,17,female,47373.28962289,5286.20713122382,51630.4487319325,3817.83747527326,5063.80397219875,4,4257.1591090425,0.089864122650784
2015,UF,52,17,male,67782.458637,6729.18222883279,59687.22585793,3498.05942011865,5149.00627036622,4,-8095.23277907,-0.119429612643928
2015,UF,52,18,combined,103203.01547338,7876.32392004545,105830.651431775,10256.9759382306,6928.60246332525,4,2627.63595839501,0.0254608447858074
2015,UF,52,18,female,51994.11706403,5362.57259347326,52141.3439763975,7464.75909097764,4827.56780232324,4,147.2269123675,0.00283160712559446
2015,UF,52,18,male,51208.89840935,5500.46411634125,53689.3074553775,8498.32431418214,4802.16212664028,4,2480.4090460275,0.0484370709598123
2015,UF,52,19,combined,110199.9025613,8901.5804485041,110054.357927855,11361.1862041434,7712.77319336239,4,-145.544633444995,-0.00132073286874309
2015,UF,52,19,female,52201.93741142,6234.2657244882,55101.6994922825,6805.5830719385,5651.90227432095,4,2899.7620808625,0.0555489360099522
2015,UF,52,19,male,57997.96514988,5957.88483517188,54952.6584355725,4919.72304245962,5275.92829131941,4,-3045.3067143075,-0.0525071303180678
2015,UF,53,14,combined,50316.5222975,4124.83623475972,45236.0289143525,5241.00406093463,3385.86294613471,4,-5080.4933831475,-0.100970678241805
2015,UF,53,14,female,27853.26662842,3162.84608021218,23849.42020217,2294.72559217548,2648.28775418295,4,-4003.84642625,-0.143747822460605
2015,UF,53,14,male,22463.25566908,2740.35919810219,21386.6087121825,3172.89823729765,2411.00417760357,4,-1076.6469568975,-0.0479292482246673
2015,UF,53,15,combined,41682.26874212,3843.39392417689,43441.3539990675,3030.5194969855,3730.84461017014,4,1759.0852569475,0.0422022435446259
2015,UF,53,15,female,21062.24252452,2904.06444009771,21292.845638485,1338.67725925927,2723.55036683131,4,230.603113965,0.0109486496367393
2015,UF,53,15,male,20620.0262176,2466.88717875146,22148.5083605825,1898.08117485344,2460.38138183021,4,1528.4821429825,0.0741261008522811
2015,UF,53,16,combined,43928.39027733,4325.9342051256,46114.0563789775,3709.94507611737,4395.40640239371,4,2185.6661016475,0.0497552058668413
2015,UF,53,16,female,23670.06580895,3139.85152252517,23827.01766391,1281.78214959424,2883.1998900752,4,156.95185496,0.00663081616362275
2015,UF,53,16,male,20258.32446838,2639.14481477909,22287.0387150675,2572.8584876024,2976.24992875373,4,2028.7142466875,0.100142252625779
2015,UF,53,17,combined,42207.75784963,4286.73045632634,47575.6075854525,2284.36066946072,3807.26980864858,4,5367.8497358225,0.127176851112207
2015,UF,53,17,female,21191.96095328,3024.97676452639,25181.1640592125,1415.12424047289,2789.74441851271,4,3989.2031059325,0.188241339002423
2015,UF,53,17,male,21015.79689635,2735.36317288696,22394.44352624,1052.56865010777,2418.83403467498,4,1378.64662989,0.065600492652717
2015,UF,53,18,combined,47133.17454586,3966.57879052813,50295.764471325,2524.60510483185,4075.24918175167,4,3162.58992546501,0.0670990222054287
2015,UF,53,18,female,22034.92864715,2734.53543805087,26026.828455755,367.843429344546,2910.58296501876,4,3991.899808605,0.18116236601117
2015,UF,53,18,male,25098.24589871,3048.61074432407,24268.93601557,2184.04691764811,2704.68820472009,4,-829.309883139998,-0.0330425435501301
2015,UF,53,19,combined,50452.73286777,4235.56453388119,47768.7066084375,2624.85362572931,3655.93509148726,4,-2684.0262593325,-0.0531988280271553
2015,UF,53,19,female,25689.36867449,3168.63360030855,25057.98309511,2690.15765065426,2708.17815386493,4,-631.385579379999,-0.0245776993347048
2015,UF,53,19,male,24763.36419328,2909.6905229291,22710.7235133275,1096.97696770746,2526.903550433,4,-2052.6406799525,-0.0828902189513297
2016,Brazil,Brazil,14,combined,3175655.72211843,84695.2418978877,3136852.16311042,27858.6971407092,57273.7665127936,4,-38803.5590080125,-0.0122190698247754
2016,Brazil,Brazil,14,female,1510016.25057267,34684.5726150377,1528993.10955988,11428.8530878582,32082.1584338067,4,18976.8589872075,0.0125673210338038
2016,Brazil,Brazil,14,male,1665639.47154576,77098.8272594522,1607859.05355054,30953.5902722301,46502.0289066767,4,-57780.4179952201,-0.0346896306087164
2016,Brazil,Brazil,15,combined,3426948.38992647,64736.6587335123,3409847.01310105,104259.430367338,55752.4612710386,4,-17101.3768254151,-0.00499026389649889
2016,Brazil,Brazil,15,female,1698547.11980605,40496.6959242379,1670010.74250359,64154.2577807813,36221.8364186109,4,-28536.3773024576,-0.0168004625657462
2016,Brazil,Brazil,15,male,1728401.27012042,48130.3319078957,1739836.27059746,40264.9494520608,40114.3585747332,4,11435.0004770425,0.00661594079726974
2016,Brazil,Brazil,16,combined,3522656.17478181,63153.5368965738,3563718.08334968,10385.379606902,56923.4605107576,4,41061.9085678649,0.0116565189818471
2016,Brazil,Brazil,16,female,1706200.34917223,42152.7213592355,1749775.52566558,16546.923765927,39510.5128816401,4,43575.1764933448,0.0255393081559768
2016,Brazil,Brazil,16,male,1816455.82560958,44708.466399014,1813942.5576841,7928.74604192847,38719.0460470512,4,-2513.26792547992,-0.00138361081510831
2016,Brazil,Brazil,17,combined,3344741.0807276,52672.088419246,3376719.34237419,68088.4393038734,49346.1481323598,4,31978.2616465902,0.00956075847869031
2016,Brazil,Brazil,17,female,1645600.34241523,36843.5878892966,1660454.66185201,17519.0166219192,35009.087080601,4,14854.3194367774,0.00902668713290121
2016,Brazil,Brazil,17,male,1699140.73831237,35476.7772722414,1716264.68052218,53536.9338426122,33937.6773484406,4,17123.9422098126,0.0100780010882562
2016,Brazil,Brazil,18,combined,3435981.82140982,59953.8392753331,3420006.72761973,25636.6949298149,50908.4532763616,4,-15975.0937900948,-0.004649353407679
2016,Brazil,Brazil,18,female,1738418.67707113,37687.770980131,1682194.76360911,17397.8278223148,33339.8011699207,4,-56223.91346202,-0.0323419865441997
2016,Brazil,Brazil,18,male,1697563.14433869,40957.8031755895,1737811.96401062,10213.6400060754,36546.2842447481,4,40248.8196719249,0.023709762906996
2016,Brazil,Brazil,19,combined,3202433.81104036,54200.1911400781,3194392.42045449,31975.237914274,46895.0818555282,4,-8041.39058587002,-0.00251102475815344
2016,Brazil,Brazil,19,female,1627549.26096487,39197.3600422799,1631683.44681523,6295.9715700999,34033.50090766,4,4134.18585035508,0.00254012947534638
2016,Brazil,Brazil,19,male,1574884.55007549,35694.3151345702,1562708.97363927,26157.2097605982,31456.2281288481,4,-12175.5764362249,-0.00773109142231489
2016,UF,11,14,combined,26162.16180609,4432.86936403561,26043.8494291325,3415.3195215453,2807.45655655075,4,-118.3123769575,-0.00452227066839556
2016,UF,11,14,female,13996.88356587,2468.47729148377,14763.95408059,1781.77561556502,1859.3386313704,4,767.070514719999,0.0548029503217719
2016,UF,11,14,male,12165.27824022,2471.83768260269,11279.8953485425,2416.22633138286,1701.94354782661,4,-885.382891677498,-0.0727795019722859
2016,UF,11,15,combined,31922.43536106,3187.61273900313,29674.9984261425,3053.21544361988,3549.46190906107,4,-2247.4369349175,-0.0704030538239886
2016,UF,11,15,female,18784.27991903,2955.96692001898,17031.5242054525,2224.60626260898,2560.47410590723,4,-1752.7557135775,-0.0933097100944399
2016,UF,11,15,male,13138.15544203,1654.8042030207,12643.47422069,1798.39660421514,1775.37608747984,4,-494.681221339999,-0.0376522582277779
2016,UF,11,16,combined,28267.73702325,3192.60704892638,31757.4197822675,2522.78197880725,2725.39567295035,4,3489.6827590175,0.12345108333742
2016,UF,11,16,female,11262.6267653,1816.24141767627,14398.442259075,1399.77441705402,1747.81055563454,4,3135.815493775,0.278426654733548
2016,UF,11,16,male,17005.11025795,2709.99015527929,17358.9775231925,1454.98975999257,2172.11194924206,4,353.867265242501,0.020809466088411
2016,UF,11,17,combined,26597.21815722,2968.23581673987,26954.2723658475,1656.34739947391,2383.28579426764,4,357.054208627502,0.0134244944909991
2016,UF,11,17,female,14027.73577055,1865.74476142952,14019.2408660725,909.471626567029,1717.03534698019,4,-8.49490447750031,-0.000605579162343122
2016,UF,11,17,male,12569.48238667,2367.02522240929,12935.031499775,1032.56063031065,1666.16693681057,4,365.549113104998,0.0290822725916435
2016,UF,11,18,combined,28322.54607972,3030.7979797125,29397.10843847,2121.0917286638,2456.14628604693,4,1074.56235875,0.0379401751426376
2016,UF,11,18,female,14892.81026357,2597.36380541718,12472.8287549,518.10591572712,1741.29833236279,4,-2419.98150867,-0.162493274663522
2016,UF,11,18,male,13429.73581615,1769.00284409378,16924.27968357,1825.59610153999,1729.49384980254,4,3494.54386742,0.26020942744217
2016,UF,11,19,combined,29712.87646004,3414.42662286584,28192.811883795,3590.47497269938,2545.10341837156,4,-1520.064576245,-0.0511584456755403
2016,UF,11,19,female,11643.38549195,1742.66883331547,14237.6954503175,2553.08821198799,1684.08818809708,4,2594.3099583675,0.222814056973477
2016,UF,11,19,male,18069.49096809,2927.72651483596,13955.1164334775,1133.7866005829,1817.00993844905,4,-4114.3745346125,-0.22769731266245
2016,UF,12,14,combined,18457.1707214,1638.57183792357,18504.51129244,535.064667353003,1470.37858325407,4,47.3405710399966,0.00256488774767131
2016,UF,12,14,female,8884.64337382,1037.48960304421,8940.61201498,228.334885978317,947.550269279067,4,55.9686411600014,0.00629948089136834
2016,UF,12,14,male,9572.52734758,1027.68284573589,9563.89927746,726.299023179761,962.761997239662,4,-8.62807012000121,-0.0009013366905849
2016,UF,12,15,combined,20681.99769133,1725.17786077274,19990.3364763875,869.857077694364,1483.43444300441,4,-691.661214942502,-0.0334426695750213
2016,UF,12,15,female,10347.24071871,1126.82961694791,10030.962768165,763.627936608408,1000.61514653809,4,-316.277950545,-0.0305664050100915
2016,UF,12,15,male,10334.75697262,1099.87730605049,9959.3737082225,526.528888462451,943.008521873289,4,-375.3832643975,-0.0363224084893344
2016,UF,12,16,combined,20972.05231849,1828.55411694018,19957.1208579375,1892.84264199031,1518.841028459,4,-1014.9314605525,-0.0483944749488197
2016,UF,12,16,female,11086.04277517,1328.36592128624,9620.7245404125,959.900370763795,980.022146610762,4,-1465.3182347575,-0.132176851963755
2016,UF,12,16,male,9886.00954332,1083.33852428213,10336.396317525,1147.19353118572,1045.81515671167,4,450.386774204999,0.0455579950870396
2016,UF,12,17,combined,20355.88409815,1512.17654770264,19338.4831078575,869.261229805562,1339.65420992319,4,-1017.4009902925,-0.0499806829999078
2016,UF,12,17,female,10040.23845664,994.639425980562,9165.1293031325,311.522884719496,830.932017756071,4,-875.109153507499,-0.0871601961733046
2016,UF,12,17,male,10315.64564151,976.959730349409,10173.353804725,656.878931940067,971.458576434967,4,-142.291836785,-0.0137937887486576
2016,UF,12,18,combined,19028.94115545,1607.9890735752,18133.9927035125,629.148630547689,1450.61415620198,4,-894.9484519375,-0.047030911737366
2016,UF,12,18,female,9800.79158075,1076.30447530028,9373.1373633825,609.604832968764,968.995132188947,4,-427.654217367499,-0.0436346609193757
2016,UF,12,18,male,9228.1495747,996.359839924334,8760.85534013,400.530931924319,879.325015448487,4,-467.294234570001,-0.0506379129193073
2016,UF,12,19,combined,16813.00074628,1418.74864575512,16535.70229049,1141.2856428486,1294.96180273821,4,-277.298455789998,-0.0164930972153411
2016,UF,12,19,female,8111.81666614,1066.96519707084,7578.688303585,920.210680447362,875.655725797333,4,-533.128362555001,-0.065722437340129
2016,UF,12,19,male,8701.18408014,934.335679423869,8957.013986905,708.74918755188,945.301600022879,4,255.829906765001,0.0294017347993957
2016,UF,13,14,combined,73629.59117163,6089.47594811888,77139.6988551625,2746.87654647839,4832.13449859305,4,3510.10768353249,0.0476725135598059
2016,UF,13,14,female,37210.28456574,3778.32184458563,39089.0252364075,3073.28311934388,3187.84154947624,4,1878.7406706675,0.0504898227087808
2016,UF,13,14,male,36419.30660589,4285.31246866641,38050.673618755,2144.97365011114,3503.34436819166,4,1631.367012865,0.0447940162760035
2016,UF,13,15,combined,73294.39265548,5242.05088608525,78055.003074355,4833.53331511007,4796.45087909001,4,4760.610418875,0.0649519048647041
2016,UF,13,15,female,29237.84940573,3081.32903174875,33368.3765698175,3476.83169848332,3080.62915240999,4,4130.5271640875,0.141273289521698
2016,UF,13,15,male,44056.54324975,4286.42269083155,44686.6265045375,2325.1450241524,3844.8071010607,4,630.083254787503,0.0143016952377688
2016,UF,13,16,combined,84067.08591216,6485.37740498526,80378.66380153,4359.30991130998,5036.42970124113,4,-3688.42211063,-0.04387474682403
2016,UF,13,16,female,41418.03674446,3948.26433617778,39178.1966803575,2793.98106724526,3346.99442212782,4,-2239.84006410249,-0.0540788564634728
2016,UF,13,16,male,42649.0491677,4654.62621984324,41200.4671211725,1606.51793952611,3593.37623787829,4,-1448.5820465275,-0.0339651662767802
2016,UF,13,17,combined,69384.83808828,6144.26607709444,76369.1626281525,4068.04182908377,4844.95705064434,4,6984.3245398725,0.100660673604025
2016,UF,13,17,female,35044.83425981,3957.15473328653,37048.331956635,3846.00272105509,3467.6658002668,4,2003.497696825,0.0571695583426583
2016,UF,13,17,male,34340.00382847,4222.0842384924,39320.8306715175,2459.92996997495,3394.29927353783,4,4980.8268430475,0.145044446352626
2016,UF,13,18,combined,74029.84962719,6082.39404938903,76440.150244585,3920.16282080561,5037.50161777217,4,2410.30061739501,0.0325584967352108
2016,UF,13,18,female,31333.40415952,3507.69440178077,36286.8803123875,3583.32013629039,3380.20951699192,4,4953.4761528675,0.158089307106534
2016,UF,13,18,male,42696.44546767,4237.4177284082,40153.2699321975,1883.5098585626,3360.22396352035,4,-2543.1755354725,-0.0595641044029814
2016,UF,13,19,combined,71830.38476638,5368.28909248899,70587.6293435375,6937.70751808067,4926.92362451537,4,-1242.7554228425,-0.0173012496993357
2016,UF,13,19,female,37791.97083462,3672.55100529029,34194.1499345975,4356.98805013235,3225.83105462752,4,-3597.8209000225,-0.0952006688343083
2016,UF,13,19,male,34038.41393176,3695.96564741294,36393.47940894,2879.52540014372,3440.4279076663,4,2355.06547718,0.06918846106935
2016,UF,14,14,combined,6998.39260569,871.620716780716,8269.6948654775,739.09650182399,870.506939657047,4,1271.3022597875,0.181656321875094
2016,UF,14,14,female,3408.61414245,587.223053511189,3557.6869993175,433.021914449457,539.016604354096,4,149.0728568675,0.0437341543036465
2016,UF,14,14,male,3589.77846324,670.044098171317,4712.00786616,440.072776796632,682.619231108898,4,1122.22940292,0.312618010947427
2016,UF,14,15,combined,10602.23325884,1084.159826369,9483.81735277,408.449740387857,913.262442050842,4,-1118.41590607,-0.105488709667605
2016,UF,14,15,female,5767.47763698,782.325219737506,4929.0748106075,143.649815042398,675.034674971439,4,-838.4028263725,-0.145367330251411
2016,UF,14,15,male,4834.75562186,706.516933664255,4554.7425421625,352.633224635226,643.380084643782,4,-280.013079697501,-0.0579166976778396
2016,UF,14,16,combined,11054.42579423,1034.93332208846,10935.0220004475,1306.81831839752,971.054005652121,4,-119.4037937825,-0.0108014469503087
2016,UF,14,16,female,5212.61707693,845.934730051031,5477.9713199275,775.068332032998,774.321687793175,4,265.354242997501,0.0509061454316116
2016,UF,14,16,male,5841.8087173,675.390522233386,5457.05068052,723.90811874463,647.677309201677,4,-384.75803678,-0.0658628269769555
2016,UF,14,17,combined,8255.48977874,1060.85762222459,9377.4160816,610.542985934595,924.478050645014,4,1121.92630286,0.13590063496284
2016,UF,14,17,female,4153.8866755,657.041530043769,5119.7525296975,187.409490998049,682.103341551833,4,965.8658541975,0.23252099290389
2016,UF,14,17,male,4101.60310324,833.755884487403,4257.6635519025,743.896444401014,621.499247349498,4,156.060448662501,0.0380486470129748
2016,UF,14,18,combined,10153.32357286,1001.76462939181,10040.2996007,979.681564461685,902.735813029512,4,-113.023972159999,-0.0111317216819637
2016,UF,14,18,female,4672.9636939,664.330761333759,4652.3519858225,482.578655436051,605.963342521424,4,-20.6117080775002,-0.00441084276011097
2016,UF,14,18,male,5480.35987896,759.26145447122,5387.9476148775,1038.73805061622,631.851851330948,4,-92.4122640824999,-0.0168624444604971
2016,UF,14,19,combined,10686.36644148,1162.08731420589,10214.2502915575,875.639415646079,995.656989814126,4,-472.1161499225,-0.0441792963499682
2016,UF,14,19,female,5532.17861073,833.344579092015,4691.564776895,662.946678640283,672.101295544532,4,-840.613833835,-0.151949872371181
2016,UF,14,19,male,5154.18783075,791.994707952942,5522.6855146625,432.23866987517,703.895126461596,4,368.4976839125,0.0714948108243232
2016,UF,15,14,combined,154066.57269191,9242.25875373742,154147.842089355,8447.56834027247,8462.84153008256,4,81.269397444994,0.000527495328967368
2016,UF,15,14,female,75896.88283396,6544.66596083394,79990.3479865725,5757.57734881255,6256.93428114555,4,4093.46515261249,0.0539345622608479
2016,UF,15,14,male,78169.68985795,6561.79732978313,74157.4941027825,3276.64684896465,5796.65671011795,4,-4012.1957551675,-0.0513267452187474
2016,UF,15,15,combined,166182.52043981,10337.7516694066,160881.067014063,4759.18894582048,9037.20245773555,4,-5301.45342574752,-0.0319013901806096
2016,UF,15,15,female,76190.2689077,6337.66746843956,80806.5239359575,4256.82899904469,6393.22274513109,4,4616.25502825751,0.0605885120821641
2016,UF,15,15,male,89992.25153211,7010.37820107793,80074.543078105,2106.81062924131,5990.647206675,4,-9917.70845400501,-0.110206248706493
2016,UF,15,16,combined,176412.28376714,10853.463582483,166935.1399314,9508.9914769714,9376.2731979562,4,-9477.14383573999,-0.0537215642435058
2016,UF,15,16,female,87257.25812062,6949.81801495018,84369.0458233625,3897.83127730707,6473.79397353878,4,-2888.2122972575,-0.0330999662316341
2016,UF,15,16,male,89155.02564652,7964.70731823561,82566.0941080375,5723.57573843538,6541.44062184892,4,-6588.93153848249,-0.0739042077628484
2016,UF,15,17,combined,143723.01519565,9432.65604606066,143085.636242635,8909.9764554864,8245.97884366518,4,-637.378953014966,-0.0044347730399846
2016,UF,15,17,female,70729.8303002,6207.66246405567,72222.5438663925,7363.52244860809,5814.00893877371,4,1492.7135661925,0.0211044415044818
2016,UF,15,17,male,72993.18489545,6512.13157305137,70863.0923762425,3895.64620768029,5621.19998411587,4,-2130.09251920749,-0.0291820739464716
2016,UF,15,18,combined,159551.5931265,9956.312139516,149607.42784827,5926.1967149604,8856.54138803784,4,-9944.16527823001,-0.0623257034503304
2016,UF,15,18,female,73311.10372045,6275.44223370129,69721.47669873,2696.61877374229,5760.75052911031,4,-3589.62702172001,-0.0489643019890681
2016,UF,15,18,male,86240.48940605,7216.10997446928,79885.95114954,3703.57222384069,6201.64596591554,4,-6354.53825650999,-0.0736839308342816
2016,UF,15,19,combined,174651.57988557,10987.481546376,154921.687031328,2130.25887138713,9088.52970070397,4,-19729.8928542425,-0.11296715934187
2016,UF,15,19,female,97218.28252577,8676.37856005397,88885.26859178,3088.89580253693,7034.47579842017,4,-8333.01393399001,-0.0857144738365558
2016,UF,15,19,male,77433.2973598,6417.07606699329,66036.4184395475,2917.1121818789,5479.72053240364,4,-11396.8789202525,-0.147183179702344
2016,UF,16,14,combined,16405.74693469,2312.10290510533,14457.5004791925,902.955254054321,1866.33164878858,4,-1948.2464554975,-0.118753901498866
2016,UF,16,14,female,8357.36027811,1407.80874501247,6748.2658026875,1162.73456984256,1148.89091322222,4,-1609.0944754225,-0.192536210223833
2016,UF,16,14,male,8048.38665658,1485.61437454346,7709.234676505,476.159057921402,1281.85187162856,4,-339.151980075,-0.0421391260815886
2016,UF,16,15,combined,18830.96088248,2368.56895719136,15065.545507855,1206.26575722857,1880.50469365416,4,-3765.415374625,-0.199958748686493
2016,UF,16,15,female,9929.16969388,1579.30031393791,8022.8071964925,747.15639790748,1229.51196626733,4,-1906.3624973875,-0.191996164448928
2016,UF,16,15,male,8901.7911886,1483.67276621516,7042.7383113625,976.862631609487,1262.78741619204,4,-1859.0528772375,-0.208840315151211
2016,UF,16,16,combined,18210.03599649,3755.36192606301,17969.3667645075,2846.04485655028,2544.61397521026,4,-240.669231982502,-0.0132162963340045
2016,UF,16,16,female,8604.24059493,1483.24061598215,9353.90527375,1267.18790260296,1368.44253088146,4,749.664678820002,0.0871273496538134
2016,UF,16,16,male,9605.79540156,2828.64284281837,8615.4614907575,1670.8804968122,1723.42227711328,4,-990.333910802501,-0.103097543660119
2016,UF,16,17,combined,15171.92125775,2001.77211028054,14596.440834175,551.132720955861,1664.40667216937,4,-575.480423575,-0.0379306228788287
2016,UF,16,17,female,7495.03445899,1231.42336810161,6975.7513922625,764.977836846434,1035.58224332912,4,-519.283066727499,-0.0692836129798763
2016,UF,16,17,male,7676.88679876,1505.00893412953,7620.6894419125,578.560297211834,1266.33949508553,4,-56.1973568474996,-0.00732033157719309
2016,UF,16,18,combined,13382.50782901,1781.40547721389,14483.02857019,1362.051488655,1579.6838501399,4,1100.52074118,0.0822357629258651
2016,UF,16,18,female,7067.63443185,1229.99636655332,7031.1077046825,981.787472047021,1046.063435319,4,-36.5267271674993,-0.0051681687160973
2016,UF,16,18,male,6314.87339716,1404.18308699366,7451.9208655075,386.415492107265,1233.6725926279,4,1137.0474683475,0.180058632507006
2016,UF,16,19,combined,17591.69115689,2325.52395772079,14608.0479056675,757.685177329808,1900.10537447505,4,-2983.6432512225,-0.16960525424265
2016,UF,16,19,female,9305.88427964,1380.30099824802,7148.9661581575,229.078121495134,1148.81841252368,4,-2156.9181214825,-0.231780028277543
2016,UF,16,19,male,8285.80687725,1466.13818960938,7459.08174751,565.760797489902,1365.91176743309,4,-826.72512974,-0.0997760558491781
2016,UF,17,14,combined,22733.81910577,2953.4726226373,25834.6609370425,2483.73682936498,2518.68462039994,4,3100.8418312725,0.136397752478178
2016,UF,17,14,female,11234.40480805,1541.82262482549,13989.61961539,1138.84313767705,1751.96529169567,4,2755.21480734,0.245247955224629
2016,UF,17,14,male,11499.41429772,2559.41482002654,11845.0413216525,1505.90629607856,1708.59725927418,4,345.627023932499,0.0300560545941045
2016,UF,17,15,combined,31788.28110218,3022.53014551846,29128.853303535,1473.99275454101,2591.60593609785,4,-2659.427798645,-0.0836606355057877
2016,UF,17,15,female,15787.92993076,2177.7160666548,13991.7491649675,470.899253292249,1780.96170762195,4,-1796.1807657925,-0.113769238504977
2016,UF,17,15,male,16000.35117142,1850.50021068557,15137.1041385675,1338.02235920729,1800.68696034841,4,-863.2470328525,-0.0539517554086213
2016,UF,17,16,combined,28855.34854132,2738.31997763976,31700.1900891525,3102.7266921953,2945.61984054763,4,2844.8415478325,0.0985897482319013
2016,UF,17,16,female,13117.81942143,1763.28488248397,16601.23307327,1980.03564666791,2162.61893986587,4,3483.41365184,0.265548224131619
2016,UF,17,16,male,15737.52911989,2096.29196483684,15098.9570158825,1400.54579895007,1749.94370205869,4,-638.572104007499,-0.0405763890343138
2016,UF,17,17,combined,29750.79348285,2986.69282459076,30001.0230440175,3551.44779856369,2991.43861847233,4,250.2295611675,0.00841085335460871
2016,UF,17,17,female,14047.90254005,2191.32092985301,14689.302699915,2526.30537350455,2217.97440747256,4,641.400159865001,0.0456580730138464
2016,UF,17,17,male,15702.8909428,2091.79426234328,15311.7203441025,1312.55443824621,1793.41673197832,4,-391.170598697499,-0.0249107377821316
2016,UF,17,18,combined,27029.87473024,4361.9317761782,29447.7308607675,3191.95633063111,3297.97523164735,4,2417.8561305275,0.0894512517966831
2016,UF,17,18,female,12291.63258053,3058.809130308,13770.9612109,1782.81290989636,2242.95562697794,4,1479.32863037,0.120352493509549
2016,UF,17,18,male,14738.24214971,2086.49845004814,15676.7696498675,1501.80129214614,1976.73567820536,4,938.527500157499,0.0636797448857201
2016,UF,17,19,combined,26864.20178337,2463.11786880521,27092.8784937225,1061.13837371347,2752.83092572657,4,228.676710352498,0.00851232105076198
2016,UF,17,19,female,15076.27497194,1777.86840524831,14449.9290327925,287.120729464383,1818.78332744259,4,-626.345939147499,-0.041545138989124
2016,UF,17,19,male,11787.92681143,1580.02232465805,12642.94946093,1158.06147127575,1766.54077355646,4,855.022649500001,0.0725337595980779
2016,UF,21,14,combined,127786.7416204,6515.80310524366,132726.52853216,2511.66609263517,5663.03665787031,4,4939.78691176001,0.0386564900953028
2016,UF,21,14,female,63350.40972077,4405.48304571621,68135.8660321875,3333.238019233,3943.30418672793,4,4785.4563114175,0.0755394690028113
2016,UF,21,14,male,64436.33189963,4577.3191081106,64590.6624999725,2411.09313110442,3949.30080425746,4,154.330600342495,0.00239508668157725
2016,UF,21,15,combined,132343.12682467,6281.00353319637,140532.104273833,10972.37457163,5775.58250870944,4,8188.97744916248,0.0618768624079085
2016,UF,21,15,female,67309.6434167,4820.36742758839,70586.61030776,9358.43266835784,4077.31513663529,4,3276.96689106,0.0486849539637728
2016,UF,21,15,male,65033.48340797,4167.25088375962,69945.4939660725,2760.89423245007,4132.91267833493,4,4912.01055810251,0.0755304852315589
2016,UF,21,16,combined,145291.20206334,6541.601475794,146707.801164433,2384.53908806001,6097.74369925702,4,1416.59910109249,0.00975006800807473
2016,UF,21,16,female,70984.33568679,4355.30967237786,70905.2741262775,2386.49107223819,4017.95065944338,4,-79.0615605125058,-0.00111378883450224
2016,UF,21,16,male,74306.86637655,4632.08433553015,75802.527038155,2457.80239112855,4308.07249144993,4,1495.66066160501,0.020128162235045
2016,UF,21,17,combined,130955.75591357,6499.38859112936,136591.93130477,1074.79039600331,5893.72589475481,4,5636.1753912,0.0430387755916574
2016,UF,21,17,female,69071.76334264,4801.51682473363,69937.1505934825,1916.56251968881,4142.55909844757,4,865.387250842498,0.0125288136419744
2016,UF,21,17,male,61883.99257093,4004.68337752041,66654.7807112875,972.260273529299,3906.78404810279,4,4770.7881403575,0.0770924425228274
2016,UF,21,18,combined,123238.42822904,5871.44274044947,134981.436731483,3437.073047314,5742.07989580123,4,11743.0085024425,0.0952869058068316
2016,UF,21,18,female,63031.60235036,4443.12951844245,65647.49817769,2192.4613692207,3934.42433173477,4,2615.89582732999,0.041501337896974
2016,UF,21,18,male,60206.82587868,4123.05266640829,69333.9385537925,2593.13541752737,3900.75873936077,4,9127.1126751125,0.151595978394611
2016,UF,21,19,combined,119812.32805945,5458.24027906036,124713.56620568,1861.71073700006,5704.59606306498,4,4901.23814623001,0.040907628001336
2016,UF,21,19,female,65223.20514959,4252.23768859052,67165.133128735,3582.151075898,4355.82692121087,4,1941.927979145,0.0297735748295591
2016,UF,21,19,male,54589.12290986,3538.47434045748,57548.433076945,3045.49960730099,3386.61697765555,4,2959.310167085,0.0542106194300199
2016,UF,22,14,combined,63743.44211925,8232.21134036458,61774.1196734075,5908.9083116684,5969.35514837854,4,-1969.3224458425,-0.0308945105624879
2016,UF,22,14,female,30333.12981303,4034.67738075671,32139.841977265,5308.56063988322,3843.26250244035,4,1806.712164235,0.0595623391114393
2016,UF,22,14,male,33410.31230622,7299.9684941757,29634.2776961425,2401.60289050675,4204.90487539297,4,-3776.0346100775,-0.113020033319908
2016,UF,22,15,combined,61358.72465903,6132.66997088069,55556.61130452,4157.39154375539,4848.76375887533,4,-5802.11335451,-0.0945605272396435
2016,UF,22,15,female,27981.23431278,3192.18857139866,27063.6782884175,1901.88364700935,2867.54275335423,4,-917.556024362504,-0.0327918352030462
2016,UF,22,15,male,33377.49034625,5334.99525790179,28492.9330161025,2583.40404209191,3787.09328639829,4,-4884.5573301475,-0.146342858000296
2016,UF,22,16,combined,57154.39704608,6387.84073846996,58354.076043575,4426.57841182075,5129.51054392046,4,1199.678997495,0.0209901435322251
2016,UF,22,16,female,23835.30174901,3035.85471582607,25224.7494663775,2691.68545247777,2890.51607606306,4,1389.4477173675,0.0582936910972907
2016,UF,22,16,male,33319.09529707,5459.77536162995,33129.3265771975,4094.87828800963,4167.88319778613,4,-189.768719872503,-0.00569549437583893
2016,UF,22,17,combined,57353.62805705,4879.10286195127,56094.32683429,4169.59452974436,4261.97141220594,4,-1259.30122276,-0.0219567839981696
2016,UF,22,17,female,28667.15776411,4157.16709822065,24840.2117964975,1267.29879160689,2945.26244802497,4,-3826.9459676125,-0.133495828191369
2016,UF,22,17,male,28686.47029294,2926.67526315967,31254.1150377925,5005.84806141479,3199.58422019884,4,2567.6447448525,0.0895071690114632
2016,UF,22,18,combined,68360.66813576,7613.92094584178,59258.950212745,4558.00226611785,5429.91487001209,4,-9101.71792301501,-0.133142612136844
2016,UF,22,18,female,31002.00209284,3676.93278344893,27840.187941705,1435.77942133558,3241.46127000696,4,-3161.814151135,-0.101987418156624
2016,UF,22,18,male,37358.66604292,5615.20117756793,31418.76227104,3793.52825521341,3855.75442244369,4,-5939.90377188,-0.158996677372149
2016,UF,22,19,combined,51281.88081242,4729.39942457723,53183.6611626,2281.274890574,4195.4245407914,4,1901.78035018,0.0370848401043709
2016,UF,22,19,female,23346.63180106,2830.81438216316,24134.478444005,322.186785198663,2636.96173804897,4,787.846642944998,0.0337456233369487
2016,UF,22,19,male,27935.24901136,3661.83653011849,29049.182718595,2059.37148180238,3174.18712253745,4,1113.933707235,0.0398755603281722
2016,UF,23,14,combined,149552.43742722,8099.02412221521,153871.122886255,4176.48476578958,7514.28432130964,4,4318.68545903501,0.0288773993478823
2016,UF,23,14,female,72553.08475971,6210.88848444493,76118.1855892125,2892.05904628918,5351.135816782,4,3565.10082950251,0.0491378256528973
2016,UF,23,14,male,76999.35266751,5625.81962827781,77752.9372970425,3902.19735097135,5393.06281432625,4,753.584629532503,0.00978689564815626
2016,UF,23,15,combined,161159.25822025,8057.44400251927,151487.114637608,1178.29237258454,7481.00337659478,4,-9672.14358264249,-0.0600160592041442
2016,UF,23,15,female,78161.55838853,5329.20688074609,76792.01220204,1984.46108673026,5216.39884518254,4,-1369.54618649,-0.0175219918170283
2016,UF,23,15,male,82997.69983172,5969.25284612937,74695.1024355675,1434.31984347086,5305.24790913366,4,-8302.5973961525,-0.100034066160704
2016,UF,23,16,combined,172320.82638102,10241.0235695318,173507.814971233,5109.43006772262,9682.75521510928,4,1186.98859021251,0.00688824801471152
2016,UF,23,16,female,81183.30619658,6373.05549575248,84873.4581475075,3867.99230193414,6208.75694750991,4,3690.1519509275,0.0454545660162206
2016,UF,23,16,male,91137.52018444,7497.97714523861,88634.356823725,3533.77517384135,6329.08920076715,4,-2503.163360715,-0.0274657830896563
2016,UF,23,17,combined,157052.16304919,9183.17604188984,155545.425623788,1280.87750741452,8562.38214312745,4,-1506.73742540251,-0.0095938661152383
2016,UF,23,17,female,76746.41327419,5682.7538447695,73524.5606257275,4955.6963444071,5481.58624175848,4,-3221.8526484625,-0.0419804979934615
2016,UF,23,17,male,80305.749775,6889.94771485925,82020.86499806,5722.76524822004,6447.47612658838,4,1715.11522306,0.021357315358681
2016,UF,23,18,combined,171624.90156784,8737.34844010143,171596.729965873,6347.68353407803,10515.8630425421,4,-28.1716019675077,-0.000164146354696507
2016,UF,23,18,female,83718.88758415,6596.56445418466,85473.3540264075,2717.01876387916,8771.10543531292,4,1754.4664422575,0.020956638255543
2016,UF,23,18,male,87906.01398369,6145.88611962791,86123.375939465,3855.39542946938,5837.94242105452,4,-1782.63804422499,-0.0202789088418426
2016,UF,23,19,combined,149921.0560338,8836.50200329563,154677.472944573,5510.88004577755,8136.96678407908,4,4756.4169107725,0.0317261433223907
2016,UF,23,19,female,70568.74015157,5649.01030517799,78626.3196297475,3748.90942813245,5889.12670966452,4,8057.5794781775,0.114180577134736
2016,UF,23,19,male,79352.31588223,6445.35587433424,76051.153314825,3792.44058682502,5220.98609789711,4,-3301.162567405,-0.0416013386717584
2016,UF,24,14,combined,54768.80820532,4695.97126689908,53790.360512175,3014.94659066647,4603.58228877895,4,-978.447693144997,-0.0178650535808072
2016,UF,24,14,female,29217.61321623,3733.81615066755,27358.4621229825,1011.17854512941,3186.29134990694,4,-1859.1510932475,-0.0636311761501027
2016,UF,24,14,male,25551.19498909,3156.03641804116,26431.8983891925,2083.90369833955,3272.92009000291,4,880.703400102502,0.0344681882972029
2016,UF,24,15,combined,59112.35144737,4989.79033774396,60426.53460228,3218.42990579238,4829.5588252618,4,1314.18315491,0.0222319552975332
2016,UF,24,15,female,34567.89542109,3675.87396369252,32679.3901492225,2644.80496881242,3576.86883506884,4,-1888.5052718675,-0.0546317688381837
2016,UF,24,15,male,24544.45602628,2927.50679217625,27747.1444530575,1296.14263145096,3139.6081938745,4,3202.6884267775,0.130485207060541
2016,UF,24,16,combined,58064.58756517,5555.52657595223,57086.653536735,1691.87748995054,4875.98364550895,4,-977.934028434997,-0.0168421764356354
2016,UF,24,16,female,31907.81437846,4273.24506614456,28753.3160178775,2723.38262796409,3250.51786100121,4,-3154.4983605825,-0.0988628780137322
2016,UF,24,16,male,26156.77318671,3220.23908082545,28333.3375188575,3303.0187086592,3380.65733965251,4,2176.5643321475,0.0832122646249573
2016,UF,24,17,combined,56310.47121424,4431.1503554405,56573.7924784325,2844.3484202057,4430.9128223047,4,263.321264192498,0.0046762397563796
2016,UF,24,17,female,28766.12916002,3059.2483553079,27727.62626368,679.538896573335,3025.95743021593,4,-1038.50289634,-0.0361015863678782
2016,UF,24,17,male,27544.34205422,3145.70171644616,28846.1662147525,2239.24591542829,3294.29234072246,4,1301.8241605325,0.0472628519486837
2016,UF,24,18,combined,48667.65613867,4502.72692339869,55630.2097433425,1127.2471136192,4655.94643559564,4,6962.5536046725,0.14306326125166
2016,UF,24,18,female,24543.69934067,3643.73392050973,28991.35841829,662.718133333758,3488.83176067621,4,4447.65907762,0.181213883689083
2016,UF,24,18,male,24123.956798,2928.54136986371,26638.8513250525,576.542930275719,3038.05255584255,4,2514.8945270525,0.104248840607317
2016,UF,24,19,combined,51531.18974031,5079.96096290384,51472.326154525,4345.55380686415,4459.31741123309,4,-58.8635857850022,-0.0011422904474289
2016,UF,24,19,female,24990.75246094,3301.87035339638,26544.1903601625,1286.02521606158,3111.5018645973,4,1553.4378992225,0.0621605092383868
2016,UF,24,19,male,26540.43727937,3530.82801356459,24928.1357943625,4475.00941615097,2757.81468366064,4,-1612.3014850075,-0.060748866645869
2016,UF,25,14,combined,60756.58931778,5046.5110972161,66635.2474194475,3616.30158243144,5212.73319941909,4,5878.65810166749,0.0967575396788631
2016,UF,25,14,female,33328.05205488,3719.28835999047,38193.01810582,4443.50477888152,4121.43153307496,4,4864.96605094,0.145972109108839
2016,UF,25,14,male,27428.5372629,3339.52997393797,28442.2293136275,2129.76316877206,3111.1158816269,4,1013.6920507275,0.0369575687179872
2016,UF,25,15,combined,69441.29456355,5379.68192875845,76784.223949795,5464.11219604747,5007.5821882541,4,7342.92938624501,0.105742979482116
2016,UF,25,15,female,36661.70739056,3914.23402404642,38749.69419675,1391.45934586939,3433.13821664489,4,2087.98680619001,0.0569527977501572
2016,UF,25,15,male,32779.58717299,3396.54037491938,38034.529753045,4262.55127122133,3440.43373135214,4,5254.94258005499,0.160311432609652
2016,UF,25,16,combined,79320.75377632,6367.97580662259,68600.62761254,3014.8974025346,5053.6143539172,4,-10720.12616378,-0.13514907074648
2016,UF,25,16,female,38793.11124031,4437.66066516069,32639.60847895,1697.77478085623,3305.05132551566,4,-6153.50276136,-0.158623594875935
2016,UF,25,16,male,40527.64253601,4303.95750824916,35961.01913359,2213.19687684575,3508.11471213144,4,-4566.62340242,-0.112679226243234
2016,UF,25,17,combined,71567.69544139,5633.75053080495,71522.845848905,2576.31039790903,4969.78388022155,4,-44.8495924849849,-0.000626673699752065
2016,UF,25,17,female,35462.3476541,4069.652459403,33541.1149828725,1972.80244823392,3430.32770159662,4,-1921.2326712275,-0.0541766915706546
2016,UF,25,17,male,36105.34778729,3585.83977079135,37981.7308660325,2308.97603312825,3377.72281642836,4,1876.3830787425,0.0519696719111244
2016,UF,25,18,combined,67992.48336849,4713.57889712191,67595.6628002175,3937.08390916543,4893.13427398362,4,-396.820568272495,-0.00583624172280777
2016,UF,25,18,female,33511.1238704,3413.79220649993,33652.5287534125,2563.96463864271,3419.68577389333,4,141.404883012503,0.0042196401278384
2016,UF,25,18,male,34481.35949809,3570.58109480894,33943.134046805,3543.13058891277,3361.13208216008,4,-538.225451284998,-0.0156091714224554
2016,UF,25,19,combined,67276.87475036,5535.2153873402,64976.58883131,3382.44780783985,4555.6925290376,4,-2300.28591905,-0.0341913313837114
2016,UF,25,19,female,40229.52130126,4494.11322561632,35084.0468536725,2642.45884966924,3718.95349394855,4,-5145.4744475875,-0.127902949902273
2016,UF,25,19,male,27047.3534491,3107.49084326628,29892.5419776375,1040.13006651244,2804.26284774958,4,2845.1885285375,0.105192862358671
2016,UF,26,14,combined,146207.543861,9506.20074148038,147538.23757628,4550.4259542042,8267.44844502528,4,1330.69371528001,0.00910140256883806
2016,UF,26,14,female,66954.34844394,6235.15963850756,69823.97413522,2489.31405283129,5989.51648036568,4,2869.62569127999,0.0428594371832725
2016,UF,26,14,male,79253.19541706,7398.8190817383,77714.26344106,2198.39837979801,6177.87930624386,4,-1538.93197599999,-0.0194179170682211
2016,UF,26,15,combined,174310.38378395,10830.7202887285,162279.394714705,2691.78593361455,9093.93308768132,4,-12030.989069245,-0.0690204955555423
2016,UF,26,15,female,84391.41629392,7313.36628555385,77999.174689965,7104.77333684276,6072.8676139737,4,-6392.241603955,-0.0757451632484989
2016,UF,26,15,male,89918.96749003,7504.2309861006,84280.22002474,4889.56898435161,6433.5810611795,4,-5638.74746529,-0.062709210555773
2016,UF,26,16,combined,154383.83247286,9739.00485561004,164597.354139188,9275.07783980393,9208.77475319016,4,10213.5216663275,0.0661566791206779
2016,UF,26,16,female,71015.76184107,6526.19330036464,79488.8197087225,3959.72827614024,6261.10983119691,4,8473.0578676525,0.119312356130387
2016,UF,26,16,male,83368.07063179,7489.36616452353,85108.534430465,6864.29421132086,6557.097164382,4,1740.46379867499,0.0208768631142018
2016,UF,26,17,combined,173412.70846077,11041.6176792395,157743.642956,6078.58849960229,9125.18727032066,4,-15669.06550477,-0.0903570773090988
2016,UF,26,17,female,83150.29251769,7431.01888801897,76439.87721217,1343.39091257141,6359.77115249832,4,-6710.41530552,-0.0807022453239401
2016,UF,26,17,male,90262.41594308,7366.26964701311,81303.76574383,7075.29856685334,6241.09879293529,4,-8958.65019925,-0.0992511678936156
2016,UF,26,18,combined,166674.21141191,9905.76952994503,165564.032756533,7896.51942738429,8981.5828317192,4,-1110.1786553775,-0.00666077040936983
2016,UF,26,18,female,93351.9234988,7490.00182446424,82390.2097214075,8879.76931347558,6404.25385781091,4,-10961.7137773925,-0.117423544867111
2016,UF,26,18,male,73322.28791311,6300.27162446831,83173.823035125,3674.21365606404,6123.65100861534,4,9851.53512201499,0.134359352420774
2016,UF,26,19,combined,133680.72345615,9186.41320189874,143167.795716783,5089.55944037318,9082.14881808554,4,9487.0722606325,0.070968139723933
2016,UF,26,19,female,69347.76196854,6548.46384894234,70802.31681025,3082.03137775161,6388.10449509021,4,1454.55484170999,0.0209747914052347
2016,UF,26,19,male,64332.96148761,6344.25416304482,72365.4789065325,3088.96085718783,6041.05438352369,4,8032.5174189225,0.124858505394152
2016,UF,27,14,combined,63754.0166545,4654.85571222581,62352.4042994775,4380.73700167939,3468.57508624612,4,-1401.6123550225,-0.0219846909821888
2016,UF,27,14,female,29497.48523111,2608.83110009483,29341.1199119625,1190.42806508815,2218.98290220088,4,-156.365319147499,-0.00530097118186148
2016,UF,27,14,male,34256.53142339,3612.23771564682,33011.284387515,3691.72197038507,2510.40087979656,4,-1245.247035875,-0.0363506456764259
2016,UF,27,15,combined,56630.21095182,3497.79874601475,61179.9589785825,2202.80410802581,3141.95131178449,4,4549.7480267625,0.0803413575597192
2016,UF,27,15,female,26119.44923752,2213.43304277234,29778.8538577775,2657.77677449712,2130.33724944941,4,3659.4046202575,0.140102671652082
2016,UF,27,15,male,30510.7617143,2530.89615451945,31401.105120805,536.054956478609,2240.9301522124,4,890.343406505002,0.0291812906816977
2016,UF,27,16,combined,73690.56311772,4247.23406272142,65627.6618155575,2408.95704995727,3281.16988005414,4,-8062.9013021625,-0.109415655967808
2016,UF,27,16,female,40678.2757128,3070.56899353936,33544.3160688875,951.342687387379,2392.01704203852,4,-7133.9596439125,-0.175375173084529
2016,UF,27,16,male,33012.28740492,2638.33344760765,32083.34574667,1706.35000392408,2252.67611669802,4,-928.941658250005,-0.0281392696863399
2016,UF,27,17,combined,58467.69917754,3566.60891011411,58942.6768601725,3692.39752588356,3097.78581455527,4,474.977682632496,0.00812376216806828
2016,UF,27,17,female,25477.39983201,2272.08551969831,26552.43502579,1258.23739275819,2077.82357626953,4,1075.03519378,0.0421956400915496
2016,UF,27,17,male,32990.29934553,2705.28314362232,32390.2418343825,3155.06698445546,2274.81688146907,4,-600.057511147501,-0.0181889077411116
2016,UF,27,18,combined,59453.98675896,3876.4510273899,60709.079278175,2924.40977575829,3183.94013624881,4,1255.092519215,0.0211103171988016
2016,UF,27,18,female,33492.40959397,3059.8067817646,30671.9729853525,1507.15390032081,2314.57500000238,4,-2820.4366086175,-0.0842112180882111
2016,UF,27,18,male,25961.57716499,2195.4679523542,30037.1062928225,1690.0173216396,2080.02232181362,4,4075.5291278325,0.156983110152818
2016,UF,27,19,combined,58451.15875024,3450.84361993414,57404.9163923675,1232.59970931138,3066.00059151189,4,-1046.2423578725,-0.0178994288606503
2016,UF,27,19,female,31127.50798688,2610.0809429863,29415.2165065625,1152.9140821358,2237.27525920889,4,-1712.2914803175,-0.0550089483886476
2016,UF,27,19,male,27323.65076336,2150.12996110417,27989.699885805,1357.77388159947,2066.95566727602,4,666.049122444998,0.0243762858855649
2016,UF,28,14,combined,33426.93401416,2786.52860532957,35622.250926595,1645.02551765108,2736.69931491333,4,2195.316912435,0.0656750903778684
2016,UF,28,14,female,13758.68186427,1747.66184975477,16578.9165740275,445.650526373871,1843.96427332933,4,2820.2347097575,0.204978553729146
2016,UF,28,14,male,19668.25214989,2206.97539291041,19043.3343525675,1377.55644219571,1978.97763914193,4,-624.917797322498,-0.031772919757183
2016,UF,28,15,combined,40499.38478885,3445.94539374408,37250.07989935,2107.55646197492,2890.02841986464,4,-3249.3048895,-0.0802309690984387
2016,UF,28,15,female,21965.53342732,2516.6990954073,19027.1723227525,706.846168981143,2051.80021159322,4,-2938.3611045675,-0.133771443078767
2016,UF,28,15,male,18533.85136153,2355.43886019988,18222.9075765975,1731.77212467446,1972.10056957272,4,-310.9437849325,-0.0167770734137814
2016,UF,28,16,combined,38118.23202669,3120.42841910587,42854.87321498,2639.5696488802,3208.75048856616,4,4736.64118829,0.124261827908846
2016,UF,28,16,female,20689.36773611,2360.33808624843,21569.9614800475,1887.90660811664,2333.87642531146,4,880.593743937498,0.0425626222690489
2016,UF,28,16,male,17428.86429058,2118.41002330222,21284.9117349325,1295.17862575484,2183.4129378752,4,3856.0474443525,0.221244906154707
2016,UF,28,17,combined,40206.6124452,3294.64174141815,40945.33979908,1370.81614593274,3125.71273740258,4,738.72735388,0.0183732801386055
2016,UF,28,17,female,22099.59236147,2337.85439562523,22396.911235755,2132.50826377037,2302.24766605405,4,297.318874285,0.0134535908817652
2016,UF,28,17,male,18107.02008373,2167.52055653291,18548.428563325,1356.29437738727,2041.33626595146,4,441.408479595,0.0243777539072609
2016,UF,28,18,combined,41344.64164782,3355.12145652399,42824.80955789,1365.52168344962,3575.09434673778,4,1480.16791007,0.0358007192970324
2016,UF,28,18,female,23121.24364963,2581.83424430019,21497.31551965,1510.1212943567,2237.74231316862,4,-1623.92812998,-0.0702353279342734
2016,UF,28,18,male,18223.39799819,2198.84793903854,21327.49403824,807.511171587709,2566.07181765611,4,3104.09604005,0.170335743112141
2016,UF,28,19,combined,37079.0778699,3657.92649025343,40741.82370368,1893.80041019302,3482.05175396557,4,3662.74583378,0.0987820098070275
2016,UF,28,19,female,16685.24806322,2278.22085433692,21173.681765455,1281.69549918,2614.39237884445,4,4488.433702235,0.269006111580028
2016,UF,28,19,male,20393.82980668,2529.22962859768,19568.141938225,873.00287307001,2233.82880833954,4,-825.687868455003,-0.0404871412717463
2016,UF,29,14,combined,227785.30272647,15736.8055759124,245082.531790553,4964.56833854271,14289.1807589377,4,17297.2290640825,0.075936545760608
2016,UF,29,14,female,119470.58507438,10228.6848551496,120572.79265169,2030.29795961818,9712.29221323074,4,1102.20757731001,0.00922576529296978
2016,UF,29,14,male,108314.71765209,11052.7773994259,124509.739138863,4133.8430559728,10129.7268844231,4,16195.0214867725,0.14951819879909
2016,UF,29,15,combined,269699.51457235,19756.4103496019,266487.382808093,16189.4240447314,17400.5838002914,4,-3212.1317642575,-0.0119100391016678
2016,UF,29,15,female,144309.5899496,16062.7400160923,125474.586881925,11997.2627832824,12551.1966235045,4,-18835.003067675,-0.13051802776415
2016,UF,29,15,male,125389.92462275,10988.1561048682,141012.795926168,5551.90288514269,10660.4272739181,4,15622.8713034175,0.12459431130867
2016,UF,29,16,combined,293290.69129432,26221.3778935071,295691.612772635,8999.56491151861,22320.9428346415,4,2400.92147831502,0.00818614961054347
2016,UF,29,16,female,157246.10487356,21364.6497702259,151197.677491888,4297.68562353273,17606.7343389664,4,-6048.42738167249,-0.0384647199149128
2016,UF,29,16,male,136044.58642076,11793.6297272062,144493.935280748,7656.24461830083,11623.6001016905,4,8449.34885998751,0.0621072038387128
2016,UF,29,17,combined,275672.7103339,16921.2605730289,265957.498355008,18966.5723848311,16683.260417128,4,-9715.2119788925,-0.0352418343009914
2016,UF,29,17,female,145706.00699565,12924.2120299339,141959.13556329,11489.4045481828,13794.7309434727,4,-3746.87143236,-0.0257152845625085
2016,UF,29,17,male,129966.70333825,10342.8988086678,123998.362791718,11238.0794957956,9211.46355581459,4,-5968.34054653249,-0.0459220738330136
2016,UF,29,18,combined,247317.84138255,16283.3639795779,247654.227695323,8402.2683013885,13539.0592674591,4,336.38631277252,0.00136013767099074
2016,UF,29,18,female,135845.02813185,11078.3061777076,133019.16865652,1198.82338702422,9959.53141968132,4,-2825.85947533001,-0.0208020824478556
2016,UF,29,18,male,111472.8132507,10708.4312759692,114635.059038803,8289.03641355099,9047.51037968711,4,3162.2457881025,0.0283678656336651
2016,UF,29,19,combined,248099.91657914,18263.464914391,234680.860985035,7449.73806551946,15087.192644824,4,-13419.055594105,-0.0540873039343587
2016,UF,29,19,female,139365.38307837,13685.1697901266,123610.237329063,8333.63577648426,10442.4008902175,4,-15755.1457493075,-0.113049204912298
2016,UF,29,19,male,108734.53350077,9814.07765908988,111070.623655973,961.396167922715,9621.71622408115,4,2336.0901552025,0.0214843443015825
2016,UF,31,14,combined,295455.56880582,15636.5900069859,280328.72745859,10014.5876362913,14130.6912177541,4,-15126.84134723,-0.0511983626112382
2016,UF,31,14,female,143048.34135198,10473.2489088191,139878.44473776,1507.55105008129,9705.05306652376,4,-3169.89661421999,-0.0221596181001516
2016,UF,31,14,male,152407.22745384,11687.9673728913,140450.28272083,9282.96589665791,10194.3041617147,4,-11956.94473301,-0.0784539219876002
2016,UF,31,15,combined,319306.14232577,16441.4480249842,328679.46595686,18592.302826053,15813.406527159,4,9373.32363109,0.0293552875707819
2016,UF,31,15,female,155082.76085766,11543.5077799829,158942.352408438,9133.09265903768,10851.3398293816,4,3859.59155077749,0.0248873022986736
2016,UF,31,15,male,164223.38146811,11741.2823424067,169737.113548423,13573.0865507236,11225.787442182,4,5513.7320803125,0.0335745862192175
2016,UF,31,16,combined,346061.23266877,18799.9384451271,348342.510048885,3322.27156156988,15341.0857068055,4,2281.277380115,0.00659212059820209
2016,UF,31,16,female,181153.89413807,14920.736700737,179848.753259375,6548.25939641132,11919.0274192304,4,-1305.14087869501,-0.00720459742201438
2016,UF,31,16,male,164907.3385307,11317.3891057846,168493.75678951,6620.68816339739,9975.39001728266,4,3586.41825880998,0.0217480816242893
2016,UF,31,17,combined,312452.20733463,16412.6124755503,321581.107884113,7517.31105283254,16603.6218420146,4,9128.9005494825,0.0292169500972852
2016,UF,31,17,female,148611.60709715,11132.1556069998,156594.750045478,7290.90804525763,10630.5973880182,4,7983.1429483275,0.0537181657897608
2016,UF,31,17,male,163840.60023748,12331.9764793949,164986.357838635,3053.34768472931,12808.9611701141,4,1145.75760115503,0.00699312380139172
2016,UF,31,18,combined,355445.74121793,17247.4718317944,336358.630761488,11591.3307173233,15462.6184145027,4,-19087.1104564425,-0.05369908327229
2016,UF,31,18,female,194265.09402528,13079.6629420035,166497.548976723,13025.3366581645,10569.5308954401,4,-27767.5450485575,-0.142936358113538
2016,UF,31,18,male,161180.64719265,11038.6307916741,169861.081784765,5430.29481675052,11195.2140523821,4,8680.434592115,0.0538553154073129
2016,UF,31,19,combined,334568.52100877,17144.2934953425,323928.39211506,8060.17821642417,14884.3258284669,4,-10640.12889371,-0.0318025403634165
2016,UF,31,19,female,170014.30123702,12593.6646234373,166461.43306161,11317.3877546325,10847.8373370419,4,-3552.86817541,-0.0208974665634562
2016,UF,31,19,male,164554.21977175,11357.350657523,157466.95905345,6653.80572048595,10328.6720836384,4,-7087.26071830001,-0.0430694559406049
2016,UF,32,14,combined,59996.92388179,4464.01788157956,58695.6481319275,2492.52820773742,3592.03137861916,4,-1301.27574986249,-0.0216890411319479
2016,UF,32,14,female,29309.81757929,3052.92131201645,29665.5911992625,1729.05860384344,2589.49760111442,4,355.773619972501,0.0121383771499106
2016,UF,32,14,male,30687.1063025,3138.04779839283,29030.056932665,1744.87867932365,2484.29604602077,4,-1657.049369835,-0.0539982282298154
2016,UF,32,15,combined,66676.27786928,4322.55990090357,61866.051205625,4491.4088388881,3628.13938890657,4,-4810.22666365501,-0.0721429992400826
2016,UF,32,15,female,35073.21963639,3355.90007385066,30615.1289428625,3173.13890338258,2705.1184928056,4,-4458.0906935275,-0.127108110967436
2016,UF,32,15,male,31603.05823289,2866.77769508203,31250.9222627625,1877.36204366966,2456.84602295246,4,-352.1359701275,-0.0111424649960308
2016,UF,32,16,combined,66347.58902485,4650.5036370244,62805.2536590575,976.831498282016,3806.66029044848,4,-3542.3353657925,-0.0533905665278319
2016,UF,32,16,female,32755.13307429,3152.84335827425,30368.48700075,890.125228835296,2615.05369179416,4,-2386.64607354,-0.0728632690371609
2016,UF,32,16,male,33592.45595056,3055.96643151136,32436.7666583075,1080.70760539492,2606.27693893681,4,-1155.6892922525,-0.0344032390472847
2016,UF,32,17,combined,53860.65673102,3531.15882469055,59536.8923565925,1847.54915091066,3468.11275402573,4,5676.2356255725,0.105387419502135
2016,UF,32,17,female,26937.74180519,2477.70088118791,30943.8052244425,1391.64093178828,2511.50723140741,4,4006.0634192525,0.148715636530478
2016,UF,32,17,male,26922.91492583,2541.58730213468,28593.08713215,587.008877060062,2391.16007781775,4,1670.17220632,0.0620353409324794
2016,UF,32,18,combined,65660.16771642,4249.36922563537,61745.2714113375,3035.02839917122,3691.72109766487,4,-3914.8963050825,-0.0596236111060599
2016,UF,32,18,female,32008.09620075,3091.98408436184,30741.1426633675,1013.05276426983,2564.19822809182,4,-1266.9535373825,-0.0395822834771664
2016,UF,32,18,male,33652.07151567,2977.32011100023,31004.12874797,2238.61496227888,2706.52653673383,4,-2647.9427677,-0.0786858772265177
2016,UF,32,19,combined,57480.65798166,3658.82226307015,57226.417557365,3275.13713205665,3400.32740956027,4,-254.240424295,-0.00442306043845425
2016,UF,32,19,female,28656.14680267,2848.16183976981,28920.33652477,2958.9483548909,2555.26987562703,4,264.1897221,0.00921930376471216
2016,UF,32,19,male,28824.51117899,2549.88610236645,28306.081032595,359.24122517436,2308.71749218915,4,-518.430146395,-0.0179857393999063
2016,UF,33,14,combined,219367.42113842,13210.3036409019,230924.460023155,7157.93572852122,11625.5340086703,4,11557.038884735,0.052683478817224
2016,UF,33,14,female,91114.68343568,7824.79990183453,101474.746343685,3264.03785915118,7185.84579715969,4,10360.062908005,0.113703549388046
2016,UF,33,14,male,128252.73770274,10039.0113046385,129449.71367947,9209.22612006014,8783.67417435316,4,1196.97597673,0.00933294679061207
2016,UF,33,15,combined,253276.066149,13724.9009024525,248174.163532585,4607.96982716456,12736.8137941933,4,-5101.902616415,-0.0201436428399579
2016,UF,33,15,female,124871.19935759,10153.9808330539,116451.448681868,7500.41628885279,7865.39982632566,4,-8419.75067572249,-0.0674274830308236
2016,UF,33,15,male,128404.86679141,9737.04058428717,131722.714850718,4323.19966737819,10038.5683416792,4,3317.84805930752,0.0258389587732471
2016,UF,33,16,combined,236332.59191291,12338.9312676776,246983.506038835,10165.6079562302,11189.4014278282,4,10650.914125925,0.0450674790121623
2016,UF,33,16,female,104990.25927491,8273.20589923542,118742.588937218,9936.86120123924,7859.53317194037,4,13752.3296623075,0.130986719694614
2016,UF,33,16,male,131342.332638,9394.09718752569,128240.917101618,6204.97066813188,7942.088066915,4,-3101.4155363825,-0.023613221069634
2016,UF,33,17,combined,274466.82464749,13907.7238194642,264921.3158257,20757.5267240203,11636.838030764,4,-9545.50882178999,-0.0347783701511092
2016,UF,33,17,female,134132.99722946,10486.8729200451,130203.111714388,6967.17241180065,8514.79242972379,4,-3929.88551507248,-0.0292984246698795
2016,UF,33,17,male,140333.82741803,9129.26215643908,134718.204111313,18021.5054579121,7906.25233370331,4,-5615.62330671749,-0.0400161772114255
2016,UF,33,18,combined,283145.10523961,13784.8061870787,272256.67712271,6170.49841836221,11766.4130526422,4,-10888.4281169,-0.0384552934711188
2016,UF,33,18,female,136329.77173446,9925.97163002964,137621.366647868,5273.89612431398,8769.38151303728,4,1291.59491340749,0.00947404882275626
2016,UF,33,18,male,146815.33350515,9595.99314508595,134635.310474843,2349.2249157565,7879.33797366126,4,-12180.0230303075,-0.0829615186609935
2016,UF,33,19,combined,254212.82352889,12896.3111972312,255357.891191445,12644.4448599828,11631.9572928811,4,1145.067662555,0.00450436624974139
2016,UF,33,19,female,128842.5600528,9063.5441359811,131920.551126913,8666.4455975699,8373.19192386684,4,3077.99107411249,0.0238895522787744
2016,UF,33,19,male,125370.26347609,9174.35725528424,123437.340064533,5544.26617892262,7822.6546806969,4,-1932.92341155749,-0.0154177183485471
2016,UF,35,14,combined,714812.92266734,75154.2464840458,634626.008521605,14400.0986217998,44650.3210306503,4,-80186.914145735,-0.112178881498834
2016,UF,35,14,female,323936.41962759,23393.3400807399,290803.952628245,17859.7641327387,21125.8957546327,4,-33132.466999345,-0.102280771755875
2016,UF,35,14,male,390876.50303975,71578.4147145623,343822.05589336,27488.9790670024,38293.1678713913,4,-47054.44714639,-0.12038187709023
2016,UF,35,15,combined,686476.29862791,49183.9481880293,704419.67993482,24510.0417628963,40706.9444530204,4,17943.3813069101,0.0261383843007753
2016,UF,35,15,female,320648.52302973,26349.1909568101,336178.434917785,10882.5287911218,24659.1678354951,4,15529.911888055,0.0484328190297483
2016,UF,35,15,male,365827.77559818,39153.0274563523,368241.245017035,16036.5833119408,30258.1490743854,4,2413.46941885498,0.00659728314753743
2016,UF,35,16,combined,716471.31852918,42156.2182222931,735582.272826875,23203.8111387885,39800.0882345884,4,19110.954297695,0.0266737185473484
2016,UF,35,16,female,313083.42247522,23856.2870192857,349018.297010398,15744.6306148189,26109.251094706,4,35934.8745351775,0.114777314784278
2016,UF,35,16,male,403387.89605396,33777.0809142046,386563.975816478,11190.820593368,28454.3407504078,4,-16823.9202374825,-0.0417065568948852
2016,UF,35,17,combined,639035.93874508,33421.5379289606,693346.364694518,21323.1171658451,31986.9359537306,4,54310.4259494374,0.0849880619485825
2016,UF,35,17,female,298734.52028445,22829.0500394063,335318.45334946,19952.5847781348,22430.6012145303,4,36583.9330650101,0.122463025130726
2016,UF,35,17,male,340301.41846063,22177.2706941459,358027.911345058,19096.2049030415,22112.7018526822,4,17726.4928844275,0.0520905641963357
2016,UF,35,18,combined,696896.9091244,44056.0665437411,691360.453532875,12519.7767490028,35340.3002553357,4,-5536.45559152495,-0.00794443987200503
2016,UF,35,18,female,363126.04624356,24488.4892887669,334181.73396798,5012.22507212424,20900.5478612497,4,-28944.31227558,-0.0797087198095564
2016,UF,35,18,male,333770.86288084,29974.1719786258,357178.719564895,12272.4804005744,26456.9077410231,4,23407.856684055,0.0701315162204913
2016,UF,35,19,combined,647559.27105419,35923.0168998366,653446.947626203,31573.9395768042,30320.5003810549,4,5887.67657201248,0.00909210451489279
2016,UF,35,19,female,304755.19525207,25655.6826560562,339149.725739923,17581.0973790916,22504.213040755,4,34394.5304878525,0.112859537831353
2016,UF,35,19,male,342804.07580212,24522.0173620333,314297.22188628,15889.3518347995,20412.4727566337,4,-28506.85391584,-0.0831578616710942
2016,UF,41,14,combined,172928.09971126,10427.6932987163,171211.995380038,11275.7437310728,9050.53624423311,4,-1716.10433122251,-0.00992380263293188
2016,UF,41,14,female,77175.49507037,6562.13850138631,84347.307637115,6885.60756801908,6464.38119782312,4,7171.81256674501,0.0929286240432358
2016,UF,41,14,male,95752.60464089,7837.79429850378,86864.6877429225,5588.10659184181,6422.71203832479,4,-8887.9168979675,-0.0928216723847951
2016,UF,41,15,combined,190789.59121717,11425.45012823,190533.760100105,3147.59084796486,9880.58260248925,4,-255.831117065012,-0.0013409070978815
2016,UF,41,15,female,95446.26126686,7944.67077612166,93149.84550565,1149.51823894703,6750.44335653257,4,-2296.41576121001,-0.0240597769962871
2016,UF,41,15,male,95343.32995031,7820.99639921325,97383.914594455,3525.20191524104,7033.87771069646,4,2040.584644145,0.0214024897725776
2016,UF,41,16,combined,181734.95868155,11970.22817794,185365.09745969,7301.14367265251,10155.0879815546,4,3630.13877814001,0.019974906338747
2016,UF,41,16,female,87046.7659863,8350.88557602131,90343.60331814,3717.48324652455,6932.63033664315,4,3296.83733184,0.0378743230088396
2016,UF,41,16,male,94688.19269525,7643.57651643115,95021.49414155,4937.2302428212,7032.49528140084,4,333.3014463,0.00351998952364332
2016,UF,41,17,combined,189798.02225509,11131.8776674599,187558.262321523,3691.01546773433,10435.9726235082,4,-2239.75993356749,-0.0118007548601177
2016,UF,41,17,female,98819.15834789,7870.1667349998,93016.4420964175,11399.207189712,7224.24325277652,4,-5802.71625147251,-0.058720559337737
2016,UF,41,17,male,90978.8639072,7074.23880522901,94541.820225105,8242.22495302061,6654.09891071908,4,3562.95631790502,0.0391624621905511
2016,UF,41,18,combined,175819.83566826,11100.8893105444,179525.175005133,10916.486052581,9579.63779461961,4,3705.33933687251,0.0210746376982391
2016,UF,41,18,female,73030.48316642,6611.78449996788,86294.00460894,5181.59296638356,6338.0513160066,4,13263.52144252,0.181616235679222
2016,UF,41,18,male,102789.35250184,9396.6301708808,93231.1703961925,10365.6925228678,6995.16362438521,4,-9558.1821056475,-0.0929880563794426
2016,UF,41,19,combined,167102.70646477,11579.8045775845,153646.510453853,2182.37743466461,9455.27278426521,4,-13456.1960109175,-0.0805264995139647
2016,UF,41,19,female,87190.45014763,8611.94549741838,75142.16520923,4675.51050873098,6608.36455394289,4,-12048.2849384,-0.138183538655896
2016,UF,41,19,male,79912.25631714,6721.7094053151,78504.3452446225,3760.56539766988,6164.55992689817,4,-1407.9110725175,-0.017618211991538
2016,UF,42,14,combined,93277.40936344,5323.78600813083,91967.7281331475,4744.21692495824,4713.03762737486,4,-1309.68123029251,-0.0140407118854422
2016,UF,42,14,female,43426.08215104,3728.19282495984,46065.3054669075,4114.89154032192,3521.2305990678,4,2639.2233158675,0.060775073069867
2016,UF,42,14,male,49851.3272124,3651.72557752704,45902.42266624,2846.06508430352,3152.38329283074,4,-3948.90454616,-0.0792136291444162
2016,UF,42,15,combined,111743.2499511,5951.47422359788,108367.538800545,8990.58883423679,5151.52341193642,4,-3375.711150555,-0.0302095307952135
2016,UF,42,15,female,59050.34549476,4277.76493146841,56934.3089712,4215.7019079443,3797.95625935173,4,-2116.03652356,-0.0358344478060297
2016,UF,42,15,male,52692.90445634,4130.05234981199,51433.229829345,4843.91919144729,3401.13992711629,4,-1259.674626995,-0.0239059630512252
2016,UF,42,16,combined,105955.96817925,5880.0371331839,117231.477160428,2716.19630132798,5475.82847204087,4,11275.5089811775,0.106416931249236
2016,UF,42,16,female,50961.68175302,3950.9951242124,56043.148135265,2792.92735135109,3674.59315626966,4,5081.466382245,0.0997115127964527
2016,UF,42,16,male,54994.28642623,4107.78937850837,61188.3290251625,4335.5364737209,3906.36403931012,4,6194.0425989325,0.112630656772704
2016,UF,42,17,combined,107251.06533558,5830.64372156187,113538.505161248,1667.75694184626,5342.18033677761,4,6287.43982566751,0.0586235652391387
2016,UF,42,17,female,53448.90010755,4237.88906909488,55477.1248664775,3510.33201322222,3734.41787942199,4,2028.22475892751,0.037946987774235
2016,UF,42,17,male,53802.16522803,3932.6709807171,58061.38029477,1853.01518731824,3766.02801556261,4,4259.21506674001,0.0791643802565966
2016,UF,42,18,combined,116865.48300727,6406.21519055406,115673.73281005,1152.82031996789,5423.46370462346,4,-1191.75019722,-0.0101976235116904
2016,UF,42,18,female,59121.72405326,4728.87189861069,57778.76543214,1400.2085361693,4045.61102853521,4,-1342.95862112,-0.0227151464647782
2016,UF,42,18,male,57743.75895401,4173.56690006551,57894.96737791,1148.79619516926,3571.47402099586,4,151.208423899996,0.00261861067999445
2016,UF,42,19,combined,103173.36156655,5954.58339516199,101577.532146813,6163.09630963482,5161.61928788678,4,-1595.82941973749,-0.0154674558966283
2016,UF,42,19,female,50037.19481873,3990.950139169,47411.556002255,3101.5070917663,3473.92326277662,4,-2625.638816475,-0.0524737413035826
2016,UF,42,19,male,53136.16674782,4288.44198989854,54165.9761445575,4375.80028601427,3747.61287338099,4,1029.8093967375,0.0193805737178011
2016,UF,43,14,combined,142635.34266192,8911.65362157936,147705.017806935,8525.8200119667,8919.97208132799,4,5069.67514501501,0.0355429099857204
2016,UF,43,14,female,72728.99239108,6030.17286250532,76239.8767225725,6508.53076443225,6613.58124434507,4,3510.8843314925,0.0482735181124701
2016,UF,43,14,male,69906.35027084,6714.27635966104,71465.1410843625,2387.70324930308,5964.97115230226,4,1558.79081352249,0.0222982720093843
2016,UF,43,15,combined,176341.10236534,10872.8022125251,167177.178144885,12263.5051652877,9263.19887841837,4,-9163.924220455,-0.0519670348973398
2016,UF,43,15,female,91824.26781551,8320.23668528315,86484.47710409,3587.9531113908,6921.25349172096,4,-5339.79071142001,-0.05815228194521
2016,UF,43,15,male,84516.83454983,6982.18530905604,80692.701040795,9924.10511292994,6036.2797234468,4,-3824.133509035,-0.0452470035041403
2016,UF,43,16,combined,175958.24603269,11429.8992693199,182933.720236585,3430.53663650851,9381.85880958038,4,6975.47420389502,0.0396427809504256
2016,UF,43,16,female,96171.90417991,8634.69036724744,94798.9314019675,3931.73645507288,6596.16940709348,4,-1372.97277794249,-0.0142762357639717
2016,UF,43,16,male,79786.34185278,7127.23768180634,88134.7888346175,5886.27338551074,6380.00596783713,4,8348.44698183751,0.104635038879736
2016,UF,43,17,combined,185554.64298977,10535.3678025614,168053.570768968,7436.56508950175,8977.2022296085,4,-17501.0722208025,-0.0943176195368357
2016,UF,43,17,female,89113.99846853,7185.11982612864,80751.0566702475,4584.89839201169,6009.34362827959,4,-8362.9417982825,-0.0938454332877434
2016,UF,43,17,male,96440.64452124,7552.34597618207,87302.51409872,6615.12856643907,6447.87205621922,4,-9138.13042252,-0.0947539335503656
2016,UF,43,18,combined,155424.1194892,9376.61675278631,163305.17827664,11708.095769333,9095.46980698746,4,7881.05878744001,0.0507067938576139
2016,UF,43,18,female,76258.32810672,6726.14000223109,79414.8354891175,6153.04716604087,6186.30591438932,4,3156.5073823975,0.0413922972187393
2016,UF,43,18,male,79165.79138248,6522.05738832393,83890.3427875225,7268.70614375008,6763.15637308644,4,4724.5514050425,0.0596792038901802
2016,UF,43,19,combined,133375.83925612,9101.6378221417,158976.028149878,7471.37388745849,9017.25312875158,4,25600.1888937575,0.191940227229594
2016,UF,43,19,female,64598.72308728,6287.82958989462,74835.126014395,3265.48160692955,5926.16115994145,4,10236.402927115,0.158461381864847
2016,UF,43,19,male,68777.11616884,6236.02592980354,84140.9021354825,7333.74291978901,6750.10053648848,4,15363.7859666425,0.223385143525444
2016,UF,50,14,combined,36138.25054857,3573.84433120277,39892.0613210175,3079.97953315192,4228.08171230513,4,3753.8107724475,0.10387361633354
2016,UF,50,14,female,20007.37905727,2937.17757844367,20110.6958600225,1153.81379426227,2440.75296520211,4,103.316802752495,0.00516393488906052
2016,UF,50,14,male,16130.8714913,2237.34208110725,19781.365460995,2317.68352932169,3465.20280576699,4,3650.493969695,0.226304820025617
2016,UF,50,15,combined,37152.58289431,3612.78178722476,36058.970448855,1507.34773537923,3085.27709863976,4,-1093.612445455,-0.0294357043375978
2016,UF,50,15,female,16964.3740427,2189.97347640342,18833.5928482125,688.113400554516,2202.85421876443,4,1869.2188055125,0.110184955885057
2016,UF,50,15,male,20188.20885161,3015.64606056343,17225.3776006425,873.518278663203,2251.63256086635,4,-2962.8312509675,-0.146760481464467
2016,UF,50,16,combined,44498.96134854,3923.03611248791,42912.6361875575,2425.73640053644,3764.75397449038,4,-1586.32516098249,-0.0356485884818195
2016,UF,50,16,female,19053.68579818,2318.40807747041,19460.29591285,1140.87545852319,2177.87837249219,4,406.610114670002,0.0213402340616345
2016,UF,50,16,male,25445.27555036,3130.5576487973,23452.3402747075,1909.37150073621,2942.63367794738,4,-1992.9352756525,-0.0783224088773643
2016,UF,50,17,combined,36384.35126531,3792.80117034766,37078.008885215,1607.8925806923,3206.69993828597,4,693.657619905003,0.0190647241405224
2016,UF,50,17,female,19198.00441447,2679.20074704417,17116.290778145,1164.70064845003,2091.71038553376,4,-2081.713636325,-0.108433855487395
2016,UF,50,17,male,17186.34685084,2611.79088178183,19961.71810707,1723.31764396087,2399.21555892638,4,2775.37125623,0.161486980352334
2016,UF,50,18,combined,44880.0556347,3884.03377329832,44221.895619005,3060.34972369962,3548.07008880967,4,-658.160015695001,-0.01466486630614
2016,UF,50,18,female,19549.0852786,2918.32996266367,20028.415522485,1876.17511528488,2359.76628669745,4,479.330243885001,0.0245193182726413
2016,UF,50,18,male,25330.9703561,2894.57038066008,24193.48009652,2781.26005478036,2452.03321918013,4,-1137.49025958,-0.044905119842994
2016,UF,50,19,combined,42838.75472698,3958.20995137715,42398.49186756,1180.51465617692,3361.95956959347,4,-440.26285942,-0.0102772095553637
2016,UF,50,19,female,20957.74122034,2814.20753214696,20181.3639315425,2069.8137138961,2494.55503374534,4,-776.377288797499,-0.0370448933706656
2016,UF,50,19,male,21881.01350664,2856.4540928105,22217.1279360175,1943.51118968986,2328.40380899665,4,336.114429377503,0.0153610082675332
2016,UF,51,14,combined,55301.40032967,4344.18226138121,51376.023472515,2039.91898101062,3663.6653134602,4,-3925.376857155,-0.0709815092159426
2016,UF,51,14,female,29837.33064287,3128.39351902549,24853.8674458725,1282.4401081031,2601.37304665387,4,-4983.4631969975,-0.167021080291858
2016,UF,51,14,male,25464.0696868,2910.92839834832,26522.1560266425,2599.09386135749,2661.08332698015,4,1058.0863398425,0.0415521302312092
2016,UF,51,15,combined,54497.62410463,4768.79475098868,53314.9917450775,2249.86287634452,3970.38788539738,4,-1182.6323595525,-0.021700622347902
2016,UF,51,15,female,25072.92426801,3324.21101335326,25758.9386270075,1636.48556286093,2902.75956106095,4,686.014358997501,0.0273607638129698
2016,UF,51,15,male,29424.69983662,3353.97127172533,27556.05311807,3723.98469540507,2640.69311952982,4,-1868.64671855,-0.0635060588188026
2016,UF,51,16,combined,61309.87902933,4588.89938609651,56194.26962753,2047.33461260556,3970.78165093407,4,-5115.60940179999,-0.0834385825382683
2016,UF,51,16,female,31866.14821526,3351.94723569312,27498.65081443,2163.96421658346,2964.84170688968,4,-4367.49740083,-0.137057587610745
2016,UF,51,16,male,29443.73081407,3186.17334662165,28695.6188131,158.023941867579,2816.83009587324,4,-748.112000969999,-0.0254081931971918
2016,UF,51,17,combined,57395.82751306,4803.60441762793,55364.9332560225,1355.34466389697,4386.86435965281,4,-2030.8942570375,-0.0353840051626642
2016,UF,51,17,female,30510.36238702,3592.94485374091,26770.6062134875,897.744243095067,2901.71909505803,4,-3739.7561735325,-0.122573312178144
2016,UF,51,17,male,26885.46512604,2945.33157493968,28594.327042535,1391.15840340923,3178.37112141625,4,1708.861916495,0.0635608091020109
2016,UF,51,18,combined,50807.48585313,4241.59674371222,57377.623927515,1660.37949850355,4018.63783922404,4,6570.138074385,0.129314370984178
2016,UF,51,18,female,24842.82579677,2893.26788097231,29422.4463045475,1284.88463375995,2852.18485364522,4,4579.6205077775,0.184343783804696
2016,UF,51,18,male,25964.66005636,3003.06193753074,27955.1776229675,1057.92927791037,2890.71031746174,4,1990.5175666075,0.0766625699041235
2016,UF,51,19,combined,49596.19533781,4185.22669980451,51166.2388192575,2242.43458481865,3772.20229016124,4,1570.0434814475,0.0316565307228429
2016,UF,51,19,female,27069.59653445,3262.60484479853,25096.1601539625,2978.41894763576,2671.01708678002,4,-1973.4363804875,-0.0729023196919841
2016,UF,51,19,male,22526.59880336,2511.54738522881,26070.078665295,1583.88710340296,2635.9774125589,4,3543.479861935,0.157302036266854
2016,UF,52,14,combined,101013.26028854,8469.59991490025,102185.38476441,3593.81618880189,8591.10168398673,4,1172.12447587001,0.0116036693848103
2016,UF,52,14,female,44699.07750997,5677.77390002941,49389.604679075,1150.3872208171,5147.13941501803,4,4690.527169105,0.104935659311063
2016,UF,52,14,male,56314.18277857,5559.05051567572,52795.780085335,2490.71363529292,6371.43957864371,4,-3518.402693235,-0.0624780920122649
2016,UF,52,15,combined,107150.46798175,7840.50015574365,112601.326301713,6472.10412551815,7985.84857878166,4,5450.8583199625,0.0508710640525704
2016,UF,52,15,female,59327.42179564,6072.26949192524,56201.657177455,4531.27968172651,5643.76410257673,4,-3125.76461818501,-0.05268667546269
2016,UF,52,15,male,47823.04618611,4577.46608062305,56399.6691242575,2296.46919922152,5256.73147471557,4,8576.62293814751,0.179340791148485
2016,UF,52,16,combined,103744.72817087,7567.73572180432,104432.099157505,4326.01665700661,7386.71693889404,4,687.370986634996,0.00662559918710164
2016,UF,52,16,female,51651.66220531,5123.12112119099,51329.6981064525,3508.79146197051,4806.03780667613,4,-321.964098857497,-0.00623337343099867
2016,UF,52,16,male,52093.06596556,5399.01314849003,53102.4010510525,2780.51824969392,5563.10005552288,4,1009.33508549249,0.0193756129877207
2016,UF,52,17,combined,115259.83409687,8745.82022141209,112161.780508108,6803.99301784204,7441.72990338039,4,-3098.0535887625,-0.0268788655912757
2016,UF,52,17,female,55962.36767058,6350.67986580923,55763.5765435725,3411.21071847475,5483.58144429128,4,-198.791127007498,-0.00355222867226908
2016,UF,52,17,male,59297.46642629,6215.45567962967,56398.203964535,3650.31328508333,5179.56378492025,4,-2899.262461755,-0.0488935301368894
2016,UF,52,18,combined,118146.3687015,8761.42637292764,119508.218184923,8403.64293770294,7855.69571665688,4,1361.8494834225,0.011526799328579
2016,UF,52,18,female,62122.2080594,6172.61603274173,54418.1310598275,4978.88819424244,5053.47529822905,4,-7704.0769995725,-0.124014861033369
2016,UF,52,18,male,56024.1606421,5430.62825567226,65090.087125095,4135.50598581137,5781.28402448914,4,9065.926482995,0.161821727966814
2016,UF,52,19,combined,105639.1752008,8300.59756394218,104688.360105418,5933.96936599736,7453.48243372835,4,-950.81509538251,-0.0090005918124142
2016,UF,52,19,female,59167.55890157,6583.40877020168,53634.628719855,4353.66462056055,5386.92850668923,4,-5532.930181715,-0.0935129027533395
2016,UF,52,19,male,46471.61629923,4614.25334706063,51053.7313855625,1710.69603002782,5064.06414027979,4,4582.1150863325,0.0986002952173716
2016,UF,53,14,combined,38493.85173838,3981.7662708739,44148.546532925,4681.47399698154,3630.5267242198,4,5654.694794545,0.146898648464088
2016,UF,53,14,female,17280.16800921,2679.03802216151,20822.0280030475,3007.72064769986,2570.89278463077,4,3541.8599938375,0.204966756801772
2016,UF,53,14,male,21213.68372917,3109.44931190009,23326.5185298775,2301.45103886592,2831.32604580392,4,2112.8348007075,0.0995977326560325
2016,UF,53,15,combined,45681.91523719,4689.54225487808,44390.8606061125,5420.19301603636,3620.78426180955,4,-1291.0546310775,-0.0282618323766434
2016,UF,53,15,female,27673.57819039,3716.96367859996,24128.365770955,4415.89446466698,2881.47713476884,4,-3545.212419435,-0.128108204694184
2016,UF,53,15,male,18008.3370468,2499.06072208219,20262.4948351575,2341.28457779548,2291.98016247952,4,2254.1577883575,0.125173011949932
2016,UF,53,16,combined,44766.64610727,3942.56709871644,48273.84244861,2583.96937057981,4056.75893467032,4,3507.19634134,0.0783439602094837
2016,UF,53,16,female,23173.77115823,2860.41451578367,25126.37181204,2758.72507439677,3050.54937758548,4,1952.60065381,0.0842590806855598
2016,UF,53,16,male,21592.87494904,2758.25509811964,23147.47063657,680.573020780278,2468.6434021559,4,1554.59568753,0.0719957713458215
2016,UF,53,17,combined,39043.10566221,3711.09500645762,43938.686347455,1729.59108134713,3753.02411294748,4,4895.58068524501,0.125389120619661
2016,UF,53,17,female,19444.11923932,2730.07661297567,22340.36843652,1811.63443404696,2659.74498970217,4,2896.2491972,0.148952449918286
2016,UF,53,17,male,19598.98642289,2450.21700901954,21598.317910935,149.934815946197,2446.10439855524,4,1999.331488045,0.102011983931472
2016,UF,53,18,combined,46717.09499539,3742.88612891176,45308.993959975,1517.64289827643,3807.84512244132,4,-1408.101035415,-0.030141023014251
2016,UF,53,18,female,22776.75386267,2783.35681736114,23304.034704875,1404.91651446803,2692.68217336051,4,527.280842204997,0.0231499556690203
2016,UF,53,18,male,23940.34113272,2907.32346808761,22004.9592551,716.933955927807,2624.05142552618,4,-1935.38187762,-0.0808418671601491
2016,UF,53,19,combined,41602.19762204,3624.33044074055,44807.59108499,4343.45962749399,3565.47903988531,4,3205.39346295,0.0770486571904521
2016,UF,53,19,female,20695.24756809,2800.92963787679,21188.5172549925,1656.41164399462,2625.52987486484,4,493.269686902502,0.023834925640758
2016,UF,53,19,male,20906.95005395,2852.65475365867,23619.0738299975,2693.79158391385,2648.56422371227,4,2712.1237760475,0.129723549778849
2017,Brazil,Brazil,14,combined,3076691.3286873,52076.7760816493,3072781.72959845,37756.6655839433,46027.1848914168,4,-3909.59908885509,-0.00127071541184574
2017,Brazil,Brazil,14,female,1498267.27844491,35109.8521137612,1500122.29894166,24689.7375525937,32386.4068739263,4,1855.02049675002,0.00123811053170392
2017,Brazil,Brazil,14,male,1578424.05024239,36141.528507032,1572659.43065679,21276.9067261881,31631.3918523954,4,-5764.61958560487,-0.00365213618274483
2017,Brazil,Brazil,15,combined,3237826.87571982,52789.2171624985,3253781.7090293,23051.794162552,51888.947963957,4,15954.83330948,0.00492763631963274
2017,Brazil,Brazil,15,female,1593982.53228858,37940.2096967771,1587354.03686212,10925.2102986852,33255.6888420574,4,-6628.49542645994,-0.00415844922525154
2017,Brazil,Brazil,15,male,1643844.34343124,35657.3012410931,1666427.67216718,16083.5882844693,38731.1100453329,4,22583.3287359399,0.0137381187131144
2017,Brazil,Brazil,16,combined,3342861.36550364,56541.5583060671,3356359.45383322,110691.861872108,52634.5128050292,4,13498.088329575,0.00403788457064578
2017,Brazil,Brazil,16,female,1675245.86204354,40745.9616539565,1641665.43432167,70640.5773853155,35182.4894508729,4,-33580.4277218725,-0.0200450742680299
2017,Brazil,Brazil,16,male,1667615.5034601,36417.4538919488,1714694.01951155,41121.3358302697,37896.8739366602,4,47078.5160514475,0.0282310376425293
2017,Brazil,Brazil,17,combined,3381899.94255441,56147.6288424573,3448497.53560978,12516.6329040611,51091.6717637283,4,66597.5930553726,0.0196923605625867
2017,Brazil,Brazil,17,female,1676764.91533449,38713.5082253166,1711572.66028946,30914.2324435208,34824.9363726519,4,34807.7449549702,0.0207588700339824
2017,Brazil,Brazil,17,male,1705135.02721992,37477.6749691545,1736924.87532032,21130.9661090566,35256.41417963,4,31789.8481004026,0.0186435957228756
2017,Brazil,Brazil,18,combined,3469629.30517505,56053.3458392482,3410605.32671846,37719.0070013173,51195.0604511498,4,-59023.9784565852,-0.0170116093867864
2017,Brazil,Brazil,18,female,1657797.65142677,39186.6283379415,1668870.28815188,20287.7198287364,35074.33518624,4,11072.63672511,0.00667912438866132
2017,Brazil,Brazil,18,male,1811831.65374828,38334.1541639405,1741735.03856658,17847.2483390257,34682.9762782847,4,-70096.615181695,-0.0386882605989803
2017,Brazil,Brazil,19,combined,3321402.1823688,54235.3473936097,3280772.4952268,41993.1058306647,50507.5150476513,4,-40629.6871420024,-0.0122326911681095
2017,Brazil,Brazil,19,female,1665687.76046608,39366.82386942,1654653.53144161,21576.1069647533,35503.8772719561,4,-11034.2290244699,-0.00662442823100431
2017,Brazil,Brazil,19,male,1655714.42190272,36220.1990538201,1626118.96378519,30679.618302928,34248.3033989803,4,-29595.4581175325,-0.0178747359605178
2017,UF,11,14,combined,29961.17191887,5288.88477037539,26441.214239165,1238.21206203654,2867.40531601335,4,-3519.957679705,-0.117483978571882
2017,UF,11,14,female,16992.13720676,5033.75914602875,13141.32249215,2154.52999764583,2233.34549214879,4,-3850.81471461,-0.22662332982328
2017,UF,11,14,male,12969.03471211,1881.82120645313,13299.891747015,1227.05187326984,1620.53291756815,4,330.857034905001,0.0255113076839912
2017,UF,11,15,combined,29399.77968851,5099.13761452309,26854.5930626775,2093.05375608456,4115.86964754659,4,-2545.1866258325,-0.0865716223998511
2017,UF,11,15,female,14851.6587821,3004.07469076578,13492.672350535,3006.87213255594,2408.35898885719,4,-1358.986431565,-0.0915040165885659
2017,UF,11,15,male,14548.12090641,2663.15517327117,13361.9207121425,1473.49928602094,2273.9964464441,4,-1186.2001942675,-0.0815363167448555
2017,UF,11,16,combined,28174.68617894,2464.37961099979,29116.35183232,3315.65548348702,2479.62717097592,4,941.665653380002,0.0334224007820139
2017,UF,11,16,female,14455.0081612,1837.56958379295,13643.8438880125,1524.40285529519,1858.82776782855,4,-811.1642731875,-0.0561164866973109
2017,UF,11,16,male,13719.67801774,1797.47225381283,15472.5079443075,2011.01740097321,1665.13391998349,4,1752.8299265675,0.127760281567908
2017,UF,11,17,combined,35862.69243042,5933.50935723113,28595.8745253,3418.34297768799,3039.08915115413,4,-7266.81790512,-0.202628899634876
2017,UF,11,17,female,18313.62239303,3203.07629777641,14717.274895565,2463.78122413089,1940.49500589199,4,-3596.347497465,-0.196375540583044
2017,UF,11,17,male,17549.07003739,3192.81520385892,13878.599629735,1633.15286164087,1971.93004107156,4,-3670.470407655,-0.209154695937432
2017,UF,11,18,combined,32363.01541455,5577.35098638479,27612.4827735475,1910.14183995014,3069.36422599647,4,-4750.5326410025,-0.146788937314745
2017,UF,11,18,female,17141.6051429,5122.66434101197,13468.695616035,2552.34893658297,2329.56538909527,4,-3672.909526865,-0.214268704490974
2017,UF,11,18,male,15221.41027165,1999.56142794111,14143.7871575125,1206.32823451675,1831.98372237364,4,-1077.6231141375,-0.0707965355972687
2017,UF,11,19,combined,32645.22483604,5424.31105996299,27948.93450401,3497.06062777547,3228.80799460521,4,-4696.29033203,-0.143858415912803
2017,UF,11,19,female,16391.65702767,2938.18612611452,13431.718647915,2289.18468593693,1934.50467697874,4,-2959.938379755,-0.180575909730082
2017,UF,11,19,male,16253.56780837,3056.75643639204,14517.215856095,1216.26964269674,2219.49374357445,4,-1736.351952275,-0.106828972736733
2017,UF,12,14,combined,15094.2048703,1251.44227367804,16748.918021475,1324.85721498462,1443.24329922269,4,1654.713151175,0.109625724931751
2017,UF,12,14,female,6451.73679955,805.650909783779,8222.59827283,992.454763112815,961.282967029133,4,1770.86147328,0.274478257297092
2017,UF,12,14,male,8642.46807075,927.995972404996,8526.319748645,473.411009802949,922.66175262857,4,-116.148322104998,-0.0134392538282087
2017,UF,12,15,combined,18227.39999871,1569.34674626336,18247.4554252775,342.386933412702,1436.01938982121,4,20.0554265674982,0.00110029003417479
2017,UF,12,15,female,9283.84318748,1007.7580191827,9002.12931258,483.867570161827,924.062550395366,4,-281.713874900001,-0.03034453180768
2017,UF,12,15,male,8943.55681123,1004.6968852977,9245.3261126975,527.42222727119,907.271908260191,4,301.769301467501,0.033741531231577
2017,UF,12,16,combined,18318.64570244,1433.08600963533,19054.715509345,1610.58746558671,1450.16828168263,4,736.069806904998,0.0401814533050855
2017,UF,12,16,female,8004.45593299,913.187891129358,9384.1375837225,1137.99908571878,1007.71251208618,4,1379.6816507325,0.172364200925413
2017,UF,12,16,male,10314.18976945,1024.81808512683,9670.5779256225,606.547311404908,903.567091063776,4,-643.611843827501,-0.0624006207190253
2017,UF,12,17,combined,19409.14861031,1546.06474587165,19017.79017256,618.580000292535,1372.29460409208,4,-391.358437749997,-0.0201636066376508
2017,UF,12,17,female,9254.58981782,1075.95600853984,8928.4279343325,275.820214580626,934.172431477933,4,-326.161883487501,-0.0352432565795046
2017,UF,12,17,male,10154.55879249,983.75998546345,10089.3622382275,797.831114136948,955.128084997971,4,-65.1965542625003,-0.00642042215666895
2017,UF,12,18,combined,19546.86398746,1530.52932191935,18622.1806078725,738.147263014174,1320.05659521907,4,-924.683379587503,-0.0473059709312307
2017,UF,12,18,female,9164.2255736,983.468022852614,9244.898896855,784.909874200656,884.468394483518,4,80.6733232549996,0.00880307044027819
2017,UF,12,18,male,10382.63841386,1201.86721027789,9377.2817110175,192.507722494754,956.660631675306,4,-1005.3567028425,-0.0968305610547343
2017,UF,12,19,combined,15807.92804972,1465.58629867706,16689.231348565,1061.72319612587,1340.04271389485,4,881.303298845001,0.0557507154684077
2017,UF,12,19,female,6788.4609375,875.89044486425,8005.2083144325,565.055141389666,862.059141197917,4,1216.7473769325,0.179237589806415
2017,UF,12,19,male,9019.46711222,1109.2920726254,8684.0230341325,503.908295533816,955.687768721736,4,-335.444078087499,-0.037191119377
2017,UF,13,14,combined,72640.51124765,6049.09931885451,73512.0264877975,3873.10432459914,5418.31567254995,4,871.515240147492,0.0119976473895713
2017,UF,13,14,female,33994.95357902,4310.8300314127,36076.08579394,1505.87980109636,3429.91300825617,4,2081.13221492,0.0612188573837139
2017,UF,13,14,male,38645.55766863,3764.77351546362,37435.9406938575,2829.95515641077,3713.71036853994,4,-1209.6169747725,-0.0313002851490584
2017,UF,13,15,combined,66907.85616104,5467.15025899982,78398.1552390525,2676.4653568863,5610.77391088888,4,11490.2990780125,0.17173318257809
2017,UF,13,15,female,32025.70885035,3694.29817229251,35694.205649195,1005.59986051731,3587.5877384188,4,3668.496798845,0.114548496521566
2017,UF,13,15,male,34882.14731069,3963.31961441115,42703.9495898575,2089.92292603465,4071.94646447946,4,7821.8022791675,0.224235114011184
2017,UF,13,16,combined,81154.06109289,6462.00611144737,75182.8653881475,5455.24841525462,5167.77610444886,4,-5971.1957047425,-0.0735785199696635
2017,UF,13,16,female,41539.38943803,4979.12837978701,34962.59695356,4353.14408579859,3462.3563520907,4,-6576.79248447,-0.158326652689046
2017,UF,13,16,male,39614.67165486,3909.57730524919,40220.2684345875,1674.81334661146,3622.18242890728,4,605.596779727501,0.0152871841272274
2017,UF,13,17,combined,78469.64095018,5940.3816250018,81438.9677083425,4135.77503585883,5501.65745543303,4,2969.32675816251,0.0378404529727328
2017,UF,13,17,female,38385.45364165,3609.5054108337,40279.231241225,3030.00562111713,3282.82634322327,4,1893.77759957501,0.0493358139584462
2017,UF,13,17,male,40084.18730853,4343.25623084891,41159.7364671175,2625.70866101197,4324.34889114197,4,1075.5491585875,0.0268322555802103
2017,UF,13,18,combined,76569.54494672,5618.48867508729,73180.492733525,4907.03646814189,5266.43883541687,4,-3389.052213195,-0.0442610990512381
2017,UF,13,18,female,37497.32687857,3721.01477954016,35522.9161826975,1949.8406145423,3491.26830372132,4,-1974.4106958725,-0.0526547052878293
2017,UF,13,18,male,39072.21806815,3678.92252943682,37657.5765508275,3740.40702200953,3723.92786133947,4,-1414.6415173225,-0.036205815468553
2017,UF,13,19,combined,73274.65375338,5890.83160545905,70945.18072808,3208.19228899572,5598.33380102602,4,-2329.4730253,-0.0317909796358819
2017,UF,13,19,female,39945.50986107,3858.66743888359,35063.2197926475,1754.01219070685,3308.00081133098,4,-4882.2900684225,-0.122223751440476
2017,UF,13,19,male,33329.14389231,4505.81887502134,35881.9609354325,2401.26806735549,4136.42581599281,4,2552.8170431225,0.076594137892378
2017,UF,14,14,combined,8181.11230594,1024.76205145158,9209.4789642825,580.525962811845,991.818103520945,4,1028.3666583425,0.125700102857143
2017,UF,14,14,female,3330.54417038,561.828262339706,4195.1368881725,108.388730928154,577.69009774206,4,864.5927177925,0.25959503119091
2017,UF,14,14,male,4850.56813556,848.960398873185,5014.34207611,578.20942717322,806.823450377312,4,163.77394055,0.0337638676486898
2017,UF,14,15,combined,10199.99639469,1179.55528523559,9677.43269423,494.558374627733,967.21044372661,4,-522.563700460001,-0.0512317534476818
2017,UF,14,15,female,5407.36199539,864.439208034577,5050.335743755,833.5988147445,681.687586574606,4,-357.026251634999,-0.06602595719306
2017,UF,14,15,male,4792.6343993,794.653533124364,4627.096950475,360.534806323785,667.025724187851,4,-165.537448825,-0.0345399700943552
2017,UF,14,16,combined,9626.74614495,1150.31231057127,10969.2593102975,563.558037263569,1081.46479363043,4,1342.5131653475,0.139456587421468
2017,UF,14,16,female,3870.87524794,639.533581069435,5688.78600302,566.178217528181,768.873146245486,4,1817.91075508,0.469638166729205
2017,UF,14,16,male,5755.87089701,904.571192646464,5280.4733072775,338.147551066995,704.679276798739,4,-475.3975897325,-0.0825935116055947
2017,UF,14,17,combined,11415.22432763,1163.03608219039,10350.475074705,753.01946426719,929.222790051278,4,-1064.749252925,-0.0932744922364622
2017,UF,14,17,female,5428.74933104,820.463791252631,5022.68746814,312.90800944054,676.280659617418,4,-406.061862899999,-0.0747984182246648
2017,UF,14,17,male,5986.47499659,805.161379518831,5327.787606565,622.878962244576,629.582574377742,4,-658.687390025,-0.110029256014633
2017,UF,14,18,combined,10195.07137169,1069.50356143306,9434.085891265,1000.96524113003,961.509488848735,4,-760.985480425001,-0.0746424868135921
2017,UF,14,18,female,4146.10372384,627.687336949772,4702.174930785,1294.13533741679,655.818227296487,4,556.071206945,0.134118981092442
2017,UF,14,18,male,6048.96764785,939.626135791164,4731.91096048,307.531997107004,653.980622792771,4,-1317.05668737,-0.217732473381326
2017,UF,14,19,combined,10177.42498642,1108.62870727675,11125.483685095,481.285893059788,1012.32806252555,4,948.058698675002,0.0931531010977749
2017,UF,14,19,female,4632.04820735,711.790850663558,5817.7707813125,394.504552167532,699.302352076051,4,1185.7225739625,0.255982347524154
2017,UF,14,19,male,5545.37677907,788.153420442076,5307.7129037825,361.380871169139,694.986489624815,4,-237.663875287501,-0.0428580211509737
2017,UF,15,14,combined,158270.96862929,10820.5961703009,156548.421634145,12082.2924279744,8859.93982624668,4,-1722.54699514501,-0.0108835310105395
2017,UF,15,14,female,80651.48353533,7519.09729346354,79437.3890835575,7436.38893108446,6183.48079988334,4,-1214.0944517725,-0.0150535910630913
2017,UF,15,14,male,77619.48509396,7582.73199739317,77111.0325505875,5471.12410846003,6150.36182952659,4,-508.452543372507,-0.00655057866922222
2017,UF,15,15,combined,165528.58074182,11271.2985550446,159380.9641798,5742.52867308736,9094.74616331636,4,-6147.61656202001,-0.0371393056985647
2017,UF,15,15,female,70489.66731129,6443.52690724746,73403.792511125,4853.77332838731,5910.92764181761,4,2914.12519983501,0.0413411683015315
2017,UF,15,15,male,95038.91343053,8190.23127869918,85977.171668675,1220.99229981492,6658.42136696419,4,-9061.74176185499,-0.0953476995344523
2017,UF,15,16,combined,158816.61328712,10915.0180129369,164224.34484594,11585.8128352372,9788.35008536939,4,5407.73155882,0.034050162932536
2017,UF,15,16,female,86657.23384744,7196.65541000183,81233.153095305,7031.18810264657,6483.48710421351,4,-5424.08075213501,-0.0625923597063356
2017,UF,15,16,male,72159.37943968,7278.84403763318,82991.191750635,5361.4408614101,6548.01706897951,4,10831.812310955,0.150109554642299
2017,UF,15,17,combined,178066.7637919,12450.8003924102,171773.065478313,4558.91974236054,10558.578857716,4,-6293.69831358752,-0.0353445987311969
2017,UF,15,17,female,95694.07902947,8778.58013003499,88328.0352500475,4919.53119463759,7252.73494544851,4,-7366.0437794225,-0.0769749168823084
2017,UF,15,17,male,82372.68476243,7740.30209754398,83445.030228265,2951.81076613841,6963.52906649003,4,1072.34546583499,0.0130182167660036
2017,UF,15,18,combined,160893.6651931,11930.145043853,160477.446773905,8400.53116609531,9856.41722804997,4,-416.218419195007,-0.00258691613927418
2017,UF,15,18,female,77168.27486673,7321.19582103859,80062.82207783,4728.78792306905,6304.11432295981,4,2894.5472111,0.0375095493076513
2017,UF,15,18,male,83725.39032637,7781.00518383425,80414.624696075,4112.58373039644,6567.10477034369,4,-3310.76563029501,-0.0395431495438756
2017,UF,15,19,combined,155282.42716659,12014.8061440936,150960.02555297,8711.90340385502,9088.44653374728,4,-4322.40161361999,-0.0278357422181638
2017,UF,15,19,female,84942.19584202,8689.49387840027,78440.5133961275,6766.96720821416,6818.96094322105,4,-6501.6824458925,-0.076542434315975
2017,UF,15,19,male,70340.23132457,6587.10329945816,72519.5121568425,3190.91246100332,5714.79216870195,4,2179.2808322725,0.0309819969487544
2017,UF,16,14,combined,14997.00575309,1991.9601353585,16146.528137495,823.835343009389,2001.1417404536,4,1149.522384405,0.0766501262539125
2017,UF,16,14,female,7164.1370147,1319.03848167226,7101.5600993,714.679837189715,1332.92214861288,4,-62.5769154,-0.0087347457581561
2017,UF,16,14,male,7832.86873839,1307.04436538146,9044.968038195,893.961042883971,1496.72931455053,4,1212.099299805,0.154745258766348
2017,UF,16,15,combined,13629.35761001,2169.24908422354,15287.660736515,1588.96429383879,2216.74561274706,4,1658.303126505,0.121671407703549
2017,UF,16,15,female,5363.88922064,1248.66657178068,7546.88176229,1161.13404565714,1293.42117245562,4,2182.99254165,0.406979423297921
2017,UF,16,15,male,8265.46838937,1535.58069855812,7740.778974225,486.950575361133,1414.67661644902,4,-524.689415145001,-0.0634796953333933
2017,UF,16,16,combined,15020.73038615,2162.97550981407,17232.428366175,1221.73279451619,2143.57677156663,4,2211.697980025,0.147243038332165
2017,UF,16,16,female,7403.94242415,1519.43898457571,8140.21903848,286.506551594329,1397.45174983302,4,736.27661433,0.0994438600614222
2017,UF,16,16,male,7616.787962,1460.36010741967,9092.209327695,1247.85851308155,1417.45299026276,4,1475.421365695,0.193706503719921
2017,UF,16,17,combined,16694.37741748,2785.70391421752,16180.0714113575,1687.84742998954,2622.75210395353,4,-514.306006122499,-0.0308071390301737
2017,UF,16,17,female,8552.24106935,1374.46744613586,7731.47367229,1079.21236065033,1314.57480743783,4,-820.767397060001,-0.0959710314997449
2017,UF,16,17,male,8142.13634813,2448.117772711,8448.5977390675,1057.1603845648,2113.0206677231,4,306.461390937499,0.0376389411616626
2017,UF,16,18,combined,18525.24287994,2234.39512189029,16658.0079065325,1111.01029153999,2065.48903779871,4,-1867.2349734075,-0.100794088666413
2017,UF,16,18,female,8260.71648937,1423.86537218735,7714.0580017675,711.466330511355,1179.48347989494,4,-546.658487602499,-0.0661756747499986
2017,UF,16,18,male,10264.52639057,1748.8900334518,8943.949904765,796.425167221641,1580.53888803374,4,-1320.576485805,-0.128654400169716
2017,UF,16,19,combined,17100.13517904,2321.27842462968,15327.0963017775,1359.55489452064,1873.44863814775,4,-1773.0388772625,-0.103685664393797
2017,UF,16,19,female,6492.00159996,1335.89439243707,6796.3939537325,1008.39284145349,1137.85723166177,4,304.3923537725,0.0468872887792227
2017,UF,16,19,male,10608.13357908,1983.66251260643,8530.702348045,666.442817003911,1513.03294308339,4,-2077.431231035,-0.195833811438031
2017,UF,17,14,combined,25929.88664153,2533.82240211919,25323.0067687075,1589.90183042955,2341.91036556943,4,-606.879872822501,-0.0234046481271733
2017,UF,17,14,female,11725.336526,1783.20549173871,11294.3918522325,985.51013860267,1527.36879406743,4,-430.944673767499,-0.0367532883011002
2017,UF,17,14,male,14204.55011553,1934.69844673255,14028.614916475,704.095902235629,1797.50084174871,4,-175.935199055002,-0.0123858339492674
2017,UF,17,15,combined,28824.20959845,3046.59658055108,26707.291770905,2413.32868590982,2424.89334036337,4,-2116.917827545,-0.0734423547787009
2017,UF,17,15,female,14054.29022323,1878.08776149039,12955.7604437875,985.917656544278,1573.85560592607,4,-1098.5297794425,-0.0781633054387028
2017,UF,17,15,male,14769.91937522,2102.17202439995,13751.5313271175,1606.32279277909,1771.17764667912,4,-1018.3880481025,-0.0689501426670673
2017,UF,17,16,combined,26071.59324639,2567.98816553138,28248.1881566475,1632.73984269783,2585.15537900514,4,2176.5949102575,0.0834853048560384
2017,UF,17,16,female,15106.14556737,2193.00899311167,14975.3037590975,961.121907737901,2000.11268556806,4,-130.8418082725,-0.00866149526290312
2017,UF,17,16,male,10965.44767902,1592.95174195588,13272.88439755,1242.60068575856,1640.47068760781,4,2307.43671853,0.210427953885073
2017,UF,17,17,combined,26350.16924199,2890.36357277872,27863.5583536175,1711.46175683853,2452.18343820908,4,1513.3891116275,0.0574337529952505
2017,UF,17,17,female,12194.69199859,1920.26729645838,12813.9129737375,1138.10877045692,1624.12031532195,4,619.2209751475,0.0507779101939678
2017,UF,17,17,male,14155.4772434,2030.89791574749,15049.64537988,822.54901097344,1837.14428536037,4,894.168136479999,0.0631676432454374
2017,UF,17,18,combined,26761.68374545,2763.55463886441,27141.498817415,2811.88591842029,2570.28775411143,4,379.815071965,0.0141924953443774
2017,UF,17,18,female,11653.40324393,1744.73045628275,12185.1964115775,1499.1201051529,1789.13615745868,4,531.7931676475,0.0456341513732908
2017,UF,17,18,male,15108.28050152,2111.56021911276,14956.3024058375,1514.4234973564,1868.08819373428,4,-151.978095682498,-0.0100592582767581
2017,UF,17,19,combined,27385.75109942,2569.55149849009,24405.2043322475,2066.96667716596,2195.00572950104,4,-2980.5467671725,-0.108835677223241
2017,UF,17,19,female,10936.92427392,1702.50961577956,11041.68372697,940.343350121563,1616.91865547352,4,104.759453050001,0.00957851132788846
2017,UF,17,19,male,16448.8268255,2108.36298293501,13363.5206052775,2124.77728381952,1569.65745206036,4,-3085.3062202225,-0.187569986173085
2017,UF,21,14,combined,141015.39056954,7181.72733598878,129566.493727925,4772.08543195714,5842.43509741782,4,-11448.896841615,-0.0811889879209257
2017,UF,21,14,female,72038.58508371,5099.27847251414,63710.195584695,3983.79576925283,3806.40742189387,4,-8328.389499015,-0.115610120456104
2017,UF,21,14,male,68976.80548583,4577.4227819975,65856.29814323,1858.96471069834,4110.01255628224,4,-3120.5073426,-0.0452399516130252
2017,UF,21,15,combined,136102.48565021,6484.79672757162,133231.586097698,2021.27063982818,5761.66744647386,4,-2870.89955251251,-0.0210936599636458
2017,UF,21,15,female,66240.12659362,4314.11277753764,64536.99571807,3159.69270779216,3694.36597603047,4,-1703.13087555001,-0.0257114677029323
2017,UF,21,15,male,69862.35905659,4420.01382323469,68694.5903796275,3309.65391535161,4243.70320361857,4,-1167.7686769625,-0.0167152769063607
2017,UF,21,16,combined,125732.72956191,6084.6462147194,131465.753251918,6940.51049864076,5580.04390241176,4,5733.02369000751,0.0455969079012526
2017,UF,21,16,female,62041.88186007,4620.55687227705,65415.7331075225,3121.44660461213,4051.352259323,4,3373.8512474525,0.0543802210104123
2017,UF,21,16,male,63690.84770184,3958.61894603258,66050.020144395,4983.74558885366,3718.35565394514,4,2359.17244255499,0.0370409961192405
2017,UF,21,17,combined,142796.38201468,6772.40126834622,138631.505554538,3557.36404052239,6119.09037942373,4,-4164.87646014252,-0.0291665405060077
2017,UF,21,17,female,69866.78495518,4556.20269080555,70237.9294057875,4326.23755318468,4108.3708183854,4,371.144450607491,0.00531217302822196
2017,UF,21,17,male,72929.5970595,4648.19484023423,68393.57614875,3090.23663456924,4168.35878305462,4,-4536.02091075,-0.0621972572678451
2017,UF,21,18,combined,129313.26075445,5923.14423006659,132324.873940858,4812.39801769566,6440.86419129151,4,3011.6131864075,0.0232892834720654
2017,UF,21,18,female,58578.37353199,4262.3775734743,63257.246487665,2702.7702035085,4009.55986282895,4,4678.872955675,0.0798737259770423
2017,UF,21,18,male,70734.88722246,4265.97418594271,69067.6274531925,2282.39392581755,4890.07764824394,4,-1667.2597692675,-0.0235705439668547
2017,UF,21,19,combined,125052.15045689,6339.33502258317,120218.934699848,1778.21187285637,5627.23396406105,4,-4833.2157570425,-0.0386496013014082
2017,UF,21,19,female,66614.20195663,4556.11609563476,60935.43956311,2869.02218241807,4002.54034394037,4,-5678.76239352,-0.0852485239891821
2017,UF,21,19,male,58437.94850026,4216.21963562097,59283.4951367375,1266.32660152841,3723.34792182721,4,845.546636477506,0.0144691362064797
2017,UF,22,14,combined,47670.08179118,4568.44117029896,56036.04097339,3867.33961883989,5195.80158715982,4,8365.95918221001,0.175497059536363
2017,UF,22,14,female,25069.19222726,3599.98304546795,28475.385767285,1009.46525517601,3729.87444132378,4,3406.193540025,0.135871691004114
2017,UF,22,14,male,22600.88956392,2800.3048724544,27560.655206105,3116.61572598552,3368.19529667934,4,4959.76564218501,0.219450018909997
2017,UF,22,15,combined,60528.55130578,5790.93596240601,60502.31712479,4677.37255985685,5850.7518770426,4,-26.2341809899954,-0.000433418286478801
2017,UF,22,15,female,30811.74964648,4136.59042908599,32166.744210695,2061.84956626045,4004.34296014676,4,1354.994564215,0.0439765537420495
2017,UF,22,15,male,29716.8016593,3283.5879996698,28335.572914095,3450.52800407076,4067.64200539975,4,-1381.228745205,-0.0464797241991464
2017,UF,22,16,combined,54433.30255453,4851.23242485123,58933.61988278,1375.01030394688,5285.24622710098,4,4500.31732825,0.0826758090553423
2017,UF,22,16,female,23282.19156322,3299.15232375957,26877.818151495,2435.6520468684,3043.16214657318,4,3595.626588275,0.154436775357316
2017,UF,22,16,male,31151.11099131,3372.35138497612,32055.801731285,2591.3923911288,3906.7056207209,4,904.690739974998,0.029042005603825
2017,UF,22,17,combined,58486.70457012,4237.12040509479,55207.9629098125,5284.29530904431,4200.25030237357,4,-3278.7416603075,-0.0560596067842495
2017,UF,22,17,female,27367.08966236,2752.10090434607,25070.26827333,3517.43033134265,2761.4538694978,4,-2296.82138903,-0.0839264027474938
2017,UF,22,17,male,31119.61490776,3325.7848197278,30137.6946364825,2051.73129995459,3252.46195340783,4,-981.9202712775,-0.0315530983975206
2017,UF,22,18,combined,54567.15923923,4513.5642790804,55505.568393785,3763.30931553483,4421.02082663777,4,938.409154554996,0.0171973246846309
2017,UF,22,18,female,26053.89983418,3122.58258938345,27995.514884995,1972.13720975441,3480.5348594425,4,1941.615050815,0.0745230104964095
2017,UF,22,18,male,28513.25940505,3216.29527890367,27510.05350879,2015.26296342502,2970.43275511801,4,-1003.20589626,-0.0351838378772763
2017,UF,22,19,combined,57010.03583757,4883.63836532027,59304.8546516525,2429.47404048539,5484.51145432066,4,2294.81881408249,0.0402528919753843
2017,UF,22,19,female,28915.11052311,3268.08918991689,30893.6389695475,1648.70875772835,3821.106038095,4,1978.5284464375,0.0684254153155039
2017,UF,22,19,male,28094.92531446,3429.92049322022,28411.215682105,941.322542102949,3614.63208259661,4,316.290367645001,0.0112579180796829
2017,UF,23,14,combined,141866.97568864,8237.20861634965,146423.39889721,6475.73079019218,7779.14825240488,4,4556.42320857002,0.0321175748369384
2017,UF,23,14,female,64974.25166734,5842.16795581582,67999.03997601,4096.1365451502,5342.8288990276,4,3024.78830867,0.0465536459605034
2017,UF,23,14,male,76892.7240213,5947.59934045361,78424.3589212,5035.59636791545,5676.85867367378,4,1531.6348999,0.0199191135363565
2017,UF,23,15,combined,143726.5568425,8115.24929627526,150955.143310468,3313.01991408701,9151.52888777947,4,7228.58646796749,0.0502940209991171
2017,UF,23,15,female,70974.19862658,5435.07628102651,72808.0713493575,4857.42678958829,6661.14067687282,4,1833.87272277749,0.025838583009949
2017,UF,23,15,male,72752.35821592,6184.22985965227,78147.07196111,7614.82172497614,5366.74919729707,4,5394.71374518999,0.074151737173648
2017,UF,23,16,combined,164902.72773912,8824.24474795409,157498.189050378,8730.14725006118,7569.9705027482,4,-7404.5386887425,-0.0449024633507376
2017,UF,23,16,female,76322.27063397,5636.62651320934,75848.107986105,2754.46240328262,5079.78482362198,4,-474.162647865,-0.00621263811894449
2017,UF,23,16,male,88580.45710515,6263.50711097541,81650.0810642725,6357.42123633112,5213.1862056166,4,-6930.3760408775,-0.0782382058906148
2017,UF,23,17,combined,159651.81982865,12959.6901330664,164249.156361463,8703.82264283147,9886.0813860739,4,4597.33653281248,0.0287960170936146
2017,UF,23,17,female,84131.7169598,11731.6042893056,81811.5333373925,5734.20183972335,7337.05415502909,4,-2320.18362240751,-0.027577989683916
2017,UF,23,17,male,75520.10286885,5561.49534240291,82437.62302407,3434.1875570274,5737.66500637852,4,6917.52015522,0.0915983942346203
2017,UF,23,18,combined,149225.64652825,8330.12160416525,156707.7900344,10155.6610039155,8968.65797523949,4,7482.14350615,0.0501397962094508
2017,UF,23,18,female,69678.68521093,5627.29488199312,78424.187695995,1711.85759681029,6377.64131132156,4,8745.50248506501,0.125511875813827
2017,UF,23,18,male,79546.96131732,6313.33501229722,78283.602338405,11099.262796839,5551.85449511514,4,-1263.358978915,-0.0158819263236888
2017,UF,23,19,combined,156135.77015708,9263.93344020589,154211.686442158,5890.35229641157,8675.54045476118,4,-1924.08371492251,-0.0123231448692813
2017,UF,23,19,female,78273.29446287,7200.92671626385,75573.4468467575,3349.57865666988,5891.8149562466,4,-2699.8476161125,-0.0344925767420357
2017,UF,23,19,male,77862.47569421,5875.86417741784,78638.2395954,4292.17550356011,5740.09329251063,4,775.763901189988,0.00996325758041207
2017,UF,24,14,combined,53105.34243557,4452.49521147103,52090.3457904575,2142.65073704119,4287.39196133097,4,-1014.9966451125,-0.0191128914448475
2017,UF,24,14,female,22167.13116194,2752.27439862944,23152.54818052,2148.99749991098,2737.59957192315,4,985.417018579999,0.0444539715753529
2017,UF,24,14,male,30938.21127363,3606.54229129153,28937.7976099375,3316.61969662017,3284.43152912931,4,-2000.4136636925,-0.0646583490558014
2017,UF,24,15,combined,62222.98374055,5985.69287817165,60711.348900025,3867.49081754697,4824.01777189523,4,-1511.634840525,-0.0242938340409396
2017,UF,24,15,female,30012.7856808,4547.49965708198,30725.0695195525,3183.90139760044,3612.35734519801,4,712.283838752501,0.0237326800093791
2017,UF,24,15,male,32210.19805975,3384.90242795909,29986.2793804725,3610.75584982208,3034.3179067796,4,-2223.9186792775,-0.0690439305946559
2017,UF,24,16,combined,61567.69510505,4933.62690587552,62836.2219315525,4479.78554960955,5120.70630062013,4,1268.5268265025,0.0206037732018078
2017,UF,24,16,female,29018.27917208,3758.01328891124,33067.77490997,1259.81240198326,3766.84212294191,4,4049.49573789,0.139549823539717
2017,UF,24,16,male,32549.41593297,3518.98749967387,29768.4470215825,4115.76882482423,3075.3329566599,4,-2780.9689113875,-0.0854383659944755
2017,UF,24,17,combined,52305.84679961,5404.58344168707,54519.030317745,3035.2929902683,4459.50737496733,4,2213.183518135,0.0423123542309518
2017,UF,24,17,female,22063.93417292,3296.1409447037,27895.9806696975,1825.63240599469,3354.61585998696,4,5832.0464967775,0.264324868406081
2017,UF,24,17,male,30241.91262669,3594.93077458569,26623.0496480475,1746.53793892532,2922.03442214242,4,-3618.8629786425,-0.119663826270322
2017,UF,24,18,combined,55975.70129222,5007.18000432202,54871.13957981,2301.931281647,4204.72898422688,4,-1104.56171241,-0.0197328784974691
2017,UF,24,18,female,30364.2973344,3558.68221311892,28811.2723330675,1408.57813948672,3008.99275524483,4,-1553.0250013325,-0.0511464166033265
2017,UF,24,18,male,25611.40395782,3156.94651629805,26059.8672467425,1191.54916080173,2868.99271899329,4,448.463288922503,0.0175102969622863
2017,UF,24,19,combined,54480.24637292,5062.50805556032,48083.1704258625,4572.34768134893,4040.44297798279,4,-6397.07594705751,-0.117420099447958
2017,UF,24,19,female,25407.47627925,2894.36352017578,23572.2859297075,2523.17812949759,2612.17068813105,4,-1835.1903495425,-0.0722303281668821
2017,UF,24,19,male,29072.77009367,3682.84575797791,24510.884496155,3087.46128370008,2891.74888289079,4,-4561.885597515,-0.156912656854403
2017,UF,25,14,combined,66215.16351985,5751.18543153032,66869.3285155575,5919.93112245272,4847.07947669814,4,654.164995707499,0.00987938352687739
2017,UF,25,14,female,31462.61043959,3961.00487244357,34482.7939743325,3471.66956100425,3633.89409264306,4,3020.1835347425,0.0959927829428337
2017,UF,25,14,male,34752.55308026,4074.7156948421,32386.534541225,2775.6192196768,3254.89686117592,4,-2366.018539035,-0.0680818624626153
2017,UF,25,15,combined,74644.2041045,5252.52237305703,68851.8872390275,4423.99412856924,4660.85876876237,4,-5792.31686547249,-0.0775990170296865
2017,UF,25,15,female,34620.3170462,3655.90105733789,33229.595751145,1264.04807623162,3331.26438939428,4,-1390.72129505499,-0.040170668951388
2017,UF,25,15,male,40023.8870583,4108.69727613343,35622.2914878825,3197.34743772398,3544.01370740403,4,-4401.5955704175,-0.109974215248159
2017,UF,25,16,combined,74799.2043735,5635.68949106847,71728.2665711575,3700.16127210765,5070.90336072757,4,-3070.93780234251,-0.0410557549116189
2017,UF,25,16,female,37350.23200688,4194.4634548017,35074.105204645,1628.14735892859,3666.66410229989,4,-2276.126802235,-0.0609400980913781
2017,UF,25,16,male,37448.97236662,3470.33577029772,36654.1613665125,2487.16963131727,3320.87625251916,4,-794.811000107497,-0.0212238400649933
2017,UF,25,17,combined,67255.78800522,5742.26484695919,71326.8519171175,2075.02958386939,5308.8212335257,4,4071.06391189749,0.0605310566219449
2017,UF,25,17,female,35399.73850514,4334.19986373783,36799.49563342,3249.38435521499,3837.72801837367,4,1399.75712828,0.0395414539030212
2017,UF,25,17,male,31856.04950008,3502.27272814789,34527.3562836975,1212.95537765437,3341.71686759489,4,2671.3067836175,0.0838555572815391
2017,UF,25,18,combined,60346.08732651,5342.79104709142,65198.69896563,2413.40571665318,4915.22874299429,4,4852.61163912,0.0804130284845866
2017,UF,25,18,female,29571.26889918,3847.99256243088,31417.0409929875,1969.36718603356,3372.07377956243,4,1845.7720938075,0.0624177508276855
2017,UF,25,18,male,30774.81842733,3623.81975710769,33781.6579726425,2971.00257753985,3362.7711212779,4,3006.8395453125,0.0977045421864206
2017,UF,25,19,combined,71093.24235179,5442.46807788696,65501.98382243,4734.99956580122,4685.22194968003,4,-5591.25852936,-0.0786468354009349
2017,UF,25,19,female,37710.62119738,3769.08380498461,34660.1782583075,2985.44879501513,3422.70319944842,4,-3050.4429390725,-0.0808908164918915
2017,UF,25,19,male,33382.62115441,3855.68216422414,30841.8055641225,2715.54348269946,3158.41573492776,4,-2540.8155902875,-0.0761119259789415
2017,UF,26,14,combined,136434.24959365,9697.06324514545,145144.055706993,6217.46029399209,8621.06460613667,4,8709.80611334252,0.0638388538016183
2017,UF,26,14,female,68390.04859259,7136.33958361378,70688.34625162,4479.47639978945,6317.30310610623,4,2298.29765903,0.0336057322129029
2017,UF,26,14,male,68044.20100106,6785.97365124564,74455.7094553725,2082.48006860031,5948.22445597172,4,6411.5084543125,0.0942256409802302
2017,UF,26,15,combined,172944.50411008,11589.2231103033,164269.657805093,5847.63752052054,9597.14214936066,4,-8674.84630498747,-0.0501597107674835
2017,UF,26,15,female,80934.42425561,7749.10935436413,75842.9851635625,5049.39604845424,6477.22976050712,4,-5091.43909204751,-0.0629082017803394
2017,UF,26,15,male,92010.07985447,7951.41047831354,88426.67264153,1809.65440847025,6839.80168657058,4,-3583.40721294,-0.0389458113568403
2017,UF,26,16,combined,169324.20638222,10613.7422311463,169409.929363808,9764.45119791718,9586.94519770036,4,85.7229815874889,0.000506265367598914
2017,UF,26,16,female,88557.24148764,7570.51170606325,80964.1541899,9050.64072040592,6509.31714753604,4,-7593.08729774,-0.0857421388718366
2017,UF,26,16,male,80766.96489458,7382.36477952518,88445.7751739075,3230.89584405877,6843.36107646397,4,7678.8102793275,0.0950736515771042
2017,UF,26,17,combined,184706.34840553,11304.1345085417,178050.1758921,5995.35643894829,9794.32750046549,4,-6656.17251343001,-0.0360365118518619
2017,UF,26,17,female,92937.98297349,8014.0964734337,94085.309325505,6223.97478534957,7206.24134022555,4,1147.32635201499,0.0123450748048003
2017,UF,26,17,male,91768.36543204,7955.09262550269,83964.866566595,4580.32693722827,6597.3176746645,4,-7803.498865445,-0.0850347375013883
2017,UF,26,18,combined,179899.6696808,11525.9035979515,174012.503829083,6950.82956112324,9865.88635154824,4,-5887.1658517175,-0.032724717405892
2017,UF,26,18,female,75712.15841014,7123.63573928868,78935.1023585125,5425.97216477699,6473.19046467882,4,3222.9439483725,0.0425683802449998
2017,UF,26,18,male,104187.51127066,8453.93860888796,95077.40147057,3667.85788132942,7080.89714185448,4,-9110.10980009001,-0.0874395567087078
2017,UF,26,19,combined,141218.92745488,9733.20128442764,148639.801690775,6681.04119548092,9319.66806886603,4,7420.874235895,0.0525487225376782
2017,UF,26,19,female,67110.53350902,6580.30532495264,78575.5714022575,5835.66774415562,6449.14372777542,4,11465.0378932375,0.170838127694165
2017,UF,26,19,male,74108.39394586,6678.58528510662,70064.2302885175,5225.54234874784,6122.73402117843,4,-4044.16365734251,-0.0545709256672999
2017,UF,27,14,combined,57013.06378973,3829.80158652938,58405.5342510525,2395.37366487932,3140.09684705309,4,1392.4704613225,0.0244237086864526
2017,UF,27,14,female,26282.00491721,2252.49064699948,26825.0109469625,2376.7895255711,2035.20922095626,4,543.006029752502,0.0206607536777733
2017,UF,27,14,male,30731.05887252,2674.79655574821,31580.52330409,355.941636565609,2276.12002874399,4,849.464431569999,0.027641886180811
2017,UF,27,15,combined,57051.35057516,3216.34827299469,55121.5625270675,1031.21220454723,2925.90003502178,4,-1929.7880480925,-0.0338254577435495
2017,UF,27,15,female,28211.55354351,2238.24585289095,26716.25654012,722.215691850293,2026.06035508639,4,-1495.29700339,-0.0530030010961233
2017,UF,27,15,male,28839.79703165,2300.47344127366,28405.3059869475,1695.05802037075,2099.40965599242,4,-434.4910447025,-0.0150656762329385
2017,UF,27,16,combined,68058.71964508,3919.27457728498,64102.52116752,775.030752068349,3567.07122173993,4,-3956.19847756,-0.0581291934110899
2017,UF,27,16,female,33251.79877111,2782.28471123429,31573.1553603025,1337.02169479492,2449.05732290752,4,-1678.6434108075,-0.0504827850776586
2017,UF,27,16,male,34806.92087397,2553.0028902528,32529.3658072175,1530.61776019604,2315.68281744605,4,-2277.5550667525,-0.0654339714506532
2017,UF,27,17,combined,56871.82149311,3514.90442385889,60546.9894088675,1736.85726626814,3351.84934320571,4,3675.1679157575,0.0646219484319268
2017,UF,27,17,female,31278.17039045,2628.16633571479,31713.424266505,2957.68949685625,2334.62848210989,4,435.253876055002,0.0139155797996386
2017,UF,27,17,male,25593.65110266,2201.5341339726,28833.5651423625,3515.53869856323,2132.49614103726,4,3239.9140397025,0.126590537110423
2017,UF,27,18,combined,61523.10881633,3465.17382806685,60189.35272224,3774.07067438535,3447.79316543763,4,-1333.75609409,-0.0216789450297736
2017,UF,27,18,female,33569.59157318,2608.73949050459,32327.64960333,2532.84793609241,2616.70366546789,4,-1241.94196985,-0.0369960405131123
2017,UF,27,18,male,27953.51724315,2337.93222173338,27861.70311891,1413.99990127475,2097.32188818031,4,-91.8141242399979,-0.00328452850642604
2017,UF,27,19,combined,49407.98306162,3410.55446938095,54502.65517371,1357.241402991,3114.40989116381,4,5094.67211209,0.103114351090513
2017,UF,27,19,female,25006.38906535,2276.41174276212,28822.989251275,658.610466223447,2231.38534474114,4,3816.600185925,0.152625002192478
2017,UF,27,19,male,24401.59399627,2287.59407337031,25679.665922435,1736.56337308348,2028.58713744381,4,1278.071926165,0.052376575331938
2017,UF,28,14,combined,34558.63973522,3073.53309705506,37693.319731875,2060.58223609635,2925.83370117779,4,3134.679996655,0.0907061163481019
2017,UF,28,14,female,17826.04117883,2311.36558774775,18449.449676045,1139.38592583255,2061.00757821514,4,623.408497214998,0.0349717859933674
2017,UF,28,14,male,16732.59855639,1905.42835716102,19243.87005583,1231.88487676469,2021.41185865595,4,2511.27149944,0.150082576294223
2017,UF,28,15,combined,35155.62265029,3048.3351027969,34576.5263985475,4004.43925983278,2743.89770547502,4,-579.096251742507,-0.0164723651036723
2017,UF,28,15,female,16050.51256132,1981.65189179189,16162.561114275,1255.40507111628,1873.93877617533,4,112.048552955001,0.00698099531257497
2017,UF,28,15,male,19105.11008897,2209.29825310132,18413.9652842725,2899.25723418696,1909.87439364848,4,-691.144804697498,-0.0361759132231601
2017,UF,28,16,combined,41998.45543796,3269.95422997654,43207.896956065,2299.97191152161,3253.33792803382,4,1209.441518105,0.0287972856499826
2017,UF,28,16,female,20766.40385645,2346.42028448026,20840.21004497,2304.537810321,2264.03512325011,4,73.8061885200004,0.00355411505189794
2017,UF,28,16,male,21232.05158151,2393.39952446735,22367.686911095,1529.33526975752,2223.38262137397,4,1135.635329585,0.0534868392357322
2017,UF,28,17,combined,38064.57735028,3528.35136097492,41236.6207766675,2123.48997645898,3204.61299173857,4,3172.0434263875,0.0833332102231832
2017,UF,28,17,female,19643.19078593,2295.74110432392,21849.3384899675,2977.23505872734,2298.31655897478,4,2206.1477040375,0.112311066367981
2017,UF,28,17,male,18421.38656435,2492.01234613024,19387.2822867,1602.36658844133,2242.2497893935,4,965.89572235,0.0524333887124029
2017,UF,28,18,combined,42147.65100583,3324.0856457398,39282.3348043775,1845.75500490954,3018.60009508837,4,-2865.3162014525,-0.0679828207046737
2017,UF,28,18,female,16543.70674078,2211.97013786795,18115.481669515,1685.55111426239,2025.50222936071,4,1571.774928735,0.0950074220586006
2017,UF,28,18,male,25603.94426505,2432.57084546523,21166.8531348625,1855.02713272614,2154.45338293718,4,-4437.0911301875,-0.173297171883171
2017,UF,28,19,combined,32688.41556963,3330.88993146161,37017.0268882375,1527.1081202325,3029.66135323318,4,4328.6113186075,0.132420346571619
2017,UF,28,19,female,18856.93539666,2370.51405371504,18965.3703369875,2305.18403574642,2140.57500758726,4,108.434940327501,0.00575040100878255
2017,UF,28,19,male,13831.48017297,1987.79273972175,18051.65655125,1545.86252636642,2005.64857796955,4,4220.17637828,0.305113865291672
2017,UF,29,14,combined,252345.80115509,19549.9031432515,250345.314907963,11903.2791380434,17055.8783014291,4,-2000.4862471275,-0.0079275590795268
2017,UF,29,14,female,110271.80121134,11140.0462302906,115641.947447658,7557.47583782466,10807.4707933226,4,5370.1462363175,0.0486991794577238
2017,UF,29,14,male,142073.99994375,13854.512464705,134703.367460305,7192.61948837625,11097.0481715129,4,-7370.63248344502,-0.0518788271348959
2017,UF,29,15,combined,264835.4080184,19917.2919104838,258825.788293133,5386.32584725923,16355.406713196,4,-6009.61972526752,-0.0226919042670079
2017,UF,29,15,female,150844.05037818,16961.9247258011,136275.222761745,7069.8048831334,12633.8624967895,4,-14568.827616435,-0.0965820500040246
2017,UF,29,15,male,113991.35764022,10323.8886215906,122550.565531388,5576.46962233462,10292.4135816039,4,8559.20789116751,0.075086463292964
2017,UF,29,16,combined,249032.45421398,17201.0300876482,260258.958624155,11030.8652681053,16273.8256687471,4,11226.504410175,0.045080487383097
2017,UF,29,16,female,120072.41169804,13530.31670709,134435.25013264,7503.15456694612,12528.9133705825,4,14362.8384346,0.119618139016978
2017,UF,29,16,male,128960.04251594,11253.1094111856,125823.708491515,3709.21928889633,10071.6256539253,4,-3136.334024425,-0.0243201999878167
2017,UF,29,17,combined,233334.76295014,14534.6521611275,265822.11392399,18578.2926732455,15581.8708466566,4,32487.35097385,0.139230651117305
2017,UF,29,17,female,120319.72792794,10422.6213345188,132533.742569428,9019.1782316035,11201.2063346754,4,12214.0146414875,0.101512984211554
2017,UF,29,17,male,113015.0350222,10608.2371818825,133288.371354563,12635.4902505295,10156.0075061237,4,20273.3363323625,0.179386188115414
2017,UF,29,18,combined,241751.4336122,15874.1363070932,265182.174576318,13384.6121631297,15604.3079340979,4,23430.7409641175,0.0969207942803904
2017,UF,29,18,female,120781.05923774,11160.7800734683,143996.721080918,10264.4834346932,11164.6796305752,4,23215.6618431775,0.19221276903592
2017,UF,29,18,male,120970.37437446,10408.3431110249,121185.4534954,7818.37224526748,10085.5842944868,4,215.07912093999,0.00177794870894769
2017,UF,29,19,combined,239566.51480149,16307.5919477775,240521.07122437,17813.3165317584,15351.0247448691,4,954.556422879978,0.00398451521353451
2017,UF,29,19,female,117497.05930851,10917.5023580678,123412.31026645,16984.7455830436,10002.5932974836,4,5915.25095794001,0.0503438213071225
2017,UF,29,19,male,122069.45549298,11510.2489235472,117108.76095792,5083.79636359193,10435.1937542083,4,-4960.69453506001,-0.0406382949364863
2017,UF,31,14,combined,298837.29401954,17139.5114936845,292286.997982428,6857.60971635795,14647.6097749502,4,-6550.29603711254,-0.0219192723538858
2017,UF,31,14,female,153099.39800985,11703.7058099332,144172.508542153,4016.13805596798,9945.02910025715,4,-8926.8894676975,-0.0583078025370366
2017,UF,31,14,male,145737.89600969,11000.5941694621,148114.489440275,9107.78429326326,10007.2457467296,4,2376.593430585,0.0163073126184488
2017,UF,31,15,combined,335369.81318226,17926.7450545203,304101.255808913,7655.90369256466,14535.8709428102,4,-31268.5573733475,-0.0932360520961805
2017,UF,31,15,female,164295.37228906,12316.5028769703,148994.468192483,3650.34995773253,9953.392921126,4,-15300.9040965775,-0.0931304630398061
2017,UF,31,15,male,171074.4408932,12143.9703333539,155106.78761643,7253.72333713747,10478.398213049,4,-15967.65327677,-0.0933374570356681
2017,UF,31,16,combined,325321.36177684,17207.5496687392,345693.391652613,5977.46354888153,16062.367357496,4,20372.0298757725,0.0626212486155368
2017,UF,31,16,female,166058.17253684,12056.0454613202,169455.498977103,5664.89322598771,11220.3319581659,4,3397.32644026252,0.0204586524611357
2017,UF,31,16,male,159263.18924,11493.108796315,176237.89267551,4936.51099099983,11430.1860459248,4,16974.70343551,0.106582717051648
2017,UF,31,17,combined,335415.53275999,17274.4141466861,337170.46050844,14301.3242409148,15647.9241701059,4,1754.92774845002,0.00523210041589152
2017,UF,31,17,female,159264.40226275,12143.5887126818,170598.304681793,10193.9966739655,11575.7541353812,4,11333.9024190425,0.0711640659056011
2017,UF,31,17,male,176151.13049724,12384.6631712153,166572.155826648,5909.72337041445,10546.7976085436,4,-9578.97467059249,-0.05437929716121
2017,UF,31,18,combined,376384.85099468,19279.4266014726,339650.141562588,13455.8230775722,15700.7861982103,4,-36734.7094320926,-0.0975987990351179
2017,UF,31,18,female,185681.40380849,13313.2434570947,166655.242167475,8416.81138392447,10994.081044934,4,-19026.161641015,-0.102466705069929
2017,UF,31,18,male,190703.44718619,12988.3321858095,172994.899395113,13941.4164975273,10933.1950904689,4,-17708.5477910775,-0.0928590859387458
2017,UF,31,19,combined,360926.00217348,17894.0423628289,347715.335371995,15441.1290678344,15760.1147700086,4,-13210.666801485,-0.03660214759239
2017,UF,31,19,female,167848.69761559,12627.8541355279,174310.632603758,9962.920455702,11251.500423184,4,6461.93498816749,0.0384985709151388
2017,UF,31,19,male,193077.30455789,12877.7111951337,173404.702768238,8495.58511131058,11087.2376632804,4,-19672.6017896525,-0.101889768114896
2017,UF,32,14,combined,59403.65781639,4199.36326348333,55631.5294196075,2466.86992271599,3638.99242706031,4,-3772.1283967825,-0.0634999347757629
2017,UF,32,14,female,31099.13507605,3138.03960976371,25851.68246948,2373.65057493219,2453.36582701586,4,-5247.45260657,-0.168733072277986
2017,UF,32,14,male,28304.52274034,2830.17629122528,29779.8469501275,2337.56420797154,2616.01633322779,4,1475.3242097875,0.0521232674834984
2017,UF,32,15,combined,54406.85562179,4574.05106691101,57529.4585754275,3569.97031406603,4148.32054518201,4,3122.60295363751,0.0573935567117557
2017,UF,32,15,female,25969.11599484,2760.23496960148,29408.6536538075,1483.2160299384,2716.19938001886,4,3439.5376589675,0.132447236927546
2017,UF,32,15,male,28437.73962695,3362.29674922826,28120.80492162,2450.31200211786,2777.5139692046,4,-316.934705329997,-0.0111448627594031
2017,UF,32,16,combined,58355.24025426,5514.146833152,58430.1990412675,2423.20280666649,4106.32680610579,4,74.9587870074975,0.00128452537734219
2017,UF,32,16,female,28287.84337683,2676.56399475166,28317.10357855,1182.80355651884,2547.60692517006,4,29.2602017200006,0.00103437371772099
2017,UF,32,16,male,30067.39687743,4858.44926749187,30113.0954627175,1963.56603814026,3134.64393412853,4,45.6985852875005,0.00151987168938472
2017,UF,32,17,combined,66572.43558888,4722.33744040156,61873.4944703125,4870.05472302319,4607.39830452861,4,-4698.94111856751,-0.0705838847114736
2017,UF,32,17,female,32896.36467497,3214.71324061398,29972.0120985675,2223.6775654841,2735.36131942527,4,-2924.3525764025,-0.0888959192085915
2017,UF,32,17,male,33676.07091391,3090.40352900467,31901.482371745,2761.2352690401,3290.27533773522,4,-1774.588542165,-0.0526958310160822
2017,UF,32,18,combined,60844.95756289,4431.86341243502,56970.229446765,3199.87913433582,3696.19550478587,4,-3874.728116125,-0.0636819922525221
2017,UF,32,18,female,28795.0491048,2882.58440201341,29050.934925835,2609.98240422858,2470.35703207631,4,255.885821035001,0.00888645197664712
2017,UF,32,18,male,32049.90845809,3130.9180000054,27919.29452093,2336.99190348563,2650.77078157414,4,-4130.61393716,-0.128880678163602
2017,UF,32,19,combined,54555.37316854,3692.94480139367,56602.6322573325,1562.0747804684,3410.14979794583,4,2047.2590887925,0.0375262594660993
2017,UF,32,19,female,26697.92017428,2864.18684557449,28080.16619628,1253.03978552064,2639.67282523674,4,1382.246022,0.0517735468896793
2017,UF,32,19,male,27857.45299426,2490.43292168046,28522.4660610525,1159.18671562062,2253.65968336228,4,665.013066792501,0.023871998166147
2017,UF,33,14,combined,227913.31805383,12709.7508439292,222943.269814588,8907.20857012594,10827.8390526234,4,-4970.04823924252,-0.0218067477656951
2017,UF,33,14,female,109453.32699901,8541.63884528362,105758.568642705,7270.96329915259,7567.53836699328,4,-3694.758356305,-0.033756473719053
2017,UF,33,14,male,118459.99105482,9084.40056072982,117184.701171883,3383.6571461325,7530.4279272912,4,-1275.2898829375,-0.0107655747023257
2017,UF,33,15,combined,224579.92921359,11784.5439729743,238348.264873485,6180.39749986113,11487.1349327833,4,13768.335659895,0.0613070620696493
2017,UF,33,15,female,110083.35111281,8310.3774847204,114722.511635253,4038.84630227656,7720.89990578647,4,4639.1605224425,0.0421422538062857
2017,UF,33,15,male,114496.57810078,8126.0446976733,123625.753238233,6406.24600874351,8217.17320514895,4,9129.1751374525,0.0797331700989089
2017,UF,33,16,combined,242146.72333686,13866.0351307902,227826.04595888,12062.3878921928,10965.3725894698,4,-14320.67737798,-0.0591404962273967
2017,UF,33,16,female,131043.52406317,11118.1165139851,117437.63365693,5855.68989617359,8226.85675428163,4,-13605.89040624,-0.103827262762571
2017,UF,33,16,male,111103.19927369,8514.95497332247,110388.41230195,7351.49250306243,7417.20668226476,4,-714.786971740003,-0.00643354085582366
2017,UF,33,17,combined,239563.55962794,12869.7296177603,257175.293518463,2350.0961555133,11929.0150189092,4,17611.7338905225,0.0735159133462319
2017,UF,33,17,female,115084.73765428,8342.62869500784,122746.968165913,5324.10329185439,8060.69658912106,4,7662.23051163249,0.0665790327006713
2017,UF,33,17,male,124478.82197366,9399.8902114617,134428.32535255,7432.55728214195,8615.94666739148,4,9949.50337888999,0.0799292861318637
2017,UF,33,18,combined,259052.8559662,13117.3858048145,272501.46549634,12982.4964310831,12103.1131061935,4,13448.60953014,0.0519145387530285
2017,UF,33,18,female,123505.01030322,9181.67657199354,125031.515692993,5663.97952193095,8314.58765204776,4,1526.5053897725,0.01235986609794
2017,UF,33,18,male,135547.84566298,9434.70247527577,147469.949803348,7930.20324952042,8768.07968881376,4,11922.1041403675,0.0879549511248602
2017,UF,33,19,combined,250884.81357853,13000.8410176093,261370.547178388,13371.7648543319,12441.1261229147,4,10485.7335998575,0.0417950112256409
2017,UF,33,19,female,121246.51693577,9072.30616316044,134582.900794568,13111.9199293345,9324.54502632001,4,13336.3838587975,0.109993954431387
2017,UF,33,19,male,129638.29664276,9368.16775717979,126787.64638382,3592.63694324517,8066.5478488423,4,-2850.65025894,-0.0219892603710727
2017,UF,35,14,combined,590184.72982977,31507.0309323759,588701.672485923,18861.3695010975,28257.6693366079,4,-1483.05734384758,-0.00251286973194876
2017,UF,35,14,female,285086.83801628,21338.3392518279,297163.220900648,16329.8630293396,20929.4525956461,4,12076.3828843675,0.042360366295402
2017,UF,35,14,male,305097.89181349,22427.68390034,291538.451585275,3814.52213358072,19403.3066067876,4,-13559.440228215,-0.0444429168212806
2017,UF,35,15,combined,615427.19616932,31521.2117820684,661088.956419803,14568.7816799801,35702.2914835578,4,45661.7602504825,0.0741952265592107
2017,UF,35,15,female,307230.89329678,22642.1553918833,316635.221908155,14426.9605492382,20606.8859915887,4,9404.32861137501,0.0306099706004844
2017,UF,35,15,male,308196.30287254,22206.1130781502,344453.734511648,20247.7739111799,28580.3613789328,4,36257.4316391075,0.117643953873458
2017,UF,35,16,combined,678145.98790449,38728.1215641634,671676.628707832,27412.6330837478,37148.7242181876,4,-6469.35919665755,-0.00953977360634137
2017,UF,35,16,female,349987.6964564,27588.47062176,317295.852422278,23116.4929862508,23092.3174964811,4,-32691.8440341225,-0.0934085522580508
2017,UF,35,16,male,328158.29144809,23449.5738674692,354380.776285555,12373.3214144729,28035.839112444,4,26222.484837465,0.0799080368250059
2017,UF,35,17,combined,663603.31572088,37173.1876382786,691472.910435805,6730.4101861473,33654.9632161682,4,27869.5947149249,0.0419973711021167
2017,UF,35,17,female,330867.2558049,24494.7991118662,338172.735749208,14404.3417375641,21838.567085003,4,7305.47994430747,0.0220797912641293
2017,UF,35,17,male,332736.05991598,24244.2755856179,353300.174686598,10323.0183575332,23784.0163700008,4,20564.1147706175,0.0618030843299948
2017,UF,35,18,combined,729164.98873682,37047.0419357526,702005.030747688,5357.02192602084,34859.9111694149,4,-27159.9579891326,-0.0372480280988032
2017,UF,35,18,female,352720.40358475,26551.4257472286,341672.005415815,9202.84052551287,23553.8820296741,4,-11048.398168935,-0.0313233883173427
2017,UF,35,18,male,376444.58515207,24997.2103305907,360333.025331873,8344.53726685844,23100.5026896805,4,-16111.5598201975,-0.0427992869486726
2017,UF,35,19,combined,691209.48324658,35306.0276092398,682294.53842056,42703.2438640425,34128.8893703867,4,-8914.94482602004,-0.0128976020180553
2017,UF,35,19,female,358292.97747228,26431.5483779392,348347.794372148,33798.7666966784,24013.5240315032,4,-9945.18310013245,-0.0277571253846355
2017,UF,35,19,male,332916.5057743,22874.9615762917,333946.744048413,10015.8885657985,23208.6187030678,4,1030.23827411246,0.00309458454670586
2017,UF,41,14,combined,160590.3215933,9986.81997568069,160308.296898845,11174.2289001192,8854.14340999058,4,-282.024694455002,-0.0017561749155048
2017,UF,41,14,female,83125.98299609,6647.95962173819,83745.0764222575,6331.25337226743,6361.16312277568,4,619.093426167499,0.0074476523928339
2017,UF,41,14,male,77464.33859721,7074.61861501413,76563.2204765875,7549.69374405674,6159.88090975485,4,-901.118120622487,-0.0116326833345601
2017,UF,41,15,combined,165264.58382901,9667.79728362811,177810.988696895,3798.56071399233,9292.08821249291,4,12546.404867885,0.0759170814290499
2017,UF,41,15,female,76410.6738086,6490.51946830701,85046.610556225,1645.97963403558,6395.80603924369,4,8635.93674762501,0.113020031327783
2017,UF,41,15,male,88853.91002041,7585.2903333036,92764.37814067,2234.66883568951,6806.73898170595,4,3910.46812026,0.0440100848613388
2017,UF,41,16,combined,162801.00807929,9258.07319279674,165583.007157228,12665.3549910264,8810.12192655316,4,2781.99907793748,0.0170883406113956
2017,UF,41,16,female,69596.11418912,6472.44644742187,75844.520853565,8719.70384371531,6165.14470934688,4,6248.40666444501,0.0897809703493737
2017,UF,41,16,male,93204.89389017,6751.9657619097,89738.4863036625,5886.67897332258,6441.21010700276,4,-3466.4075865075,-0.0371912615510535
2017,UF,41,17,combined,182943.70508463,10853.0512187852,184259.529625463,10181.2853687905,10223.9548885871,4,1315.82454083249,0.00719251061534905
2017,UF,41,17,female,81883.06918227,6606.14938460755,90002.0276087625,7615.53670509267,6901.64568238433,4,8118.95842649249,0.0991530789890137
2017,UF,41,17,male,101060.63590236,8234.11553996277,94257.5020167,3645.16231095943,7114.60596642943,4,-6803.13388565999,-0.0673173469067903
2017,UF,41,18,combined,185784.17092264,11023.9289947783,173056.339350145,12169.9183332438,9289.62752488497,4,-12727.831572495,-0.0685086975348123
2017,UF,41,18,female,82387.14251632,7378.70284716254,79302.1995052125,6891.48401713263,6120.98014644038,4,-3084.94301110751,-0.0374444715144285
2017,UF,41,18,male,103397.02840632,8133.999593516,93754.1398449325,5343.33883698591,6904.02711331545,4,-9642.88856138749,-0.0932607900828036
2017,UF,41,19,combined,181277.88689315,11013.9705033227,177883.03843868,6525.69594689315,9938.49668577632,4,-3394.84845446999,-0.0187273170084501
2017,UF,41,19,female,88914.11742409,8500.63927255462,80442.5321098975,2236.82397270633,6801.41466462493,4,-8471.5853141925,-0.0952782928023222
2017,UF,41,19,male,92363.76946906,7000.98712573388,97440.5063287825,5008.70462706434,7018.30972622738,4,5076.7368597225,0.0549645915157577
2017,UF,42,14,combined,90568.89198883,5644.92795816167,93810.2790081575,993.778722193547,5132.36599024004,4,3241.38701932749,0.0357891870834332
2017,UF,42,14,female,41030.98234738,3560.18951261583,42382.18158496,345.270787808456,3467.88560180743,4,1351.19923758,0.0329311939485232
2017,UF,42,14,male,49537.90964145,3825.02791714279,51428.0974231975,1080.06635876035,3536.2130240916,4,1890.1877817475,0.0381563896302543
2017,UF,42,15,combined,104804.26957259,6041.71118349875,96060.4941671125,4173.57409225062,5059.95688822535,4,-8743.7754054775,-0.0834295724891375
2017,UF,42,15,female,49824.63585562,3812.61110776277,47458.4951115,900.378062508839,3532.62445399153,4,-2366.14074412,-0.0474893735495933
2017,UF,42,15,male,54979.63371697,4169.58938435398,48601.9990556125,3500.98417227785,3397.24347254644,4,-6377.6346613575,-0.11599994816606
2017,UF,42,16,combined,94314.1709344,5593.30271416492,103058.998064708,3787.61775239219,5245.99351402136,4,8744.8271303075,0.092720182382666
2017,UF,42,16,female,44186.52420316,3709.14076230083,53523.8477884425,3355.8539648601,3855.4790769458,4,9337.3235852825,0.211316091357436
2017,UF,42,16,male,50127.64673124,4049.47199729328,49535.150276265,2343.69852092854,3537.04938953592,4,-592.496454975,-0.0118197540401543
2017,UF,42,17,combined,116439.0496724,6183.49716192124,109943.810305618,3337.83863779459,5575.96348631011,4,-6495.2393667825,-0.055782311733536
2017,UF,42,17,female,57978.03455164,4449.05463564802,51787.57799537,2089.82617845892,3728.56436304708,4,-6190.45655627,-0.106772445877866
2017,UF,42,17,male,58461.01512076,4127.04187784454,58156.2323102475,2477.65584361783,4044.46069810985,4,-304.782810512501,-0.00521343684988922
2017,UF,42,18,combined,120263.60893403,6269.04569880062,108464.61149006,6668.399824341,5389.95189431064,4,-11798.99744397,-0.0981094576202372
2017,UF,42,18,female,59388.72849203,4502.33920438441,53660.03745763,3183.88075557237,3880.10736573817,4,-5728.6910344,-0.0964609140464893
2017,UF,42,18,male,60874.880442,4329.75599425965,54804.57403243,3751.49652078038,3617.4345925136,4,-6070.30640957,-0.0997177549342973
2017,UF,42,19,combined,110413.34914608,6027.26515831412,113242.396197718,2125.25906228613,5771.51143013036,4,2829.04705163751,0.0256223280383842
2017,UF,42,19,female,54023.30073577,4248.26410730149,55033.2259739925,1164.83117801443,4059.70641750773,4,1009.9252382225,0.0186942527477557
2017,UF,42,19,male,56390.04841031,4306.11947905997,58209.170223725,1727.0730791824,3776.82374185341,4,1819.121813415,0.0322596249639396
2017,UF,43,14,combined,144029.34610821,9910.35381086986,145856.66253753,4809.69624484142,8611.3295668105,4,1827.31642932,0.0126871118886225
2017,UF,43,14,female,70534.55738383,6659.71780133664,72279.18598417,2972.90160762096,6060.3700640523,4,1744.62860034,0.0247343807780093
2017,UF,43,14,male,73494.78872438,6617.27126450634,73577.47655336,4656.35507668897,6131.06139224367,4,82.6878289799934,0.00112508424631424
2017,UF,43,15,combined,151325.98093694,9036.67766279733,150014.093368977,10540.1879288883,8981.66191078491,4,-1311.88756796252,-0.00866928177065117
2017,UF,43,15,female,75911.50958953,6528.77276319951,76535.7067512625,5121.79181166837,6067.84222047025,4,624.197161732504,0.0082226946230904
2017,UF,43,15,male,75414.47134741,6326.2990289664,73478.386617715,5530.75636007348,6331.38512026342,4,-1936.08472969499,-0.0256725890283853
2017,UF,43,16,combined,157169.50278543,10268.7153020509,163132.296491633,11702.8540664598,9091.48922306245,4,5962.7937062025,0.037938617864962
2017,UF,43,16,female,78048.56299317,7704.48116512907,82076.02642254,3624.78818586452,6641.72203120069,4,4027.46342937001,0.0516020189855699
2017,UF,43,16,male,79120.93979226,7349.49098534403,81056.2700690925,8863.41014042199,6271.77720669999,4,1935.33027683249,0.0244604055754886
2017,UF,43,17,combined,161722.57644614,9243.91176953377,169801.812011998,4039.86087164528,9229.76839675712,4,8079.2355658575,0.0499573760411132
2017,UF,43,17,female,77309.81779204,6436.83452377998,83262.670141345,3460.65425526735,6466.37037066445,4,5952.852349305,0.0769999531665941
2017,UF,43,17,male,84412.7586541,6965.26946788128,86539.1418706525,1229.8781904003,6505.26420991564,4,2126.38321655249,0.0251903059496707
2017,UF,43,18,combined,169755.84950438,11057.5844949218,168348.06803651,12131.7036934285,9320.06513117113,4,-1407.78146786999,-0.00829297766162497
2017,UF,43,18,female,74955.02206043,7031.03276677306,77566.64009293,7731.22721006069,6339.53452734842,4,2611.6180325,0.0348424689995351
2017,UF,43,18,male,94800.82744395,8108.03445497017,90781.42794358,5338.09856306688,6604.56205565544,4,-4019.39950037,-0.0423983588407646
2017,UF,43,19,combined,165548.45085434,9865.7962230923,148961.939782568,10949.3286734535,8904.45305486719,4,-16586.5110717725,-0.100191279267037
2017,UF,43,19,female,86504.30690855,7818.92742687279,75052.712356435,8283.93852960663,6400.05873388655,4,-11451.594552115,-0.132381784923395
2017,UF,43,19,male,79044.14394579,6496.03814637497,73909.2274261325,3006.80317191394,5861.62888168817,4,-5134.91651965749,-0.0649626431931392
2017,UF,50,14,combined,36518.14841533,3488.76637377886,38787.8137247475,1933.75363791014,3060.19377180882,4,2269.66530941751,0.0621517083397558
2017,UF,50,14,female,20515.66774119,2804.55291810146,19327.6633828325,1848.01477652286,2254.251003336,4,-1188.0043583575,-0.0579071748160701
2017,UF,50,14,male,16002.48067414,2131.97613394262,19460.150341915,1552.02406523934,2140.68554952474,4,3457.669667775,0.216070854149669
2017,UF,50,15,combined,41440.58383203,3768.27559246208,38925.99245717,1621.09450584319,3189.04167254097,4,-2514.59137486,-0.0606794389058881
2017,UF,50,15,female,20316.90674945,2655.7504199159,20358.98471171,1083.88775894677,2419.96082081814,4,42.0779622599985,0.00207108113350658
2017,UF,50,15,male,21123.67708258,2595.74881360855,18567.00774546,2368.90207869679,2094.38157174631,4,-2556.66933712,-0.121033346946418
2017,UF,50,16,combined,43709.05207049,4121.59186113278,39943.8253412225,1830.86337018983,3431.21541731952,4,-3765.2267292675,-0.0861429509657469
2017,UF,50,16,female,20952.16186429,2636.24995712286,19232.646347215,1376.14487619146,2176.52226367864,4,-1719.515517075,-0.0820686441911119
2017,UF,50,16,male,22756.8902062,2727.95332516659,20711.1789940075,1169.92048656864,2374.67656959007,4,-2045.7112121925,-0.0898941460654918
2017,UF,50,17,combined,34905.67998519,3012.41273262708,36901.246877025,2746.65103022878,3036.09807951224,4,1995.566891835,0.0571702626243548
2017,UF,50,17,female,18869.83426886,2313.02532307339,18387.6143531475,2380.71421142535,2225.02879446445,4,-482.2199157125,-0.0255550689445262
2017,UF,50,17,male,16035.84571633,1966.30852561804,18513.6325238775,518.614071205166,2101.10597822456,4,2477.7868075475,0.154515505535468
2017,UF,50,18,combined,40191.3094468,3931.22643722629,38057.9550881175,901.555672160616,3270.66640256728,4,-2133.3543586825,-0.0530799913724222
2017,UF,50,18,female,17860.33237102,2342.81470467097,19308.406303015,1801.87595150125,2144.22818003428,4,1448.073931995,0.0810776586859398
2017,UF,50,18,male,22330.97707578,2981.12218488793,18749.5487851025,1125.04350064344,2307.29531130852,4,-3581.4282906775,-0.16037938145402
2017,UF,50,19,combined,37194.92681625,3503.67956607006,38075.233134355,109.979084889318,3083.90999602778,4,880.306318105002,0.0236673759960298
2017,UF,50,19,female,18741.97675271,2750.43924469631,17512.66439567,374.287624498131,2246.81225963778,4,-1229.31235704,-0.0655913926935295
2017,UF,50,19,male,18452.95006354,2242.58794465561,20562.568738685,341.699491381638,2173.09511615695,4,2109.618675145,0.114324195745441
2017,UF,51,14,combined,61874.36196972,4911.2125874259,60303.961203615,1623.43787958266,4667.98549127583,4,-1570.400766105,-0.0253804761150268
2017,UF,51,14,female,33894.20091005,3502.08210590894,30289.4028443475,2223.2627670368,2930.42871937299,4,-3604.7980657025,-0.106354419603196
2017,UF,51,14,male,27980.16105967,3016.23968842612,30014.5583592675,2603.76470053099,3224.48718913554,4,2034.3972995975,0.072708562872779
2017,UF,51,15,combined,52324.38904084,4431.5808690955,54722.261799875,3825.86216478719,4153.68797010643,4,2397.872759035,0.0458270569994315
2017,UF,51,15,female,25835.36507085,3424.32146795277,28142.306166835,801.915220496663,2925.97605557296,4,2306.941095985,0.0892939228711701
2017,UF,51,15,male,26489.02396999,3325.06177060509,26579.95563304,3054.52623333666,2937.16157047178,4,90.9316630499998,0.00343280534431991
2017,UF,51,16,combined,54417.81756295,4577.98645435824,56857.6432579175,4454.97187996552,4213.35391708537,4,2439.82569496751,0.0448350522720824
2017,UF,51,16,female,28095.01556141,3306.74876573863,28079.7733800725,1244.97625409337,2948.78651383917,4,-15.2421813375004,-0.00054252261594887
2017,UF,51,16,male,26322.80200154,3190.0996882271,28777.869877845,3256.4244539104,2973.90950582186,4,2455.067876305,0.0932677256836628
2017,UF,51,17,combined,54299.54786582,4445.70439056441,54555.4858565775,3132.11462107666,4215.27535462142,4,255.937990757499,0.00471344607490929
2017,UF,51,17,female,28146.27882519,3337.69917615269,27717.9288815,1320.65654010637,3042.96814564651,4,-428.349943689998,-0.0152187060446029
2017,UF,51,17,male,26153.26904063,2833.26224877143,26837.5569750775,2272.09033155989,2817.1463312299,4,684.287934447501,0.0261645277836754
2017,UF,51,18,combined,52845.37076535,4316.66638129346,57303.9153799625,2233.9961169937,4176.31515099412,4,4458.5446146125,0.0843696344644801
2017,UF,51,18,female,23577.19616673,2708.61730196055,28620.67230953,2542.32577876974,2904.4212918634,4,5043.4761428,0.213913312979806
2017,UF,51,18,male,29268.17459862,3275.74919706833,28683.2430704325,507.496919751453,2886.94512245415,4,-584.931528187499,-0.019985241177804
2017,UF,51,19,combined,46655.56622193,4005.12637230908,49506.848287845,1504.82343096938,3951.15749855005,4,2851.282065915,0.0611134382626951
2017,UF,51,19,female,20768.80635096,2741.71298618164,24117.152808445,1425.22912785318,2664.43104121771,4,3348.346457485,0.161219975809069
2017,UF,51,19,male,25886.75987097,3185.84182142761,25389.6954794,2086.14582814698,2810.20712086025,4,-497.064391570002,-0.0192014911888383
2017,UF,52,14,combined,111789.36026893,8143.5316904137,105485.095186208,3462.76871714772,7632.48886830141,4,-6304.2650827225,-0.0563941422292464
2017,UF,52,14,female,54154.64164078,6318.79749575706,51187.8615551175,4744.83296163561,5511.32759958265,4,-2966.7800856625,-0.0547834866185953
2017,UF,52,14,male,57634.71862815,5375.4621224056,54297.23363109,1770.81195863307,5104.33193129829,4,-3337.48499706,-0.0579075438641928
2017,UF,52,15,combined,107410.26729316,9122.64819419989,108444.621322292,8492.54147007217,8477.92661020599,4,1034.3540291325,0.00962993627331168
2017,UF,52,15,female,53868.59522015,6452.49553166071,51533.9104885675,7209.63055019085,5339.86715161727,4,-2334.68473158249,-0.0433403678347488
2017,UF,52,15,male,53541.67207301,5732.5744457249,56910.710833725,1285.96018805799,5927.32437848235,4,3369.038760715,0.0629236747802898
2017,UF,52,16,combined,126029.18248479,9042.59068468784,113287.794083233,2628.79856332817,7560.51777931617,4,-12741.3884015575,-0.101098714998768
2017,UF,52,16,female,63314.68041667,6374.17709916486,53809.668664325,2373.02566451386,5063.59100192726,4,-9505.011752345,-0.150123347220473
2017,UF,52,16,male,62714.50206812,6425.31288373594,59478.1254189075,2574.51991503269,5499.40291115052,4,-3236.37664921249,-0.0516049166060055
2017,UF,52,17,combined,116003.77801427,9142.26104861704,112797.736123945,1891.42767795671,7758.09469859603,4,-3206.04189032501,-0.0276373920333062
2017,UF,52,17,female,58609.87232843,6892.80704425214,54112.2838857225,3651.03419003987,5202.0043594,4,-4497.5884427075,-0.076737728031628
2017,UF,52,17,male,57393.90568584,5790.21294890969,58685.4522382225,2517.56109170156,5493.38275835339,4,1291.5465523825,0.0225032002431077
2017,UF,52,18,combined,102440.30526469,7403.69995109306,110552.55508663,2716.70200286762,7175.80351251724,4,8112.24982194,0.079190019992416
2017,UF,52,18,female,51595.76002871,5759.71307431803,54133.450127935,1594.32085987625,5233.64925153375,4,2537.690099225,0.0491840821380076
2017,UF,52,18,male,50844.54523598,5083.6504568344,56419.104958695,4260.3336705457,5126.98535603024,4,5574.559722715,0.109639287692363
2017,UF,52,19,combined,110800.28209605,8482.50474651089,113247.700018515,5096.89789886996,7680.02986872305,4,2447.417922465,0.022088553171222
2017,UF,52,19,female,58107.15265298,5833.12719999069,60918.09486467,4802.87414767244,5633.87347513939,4,2810.94221169,0.0483751497595682
2017,UF,52,19,male,52693.12944307,5668.43094125706,52329.605153845,2643.25642164374,5002.85087882844,4,-363.524289225003,-0.00689889351927288
2017,UF,53,14,combined,39682.32897831,5073.18127521418,42162.7245813075,2642.47187977493,4916.51081097146,4,2480.3956029975,0.062506301088156
2017,UF,53,14,female,17480.55201285,2858.07363436563,19071.74432568,2635.2118902338,2747.04334024261,4,1591.19231283,0.09102643392842
2017,UF,53,14,male,22201.77696546,3980.55707909462,23090.9802556275,419.160635905238,4070.58233623079,4,889.203290167498,0.0400509964382968
2017,UF,53,15,combined,45544.15983759,5200.53674731589,45135.950735045,2969.74260501823,4176.76165326673,4,-408.209102544999,-0.00896292969286663
2017,UF,53,15,female,24059.97539811,3424.47796310195,22907.8877845325,1303.78041948823,2828.67329668935,4,-1152.0876135775,-0.0478839896763984
2017,UF,53,15,male,21484.18443948,3568.80542247332,22228.0629505125,2114.9080954602,2940.83474656783,4,743.878511032501,0.0346244705321709
2017,UF,53,16,combined,53418.74726161,5042.38104704396,47400.1138684775,3920.86378026055,4075.39030423167,4,-6018.6333931325,-0.112668935564085
2017,UF,53,16,female,27975.8047139,3433.56140036359,24468.5128219,4138.96308686479,2836.22316302163,4,-3507.291892,-0.125368758034595
2017,UF,53,16,male,25442.94254771,3335.74185717492,22931.6010465775,521.580169143558,2765.50830798951,4,-2511.3415011325,-0.0987048371635196
2017,UF,53,17,combined,50688.69360102,5225.64124370243,47735.5460896425,2815.25298811829,4029.15517594385,4,-2953.1475113775,-0.0582604778616365
2017,UF,53,17,female,25023.484375,3750.16047360564,24994.4713217625,1186.52209361708,2896.1120887011,4,-29.0130532375006,-0.00115943298713773
2017,UF,53,17,male,25665.20922602,3220.0881637136,22741.07476788,2544.62117324547,2590.88110073791,4,-2924.13445814,-0.113933786098866
2017,UF,53,18,combined,53296.23128184,5179.02744673636,47294.3826830975,1969.64928538593,4195.48998944111,4,-6001.8485987425,-0.112613001977638
2017,UF,53,18,female,31446.90629881,4060.46917289877,27688.2049289775,1677.77204273018,3428.2561757149,4,-3758.7013698325,-0.119525314640402
2017,UF,53,18,male,21849.32498303,3233.39549005827,19606.17775412,1451.71703958682,2500.88728158745,4,-2243.14722891,-0.102664372041343
2017,UF,53,19,combined,53609.21703939,4950.42854037131,46469.944667055,2645.80587944309,3913.87214989095,4,-7139.272372335,-0.133172479782522
2017,UF,53,19,female,29021.56799483,4054.63483956003,22247.91552821,3092.38298469291,2945.20420281853,4,-6773.65246662,-0.233400637340707
2017,UF,53,19,male,24587.64904456,3120.23233162191,24222.029138845,1819.37155303229,2792.07629883418,4,-365.619905714997,-0.0148700636263511
2018,Brazil,Brazil,14,combined,3094101.63248687,55502.9162511372,3059863.39534583,15948.0183622132,48200.0547183447,4,-34238.2371410374,-0.0110656472242376
2018,Brazil,Brazil,14,female,1478570.77478866,37230.7964463427,1507195.109271,33954.362600042,33287.6007047201,4,28624.334482335,0.0193594618332873
2018,Brazil,Brazil,14,male,1615530.85769821,40907.2903169692,1552668.28607484,25825.750482582,33891.5912256491,4,-62862.5716233726,-0.0389114026041808
2018,Brazil,Brazil,15,combined,3122615.92133784,52878.8586316638,3170481.06686373,22110.3548794715,48969.2247873261,4,47865.1455258876,0.0153285407913313
2018,Brazil,Brazil,15,female,1529735.52991569,36349.0934432828,1545204.5574702,20075.4550486419,33094.9891457745,4,15469.0275545102,0.0101122234869989
2018,Brazil,Brazil,15,male,1592880.39142215,38081.1152370577,1625276.50939353,19073.9858148252,34647.1240541324,4,32396.1179713777,0.0203380731822895
2018,Brazil,Brazil,16,combined,3263281.01743754,61847.2778754053,3202360.32377351,14837.8371894181,51801.5911558021,4,-60920.6936640325,-0.0186685404470222
2018,Brazil,Brazil,16,female,1620418.36172867,40596.8171048078,1569567.79323045,16712.5014232309,35692.0106397746,4,-50850.5684982175,-0.0313811356987895
2018,Brazil,Brazil,16,male,1642862.65570887,40737.6265313804,1632792.53054305,9620.85527743844,34518.7330743747,4,-10070.125165815,-0.00612962083642342
2018,Brazil,Brazil,17,combined,3277357.84184358,53926.0619304142,3297272.21596414,104614.063987521,50744.7022995701,4,19914.3741205577,0.00607635024357165
2018,Brazil,Brazil,17,female,1620241.69086675,36749.2315109439,1635463.78371978,57877.9608588587,34974.5654946093,4,15222.0928530276,0.00939495196231159
2018,Brazil,Brazil,17,male,1657116.15097683,37845.2435246891,1661808.43224436,48191.5329450606,35523.5334133953,4,4692.28126753005,0.00283159467413559
2018,Brazil,Brazil,18,combined,3567767.23203439,58578.2395350308,3475249.30745046,41200.1444518749,51298.4200394989,4,-92517.9245839301,-0.0259316033157172
2018,Brazil,Brazil,18,female,1727287.44487262,41162.8795442376,1701574.88602705,19213.2282307776,36045.745384866,4,-25712.5588455652,-0.014886091438858
2018,Brazil,Brazil,18,male,1840479.78716177,39685.0279149486,1773674.4214234,25927.3586904553,34804.1344020853,4,-66805.3657383651,-0.0362977991958209
2018,Brazil,Brazil,19,combined,3189985.35486218,57277.8189492984,3300456.44061876,40307.508248413,53809.5364477473,4,110471.085756575,0.034630593393852
2018,Brazil,Brazil,19,female,1616063.19782909,39862.574627004,1628932.37029021,22767.8188773236,37051.3416865851,4,12869.1724611223,0.00796328539528024
2018,Brazil,Brazil,19,male,1573922.15703309,38707.300369305,1671524.07032854,24371.6848683851,35535.6788823216,4,97601.9132954525,0.0620119062809537
2018,UF,11,14,combined,25320.38396497,2550.45616357714,25593.3382639775,2252.6762701466,2414.94589854275,4,272.954299007502,0.0107800221112415
2018,UF,11,14,female,13783.22434626,2073.32555195585,13590.605715535,1056.25112837621,1912.19485771687,4,-192.618630725001,-0.0139748600099705
2018,UF,11,14,male,11537.15961871,1743.90242278249,12002.7325484425,1217.45566950018,1561.67084001355,4,465.5729297325,0.0403542071982321
2018,UF,11,15,combined,29883.58493365,3608.91289906344,30549.176495355,1288.23364499235,5119.1474213962,4,665.591561705001,0.0222728150984162
2018,UF,11,15,female,13757.7065802,2273.69625502326,17287.565811285,1762.84614179967,4518.00848688669,4,3529.859231085,0.256573231192847
2018,UF,11,15,male,16125.87835345,2370.70822193496,13261.61068407,1485.32779854747,1892.08942244098,4,-2864.26766938,-0.177619327555402
2018,UF,11,16,combined,27326.9292251,3019.07292464995,29761.9444724125,1578.41464704874,4155.5331604576,4,2435.0152473125,0.089106801106504
2018,UF,11,16,female,13231.05168061,1972.11590032991,16009.39273603,1424.66789783361,2721.45997875544,4,2778.34105542,0.209986410943556
2018,UF,11,16,male,14095.87754449,1964.10575185148,13752.5517363825,697.257105068705,2108.96897412942,4,-343.3258081075,-0.0243564692601706
2018,UF,11,17,combined,31461.92348442,3495.11238322507,28806.27544286,1771.97302287121,2837.18877506411,4,-2655.64804156,-0.0844083179744265
2018,UF,11,17,female,17645.16810785,2387.74145025961,13579.74336707,527.540551642941,1767.56836797728,4,-4065.42474078,-0.230398753694581
2018,UF,11,17,male,13816.75537657,2044.88200199166,15226.53207579,1584.8458721523,2163.99346450723,4,1409.77669922,0.10203384664468
2018,UF,11,18,combined,31930.58245319,2931.80550323747,35030.86099881,1614.94080240484,5711.98905873942,4,3100.27854562,0.0970943311217384
2018,UF,11,18,female,18995.35516328,2573.58953949198,20214.13730403,1780.94572361505,3694.85374322547,4,1218.78214075,0.0641621138574989
2018,UF,11,18,male,12935.22728991,1724.93761185621,14816.72369478,649.33723101896,2579.32228502708,4,1881.49640487,0.145455225695001
2018,UF,11,19,combined,30714.53634979,2760.9735544308,33356.613746855,1621.0843841063,5984.97366907211,4,2642.077397065,0.0860204226095396
2018,UF,11,19,female,12793.02353975,1806.30239543217,17773.7272724525,1775.36323307556,4825.19692741728,4,4980.7037327025,0.389329677790918
2018,UF,11,19,male,17921.51281004,2226.27721784392,15582.8864744025,534.347528650747,2203.74136727353,4,-2338.6263356375,-0.130492685546465
2018,UF,12,14,combined,17201.6468552,1528.29953101137,16505.96304019,889.880447695139,1266.15472240445,4,-695.683815010001,-0.0404428611322002
2018,UF,12,14,female,8384.13948998,960.416141961789,7822.34860351,306.371704927277,824.11883408119,4,-561.79088647,-0.0670063859435311
2018,UF,12,14,male,8817.50736522,1034.37813517499,8683.61443668,862.064750956411,916.580072618451,4,-133.892928540001,-0.0151848955712962
2018,UF,12,15,combined,15720.7310113,1271.26742042868,16936.7184735525,888.43506778466,1254.71251022065,4,1215.9874622525,0.0773492951045631
2018,UF,12,15,female,6358.19014785,780.908166816042,8071.49147285,421.471852975204,834.817522643815,4,1713.301325,0.269463681513103
2018,UF,12,15,male,9362.54086345,1046.65730627945,8865.2270007025,995.357864817012,975.74572067768,4,-497.3138627475,-0.0531174037049004
2018,UF,12,16,combined,15898.17303172,1381.96254485988,16444.140790675,893.237103854029,1255.35354219538,4,545.967758954999,0.0343415408717521
2018,UF,12,16,female,8026.92217101,1004.29515973338,8576.7663748825,679.496622313286,922.342459493597,4,549.8442038725,0.0685000043800493
2018,UF,12,16,male,7871.25086071,950.859981283979,7867.3744157925,304.351571244148,842.701724266691,4,-3.87644491749961,-0.000492481434793193
2018,UF,12,17,combined,17198.21501449,1416.34470457414,17169.8578806825,1143.85983905961,1241.3249766322,4,-28.3571338075017,-0.0016488416840707
2018,UF,12,17,female,8386.80581941,1053.36944108641,7896.0853864925,577.92599313196,833.751919977781,4,-490.720432917499,-0.0585110044853788
2018,UF,12,17,male,8811.40919508,972.370770531961,9273.77249419,763.408316002216,912.656901708914,4,462.36329911,0.0524732524473121
2018,UF,12,18,combined,16951.35207672,1500.87055747559,17509.095502995,275.113816168402,1311.99944391718,4,557.743426274999,0.0329025922976948
2018,UF,12,18,female,8330.23511278,1043.57047348562,8766.46336069,625.784986581271,932.669913709215,4,436.22824791,0.0523668590386784
2018,UF,12,18,male,8621.11696394,1044.23543167532,8742.632142305,534.466827717515,886.885621874501,4,121.515178365,0.0140950620288842
2018,UF,12,19,combined,15399.75559684,1373.72756324404,16540.6305877525,1188.4298476606,1260.59118929389,4,1140.8749909125,0.0740839673550798
2018,UF,12,19,female,7309.68065536,930.209492727241,8016.669990055,681.533301876666,876.690848887194,4,706.989334695,0.0967195925551937
2018,UF,12,19,male,8090.07494148,975.265747225653,8523.9605976975,593.686368888593,904.869928021821,4,433.8856562175,0.0536318463495129
2018,UF,13,14,combined,74899.92153413,5713.72774028006,76386.65577072,1427.43339811621,5023.98818132899,4,1486.73423659,0.0198496100681832
2018,UF,13,14,female,37780.88666502,3650.92090693791,37214.2755441775,858.973320250511,3319.32186220687,4,-566.611120842499,-0.0149972954808153
2018,UF,13,14,male,37119.03486911,4069.11842425643,39172.3802265425,1147.73424240128,3685.99941464145,4,2053.3453574325,0.0553178541595451
2018,UF,13,15,combined,75828.97291555,6301.05394219871,74513.2176865025,3902.5999870022,5803.04503757376,4,-1315.7552290475,-0.0173516161232046
2018,UF,13,15,female,36036.27448366,4091.36835430034,36267.4094172875,2597.735913665,3673.38416644486,4,231.134933627502,0.00641395196754608
2018,UF,13,15,male,39792.69843189,4107.5819135122,38245.808269215,2091.420704152,3833.92697569839,4,-1546.890162675,-0.0388737186376714
2018,UF,13,16,combined,73117.45147095,6451.9532862147,70608.7473243425,5445.14151860491,5474.44798718966,4,-2508.70414660752,-0.0343106070594411
2018,UF,13,16,female,36263.12805194,3688.6045273005,35349.1399616175,2011.85074044317,3501.48829082587,4,-913.988090322506,-0.0252043367305047
2018,UF,13,16,male,36854.32341901,5013.36521345429,35259.607362725,3765.40557274939,3746.95646078583,4,-1594.716056285,-0.0432707999589112
2018,UF,13,17,combined,84372.42804202,6964.97030656373,82223.46023071,6417.45573015383,5858.32400168902,4,-2148.96781130999,-0.0254700245231741
2018,UF,13,17,female,35929.39788751,4203.54795991333,38528.7351831375,4181.38784422475,3574.3300944936,4,2599.3372956275,0.072345695960886
2018,UF,13,17,male,48443.03015451,4731.81872833866,43694.7250475725,3882.7598503405,4215.19102816999,4,-4748.3051069375,-0.0980183339438653
2018,UF,13,18,combined,81789.40331144,5861.11821042723,78737.4132987425,3747.68477578573,5775.63862191452,4,-3051.9900126975,-0.0373152253119642
2018,UF,13,18,female,41222.88802373,4149.97580936765,35952.2317707375,1139.83129191486,3886.46284518896,4,-5270.6562529925,-0.127857520558929
2018,UF,13,18,male,40566.51528771,3891.21338201191,42785.181528005,3999.89227672734,3802.25673326705,4,2218.666240295,0.0546920588214085
2018,UF,13,19,combined,69434.65225535,6494.39153631378,74549.08150127,1926.2846654173,5669.37998722366,4,5114.42924592001,0.0736581674969926
2018,UF,13,19,female,35766.13739883,5003.14356208453,38224.6194047975,3759.46298554504,4208.8593092357,4,2458.4820059675,0.0687376995327409
2018,UF,13,19,male,33668.51485652,3748.4622064859,36324.4620964725,2848.29086393755,3415.27882606777,4,2655.9472399525,0.0788851914398646
2018,UF,14,14,combined,10366.74441096,1217.78371152374,9067.2219380075,744.916282471847,1014.41449233829,4,-1299.5224729525,-0.125354925465184
2018,UF,14,14,female,5050.06298072,630.098387450389,4168.0580702725,153.379837597771,584.35777864369,4,-882.0049104475,-0.174652259548999
2018,UF,14,14,male,5316.68143024,928.357819735451,4899.163867735,654.821610666825,759.778375563148,4,-417.517562505,-0.0785297309954026
2018,UF,14,15,combined,9205.74126819,1083.21998964924,9268.6289032425,638.420685740029,959.164499186646,4,62.8876350525006,0.00683134939603461
2018,UF,14,15,female,4807.60412481,779.733646405082,4680.848875395,409.380130604426,679.0907640448,4,-126.755249415,-0.0263655754767473
2018,UF,14,15,male,4398.13714338,760.301268323563,4587.7800278475,374.180030819519,696.474971259926,4,189.642884467499,0.0431189110946543
2018,UF,14,16,combined,9833.67194577,1190.24599383714,9714.4849553525,619.119874552007,1188.20846748964,4,-119.1869904175,-0.0121202935256315
2018,UF,14,16,female,5389.15592103,933.513548641924,4712.7181647375,539.968285454347,773.552816314838,4,-676.4377562925,-0.125518312367406
2018,UF,14,16,male,4444.51602474,800.00780251014,5001.766790615,428.169545288897,789.12243722085,4,557.250765875,0.125379403015562
2018,UF,14,17,combined,8443.48738674,1002.16181866345,9999.903635915,684.620846746882,979.92370331194,4,1556.416249175,0.184333342123452
2018,UF,14,17,female,4719.27502298,701.943996378905,5166.2937487,390.135245428789,697.481260526934,4,447.01872572,0.0947219061282274
2018,UF,14,17,male,3724.21236376,619.309566245631,4833.609887215,478.335975166317,670.898147292736,4,1109.397523455,0.297887825691804
2018,UF,14,18,combined,11935.35226515,1191.01836826896,11247.37394916,179.274535864718,1103.23123919594,4,-687.978315990002,-0.0576420620611951
2018,UF,14,18,female,7113.6009037,968.026919340112,5874.0731951325,724.453142472307,760.640151114179,4,-1239.5277085675,-0.174247575222105
2018,UF,14,18,male,4821.75136145,754.830522397486,5373.3007540275,713.530657370023,830.951930406484,4,551.5493925775,0.114387771419976
2018,UF,14,19,combined,11853.81474458,1329.74828453426,11663.2325018675,487.310509552772,1231.11015891629,4,-190.5822427125,-0.0160777139527713
2018,UF,14,19,female,5091.0769793,830.919816619841,5380.1676054675,268.251406122482,766.4770533139,4,289.0906261675,0.0567837860914153
2018,UF,14,19,male,6762.73776528,983.681801914006,6283.0648964,287.082334729335,868.245417903743,4,-479.67286888,-0.0709287991828764
2018,UF,15,14,combined,158666.63521211,11607.8837544302,170634.858662675,5464.31513260793,10526.4948806533,4,11968.223450565,0.0754299946839205
2018,UF,15,14,female,76866.43402428,6378.27985558663,84249.3367290925,2179.33780467901,6932.09263853967,4,7382.9027048125,0.096048461185027
2018,UF,15,14,male,81800.20118783,9339.2391383852,86385.5219335825,5971.94467796064,7540.79506414309,4,4585.3207457525,0.0560551279724076
2018,UF,15,15,combined,161160.71329427,11391.5604400932,157471.059309858,4142.55193917816,9002.29780133315,4,-3689.65398441252,-0.022894252010882
2018,UF,15,15,female,77940.39148081,8738.43871318562,73956.123420965,1686.81695334768,6194.13008018806,4,-3984.268059845,-0.0511194258092221
2018,UF,15,15,male,83220.32181346,7313.88969363311,83514.9358888925,4539.26577413236,6586.64654807054,4,294.614075432502,0.00354016986491455
2018,UF,15,16,combined,164581.644707,11142.8752006806,162080.181323253,9875.62534622445,9836.88245150081,4,-2501.4633837475,-0.0151989208043265
2018,UF,15,16,female,82688.07622314,7351.40306719333,78265.6107296,2728.96890403654,6275.90016880747,4,-4422.46549354,-0.0534837148902297
2018,UF,15,16,male,81893.56848386,8033.42356292274,83814.5705936525,7653.90323931663,7012.12392271317,4,1921.00210979251,0.0234573012918726
2018,UF,15,17,combined,146298.72572994,9308.38939600527,155364.32797867,7334.87144109462,9407.08033617805,4,9065.60224872999,0.0619663787466245
2018,UF,15,17,female,71916.87034998,6824.82592646936,81715.5303505825,4213.19908155616,6519.50095669039,4,9798.6600006025,0.136249811107155
2018,UF,15,17,male,74381.85537996,6658.2422549606,73648.7976280875,6065.18277890819,6500.26158693054,4,-733.057751872504,-0.00985533028354661
2018,UF,15,18,combined,180453.65747087,11039.0189955118,173676.792922303,3190.38981269577,10180.7412640429,4,-6776.86454856751,-0.0375545979147664
2018,UF,15,18,female,84295.71185848,8025.65928446525,87245.8768514225,1506.39273331025,7238.36280118896,4,2950.1649929425,0.0349978062691421
2018,UF,15,18,male,96157.94561239,7431.76546308274,86430.91607088,3481.2507521016,6568.02084924568,4,-9727.02954151,-0.101156794475616
2018,UF,15,19,combined,142545.60004721,10253.4203610612,155080.27413894,1025.13816317338,9522.8122533513,4,12534.67409173,0.0879344861404254
2018,UF,15,19,female,65788.03357602,6776.73083739168,71155.7990212125,2201.15210533303,6337.0570426809,4,5367.76544519251,0.0815918207828768
2018,UF,15,19,male,76757.56647119,7383.57353642746,83924.4751177275,2413.6610550774,6960.30792336609,4,7166.9086465375,0.0933707121789421
2018,UF,16,14,combined,13980.55591282,1615.09094885001,12673.030195985,1978.75868943696,1616.64848109542,4,-1307.525716835,-0.093524586932628
2018,UF,16,14,female,7506.34355401,1463.8323017819,6094.49993376,837.547288074993,1018.5735792279,4,-1411.84362025,-0.188086730921844
2018,UF,16,14,male,6474.21235881,1196.63518544243,6578.530262225,1403.099109245,1216.28754399963,4,104.317903415,0.0161128331345273
2018,UF,16,15,combined,14510.00713096,2130.00764510554,14505.8687709925,1315.49786311575,1905.35170831742,4,-4.13835996750095,-0.00028520730073736
2018,UF,16,15,female,8168.32771504,1470.11790659817,7273.46047543,854.640059124498,1250.06542157056,4,-894.86723961,-0.109553297912169
2018,UF,16,15,male,6341.67941592,1017.08780256615,7232.4082955625,547.548744952264,1168.3026057966,4,890.7288796425,0.14045630837258
2018,UF,16,16,combined,16402.72923991,2434.46171545707,14076.3726725775,1715.25873972362,1978.53548142846,4,-2326.3565673325,-0.141827407701894
2018,UF,16,16,female,9611.62966883,1796.22822225128,8215.2085379725,1969.17878710765,1484.76475172355,4,-1396.4211308575,-0.145284533317593
2018,UF,16,16,male,6791.09957108,1776.69405742269,5861.164134605,1077.52655712236,1217.28470729061,4,-929.935436475,-0.136934442904525
2018,UF,16,17,combined,14824.38143913,2118.47067781782,15444.80318113,875.145821356698,2174.09905548331,4,620.421741999999,0.0418514421358824
2018,UF,16,17,female,7651.35140635,1343.89879385304,7731.054075605,757.106796687941,1307.82282815479,4,79.7026692549998,0.0104168094003437
2018,UF,16,17,male,7173.03003278,1360.58118114861,7713.749105525,977.42587960104,1601.68466864301,4,540.719072745001,0.0753822401793901
2018,UF,16,18,combined,16409.93392556,2266.1182288893,18495.32249564,2916.30608356635,3653.93519310429,4,2085.38857008,0.127080863307549
2018,UF,16,18,female,7238.93719384,1366.64985703302,7729.2821084725,837.078604853152,1193.53677829373,4,490.3449146325,0.0677371417243074
2018,UF,16,18,male,9170.99673172,1425.53636962818,10766.0403871675,2116.31859927697,3488.04516652263,4,1595.0436554475,0.173922606463338
2018,UF,16,19,combined,17901.01221739,2749.83276759896,15647.1112785475,1946.87292475191,1958.70680919845,4,-2253.9009388425,-0.125909133599325
2018,UF,16,19,female,7383.98364169,1366.56783530291,7060.7771295,604.807288274519,1145.07081960351,4,-323.20651219,-0.043771293095122
2018,UF,16,19,male,10517.0285757,2207.30799872243,8586.3341490475,1354.73102658114,1492.31763116726,4,-1930.6944266525,-0.183577938650223
2018,UF,17,14,combined,25410.86616937,2688.45286468018,24755.09000355,1360.80717495343,2464.47559613403,4,-655.77616582,-0.0258069190341282
2018,UF,17,14,female,12060.75680968,1755.85269759688,11408.0887569225,963.824762240263,1628.28726250685,4,-652.668052757501,-0.0541150164170185
2018,UF,17,14,male,13350.10935969,2136.95101943245,13347.0012466275,748.239694500346,1790.29951079903,4,-3.10811306249889,-0.000232815550701306
2018,UF,17,15,combined,25537.02774149,3198.16011463185,26430.11146834,1221.13119544466,2728.75526969732,4,893.08372685,0.0349721093578564
2018,UF,17,15,female,12936.3167861,2256.23175322148,13761.9514596325,1115.78089110305,1913.50163973758,4,825.634673532501,0.063823009839991
2018,UF,17,15,male,12600.71095539,1777.59065172836,12668.1600087075,769.686077243576,1769.09511585291,4,67.4490533174994,0.0053527974378817
2018,UF,17,16,combined,29358.17264908,3184.88688474679,30544.1551513425,2574.00445428378,3038.28586192318,4,1185.9825022625,0.0403970136846942
2018,UF,17,16,female,17387.20277605,2247.70614390019,16291.583929055,832.347373811677,2061.30452439379,4,-1095.618846995,-0.063012944698854
2018,UF,17,16,male,11970.96987303,1817.91252178003,14252.5712222875,1997.56095638594,2024.15343510721,4,2281.6013492575,0.190594527716408
2018,UF,17,17,combined,25178.70992296,2457.83667473525,24578.4509020075,1512.99867427732,2300.75343737734,4,-600.259020952501,-0.0238399434597376
2018,UF,17,17,female,10450.78006396,1760.54252132767,12000.0434949325,1643.28642402862,1664.69368873203,4,1549.2634309725,0.148243807781891
2018,UF,17,17,male,14727.929859,1902.26571466145,12578.407407075,837.154253935872,1622.08842936978,4,-2149.522451925,-0.145948715977315
2018,UF,17,18,combined,24123.47912149,2876.8540456594,26189.2535277425,1109.13126768341,2527.52838987842,4,2065.7744062525,0.0856333531265911
2018,UF,17,18,female,10793.20062867,1928.93845274739,11658.97607004,762.198875020942,1607.51606649195,4,865.775441370001,0.0802148937239469
2018,UF,17,18,male,13330.27849282,1981.1646644838,14530.2774577025,1728.60840523706,1848.82419768355,4,1199.9989648825,0.0900205472472949
2018,UF,17,19,combined,23894.24233839,2587.64967242019,25882.817050055,1168.63456530819,2324.09147747576,4,1988.574711665,0.0832240120236009
2018,UF,17,19,female,12920.89231958,1822.75002649076,13034.840288705,1042.83471366929,1656.62834655822,4,113.947969125,0.00881889317754982
2018,UF,17,19,male,10973.35001881,1844.55760290645,12847.97676135,2110.49540850603,1629.53826926469,4,1874.62674254,0.170834498063636
2018,UF,21,14,combined,123345.93891797,5756.0342011846,134949.330188008,7561.40505053862,6060.20529641485,4,11603.3912700375,0.0940719359861068
2018,UF,21,14,female,60777.04497408,4011.44223143915,70352.1030076625,3703.41162549707,4188.31653338343,4,9575.0580335825,0.157543987827411
2018,UF,21,14,male,62568.89394389,4125.13666552429,64597.227180345,4498.08002229109,3979.18118071097,4,2028.333236455,0.0324175977646968
2018,UF,21,15,combined,134547.22372804,6483.28117450951,137920.591991883,4903.2920862249,6317.37532990946,4,3373.36826384251,0.0250720020106925
2018,UF,21,15,female,60777.98115405,4419.65371913614,68717.81323562,2354.90396042998,4482.85154903187,4,7939.83208156999,0.130636653781662
2018,UF,21,15,male,73769.24257399,4827.49824329356,69202.7787562625,3671.01540240097,4181.40992514152,4,-4566.46381772751,-0.0619020022219609
2018,UF,21,16,combined,138358.06449417,6359.89158898841,130865.645171515,2954.51910475394,5483.02793344373,4,-7492.41932265498,-0.054152386057487
2018,UF,21,16,female,63700.27034392,4274.75630254152,65127.8465409825,2806.47501612229,3836.44725742291,4,1427.5761970625,0.022410834198269
2018,UF,21,16,male,74657.79415025,4660.90594534254,65737.7986305325,1235.25945051767,3832.46554792419,4,-8919.9955197175,-0.11947842313377
2018,UF,21,17,combined,139146.44175206,6875.07448747212,134389.384049575,2019.17131316227,5908.38054457308,4,-4757.05770248501,-0.0341874189708813
2018,UF,21,17,female,67443.92452633,4342.19287899872,63483.95163935,2324.90745349555,3924.94192477619,4,-3959.97288698,-0.0587150423821204
2018,UF,21,17,male,71702.51722573,4827.64363376647,70905.432410225,2849.97758921161,4065.79645389815,4,-797.084815505004,-0.011116552756379
2018,UF,21,18,combined,141659.20970595,6603.07080304608,139904.6988761,5010.55658681999,6099.00177486666,4,-1754.51082984998,-0.0123854342650359
2018,UF,21,18,female,66818.29618146,4548.04352926895,65244.816161615,3881.12372852879,3971.42072721736,4,-1573.480019845,-0.0235486402642154
2018,UF,21,18,male,74840.91352449,4395.74391045338,74659.882714485,2473.24981462974,4466.40354542058,4,-181.030810004988,-0.00241887493724605
2018,UF,21,19,combined,126244.64806742,6310.88890005465,123618.017718713,3392.30411950931,5815.95006753644,4,-2626.63034870749,-0.0208058748542335
2018,UF,21,19,female,67320.9241981,4466.6979411333,62218.0555206825,3628.21677735012,3952.47511458919,4,-5102.86867741749,-0.0757991477122578
2018,UF,21,19,male,58923.72386932,3916.92176488711,61399.96219803,2222.30924734101,3912.44023882621,4,2476.23832871,0.0420244710636714
2018,UF,22,14,combined,54046.06725723,4486.49109990199,53530.765030595,1443.6310445463,4196.85485534335,4,-515.302226635002,-0.00953449996985798
2018,UF,22,14,female,22673.62178605,2803.4721847592,23596.2220287525,807.534783792572,2767.7188559181,4,922.600242702498,0.0406904662787544
2018,UF,22,14,male,31372.44547118,3392.1507379088,29934.5430018425,2149.91912235406,3164.52924655862,4,-1437.9024693375,-0.0458332924877793
2018,UF,22,15,combined,50313.90074739,4450.24598374043,51658.5980567125,2845.02521765489,4349.52109059639,4,1344.6973093225,0.0267261589609956
2018,UF,22,15,female,28786.21285001,3356.52352096365,26254.1702818825,1579.04441187958,3334.43255992328,4,-2532.0425681275,-0.0879602531017421
2018,UF,22,15,male,21527.68789738,2638.79595929961,25404.42777483,2276.28299538351,2715.89083871494,4,3876.73987745,0.180081571970477
2018,UF,22,16,combined,53124.79701362,4389.2324298987,58801.806695605,3246.35518327847,4757.84685694978,4,5677.009681985,0.106861767029991
2018,UF,22,16,female,25535.09561231,2906.75209235278,28288.59127998,2198.84265635535,3095.14285738973,4,2753.49566767,0.107831813496034
2018,UF,22,16,male,27589.70140131,3420.61663990696,30513.215415625,3785.18069817551,3334.47273687309,4,2923.514014315,0.105963959949787
2018,UF,22,17,combined,58024.02802155,4561.1211738486,57520.5006605925,3314.93214708045,4163.12510257498,4,-503.527360957502,-0.00867791117104956
2018,UF,22,17,female,28837.56324491,3097.59201478689,24856.119945935,2376.7175224392,2686.22053667459,4,-3981.443298975,-0.138064484338071
2018,UF,22,17,male,29186.46477664,3192.56927537291,32664.3807146575,2551.97875850825,3232.3950345484,4,3477.9159380175,0.119161945944242
2018,UF,22,18,combined,65803.62746883,6114.19525879335,62128.931038605,4983.92280088312,5111.19187402972,4,-3674.69643022501,-0.0558433717345695
2018,UF,22,18,female,35662.82350092,4663.50315959651,32412.4754965625,2567.14462457336,3563.9217648965,4,-3250.3480043575,-0.0911410731198457
2018,UF,22,18,male,30140.80396791,3412.56412939527,29716.4555420425,2772.61368740665,3154.00425618789,4,-424.348425867498,-0.0140788688423603
2018,UF,22,19,combined,49743.88380031,4615.14614305869,52378.25878501,2776.21276938494,4196.82728660359,4,2634.3749847,0.0529587716808631
2018,UF,22,19,female,22821.66104807,2949.85920789118,24776.507000295,2831.90060592319,2854.2210224043,4,1954.845952225,0.085657479011166
2018,UF,22,19,male,26922.22275224,3474.32202566834,27601.751784715,511.532449807116,2859.24609233269,4,679.529032475002,0.0252404505648949
2018,UF,23,14,combined,135446.46289519,9106.66847493976,142543.655809613,4571.0792123719,8244.98421136557,4,7097.19291442249,0.0523985105459297
2018,UF,23,14,female,70663.10489003,7056.98149176866,69424.2939940325,5224.68017784098,5446.44408988821,4,-1238.81089599749,-0.0175312264855245
2018,UF,23,14,male,64783.35800516,5428.55927238114,73119.36181558,3410.91908196416,6022.53196523876,4,8336.00381041999,0.12867508056245
2018,UF,23,15,combined,133741.74256102,8578.19237057971,136018.495539638,2839.74818225829,8574.9209930117,4,2276.7529786175,0.017023503171261
2018,UF,23,15,female,70574.77704638,5692.0623282975,70998.7299849725,2284.69745929159,5679.25182378637,4,423.952938592513,0.00600714527675945
2018,UF,23,15,male,63166.96551464,6161.22813418721,65019.765554665,4353.89777867193,5489.20521842742,4,1852.80004002501,0.0293317879833185
2018,UF,23,16,combined,156329.04206351,11940.2422626066,149388.38431152,5063.81784903209,10576.0464389107,4,-6940.65775198999,-0.0443977501580947
2018,UF,23,16,female,74759.49138376,7825.84210450223,72306.569558815,5484.97914434008,6678.78454505275,4,-2452.92182494501,-0.0328108415338665
2018,UF,23,16,male,81569.55067975,7195.07718557104,77081.814752705,2683.86111527753,6589.82475245105,4,-4487.735927045,-0.055017293703925
2018,UF,23,17,combined,152958.45207794,9185.80466005121,161818.66529047,10458.3070785153,9476.15983239407,4,8860.21321253001,0.0579256202724599
2018,UF,23,17,female,73683.22117234,5823.13687956243,76714.45419302,7618.09083151859,7325.63736802381,4,3031.23302068001,0.0411387147908499
2018,UF,23,17,male,79275.2309056,7122.09537104074,85104.21109745,4450.5443524989,5887.06611603957,4,5828.98019185,0.0735283912170635
2018,UF,23,18,combined,164528.05185638,9956.96233062289,165571.136822655,10035.720117494,10495.2007171408,4,1043.08496627497,0.00633986092040705
2018,UF,23,18,female,74712.57542265,7082.98681588297,80564.48984589,8772.08380905747,8736.96228256006,4,5851.91442324,0.0783256953750509
2018,UF,23,18,male,89815.47643373,6686.55877854537,85006.646976765,6172.2388432283,5546.42559814605,4,-4808.829456965,-0.0535412119147771
2018,UF,23,19,combined,144149.44176617,9406.9366515044,144747.749387715,5986.52167488784,7946.55906604146,4,598.307621545013,0.0041506065803262
2018,UF,23,19,female,73956.51487363,7109.02101295648,70491.926765205,4221.06953537049,5456.64765694775,4,-3464.588108425,-0.0468462868260486
2018,UF,23,19,male,70192.92689254,5453.2028151917,74255.82262251,2764.42507618604,5361.562553994,4,4062.89572997,0.0578818395219504
2018,UF,24,14,combined,58758.55742243,5806.3331571951,53486.33541912,3823.58929722081,4701.72463004136,4,-5272.22200331,-0.0897268795318897
2018,UF,24,14,female,30035.83814713,4008.78534132788,27083.48929532,2904.3296252501,3428.16011905979,4,-2952.34885181,-0.0982942056535255
2018,UF,24,14,male,28722.7192753,4160.43064921726,26402.8461238,1522.01809239401,3148.8546668144,4,-2319.8731515,-0.0807678802715231
2018,UF,24,15,combined,47737.35284584,5306.13932995035,56764.9562068425,2787.5461889893,5180.55466339304,4,9027.6033610025,0.189109844237817
2018,UF,24,15,female,24129.42805923,4161.11394933468,26056.181535215,1653.74443504683,3495.32025621383,4,1926.753475985,0.0798507727267899
2018,UF,24,15,male,23607.92478661,3238.82889285874,30708.7746716275,2052.62614041793,3672.07473888704,4,7100.8498850175,0.300782468141587
2018,UF,24,16,combined,51157.11004558,4533.26986847772,55030.0952546525,4872.7785937535,4542.30760934125,4,3872.9852090725,0.0757076622510878
2018,UF,24,16,female,22551.56456138,2998.62909028925,26501.681397025,2113.18045475982,3268.29982536687,4,3950.116835645,0.175159325415925
2018,UF,24,16,male,28605.5454842,3367.05274111151,28528.4138576275,3959.3700965299,2994.27005530277,4,-77.1316265725,-0.002696387195801
2018,UF,24,17,combined,49967.49351804,4659.06850817214,56978.486422795,2021.02534259815,4429.76923816875,4,7010.992904755,0.140311078485932
2018,UF,24,17,female,24359.28271891,3494.52691263105,25135.16288442,3992.41563013656,3280.4542204909,4,775.880165510003,0.0318515193761305
2018,UF,24,17,male,25608.21079913,3126.45848037464,31843.323538375,2123.62559672227,3023.33539960983,4,6235.112739245,0.243480998659103
2018,UF,24,18,combined,64670.37303283,5633.71964623447,58512.0370751025,2913.93000704195,4715.80753383807,4,-6158.3359577275,-0.0952265414427285
2018,UF,24,18,female,30353.22274308,4514.02468879959,26689.21788922,1520.44502880329,3446.8241004476,4,-3664.00485386,-0.120712218431413
2018,UF,24,18,male,34317.15028975,3663.25543716311,31822.8191858825,2597.98292824803,3221.04935700392,4,-2494.3311038675,-0.0726846804821238
2018,UF,24,19,combined,56569.78159471,6867.39417175727,60005.4431677625,1897.40327771687,5632.20613446789,4,3435.66157305249,0.0607331595809762
2018,UF,24,19,female,30973.90154384,6000.20432355779,32546.342057135,1531.62002043069,4511.15935814999,4,1572.440513295,0.0507666272222565
2018,UF,24,19,male,25595.88005087,3595.20533201025,27459.1011106275,1788.76774138026,3277.77743373973,4,1863.2210597575,0.0727937877523445
2018,UF,25,14,combined,64526.08219041,5482.64294795897,61254.64437995,4219.71289909249,4695.38475919927,4,-3271.43781046,-0.0506994644554169
2018,UF,25,14,female,27475.18491815,3477.49705330066,26347.259513535,3102.42033340786,2853.34525718343,4,-1127.925404615,-0.0410525136764375
2018,UF,25,14,male,37050.89727226,4506.51739447067,34907.384866415,2432.22441211639,3862.65728211553,4,-2143.512405845,-0.0578531847715831
2018,UF,25,15,combined,65292.58861904,5757.81913727272,67621.18354968,4816.54056256206,4956.47393138448,4,2328.59493064001,0.0356640007677834
2018,UF,25,15,female,33865.86803753,3888.99234459385,33848.3679954025,2423.00185827304,3566.96764552138,4,-17.5000421275035,-0.000516745713061602
2018,UF,25,15,male,31426.72058151,4514.66658149898,33772.8155542775,3525.49301730886,3632.8905427101,4,2346.0949727675,0.074652872757835
2018,UF,25,16,combined,69431.92620181,6729.10612463584,73671.2408098825,3179.8206033295,5495.48630786396,4,4239.3146080725,0.061057136680186
2018,UF,25,16,female,33207.74521809,4032.13005449666,35349.799427875,2950.51986520895,3462.16018607214,4,2142.054209785,0.0645046568418656
2018,UF,25,16,male,36224.18098372,4539.19846667456,38321.4413820075,2066.33093956035,3932.04711979713,4,2097.2603982875,0.0578966961110883
2018,UF,25,17,combined,69559.29030882,6040.98709418886,71459.8432072575,3420.3076520136,5462.78576980619,4,1900.5528984375,0.0273227758650164
2018,UF,25,17,female,34020.27488356,3877.37398287199,35095.1897930225,2232.01391471997,3497.14013889285,4,1074.9149094625,0.0315963028853111
2018,UF,25,17,male,35539.01542526,4099.25168239834,36364.653414235,1973.6718052809,3859.52938215305,4,825.637988975002,0.0232318757032353
2018,UF,25,18,combined,71324.040477,7167.85399663933,70385.9540550525,2111.80381248487,5385.97945372741,4,-938.086421947504,-0.0131524576520593
2018,UF,25,18,female,33175.11636687,4408.41699264453,33638.2031622875,2375.89927200779,3607.8404001239,4,463.086795417497,0.0139588597157101
2018,UF,25,18,male,38148.92411013,4869.82464222949,36747.750892765,2178.65105262745,3794.50629837184,4,-1401.173217365,-0.0367290362716399
2018,UF,25,19,combined,71412.09742104,5524.66663874817,64760.9605192825,4722.6918979793,5161.83596217239,4,-6651.1369017575,-0.0931373974712286
2018,UF,25,19,female,37453.37486958,3822.20362575608,32551.43248814,2590.99609754642,3341.55055290799,4,-4901.94238144,-0.130881192910106
2018,UF,25,19,male,33958.72255146,4044.38990083366,32209.5280311425,2650.19412310895,3588.05777310814,4,-1749.1945203175,-0.0515094323017253
2018,UF,26,14,combined,153027.54293448,12527.8785212533,147293.163995005,7589.62703642736,9598.70066252557,4,-5734.37893947502,-0.0374728550789726
2018,UF,26,14,female,79562.09425197,9149.33236178365,73351.9059549375,4735.74718895565,7067.82323281091,4,-6210.18829703251,-0.0780546107467344
2018,UF,26,14,male,73465.44868251,7080.96557377854,73941.2580400675,3520.58994505764,6191.6157885056,4,475.809357557504,0.00647664127954588
2018,UF,26,15,combined,149719.02679035,14968.7870625585,159510.844256968,10747.1142526872,10404.9105612652,4,9791.8174666175,0.0654012898462724
2018,UF,26,15,female,60872.36783071,6061.04335596166,75199.489717305,5672.9491621533,6394.79319538102,4,14327.121886595,0.235363308462711
2018,UF,26,15,male,88846.65895964,13624.912043722,84311.3545396625,7176.71895553263,7786.86608288394,4,-4535.3044199775,-0.0510464262031253
2018,UF,26,16,combined,164275.1971939,11895.1826515432,162471.838929225,6291.81872522531,10110.9415427808,4,-1803.35826467501,-0.0109776661083319
2018,UF,26,16,female,81714.4911939,7553.72230922267,77887.4620299425,1638.49458992706,6651.9381089887,4,-3827.0291639575,-0.0468341552158277
2018,UF,26,16,male,82560.706,8645.34949452861,84584.3768992825,5210.58308666721,7096.71473534131,4,2023.67089928249,0.0245113080704819
2018,UF,26,17,combined,154728.30680486,9942.34126025428,153925.237674725,7278.03889497975,9553.26600751892,4,-803.069130135002,-0.00519018883304795
2018,UF,26,17,female,73942.14935046,7174.42154303517,77643.45208961,5969.36087479788,6896.10054278202,4,3701.30273915001,0.0500567372150237
2018,UF,26,17,male,80786.1574544,7177.89345538379,76281.785585115,2550.81997801062,6515.30327261278,4,-4504.37186928501,-0.0557567287666518
2018,UF,26,18,combined,162885.33451242,11562.6501410244,174482.073492563,2991.58481778796,9787.30768127008,4,11596.7389801425,0.0711957219160098
2018,UF,26,18,female,80491.90400059,7269.71570886709,81967.1061815125,3022.55273628502,6688.3432762068,4,1475.2021809225,0.0183273361369571
2018,UF,26,18,male,82393.43051183,8842.61497106004,92514.96731105,2485.03201969967,7403.94092190967,4,10121.53679922,0.122843978413628
2018,UF,26,19,combined,142701.02374201,10911.9786170387,144300.764578815,4986.19824950793,9258.95539404147,4,1599.74083680499,0.0112104370021702
2018,UF,26,19,female,80616.13277011,9154.5007454672,73691.01177705,4217.73489999947,6615.34395296468,4,-6925.12099305999,-0.0859024212040547
2018,UF,26,19,male,62084.8909719,6345.14530578606,70609.752801765,3385.10207451189,6196.61456637484,4,8524.861829865,0.137309765651733
2018,UF,27,14,combined,53841.28754366,3735.62892214196,54372.4250732225,610.453697514765,3416.53306569957,4,531.137529562504,0.00986487422188415
2018,UF,27,14,female,23965.31575021,2637.11906508639,24065.43314789,1922.87451083252,2244.48120442526,4,100.117397679998,0.00417759560205757
2018,UF,27,14,male,29875.97179345,2559.2910970579,30306.9919253325,2064.30067481249,2367.42964983292,4,431.020131882498,0.0144269828229318
2018,UF,27,15,combined,61339.2255374,3831.11165687616,56666.5416516975,888.528709488661,3190.48824125641,4,-4672.68388570251,-0.0761777450687482
2018,UF,27,15,female,33549.25000255,2852.66208713223,28365.9601393075,1148.95132599445,2239.17766117685,4,-5183.2898632425,-0.154497935508202
2018,UF,27,15,male,27789.97553485,2335.12657412758,28300.58151239,1897.85765646957,2184.12770109152,4,510.605977539999,0.0183737469253859
2018,UF,27,16,combined,65570.63945517,3887.14408910338,63693.1107730175,1376.11137112381,3416.56652302769,4,-1877.52868215251,-0.0286336796125979
2018,UF,27,16,female,31121.15623219,2622.96505322776,31086.86259163,1809.99504625144,2395.17127018554,4,-34.2936405599976,-0.0011019397963282
2018,UF,27,16,male,34449.48322298,2669.0947073643,32606.2481813875,1634.44658898197,2372.9745475882,4,-1843.2350415925,-0.0535054482432105
2018,UF,27,17,combined,60847.52116227,3630.16807243056,61944.746012805,1043.29691944762,3504.76731314158,4,1097.224850535,0.0180323672941234
2018,UF,27,17,female,29641.68623524,2360.54912683003,31461.2224552825,2097.6576163701,2413.97192591784,4,1819.5362200425,0.0613843694856778
2018,UF,27,17,male,31205.83492703,2567.64981802297,30483.5235575225,2492.23745357951,2315.96651612784,4,-722.311369507497,-0.0231466766134125
2018,UF,27,18,combined,54954.98376122,3526.07505021082,57006.805866725,1189.08513712762,3386.43664740937,4,2051.822105505,0.0373364154636127
2018,UF,27,18,female,24267.40640097,2271.35905343581,27614.406622375,1677.70084599329,2313.49225938706,4,3347.000221405,0.137921628957894
2018,UF,27,18,male,30687.57736025,2651.9868337566,29392.39924435,1407.91197229141,2273.5349914142,4,-1295.1781159,-0.0422052904566413
2018,UF,27,19,combined,59619.68550947,3619.21731172095,56178.67655312,664.17626081101,3320.22081971027,4,-3441.00895635,-0.0577159863717065
2018,UF,27,19,female,30157.31652442,2654.11885805614,29700.5359994175,738.656460495052,2399.24877991949,4,-456.780525002498,-0.0151465905340954
2018,UF,27,19,male,29462.36898505,2473.11454675173,26478.1405537025,1371.76987600774,2138.40474949211,4,-2984.2284313475,-0.101289493484444
2018,UF,28,14,combined,38086.79277205,3463.16033026077,35722.2550390175,1872.09813696482,3039.14438470864,4,-2364.5377330325,-0.0620828786289329
2018,UF,28,14,female,23111.89782865,2813.92464579279,18470.7507398525,1951.35361822865,2201.28809312639,4,-4641.1470887975,-0.200812028644581
2018,UF,28,14,male,14974.8949434,2095.82307946511,17251.504299165,1359.10449985869,1962.7357118112,4,2276.609355765,0.152028402494295
2018,UF,28,15,combined,39729.50320524,3390.74547536954,34817.150141885,1580.18830887932,2864.4492393786,4,-4912.353063355,-0.123644965757012
2018,UF,28,15,female,18931.20554941,2277.92200731358,19184.8654952475,1639.73406459334,2092.04244233814,4,253.659945837502,0.013399038174059
2018,UF,28,15,male,20798.29765583,2406.28446848794,15632.2846466375,2873.9844520995,1870.41471507158,4,-5166.0130091925,-0.248386338857133
2018,UF,28,16,combined,37383.38726659,2933.39054056343,38486.0405752975,1929.43498355081,3112.68342772978,4,1102.6533087075,0.029495810554678
2018,UF,28,16,female,18509.90534514,2144.52293013205,19161.510488465,2127.2840238482,2122.65978308848,4,651.605143325,0.0352030510785992
2018,UF,28,16,male,18873.48192145,2235.42104956748,19324.5300868325,2119.27321807537,2077.78480886789,4,451.048165382501,0.0238985136531632
2018,UF,28,17,combined,39052.18326014,3286.36380731187,40556.96057595,5439.14121643822,3073.94346698712,4,1504.77731581,0.0385324760407416
2018,UF,28,17,female,20566.52037965,2421.94197500687,19696.376579795,3633.94119081169,2205.21341799242,4,-870.143799854999,-0.0423087514947829
2018,UF,28,17,male,18485.66288049,2392.21954683531,20860.583996155,2009.10515586571,2202.14266194093,4,2374.921115665,0.128473678819034
2018,UF,28,18,combined,41137.55931611,3532.71688850972,40654.5089970625,1444.73713597985,3214.52562017052,4,-483.050319047499,-0.0117423183844145
2018,UF,28,18,female,19794.6393764,2428.67219660415,20628.31684628,813.858295204602,2096.52523799222,4,833.677469880004,0.0421163252346971
2018,UF,28,18,male,21342.91993971,2341.88497190799,20026.1921507825,1296.60401525985,2310.6893198046,4,-1316.7277889275,-0.061693891587797
2018,UF,28,19,combined,39818.64391965,3576.32264099493,40340.8971255325,3788.62006772328,3199.17609883165,4,522.253205882502,0.0131157958803508
2018,UF,28,19,female,18846.00999859,2400.88362246874,18194.33825281,2451.41809505074,2143.03799811145,4,-651.671745780004,-0.0345787647267915
2018,UF,28,19,male,20972.63392106,2556.55773678414,22146.5588727225,1722.31180318501,2238.06821211301,4,1173.9249516625,0.0559741306733859
2018,UF,29,14,combined,265939.74892672,16793.0913566376,238516.796310975,6429.7766636877,14423.8642947973,4,-27422.952615745,-0.103117163667404
2018,UF,29,14,female,125623.96246547,11848.1933552678,116869.70321826,4736.64075558157,9841.40942192602,4,-8754.25924721001,-0.0696862212861362
2018,UF,29,14,male,140315.78646125,11480.9114020671,121647.093092715,4512.45200083613,9439.66398314399,4,-18668.693368535,-0.133047705032752
2018,UF,29,15,combined,246200.59736845,15323.9830286582,252673.220159338,10362.9410877408,17173.6368022803,4,6472.62279088752,0.026290036905154
2018,UF,29,15,female,118621.90440053,10527.869628138,120218.504099153,7572.6232319474,11166.1477211143,4,1596.59969862251,0.0134595689277719
2018,UF,29,15,male,127578.69296792,10684.9977762218,132454.716060185,5808.92699707803,10844.0761070305,4,4876.02309226499,0.0382197291634825
2018,UF,29,16,combined,263267.7664801,15931.9719101666,252870.1806618,5726.49326898023,14690.3082596535,4,-10397.5858183,-0.0394943367253656
2018,UF,29,16,female,134833.26041793,11575.2848517386,127140.007820703,10781.3894249599,11235.5184149451,4,-7693.25259722749,-0.057057528486528
2018,UF,29,16,male,128434.50606217,10236.2903512297,125730.172841097,8012.46128667772,9190.64793755365,4,-2704.33322107251,-0.0210561266126055
2018,UF,29,17,combined,270285.54696515,17629.2853663689,253674.100539535,4322.62136160518,15034.3661002702,4,-16611.446425615,-0.0614588778872325
2018,UF,29,17,female,136069.4996679,12121.8598579955,133009.221047845,9400.84701434943,11145.5410215848,4,-3060.278620055,-0.0224905553965004
2018,UF,29,17,male,134216.04729725,12635.8893663076,120664.87949169,9876.25169691701,10547.6895793898,4,-13551.16780556,-0.100965332226988
2018,UF,29,18,combined,301531.9118548,17870.4599516005,275579.052601813,16926.0531545584,15301.6782160118,4,-25952.8592529875,-0.0860700252034513
2018,UF,29,18,female,152797.77644615,12368.2783385743,138599.978802688,8236.67805949995,10536.1303145086,4,-14197.7976434625,-0.0929188760051505
2018,UF,29,18,male,148734.13540865,12134.8225252847,136979.073799125,8993.3803269854,10511.22694061,4,-11755.061609525,-0.0790340534620902
2018,UF,29,19,combined,232556.23665803,15487.3546146039,245310.18312269,12306.0755003061,14738.6612135219,4,12753.94646466,0.0548424185390241
2018,UF,29,19,female,110834.08064672,10387.1466475105,109632.395852065,8041.67660214815,9629.18151581207,4,-1201.684794655,-0.0108421957185293
2018,UF,29,19,male,121722.15601131,10856.6259727359,135677.787270625,6737.93745568104,10518.7817086116,4,13955.631259315,0.114651528666797
2018,UF,31,14,combined,286320.97848658,16525.9789607863,282311.656993718,4752.6362927911,14683.5286150267,4,-4009.32149286248,-0.014002891140058
2018,UF,31,14,female,130563.42049169,11410.991962042,142776.534979075,3285.34236022715,10494.3961998113,4,12213.114487385,0.0935416247628281
2018,UF,31,14,male,155757.55799489,11228.5442711955,139535.122014643,5676.78907887057,9741.10333537557,4,-16222.4359802475,-0.104151838209865
2018,UF,31,15,combined,330419.21698335,17290.1621982192,316019.097500543,6838.14870495754,15857.3212184157,4,-14400.1194828075,-0.0435813619264557
2018,UF,31,15,female,178919.74100399,14045.7335807003,160554.504903375,7002.45817901126,11512.06007696,4,-18365.236100615,-0.102645107787214
2018,UF,31,15,male,151499.47597936,10251.9840932329,155464.592597168,3718.56951532265,10211.4669338055,4,3965.11661780751,0.0261724774437352
2018,UF,31,16,combined,325192.56308392,16508.6250913379,317697.022598285,11432.3661035234,15540.8038903416,4,-7495.54048563499,-0.0230495445976748
2018,UF,31,16,female,152262.57163196,10987.0137987579,157088.635463408,8571.0279428294,10743.2520603195,4,4826.06383144751,0.0316956674231983
2018,UF,31,16,male,172929.99145196,12414.7414137886,160608.387134878,3501.75508894923,11033.153686866,4,-12321.6043170825,-0.0712519801431057
2018,UF,31,17,combined,305442.82014516,16677.2060995401,316918.462175543,14550.2463546008,15145.1201071207,4,11475.6420303825,0.0375705083685671
2018,UF,31,17,female,159323.34989637,11480.5767609482,162891.40236699,10271.8390663434,10767.4254117107,4,3568.05247061999,0.0223950379711498
2018,UF,31,17,male,146119.47024879,11269.0898327386,154027.059808553,4711.84509705619,10383.4575951484,4,7907.58955976251,0.0541172887247584
2018,UF,31,18,combined,329646.79659765,16212.6117146023,334140.069376743,28307.4435402334,15720.6046466722,4,4493.27277909248,0.0136305670962632
2018,UF,31,18,female,155638.08295897,12109.6410797701,163357.949292833,8986.81450812171,11121.5826633679,4,7719.8663338625,0.0496013969530687
2018,UF,31,18,male,174008.71363868,12222.1768656353,170782.12008391,20171.0206267977,11133.2752606215,4,-3226.59355476999,-0.0185427125303038
2018,UF,31,19,combined,311819.70737476,18073.3110024747,324508.647261225,8771.60272908167,15880.8253294777,4,12688.939886465,0.0406931941322581
2018,UF,31,19,female,155770.80488372,12432.2188499923,158417.334384213,6625.45579344401,10987.2009803341,4,2646.5295004925,0.0169898942389627
2018,UF,31,19,male,156048.90249104,12575.5335805786,166091.312877013,5061.46807667699,11142.4439597806,4,10042.4103859725,0.064354251940664
2018,UF,32,14,combined,52026.06624099,3759.5272593457,56379.0963897475,2676.23025138475,3607.76340134576,4,4353.0301487575,0.0836701765725247
2018,UF,32,14,female,25015.21595356,2638.64961150034,28053.11245677,1713.91586568925,2567.27239792038,4,3037.89650321,0.121441945928021
2018,UF,32,14,male,27010.85028743,2798.61455510513,28325.9839329775,1111.3237920831,2455.20180998232,4,1315.1336455475,0.0486890872206093
2018,UF,32,15,combined,60702.36061678,4864.97397894083,60442.0993730475,3503.6670553311,4220.37277221037,4,-260.261243732501,-0.00428749790103808
2018,UF,32,15,female,28365.90013052,3042.65669546482,28901.963374015,1550.71173083154,2758.11532246279,4,536.063243494998,0.0188981573307532
2018,UF,32,15,male,32336.46048626,3178.01831821485,31540.1359990325,1957.14128546477,2853.80913915639,4,-796.324487227499,-0.02462621063817
2018,UF,32,16,combined,60548.42803776,4154.02885215063,58320.43163146,3326.80878392224,3919.84789725126,4,-2227.9964063,-0.0367969322822146
2018,UF,32,16,female,30703.2715413,3436.0003735959,26337.8227033925,1957.72729101764,2630.08030725888,4,-4365.4488379075,-0.142181878958253
2018,UF,32,16,male,29845.15649646,2654.67746621282,31982.6089280675,3956.3221304439,2997.03976466276,4,2137.4524316075,0.0716180674697091
2018,UF,32,17,combined,63063.19190445,5508.26517078479,60605.3231515225,2180.98974691088,4621.012121096,4,-2457.8687529275,-0.038974696311781
2018,UF,32,17,female,33388.96422716,4708.02446884275,31158.8340182075,2102.59113476161,3402.2146809459,4,-2230.1302089525,-0.0667924345834729
2018,UF,32,17,male,29674.22767729,2887.61726645183,29446.489133315,250.844214463007,3074.1211590099,4,-227.738543975,-0.00767462413686643
2018,UF,32,18,combined,64638.98652961,4007.46524762417,63385.362330465,1854.34092129118,3649.93603539911,4,-1253.624199145,-0.0193942428006778
2018,UF,32,18,female,30296.48844446,3170.71820876975,29487.9965994925,2024.17135672745,2591.07023742527,4,-808.491844967499,-0.0266859918914246
2018,UF,32,18,male,34342.49808515,2886.24867714528,33897.3657309725,1213.67752386613,2784.07272832296,4,-445.132354177498,-0.0129615601367676
2018,UF,32,19,combined,53363.94813506,3875.58941762773,56176.981864615,3888.36355931975,3827.70444870724,4,2813.033729555,0.0527141230711684
2018,UF,32,19,female,29680.19007593,3065.70574113231,28414.13377026,3022.69100579773,2631.12630308708,4,-1266.05630567,-0.0426566104337972
2018,UF,32,19,male,23683.75805913,2388.20775434461,27762.848094355,1670.56526490878,2545.45223292996,4,4079.090035225,0.172231536272282
2018,UF,33,14,combined,228417.59268278,12832.9822172231,218947.25183556,5780.55812864747,10871.2040967386,4,-9470.34084721998,-0.0414606455483143
2018,UF,33,14,female,114294.99602191,8794.16061980521,107477.168199913,6117.59633113903,7700.26918132639,4,-6817.8278219975,-0.0596511488629874
2018,UF,33,14,male,114122.59666087,9421.36948088487,111470.083635648,993.617673554783,7803.73971366087,4,-2652.51302522249,-0.0232426627401826
2018,UF,33,15,combined,221568.08806187,12461.7975539119,228040.395043225,11902.358393283,10962.1485626059,4,6472.30698135501,0.0292113681079728
2018,UF,33,15,female,108873.47017011,8525.41380585837,116135.921885678,5891.98598228802,7624.13793224801,4,7262.4517155675,0.0667054306638728
2018,UF,33,15,male,112694.61789176,8829.99708059183,111904.473157548,8408.1467489711,7787.38311452535,4,-790.144734212503,-0.00701137950502139
2018,UF,33,16,combined,213283.46837952,11801.476631751,212350.845186518,13366.8234585831,10473.7834240575,4,-932.623193002481,-0.00437269329914945
2018,UF,33,16,female,98799.44425418,8061.64957624919,99466.765959165,5183.33396760239,7053.22320908751,4,667.321704985006,0.00675430626176598
2018,UF,33,16,male,114484.02412534,8484.66109468988,112884.079227353,10329.5662149637,7696.89884954264,4,-1599.9448979875,-0.0139752678175938
2018,UF,33,17,combined,243301.02306566,12711.9036251513,242284.292231578,30588.793013896,11798.1379220651,4,-1016.7308340825,-0.00417890077596636
2018,UF,33,17,female,116200.04769183,8807.36038314116,122346.55036414,18529.1930690079,8332.4639220505,4,6146.50267231,0.052895870478564
2018,UF,33,17,male,127100.97537383,8850.34503272066,119937.741867437,12547.5184988394,7627.00966994917,4,-7163.23350639251,-0.0563586037426068
2018,UF,33,18,combined,245134.76328218,13162.3420309383,258928.159635863,9549.71441209015,11869.5484816023,4,13793.3963536825,0.0562686261589288
2018,UF,33,18,female,122328.60091932,8714.83317526766,127386.10832436,6226.54302898018,8088.09678722425,4,5057.50740504,0.041343621745299
2018,UF,33,18,male,122806.16236286,9339.4610374695,131542.051311503,4954.11357192599,8592.45778470797,4,8735.88894864249,0.0711355910856511
2018,UF,33,19,combined,260051.7059756,13888.4047816169,253675.324827548,4721.53220982885,12197.9627853213,4,-6376.38114805252,-0.0245196666721763
2018,UF,33,19,female,124807.93556733,8665.16084948956,123521.285901447,5488.25906032061,8291.47392139048,4,-1286.64966588251,-0.0103090373222975
2018,UF,33,19,male,135243.77040827,10617.8443840527,130154.0389261,5388.07014480808,8546.67577131368,4,-5089.73148217001,-0.0376337591506454
2018,UF,35,14,combined,577123.59003281,35378.9799609525,585402.847885388,27287.4841049155,31348.7998049994,4,8279.25785257749,0.0143457276665936
2018,UF,35,14,female,278103.60794841,24368.7260161152,294964.211399968,26570.9286924142,22017.7422525659,4,16860.6034515575,0.0606270575773518
2018,UF,35,14,male,299019.9820844,26697.0341003392,290438.63648542,17417.2779976108,22197.6454328288,4,-8581.34559898003,-0.0286982346101469
2018,UF,35,15,combined,593273.68723022,32661.2830743325,632979.701280228,27419.4884862055,30452.3447711831,4,39706.0140500076,0.0669269763764184
2018,UF,35,15,female,279182.32131412,22247.7429179367,298646.70128413,9860.93996854387,20203.475972431,4,19464.37997001,0.0697192425307968
2018,UF,35,15,male,314091.3659161,24322.0917164543,334332.999996098,21825.2072920195,23030.5193522886,4,20241.6340799975,0.0644450509518447
2018,UF,35,16,combined,677871.77258563,46174.9310680088,645457.884021463,25180.7325570721,35896.5696328885,4,-32413.8885641674,-0.0478171386905963
2018,UF,35,16,female,351072.3427448,29373.0425356637,320234.671794175,20868.9991695744,24654.6588344204,4,-30837.670950625,-0.0878385084667332
2018,UF,35,16,male,326799.42984083,28756.5129131035,325223.212227288,7407.69071603373,23098.1661346852,4,-1576.21761354251,-0.00482319572684144
2018,UF,35,17,combined,685217.91637695,35168.8352569117,684900.68899109,11948.4761012211,34582.8177167421,4,-317.227385859936,-0.000462958393641045
2018,UF,35,17,female,337075.73335442,23601.5208886197,332103.909266123,20068.4115781717,22732.2698245145,4,-4971.82408829749,-0.0147498724954782
2018,UF,35,17,male,348142.18302253,25088.5536992675,352796.779724968,11820.7167486458,24766.3573428355,4,4654.5967024375,0.0133698153496564
2018,UF,35,18,combined,759014.44544226,40191.5578271178,685903.025685033,21887.6155828258,33478.8119416137,4,-73111.4197572275,-0.0963241479740576
2018,UF,35,18,female,370157.68367501,28423.4119238055,335121.215681615,4372.02577965248,23343.9536952653,4,-35036.467993395,-0.0946528183490478
2018,UF,35,18,male,388856.76176725,26347.8075996692,350781.810003418,23957.9712402566,22527.9696631365,4,-38074.9517638325,-0.097915107842775
2018,UF,35,19,combined,646946.6447644,38574.7007645298,703600.095092033,39353.795253019,38182.0917181584,4,56653.4503276325,0.0875705141778177
2018,UF,35,19,female,340278.29928584,26540.6290892391,359039.563599198,25372.7806600419,26196.7604364622,4,18761.2643133575,0.0551350596048374
2018,UF,35,19,male,306668.34547856,25908.1775782566,344560.531492835,17946.8693495406,24174.017837947,4,37892.186014275,0.123560799713918
2018,UF,41,14,combined,174933.24137822,15632.5155092453,168127.72036143,11051.4605235981,11063.5241357358,4,-6805.52101679001,-0.0389035323599585
2018,UF,41,14,female,77098.81070368,7179.9595945799,83342.71160129,3421.09655982234,6708.11449007123,4,6243.90089761,0.0809856966744621
2018,UF,41,14,male,97834.43067454,13894.9483544566,84785.00876014,8458.49922778789,8516.95383272662,4,-13049.4219144,-0.133382714290133
2018,UF,41,15,combined,166543.98161544,10154.5616493208,165228.716350023,3311.64683269717,8977.58328832678,4,-1315.26526541749,-0.00789740495369274
2018,UF,41,15,female,76953.59656983,7017.72710591288,75416.361631635,2985.87255515726,6017.01348592313,4,-1537.234938195,-0.0199761285595024
2018,UF,41,15,male,89590.38504561,7286.7047221583,89812.3547183875,6036.50164072482,6678.25150892005,4,221.969672777501,0.00247760596926218
2018,UF,41,16,combined,162049.1898102,10208.6496056475,165672.394224155,6778.47733344014,9368.64981671492,4,3623.20441395498,0.0223586703407691
2018,UF,41,16,female,80944.87975539,6983.57992946279,78153.5180390275,5340.47172942372,6450.78161606554,4,-2791.36171636249,-0.0344847225024955
2018,UF,41,16,male,81104.31005481,7095.54713472198,87518.8761851275,3592.55930559637,6567.82895442068,4,6414.5661303175,0.0790903236336338
2018,UF,41,17,combined,158217.93305692,10890.6474691044,162401.04903531,11747.9066968283,9221.49143159957,4,4183.11597838998,0.0264389497294537
2018,UF,41,17,female,76544.35698495,7213.04766273293,75619.9515491325,6793.68968399316,6148.0959498515,4,-924.405435817505,-0.0120767287391187
2018,UF,41,17,male,81673.57607197,6982.9333140162,86781.0974861775,10972.6504577503,6666.96584676464,4,5107.5214142075,0.0625357877033179
2018,UF,41,18,combined,194522.11637778,11889.4702195374,190775.184272245,8161.43040679823,10326.644478466,4,-3746.93210553503,-0.0192622421311628
2018,UF,41,18,female,94351.81445454,8407.25422005135,94073.253306395,7196.08647779521,7314.64295000034,4,-278.561148145003,-0.00295236662649681
2018,UF,41,18,male,100170.30192324,7794.2646633796,96701.93096585,2374.35426723469,7023.41073710601,4,-3468.37095739,-0.034624742970704
2018,UF,41,19,combined,170717.58819195,13627.0055805362,172401.718623415,3568.66460645148,10115.4555625131,4,1684.13043146499,0.00986500834097657
2018,UF,41,19,female,91387.97256419,9353.64550400574,84925.866491685,4651.63738905765,7287.09478825053,4,-6462.10607250501,-0.0707106842529643
2018,UF,41,19,male,79329.61562776,7933.39681646654,87475.85213173,2704.30821007399,6713.31204798852,4,8146.23650397001,0.102688465581313
2018,UF,42,14,combined,96445.84440549,5643.89249502178,94459.3364065625,2231.47393800976,5097.75604389954,4,-1986.5079989275,-0.0205971341862648
2018,UF,42,14,female,44927.19305179,3706.09671337853,44927.695205845,2719.91514834061,3394.70399162994,4,0.50215405500785,1.117706272967e-05
2018,UF,42,14,male,51518.6513537,4383.1327025942,49531.6412007175,1070.76340914815,3731.84077308758,4,-1987.0101529825,-0.0385687532722999
2018,UF,42,15,combined,83599.79874765,5030.66606027589,89588.42000214,1157.77130936986,4845.06978816429,4,5988.62125449,0.0716343979794371
2018,UF,42,15,female,42264.17922185,3471.55803665187,42291.218776405,1682.71762108706,3273.93122567552,4,27.0395545550055,0.000639774746673097
2018,UF,42,15,male,41335.6195258,3638.94248036111,47297.201225735,1547.3283850753,3480.78407838911,4,5961.581699935,0.144223838140711
2018,UF,42,16,combined,95906.62629833,5785.69745563428,94136.24772244,5731.28143550277,5108.8738839018,4,-1770.37857589,-0.018459397897941
2018,UF,42,16,female,46238.82423817,3808.82092579618,44517.726201305,3933.1362437754,3384.16944164439,4,-1721.098036865,-0.0372219247617511
2018,UF,42,16,male,49667.80206016,4336.42101792844,49618.521521135,3281.96540891488,3679.1712691266,4,-49.2805390249996,-0.000992202935924337
2018,UF,42,17,combined,98258.79844547,5515.01184612411,102189.14938213,4103.27652948809,5235.58372638871,4,3930.35093665999,0.0399999898110009
2018,UF,42,17,female,49939.80534477,3849.63443009683,51165.95766559,1816.23736704703,3636.95789504984,4,1226.15232082,0.0245526051284141
2018,UF,42,17,male,48318.9931007,3864.15540828794,51023.19171654,2355.54187322646,3813.54158703226,4,2704.19861584,0.0559655415460391
2018,UF,42,18,combined,110948.12605842,6118.3536086521,117592.918632333,1479.57397159543,5632.29217931166,4,6644.79257391249,0.0598909851835953
2018,UF,42,18,female,53947.7892699,4397.89563983188,56755.61807547,1955.74813544502,4028.11255765598,4,2807.82880557,0.0520471523220808
2018,UF,42,18,male,57000.33678852,4201.43061023006,60837.3005568625,3325.16747343776,3858.10765270099,4,3836.9637683425,0.0673147560965864
2018,UF,42,19,combined,107642.55911482,6290.80157754915,115462.27458641,2211.74947435182,5724.3491774393,4,7819.71547159,0.0726452021941328
2018,UF,42,19,female,51632.62333395,4258.65973290761,56640.2801202275,1975.74032266393,3933.90075558592,4,5007.6567862775,0.0969862939926357
2018,UF,42,19,male,56009.93578087,4334.91844364826,58821.9944661825,2643.76254038866,3946.48830848141,4,2812.0586853125,0.0502064258083465
2018,UF,43,14,combined,159881.27621732,10402.6741616109,148865.672865025,5909.05592291545,8857.30797834008,4,-11015.603352295,-0.068898645375597
2018,UF,43,14,female,66756.73000365,6290.00169417454,71474.49304609,2614.43282743277,5981.15715287707,4,4717.76304244001,0.070670972682186
2018,UF,43,14,male,93124.54621367,7842.96353797825,77391.179818935,3429.41484373941,6290.04688837716,4,-15733.366394735,-0.168949724153667
2018,UF,43,15,combined,151164.7841179,10726.0283553314,148865.95807026,3338.70125214302,9575.64457241451,4,-2298.82604764,-0.0152074179251104
2018,UF,43,15,female,75128.57577466,7808.41019330345,71444.915409445,1525.73577958817,6483.57069968292,4,-3683.66036521499,-0.049031414840922
2018,UF,43,15,male,76036.20834324,7046.29281232456,77421.042660815,3839.42752036939,6488.19292555814,4,1384.83431757501,0.0182128271220947
2018,UF,43,16,combined,158181.82089865,11547.3420823695,149043.859797465,6169.05757168096,9500.36506741318,4,-9137.96110118501,-0.0577687186129932
2018,UF,43,16,female,81850.78558882,8242.8516728469,73497.22861048,8296.37825990183,6383.20709932609,4,-8353.55697834,-0.10205836044512
2018,UF,43,16,male,76331.03530983,8181.24209450977,75546.631186985,3645.59039979327,6885.08175639886,4,-784.404122844993,-0.0102763459143594
2018,UF,43,17,combined,155067.8182467,9955.53135483167,154694.27006026,11202.898354516,8976.41768673344,4,-373.548186439992,-0.00240893430154352
2018,UF,43,17,female,80497.74864455,7213.59027369179,83488.1458218475,6111.12723396241,6874.44230585794,4,2990.39717729751,0.0371488299691717
2018,UF,43,17,male,74570.06960215,6922.78553598039,71206.1242384125,6730.6830262806,6203.9950906376,4,-3363.9453637375,-0.0451112005350805
2018,UF,43,18,combined,174497.22294499,11286.3329616908,168243.569386608,8964.54753416013,9712.31198855032,4,-6253.6535583825,-0.035838126549177
2018,UF,43,18,female,84633.08630057,7628.15996504115,83719.830171515,5153.01811431808,6853.15042910692,4,-913.256129054993,-0.0107907695320434
2018,UF,43,18,male,89864.13664442,7328.8077394298,84523.7392150925,3824.21573826015,6425.43900851452,4,-5340.3974293275,-0.0594274604835821
2018,UF,43,19,combined,161243.03403422,10650.5861163054,164164.204831158,11861.3364612141,10113.436079948,4,2921.17079693748,0.0181165705199862
2018,UF,43,19,female,83927.43746468,8205.98349295587,79401.6529659425,5912.24085806959,7090.58535907069,4,-4525.7844987375,-0.0539249694194718
2018,UF,43,19,male,77315.59656954,7281.92004266275,84762.551865215,7553.47584359256,7089.06308937002,4,7446.955295675,0.09631892691893
2018,UF,50,14,combined,35684.10870701,3597.11363941274,35853.59424146,911.864753668046,3077.00658424454,4,169.485534450003,0.0047496081754932
2018,UF,50,14,female,16944.97511147,2219.18583250001,18862.2707381075,1063.33427156759,2296.86805937166,4,1917.2956266375,0.113148329461971
2018,UF,50,14,male,18739.13359554,2398.76032048622,16991.3235033525,1481.88675274307,2052.14157158655,4,-1747.8100921875,-0.093270592435687
2018,UF,50,15,combined,37070.06685208,3301.02552088218,38056.1731614825,3233.56546415782,3177.72937486469,4,986.106309402494,0.02660114731752
2018,UF,50,15,female,18403.47661862,2212.23389642951,18870.727658235,959.670813887681,2183.95236578844,4,467.251039615003,0.0253892810199924
2018,UF,50,15,male,18666.59023346,2369.72332129306,19185.4455032475,3044.40622820901,2159.77363704861,4,518.855269787502,0.0277959318385556
2018,UF,50,16,combined,41444.7328066,3309.24646809802,40437.1235804875,2789.25956014509,3565.30568566932,4,-1007.6092261125,-0.0243121177982849
2018,UF,50,16,female,21277.85249383,2638.43285417261,19363.217666855,1549.69906274607,2475.23741881255,4,-1914.634826975,-0.0899825218513095
2018,UF,50,16,male,20166.88031277,2450.41702952468,21073.9059136325,1599.08503890925,2391.32837915975,4,907.0256008625,0.0449759995991128
2018,UF,50,17,combined,40672.69293157,3434.87038072384,42056.671007375,1767.31455571505,3441.90864232717,4,1383.978075805,0.034027205381593
2018,UF,50,17,female,18502.81585818,2297.55475785,20765.74206296,2352.60596089237,2304.46717423822,4,2262.92620478,0.122301720026013
2018,UF,50,17,male,22169.87707339,2736.14589766882,21290.928944415,970.454594975206,2435.11199035123,4,-878.948128975,-0.0396460533391943
2018,UF,50,18,combined,51537.66074188,4325.10167919173,42581.2592902,1393.43724493557,3412.43378277129,4,-8956.40145167999,-0.173783623912172
2018,UF,50,18,female,22312.64429327,2767.81827283914,20982.1188421075,1686.1146482155,2372.04333019617,4,-1330.5254511625,-0.0596310071399211
2018,UF,50,18,male,29225.01644861,3270.01789077757,21599.1404480925,1419.78449603119,2457.46067754821,4,-7625.8760005175,-0.260936585405419
2018,UF,50,19,combined,38747.11906656,3468.19618842771,43168.248001715,2049.91326342742,3426.66027686308,4,4421.128935155,0.11410213305305
2018,UF,50,19,female,19702.84457871,2632.91564194188,22494.55102831,2041.27699533647,2510.07141364855,4,2791.7064496,0.14169052790563
2018,UF,50,19,male,19044.27448785,2392.52397714389,20673.696973405,1322.42651767197,2336.68074666137,4,1629.422485555,0.0855597038676663
2018,UF,51,14,combined,50581.37659843,4626.84054561886,55543.1519712375,4813.87837278559,4416.13949575316,4,4961.7753728075,0.0980949058029693
2018,UF,51,14,female,21524.11779298,2704.75832522603,23977.1229091,3871.16567110026,2583.35023736827,4,2453.00511612,0.113965419615016
2018,UF,51,14,male,29057.25880545,3422.8453272173,31566.0290621375,1035.91293892447,3395.03219673666,4,2508.7702566875,0.0863388481853956
2018,UF,51,15,combined,52122.68164714,4385.0910972833,56609.377879315,3399.98447829812,4359.90762003776,4,4486.696232175,0.0860795356338153
2018,UF,51,15,female,28912.53856553,3384.83848332554,29434.601694225,2461.6449786377,2996.25256712614,4,522.063128694997,0.0180566340624759
2018,UF,51,15,male,23210.14308161,2808.21152213276,27174.77618509,1032.42103270385,3028.447441168,4,3964.63310348,0.170814677425288
2018,UF,51,16,combined,53412.13674606,5099.61500994593,51683.333204425,2057.4397685309,4277.09107780541,4,-1728.803541635,-0.0323672417348578
2018,UF,51,16,female,26084.51131654,3537.92702913357,25479.34801843,1255.35505088066,2919.85496549395,4,-605.163298110001,-0.0232001010395112
2018,UF,51,16,male,27327.62542952,3350.35294262024,26203.985185995,971.787119706959,2961.38521840205,4,-1123.640243525,-0.041117375764058
2018,UF,51,17,combined,48843.98054092,4885.19192927932,50801.1777845725,1507.30048196819,4323.86429279523,4,1957.1972436525,0.04007038783444
2018,UF,51,17,female,22342.49546246,2966.26580481591,22688.27981309,1100.47702090669,2718.62463968716,4,345.784350629998,0.0154765322079168
2018,UF,51,17,male,26501.48507846,3575.37953145356,28112.8979714825,908.580104694952,3053.89995543975,4,1611.4128930225,0.0608046261653553
2018,UF,51,18,combined,57616.33482222,4956.37345654011,54063.9741588125,2722.3809599359,4132.54188739192,4,-3552.3606634075,-0.0616554432760884
2018,UF,51,18,female,26642.230787,3269.00355640145,27128.076830885,3464.35253824137,3019.81332412562,4,485.846043885002,0.0182359370643268
2018,UF,51,18,male,30974.10403522,3416.29034108788,26935.8973279275,1416.49676452757,2728.37332011952,4,-4038.2067072925,-0.130373640596698
2018,UF,51,19,combined,56675.5629749,5214.51626309318,56975.834892985,4458.4834898452,4574.2387246981,4,300.271918085004,0.00529808443575559
2018,UF,51,19,female,28244.74156615,3308.48578656747,29269.7219122975,4199.77492414899,3073.17067760063,4,1024.9803461475,0.0362892449820072
2018,UF,51,19,male,28430.82140875,3293.56310853789,27706.1129806875,2543.19338076634,2869.61695287371,4,-724.708428062499,-0.0254902388377516
2018,UF,52,14,combined,122119.95048567,9570.23617512975,112845.112340863,9623.76252421309,8246.35235289624,4,-9274.83814480749,-0.0759485907742473
2018,UF,52,14,female,60263.92603794,6896.18463733167,57020.303380475,8695.2985725857,5923.03405563197,4,-3243.622657465,-0.0538236200446504
2018,UF,52,14,male,61856.02444773,6043.93450816392,55824.8089603875,2781.52918298151,5244.11685439986,4,-6031.2154873425,-0.0975040918195291
2018,UF,52,15,combined,127081.5402051,8993.43691656666,114572.509536598,2943.1670537525,8274.32858491206,4,-12509.0306685025,-0.0984331056132454
2018,UF,52,15,female,64103.06484828,6283.4919062278,55737.3419866425,2842.77163656087,5722.88301526918,4,-8365.7228616375,-0.130504257190161
2018,UF,52,15,male,62978.47535682,5874.20055912346,58835.167549955,2954.2523679761,5592.21734739276,4,-4143.307806865,-0.0657892682125134
2018,UF,52,16,combined,94711.30465425,7464.83623332709,103273.618974073,2336.83994314947,7172.05671810178,4,8562.31431982252,0.0904043540639612
2018,UF,52,16,female,49075.68782992,5360.57303169497,51889.035226325,3259.33503354584,5144.22432000257,4,2813.347396405,0.0573267033190676
2018,UF,52,16,male,45635.61682433,5220.4479277351,51384.5837477475,3364.86036777913,4879.86636689875,4,5748.9669234175,0.125975440313376
2018,UF,52,17,combined,106798.5016924,9438.74491409102,108049.09076382,7836.44304438344,8233.20281951956,4,1250.58907142001,0.0117097997781087
2018,UF,52,17,female,53833.40746111,6263.16383394285,55902.380059445,7901.87125846233,5859.76959898198,4,2068.972598335,0.0384328746016989
2018,UF,52,17,male,52965.09423129,5969.69606172697,52146.710704375,4404.81481509642,5340.49290380556,4,-818.383526915,-0.0154513748874165
2018,UF,52,18,combined,104293.7649143,8697.99144164703,107338.265139,9806.84680055068,7437.79131012609,4,3044.50022469999,0.0291915842447697
2018,UF,52,18,female,49630.90272803,5846.01842860468,55162.20556548,8229.728412013,5350.60039159149,4,5531.30283745,0.111448765454876
2018,UF,52,18,male,54662.86218627,6355.67650613993,52176.05957352,5082.46205195174,5045.41835098629,4,-2486.80261275,-0.0454934577753344
2018,UF,52,19,combined,93784.0895463,7623.14929039111,95504.340369,5619.40956439966,7031.76755427364,4,1720.25082269999,0.0183426723127778
2018,UF,52,19,female,45181.95330618,5235.20517167863,45850.51005246,1660.12624154983,4794.4545010007,4,668.556746279996,0.0147969863487188
2018,UF,52,19,male,48602.13624012,5530.48462985437,49653.83031654,3997.17297674487,5016.26948027432,4,1051.69407642,0.0216388446636189
2018,UF,53,14,combined,37702.37233187,3764.92823286615,43842.4249342325,2718.60593176315,4426.46473560923,4,6140.0526023625,0.162855868811531
2018,UF,53,14,female,17757.86878989,2721.09670539636,20211.11110085,2125.1133745783,2631.16288901288,4,2453.24231096,0.138149591034071
2018,UF,53,14,male,19944.50354198,2636.76344922015,23631.3138333825,2873.49008671738,3558.7000266382,4,3686.8102914025,0.184853450156949
2018,UF,53,15,combined,38601.77556213,3895.90086237308,36752.2560043825,2820.94097087124,3639.90385524593,4,-1849.5195577475,-0.0479128105071405
2018,UF,53,15,female,18514.85944931,2385.47219101262,17627.365449465,2457.01022762347,2206.51726191704,4,-887.493999844999,-0.0479341472871982
2018,UF,53,15,male,20086.91611282,3071.57911985968,19124.8905549175,916.51374264586,2794.26594466813,4,-962.0255579025,-0.0478931436014964
2018,UF,53,16,combined,45262.27165264,4327.60795335896,45779.1929602675,4176.10884791267,3987.24671810912,4,516.921307627497,0.0114205780831009
2018,UF,53,16,female,23578.04353253,3307.70986911414,23269.0719785775,2125.64092616427,2878.59484674488,4,-308.971553952499,-0.0131042066118089
2018,UF,53,16,male,21684.22812011,2928.30464082881,22510.12098169,3484.47548260498,2707.98779010513,4,825.89286158,0.0380872612575988
2018,UF,53,17,combined,50126.03054685,4800.09742259596,46517.0376952575,2647.04664750225,4194.22624157814,4,-3608.9928515925,-0.0719983771349972
2018,UF,53,17,female,27329.19510361,3719.63762749196,23619.9944974525,1398.89444013422,3011.81325117098,4,-3709.2006061575,-0.135723009481078
2018,UF,53,17,male,22796.83544324,3104.01582670288,22897.043197805,2763.81864693968,2763.3751168247,4,100.207754564999,0.00439568705992102
2018,UF,53,18,combined,43828.16171314,3961.8740338514,47186.20802209,3147.5098902405,3928.38571445281,4,3358.04630895,0.0766184612288503
2018,UF,53,18,female,21284.43171798,2819.11714886844,23600.4616679475,2924.25379548863,2773.46382687655,4,2316.0299499675,0.108813332705098
2018,UF,53,18,male,22543.72999516,3023.68824608263,23585.7463541425,2343.2767961018,2813.76439119599,4,1042.0163589825,0.0462220031559204
2018,UF,53,19,combined,54434.33965525,6098.1798023337,50458.058504725,4527.90000235545,4406.16874400818,4,-3976.281150525,-0.0730472928616027
2018,UF,53,19,female,25415.65061882,3471.65486416843,26508.3236391825,3049.53479035951,3052.24928632583,4,1092.6730203625,0.0429921325544736
2018,UF,53,19,male,29018.68903643,5252.62709091607,23949.7348655425,1780.88841279593,3279.92005157166,4,-5068.9541708875,-0.174678951365582
2019,Brazil,Brazil,14,combined,3049255.7648912,51820.5139581676,3079964.47862004,16340.870865917,48758.7347513373,4,30708.7137288428,0.0100708881434019
2019,Brazil,Brazil,14,female,1494234.56129712,35540.1968901765,1498289.22134355,21692.8523511615,32151.0785457593,4,4054.66004642495,0.00271353651658624
2019,Brazil,Brazil,14,male,1555021.20359408,36871.0284499602,1581675.2572765,6322.59998601812,35445.1767582285,4,26654.0536824176,0.0171406368098472
2019,Brazil,Brazil,15,combined,3223863.95494559,58811.7136715284,3112837.48220348,26647.1077313069,49826.6031355419,4,-111026.472742112,-0.0344389447860514
2019,Brazil,Brazil,15,female,1549533.80523133,42653.7155211309,1500053.48333973,26598.5353281953,34507.0635945689,4,-49480.3218916026,-0.0319323926490366
2019,Brazil,Brazil,15,male,1674330.14971426,40230.4697668487,1612783.99886375,17866.7125679363,34901.9255232355,4,-61546.1508505098,-0.0367586708398061
2019,Brazil,Brazil,16,combined,3093929.7272611,53235.6415697598,3147443.74914246,38068.8011915446,48930.0526893564,4,53514.0218813573,0.0172964568037331
2019,Brazil,Brazil,16,female,1532703.70527142,38082.4231205523,1543694.00749992,17353.4987450595,34587.7558671565,4,10990.3022285025,0.00717053282425271
2019,Brazil,Brazil,16,male,1561226.02198968,36841.7959823728,1603749.74164253,39600.5955685892,34312.3963587981,4,42523.7196528551,0.0272373884715689
2019,Brazil,Brazil,17,combined,3116701.52684507,54284.1037328951,3178029.3242682,40186.7026156937,50406.23989481,4,61327.7974231276,0.0196771480665996
2019,Brazil,Brazil,17,female,1532810.92727542,38089.4036400925,1575884.88667688,23026.9736653535,35515.0102560377,4,43073.959401465,0.0281012867503686
2019,Brazil,Brazil,17,male,1583890.59956965,38174.0328434659,1602144.43759131,28575.8182959364,34655.3681359233,4,18253.8380216626,0.0115246836029093
2019,Brazil,Brazil,18,combined,3365887.09130736,59231.1778990379,3295442.29627116,112962.8634341,50429.0991152856,4,-70444.7950362,-0.0209290428125556
2019,Brazil,Brazil,18,female,1661827.17573506,40302.0996157054,1626378.27272918,59101.1868380474,35192.7233907119,4,-35448.9030058798,-0.0213312813290588
2019,Brazil,Brazil,18,male,1704059.9155723,40003.3270866949,1669064.02354198,54184.4032294749,35432.953912272,4,-34995.8920303201,-0.0205367732146712
2019,Brazil,Brazil,19,combined,3346518.9347776,57897.348519628,3362531.66953798,19973.4509195787,52213.5167971726,4,16012.7347603771,0.00478489292081094
2019,Brazil,Brazil,19,female,1645859.82520388,37238.9047887795,1663670.62843332,8805.0541526267,36048.79689095,4,17810.8032294426,0.0108215796732485
2019,Brazil,Brazil,19,male,1700659.10957372,41823.6109183577,1698861.04110466,13901.7805102707,35439.783433101,4,-1798.06846906501,-0.00105727741611645
2019,UF,11,14,combined,27661.59221128,4230.4578072597,25900.896895545,1394.44527374984,3266.19022055191,4,-1760.695315735,-0.063651264261535
2019,UF,11,14,female,17489.30054598,3891.51445336264,14076.3866103225,1478.57256600255,2808.77790696955,4,-3412.9139356575,-0.195142963361218
2019,UF,11,14,male,10172.2916653,1515.76050282635,11824.5102852225,864.209893393452,1714.55079859326,4,1652.2186199225,0.162423441470774
2019,UF,11,15,combined,26883.97045517,2777.63124146246,25086.995151935,2596.07058434235,2565.23746602049,4,-1796.975303235,-0.0668418865521194
2019,UF,11,15,female,15071.32797684,2336.65591306987,14293.40834784,3649.9624708726,2095.41188223794,4,-777.919629000002,-0.051615864918833
2019,UF,11,15,male,11812.64247833,1748.49555161325,10793.586804095,1067.27492654694,1455.34455131703,4,-1019.055674235,-0.0862682228895382
2019,UF,11,16,combined,27743.13528482,3850.68961099912,26768.1663349925,2469.6778934579,3629.07005258513,4,-974.9689498275,-0.0351427097124443
2019,UF,11,16,female,16046.26598523,3469.83322141218,13653.79156847,2527.8363443927,3209.69081737994,4,-2392.47441676,-0.14909851419403
2019,UF,11,16,male,11696.86929959,1773.65966780665,13114.3747665225,336.204332550187,1855.13390076808,4,1417.5054669325,0.12118674071037
2019,UF,11,17,combined,27115.38359385,2859.79878951233,28162.23253152,1782.63177581539,2841.75131397662,4,1046.84893767,0.0386071963188982
2019,UF,11,17,female,11813.43878271,1898.24912195211,13832.82261714,2192.86928903594,2148.42240483276,4,2019.38383443,0.170939543647997
2019,UF,11,17,male,15301.94481114,2061.67280720353,14329.40991438,2203.89689610118,1689.02176048147,4,-972.534896759998,-0.0635562935798841
2019,UF,11,18,combined,29141.96741858,2909.01222027705,29636.2794219525,2248.90101093075,2670.12795823593,4,494.312003372503,0.0169622042421661
2019,UF,11,18,female,13210.20477919,2082.34659138323,13504.2377137275,1203.23384340995,1883.68823230709,4,294.032934537499,0.0222580148795792
2019,UF,11,18,male,15931.76263939,2109.95730685317,16132.041708225,2260.40432189714,1853.91338959955,4,200.279068835,0.0125710552792085
2019,UF,11,19,combined,25961.11687793,2945.85307611204,25723.7588805075,1423.12212262822,2337.88233183284,4,-237.3579974225,-0.00914282688755512
2019,UF,11,19,female,14172.43980083,2128.39072592949,13116.398755905,975.141993852911,1711.32093040644,4,-1056.041044925,-0.0745137082793009
2019,UF,11,19,male,11788.6770771,1737.30564021681,12607.3601246025,497.546980276921,1533.10642227334,4,818.6830475025,0.06944655809538
2019,UF,12,14,combined,17721.6311485,1557.70779943167,16897.050067215,1114.82600769919,1364.61461703386,4,-824.581081285,-0.0465296379534902
2019,UF,12,14,female,9088.8716284,1073.89003354571,8925.60426008,686.265105215851,900.666749022613,4,-163.267368320001,-0.0179634364963236
2019,UF,12,14,male,8632.7595201,1113.60217780789,7971.445807135,779.247433289692,918.717085413091,4,-661.313712965,-0.0766051355218731
2019,UF,12,15,combined,16665.77140456,1349.80554497458,17454.93949196,651.491627001903,1310.94497456534,4,789.168087400001,0.0473526288248544
2019,UF,12,15,female,8412.36273103,1005.83396636981,8411.47077136,792.614038444578,860.108030032267,4,-0.891959669999778,-0.000106029625506955
2019,UF,12,15,male,8253.40867353,1056.91566726129,9043.4687206,768.990168610184,995.158789531947,4,790.060047069999,0.0957253031227992
2019,UF,12,16,combined,17311.54185058,1465.99482196911,17222.26254678,267.107285909516,1276.95173586972,4,-89.2793038000018,-0.00515721271800008
2019,UF,12,16,female,8570.32591599,1071.27250369298,8337.446613595,497.606711851844,910.170744716238,4,-232.879302395,-0.027172747533499
2019,UF,12,16,male,8741.21593459,991.913346958696,8884.815933185,714.938601837244,929.238002087097,4,143.599998595,0.0164279202881556
2019,UF,12,17,combined,15792.3486749,1307.29882106224,15950.8840326425,1144.38964547702,1267.39203570393,4,158.535357742499,0.0100387447748334
2019,UF,12,17,female,7000.53430898,869.727181150179,7429.87120505,425.727096602831,861.072398466415,4,429.33689607,0.0613291610497879
2019,UF,12,17,male,8791.81436592,1041.87717281321,8521.0128275925,735.3515024353,907.222180771334,4,-270.8015383275,-0.0308015532467583
2019,UF,12,18,combined,16142.86263571,1274.43386597243,15536.6006668425,1182.94318276647,1255.9285578374,4,-606.2619688675,-0.0375560383897695
2019,UF,12,18,female,7901.43280735,932.846889631859,7646.5993162825,652.645815701877,820.54462548731,4,-254.8334910675,-0.0322515545320402
2019,UF,12,18,male,8241.42982836,932.950312595409,7890.00135056,693.041442472742,844.922420925625,4,-351.4284778,-0.0426416878040606
2019,UF,12,19,combined,16306.12972467,1336.7093818705,15531.586964895,248.093478436022,1191.77927833294,4,-774.542759775,-0.047500097990952
2019,UF,12,19,female,8950.25853621,983.195263479109,7483.4377203475,463.650697021162,833.931903979904,4,-1466.8208158625,-0.163885859824964
2019,UF,12,19,male,7355.87118846,833.832977549951,8048.1492445475,524.403643511515,870.445098447396,4,692.2780560875,0.094112313599721
2019,UF,13,14,combined,74846.99216963,6563.99210461558,78612.651160145,7410.92189731761,5389.92400885909,4,3765.658990515,0.0503114271042539
2019,UF,13,14,female,39600.9903841,4472.62202794948,40121.8860523975,3488.02807360888,3557.27989604164,4,520.895668297504,0.0131536020499792
2019,UF,13,14,male,35246.00178553,4378.7717971818,38490.7651077475,4163.01990798652,3830.85446099168,4,3244.7633222175,0.0920604652397656
2019,UF,13,15,combined,84002.37347294,7340.1247813737,80224.3652891975,2498.93171109848,5791.38675204801,4,-3778.00818374251,-0.0449750171042433
2019,UF,13,15,female,35827.26981168,4599.31888209361,38452.30537295,3056.83407617701,3864.37991014634,4,2625.03556127,0.0732692045770737
2019,UF,13,15,male,48175.10366126,4787.5368806325,41772.0599162475,2745.53250919339,3888.1305924145,4,-6403.0437450125,-0.132911883076268
2019,UF,13,16,combined,72342.78636469,5214.20250219827,75739.49243031,4602.54768279997,5222.32986530245,4,3396.70606562,0.0469529338902809
2019,UF,13,16,female,34832.27852538,3633.21521383342,35146.744338095,985.71315078961,3381.71655823054,4,314.465812714996,0.00902800006281143
2019,UF,13,16,male,37510.50783931,3584.45064106797,40592.748092215,3676.64645801642,3696.32162662871,4,3082.240252905,0.0821700486196803
2019,UF,13,17,combined,72434.98485872,5859.35962395029,75808.2303398425,4553.0793470237,6002.6665223639,4,3373.2454811225,0.0465692853764215
2019,UF,13,17,female,35524.58101724,3915.41477798425,35886.9830598875,2483.44764416608,3565.42653036924,4,362.402042647496,0.010201444528554
2019,UF,13,17,male,36910.40384148,3905.43364421852,39921.247279955,2497.71454862491,4489.15753363868,4,3010.843438475,0.0815716742467989
2019,UF,13,18,combined,74777.42071874,5938.55712341668,76968.462321485,4044.24032918846,5347.67515863477,4,2191.041602745,0.0293008448497596
2019,UF,13,18,female,37943.40393559,4170.49171277514,38503.99667801,2767.43462027191,3612.11702491493,4,560.592742419998,0.0147744452071728
2019,UF,13,18,male,36834.01678315,3924.74735564302,38464.465643475,1922.41071606078,3594.29070303335,4,1630.448860325,0.0442647585769375
2019,UF,13,19,combined,92506.94996417,7168.00424190976,82884.6481450225,6607.20431310637,5746.6889353058,4,-9622.3018191475,-0.104017069235062
2019,UF,13,19,female,44565.82647035,4731.3078604878,39948.37162872,1243.14228269269,3861.04262590697,4,-4617.45484163,-0.103609765763057
2019,UF,13,19,male,47941.12349382,4858.04243807054,42936.2765163025,6777.29596920904,3754.51106061688,4,-5004.8469775175,-0.104395696487227
2019,UF,14,14,combined,11836.0966633,1457.84017790873,10783.0188389875,983.234429423029,1280.94160550584,4,-1053.0778243125,-0.088971715445495
2019,UF,14,14,female,5124.86233671,975.3193039755,4621.9552819475,599.53417948413,768.592839325895,4,-502.907054762501,-0.0981308417125895
2019,UF,14,14,male,6711.23432659,958.842051250713,6161.06355704,598.656808719325,996.878620766242,4,-550.17076955,-0.0819775830759203
2019,UF,14,15,combined,9190.87947843,935.432805937699,10867.07692466,843.029986353048,1102.39665574853,4,1676.19744623,0.182376175224999
2019,UF,14,15,female,4925.17640756,822.355886590068,5263.91972595,318.247806292634,730.623921523115,4,338.743318389999,0.0687779056746147
2019,UF,14,15,male,4265.70307087,705.126937465009,5603.15719871,852.566109789029,802.234152314895,4,1337.45412784,0.313536621189909
2019,UF,14,16,combined,8840.58274387,1132.29490263074,8518.7419267275,1116.02852034853,924.954190640576,4,-321.8408171425,-0.0364049323972067
2019,UF,14,16,female,5154.29893402,826.017262453022,4661.39732309,1004.48326027885,684.741375667809,4,-492.90161093,-0.0956292246995404
2019,UF,14,16,male,3686.28380985,678.309653935259,3857.3446036375,149.252411361433,617.621426984325,4,171.0607937875,0.0464046727304104
2019,UF,14,17,combined,11261.37327286,1297.59275373351,10313.80100004,1250.36607352647,1030.59553675951,4,-947.57227282,-0.0841435808813528
2019,UF,14,17,female,5137.9620797,831.178890147537,4964.9197097375,970.073396113436,733.434102240932,4,-173.0423699625,-0.0336791839406887
2019,UF,14,17,male,6123.41119316,940.046782495476,5348.8812903025,1119.69434706299,769.556566640461,4,-774.5299028575,-0.126486671958706
2019,UF,14,18,combined,9269.290022,977.575688384046,10219.72635844,667.299297484653,1094.87428289339,4,950.43633644,0.102536044743902
2019,UF,14,18,female,4415.37657169,764.831591262967,5285.2656322775,546.984542548256,811.820997056321,4,869.8890605875,0.197013560783231
2019,UF,14,18,male,4853.91345031,730.35073422401,4934.4607261625,174.625979323071,732.72877982448,4,80.5472758524993,0.0165942958557193
2019,UF,14,19,combined,10437.64555466,1311.58317514064,10080.39182467,1408.57714994576,1097.3693886939,4,-357.25372999,-0.0342274249608428
2019,UF,14,19,female,6718.59639535,1019.35634380988,5857.1938769425,920.988100943715,885.50226928254,4,-861.402518407501,-0.128211678112364
2019,UF,14,19,male,3719.04915931,646.339060930802,4223.1979477275,584.755409023013,596.741292732545,4,504.1487884175,0.135558516927761
2019,UF,15,14,combined,148722.38008041,10868.7600069989,161389.073209995,3389.450828777,10578.8842532205,4,12666.693129585,0.0851700539134492
2019,UF,15,14,female,71454.17026319,7637.53738326829,76489.285799935,5460.32033839197,6237.64182359564,4,5035.115536745,0.0704663635194273
2019,UF,15,14,male,77268.20981722,7309.22718060835,84899.78741006,3862.34816070685,8126.53965327094,4,7631.57759284,0.0987673664355974
2019,UF,15,15,combined,151180.34817647,12232.275861766,152027.815048578,7755.51649663619,10055.2076772953,4,847.4668721075,0.00560566821236757
2019,UF,15,15,female,64748.61913211,7313.16798472288,68345.1266076125,2725.28900371805,6093.75047021653,4,3596.50747550251,0.0555457015718646
2019,UF,15,15,male,86431.72904436,8345.20468788032,83682.688440965,7093.58678312665,7254.29637002409,4,-2749.04060339501,-0.031805919351493
2019,UF,15,16,combined,147184.90441068,10375.5296936497,158198.956623758,4556.470235407,9874.79348729688,4,11014.0522130775,0.0748313983501034
2019,UF,15,16,female,58198.7823433,6420.76201520645,71459.34078207,3831.95383201592,6625.68304309705,4,13260.55843877,0.227849413765211
2019,UF,15,16,male,88986.12206738,8295.64109400637,86739.6158416875,3236.28957535358,6929.21199611288,4,-2246.5062256925,-0.0252455795746606
2019,UF,15,17,combined,161221.59570524,10504.4978918822,160305.23498898,5405.54550718807,9440.40910767118,4,-916.360716260009,-0.00568385837053358
2019,UF,15,17,female,89236.32061142,7997.66276025473,84897.303262205,4713.06055672119,6881.40045919296,4,-4339.01734921499,-0.0486238934940994
2019,UF,15,17,male,71985.27509382,6627.05566989273,75407.931726775,2905.42122488991,6458.3892124689,4,3422.656632955,0.0475466215624539
2019,UF,15,18,combined,166911.70226393,10283.4461925079,161441.96391906,10001.8587763574,9484.93375796832,4,-5469.73834486998,-0.0327702508013544
2019,UF,15,18,female,80835.2454784,7509.61031457089,81390.093945495,3843.07784061713,6829.3546738141,4,554.848467094998,0.00686394237824464
2019,UF,15,18,male,86076.45678553,7709.44645306717,80051.869973565,8282.24268804506,6646.82626653199,4,-6024.586811965,-0.0699911106584695
2019,UF,15,19,combined,158729.67491682,10959.2308054875,162306.94564825,4362.72838441411,9695.76895173075,4,3577.27073143001,0.0225368743009436
2019,UF,15,19,female,89208.47528914,8050.96048593293,83026.3913699,6335.13233974195,7109.5913445523,4,-6182.08391924,-0.0692992891000861
2019,UF,15,19,male,69521.19962768,6500.7888372485,79280.55427835,3899.76616781763,6257.08814916473,4,9759.35465066999,0.140379549014345
2019,UF,16,14,combined,16223.90070823,2939.86670000979,15946.8792133125,634.45020796457,2267.21468495565,4,-277.021494917499,-0.0170749007836921
2019,UF,16,14,female,9568.86780282,2804.73100789859,7906.44149615,804.008580347126,1928.33979029213,4,-1662.42630667,-0.173732811543292
2019,UF,16,14,male,6655.03290541,1282.28583323549,8040.4377171625,1065.61684576565,1308.7146271755,4,1385.4048117525,0.208173998753076
2019,UF,16,15,combined,14457.65054504,1973.35224288173,14155.4415463975,1858.95826603189,1707.80107324883,4,-302.2089986425,-0.0209030504438482
2019,UF,16,15,female,6764.36033877,1259.41655313934,7075.3307683225,1473.35249900901,1366.92482148923,4,310.9704295525,0.045971890020431
2019,UF,16,15,male,7693.29020627,1158.73900562096,7080.110778075,423.987555947518,1001.37175765046,4,-613.179428195,-0.0797031454364299
2019,UF,16,16,combined,17267.72294909,2451.9507919182,16158.3731639175,1700.5258486282,1978.16940156638,4,-1109.3497851725,-0.0642441269438459
2019,UF,16,16,female,8728.01738449,1632.91425254323,8979.6439136775,2071.33417228527,1430.74289775828,4,251.626529187501,0.0288297465624496
2019,UF,16,16,male,8539.7055646,1536.452529906,7178.72925024,426.354730772655,1055.228493242,4,-1360.97631436,-0.15937040265202
2019,UF,16,17,combined,14046.08994134,2176.98336871527,16055.4491367075,1758.63283717475,2070.00450666605,4,2009.3591953675,0.143054700899616
2019,UF,16,17,female,6821.6648172,1585.84981926926,8744.07528066,1600.53758473217,1581.63179795416,4,1922.41046346,0.281809575078048
2019,UF,16,17,male,7224.42512414,1248.73294043364,7311.3738560475,514.233584745243,1298.88818358794,4,86.9487319074997,0.0120353841881433
2019,UF,16,18,combined,14631.62976708,1977.16378205289,16906.444990505,1977.57011134908,1955.89898998655,4,2274.815223425,0.155472442895128
2019,UF,16,18,female,7724.36040433,1232.56522973749,8944.37813208,1226.5768910555,1239.17817458442,4,1220.01772775,0.15794417451911
2019,UF,16,18,male,6907.26936275,1528.50435308021,7962.066858425,802.411416740302,1295.03654258983,4,1054.797495675,0.152708319348799
2019,UF,16,19,combined,14432.88674307,1583.71329177496,15315.9619907775,867.729084626792,1657.57006963847,4,883.0752477075,0.0611849357254544
2019,UF,16,19,female,8051.49189602,1241.01710574645,7856.91501691,305.348586691399,1165.31052042111,4,-194.576879110001,-0.0241665621257327
2019,UF,16,19,male,6381.39484705,1121.24501575658,7459.0469738675,785.441730295062,1120.74648371606,4,1077.6521268175,0.168874071052926
2019,UF,17,14,combined,29178.43437782,3169.10897513479,26126.24766022,3469.32351883444,2511.76528541959,4,-3052.1867176,-0.104604197678273
2019,UF,17,14,female,13638.73628645,2182.52443103141,11913.702431225,2281.667981312,1639.60972770841,4,-1725.033855225,-0.126480475829627
2019,UF,17,14,male,15539.69809137,2060.77685281771,14212.545228995,1613.79397597457,1847.59511872373,4,-1327.152862375,-0.0854040313120393
2019,UF,17,15,combined,27754.27326376,2925.8134568095,25877.1088736375,613.695214985784,2572.25775051657,4,-1877.1643901225,-0.0676351483709571
2019,UF,17,15,female,11167.53914183,1793.5416694223,11407.3629988875,460.344562893385,1627.63768579337,4,239.8238570575,0.0214750854249704
2019,UF,17,15,male,16586.73412193,2230.7168691044,14469.74587475,1040.12141997266,1880.0485806873,4,-2116.98824718,-0.127631409029523
2019,UF,17,16,combined,31394.44856891,3055.17490079082,28320.792966245,1417.83383641122,2613.40060468871,4,-3073.655602665,-0.097904430330044
2019,UF,17,16,female,16444.63012057,2131.92884450426,14298.5133604275,1355.48564551641,1783.26835054042,4,-2146.1167601425,-0.130505626724799
2019,UF,17,16,male,14949.81844834,2223.65072643882,14022.2796058175,1634.22269487237,1833.24390605585,4,-927.538842522501,-0.06204348539266
2019,UF,17,17,combined,22368.26600282,2512.76285114974,24857.4637767225,2397.57700423778,2374.60361684991,4,2489.1977739025,0.11128255420374
2019,UF,17,17,female,10655.09585152,1626.75997769723,12790.818680535,639.24735029295,1685.58660291249,4,2135.722829015,0.200441446869793
2019,UF,17,17,male,11713.1701513,1706.18459692513,12066.6450961875,2052.35545576104,1575.13182044661,4,353.474944887499,0.0301775642564424
2019,UF,17,18,combined,28117.57792688,2939.61141191449,28419.8968776425,1824.64390449715,2671.34850497724,4,302.318950762499,0.0107519556467019
2019,UF,17,18,female,13335.41731368,1977.70317915187,12145.5168226225,511.003542109436,1779.86785121236,4,-1189.9004910575,-0.0892285905321353
2019,UF,17,18,male,14782.1606132,2267.1885090354,16274.38005502,1575.85295199662,2050.99761904324,4,1492.21944182,0.100947316218949
2019,UF,17,19,combined,24958.49461063,2755.17740323276,23876.361113555,2112.94938930526,2524.23060486539,4,-1082.133497075,-0.043357322384905
2019,UF,17,19,female,14042.51159858,1929.28025337489,13095.76015281,1462.52820610999,1751.40640738354,4,-946.75144577,-0.0674203784076445
2019,UF,17,19,male,10915.98301205,1783.26440571085,10780.600960745,1532.17608097706,1569.34509461352,4,-135.382051305,-0.0124021859648877
2019,UF,21,14,combined,144595.62223225,6811.20485853755,133632.46604053,6537.07019808733,5994.9359213456,4,-10963.15619172,-0.0758194198584445
2019,UF,21,14,female,62069.44312112,4403.40655194173,62956.339352945,3700.4180586201,3867.55984799605,4,886.896231824998,0.014288773786714
2019,UF,21,14,male,82526.17911113,5338.44038687927,70676.126687585,4009.43131732077,4348.87908920404,4,-11850.052423545,-0.143591434271877
2019,UF,21,15,combined,144730.42376902,7354.63359580291,138094.751351878,6075.8934563466,6157.73556103568,4,-6635.67241714252,-0.0458484971185644
2019,UF,21,15,female,69045.42703054,4894.54552686085,63361.9335020575,2882.67778557998,4091.30420338302,4,-5683.4935284825,-0.0823152781134743
2019,UF,21,15,male,75684.99673848,4928.38631960507,74732.81784982,4040.74471955844,4390.71274708898,4,-952.178888659997,-0.0125808142920338
2019,UF,21,16,combined,132901.5853061,6432.82661970577,132449.014849053,3186.48631428383,6043.12107632574,4,-452.570457047492,-0.00340530518131238
2019,UF,21,16,female,65801.36885503,4594.2208685534,63604.2474256125,3402.38272937537,4117.80359871778,4,-2197.1214294175,-0.0333902085571818
2019,UF,21,16,male,67100.21645107,4308.811073231,68844.76742344,862.021312240842,4230.3659152747,4,1744.55097237001,0.0259991854667436
2019,UF,21,17,combined,126149.92033117,6483.66335119549,135098.979500893,3078.3463542146,5930.531395098,4,8949.05916972252,0.0709398717512414
2019,UF,21,17,female,61695.14196351,4240.87236565892,64193.44659786,920.779874082402,3892.74968245063,4,2498.30463435,0.0404943493902264
2019,UF,21,17,male,64454.77836766,4481.25886108589,70905.5329030325,3563.79316528549,4176.65158583362,4,6450.75453537249,0.100081866678315
2019,UF,21,18,combined,143616.80986624,7163.08651916373,135113.613871678,4964.11371860015,6277.92135405825,4,-8503.19599456247,-0.0592075259329466
2019,UF,21,18,female,67598.59366784,4412.52278812229,66336.2425511675,3295.87187862465,4138.31614484552,4,-1262.35111667251,-0.0186742215803384
2019,UF,21,18,male,76018.2161984,5391.37807093436,68777.37132051,2023.41541115193,4422.43981235871,4,-7240.84487788999,-0.0952514441932195
2019,UF,21,19,combined,133494.59663952,6762.48229045176,131901.331025775,3510.03039093422,5828.73392935729,4,-1593.265613745,-0.0119350569525098
2019,UF,21,19,female,63960.42485658,4711.43144877707,66737.8881826325,1704.76437003319,4129.42137308805,4,2777.46332605249,0.043424716647528
2019,UF,21,19,male,69534.17178294,4816.7414573345,65163.4428431425,2103.09338346414,3966.83305943588,4,-4370.7289397975,-0.0628572804957151
2019,UF,22,14,combined,52290.71944254,4217.41300261511,52447.9513345725,4324.57073939798,4407.61101723762,4,157.231892032498,0.00300687949427189
2019,UF,22,14,female,25634.91847096,2774.71206367917,28584.6975450025,3206.93016754398,3234.05280190666,4,2949.7790740425,0.11506879093
2019,UF,22,14,male,26655.80097158,3491.19198480572,23863.25378957,2269.64283157778,2822.70931302143,4,-2792.54718201,-0.104763206515061
2019,UF,22,15,combined,58847.74891683,5657.30309033914,51877.669045535,1610.75782998131,4551.467466337,4,-6970.079871295,-0.118442591256054
2019,UF,22,15,female,27324.16805326,3342.03082588552,25242.293181925,1157.1585517354,2852.18934418086,4,-2081.874871335,-0.0761917020594014
2019,UF,22,15,male,31523.58086357,4764.15886142335,26635.37586361,2311.89205938809,3306.70952447346,4,-4888.20499996,-0.155065029608011
2019,UF,22,16,combined,54415.04681949,4731.72998580578,52824.617570595,3490.7847974552,4408.29409513753,4,-1590.429248895,-0.0292277475046728
2019,UF,22,16,female,27016.18862675,3873.57270744878,27072.9950646175,1788.30543182407,3081.5972472534,4,56.8064378674972,0.00210268142010418
2019,UF,22,16,male,27398.85819274,2959.67907780137,25751.6225059775,2012.67236939609,3111.79508403606,4,-1647.2356867625,-0.06012059609108
2019,UF,22,17,combined,47876.29134671,4156.66362733597,50999.2002312,3888.18099237428,4199.08581035256,4,3122.90888449,0.0652287133494645
2019,UF,22,17,female,18005.90028954,2392.14569472967,22326.4599045,3340.64186880617,2807.56611207799,4,4320.55961496,0.239952434784386
2019,UF,22,17,male,29870.39105717,3169.29243749046,28672.7403267,1722.90336200319,2987.45423272709,4,-1197.65073047,-0.0400949129918578
2019,UF,22,18,combined,67081.02556404,6429.92784055388,57305.3723637725,2389.09428175803,4769.2664507218,4,-9775.6532002675,-0.145729036162916
2019,UF,22,18,female,36196.10972969,4235.16883193256,29676.691296525,1144.13994724434,3207.33554289714,4,-6519.418433165,-0.180113787969247
2019,UF,22,18,male,30884.91583435,3875.21304891538,27628.6810672475,2815.30675871049,3027.89767367983,4,-3256.2347671025,-0.10543123331037
2019,UF,22,19,combined,52629.16241034,5242.52094365274,56100.66206518,1611.6314136961,4780.26244253253,4,3471.49965484,0.0659615220127075
2019,UF,22,19,female,27113.77485094,3015.84328731866,28843.6648037475,1320.82244357366,3193.50093221085,4,1729.8899528075,0.0638011476571483
2019,UF,22,19,male,25515.3875594,3387.78142485318,27256.9972614325,1124.28750555965,3018.43702536039,4,1741.6097020325,0.0682572309739769
2019,UF,23,14,combined,138498.54002591,8422.81199876236,135036.023831905,4180.84696773261,10468.1019599305,4,-3462.516194005,-0.0250003804614637
2019,UF,23,14,female,59772.32547633,5474.48777917226,57107.3582706075,4739.33992831615,4663.03635165411,4,-2664.9672057225,-0.0445853023867682
2019,UF,23,14,male,78726.21454958,6612.54695105754,77928.6655612975,2570.966371944,9239.64236176533,4,-797.548988282506,-0.0101306660411092
2019,UF,23,15,combined,153901.48122373,8530.73829561032,138342.510258607,9506.08712747325,8319.37878786123,4,-15558.9709651225,-0.101096953982555
2019,UF,23,15,female,77842.65653719,6483.84131025077,69890.254992345,1034.86453101934,6503.76420864254,4,-7952.40154484501,-0.102159945441298
2019,UF,23,15,male,76058.82468654,6206.28835358431,68452.2552662625,8654.82162859375,5020.17624508683,4,-7606.56942027751,-0.100009031846421
2019,UF,23,16,combined,135181.14703794,11671.1251611662,138777.33002318,3853.33813278892,9077.34374567241,4,3596.18298523998,0.0266026961898073
2019,UF,23,16,female,57464.38606763,5692.95733599404,63438.88209087,1932.64209661011,5016.021474888,4,5974.49602324,0.103968674027224
2019,UF,23,16,male,77716.76097031,8112.85087836378,75338.44793231,3154.75677048156,7122.43250391135,4,-2378.31303800001,-0.0306023180624909
2019,UF,23,17,combined,145003.45096987,9418.30819044984,154378.961266715,7371.24047179995,10770.039908701,4,9375.51029684502,0.0646571528755763
2019,UF,23,17,female,71128.79643458,6844.17644094292,70183.7060156175,5403.82025328798,5871.71814499712,4,-945.0904189625,-0.0132870295342581
2019,UF,23,17,male,73874.65453529,6246.87470796109,84195.2552510975,6150.46655636384,8030.61562455645,4,10320.6007158075,0.139704216293524
2019,UF,23,18,combined,163972.26785771,10443.1605733901,145375.33323277,11916.9708312375,7823.1438497903,4,-18596.93462494,-0.113415121153766
2019,UF,23,18,female,76641.8858169,6828.5094889132,69351.1578983775,3867.4146365515,5310.39039263437,4,-7290.72791852251,-0.0951271989306252
2019,UF,23,18,male,87330.38204081,6763.58815733333,76024.1753343925,8050.13522813835,5575.84807184867,4,-11306.2067064175,-0.129464757192223
2019,UF,23,19,combined,144668.19456375,8261.97329484518,155900.733636233,11498.1751730927,8498.65006925226,4,11232.5390724825,0.0776434592714346
2019,UF,23,19,female,73381.08578851,5945.37739915032,75044.023102085,7034.9069018103,6319.79674257354,4,1662.93731357501,0.0226616613219341
2019,UF,23,19,male,71287.10877524,5579.40001355211,80856.7105341475,4820.98951387303,5508.24023020294,4,9569.60175890749,0.134240284440197
2019,UF,24,14,combined,51204.48128237,4655.97570862032,53268.0652312575,3985.49191217779,4552.77884685236,4,2063.5839488875,0.0403008466682388
2019,UF,24,14,female,25437.75846953,3261.33693736243,27384.57779037,1458.76167810648,3475.47398781049,4,1946.81932084,0.0765326600286716
2019,UF,24,14,male,25766.72281284,3547.39913455006,25883.4874408875,2651.30521347721,3123.8410694475,4,116.764628047502,0.00453160570304719
2019,UF,24,15,combined,46536.62979793,5207.15437048449,51345.3713175625,5248.48062380101,4848.64664099962,4,4808.7415196325,0.103332397307516
2019,UF,24,15,female,24808.63722861,3438.56044585076,25726.2778962525,2095.36012245052,3118.18079123417,4,917.640667642499,0.0369887575519163
2019,UF,24,15,male,21727.99256932,3320.00442427126,25619.09342131,3208.98717034787,3257.76064716322,4,3891.10085199,0.179082390587902
2019,UF,24,16,combined,46056.24160048,4198.43012056311,47019.098683505,4208.28663520346,4393.57915973952,4,962.857083024996,0.0209061149925651
2019,UF,24,16,female,22460.52502226,2904.01981251125,23137.459487335,3253.42428708663,3103.4411489435,4,676.934465074999,0.0301388531391901
2019,UF,24,16,male,23595.71657822,3516.06434100423,23881.63919617,1336.85395226272,3204.35141359766,4,285.92261795,0.0121175645165157
2019,UF,24,17,combined,48721.51435278,4853.35978579936,49058.898713295,4667.74424614072,4383.34476066053,4,337.384360514996,0.00692475110835189
2019,UF,24,17,female,24514.22783064,3593.85494288573,23938.3381048975,2317.49289430275,3126.26833298461,4,-575.889725742502,-0.0234920605993024
2019,UF,24,17,male,24207.28652214,3359.48094325476,25120.5606083975,3647.89866538267,2931.28411808644,4,913.274086257501,0.0377272390865544
2019,UF,24,18,combined,59548.26177015,6124.29675693952,53632.11202565,3440.55763485574,4873.94468713012,4,-5916.1497445,-0.0993505027457512
2019,UF,24,18,female,28339.92188886,3889.98239211452,24697.9078679925,2041.14959260091,3341.05086906806,4,-3642.0140208675,-0.128511787546568
2019,UF,24,18,male,31208.33988129,4727.68855805199,28934.2041576575,4212.68897351351,3531.78615924521,4,-2274.1357236325,-0.072869487203832
2019,UF,24,19,combined,54516.10708205,5338.86261159193,56856.2699763475,1687.31376824739,4598.99436158491,4,2340.1628942975,0.0429260822086107
2019,UF,24,19,female,27224.88255944,3787.59007818791,26610.64680596,2310.41353588816,3134.64806209265,4,-614.235753479999,-0.0225615575067749
2019,UF,24,19,male,27291.22452261,3472.01709224531,30245.6231703875,1053.94431012161,3279.04241920607,4,2954.3986477775,0.108254528679351
2019,UF,25,14,combined,63160.98016722,6453.08656813916,63455.4375784675,1991.14374791354,5266.81032979982,4,294.457411247502,0.00466201459299587
2019,UF,25,14,female,33947.18578604,4156.43529288212,31241.127846365,1608.46582252255,3570.818588809,4,-2706.057939675,-0.0797137635128447
2019,UF,25,14,male,29213.79438118,4032.97122447061,32214.3097321025,1743.35232191673,3426.76077492092,4,3000.5153509225,0.102708854309438
2019,UF,25,15,combined,60811.79924608,5201.11991972745,61114.7473993375,2388.27544360061,4683.89409798841,4,302.948153257501,0.00498173310136074
2019,UF,25,15,female,25894.27288391,3692.48823350332,27788.9115728875,1790.33636587064,3289.6139773187,4,1894.6386889775,0.0731682522027788
2019,UF,25,15,male,34917.52636217,3834.69442332873,33325.83582645,2067.46647803096,3527.88529842137,4,-1591.69053572,-0.0455842867908437
2019,UF,25,16,combined,72767.5759692,5781.67475192078,64646.7014726325,6986.54077552966,5033.51399436148,4,-8120.8744965675,-0.111600178903923
2019,UF,25,16,female,35487.80687191,3868.16203059229,30957.114440115,4306.69556661405,3382.92672123389,4,-4530.692431795,-0.127668989186853
2019,UF,25,16,male,37279.76909729,4701.44498213435,33689.5870325175,2721.91933532275,3958.02624619117,4,-3590.1820647725,-0.0963037634541971
2019,UF,25,17,combined,71803.5521547,6189.7240249943,78291.089585785,1183.02945463125,5760.04754247412,4,6487.537431085,0.0903512045909327
2019,UF,25,17,female,33873.90861885,4158.93551218186,38638.238778295,657.768725067865,3799.38216000543,4,4764.330159445,0.140648964164524
2019,UF,25,17,male,37929.64353585,4695.20908506952,39652.85080749,1068.62189896232,4045.06277664605,4,1723.20727164,0.0454316758872588
2019,UF,25,18,combined,70737.12336479,6712.35311407907,66328.6427135075,3587.1629577677,5256.36045148727,4,-4408.4806512825,-0.0623220233108442
2019,UF,25,18,female,35914.10403251,4639.39041577515,31934.7143836175,2192.31888869479,3626.85867114436,4,-3979.38964889249,-0.110802977161571
2019,UF,25,18,male,34823.01933228,4037.52156026487,34393.92832989,2187.39836764318,3580.697086685,4,-429.09100239,-0.012322050488949
2019,UF,25,19,combined,58416.15981199,5006.71158348423,66422.342698775,1929.46428615902,4858.74612237462,4,8006.182886785,0.13705424855986
2019,UF,25,19,female,29828.70594075,3999.19263829912,33589.1150314125,1299.85090185885,3742.07527218733,4,3760.4090906625,0.126066786072851
2019,UF,25,19,male,28587.45387124,3466.22624019016,32833.2276673625,1830.29418605077,3418.13378823023,4,4245.7737961225,0.14851878083462
2019,UF,26,14,combined,154092.02496479,10160.3872893941,146239.166901163,6744.80999124861,10416.4505817034,4,-7852.8580636275,-0.0509621316575071
2019,UF,26,14,female,78793.08632126,7492.07949892791,73253.575211,7938.61705882556,7267.2400530008,4,-5539.51111025999,-0.0703045326549839
2019,UF,26,14,male,75298.93864353,6708.10819603229,72985.5916901625,5075.66226167027,6716.19257628428,4,-2313.34695336749,-0.0307221721187735
2019,UF,26,15,combined,145466.07627417,10356.6054809428,147768.92733963,10969.3997646079,11431.4800101289,4,2302.85106546001,0.0158308460944507
2019,UF,26,15,female,71306.71400423,7165.53719695234,72186.6984683175,7120.00040513393,7621.01451133921,4,879.984464087494,0.0123408360120941
2019,UF,26,15,male,74159.36226994,7834.98201093253,75582.2288713125,5301.51351614352,7431.36630189792,4,1422.8666013725,0.0191866078377706
2019,UF,26,16,combined,153846.63239409,10556.3285513172,155230.938321328,2638.00224677205,11394.6175092114,4,1384.3059272375,0.00899796053833333
2019,UF,26,16,female,82785.90804526,7995.49838386932,72426.98844853,3869.50729165642,6684.47317345543,4,-10358.91959673,-0.125129020642821
2019,UF,26,16,male,71060.72434883,6282.56647373232,82803.9498727975,1473.13623824274,9235.71717308493,4,11743.2255239675,0.165256203501686
2019,UF,26,17,combined,157822.53801881,10091.3827321003,152341.28955026,6333.58414475497,9991.46147112575,4,-5481.24846855001,-0.0347304544544628
2019,UF,26,17,female,72042.04796167,6798.53184539175,74383.6634326875,5834.9475384392,7058.79673186638,4,2341.61547101749,0.0325034550969921
2019,UF,26,17,male,85780.49005714,7258.26758899819,77957.6261175725,3524.44810650953,6829.68741296653,4,-7822.8639395675,-0.0911963073929345
2019,UF,26,18,combined,173955.96792893,12022.8020542526,168150.776265463,7122.87138578121,10428.6489854421,4,-5805.1916634675,-0.0333716154299416
2019,UF,26,18,female,81405.33893324,7063.60946649186,80612.7212375925,5370.97295932206,6626.67013327924,4,-792.617695647496,-0.00973667951063402
2019,UF,26,18,male,92550.62899569,9318.11035009738,87538.05502787,2949.45273707868,7928.72498478476,4,-5012.57396782,-0.0541603446914816
2019,UF,26,19,combined,162654.75643927,10412.6962250856,161640.896798553,12331.8619596171,10148.9744248001,4,-1013.85964071748,-0.00623320007918748
2019,UF,26,19,female,77752.28389036,6642.03751124163,79261.07812976,4839.94445145899,7119.53360742031,4,1508.7942394,0.0194051436679028
2019,UF,26,19,male,84902.47254891,7943.62687581258,82379.8186687925,9341.95107146963,7244.01168392656,4,-2522.65388011749,-0.0297123723771915
2019,UF,27,14,combined,54277.22599034,3798.86857670871,56302.05832074,3864.84684922904,3310.20661858079,4,2024.8323304,0.0373053761214763
2019,UF,27,14,female,24319.01038913,2476.18862120504,23883.9314354525,2055.91801788275,2123.63883953195,4,-435.078953677501,-0.0178904875945104
2019,UF,27,14,male,29958.21560121,2776.56860370589,32418.1268852875,2048.51765786579,2512.5249610934,4,2459.9112840775,0.0821114086640777
2019,UF,27,15,combined,65447.00352668,4172.50725122454,60566.7455104075,3062.32618511716,3463.52619927822,4,-4880.2580162725,-0.0745680894967639
2019,UF,27,15,female,31613.96225128,2652.94882512109,30511.3455766075,1554.61172717431,2500.46862482466,4,-1102.6166746725,-0.0348775223399231
2019,UF,27,15,male,33833.0412754,3033.65708355875,30055.3999338,2556.84183803895,2307.99929396936,4,-3777.6413416,-0.111655387727343
2019,UF,27,16,combined,59861.036871,4165.26543167036,61029.5254304675,2676.21260614914,3514.13313511992,4,1168.48855946751,0.0195200187057499
2019,UF,27,16,female,23929.53501337,2378.29853229393,29592.803703145,1630.44303214011,2365.28447665686,4,5663.268689775,0.236664385104466
2019,UF,27,16,male,35931.50185763,3147.42424650131,31436.7217273225,1063.69499102908,2521.60760928672,4,-4494.7801303075,-0.125093021385997
2019,UF,27,17,combined,58927.64066273,3793.37691938921,57099.02193316,1752.95384825001,3350.2210470962,4,-1828.61872957,-0.0310315958522084
2019,UF,27,17,female,30931.48292545,2783.25623733629,27999.95385927,2630.49076267836,2270.52715095577,4,-2931.52906618,-0.0947749279672581
2019,UF,27,17,male,27996.15773728,2555.47062827685,29099.06807389,1011.52118084736,2350.05068472611,4,1102.91033661,0.0393950608136971
2019,UF,27,18,combined,56915.16837243,3550.55449913398,58743.2742536725,1822.45080295451,3377.91601664341,4,1828.1058812425,0.0321198361266386
2019,UF,27,18,female,25196.66032825,2363.47391826527,28728.5786159025,1563.53901289341,2415.88212090343,4,3531.9182876525,0.140174064405376
2019,UF,27,18,male,31718.50804418,2523.37255003805,30014.69563777,532.108277715156,2262.49063062307,4,-1703.81240641,-0.0537166629665177
2019,UF,27,19,combined,54979.88512539,3810.18918405236,53901.7173235675,3369.53847773084,3373.09033988754,4,-1078.1678018225,-0.019610222890855
2019,UF,27,19,female,24833.00357997,2720.814898801,26609.907477405,3412.75315481922,2356.31408272153,4,1776.903897435,0.0715541272207695
2019,UF,27,19,male,30146.88154542,2507.12335947843,27291.8098461625,1037.35254875243,2233.94046711381,4,-2855.0716992575,-0.0947053742509316
2019,UF,28,14,combined,35550.3274567,3234.19725939238,40136.0145932425,3514.82780659832,3510.75670790084,4,4585.6871365425,0.128991417649467
2019,UF,28,14,female,18902.81556773,2194.51471718925,20422.8509983475,2440.37209306714,2486.39852788027,4,1520.0354306175,0.0804131757605696
2019,UF,28,14,male,16647.51188897,2420.73897892534,19713.163594895,2070.75712342308,2246.40443882863,4,3065.651705925,0.184150744349742
2019,UF,28,15,combined,39017.58223274,3686.81449263577,38402.6134842125,739.101737990938,3077.89179419162,4,-614.968748527499,-0.0157613238272738
2019,UF,28,15,female,17567.90224903,2702.39386167527,19445.54645078,497.045187750991,2258.10356825796,4,1877.64420175,0.106879249163267
2019,UF,28,15,male,21449.67998371,2341.68955454469,18957.0670334325,292.745879363416,1999.98391759983,4,-2492.6129502775,-0.116207465667111
2019,UF,28,16,combined,36558.94445816,3385.99839288056,36941.2240005475,1476.97057044599,2848.15797716909,4,382.2795423875,0.0104565257026225
2019,UF,28,16,female,16393.20497107,2182.44078249445,16831.8179861175,1936.27156924737,1940.39885582601,4,438.6130150475,0.0267557817901713
2019,UF,28,16,male,20165.73948709,2520.12382489626,20109.40601443,831.075594648508,2146.16765262183,4,-56.3334726599969,-0.00279352377313321
2019,UF,28,17,combined,38015.52385386,3775.81332313835,37093.1374800975,2192.31378374952,2867.58115945855,4,-922.3863737625,-0.0242634134757252
2019,UF,28,17,female,17995.16519979,2344.1495778404,17602.677051555,1138.43550385751,1989.54163011877,4,-392.488148234999,-0.0218107554933466
2019,UF,28,17,male,20020.35865407,3081.2381051912,19490.4604285425,1921.05936276441,2177.206941109,4,-529.898225527501,-0.0264679686654752
2019,UF,28,18,combined,48766.35870034,4421.97048562805,40340.4421501425,1702.34855612276,3419.68661547344,4,-8425.9165501975,-0.172781334812655
2019,UF,28,18,female,24241.08288655,3183.04806791532,19663.57855627,1595.89401263439,2299.99381295693,4,-4577.50433028,-0.188832501901959
2019,UF,28,18,male,24525.27581379,2869.29803486147,20676.8635938725,1356.13812145013,2400.93812098019,4,-3848.4122199175,-0.156916164741096
2019,UF,28,19,combined,44101.43694728,3908.94307141344,40943.5220866425,3595.31556353976,3318.58954801575,4,-3157.9148606375,-0.0716057135374649
2019,UF,28,19,female,21951.6117033,2689.30952933051,18754.5274670275,1497.78491959808,2127.43045292035,4,-3197.0842362725,-0.145642346424699
2019,UF,28,19,male,22149.82524398,2786.24594653358,22188.994619615,2928.82182720103,2404.32816691427,4,39.1693756349996,0.00176838305510538
2019,UF,29,14,combined,225848.291645,15525.4304826826,241861.416390803,16748.2137287239,14336.5441316677,4,16013.1247458025,0.0709021291645311
2019,UF,29,14,female,94835.52387399,9461.16747053514,112351.368889545,10474.9225191061,9288.9188374491,4,17515.845015555,0.184697087125587
2019,UF,29,14,male,131012.76777101,11749.4490428838,129510.047501258,7937.5926511251,10169.3167352799,4,-1502.72026975249,-0.0114700291835603
2019,UF,29,15,combined,255163.85958829,17315.1336347978,250562.4213946,13461.9510255906,15319.35662702,4,-4601.43819369,-0.018033267724961
2019,UF,29,15,female,108286.77384181,9997.84842497067,115667.343851675,10240.3685051041,10205.6560691343,4,7380.570009865,0.0681576313340617
2019,UF,29,15,male,146877.08574648,12955.0283793959,134895.077542925,6138.44501582426,11087.6252367906,4,-11982.008203555,-0.0815784718403032
2019,UF,29,16,combined,246924.74761644,16562.9314030221,264958.697522253,5179.73645585637,15496.7381264158,4,18033.9499058125,0.0730341939392219
2019,UF,29,16,female,128777.62312807,11665.0193832412,129376.841156895,4938.65795201244,11399.3792159148,4,599.218028824995,0.00465312229151077
2019,UF,29,16,male,118147.12448837,10848.3710193349,135581.856365358,5587.02760355487,10269.3268774547,4,17434.7318769875,0.147567974696699
2019,UF,29,17,combined,245926.5329315,14398.8679755884,260850.126441335,12566.4385794135,14393.2338361102,4,14923.593509835,0.0606831370813974
2019,UF,29,17,female,118272.8639364,10409.6313376301,129478.86871086,7452.22623874245,10351.4922696768,4,11206.00477446,0.0947470484902261
2019,UF,29,17,male,127653.6689951,10700.8381648471,131371.257730475,14000.2264814222,10113.8162689561,4,3717.58873537499,0.0291224589519451
2019,UF,29,18,combined,257370.4466593,15325.4383195926,265245.113098695,22308.8041162484,14642.7264626093,4,7874.66643939499,0.0305966226565992
2019,UF,29,18,female,136214.84393383,11600.8468873083,138260.156331453,12165.9050854206,10915.4926526982,4,2045.3123976225,0.0150153414896255
2019,UF,29,18,male,121155.60272547,10537.7485539408,126984.956767243,12198.6533603355,10168.6938387036,4,5829.3540417725,0.0481146056033529
2019,UF,29,19,combined,215985.86730314,13987.8806790453,249988.239217605,15443.6009235227,14010.6172383661,4,34002.371914465,0.15742868891853
2019,UF,29,19,female,102115.32290979,10053.6103879319,132949.193211688,6542.1699869681,10706.7635890852,4,30833.8703018975,0.301951454720821
2019,UF,29,19,male,113870.54439335,10188.4939407144,117039.046005918,9487.41791465825,9308.28339581686,4,3168.50161256749,0.0278254717183255
2019,UF,31,14,combined,310782.0354809,17904.7686652668,312828.46107542,11675.4005574645,15799.1544727099,4,2046.42559452,0.00658476153987918
2019,UF,31,14,female,156138.41544447,12247.0917721895,154016.092331703,8035.92423764051,10651.2135706575,4,-2122.32311276751,-0.0135925749388837
2019,UF,31,14,male,154643.62003643,11455.9563804408,158812.368743718,4434.79066053943,10975.7290692924,4,4168.74870728751,0.0269571334808734
2019,UF,31,15,combined,309983.73690081,17880.0475780677,306415.614734783,6202.38231028607,15180.5440319584,4,-3568.12216602749,-0.01151067537188
2019,UF,31,15,female,149850.39748828,12232.6212884666,140819.28068281,4093.65856570385,10485.2781120453,4,-9031.11680547,-0.0602675532187116
2019,UF,31,15,male,160133.33941253,12619.5316747262,165596.334051973,3203.84689507897,11080.552936219,4,5462.99463944248,0.0341152857954763
2019,UF,31,16,combined,297361.59126238,16494.7080270786,325092.59157796,3796.33272770334,16130.7693424606,4,27731.00031558,0.0932568331971
2019,UF,31,16,female,154414.44547959,11615.6619895562,159893.007195683,5280.38223036863,11298.5293539738,4,5478.56171609249,0.0354795932406248
2019,UF,31,16,male,142947.14578279,11768.6116721559,165199.584382278,2396.26894513424,11343.0996480295,4,22252.4385994875,0.155668995541194
2019,UF,31,17,combined,303892.9577917,17902.6720649466,301825.719680908,14092.4132653983,15408.5872138748,4,-2067.23811079253,-0.00680252061717566
2019,UF,31,17,female,147562.41401234,11486.9972002509,149618.723304548,5365.1001844324,10098.4296544335,4,2056.30929220747,0.0139351833322238
2019,UF,31,17,male,156330.54377936,13575.4816634346,152206.99637636,10644.0257032345,11411.8759270726,4,-4123.547403,-0.0263771065033833
2019,UF,31,18,combined,313804.13502711,16481.7644633652,315287.462856423,8567.57726453652,15456.5917420469,4,1483.32782931253,0.00472692250911348
2019,UF,31,18,female,156351.14817399,11258.0130969931,160767.802750533,5858.02427876583,10955.1891372603,4,4416.65457654253,0.0282483027986952
2019,UF,31,18,male,157452.98685312,12723.9693757063,154519.66010589,5846.24831628928,10859.7987595023,4,-2933.32674722999,-0.0186298577490076
2019,UF,31,19,combined,320373.2569052,17645.6450042794,315910.28694884,10450.3497713331,15475.7388904531,4,-4462.96995636,-0.0139305321532522
2019,UF,31,19,female,165535.28098206,12274.8731243516,149434.545771595,1618.8735139265,10554.5724442241,4,-16100.735210465,-0.0972646744243599
2019,UF,31,19,male,154837.97592314,11971.0146302201,166475.741177245,9597.65325372079,11243.6577155548,4,11637.765254105,0.0751609234409127
2019,UF,32,14,combined,50689.25120178,3707.91976142429,52721.751763395,3256.83773552019,3804.7495030472,4,2032.50056161499,0.0400972694097249
2019,UF,32,14,female,23272.27358826,2450.72701432647,26226.3223329475,2161.14077391583,2638.41028014242,4,2954.0487446875,0.126934256486986
2019,UF,32,14,male,27416.97761352,2916.81853037972,26495.4294304475,1223.57590329002,2640.52269723315,4,-921.5481830725,-0.0336123184715321
2019,UF,32,15,combined,53714.70895588,4061.84261150974,53271.670777385,1582.30524691465,3721.678718255,4,-443.038178495001,-0.00824798620539677
2019,UF,32,15,female,23139.9280069,2554.35412060821,23876.1673367275,885.702104756455,2464.75311103769,4,736.239329827498,0.0318168375289656
2019,UF,32,15,male,30574.78094898,3289.37122278291,29395.5034406575,1007.70846492471,2895.00072612283,4,-1179.2775083225,-0.0385702684277724
2019,UF,32,16,combined,50082.40746838,4004.28735914719,57053.52112983,4715.40013645462,3923.87769398589,4,6971.11366145,0.139192862600531
2019,UF,32,16,female,28208.53060644,3021.19520002611,29045.39227816,3412.71004431015,2873.55980788682,4,836.861671719998,0.0296669714348376
2019,UF,32,16,male,21873.87686194,2403.80141441482,28008.12885167,1392.38421901991,2525.47129237199,4,6134.25198973,0.280437346724002
2019,UF,32,17,combined,63097.98722613,4625.45367831551,63153.2883454275,2805.12941263481,5327.67886570702,4,55.3011192975027,0.000876432382847889
2019,UF,32,17,female,33494.05298198,3348.68765071601,33456.320634375,1833.2779917121,4329.63089141982,4,-37.7323476050005,-0.00112653872092759
2019,UF,32,17,male,29603.93424415,3036.36099586307,29696.9677110525,1589.23406913227,2755.93864635521,4,93.0334669024997,0.00314260483539899
2019,UF,32,18,combined,60388.87175515,4195.25834146618,58035.509924835,3544.26928644968,3916.15361942842,4,-2353.361830315,-0.038970124162227
2019,UF,32,18,female,30954.81565697,3059.11281281469,28216.29249093,1658.82895384095,2814.73516326295,4,-2738.52316604,-0.088468404928891
2019,UF,32,18,male,29434.05609818,2772.37769209155,29819.217433905,2695.66666305617,2640.16354595847,4,385.161335724999,0.013085567766816
2019,UF,32,19,combined,53258.9114921,3714.14395301262,58332.7481663125,2541.86499501618,4092.25516893883,4,5073.8366742125,0.0952673746433048
2019,UF,32,19,female,29757.06207231,2774.33514423727,30332.2455826,1263.32449985106,2945.27794244375,4,575.18351029,0.01932931110243
2019,UF,32,19,male,23501.84941979,2391.25109926577,28000.5025837125,1796.1540601141,2591.24060708996,4,4498.6531639225,0.19141698525795
2019,UF,33,14,combined,232719.42880724,14024.2488435567,222482.76435031,13992.8872120819,11766.8176198785,4,-10236.66445693,-0.0439871501464064
2019,UF,33,14,female,123261.96710777,10045.9448855859,116367.72619947,7016.70069259161,8417.13843104801,4,-6894.24090830001,-0.0559316151613276
2019,UF,33,14,male,109457.46169947,9180.34166131827,106115.03815084,7130.36921923199,7992.73573147153,4,-3342.42354863,-0.0305362786303877
2019,UF,33,15,combined,233985.9267801,12942.6064185341,219621.609594858,11982.5562922283,11294.6972576709,4,-14364.3171852425,-0.0613896629720902
2019,UF,33,15,female,107526.56150841,8808.04815985658,107457.651299983,7522.87144930864,7743.96482155423,4,-68.9102084274928,-0.000640866846859072
2019,UF,33,15,male,126459.36527169,9692.78903625372,112163.958294875,6826.02632704385,8163.53916673369,4,-14295.406976815,-0.113043481960408
2019,UF,33,16,combined,224587.60311516,13297.5920164795,218953.560937815,7262.96269249629,11212.3432277152,4,-5634.04217734499,-0.0250861672647892
2019,UF,33,16,female,117789.19048684,10548.1367330162,106952.383685557,5875.64262602358,8193.58980553197,4,-10836.8068012825,-0.0920017087857757
2019,UF,33,16,male,106798.41262832,8452.06641119271,112001.177252258,4984.09389955685,7577.49484339206,4,5202.7646239375,0.0487157486323713
2019,UF,33,17,combined,201117.4652302,11126.899852279,212180.963252083,9938.23997279946,10966.6635221584,4,11063.4980218825,0.0550101305683182
2019,UF,33,17,female,100377.07957986,8598.81430091888,102961.274950908,12543.8181258743,7940.96690004098,4,2584.19537104751,0.0257448750438243
2019,UF,33,17,male,100740.38565034,7848.18305731717,109219.688301175,3108.60297937076,7572.73542051272,4,8479.302650835,0.0841698450536593
2019,UF,33,18,combined,226204.63723535,12836.4810830892,229509.113980105,11989.9737129281,11403.6395301589,4,3304.476744755,0.0146083510273793
2019,UF,33,18,female,124666.02231218,9834.17536633793,116745.272343188,7363.20713658883,8235.31418751974,4,-7920.74996899249,-0.0635357559508709
2019,UF,33,18,male,101538.61492317,7937.00169113504,112763.841636918,7127.930670868,7812.48043839414,4,11225.2267137475,0.110551308211572
2019,UF,33,19,combined,274764.47428459,14789.5017451326,254027.409368745,10069.9886082686,13084.142215205,4,-20737.064915845,-0.0754721474449655
2019,UF,33,19,female,136518.20508366,10719.6316373332,125909.51541962,13734.3166402724,9264.80602045353,4,-10608.68966404,-0.0777089741074376
2019,UF,33,19,male,138246.26920093,9776.53657617812,128117.893949125,6359.35638521017,8922.56317501156,4,-10128.375251805,-0.0732632808852454
2019,UF,35,14,combined,543842.06754532,31928.9848388379,566990.920471583,12489.1584235167,29916.5008676588,4,23148.8529262624,0.0425653959259659
2019,UF,35,14,female,272290.61150501,21582.4997075188,274062.956571268,6621.24679992391,19852.5741661433,4,1772.34506625752,0.006509020110761
2019,UF,35,14,male,271551.45604031,23592.4768260461,292927.963900315,6913.07922515915,22087.5183608821,4,21376.507860005,0.0787199161871989
2019,UF,35,15,combined,658710.15607306,41147.1064589766,596671.545804635,27633.6401636984,32401.3607007471,4,-62038.6102684251,-0.0941819549865026
2019,UF,35,15,female,341405.52239882,32014.0141058408,293747.673370383,23345.4163712667,22871.0942936054,4,-47657.8490284375,-0.139593081838802
2019,UF,35,15,male,317304.63367424,26617.9806885493,302923.872434253,8745.37942741605,22635.2714815179,4,-14380.7612399874,-0.0453216238082152
2019,UF,35,16,combined,627237.30477323,33967.4926151929,608471.673657495,23646.9673685418,30878.9335912593,4,-18765.631115735,-0.0299179130018734
2019,UF,35,16,female,315474.04986769,25184.6118971662,312787.595767433,16161.4535739896,22303.0135625682,4,-2686.45410025754,-0.00851561040086892
2019,UF,35,16,male,311763.25490554,23552.7043558408,295684.077890063,21780.2136123743,21395.1539218296,4,-16079.1770154775,-0.0515749587626973
2019,UF,35,17,combined,630625.33620797,37226.3023847646,653676.645901345,5291.33067882089,33771.7140952742,4,23051.3096933749,0.0365530979646098
2019,UF,35,17,female,316984.03782996,26418.5951316275,331143.590505058,12512.2710718376,24335.100979265,4,14159.5526750975,0.0446696078831992
2019,UF,35,17,male,313641.29837801,25740.7481986717,322533.055396288,16166.2951407909,22741.4467859536,4,8891.75701827748,0.0283500835644446
2019,UF,35,18,combined,684385.79865398,41701.4510759541,679145.851210035,39796.8200527282,34026.2941752978,4,-5239.94744394498,-0.00765642340073491
2019,UF,35,18,female,345724.1603555,27742.7597413377,335430.017597105,14509.141265284,23363.373929573,4,-10294.142758395,-0.0297755955146721
2019,UF,35,18,male,338661.63829848,26761.8678072723,343715.83361293,26495.7188567775,23931.7798881076,4,5054.19531445002,0.0149240266474926
2019,UF,35,19,combined,658811.02702208,39564.3812662953,696787.539044668,22850.3038290934,35388.3556702909,4,37976.5120225875,0.0576440139355996
2019,UF,35,19,female,310256.18090868,23263.0699376356,345667.473153318,7805.7105676294,23559.7469925745,4,35411.2922446374,0.114135654416053
2019,UF,35,19,male,348554.8461134,29864.8196468894,351120.06589135,16159.2570522427,23908.2114567392,4,2565.21977794997,0.00735958718277408
2019,UF,41,14,combined,157441.97306899,9843.30733682968,168473.294686933,10411.8805343908,11222.7130293803,4,11031.3216179425,0.0700659513019991
2019,UF,41,14,female,77567.01883676,6818.05819993736,80943.043204165,2807.27134328369,6785.59905356346,4,3376.024367405,0.0435239669905305
2019,UF,41,14,male,79874.95423223,7227.99988772837,87530.2514827675,8456.11384464211,8307.59903921962,4,7655.29725053751,0.0958410220590593
2019,UF,41,15,combined,169404.28612965,10390.0873804463,169712.141248498,2041.91174162784,10313.0466634431,4,307.85511884751,0.00181728057702094
2019,UF,41,15,female,79245.78375892,7402.35080227977,82054.45350157,1007.64162688245,7088.48935288116,4,2808.66974265,0.0354425132723084
2019,UF,41,15,male,90158.50237073,7648.40420730649,87657.6877469275,2986.80864169679,6923.70431988432,4,-2500.81462380249,-0.0277379787601084
2019,UF,41,16,combined,150528.07194368,9961.01412279372,153300.298361828,5748.96449018304,9170.90160655379,4,2772.2264181475,0.018416673928998
2019,UF,41,16,female,81832.63616085,7943.23528138487,78587.797470655,2948.46514388786,6952.714977719,4,-3244.838690195,-0.0396521344346888
2019,UF,41,16,male,68695.43578283,6409.66811603895,74712.5008911725,7954.76933226357,6204.81054489755,4,6017.0651083425,0.0875904641956785
2019,UF,41,17,combined,153104.30368753,10350.2334183301,157035.64925944,6968.51722043531,9744.54393358143,4,3931.34557191,0.0256775640999189
2019,UF,41,17,female,71008.04261757,6653.64308003338,76829.4695955425,2179.83260288653,7371.57618692292,4,5821.4269779725,0.0819826425764913
2019,UF,41,17,male,82096.26106996,7574.76354424673,80206.1796638975,5264.87911554869,6213.03690770662,4,-1890.08140606251,-0.0230227464860043
2019,UF,41,18,combined,170970.64379068,11472.0854867608,166408.691288468,8717.32537170695,9782.47047943529,4,-4561.95250221252,-0.0266826655212092
2019,UF,41,18,female,73490.64403484,7042.90873004424,80633.8811548375,7400.43580517669,7025.70171586648,4,7143.23711999749,0.0971992722857492
2019,UF,41,18,male,97479.99975584,8658.70855463031,85774.81013363,5168.36825238021,6827.18270550725,4,-11705.18962221,-0.120077858550761
2019,UF,41,19,combined,192892.99094262,11613.8831793171,179737.209174555,11804.7284596838,11580.3912577169,4,-13155.781768065,-0.0682024873157701
2019,UF,41,19,female,87702.09520893,7360.06032218422,87827.365016005,8261.99485178008,8411.73925143754,4,125.269807075005,0.00142835592213137
2019,UF,41,19,male,105190.89573369,8580.95031122658,91909.84415855,4861.1037581835,6916.45745123812,4,-13281.05157514,-0.126256663967987
2019,UF,42,14,combined,108869.50420376,6042.6694370551,101531.542140245,1847.4734021398,5249.51990949028,4,-7337.96206351501,-0.067401446504076
2019,UF,42,14,female,52634.43644542,4358.83355396615,49180.30800002,2465.35135633406,3695.46519907814,4,-3454.1284454,-0.0656248775263663
2019,UF,42,14,male,56235.06775834,4293.925441558,52351.234140225,3598.20885786705,3778.62217784644,4,-3883.833618115,-0.0690642649317161
2019,UF,42,15,combined,99470.23224545,5745.46946812557,98379.69324313,5869.81257363724,5278.43628749666,4,-1090.53900232,-0.0109634709571102
2019,UF,42,15,female,49358.0792148,4173.91318092098,49455.270165955,3602.92683824227,3707.23632656937,4,97.1909511550039,0.00196909913637525
2019,UF,42,15,male,50112.15303065,4110.51947656392,48924.423077175,2386.55478566118,3702.06197505847,4,-1187.729953475,-0.0237014353134767
2019,UF,42,16,combined,88096.24583407,5600.87991384294,92865.888252075,4756.98486429173,4970.31723788152,4,4769.64241800501,0.0541412675744284
2019,UF,42,16,female,48966.09224799,4078.65143083964,45680.839079305,3346.41652051152,3495.0735164525,4,-3285.253168685,-0.0670924106429966
2019,UF,42,16,male,39130.15358608,3820.70852277319,47185.04917277,1493.08755600418,3583.14454845173,4,8054.89558669,0.205848810916894
2019,UF,42,17,combined,109366.82127391,6485.57590026448,98969.067591335,1490.06532062492,5478.4014264079,4,-10397.753682575,-0.0950722857395091
2019,UF,42,17,female,59017.2421005,5084.94887304857,52448.991229975,696.879151856792,4005.93552827861,4,-6568.250870525,-0.111293761564459
2019,UF,42,17,male,50349.57917341,3908.85127030954,46520.07636136,1838.15248844016,3554.09068369867,4,-3829.50281205,-0.0760582883694168
2019,UF,42,18,combined,98657.64403439,5562.66383570228,106555.080163448,4379.50532101104,5472.15777980331,4,7897.4361290575,0.0800489025088073
2019,UF,42,18,female,50589.49701683,4161.36125633808,50819.2919205075,2796.51641416118,3844.65404669507,4,229.794903677503,0.00454234410753392
2019,UF,42,18,male,48068.14701756,3996.62777195996,55735.78824294,3582.45261080842,3962.94787771241,4,7667.64122538,0.159516055873319
2019,UF,42,19,combined,115643.89917399,7046.60083733988,111323.453805473,4342.94100322119,6046.67319049209,4,-4320.4453685175,-0.0373599074346088
2019,UF,42,19,female,63319.65506467,4819.53355787193,58625.3524126925,2851.21869751384,4202.09203348181,4,-4694.30265197749,-0.0741365796636618
2019,UF,42,19,male,52324.24410932,4281.86285099263,52698.10139278,3152.04582462148,3776.87935161862,4,373.857283459998,0.00714501068909673
2019,UF,43,14,combined,143517.50341455,9648.70663843624,145128.49800487,11798.6776114214,9909.75229220344,4,1610.99459031998,0.0112250739595618
2019,UF,43,14,female,64901.34171123,6744.50648813362,69867.090140495,7102.94575079291,6378.06909226069,4,4965.748429265,0.0765122615085439
2019,UF,43,14,male,78616.16170332,7193.87999510563,75261.407864375,4918.54810681739,6776.73403007584,4,-3354.75383894501,-0.0426725722327313
2019,UF,43,15,combined,149327.50073384,9249.26434804642,152089.930227918,4303.18779473055,9099.7146497361,4,2762.42949407751,0.0184991343222254
2019,UF,43,15,female,75799.21772803,6881.92176185835,75156.382155355,4111.69788726105,6211.82981076597,4,-642.835572674987,-0.0084807679016095
2019,UF,43,15,male,73528.28300581,6662.21347819731,76933.5480725625,2470.40488909257,6420.06562168513,4,3405.2650667525,0.0463123158537977
2019,UF,43,16,combined,152790.12117672,10466.5520207131,150732.019883693,5747.57319131111,9539.91329672205,4,-2058.10129302749,-0.0134701201699228
2019,UF,43,16,female,66503.65055106,6666.98475176352,74604.04929661,3459.63738222339,7132.54543664191,4,8100.39874555,0.121803820969658
2019,UF,43,16,male,86286.47062566,7618.55973222076,76127.9705870825,8372.508996479,6281.26006075963,4,-10158.5000385775,-0.117729928746866
2019,UF,43,17,combined,146494.35604117,9853.37722844757,146609.547058733,6750.36667613117,8988.3515493653,4,115.191017562494,0.000786317102415343
2019,UF,43,17,female,70515.42664006,6535.94227708704,72573.4207364975,3601.85269464838,6165.51351929297,4,2057.9940964375,0.0291850194276262
2019,UF,43,17,male,75978.92940111,6952.26291914818,74036.126322235,3712.41831660605,6316.47493938414,4,-1942.80307887499,-0.0255702876335423
2019,UF,43,18,combined,150981.58293396,10448.9249005752,158869.679948165,6434.61133750856,9455.9510667067,4,7888.09701420501,0.0522454253089617
2019,UF,43,18,female,72799.45919776,8545.38221975528,77396.82927024,8839.87639547168,7188.1386853897,4,4597.37007248,0.0631511569336144
2019,UF,43,18,male,78182.1237362,6518.98719536152,81472.850677925,2868.30671143249,6226.97428348387,4,3290.72694172501,0.0420905289402023
2019,UF,43,19,combined,172026.30762084,12094.8308657459,164995.422217005,2634.75913416524,10294.3329559534,4,-7030.88540383501,-0.0408709894496582
2019,UF,43,19,female,76481.95286897,7417.73477277576,76248.85158484,5057.96631210298,6635.90606322526,4,-233.101284129996,-0.0030477946154088
2019,UF,43,19,male,95544.35475187,9412.55723749591,88746.570632165,6232.79797504744,7516.44892978273,4,-6797.784119705,-0.0711479410516607
2019,UF,50,14,combined,43409.57937465,4196.59737920033,40909.1923900125,4028.23883218332,3468.00848806643,4,-2500.3869846375,-0.0575998897169149
2019,UF,50,14,female,19777.44187274,3047.68468025461,18965.162172345,2296.3549287681,2457.77566752478,4,-812.279700395,-0.0410710194787424
2019,UF,50,14,male,23632.13750191,3039.694057586,21944.0302176675,1913.86930807739,2490.03412016137,4,-1688.1072842425,-0.0714326955869339
2019,UF,50,15,combined,41280.7128633,3817.33294742935,39836.8238369525,1208.74512965709,3214.68876159826,4,-1443.8890263475,-0.0349773278172038
2019,UF,50,15,female,18948.32636166,2518.98061946595,18206.5682739775,1457.24115576568,2083.57461004512,4,-741.758087682501,-0.0391463643556073
2019,UF,50,15,male,22332.38650164,2818.35248870774,21630.255562975,1866.41791206326,2338.84544113912,4,-702.130938665003,-0.0314400316604516
2019,UF,50,16,combined,41075.44851653,3806.97938711456,40527.4778024825,2070.58180418049,3279.58737285808,4,-547.9707140475,-0.0133405899104664
2019,UF,50,16,female,16436.04012114,2255.94599093681,18154.61834193,1273.74188370156,2177.2108073194,4,1718.57822079,0.104561573719911
2019,UF,50,16,male,24639.40839539,2755.71096630928,22372.8594605525,1050.97483911973,2356.72172691514,4,-2266.5489348375,-0.0919887725576061
2019,UF,50,17,combined,40872.14897078,3891.05644528948,40753.6427038225,1952.54423405485,3241.56918948274,4,-118.506266957498,-0.00289943812453365
2019,UF,50,17,female,19743.76973316,2483.00903615874,21145.9228630825,2080.66986858188,2374.70276225164,4,1402.1531299225,0.0710174981208154
2019,UF,50,17,male,21128.37923762,2864.66752662431,19607.71984074,1665.42644356728,2272.15455048889,4,-1520.65939688,-0.0719723637945877
2019,UF,50,18,combined,46553.33295168,3871.59870270477,39068.885059815,1558.16390052185,3184.96944815277,4,-7484.447891865,-0.160771472573907
2019,UF,50,18,female,22643.79687974,2784.38102905384,17457.1979777025,1331.50390467401,2105.14756223666,4,-5186.5989020375,-0.229051644014617
2019,UF,50,18,male,23909.53607194,2825.29244778816,21611.6870821125,632.543323474544,2490.07127138279,4,-2297.8489898275,-0.0961059630313878
2019,UF,50,19,combined,43278.82277803,4362.63962623366,44446.7718414775,1158.54756275412,3854.13943858974,4,1167.9490634475,0.026986618130482
2019,UF,50,19,female,19981.28536658,2784.48018070299,21796.3903131375,1274.88412214463,2593.65779417579,4,1815.1049465575,0.0908402494262648
2019,UF,50,19,male,23297.53741145,2802.13388541482,22650.38152834,411.136937777089,2646.06884386669,4,-647.155883110001,-0.0277778664620555
2019,UF,51,14,combined,55970.72252334,4409.0389875932,54183.113620865,3047.94555392618,4256.99086965918,4,-1787.608902475,-0.0319382852656505
2019,UF,51,14,female,26958.27931236,3104.03952231853,25931.9833788725,1826.87870570797,2930.16352096732,4,-1026.2959334875,-0.038069786338958
2019,UF,51,14,male,29012.44321098,3430.05520419625,28251.1302419925,1333.63941717204,3022.34624260447,4,-761.312968987499,-0.0262409119925265
2019,UF,51,15,combined,52653.48098074,4816.23753326124,51417.0527380225,5806.14813370098,4089.44276591479,4,-1236.42824271751,-0.023482364692465
2019,UF,51,15,female,22796.27703638,2985.1306482111,23474.1586667075,2312.3142521932,2710.04317844653,4,677.881630327498,0.0297365060639368
2019,UF,51,15,male,29857.20394436,3566.86981625756,27942.894071315,4758.62077280247,2939.95259484091,4,-1914.309873045,-0.0641155105016661
2019,UF,51,16,combined,54035.33066111,5033.18480146353,57118.21357767,1824.75462046712,4440.20311626846,4,3082.88291656,0.0570530961658165
2019,UF,51,16,female,25804.48077134,3196.47559359214,29674.63781813,3075.24517239305,3195.59804089099,4,3870.15704679,0.149980039555317
2019,UF,51,16,male,28230.84988977,3919.00255362146,27443.57575954,3372.06957070889,2957.11880832874,4,-787.274130230002,-0.0278870148544584
2019,UF,51,17,combined,51439.25043615,4415.32115372971,51945.0416314725,2410.14388778191,4279.86133802585,4,505.791195322498,0.00983278704557176
2019,UF,51,17,female,25015.23558453,3055.57556880446,25461.211051375,1356.50672707283,3146.15212540167,4,445.975466845001,0.0178281537800428
2019,UF,51,17,male,26424.01485162,3107.09451600765,26483.8305800975,2761.81649154567,2817.01962424846,4,59.8157284775007,0.00226368811906089
2019,UF,51,18,combined,53300.08139914,6237.93754243006,49289.57992341,3334.38739922549,4387.71929021636,4,-4010.50147573,-0.0752438152147871
2019,UF,51,18,female,22752.45597623,3717.14154659569,23308.485418655,1591.30346694813,2995.40131929689,4,556.029442424999,0.0244382163844596
2019,UF,51,18,male,30547.62542291,3892.41092958109,25981.094504755,1892.47911799024,3013.24328506526,4,-4566.530918155,-0.149488899871419
2019,UF,51,19,combined,64535.06527299,6762.72303219559,60682.035384,3675.37922044215,5272.34195483919,4,-3853.02988899,-0.0597044393259895
2019,UF,51,19,female,29290.13068034,3988.96621668936,27723.970400315,4546.63115231837,3369.36098568151,4,-1566.160280025,-0.0534705801458316
2019,UF,51,19,male,35244.93459265,4803.4752294145,32958.064983685,2732.3537764432,3521.21826668445,4,-2286.869608965,-0.0648850575379393
2019,UF,52,14,combined,107661.28144086,8902.62956725995,110639.481582007,966.92809273148,7293.66100513469,4,2978.20014114751,0.0276626852410583
2019,UF,52,14,female,60050.34301573,6962.02097929282,56795.323585925,6211.90869991523,5591.12327716287,4,-3255.01942980501,-0.0542048432421504
2019,UF,52,14,male,47610.93842513,5607.7905097834,53844.1579960825,5462.25248076306,5099.76536627693,4,6233.2195709525,0.130919905742973
2019,UF,52,15,combined,107418.0159979,9311.14122961819,116497.30463663,7816.30659646575,8708.12880068255,4,9079.28863873,0.0845229597138295
2019,UF,52,15,female,52754.14351525,6772.75834917667,57347.2467095225,4058.80502482628,5987.31846467691,4,4593.1031942725,0.0870662072817985
2019,UF,52,15,male,54663.87248265,5976.58269967845,59150.0579271075,4829.83224366487,5980.00363062099,4,4486.18544445751,0.0820685626668948
2019,UF,52,16,combined,102054.76701056,8388.04900893184,115824.2867512,3850.39220113711,7879.65370150184,4,13769.51974064,0.134922847251371
2019,UF,52,16,female,48634.36047138,5854.13222035542,55314.505430605,1955.20942651065,5386.10074607973,4,6680.144959225,0.137354432020466
2019,UF,52,16,male,53420.40653918,6171.01516780056,60509.781320595,2398.3175779082,5668.63980093497,4,7089.374781415,0.132709113252732
2019,UF,52,17,combined,100446.09103055,8675.77477375761,101189.959594493,4208.6236282538,7541.55524956881,4,743.868563942509,0.00740564970035784
2019,UF,52,17,female,48432.21322424,5912.85232778474,50237.26808246,305.840931539268,5149.30987035765,4,1805.05485822001,0.037269716538921
2019,UF,52,17,male,52013.87780631,5984.43454219335,50952.6915120325,4290.12572281949,5265.62187955929,4,-1061.1862942775,-0.02040198383649
2019,UF,52,18,combined,125213.04561931,10262.7171514384,111056.859125668,6889.31715896082,8415.14480712197,4,-14156.1864936425,-0.113056801898119
2019,UF,52,18,female,59494.03102567,6600.72025506554,52688.449288335,3602.33075921846,5568.54361873631,4,-6805.58173733501,-0.114391000576152
2019,UF,52,18,male,65719.01459364,7268.8509675596,58368.4098373325,7309.06291684389,6005.32601251287,4,-7350.6047563075,-0.111848980112658
2019,UF,52,19,combined,123416.80653046,8956.01216287455,117316.185361005,7267.8727212351,7750.5828743746,4,-6100.621169455,-0.0494310405605037
2019,UF,52,19,female,62320.7596587,6488.99261252847,56175.555068445,3969.32082214802,5375.48796923955,4,-6145.204590255,-0.0986060603867676
2019,UF,52,19,male,61096.04687176,6327.93986133786,61140.63029256,3707.37169884921,5815.6627091028,4,44.5834208000015,0.000729726767651296
2019,UF,53,14,combined,48643.17726352,4704.14293069267,46041.0412663025,1766.2394331111,3879.66903237044,4,-2602.13599721751,-0.0534943674242468
2019,UF,53,14,female,27704.56573363,3498.25616177529,24692.1241546425,1869.2320229328,3031.37974031256,4,-3012.4415789875,-0.108734481094239
2019,UF,53,14,male,20938.61152989,3336.19162301155,21348.91711166,1565.95760262176,2574.3825487517,4,410.305581770001,0.019595644208991
2019,UF,53,15,combined,47857.32591302,5793.5481557726,45154.5959325325,3533.67368659651,4129.30829885856,4,-2702.7299804875,-0.0564747387975599
2019,UF,53,15,female,28102.3985942,5014.0877551297,25389.1010909675,3543.30573322528,3207.17398191414,4,-2713.2975032325,-0.0965503885420119
2019,UF,53,15,male,19754.92731882,3330.95937627176,19765.494841565,954.360937436295,2760.51946003779,4,10.567522745001,0.000534930985796827
2019,UF,53,16,combined,45482.75525374,5560.1579553889,42700.28334412,3299.14206651334,4016.33196840659,4,-2782.47190961999,-0.0611764149752382
2019,UF,53,16,female,20549.08269677,3015.01481146552,20023.1534331925,2869.72184140267,2505.1888132526,4,-525.929263577502,-0.0255938073411019
2019,UF,53,16,male,24933.67255697,4186.60493559432,22677.1299109275,1971.00655599088,2949.09675658799,4,-2256.5426460425,-0.0905018160035034
2019,UF,53,17,combined,51757.80227712,4906.67444583855,44025.798739945,3671.21978957004,4129.92603344372,4,-7732.003537175,-0.149388173318808
2019,UF,53,17,female,26012.28034202,3789.0004008323,22716.5474523075,1656.76113432693,3146.85075584756,4,-3295.7328897125,-0.126699114663492
2019,UF,53,17,male,25745.5219351,3056.74839125699,21309.2512876375,2417.00667692635,2628.28775366814,4,-4436.2706474625,-0.172312321290109
2019,UF,53,18,combined,54471.43706976,4886.64815799282,52851.5282595125,3833.48846833815,4306.49328448187,4,-1619.9088102475,-0.0297386831959827
2019,UF,53,18,female,25247.16259745,3288.06936312856,26232.915537755,3895.25262912707,3145.17226385813,4,985.752940304999,0.0390441078873775
2019,UF,53,18,male,29224.27447231,3598.38235301538,26618.6127217575,1030.50514366414,3124.05842267912,4,-2605.6617505525,-0.0891608704613477
2019,UF,53,19,combined,62738.30804002,6661.30476050498,49597.2388295425,7394.57092249031,4269.12815374781,4,-13141.0692104775,-0.209458457217159
2019,UF,53,19,female,30826.52124286,4276.00586529267,25144.8509775025,5166.4984059445,3004.9469678942,4,-5681.6702653575,-0.184311107328514
2019,UF,53,19,male,31911.78679716,3988.6631894623,24452.38785204,2963.98852895026,2789.59094064384,4,-7459.39894512,-0.23375058853752
2022,Brazil,Brazil,14,combined,2868696.94027679,57480.8374035971,2975955.16127336,8406.217581762,56451.1601580008,4,107258.22099657,0.0373891781633165
2022,Brazil,Brazil,14,female,1358952.86947822,38363.9040305043,1405477.98635894,11425.8047314835,35991.5881857284,4,46525.1168807177,0.034236004739871
2022,Brazil,Brazil,14,male,1509744.07079857,41396.2770539053,1570477.17491442,15569.3830312405,39763.6267920828,4,60733.1041158524,0.0402274168784965
2022,Brazil,Brazil,15,combined,3102671.42104131,65583.9799862101,3023283.02962253,72371.565233504,53687.1528045689,4,-79388.3914187825,-0.0255871088637992
2022,Brazil,Brazil,15,female,1517699.45902159,50417.7795404288,1497993.83517758,47465.1504726482,38348.4729329113,4,-19705.6238440075,-0.0129838774909435
2022,Brazil,Brazil,15,male,1584971.96201972,41350.8318888107,1525289.19444495,28252.3421255123,36406.435733152,4,-59682.767574775,-0.0376554090576603
2022,Brazil,Brazil,16,combined,3104581.23732761,60604.6371007583,3129773.48864761,55608.6322581403,53587.3015538592,4,25192.2513200026,0.00811454086532064
2022,Brazil,Brazil,16,female,1500047.35547692,42659.8411095351,1528797.67303976,26192.4015244426,37175.9282665063,4,28750.3175628425,0.0191662732898867
2022,Brazil,Brazil,16,male,1604533.88185069,42851.1399443636,1600975.81560785,33491.6039123968,38049.3768840774,4,-3558.06624284014,-0.00221750770306964
2022,Brazil,Brazil,17,combined,3065852.32112912,54632.8909172891,3072915.6294162,21729.7716582681,50604.7379741117,4,7063.30828707526,0.00230386448766518
2022,Brazil,Brazil,17,female,1526996.18753947,39253.0229935665,1488382.85813763,16980.3350784368,35265.5078113427,4,-38613.3294018423,-0.0252871157878017
2022,Brazil,Brazil,17,male,1538856.13358965,38397.6543217584,1584532.77127857,15278.9125087151,35709.5720294431,4,45676.6376889176,0.0296822014039538
2022,Brazil,Brazil,18,combined,3192057.39737397,60269.0884351862,3094882.45162982,41194.0916863371,51057.2812027619,4,-97174.9457441499,-0.0304427313318656
2022,Brazil,Brazil,18,female,1555654.47324681,41260.2304117385,1531423.90882563,25701.9483575143,36591.4025200398,4,-24230.5644211799,-0.0155758009492997
2022,Brazil,Brazil,18,male,1636402.92412716,43182.5005663301,1563458.54280419,16805.2537335008,35242.9278969489,4,-72944.3813229702,-0.0445760516847511
2022,Brazil,Brazil,19,combined,2961155.68299882,59300.7803522996,3002423.23973124,60173.1359090818,52241.5456441082,4,41267.5567324222,0.0139363009413371
2022,Brazil,Brazil,19,female,1488779.65531569,42068.4616441727,1498387.98863885,23925.1839401608,37025.7104398069,4,9608.33332315995,0.0064538316928589
2022,Brazil,Brazil,19,male,1472376.02768313,39348.1966777009,1504035.25109239,37418.1923654228,35614.4561541475,4,31659.2234092625,0.021502131801942
2022,UF,11,14,combined,29828.65180293,4274.95504589863,23422.6505884125,3163.47158236378,2674.3425116759,4,-6406.0012145175,-0.21475999843507
2022,UF,11,14,female,15128.79867577,3787.67832495748,11916.3907109,1281.58913765064,2038.16570862661,4,-3212.40796487,-0.212337280290135
2022,UF,11,14,male,14699.85312716,2025.28183872361,11506.2598775125,1903.93860858814,1638.1795626175,4,-3193.5932496475,-0.217253412127424
2022,UF,11,15,combined,28454.81788618,3482.15552013831,28509.6960077875,437.133387559384,3162.87182900471,4,54.8781216075004,0.00192860561705277
2022,UF,11,15,female,13021.68872137,2379.24932372712,15605.9912389975,702.03358311247,2449.48753711952,4,2584.3025176275,0.198461395670316
2022,UF,11,15,male,15433.12916481,2669.40180237981,12903.70476879,1040.698408921,1977.89671766924,4,-2529.42439602,-0.163895757562082
2022,UF,11,16,combined,27952.95429614,3138.5448687216,27348.553740545,3426.42317853577,2913.93503303704,4,-604.400555594999,-0.0216220635998557
2022,UF,11,16,female,13542.42343753,2196.52709900937,12958.442529135,2720.76333220087,1977.038810681,4,-583.980908395,-0.043122334129401
2022,UF,11,16,male,14410.53085861,2167.73275267822,14390.11121141,1107.58211063425,1982.45299769626,4,-20.4196472000003,-0.00141699479362344
2022,UF,11,17,combined,28104.46286933,3444.19920900084,26588.7624562525,2028.14656229805,2925.37608840906,4,-1515.7004130775,-0.0539309511135174
2022,UF,11,17,female,14242.96118578,2614.34240795188,12619.0340921775,1309.38435148742,2081.5455833706,4,-1623.9270936025,-0.114016114515836
2022,UF,11,17,male,13861.50168355,2147.85077604218,13969.728364075,1619.70963918569,1911.83381519272,4,108.226680525,0.00780771686904869
2022,UF,11,18,combined,27808.83402633,3870.95982608745,28514.3346635825,4177.56593809396,3468.05246671372,4,705.500637252499,0.0253696590293759
2022,UF,11,18,female,12736.64690322,2585.26315262065,13644.8088413375,3372.24179913584,2197.4025808902,4,908.161938117501,0.0713030631231447
2022,UF,11,18,male,15072.18712311,2785.05994612576,14869.525822245,1258.58255479508,2586.90760546877,4,-202.661300865,-0.01344604463902
2022,UF,11,19,combined,29848.73520486,4647.43782001465,27669.5835651875,2953.67425251087,3578.5766121614,4,-2179.1516396725,-0.0730064984233465
2022,UF,11,19,female,17477.25994567,3939.9623945341,16154.97837448,3604.38855910913,2812.96895846821,4,-1322.28157119,-0.0756572583631793
2022,UF,11,19,male,12371.47525919,2460.56059354278,11514.6051907075,1759.99332068677,2008.71341175654,4,-856.8700684825,-0.069261753390808
2022,UF,12,14,combined,16707.32268065,1583.47564198605,15975.309706975,761.59429236744,1470.96529840926,4,-732.012973674999,-0.0438139005073983
2022,UF,12,14,female,9375.16493927,1202.95536564841,8164.563123155,806.277669828741,946.90931623121,4,-1210.601816115,-0.129128588558919
2022,UF,12,14,male,7332.15774138,1041.39929751079,7810.74658382,383.302104655455,1017.32050005328,4,478.588842440001,0.0652725785942959
2022,UF,12,15,combined,17988.97951601,1644.34901483598,17193.60223609,1371.46858265828,1365.3721183824,4,-795.377279920001,-0.0442146970711776
2022,UF,12,15,female,8166.20976321,1063.50783199999,8001.328507425,1279.59108246995,878.717914387177,4,-164.881255785001,-0.020190671139482
2022,UF,12,15,male,9822.7697528,1256.72235653716,9192.273728665,729.940901657932,1020.14680185032,4,-630.496024135002,-0.0641871936329646
2022,UF,12,16,combined,15954.5864078,1495.60036339191,16572.96415132,1042.14781582713,1481.22857898586,4,618.377743520001,0.0387586194787026
2022,UF,12,16,female,7462.81977967,1055.51445254981,8811.4540238875,567.137968478788,1078.42956311027,4,1348.6342442175,0.180713762898497
2022,UF,12,16,male,8491.76662813,1109.13416634297,7761.5101274325,1124.44907979517,1009.90833589547,4,-730.256500697501,-0.0859958278031851
2022,UF,12,17,combined,15953.27016168,1512.83498196294,15547.9482305025,1029.44014859801,1251.08739435735,4,-405.321931177501,-0.025406824247927
2022,UF,12,17,female,7138.3096896,1090.33750697407,7213.7616512375,257.37957436003,910.801801615635,4,75.4519616375001,0.0105700039530966
2022,UF,12,17,male,8814.96047208,1056.0456852972,8334.186579265,810.687168329367,895.016240121392,4,-480.773892814999,-0.054540674837712
2022,UF,12,18,combined,19114.85594269,1875.21568140302,17755.03946544,552.169029657655,1476.85993356533,4,-1359.81647725,-0.0711392479926079
2022,UF,12,18,female,9260.03087756,1273.61898809192,8682.82867293,586.802850062996,1046.76387097976,4,-577.202204630001,-0.0623326436231163
2022,UF,12,18,male,9854.82506513,1321.79753247328,9072.21079251,589.341510058045,1017.42709948761,4,-782.614272620002,-0.0794143241962944
2022,UF,12,19,combined,16681.56273997,1596.88694501443,16075.2025603925,246.729713367039,1279.22123709544,4,-606.360179577499,-0.036349123222408
2022,UF,12,19,female,7337.66059823,1051.19072967599,7596.90165469,604.013598583253,851.080207652339,4,259.24105646,0.035330205450295
2022,UF,12,19,male,9343.90214174,1186.31577533302,8478.3009057025,514.653245315467,943.950389196092,4,-865.601236037499,-0.0926380887670885
2022,UF,13,14,combined,76450.17287546,8482.52913962384,75643.8482129475,3037.3619017617,6145.49705147155,4,-806.324662512503,-0.0105470613366177
2022,UF,13,14,female,37062.94532633,5857.62253027709,36185.450357675,2854.62849251125,4272.80077537871,4,-877.494968655003,-0.0236758023661875
2022,UF,13,14,male,39387.22754913,5025.9271011051,39458.3978552725,1239.26542061604,3835.57165718761,4,71.1703061424996,0.00180693871011167
2022,UF,13,15,combined,66207.97699119,5062.65013999949,73699.533273815,4189.56628992317,5489.01995030301,4,7491.55628262501,0.113151868144557
2022,UF,13,15,female,31386.12284841,3695.01720905411,36124.050885185,2720.32614274473,3855.70790415875,4,4737.928036775,0.150956142613041
2022,UF,13,15,male,34821.85414278,3859.32488412256,37575.48238863,3363.43797258575,3610.51206007125,4,2753.62824585,0.0790775883030037
2022,UF,13,16,combined,75336.92406952,6410.88350400807,69660.5811334025,4719.78856048706,5057.60914973792,4,-5676.34293611749,-0.0753460936483076
2022,UF,13,16,female,35663.25707421,4682.34671328551,34227.9629035225,2757.12838212033,3632.5019028097,4,-1435.2941706875,-0.0402457399698761
2022,UF,13,16,male,39673.66699531,4208.69691203256,35432.61822988,3170.64398313986,3556.45002700335,4,-4241.04876543,-0.106898330470217
2022,UF,13,17,combined,75701.26064154,6271.02141586508,73893.19776803,4676.80993000225,5401.71098254474,4,-1808.06287350999,-0.0238841844665112
2022,UF,13,17,female,34263.00169594,4006.70743994812,33700.140077715,3768.21780906503,3582.16139129409,4,-562.861618225004,-0.0164276797234523
2022,UF,13,17,male,41438.2589456,4460.083565081,40193.057690315,2470.16534822485,3862.92492759905,4,-1245.201255285,-0.0300495553377302
2022,UF,13,18,combined,72053.80834427,6089.19589746266,74145.849161325,4061.52998085691,5028.43058360727,4,2092.04081705501,0.0290344239274533
2022,UF,13,18,female,41509.69910623,4443.34264275627,37340.1685667125,3438.66923782825,3659.05521563719,4,-4169.5305395175,-0.100447139567237
2022,UF,13,18,male,30544.10923804,3632.60751787021,36805.6805946125,2885.11016373289,3302.08361983593,4,6261.5713565725,0.205000948227826
2022,UF,13,19,combined,82389.65545352,8432.22165616317,79379.5017418575,3523.08536346051,6536.83442325397,4,-3010.1537116625,-0.0365355783452775
2022,UF,13,19,female,39737.38451967,5336.51595759602,39602.705661445,1762.26954843216,4341.22907168929,4,-134.678858225001,-0.00338922301638486
2022,UF,13,19,male,42652.27093385,5303.60734537714,39776.7960804125,1785.77947371719,4012.07020647628,4,-2875.4748534375,-0.0674166882672463
2022,UF,14,14,combined,9295.33188879,1241.17367188275,10315.1135037675,1173.21438993399,1250.39683182761,4,1019.7816149775,0.109709005248897
2022,UF,14,14,female,5657.31666604,1098.9025720124,5420.72062015,1035.9519357923,959.853428349036,4,-236.596045890001,-0.041821248456932
2022,UF,14,14,male,3638.01522275,684.387713238916,4894.3928836175,341.511276797277,783.217031505074,4,1256.3776608675,0.345347004875311
2022,UF,14,15,combined,10637.71047796,1298.12751846322,9834.8847333825,1327.57213052071,1230.07167181276,4,-802.8257445775,-0.0754697870599932
2022,UF,14,15,female,5874.12842244,889.650128609219,5204.5506775425,946.108576310723,867.890212547531,4,-669.5777448975,-0.113987590455057
2022,UF,14,15,male,4763.58205552,834.580644461487,4630.33405584,395.283819918416,815.89176776651,4,-133.24799968,-0.0279722272287917
2022,UF,14,16,combined,11627.57670379,1488.17731660837,10303.363745595,1021.0576664961,1207.35513669476,4,-1324.212958195,-0.113885549150011
2022,UF,14,16,female,6410.48053533,1135.27170971053,5180.3975946925,731.890632889863,860.533043193446,4,-1230.0829406375,-0.191886229723054
2022,UF,14,16,male,5217.09616846,806.663674976736,5122.9661509025,523.79778700751,769.113247731065,4,-94.1300175574997,-0.0180426073275328
2022,UF,14,17,combined,8418.23301735,1198.18214192322,8896.908844845,1220.94347717589,1092.23005497765,4,478.675827495001,0.0568617935032742
2022,UF,14,17,female,3742.26432537,803.591330644093,4516.759118165,651.320952074728,816.689465111729,4,774.494792795,0.206958869138252
2022,UF,14,17,male,4675.96869198,755.150081043319,4380.14972668,668.567453257522,650.90797807335,4,-295.8189653,-0.0632636753550927
2022,UF,14,18,combined,9131.76774529,1281.44819489906,10107.2174471375,740.012834739044,1115.8434036322,4,975.449701847499,0.106819372662059
2022,UF,14,18,female,5054.018734,1147.46321107009,4983.0954616325,905.688477181595,868.727704944635,4,-70.9232723675004,-0.0140330450083964
2022,UF,14,18,male,4077.74901129,779.997872849859,5124.121985505,540.035461791502,695.623032798862,4,1046.372974215,0.256605536858184
2022,UF,14,19,combined,11761.22325221,1633.86438676855,9173.66131847,1306.29306660002,1094.90974723999,4,-2587.56193374,-0.220007891887758
2022,UF,14,19,female,6886.86109031,1134.24441777677,4498.8999789125,1250.8293137503,761.207039141762,4,-2387.9611113975,-0.346741582280123
2022,UF,14,19,male,4874.3621619,908.959216115884,4674.7613395575,358.265738254611,715.516544026718,4,-199.6008223425,-0.0409491161536295
2022,UF,15,14,combined,158920.20545247,10820.7697146449,158993.846671183,8317.86600699587,9860.5946073102,4,73.6412187124952,0.00046338486980197
2022,UF,15,14,female,84206.02738086,8104.04176886947,77835.969200475,6829.58581560073,6889.81617780736,4,-6370.05818038501,-0.07564848240107
2022,UF,15,14,male,74714.17807161,7283.38672305241,81157.8774707075,3033.84768869699,7168.57565687859,4,6443.6993990975,0.0862446668813183
2022,UF,15,15,combined,183171.72862797,17197.6999318208,172010.034626333,6748.1644986753,13067.6306823768,4,-11161.6940016375,-0.0609356808785018
2022,UF,15,15,female,79771.41068025,8305.41040144061,79956.1953200425,6534.60538368506,7726.1675759935,4,184.784639792502,0.00231642687795982
2022,UF,15,15,male,103400.31794772,13931.772961473,92053.83930629,1975.40667462798,9292.52367214991,4,-11346.47864143,-0.109733498567837
2022,UF,15,16,combined,165390.88477446,14166.2803663519,168142.180237443,9911.21289091887,11479.5368638293,4,2751.2954629825,0.0166351094060255
2022,UF,15,16,female,76603.27907147,8585.53866602419,81107.78354055,6460.20174141348,7664.96938608105,4,4504.50446908,0.0588030241483181
2022,UF,15,16,male,88787.60570299,10209.8460003577,87034.3966968925,6225.06612696666,8022.87243208848,4,-1753.20900609749,-0.0197461007334996
2022,UF,15,17,combined,156389.20958676,11692.5729352637,166985.661756565,3915.3194686315,11604.1555483443,4,10596.452169805,0.0677569264388821
2022,UF,15,17,female,81036.80081917,9028.06531838232,77274.69094558,4494.7417489343,7383.47534227355,4,-3762.10987359002,-0.0464247087194989
2022,UF,15,17,male,75352.40876759,7319.30394114989,89710.970810985,2470.32578588985,8063.14221309117,4,14358.562043395,0.190552130691419
2022,UF,15,18,combined,174969.6490173,14046.3149490187,163759.323766803,12968.9833035419,11217.1518852606,4,-11210.3252504975,-0.0640701133794301
2022,UF,15,18,female,87317.05933066,9109.44412133177,87107.3449634875,7916.35160642876,7990.14955142019,4,-209.714367172506,-0.00240175709970192
2022,UF,15,18,male,87652.58968664,9371.97641626497,76651.978803315,6091.20367464813,7569.17510385338,4,-11000.610883325,-0.125502405834813
2022,UF,15,19,combined,164174.87382785,11851.4866372145,153298.707564968,8104.57674823451,10768.9951994925,4,-10876.1662628825,-0.0662474470623745
2022,UF,15,19,female,86793.74545664,8660.54131412663,68875.435007145,7689.88588744225,6980.03219852047,4,-17918.310449495,-0.206447023978779
2022,UF,15,19,male,77381.12837121,7659.28730788492,84423.2725578225,2808.29581301271,8008.48743134363,4,7042.1441866125,0.091005964048885
2022,UF,16,14,combined,14099.63865787,2299.72648483612,15852.0063773625,1498.60425987225,2023.49443759439,4,1752.3677194925,0.124284583599196
2022,UF,16,14,female,6123.76664445,1373.57704314282,7135.1809296725,540.864381609989,1388.95751942414,4,1011.4142852225,0.165162120627041
2022,UF,16,14,male,7975.87201342,1621.10934972721,8716.82544769,1591.5678796432,1408.62920986337,4,740.95343427,0.0928993636085547
2022,UF,16,15,combined,15219.48028515,2648.05595060921,13887.1408349875,2659.25235976805,2028.05010054115,4,-1332.3394501625,-0.0875417179299148
2022,UF,16,15,female,7002.67722166,1465.97242010166,6074.3792978225,1937.10502773512,1142.65247794979,4,-928.2979238375,-0.132563288932721
2022,UF,16,15,male,8216.80306349,1955.02029226229,7812.761537165,798.668694517966,1554.56125076828,4,-404.041526325001,-0.0491725946457561
2022,UF,16,16,combined,11551.72380558,1681.56796458529,13578.5491373525,1601.73336684307,1773.91413263092,4,2026.8253317725,0.175456526305923
2022,UF,16,16,female,6210.09906355,1252.90071474167,6436.1344900625,890.880481934225,1356.14644295984,4,226.0354265125,0.0363980387751313
2022,UF,16,16,male,5341.62474203,1203.56627840114,7142.41464729,1312.25244382605,1241.84204439378,4,1800.78990526,0.33712400107231
2022,UF,16,17,combined,16861.91474906,1957.03980231761,13856.38707845,634.789229965171,1638.63698852792,4,-3005.52767061,-0.178243557468914
2022,UF,16,17,female,8511.00154911,1448.35192199682,6968.5446928675,572.41738029051,1222.10797827141,4,-1542.4568562425,-0.181230945305585
2022,UF,16,17,male,8350.91319995,1608.62884691175,6887.8423855825,1190.56849723999,1172.46558923045,4,-1463.0708143675,-0.175198900926938
2022,UF,16,18,combined,13314.35988988,1910.84514563965,13868.640776455,897.672054202196,1835.1465540737,4,554.280886574999,0.0416303067634741
2022,UF,16,18,female,6349.1151391,1295.74732607411,7104.8571621775,762.097070471584,1200.5092889469,4,755.7420230775,0.119031078586587
2022,UF,16,18,male,6965.24475078,1408.86115168695,6763.7836142775,137.64978235381,1304.10254145673,4,-201.4611365025,-0.0289237699048465
2022,UF,16,19,combined,16360.3092883,2609.65683967684,15044.8429058675,945.133977990221,2130.96064383957,4,-1315.4663824325,-0.0804059605018134
2022,UF,16,19,female,6691.43831382,1831.31961563403,7214.706046065,761.36050527646,1386.11338127401,4,523.267732245,0.0781995899393232
2022,UF,16,19,male,9668.87097448,1946.78632899878,7830.1368598025,869.453100570893,1478.41186432655,4,-1838.7341146775,-0.190170509000549
2022,UF,17,14,combined,30224.54405095,3574.36910547782,25991.110995815,1510.0518712275,2758.33319530894,4,-4233.433055135,-0.140066068424345
2022,UF,17,14,female,16983.78774134,2664.42543763006,13042.6454776975,996.525749198006,1961.95062918809,4,-3941.1422636425,-0.232053198242075
2022,UF,17,14,male,13240.75630961,1963.65463465327,12948.4655181175,615.904216130799,1834.6986692608,4,-292.2907914925,-0.0220750827715452
2022,UF,17,15,combined,23416.96968325,2554.65369880474,25574.8706,2430.83019755832,2753.6765956798,4,2157.90091675,0.0921511598613689
2022,UF,17,15,female,11374.4473955,1841.6488317436,12599.0469750625,955.991431931036,1830.17668309149,4,1224.5995795625,0.107662336198151
2022,UF,17,15,male,12042.52228775,2001.64227462808,12975.8236249375,1660.20533801647,1913.78121308103,4,933.3013371875,0.0775004865996288
2022,UF,17,16,combined,30107.53725308,3076.45013942925,26460.1812476175,887.208657558212,2609.30543085614,4,-3647.3560054625,-0.121144282735692
2022,UF,17,16,female,14693.56227145,2391.01343216941,12045.564933005,862.319567055503,1789.36966808206,4,-2647.997338445,-0.180214796761037
2022,UF,17,16,male,15413.97498163,2256.87298622868,14414.6163146125,847.248038628999,1970.33495590673,4,-999.358667017499,-0.0648345847329135
2022,UF,17,17,combined,29996.86148523,3449.87721604333,28619.4342165175,4561.55233835083,2840.20968418912,4,-1377.4272687125,-0.0459190462105752
2022,UF,17,17,female,15309.94079301,2621.78806531345,13436.8669404475,2254.74548957826,1942.65269192033,4,-1873.0738525625,-0.122343637894255
2022,UF,17,17,male,14686.92069222,2412.10517760686,15182.56727607,2394.97195971563,2158.31205970016,4,495.646583850001,0.0337474814657749
2022,UF,17,18,combined,27424.90924568,3672.72511014109,26294.243191065,2952.22871062022,3103.02884788807,4,-1130.666054615,-0.0412277045107488
2022,UF,17,18,female,15147.52479671,2733.56790696699,14584.04426289,2178.45239789224,2205.24534134646,4,-563.48053382,-0.037199512222775
2022,UF,17,18,male,12277.38444897,2480.38053778355,11710.198928175,868.551211815968,1980.91925374586,4,-567.185520795001,-0.046197585744135
2022,UF,17,19,combined,22333.99896517,2994.78259126728,27617.74031786,3588.6149293858,2710.47229027203,4,5283.74135269,0.236578382623283
2022,UF,17,19,female,10987.28985755,2145.61429996508,14485.2380186925,2107.00339726482,2137.14910063435,4,3497.9481611425,0.318363145643132
2022,UF,17,19,male,11346.70910762,2042.09860415708,13132.5022991675,1585.11245330425,1809.57147440445,4,1785.7931915475,0.157384240188922
2022,UF,21,14,combined,136504.98896446,8970.10673152582,134522.538334935,6761.11736074766,7943.02522877259,4,-1982.450629525,-0.0145229170344913
2022,UF,21,14,female,64165.53884287,6098.97285346648,66046.9353716525,6824.20993131496,6104.62978059883,4,1881.39652878249,0.029320980743101
2022,UF,21,14,male,72339.45012159,6824.15039238219,68475.6029632825,6390.13721476997,4955.3330703594,4,-3863.8471583075,-0.0534127250319576
2022,UF,21,15,combined,145998.77638406,9681.43276802654,137542.6166113,2967.43515855824,7824.30853066213,4,-8456.15977276,-0.0579193879715504
2022,UF,21,15,female,69413.84490565,6343.10576489782,70089.637801815,2924.47131321016,5709.06235359105,4,675.792896165003,0.00973570758230677
2022,UF,21,15,male,76584.93147841,6651.92916860252,67452.978809485,4217.25802561525,4909.50712415323,4,-9131.95266892499,-0.119239548728974
2022,UF,21,16,combined,135669.85577471,9636.43506475013,133699.230026998,5049.86690320906,8465.16466125362,4,-1970.6257477125,-0.0145251554699437
2022,UF,21,16,female,62680.80959668,5639.25104135001,68012.433991155,5023.94289528859,6612.03756609963,4,5331.624394475,0.0850599159261242
2022,UF,21,16,male,72989.04617803,6418.83849306255,65686.7960358425,2804.58974198861,4658.43953657335,4,-7302.25014218749,-0.100045835978954
2022,UF,21,17,combined,131850.19226597,10057.9429102461,133797.463032003,5465.14067972625,7879.59060628224,4,1947.27076603251,0.0147688124876181
2022,UF,21,17,female,66270.97868642,6444.5885670463,63736.7423101,5127.66085263217,5009.89596577797,4,-2534.23637632,-0.0382405153289113
2022,UF,21,17,male,65579.21357955,6084.62078151475,70060.7207219025,2241.43791175078,5698.58484165849,4,4481.50714235249,0.0683373114396418
2022,UF,21,18,combined,145213.1756464,8176.31702488829,126258.375535563,1030.67208180074,7409.52482233596,4,-18954.8001108375,-0.130530855939637
2022,UF,21,18,female,66032.8156166,5178.16090797759,58314.14822812,3324.8570456438,4746.24607787141,4,-7718.66738848,-0.116891386750736
2022,UF,21,18,male,79180.3600298,6667.40252732564,67944.2273074425,3905.04626446457,5067.38337634718,4,-11236.1327223575,-0.14190555231283
2022,UF,21,19,combined,113063.70792436,6678.32874141235,120339.118373695,7781.93630719261,6491.9992111483,4,7275.410449335,0.0643478847713209
2022,UF,21,19,female,57045.8851187,5118.23676656627,62617.97524325,5626.3958564651,4942.88090032949,4,5572.09012455001,0.0976773366379662
2022,UF,21,19,male,56017.82280566,4576.72792156786,57721.143130445,2842.9743767445,4079.05908766264,4,1703.320324785,0.0304067569832953
2022,UF,22,14,combined,52111.66305182,5882.62790564822,52265.1759472975,4567.27743065506,5142.04684998299,4,153.512895477492,0.00294584525780415
2022,UF,22,14,female,26555.54235555,4320.81089300868,29169.873164615,3449.40682034643,3920.38451546025,4,2614.330809065,0.0984476526241468
2022,UF,22,14,male,25556.12069627,3534.40264894625,23095.3027826825,2766.63677547088,3422.87440233161,4,-2460.8179135875,-0.0962907454865271
2022,UF,22,15,combined,54146.41781855,5518.78848494504,54859.3473474325,4465.23621775743,5033.98602611253,4,712.929528882502,0.013166697957224
2022,UF,22,15,female,24187.6424776,3258.45604878631,25852.9214177225,2852.40887765568,3369.66328638422,4,1665.2789401225,0.0688483361561469
2022,UF,22,15,male,29958.77534095,4339.57643687825,29006.42592971,1848.68507613696,3478.84608254514,4,-952.34941124,-0.0317886629343708
2022,UF,22,16,combined,55783.2854041,5292.6520737426,54601.015064885,3225.50644610364,5061.15024364712,4,-1182.27033921501,-0.0211939890354345
2022,UF,22,16,female,25672.08316137,3797.92035687198,24647.6163336775,4339.71064331594,3346.61442002871,4,-1024.4668276925,-0.0399058705619209
2022,UF,22,16,male,30111.20224273,3844.02992472838,29953.3987312075,1383.59748912895,3830.82272295761,4,-157.803511522499,-0.00524069116372127
2022,UF,22,17,combined,58544.5352086,5767.37388123574,54843.0810167325,1245.67645986689,5183.36139213157,4,-3701.4541918675,-0.0632245892580554
2022,UF,22,17,female,25847.60449318,3940.38235123117,24159.5495847675,1472.5292997994,3314.12469521195,4,-1688.0549084125,-0.0653079827516667
2022,UF,22,17,male,32696.93071542,4182.94074430718,30683.531431965,2017.66257778863,3810.29842117307,4,-2013.399283455,-0.0615776233243041
2022,UF,22,18,combined,49131.62178207,4685.37270273352,52119.698812105,2562.87947354522,4599.49838728656,4,2988.07703003501,0.0608177976149256
2022,UF,22,18,female,23045.96845389,3336.14693175329,24826.969300195,305.815273291833,3344.8012983927,4,1781.000846305,0.0772803646706537
2022,UF,22,18,male,26085.65332818,3350.7179626147,27292.72951191,2609.88159189432,3334.01981064353,4,1207.07618373,0.0462735653404553
2022,UF,22,19,combined,47580.7665135,5197.42295391998,51284.97197835,4710.60091981398,4636.54664395077,4,3704.20546485,0.077850899350245
2022,UF,22,19,female,18585.29384483,3055.20638053948,21359.5577882775,1738.49746565946,2912.85777745958,4,2774.2639434475,0.149271997882306
2022,UF,22,19,male,28995.47266867,4148.56703106386,29925.4141900725,5171.7486599733,3515.09687231044,4,929.941521402499,0.0320719559232195
2022,UF,23,14,combined,132273.98988637,9571.65118359565,132656.987798795,7464.83973052884,7919.03360726938,4,382.997912424995,0.00289548922470706
2022,UF,23,14,female,67777.56049052,7311.09099044214,66077.6259509875,3358.88866334409,5636.64523496429,4,-1699.93453953249,-0.0250810818098161
2022,UF,23,14,male,64496.42939585,6166.74997931906,66579.3618478075,5258.91513539122,5721.76226981468,4,2082.93245195751,0.0322953141975257
2022,UF,23,15,combined,146964.95533452,9974.28655868332,142530.034191825,3758.66684615642,8611.03645484897,4,-4434.92114269498,-0.030176725686748
2022,UF,23,15,female,72632.60514537,6443.2954699154,69916.9236630675,3293.05116714786,5942.47455942138,4,-2715.68148230251,-0.0373892892436837
2022,UF,23,15,male,74332.35018915,7209.13771613105,72613.1105287575,5262.02020997664,6284.4393825555,4,-1719.2396603925,-0.0231290905778929
2022,UF,23,16,combined,153839.57794776,9724.72928087048,150154.548374478,16692.1230286063,8910.87422895398,4,-3685.02957328252,-0.0239537160881568
2022,UF,23,16,female,76666.08507556,6935.72707163045,76179.8903792025,7702.73303247337,6536.46818981995,4,-486.194696357503,-0.00634171806057819
2022,UF,23,16,male,77173.4928722,6989.97979175478,73974.657995275,9245.22343487534,6122.25231292724,4,-3198.834876925,-0.0414499170359219
2022,UF,23,17,combined,148218.81151956,9662.51942678618,141989.786483258,13849.0736670149,9260.8693660093,4,-6229.02503630251,-0.0420258735881207
2022,UF,23,17,female,81479.33119258,7672.66956027732,75032.79502046,7866.20176568906,6902.30814519246,4,-6446.53617211999,-0.079118668228674
2022,UF,23,17,male,66739.48032698,6127.86185702046,66956.9914627975,6225.9452419417,6083.23812996118,4,217.511135817491,0.00325910742414876
2022,UF,23,18,combined,144402.17311665,11287.5980087175,146835.135282663,11238.4304598325,8901.64789872478,4,2432.9621660125,0.0168485149045999
2022,UF,23,18,female,62797.40564922,7895.51967003321,67530.04876784,5456.14812383979,6279.94160317252,4,4732.64311861999,0.0753636725863495
2022,UF,23,18,male,81604.76746743,7631.85042298209,79305.0865148225,6677.99246913743,6454.66931443599,4,-2299.68095260751,-0.0281807181611706
2022,UF,23,19,combined,131188.0228691,9945.53006897067,137332.902581858,2435.02045197223,9530.75224586783,4,6144.87971275748,0.0468402494249713
2022,UF,23,19,female,66187.79525914,6234.70640551948,70245.661395795,5309.91893854484,6503.33457933422,4,4057.86613665501,0.0613083744634121
2022,UF,23,19,male,65000.22760996,7114.95771782842,67087.2411860625,6627.87200524786,6512.91221225855,4,2087.0135761025,0.0321077887392306
2022,UF,24,14,combined,44941.9299476,5149.88249994689,49424.3046156075,6860.17159470903,4761.43835607125,4,4482.3746680075,0.0997370311696386
2022,UF,24,14,female,22030.22166842,3762.59727647384,24603.54081177,4112.67814472742,3547.71735515828,4,2573.31914335,0.116808590584398
2022,UF,24,14,male,22911.70827918,3090.14494130429,24820.7638038375,3023.39547450049,3100.13100339452,4,1909.0555246575,0.0833222691820091
2022,UF,24,15,combined,54257.91931457,5586.24330531758,52385.4233804,9019.63042423161,4973.64494697326,4,-1872.49593417,-0.0345110162318218
2022,UF,24,15,female,27092.40978202,3617.96721440481,25643.397874875,3935.73714541678,3629.1544034591,4,-1449.011907145,-0.0534840539768685
2022,UF,24,15,male,27165.50953255,4054.77141459446,26742.025505525,5277.68687570009,3391.19279620127,4,-423.484027024999,-0.0155890330905657
2022,UF,24,16,combined,48228.31367455,5044.82897373245,53139.786855625,3469.48933275089,6048.07488736409,4,4911.473181075,0.101837962119475
2022,UF,24,16,female,24730.70980086,3848.39230948272,25221.816919755,2531.10037349363,3748.09072064566,4,491.107118895001,0.0198581893867811
2022,UF,24,16,male,23497.60387369,3611.77380334612,27917.96993587,1480.63730161757,4788.38993904394,4,4420.36606218,0.188119864729247
2022,UF,24,17,combined,49065.43268415,5591.98160341607,50550.07460422,5629.46576005648,5023.44980578904,4,1484.64192007,0.0302584087992686
2022,UF,24,17,female,22145.36708927,3962.23276672867,26654.69321924,2779.22178889248,3512.30849700824,4,4509.32612997,0.20362390525262
2022,UF,24,17,male,26920.06559488,4339.61574664967,23895.38138498,5298.18955464426,3570.27315532277,4,-3024.6842099,-0.112357980675771
2022,UF,24,18,combined,54315.38706506,5380.86614943897,55052.9709368925,4231.08579649404,5435.98014713576,4,737.583871832496,0.0135796486352754
2022,UF,24,18,female,21058.81800364,3393.58693231972,26748.5105416075,2265.26622395878,4037.94755677563,4,5689.6925379675,0.270181001468555
2022,UF,24,18,male,33256.56906142,4302.46176421314,28304.460395285,3295.59079627614,3504.7348481429,4,-4952.108666135,-0.148906180219288
2022,UF,24,19,combined,59132.72219394,7680.45982103387,50506.665999295,4644.16271557395,5097.78355116503,4,-8626.056194645,-0.145876189605372
2022,UF,24,19,female,29600.84826725,4785.51801075146,25249.08369506,1767.5681203677,3521.37548588447,4,-4351.76457219,-0.147014860280364
2022,UF,24,19,male,29531.87392669,4450.64965686761,25257.582304235,2988.57625668014,3364.74373397615,4,-4274.291622455,-0.144734859462881
2022,UF,25,14,combined,64547.13484298,5796.68923433607,59691.988989415,1883.64108470613,5165.85901153507,4,-4855.145853565,-0.0752186114128198
2022,UF,25,14,female,31435.95800299,4097.66050022223,28872.38141759,1565.81408644729,3684.09214171663,4,-2563.5765854,-0.0815491796100557
2022,UF,25,14,male,33111.17683999,4524.1725551827,30819.607571825,991.154925318955,3625.35115311849,4,-2291.569268165,-0.0692083304450044
2022,UF,25,15,combined,65818.67647717,6780.80376680672,67367.9140643025,2943.5539609624,5563.1667252129,4,1549.23758713251,0.0235379632355548
2022,UF,25,15,female,31160.01642245,4372.36229634914,33352.2638260025,3416.14363922497,3903.31595204259,4,2192.2474035525,0.0703545009036978
2022,UF,25,15,male,34658.66005472,4724.8210085083,34015.6502383,1703.00408636206,3838.12023283296,4,-643.009816420003,-0.0185526450071873
2022,UF,25,16,combined,57606.5917712,5856.85653431858,62141.7745501875,4003.0980258611,5535.68480588397,4,4535.1827789875,0.0787268026027333
2022,UF,25,16,female,26385.52111688,3842.10469006403,28806.2947190075,2597.10869891296,3554.16684459089,4,2420.7736021275,0.091746287344646
2022,UF,25,16,male,31221.07065432,3827.07629833667,33335.47983118,2380.92796992152,3803.09083806241,4,2114.40917686,0.0677237882156815
2022,UF,25,17,combined,71254.00780289,7352.36307941967,69466.8651055775,6048.18245587502,6325.65094274143,4,-1787.14269731251,-0.0250812937042963
2022,UF,25,17,female,34659.93086954,5139.61253874164,32440.7073645025,4263.14299672956,4298.68795587985,4,-2219.2235050375,-0.0640285035013676
2022,UF,25,17,male,36594.07693335,5268.72514507013,37026.157741075,2178.85868154023,4353.28895901354,4,432.080807725004,0.0118073973695789
2022,UF,25,18,combined,59374.26513649,5874.2461496077,62369.0585530275,5500.29894421803,6057.66260163801,4,2994.7934165375,0.050439250231612
2022,UF,25,18,female,27355.52659792,3760.61033998206,34853.2283530575,7851.53894844202,4337.27166424046,4,7497.7017551375,0.274083619933224
2022,UF,25,18,male,32018.73853857,4603.52359424936,27515.83019997,2480.12787922144,3597.83014696749,4,-4502.9083386,-0.140633533490889
2022,UF,25,19,combined,66833.8442935,5952.77550589366,67929.20784978,6927.75467693355,5387.59192817197,4,1095.36355627999,0.0163893543437321
2022,UF,25,19,female,30870.69877852,4329.74658687576,34422.591381525,5101.83706405851,4113.13586928033,4,3551.892603005,0.115057084664259
2022,UF,25,19,male,35963.14551498,4360.32214863465,33506.616468255,1864.93675606629,3615.71196574985,4,-2456.529046725,-0.0683068461211705
2022,UF,26,14,combined,133884.30100041,10525.4317159364,136169.494088768,5603.57854572367,9409.9987914921,4,2285.19308835751,0.0170684170681857
2022,UF,26,14,female,64883.05389168,7304.87029268061,67331.697908775,2011.27240058759,6598.16873935002,4,2448.64401709499,0.0377393459497594
2022,UF,26,14,male,69001.24710873,7270.38070272182,68837.7961799925,3801.37453412827,6521.51722111783,4,-163.450928737497,-0.00236881122568605
2022,UF,26,15,combined,153107.74096202,11806.5073842754,143774.45482042,1564.32423704355,9687.63530728776,4,-9333.2861416,-0.0609589435710845
2022,UF,26,15,female,78913.16235386,8347.37108219167,71326.426702475,3576.65558428842,6778.13921672814,4,-7586.735651385,-0.0961403069536713
2022,UF,26,15,male,74194.57860816,7929.9224581331,72448.028117945,4151.49387528497,6913.53916701165,4,-1746.550490215,-0.0235401362603455
2022,UF,26,16,combined,141220.63157657,10968.5089854628,150079.81648792,10863.1433242751,10306.6501741043,4,8859.18491134999,0.0627329364870212
2022,UF,26,16,female,66534.22691153,7141.08668982677,67613.553385485,6782.10640417277,6934.2954089626,4,1079.32647395499,0.0162221239211235
2022,UF,26,16,male,74686.40466504,8196.08470709811,82466.263102435,7250.58416895276,7326.40496338355,4,7779.858437395,0.104166996286497
2022,UF,26,17,combined,145960.93427225,11964.8882445828,149288.615886208,3794.50373185599,10643.9128760395,4,3327.68161395751,0.0227984400795259
2022,UF,26,17,female,78614.12215663,8252.36282469099,73257.00397646,2913.40959404631,7125.11642853507,4,-5357.11818016999,-0.0681444762494011
2022,UF,26,17,male,67346.81211562,8479.36359096917,76031.6119097475,3398.85265878965,7532.66391178775,4,8684.7997941275,0.128956360684416
2022,UF,26,18,combined,138877.74616393,10956.3297886262,142921.51115563,7071.41176877463,9682.22134555652,4,4043.76499170001,0.0291174439634611
2022,UF,26,18,female,71079.32786707,7689.53379110744,76339.5948575825,5394.70691425543,6908.8953306938,4,5260.26699051251,0.0740055814870685
2022,UF,26,18,male,67798.41829686,7186.64618638983,66581.9162980475,5814.91562480686,6422.44466616412,4,-1216.50199881251,-0.0179429259468263
2022,UF,26,19,combined,146037.35994879,10774.4520673462,144738.262816465,7981.23907384563,9982.61078683979,4,-1299.097132325,-0.00889564925564626
2022,UF,26,19,female,76932.97535938,7425.04401557371,73705.9023543775,5554.06100876289,6915.08211512356,4,-3227.0730050025,-0.0419465513965598
2022,UF,26,19,male,69104.38458941,7504.71060521329,71032.3604620875,3873.05216589078,6705.23988837296,4,1927.9758726775,0.0278994724304796
2022,UF,27,14,combined,58560.68765942,3570.861221815,54329.5787883925,3391.85258481439,3367.2017592621,4,-4231.1088710275,-0.0722516937580204
2022,UF,27,14,female,30667.88008515,2832.34235206903,28602.1280252125,2047.36296539914,2505.39319682622,4,-2065.7520599375,-0.0673588149621655
2022,UF,27,14,male,27892.80757427,2541.86477953799,25727.45076318,2398.42916558014,2273.40574884833,4,-2165.35681109,-0.0776313680623335
2022,UF,27,15,combined,51349.66756892,4208.01306204218,53780.57001892,2597.80416423989,3434.98136755144,4,2430.90245,0.0473401789161988
2022,UF,27,15,female,31109.71609532,3516.8225598294,28952.24802883,1730.15073658669,2523.25437204902,4,-2157.46806649,-0.0693502975044687
2022,UF,27,15,male,20239.9514736,2266.89429020712,24828.32199009,1216.88365921793,2247.29867671066,4,4588.37051649,0.226698691569239
2022,UF,27,16,combined,54065.24960569,3727.18443296849,52746.0475916425,1605.16711366499,3421.06694558979,4,-1319.2020140475,-0.0244001835498539
2022,UF,27,16,female,27405.20081967,2616.43654731283,26296.61587036,2012.39631334565,2204.3401328793,4,-1108.58494931,-0.0404516265582085
2022,UF,27,16,male,26660.04878602,2648.98595165195,26449.4317212825,1346.11581933915,2408.07263677393,4,-210.6170647375,-0.00790010049973891
2022,UF,27,17,combined,45646.1217728,3610.97142976788,49796.223287395,3574.85132153096,3194.18771997836,4,4150.101514595,0.0909190387575927
2022,UF,27,17,female,20108.52736211,2453.33203068325,22598.41222923,1225.61440372605,2134.84133666431,4,2489.88486712,0.123822337771568
2022,UF,27,17,male,25537.59441069,2757.28836141202,27197.811058165,2720.44104652043,2379.05008366458,4,1660.216647475,0.0650106905441351
2022,UF,27,18,combined,62208.81650345,4214.503209156,55010.961336905,1206.7177535148,3273.03689440108,4,-7197.855166545,-0.115704743653913
2022,UF,27,18,female,29436.20714229,2706.39695419391,27936.333579545,2269.68786201173,2266.68988083033,4,-1499.873562745,-0.0509533567111703
2022,UF,27,18,male,32772.60936116,3163.034729305,27074.62775736,1643.26915124179,2327.14986171679,4,-5697.9816038,-0.173864141881631
2022,UF,27,19,combined,50779.28318904,4029.23461282626,54283.8055477875,3972.10641824875,3485.68168444771,4,3504.5223587475,0.0690148056186801
2022,UF,27,19,female,24144.8649082,2624.81047543528,26062.3808249975,2834.32885731825,2344.4957847687,4,1917.5159167975,0.0794171317208853
2022,UF,27,19,male,26634.41828084,3110.16496571015,28221.42472279,1287.68200182923,2576.42550193436,4,1587.00644195,0.0595847983318503
2022,UF,28,14,combined,35904.09209098,3917.18622990655,34518.9961004025,2902.90381957973,3519.00417182515,4,-1385.09599057749,-0.0385776637121947
2022,UF,28,14,female,18247.07851507,2922.12704491467,17469.4234352025,2423.89181929977,2463.50334357875,4,-777.655079867498,-0.0426180596102134
2022,UF,28,14,male,17657.01357591,2535.61236646717,17049.5726652,766.438111888818,2321.28673540372,4,-607.44091071,-0.0344022452097307
2022,UF,28,15,combined,39627.09667423,3488.61026384766,37282.279549355,3108.84446955297,3240.56585934857,4,-2344.817124875,-0.0591720646140565
2022,UF,28,15,female,20327.94193293,2579.25226631773,18602.63320303,2070.71868858239,2236.5556366512,4,-1725.3087299,-0.0848737533584306
2022,UF,28,15,male,19299.1547413,2673.67743294988,18679.646346325,1794.2678072353,2322.60421948383,4,-619.508394975001,-0.032100286425978
2022,UF,28,16,combined,35773.13101942,4107.62947508688,40348.34218244,1593.35581560887,3762.06364181522,4,4575.21116302,0.12789518369349
2022,UF,28,16,female,19372.1734007,2820.53299975557,22415.4502742625,1911.19586356235,2826.92249935383,4,3043.2768735625,0.157095273236225
2022,UF,28,16,male,16400.95761872,2495.5834906453,17932.8919081775,2254.11376450938,2313.30553812778,4,1531.9342894575,0.0934051733484729
2022,UF,28,17,combined,37424.54624637,4408.36760309756,37246.4543989475,4356.11316044998,3701.02076490829,4,-178.091847422504,-0.00475869089367457
2022,UF,28,17,female,19393.38193379,2836.56224619291,17548.7465696075,1689.20510283124,2347.43813366424,4,-1844.6353641825,-0.0951167450050835
2022,UF,28,17,male,18031.16431258,2958.96335762455,19697.70782934,3215.17833859921,2760.44796632496,4,1666.54351676,0.0924257295796082
2022,UF,28,18,combined,37082.97230734,4117.57879157502,37858.966437945,3586.65442833785,3688.76941287919,4,775.994130604995,0.020925888145471
2022,UF,28,18,female,18354.49133945,2963.77657138529,17538.170694735,3028.42532377222,2646.70503272528,4,-816.320644715001,-0.0444752529295351
2022,UF,28,18,male,18728.48096789,2669.64275706937,20320.79574321,1382.99264864412,2505.89216648285,4,1592.31477532,0.0850210317670733
2022,UF,28,19,combined,37561.75406393,4157.68188607167,39720.818434555,469.063966340329,3993.27737460229,4,2159.064370625,0.057480392607605
2022,UF,28,19,female,15357.48860568,2744.62437961781,19429.606235315,1845.77508517044,2742.08265197612,4,4072.117629635,0.265155178310138
2022,UF,28,19,male,22204.26545825,2874.49451406452,20291.21219924,2252.84021331377,2459.03913087482,4,-1913.05325901,-0.0861570162096583
2022,UF,29,14,combined,208786.50988247,15487.6864596536,233976.746204453,11746.7862474762,17778.3947240548,4,25190.2363219825,0.120650689243106
2022,UF,29,14,female,109380.94325989,11910.5186456325,121372.012772423,2654.74297907741,11884.7501776686,4,11991.0695125325,0.109626678607457
2022,UF,29,14,male,99405.56662258,10425.8437910222,112604.73343203,10139.3318748028,12545.202972709,4,13199.16680945,0.132780962454187
2022,UF,29,15,combined,230172.7460194,18066.2309555107,235484.809502605,18183.1796233143,16756.1244452464,4,5312.06348320501,0.0230785945559223
2022,UF,29,15,female,91513.20182478,10980.8805611508,117525.957583875,5713.99238046794,12161.0849294294,4,26012.755759095,0.284251400239514
2022,UF,29,15,male,138659.54419462,13170.2900806256,117958.85191873,13492.2548252515,11074.5069704917,4,-20700.69227589,-0.149291506734184
2022,UF,29,16,combined,219497.66160711,15928.0584432384,239273.723211203,8340.81623381124,16143.3710821622,4,19776.0616040925,0.0900969124650206
2022,UF,29,16,female,98755.33406547,10698.915451945,115221.177447718,14055.5136780583,10860.4136347653,4,16465.8433822475,0.166733711531282
2022,UF,29,16,male,120742.32754164,12515.9814197927,124052.545763485,13719.488666472,11688.8972607093,4,3310.218221845,0.0274155574871076
2022,UF,29,17,combined,223040.35274506,16643.8128763582,241942.180739885,3430.9630003034,16128.8970834731,4,18901.827994825,0.0847462253452863
2022,UF,29,17,female,96544.77784196,10862.8781545603,108840.93744598,3316.91783072156,10953.0945409173,4,12296.15960402,0.127362244534327
2022,UF,29,17,male,126495.5749031,11809.8812359924,133101.243293905,6543.98586871945,11880.5108448709,4,6605.66839080499,0.0522205491841526
2022,UF,29,18,combined,250088.77808025,18191.4143150314,239144.398029958,13208.4312418022,15453.9549348791,4,-10944.3800502925,-0.0437619797829577
2022,UF,29,18,female,131665.09234221,13213.6180572457,120074.256473493,7004.80026650351,11413.7897955199,4,-11590.8358687175,-0.0880327174236268
2022,UF,29,18,male,118423.68573804,13022.3104462451,119070.141556465,7283.83410168438,10537.3736906404,4,646.455818425006,0.00545883886653387
2022,UF,29,19,combined,212150.8218917,16511.0878255103,224972.47026511,24031.2244476536,15896.4569755943,4,12821.64837341,0.0604364774978589
2022,UF,29,19,female,109222.63766666,11157.1295776402,113379.673162983,11260.11221778,10574.3968916795,4,4157.0354963225,0.0380602005694963
2022,UF,29,19,male,102928.18422504,11083.6068581941,111592.797102128,12772.1971029979,10989.2842316445,4,8664.61287708751,0.0841811496270388
2022,UF,31,14,combined,277949.92889893,18162.6231816808,293719.95854207,9791.28904273203,17953.4211733071,4,15770.02964314,0.0567369443324246
2022,UF,31,14,female,129417.59130418,12127.0402604858,128264.917946748,6320.7830760519,11183.1016654962,4,-1152.67335743249,-0.0089066203892118
2022,UF,31,14,male,148532.33759475,12446.606117437,165455.040595323,4047.06193716957,12731.737165498,4,16922.7030005725,0.113932785779914
2022,UF,31,15,combined,278072.49389219,17668.4086365927,269839.81074522,7576.88244792857,15612.8875729422,4,-8232.68314697,-0.0296062477512136
2022,UF,31,15,female,122614.36243128,11951.54046387,125806.591637905,7946.90524670052,10851.9406092637,4,3192.22920662501,0.0260347086860572
2022,UF,31,15,male,155458.13146091,13199.1826012472,144033.219107315,2758.65763554055,11569.0779650128,4,-11424.912353595,-0.0734918929375386
2022,UF,31,16,combined,308587.75268413,18782.2923465541,288987.483527355,12009.8529832858,16131.4750982662,4,-19600.269156775,-0.063516030647003
2022,UF,31,16,female,138383.3306287,12844.1535358321,125180.507370353,11386.0936756509,10341.6976105811,4,-13202.8232583475,-0.0954076130294359
2022,UF,31,16,male,170204.42205543,13838.7919453104,163806.976157003,8744.88822530634,12414.2751813932,4,-6397.44589842751,-0.0375868371759699
2022,UF,31,17,combined,313680.73930452,20107.386950775,306834.753120768,4884.90138463651,18599.3811454365,4,-6845.98618375254,-0.021824694110742
2022,UF,31,17,female,157382.54973364,13977.9103842579,146086.765569445,3630.10508259286,12010.0205122783,4,-11295.784164195,-0.0717727866482808
2022,UF,31,17,male,156298.18957088,13244.9853931455,160747.987551323,4682.53783725947,12706.4517037138,4,4449.7979804425,0.0284699265721472
2022,UF,31,18,combined,292704.94731312,18706.3654319028,295464.804293325,11362.3000187183,16897.8687760646,4,2759.85698020499,0.00942880195753112
2022,UF,31,18,female,125845.44660025,11217.0228849369,136408.928618683,5283.91209997141,11753.9247574786,4,10563.4820184325,0.0839401210278792
2022,UF,31,18,male,166859.50071287,14209.5755503982,159055.875674643,6871.07182911719,11457.4943880586,4,-7803.6250382275,-0.0467676398699999
2022,UF,31,19,combined,271573.78978745,17183.756890485,281297.398464975,8794.40775219238,15688.4370347224,4,9723.60867752502,0.0358046654102198
2022,UF,31,19,female,133739.10710853,11700.9443771154,137484.518800348,4630.40363055822,11175.9303084479,4,3745.41169181751,0.0280053588871211
2022,UF,31,19,male,137834.68267892,12415.7471741857,143812.879664628,4255.85588471716,11026.2082326545,4,5978.19698570747,0.0433722258398013
2022,UF,32,14,combined,55014.70248836,4580.91109608088,50658.416516865,2486.63080352987,3985.15419829497,4,-4356.285971495,-0.0791840321669776
2022,UF,32,14,female,28181.69963593,3672.58368520067,23876.1872742675,1390.99401514574,2796.85333886569,4,-4305.5123616625,-0.152776887742187
2022,UF,32,14,male,26833.00285243,2946.07699358035,26782.2292425975,1402.46901403709,2923.86686805328,4,-50.7736098325004,-0.00189220752189881
2022,UF,32,15,combined,58234.68831098,4850.49824410386,56040.4304319875,3348.04821390522,4157.67442036932,4,-2194.2578789925,-0.0376795676706452
2022,UF,32,15,female,30902.43621729,3501.80243077517,29359.0004839525,1586.49587377636,3013.50186277146,4,-1543.4357333375,-0.0499454386859617
2022,UF,32,15,male,27332.25209369,3431.86560655356,26681.429948035,1958.35012887187,2817.78934414687,4,-650.822145654998,-0.0238115082293291
2022,UF,32,16,combined,58067.79104957,5214.20791817533,58419.8899144275,1609.00309474082,4341.66992757848,4,352.0988648575,0.00606358290014732
2022,UF,32,16,female,25976.85937953,3184.7102759388,28306.0215737725,807.368060835316,2971.43578680438,4,2329.1621942425,0.0896629634942668
2022,UF,32,16,male,32090.93167004,3790.7331502263,30113.868340655,1721.06138285048,3140.11755553816,4,-1977.063329385,-0.0616081623841037
2022,UF,32,17,combined,60164.98817224,5161.99466116559,55979.1530689225,2058.24039029416,4144.15072557612,4,-4185.8351033175,-0.069572607432986
2022,UF,32,17,female,31897.65129206,3656.03217208331,26810.7791918475,1220.81669400945,2920.74315519004,4,-5086.8721002125,-0.159474816927312
2022,UF,32,17,male,28267.33688018,3544.8533825865,29168.373877075,2432.12124173068,2923.83333115592,4,901.036996895,0.0318755530708226
2022,UF,32,18,combined,57615.28636258,4892.59652128812,56438.849767815,3161.59179802148,4170.14454386192,4,-1176.436594765,-0.0204188275202095
2022,UF,32,18,female,28313.79156494,3309.36793991749,27988.260450525,2119.42770639644,2937.64429728257,4,-325.531114415,-0.0114972632212951
2022,UF,32,18,male,29301.49479764,3271.76298366841,28450.58931729,2269.16146636695,2844.96725373378,4,-850.90548035,-0.0290396611581241
2022,UF,32,19,combined,48764.88206514,4554.47601687854,52702.7462890875,1610.01072893803,4036.60284911469,4,3937.8642239475,0.0807520505983653
2022,UF,32,19,female,27212.18250858,3466.19659878313,27548.23523773,1239.1157091709,3060.08894278015,4,336.052729149997,0.0123493486435364
2022,UF,32,19,male,21552.69955656,2984.33819320641,25154.5110513575,1042.89877256869,2756.33146894816,4,3601.8114947975,0.167116489762472
2022,UF,33,14,combined,192789.86496678,13233.9786302265,209121.21441761,5812.43696256509,12137.6267736157,4,16331.34945083,0.0847106223848649
2022,UF,33,14,female,84242.64687714,8463.97668998147,100478.486754173,2015.08741695551,7943.34607501006,4,16235.8398770325,0.192727086326133
2022,UF,33,14,male,108547.21808964,10444.5685435393,108642.727663438,7765.49763283064,8951.50513668087,4,95.5095737975062,0.000879889650590887
2022,UF,33,15,combined,216744.28542166,13619.1012634922,205376.39075718,14107.6130686234,11166.7243332284,4,-11367.89466448,-0.0524484170014661
2022,UF,33,15,female,107438.98055997,9758.83735379782,99447.3863661875,6399.21354465805,7926.09041456659,4,-7991.5941937825,-0.0743826323754233
2022,UF,33,15,male,109305.30486169,9640.30694408079,105929.004390993,7948.60730320315,7989.71650367299,4,-3376.3004706975,-0.0308887155565754
2022,UF,33,16,combined,220209.61067445,13653.3882242915,210460.041824405,7910.75538329163,11476.0301711427,4,-9749.56885004501,-0.0442740388132216
2022,UF,33,16,female,110015.88076506,10036.5573397104,108563.1098117,4993.995624211,8469.04936610671,4,-1452.77095336001,-0.0132051022384888
2022,UF,33,16,male,110193.72990939,9441.47962753327,101896.932012705,12612.980365164,7893.66002034814,4,-8296.79789668499,-0.0752928311212197
2022,UF,33,17,combined,236954.39923424,14373.5059177481,218405.148051303,5069.05844028889,12034.214038135,4,-18549.2511829375,-0.0782819447238907
2022,UF,33,17,female,126035.61888284,10354.3696507818,110609.35536807,5446.43189936747,8428.13752825158,4,-15426.26351477,-0.122396062728187
2022,UF,33,17,male,110918.7803514,10236.6541956046,107795.792683233,6691.27305535029,8506.46953671089,4,-3122.98766816749,-0.0281556257495224
2022,UF,33,18,combined,241322.76984839,14978.8335221223,235328.67004313,9679.96547919801,12739.3523075795,4,-5994.09980525999,-0.0248385173476409
2022,UF,33,18,female,122798.5439556,10744.5165214472,118318.30210767,1855.83838670548,9472.57906714082,4,-4480.24184793001,-0.0364844867342232
2022,UF,33,18,male,118524.22589279,10962.9049853286,117010.36793546,7954.97294972255,8916.17463092042,4,-1513.85795732999,-0.012772561439881
2022,UF,33,19,combined,208626.20743462,13139.531338548,212107.13850395,10130.4224035465,11583.2559335717,4,3480.93106932999,0.0166850134129043
2022,UF,33,19,female,105632.11272925,9338.80324365047,109736.71689942,6727.69656745582,8442.80569037038,4,4104.60417017,0.0388575411787008
2022,UF,33,19,male,102994.09470537,9260.19227609837,102370.42160453,7906.70957889509,8195.02585038047,4,-623.673100839995,-0.00605542582440386
2022,UF,35,14,combined,527875.47792104,36672.9102288339,580051.054075953,10944.4044166035,38223.7686963356,4,52175.5761549125,0.0988406893997014
2022,UF,35,14,female,227963.16406821,23362.6479454818,255205.879067433,14458.3840863211,23349.8320738486,4,27242.7149992225,0.119504899445382
2022,UF,35,14,male,299912.31385283,27222.0786656419,324845.17500852,19899.6103159382,26149.3652741524,4,24932.86115569,0.0831338361382682
2022,UF,35,15,combined,596604.31989821,46228.5315581907,577423.529105248,41085.4304792203,35452.9722667665,4,-19180.7907929625,-0.0321499361523817
2022,UF,35,15,female,325820.51002011,40046.1105240402,303919.294373838,19600.4898667195,26158.1760654588,4,-21901.2156462725,-0.067218652517979
2022,UF,35,15,male,270783.8098781,23584.5115553337,273504.23473141,22600.8775666186,22790.2606816724,4,2720.42485330999,0.010046482670196
2022,UF,35,16,combined,610616.12205666,40348.9915191357,639779.632805015,23874.404067083,35458.1487790693,4,29163.510748355,0.0477607938849162
2022,UF,35,16,female,320458.56975811,30068.0141316016,322792.083540283,18932.0894209877,24979.552564118,4,2333.51378217252,0.00728179553423682
2022,UF,35,16,male,290157.55229855,27757.9247359713,316987.549264733,6208.72918985052,25192.6939356604,4,26829.9969661825,0.092466995098499
2022,UF,35,17,combined,519169.59989742,29066.2845116045,560059.024811408,11773.130793853,29146.49004833,4,40889.4249139876,0.0787592819804293
2022,UF,35,17,female,251370.7345755,22234.7275953903,274791.561896758,13546.5385040625,21518.0039250742,4,23420.8273212575,0.0931724504875605
2022,UF,35,17,male,267798.86532192,21818.4276098686,285267.46291465,2354.74493619215,20536.560609945,4,17468.59759273,0.0652302897987675
2022,UF,35,18,combined,652163.34053543,39515.4072081065,592535.564624655,29247.1847630107,32182.3872439714,4,-59627.7759107751,-0.0914307385965919
2022,UF,35,18,female,326389.92690786,27277.671985008,296796.23529861,9433.60634328923,23261.8947889618,4,-29593.69160925,-0.0906697455084277
2022,UF,35,18,male,325773.41362757,28042.4632137099,295739.329326045,21670.4329284628,22277.0591203835,4,-30034.084301525,-0.0921931718340296
2022,UF,35,19,combined,583755.24122706,40309.4500644676,609029.18125961,27515.4772558067,34897.3996369719,4,25273.94003255,0.0432954400193888
2022,UF,35,19,female,292671.24786043,29012.838498942,309965.393775948,2765.3406151534,25046.8503354229,4,17294.1459155175,0.0590906897822939
2022,UF,35,19,male,291083.99336663,25969.1322645208,299063.787483663,27573.4093491912,23290.2317968852,4,7979.79411703249,0.0274140601987059
2022,UF,41,14,combined,145290.39869867,15188.2678022686,155582.25817842,6386.72414989269,12836.8253235513,4,10291.85947975,0.0708364735173942
2022,UF,41,14,female,57037.33066655,7074.85794999889,64844.098327615,1837.69148743364,6353.92598514262,4,7806.767661065,0.136871195931393
2022,UF,41,14,male,88253.06803212,12119.8098356689,90738.159850805,6819.15269271132,10255.7600430812,4,2485.091818685,0.0281587017210614
2022,UF,41,15,combined,157393.30255806,11379.6559273716,147369.87851398,4856.05036486057,10266.4003453813,4,-10023.42404408,-0.0636839298824834
2022,UF,41,15,female,81867.69393038,8910.57853168795,71768.4046196425,3964.86686221357,7043.96095335145,4,-10099.2893107375,-0.123361106510779
2022,UF,41,15,male,75525.60862768,7461.0140504554,75601.4738943375,6189.71721892274,7471.05613525506,4,75.8652666574926,0.00100449725644036
2022,UF,41,16,combined,178684.28430008,13482.035338222,163583.45976896,3435.52478163112,10444.8863957414,4,-15100.82453112,-0.0845112069607636
2022,UF,41,16,female,88431.70190059,8566.31659086462,84160.6873336225,2201.77100127848,7481.58587564898,4,-4271.0145669675,-0.0482973240950257
2022,UF,41,16,male,90252.58239949,9259.0707994237,79422.7724353375,3346.38805772518,6987.52591810262,4,-10829.8099641525,-0.119994460836765
2022,UF,41,17,combined,176533.40299192,13371.1055627539,174594.778817715,5968.33615555408,11072.880897847,4,-1938.624174205,-0.0109816280734912
2022,UF,41,17,female,87195.11976492,9134.03112362175,85151.90289199,4204.2763742722,7659.85088724116,4,-2043.21687293,-0.0234326975917753
2022,UF,41,17,male,89338.283227,8770.70461991765,89442.875925725,2137.06940353295,7879.45148739847,4,104.592698724999,0.00117074892136934
2022,UF,41,18,combined,164943.22708253,11309.4443117883,164304.254999243,8736.36651504797,9804.53870253177,4,-638.972083287517,-0.00387389100231321
2022,UF,41,18,female,75202.30320277,7754.79194678007,80597.8893350325,801.271817249728,6929.12164466198,4,5395.5861322625,0.071747618124331
2022,UF,41,18,male,89740.92387976,8713.32005404791,83706.36566421,7984.88969098482,6980.64693369016,4,-6034.55821555,-0.067244217628464
2022,UF,41,19,combined,157574.29632263,11056.5643311597,149509.337389465,4526.34359738338,9460.44824803887,4,-8064.95893316498,-0.051181944780208
2022,UF,41,19,female,85874.75811737,8752.44640055303,75332.0408800675,2620.71474426496,6913.37440272174,4,-10542.7172373025,-0.122768523235817
2022,UF,41,19,male,71699.53820526,7273.03155251543,74177.2965093975,2534.74489538068,6564.14843268768,4,2477.7583041375,0.0345575210964989
2022,UF,42,14,combined,99472.48951815,6083.05237279807,89454.1498587025,5126.10063721019,5284.24006423144,4,-10018.3396594475,-0.100714677072795
2022,UF,42,14,female,50545.55503067,4560.02118815472,46046.85974474,3580.8357266704,3890.27034302856,4,-4498.69528593001,-0.089002787350941
2022,UF,42,14,male,48926.93448748,4075.2429507894,43407.2901139625,1756.23615648746,3751.72018435373,4,-5519.6443735175,-0.112814024245274
2022,UF,42,15,combined,103830.53123345,7128.24548696919,100544.438378778,1028.29398904343,6267.11923742882,4,-3286.0928546725,-0.0316486183363941
2022,UF,42,15,female,44692.94776615,4626.02404383242,46435.839707895,3593.79682402425,4037.42401022372,4,1742.891941745,0.0389970236661152
2022,UF,42,15,male,59137.5834673,5589.99788282663,54108.5986708825,3315.79559699086,4593.32370969647,4,-5028.9847964175,-0.0850387266702953
2022,UF,42,16,combined,100988.54378223,6726.17819933966,105260.037208033,3922.41708493392,6014.17927122035,4,4271.4934258025,0.0422968117553361
2022,UF,42,16,female,49366.7347924,4881.52192218687,53799.07793618,2743.17900214378,4368.3259864164,4,4432.34314378,0.0897840046018673
2022,UF,42,16,male,51621.80898983,4635.04332633302,51460.9592718525,3074.70969202398,4066.21387757772,4,-160.8497179775,-0.00311592563540711
2022,UF,42,17,combined,105417.1803369,6766.9219437337,98035.91522423,3024.25312636823,5781.92833621017,4,-7381.26511266999,-0.0700195650185331
2022,UF,42,17,female,59371.85501201,5286.37806951869,50068.4416286475,2876.90586431605,4013.71061412109,4,-9303.41338336249,-0.156697367489706
2022,UF,42,17,male,46045.32532489,4470.19892224548,47967.4735955825,4081.30244849462,4272.3499395503,4,1922.1482706925,0.0417446995352963
2022,UF,42,18,combined,110544.31817793,6783.85038352716,104409.799668323,4653.89345432344,6125.04731484413,4,-6134.51850960752,-0.0554937477630783
2022,UF,42,18,female,55027.55822119,5037.95241698006,54286.2498017775,3644.53277314775,4634.54622639515,4,-741.308419412497,-0.0134715848454099
2022,UF,42,18,male,55516.75995674,4649.42166384548,50123.549866545,2062.49493807272,3962.97653986575,4,-5393.210090195,-0.0971456204288133
2022,UF,42,19,combined,116050.14572818,7658.97819524693,105599.010211243,6953.48345413077,6361.03238499866,4,-10451.1355169375,-0.0900570649985809
2022,UF,42,19,female,53536.07397108,5010.82559869553,50709.270948765,1036.9088669497,4339.09373825843,4,-2826.803022315,-0.0528018364559573
2022,UF,42,19,male,62514.0717571,5165.08531161249,54889.7392624775,6881.85183867823,4253.05251904349,4,-7624.3324946225,-0.121961860431153
2022,UF,43,14,combined,126788.4950476,10392.7955123974,140439.219352205,17560.0736426113,10651.8502013491,4,13650.724304605,0.107665323257289
2022,UF,43,14,female,51296.31589706,6723.10707309438,61768.6714630725,9270.16483436554,6139.1211099881,4,10472.3555660125,0.204154146021483
2022,UF,43,14,male,75492.17915054,7708.35468424731,78670.5478891325,9390.16216344997,8467.1750008237,4,3178.3687385925,0.0421019604196942
2022,UF,43,15,combined,147931.7086491,11106.7088614504,149018.269586808,7226.57670982624,10043.7399380178,4,1086.56093770749,0.00734501715440098
2022,UF,43,15,female,74622.04403173,8235.3860223896,70898.2035150325,3767.5444260279,6859.77326932661,4,-3723.8405166975,-0.0499026871351056
2022,UF,43,15,male,73309.66461737,7726.49102920325,78120.066071775,7257.20853657524,7296.94324703163,4,4810.401454405,0.0656175618796273
2022,UF,43,16,combined,137955.58170496,10991.0532690667,139579.705969723,11040.8807343698,9747.78335841765,4,1624.1242647625,0.0117728057443587
2022,UF,43,16,female,57478.19959784,6560.1233162729,65252.491769885,5801.66762748513,6275.86871238828,4,7774.292172045,0.135256362002284
2022,UF,43,16,male,80477.38210712,8664.10485028605,74327.2141998375,5675.50284197372,7051.48610369907,4,-6150.16790728251,-0.0764210731792478
2022,UF,43,17,combined,141373.3526152,10506.2342352758,138888.357561643,12610.2008856924,9027.02947185423,4,-2484.9950535575,-0.0175775349992678
2022,UF,43,17,female,63942.47115029,7090.34160593317,64668.00662648,6320.33384090208,6242.75635346478,4,725.535476189994,0.0113466912231887
2022,UF,43,17,male,77430.88146491,7784.86328973402,74220.3509351625,8321.97361703906,6667.3442070442,4,-3210.5305297475,-0.0414631794060415
2022,UF,43,18,combined,143264.17249315,10090.392191448,137684.947404803,3457.36326437232,8906.20167885925,4,-5579.22508834751,-0.0389436171741701
2022,UF,43,18,female,72922.41266467,6943.80534900892,62263.0426673575,1718.43350728506,5906.19673616016,4,-10659.3699973125,-0.146174126826125
2022,UF,43,18,male,70341.75982848,7373.16550981062,75421.904737445,2821.67039256897,6784.76556201079,4,5080.144908965,0.0722208958284855
2022,UF,43,19,combined,134086.11293625,10611.8114801273,132912.356852005,8815.53224650145,9095.96640247966,4,-1173.75608424499,-0.00875374830802233
2022,UF,43,19,female,69444.93356307,7752.33542460871,67115.016680795,3364.88789927508,6850.08355407699,4,-2329.91688227499,-0.0335505667977774
2022,UF,43,19,male,64641.17937318,6592.72926233016,65797.34017121,6612.71594521437,6048.23625447848,4,1156.16079803,0.0178858246282199
2022,UF,50,14,combined,40175.84114657,3710.31025783161,40773.2679146025,656.248759558743,3835.06474500151,4,597.426768032499,0.0148702989404244
2022,UF,50,14,female,22430.20927529,2772.48315881118,17469.3670916025,2136.45864368937,2272.52640715363,4,-4960.8421836875,-0.221167895618012
2022,UF,50,14,male,17745.63187128,2523.78573589117,23303.900823,2744.97247399516,3042.81782335017,4,5558.26895172,0.313218993385953
2022,UF,50,15,combined,48104.08103671,4578.05364617135,40726.8622327225,2330.57558340087,3806.62338478082,4,-7377.2188039875,-0.153359520543749
2022,UF,50,15,female,22324.47868715,3064.84998622481,19637.040252525,1768.7829057525,2521.81878917085,4,-2687.438434625,-0.120380792415632
2022,UF,50,15,male,25779.60234956,3100.65386038297,21089.8219801975,1365.8336537692,2693.47603784974,4,-4689.7803693625,-0.181918258698143
2022,UF,50,16,combined,34446.1381073,3730.82691175557,41263.673388535,710.038733972416,3888.67431622264,4,6817.535281235,0.197918711816062
2022,UF,50,16,female,16300.72307289,2741.84996181427,21154.87965676,1913.30304033589,2861.36185290877,4,4854.15658387,0.297787807458862
2022,UF,50,16,male,18145.41503441,2522.01230632261,20108.793731775,1231.32167467791,2498.65274150192,4,1963.378697365,0.10820246842752
2022,UF,50,17,combined,47370.21874286,4733.16202619126,39216.146103775,1805.63195121502,3533.78721495277,4,-8154.072639085,-0.172135000755386
2022,UF,50,17,female,27113.72319604,3865.7640899445,22353.249806065,1471.67981321128,2764.52958748517,4,-4760.473389975,-0.175574315469528
2022,UF,50,17,male,20256.49554682,2688.40030207186,16862.89629771,2304.96748208646,2266.96473160712,4,-3393.59924911,-0.167531409431912
2022,UF,50,18,combined,31914.02959786,4107.42847914254,37519.9493000225,2820.51923610713,3581.23096416465,4,5605.9197021625,0.175656906156984
2022,UF,50,18,female,15994.45973831,2817.30569309775,19437.1322545425,1538.1368055825,2654.4072419569,4,3442.6725162325,0.215241563176191
2022,UF,50,18,male,15919.56985955,2699.53172814287,18082.81704548,2007.86319803042,2372.63554123073,4,2163.24718593,0.135886032412634
2022,UF,50,19,combined,39466.38310032,3964.09744963809,34910.04140513,4005.57025073067,3229.919605696,4,-4556.34169519,-0.115448676500408
2022,UF,50,19,female,20604.28382647,3101.91970044148,16970.210049445,2480.2034292251,2355.00853374637,4,-3634.073777025,-0.176374670802989
2022,UF,50,19,male,18862.09927385,2744.78097771659,17939.831355685,2070.03575626402,2342.82909156271,4,-922.267918164998,-0.0488952955222545
2022,UF,51,14,combined,59303.70789642,6263.78336575902,54949.21634407,4443.36798840583,4980.26086959987,4,-4354.49155235,-0.0734269695236522
2022,UF,51,14,female,31643.51622093,4629.19723476383,27791.218614945,2804.87769819569,3778.83152788001,4,-3852.297605985,-0.121740503776157
2022,UF,51,14,male,27660.19167549,4006.14610751659,27157.997729125,1919.89770261091,3313.77520267938,4,-502.193946365002,-0.0181558375392605
2022,UF,51,15,combined,52443.1608867,5841.67963432437,56871.3081582125,2979.31005834127,5122.44330330487,4,4428.1472715125,0.0844370780983095
2022,UF,51,15,female,25070.76075132,3539.52479912903,25678.624749525,2772.59434517396,3280.37417645243,4,607.863998205001,0.024245933509337
2022,UF,51,15,male,27372.40013538,4284.24048796048,31192.6834086875,1696.14856799594,3779.56449000733,4,3820.2832733075,0.139566981865416
2022,UF,51,16,combined,47208.43360483,4266.70165380695,53735.4826162225,670.027789853032,4523.80751188579,4,6527.0490113925,0.138260232610741
2022,UF,51,16,female,20603.91005489,2817.85886118045,27169.6047301125,2554.16277824803,3269.30259044011,4,6565.6946752225,0.318662557627708
2022,UF,51,16,male,26604.52354994,3525.62404343645,26565.87788611,2231.82484840175,3123.44779610163,4,-38.6456638300006,-0.0014525974786753
2022,UF,51,17,combined,69445.89795226,7322.27845541518,59122.855277395,8414.31097115282,5246.50717171948,4,-10323.042674865,-0.148648703224509
2022,UF,51,17,female,34377.0249618,5528.16264399987,27056.8358537875,4541.60442235717,3567.95611481237,4,-7320.1891080125,-0.212938412097811
2022,UF,51,17,male,35068.87299046,5326.35097319697,32066.0194236075,5752.79192867194,3980.0298790567,4,-3002.8535668525,-0.0856273187812275
2022,UF,51,18,combined,57792.30264733,5626.83618189474,60097.81014281,4728.74927862039,5220.14821289348,4,2305.50749548,0.0398929855684945
2022,UF,51,18,female,29734.7533563,3964.79574738343,30456.644042935,2996.61030221298,3537.37814837533,4,721.890686635001,0.024277675284031
2022,UF,51,18,male,28057.54929103,3704.41727114839,29641.166099875,2203.07308441621,3601.65783191725,4,1583.616808845,0.0564417366755293
2022,UF,51,19,combined,53769.48965741,6297.27386553047,51557.9868755,1121.78647834588,4886.08860707871,4,-2211.50278191,-0.0411293243808058
2022,UF,51,19,female,25127.48084409,4810.13529581052,26166.03713167,1143.19891476593,3567.40040405313,4,1038.55628758,0.0413314925608338
2022,UF,51,19,male,28642.00881332,4062.21906500507,25391.94974383,183.296215113586,3134.45259388334,4,-3250.05906949,-0.11347175718969
2022,UF,52,14,combined,104995.93140433,10643.128236248,105343.136744708,7201.21428963673,8419.10207051262,4,347.205340377506,0.00330684566281382
2022,UF,52,14,female,47206.22909876,7753.58495130711,47724.920716775,7617.90942165367,6027.66965615808,4,518.691618015,0.0109877791113085
2022,UF,52,14,male,57789.70230557,7467.06595126455,57618.2160279325,2794.96799422756,6164.0096717708,4,-171.486277637494,-0.00296741929437081
2022,UF,52,15,combined,107053.41688285,10116.170779421,110195.79487788,1432.89165582529,9237.38030271473,4,3142.37799502999,0.0293533647643283
2022,UF,52,15,female,53657.85365949,7117.59741968166,56291.0877281875,3223.51890585352,6325.32790290735,4,2633.2340686975,0.0490745322279916
2022,UF,52,15,male,53395.56322336,7246.59368741583,53904.7071496925,3008.32385788376,6194.71842430756,4,509.143926332501,0.00953532270467288
2022,UF,52,16,combined,117380.14756075,10540.1779200579,112170.41379724,5583.74676057754,8809.84110762557,4,-5209.73376351,-0.0443834317111733
2022,UF,52,16,female,60290.68854971,7486.13353623814,55166.510904435,3987.76893148052,6069.38396258123,4,-5124.17764527501,-0.0849911946361351
2022,UF,52,16,male,57089.45901104,6902.02641201259,57003.902892805,2850.09286208894,5962.27401745817,4,-85.5561182350066,-0.00149863249218147
2022,UF,52,17,combined,103791.02300674,9480.83764065337,112127.25259895,6183.36228935944,8650.61097005625,4,8336.22959221,0.0803174431729868
2022,UF,52,17,female,53779.4363613,6078.49959697174,57535.459147575,4940.53940991302,5859.66070726098,4,3756.022786275,0.0698412449145312
2022,UF,52,17,male,50011.58664544,6717.34509990067,54591.793451375,2710.73381598416,5855.23460840619,4,4580.206805935,0.0915829133437944
2022,UF,52,18,combined,109948.81316238,9122.8885471869,112312.565064083,9564.60950232958,8301.85519204015,4,2363.7519017025,0.0214986577273149
2022,UF,52,18,female,51998.3066495,6309.80151730047,55239.3651074025,7831.94763574321,6099.91965349572,4,3241.05845790249,0.0623300770109532
2022,UF,52,18,male,57950.50651288,6880.20431279321,57073.19995668,3623.69413525934,5874.88947153597,4,-877.306556199997,-0.0151388936696353
2022,UF,52,19,combined,98026.39215122,9610.34724200024,105843.341881498,4734.89229609232,7944.80398436755,4,7816.9497302775,0.0797433176793727
2022,UF,52,19,female,50675.66159298,6877.11191777623,49194.6889931975,2652.88575527156,5522.41748309547,4,-1480.9725997825,-0.0292245340904964
2022,UF,52,19,male,47350.73055824,6319.82683257569,56648.6528883,4677.37680939195,5884.89681950426,4,9297.92233006,0.196362806242743
2022,UF,53,14,combined,35998.93755431,4020.54793154287,42113.5724036275,2515.85152128643,4047.87286067242,4,6114.6348493175,0.169855980890898
2022,UF,53,14,female,19307.0269173,3237.03260210475,22760.840079615,1822.90387001331,2986.70888220087,4,3453.813162315,0.178888918377185
2022,UF,53,14,male,16691.91063701,2611.24923456811,19352.7323240125,1026.3775326241,2671.33908684488,4,2660.8216870025,0.159407855988805
2022,UF,53,15,combined,49717.77225025,5826.66161249072,44159.1050355575,2909.67490967848,4261.23984582634,4,-5558.6672146925,-0.111804430550778
2022,UF,53,15,female,25740.1649739,4136.54612103463,23924.4087391225,1579.54440844259,3188.02067129916,4,-1815.7562347775,-0.0705417481441412
2022,UF,53,15,male,23977.60727635,4355.65577275588,20234.696296435,3197.89202954483,2946.12176031927,4,-3742.910979915,-0.156100270422177
2022,UF,53,16,combined,50830.34611117,6249.58042876879,48283.010089045,2010.99202498105,4936.31968967217,4,-2547.336022125,-0.0501144732824321
2022,UF,53,16,female,23952.69179527,3722.49500878332,22070.1090771825,2587.99648987783,2898.50935406494,4,-1882.5827180875,-0.0785958728220791
2022,UF,53,16,male,26877.6543159,4160.67010552566,26212.9010118625,791.896419757939,3619.31144097967,4,-664.753304037498,-0.0247325639441776
2022,UF,53,17,combined,49521.37184622,5326.85915890537,46343.1998747,5743.6509686472,4284.40707110075,4,-3178.17197152,-0.0641777853285095
2022,UF,53,17,female,25221.70092561,3597.09894405638,23251.114918425,4031.37913078447,3005.8371203889,4,-1970.586007185,-0.0781305754515579
2022,UF,53,17,male,24299.67092061,3571.63512417287,23092.084956275,1983.19169459563,2991.46338086163,4,-1207.585964335,-0.0496955686470129
2022,UF,53,18,combined,45331.07014019,5305.11115152754,46769.5117691175,1681.37515340978,4437.99132005909,4,1438.4416289275,0.0317319142142244
2022,UF,53,18,female,23227.22248565,3411.04266454064,22023.4504137525,939.904071888569,2807.23298715598,4,-1203.7720718975,-0.0518259155885385
2022,UF,53,18,male,22103.84765454,3745.29279537351,24746.061355365,1527.3170797675,3220.1829071527,4,2642.213700825,0.119536369509962
2022,UF,53,19,combined,41584.1009688,4525.58822954789,47587.2367772825,3863.89539402811,4430.81106031143,4,6003.1358084825,0.14436132244356
2022,UF,53,19,female,20401.68560359,3250.13033894237,23264.562418455,1531.094854765,3050.76447183847,4,2862.876814865,0.140325504004494
2022,UF,53,19,male,21182.41536521,3212.53524586168,24322.6743588275,3009.76898083259,3158.6991431707,4,3140.2589936175,0.148248390916508
2023,Brazil,Brazil,14,combined,2926330.89726952,56650.3120501471,2932983.89037467,30114.5568483566,51381.2567191286,4,6652.99310514983,0.00227349310064612
2023,Brazil,Brazil,14,female,1424959.27608501,39578.8258753262,1425834.04332771,29175.6562179168,34912.6317083667,4,874.767242700094,0.0006138892931056
2023,Brazil,Brazil,14,male,1501371.62118451,40079.4950040682,1507149.84704696,12414.0295659526,37404.2174831697,4,5778.2258624502,0.00384863133212246
2023,Brazil,Brazil,15,combined,3042808.13404899,56795.782649788,3004433.38944113,13183.4935382565,50492.1027641673,4,-38374.7446078574,-0.0126116215407881
2023,Brazil,Brazil,15,female,1517558.04234785,39843.9535045307,1474273.57518049,16866.8697457266,35194.9202574944,4,-43284.4671673626,-0.0285224459028902
2023,Brazil,Brazil,15,male,1525250.09170114,40438.1993027379,1530159.81426064,14429.0729139273,35325.0817235828,4,4909.72255950491,0.00321896231065228
2023,Brazil,Brazil,16,combined,2970120.3538599,56558.782630293,3065176.48624241,70538.7691390978,51596.9347674095,4,95056.1323825098,0.0320041348691399
2023,Brazil,Brazil,16,female,1457174.23975123,39355.8237551816,1499861.13122042,34939.5435865608,35887.4320584893,4,42686.8914691925,0.0292942946043844
2023,Brazil,Brazil,16,male,1512946.11410867,39749.0364902642,1565315.35502199,50375.7298864152,36131.6020419706,4,52369.2409133175,0.0346140820383217
2023,Brazil,Brazil,17,combined,3100957.57894277,57044.199821795,3088030.26790048,16096.6223424135,51467.4144155927,4,-12927.3110422902,-0.00416881260487851
2023,Brazil,Brazil,17,female,1484715.34836746,38573.534731527,1503564.81510064,22560.8384702875,35449.0067792214,4,18849.4667331749,0.0126956771571743
2023,Brazil,Brazil,17,male,1616242.23057531,41309.2548348212,1584465.45279985,6968.15498781597,36931.0992132917,4,-31776.777775465,-0.0196609005595368
2023,Brazil,Brazil,18,combined,3054928.35711292,59632.4471589686,3047789.59345791,30744.7372448282,51806.9483755707,4,-7138.76365501247,-0.00233680231432956
2023,Brazil,Brazil,18,female,1488548.68190711,41679.1054877891,1484357.34896972,25374.3575930755,35552.5732265361,4,-4191.33293739008,-0.00281571774462908
2023,Brazil,Brazil,18,male,1566379.67520581,40899.6976850665,1563432.24448819,24355.132791036,36202.7552661923,4,-2947.4307176224,-0.0018816834540675
2023,Brazil,Brazil,19,combined,2946543.67878241,55569.8077119792,2914231.37305877,20116.0909298988,50046.9897225234,4,-32312.3057236425,-0.0109661723178646
2023,Brazil,Brazil,19,female,1447846.41155023,39485.3885978581,1438492.83647319,32687.1351335724,35797.6095290149,4,-9353.57507703756,-0.00646033654013243
2023,Brazil,Brazil,19,male,1498697.26723218,40233.8707729585,1475738.53658557,17259.3916268776,34898.0927501615,4,-22958.7306466051,-0.0153191249150709
2023,UF,11,14,combined,29049.50991111,3284.61216652979,27743.139899135,1891.29858685192,2868.78117733662,4,-1306.370011975,-0.0449704664888469
2023,UF,11,14,female,16777.98148283,2627.61207553997,14441.4969511625,1174.16411758888,2093.20266089387,4,-2336.4845316675,-0.139258976656911
2023,UF,11,14,male,12271.52842828,1754.19088257848,13301.6429479725,1423.58026040737,1920.434124197,4,1030.1145196925,0.0839434570610274
2023,UF,11,15,combined,26184.27549393,3709.62746832872,26646.497881095,2756.3572393283,2878.27643444191,4,462.222387164999,0.0176526704843199
2023,UF,11,15,female,15256.24537129,2583.14023435064,13903.524431425,1745.33732082683,2091.22776810318,4,-1352.720939865,-0.0886667005507542
2023,UF,11,15,male,10928.03012264,2451.50098470719,12742.97344967,1474.4260030499,1998.79683863338,4,1814.94332703,0.166081471835433
2023,UF,11,16,combined,25224.85223054,3256.85531328499,24466.780824855,892.932414823208,2714.6967671378,4,-758.071405685001,-0.0300525608141005
2023,UF,11,16,female,12218.30251801,2595.97496735798,12362.6533356425,867.835886793416,2101.56866408886,4,144.350817632499,0.0118143103282738
2023,UF,11,16,male,13006.54971253,2210.35543988778,12104.1274892125,931.438610389729,1828.26299635619,4,-902.422223317501,-0.0693821377123668
2023,UF,11,17,combined,27891.53013795,3477.0935720819,28218.9735564025,1994.35822543657,3047.3675539868,4,327.443418452498,0.0117398872285952
2023,UF,11,17,female,13555.81398251,2149.2435158102,12326.5843407425,1690.09296804859,1988.51971817353,4,-1229.2296417675,-0.0906791464793984
2023,UF,11,17,male,14335.71615544,2348.67916137463,15892.38921566,1063.71651242538,2131.42174271934,4,1556.67306022,0.108587045344734
2023,UF,11,18,combined,29368.16977361,3381.94757198418,29108.1883483475,796.072917312271,2981.81958755848,4,-259.9814252625,-0.00885248986459202
2023,UF,11,18,female,13972.71987318,2477.17662401576,14206.376685475,926.820387819412,2227.09519517094,4,233.656812294999,0.0167223571656577
2023,UF,11,18,male,15395.44990043,2589.57507555342,14901.8116628725,987.301272931155,2199.67612431647,4,-493.638237557499,-0.0320639046439112
2023,UF,11,19,combined,22613.24059717,2576.53196031801,24650.7808576725,2596.87764500857,2577.56857773855,4,2037.5402605025,0.0901038598049275
2023,UF,11,19,female,9646.71407686,1912.14127017291,12314.389444775,1001.26484396648,2053.05666099626,4,2667.675367915,0.276537207038619
2023,UF,11,19,male,12966.52652031,2111.18945284647,12336.3914128975,1918.39609495929,1862.04626537505,4,-630.1351074125,-0.0485970630936121
2023,UF,12,14,combined,16079.44472859,1555.72553713402,17528.61647224,1436.42112027589,1395.89493299368,4,1449.17174365,0.0901257330779155
2023,UF,12,14,female,7695.84382166,1046.8518974159,8587.4196560725,495.132564338748,961.769114955329,4,891.5758344125,0.115851601861144
2023,UF,12,14,male,8383.60090693,1089.17469734452,8941.1968161675,1237.93208017073,1006.35809888452,4,557.5959092375,0.0665103116700824
2023,UF,12,15,combined,18533.64693476,1546.85177844216,17598.97064215,1340.67913413835,1359.92785476412,4,-934.676292609998,-0.0504313207163241
2023,UF,12,15,female,9432.02029601,1243.92622664967,8756.726198885,275.676489864216,1048.32464618147,4,-675.294097124999,-0.0715959122151875
2023,UF,12,15,male,9101.62663875,1163.94617233396,8842.244443265,1089.59292611913,1011.70361083475,4,-259.382195484999,-0.0284984438254899
2023,UF,12,16,combined,15437.36014132,1562.0639781257,16756.413178605,877.078396846768,1353.28753947245,4,1319.053037285,0.0854455052683775
2023,UF,12,16,female,7842.62086241,1174.84652087825,8200.298590415,461.271935859472,1026.90092117339,4,357.677728004999,0.0456069130817433
2023,UF,12,16,male,7594.73927891,933.786103011298,8556.11458819,652.662419714209,943.411560290769,4,961.375309280001,0.126584372942158
2023,UF,12,17,combined,19952.40712924,1812.09701002875,18720.8394039625,335.4232624784,1663.86444710071,4,-1231.5677252775,-0.0617252704047248
2023,UF,12,17,female,9370.88492448,1291.53233892156,9041.0859054025,459.400953229457,1172.05426497067,4,-329.7990190775,-0.0351940101426228
2023,UF,12,17,male,10581.52220476,1250.29177106731,9679.75349856,314.199809920674,1057.09974285367,4,-901.768706200001,-0.0852210758291797
2023,UF,12,18,combined,17311.46561259,1555.59935723308,16834.9915427125,547.004663512023,1465.71820191375,4,-476.474069877499,-0.0275236124162114
2023,UF,12,18,female,7910.09835019,1027.99410359813,8107.7771201625,374.842518076118,946.810403656844,4,197.6787699725,0.0249906842141542
2023,UF,12,18,male,9401.3672624,1083.31887188466,8727.21442255,372.615846914025,967.134160933696,4,-674.15283985,-0.0717079570485688
2023,UF,12,19,combined,12851.44642048,1270.36206544665,14045.1350377925,359.915341166987,1287.34039246883,4,1193.6886173125,0.0928836006669447
2023,UF,12,19,female,5952.64591947,837.334538121569,6658.206356965,327.541080259087,899.164006128444,4,705.560437495,0.118528877248896
2023,UF,12,19,male,6898.80050101,1002.13486897539,7386.9286808275,400.749613578278,916.867292955999,4,488.128179817501,0.0707555146356294
2023,UF,13,14,combined,67709.4214302,5980.35997720336,71665.3072512,1385.69568382874,5774.33572618567,4,3955.88582099999,0.0584244516854721
2023,UF,13,14,female,30287.69476793,3626.61779775261,34458.2635619125,1324.71703564569,4122.59634601237,4,4170.5687939825,0.137698455624906
2023,UF,13,14,male,37421.72666227,4779.60248372945,37207.0436892875,2417.31061079824,3887.28994459541,4,-214.682972982497,-0.00573685375129813
2023,UF,13,15,combined,72887.07940814,5922.40814351098,74164.5699950975,1880.87020740688,5466.45901931275,4,1277.4905869575,0.0175269827976511
2023,UF,13,15,female,34784.47035477,3613.43765378612,35573.1603286425,1434.24324342835,3515.77748794014,4,788.689973872504,0.0226736231953105
2023,UF,13,15,male,38102.60905337,4777.10311163303,38591.409666455,3231.04428764571,4072.16350758893,4,488.800613085004,0.0128285339305858
2023,UF,13,16,combined,85141.08572287,7815.22102848163,77918.4372320225,4431.05390832373,5613.97025856405,4,-7222.64849084751,-0.0848315290969729
2023,UF,13,16,female,43733.56521911,4979.88185519196,40083.672309035,2850.06594785625,4177.09408084623,4,-3649.892910075,-0.0834574746373554
2023,UF,13,16,male,41407.52050376,5078.49790851708,37834.7649229875,2474.88871320632,3677.98424391047,4,-3572.75558077251,-0.0862827703109652
2023,UF,13,17,combined,86452.55359314,6694.68722062103,82171.8380764125,3839.19448128601,5865.94556504018,4,-4280.71551672749,-0.049515200405453
2023,UF,13,17,female,42894.19515937,4224.9089618032,39403.95735796,2591.82003623581,3937.49390338839,4,-3490.23780141,-0.0813685345637632
2023,UF,13,17,male,43558.35843377,4757.96243557043,42767.8807184525,4366.15301254389,4209.47159728828,4,-790.477715317502,-0.0181475552279918
2023,UF,13,18,combined,79163.4230329,6280.75543481527,79239.24150853,5827.38919874256,5750.61907184192,4,75.8184756300034,0.000957746301577858
2023,UF,13,18,female,42813.56345141,4889.41409322598,40261.792850555,3386.74332791199,4082.99077910914,4,-2551.770600855,-0.0596019203996196
2023,UF,13,18,male,36349.85958149,4139.62662940714,38977.448657975,2474.01180952382,3748.05530299905,4,2627.589076485,0.0722860860189681
2023,UF,13,19,combined,70533.44366739,6458.31158966838,68735.039618235,2388.05495880878,5322.17267347133,4,-1798.40404915501,-0.0254971819841327
2023,UF,13,19,female,29558.49679907,3944.36376940978,32610.03912469,3373.12525505458,3411.7424430039,4,3051.54232562,0.103237398923345
2023,UF,13,19,male,40974.94686832,4570.90753449556,36125.000493545,2130.47441092626,3738.41772846917,4,-4849.94637477501,-0.118363701370038
2023,UF,14,14,combined,10343.43423381,1231.96376840478,10353.96726557,911.202321623289,1163.99869726584,4,10.5330317600019,0.00101833022977728
2023,UF,14,14,female,5414.73691905,958.208146156118,4704.9526987525,786.545888270256,828.352456582884,4,-709.7842202975,-0.131083786878057
2023,UF,14,14,male,4928.69731476,862.02647634733,5649.0145668175,850.79208693451,859.906496834163,4,720.3172520575,0.146147593584285
2023,UF,14,15,combined,9373.00008029,1016.91864842042,10263.195958515,654.274872065904,1085.47457698461,4,890.195878225,0.0949744874212631
2023,UF,14,15,female,4719.17552496,753.542931073445,5160.3093601875,673.306570142095,798.357959563525,4,441.1338352275,0.0934768865651037
2023,UF,14,15,male,4653.82455533,787.13978740656,5102.8865983275,487.59308824987,786.686523831598,4,449.0620429975,0.0964931182210536
2023,UF,14,16,combined,8638.86866196,1164.30666399326,10550.0857689975,632.312090100023,1327.58453130152,4,1911.2171070375,0.221234652571264
2023,UF,14,16,female,4451.90987492,863.173439559494,5568.803959725,259.706749173939,943.762017095855,4,1116.894084805,0.250879760863324
2023,UF,14,16,male,4186.95878704,799.398723094781,4981.2818092725,599.404541137148,783.679064376305,4,794.3230222325,0.189713599448647
2023,UF,14,17,combined,9012.32920455,1289.2609716843,9438.88867533,971.952264328331,1080.80318382173,4,426.559470779999,0.0473306579352033
2023,UF,14,17,female,3418.67844156,664.235963446601,4570.288077475,497.706758188332,764.205515714869,4,1151.609635915,0.336858132638383
2023,UF,14,17,male,5593.65076299,1056.93021201752,4868.600597855,674.216789915826,752.706239211287,4,-725.050165135,-0.129620206168795
2023,UF,14,18,combined,9620.57776576,1403.43463209226,10098.91383576,1218.80360194898,1201.75867402808,4,478.336070000001,0.0497200980696209
2023,UF,14,18,female,4724.42347452,1219.3570675996,4829.7119789675,1061.93167349358,982.060539169353,4,105.2885044475,0.022286000612635
2023,UF,14,18,male,4896.15429124,781.492338324445,5269.2018567925,874.051708451289,719.265433417526,4,373.0475655525,0.0761919546162876
2023,UF,14,19,combined,9950.72401761,1091.15756273098,9303.097041955,232.783844584558,1100.18679882125,4,-647.626975655001,-0.0650834024246761
2023,UF,14,19,female,4581.69108116,773.583561216338,4477.6764839475,353.488294904909,781.676519354496,4,-104.0145972125,-0.022702228362844
2023,UF,14,19,male,5369.03293645,848.333080630388,4825.4205580075,347.818779275715,761.779457116061,4,-543.612378442501,-0.101249589055778
2023,UF,15,14,combined,151038.82340971,11172.2523739245,152547.193905938,7144.44317768687,10205.7998449474,4,1508.37049622749,0.00998664093228445
2023,UF,15,14,female,68530.4835866,7281.67997282405,71402.22479375,9299.82783101573,6915.94226275663,4,2871.74120715,0.0419045810981483
2023,UF,15,14,male,82508.33982311,8522.32925600464,81144.9691121875,3211.97100595128,7351.30321769435,4,-1363.37071092249,-0.0165240351926294
2023,UF,15,15,combined,158884.24606394,11120.3026847634,159225.293554308,6383.73216326935,10035.8922614479,4,341.047490367491,0.00214651545899801
2023,UF,15,15,female,77491.75725529,7283.65082087904,81906.0863283825,6125.17748755108,7052.48077002882,4,4414.32907309251,0.0569651435126174
2023,UF,15,15,male,81392.48880865,8520.40445362416,77319.207225925,3117.14042292006,7039.35537624925,4,-4073.281582725,-0.0500449321841122
2023,UF,15,16,combined,144608.82078025,10370.4118410885,165093.36583909,4385.05195901997,11345.1217982681,4,20484.54505884,0.141654879338022
2023,UF,15,16,female,60191.31748088,6371.89893295351,75373.25452285,4529.96919420795,6970.13931038207,4,15181.93704197,0.252228023531676
2023,UF,15,16,male,84417.50329937,8091.0227720286,89720.11131624,3449.76236675265,8293.74777349258,4,5302.60801687,0.0628140825021246
2023,UF,15,17,combined,158333.73790525,12688.6967787358,161559.772051313,12630.1894497607,11524.517670284,4,3226.03414606251,0.0203749004396841
2023,UF,15,17,female,85205.69384777,9036.18512027274,81434.1455414,8316.75718548472,7707.45079535514,4,-3771.54830636999,-0.0442640407706592
2023,UF,15,17,male,73128.04405748,9590.85617357005,80125.6265099125,4616.95970329803,8667.03720453232,4,6997.5824524325,0.095689451873378
2023,UF,15,18,combined,134439.28223755,9972.95527087531,153160.99343285,5576.68003002762,10964.9136709611,4,18721.7111953,0.139257744341563
2023,UF,15,18,female,60492.51221448,6432.66671855217,78960.6409930525,2462.19450543966,8082.63708854188,4,18468.1287785725,0.305296111907084
2023,UF,15,18,male,73946.77002307,7490.20875523084,74200.3524397975,4996.46634388025,6917.81427426462,4,253.582416727499,0.00342925616153871
2023,UF,15,19,combined,138955.77235006,10961.5039296707,152027.26422881,10893.7744529527,10456.2887515881,4,13071.49187875,0.0940694413602341
2023,UF,15,19,female,62677.03386138,6839.14254065819,72103.2292567425,3019.08011009718,6871.99681575471,4,9426.19539536251,0.150393131497097
2023,UF,15,19,male,76278.73848868,8117.13882909477,79924.0349720675,8037.77223178364,7597.38715141347,4,3645.2964833875,0.0477891553480329
2023,UF,16,14,combined,12721.0785384,2705.82073919909,14035.0845179675,1052.46634784961,1938.88532311819,4,1314.0059795675,0.10329359854206
2023,UF,16,14,female,4760.71118921,1134.71042376509,7457.104875895,878.793564306111,1319.03378328218,4,2696.393686685,0.566384638664133
2023,UF,16,14,male,7960.36734919,2046.90315446837,6577.9796420725,475.084151523453,1352.18324881387,4,-1382.3877071175,-0.173658783128666
2023,UF,16,15,combined,13152.97594396,1951.94012923284,13367.8118045575,918.862024753603,1814.79582177796,4,214.835860597499,0.0163336313783919
2023,UF,16,15,female,7066.27202232,1514.35937840195,6745.0372261575,715.892749318159,1296.16020801667,4,-321.2347961625,-0.0454602929448267
2023,UF,16,15,male,6086.70392164,1392.81383430343,6622.7745784,330.296436796137,1184.73223798756,4,536.07065676,0.088072405633879
2023,UF,16,16,combined,17497.52975708,3131.13651536517,14383.3247005175,1464.90491722349,2033.2887772608,4,-3114.2050565625,-0.177979697694322
2023,UF,16,16,female,10436.10697454,2546.37967311139,7798.937757145,225.002617993958,1520.22282877037,4,-2637.169217395,-0.252696644814839
2023,UF,16,16,male,7061.42278254,1707.96395339867,6584.3869433725,1257.83614234699,1211.39831660448,4,-477.035839167501,-0.0675552015306341
2023,UF,16,17,combined,14892.63470909,2711.05045585167,14061.8844729025,900.020316841744,1998.35702970554,4,-830.7502361875,-0.0557826235864387
2023,UF,16,17,female,7306.2720105,1679.55886511802,7614.670834425,1528.04319550073,1373.0457517709,4,308.398823925,0.042210148141459
2023,UF,16,17,male,7586.36269859,1662.40809214017,6447.2136384775,866.384253462786,1184.53580182941,4,-1139.1490601125,-0.150157474058579
2023,UF,16,18,combined,15191.49667659,2335.00848444807,16201.12273849,819.494825072714,2249.67852034148,4,1009.6260619,0.0664599468632888
2023,UF,16,18,female,8926.90055452,2092.08629350199,8056.9929172025,1356.37839821347,1481.07120017932,4,-869.9076373175,-0.0974478915727402
2023,UF,16,18,male,6264.59612207,1235.37589261225,8144.1298212875,865.648544053126,1690.49892968906,4,1879.5336992175,0.300024720284194
2023,UF,16,19,combined,12795.58683996,2038.52857648263,13880.21672729,824.840463597396,1801.77963048541,4,1084.62988733,0.0847659353881882
2023,UF,16,19,female,6083.88252786,1529.51937711187,6108.5627039075,1186.14427110961,1213.22163578863,4,24.6801760475009,0.00405664901228495
2023,UF,16,19,male,6711.7043121,1475.22840796936,7771.6540233825,1134.51044181013,1302.37303097761,4,1059.9497112825,0.157925567336392
2023,UF,17,14,combined,25852.44914541,2915.62592886045,27595.3127873625,1692.9580361065,2709.29786461095,4,1742.8636419525,0.067415803901192
2023,UF,17,14,female,11113.20008356,1951.9934988475,13928.25101622,1657.58676730793,2001.64783092089,4,2815.05093266,0.253306960325889
2023,UF,17,14,male,14739.24906185,2055.87141979249,13667.0617711425,979.395427648581,1780.92846184813,4,-1072.1872907075,-0.0727436849874985
2023,UF,17,15,combined,19960.80153658,2604.61866901128,23808.92424887,1839.96670501615,2573.81463671641,4,3848.12271229,0.192783977398802
2023,UF,17,15,female,10043.0699477,2077.97282234645,13735.7307580925,1675.43503584097,2024.19174372544,4,3692.6608103925,0.367682474544367
2023,UF,17,15,male,9917.73158888,1572.10396327211,10073.1934907775,740.741615557611,1488.08223191656,4,155.461901897499,0.0156751471346338
2023,UF,17,16,combined,32232.02640391,3122.49408376748,28904.658053135,2544.72074030215,2789.08561311246,4,-3327.368350775,-0.103231745627118
2023,UF,17,16,female,15717.0178165,2244.55603022668,13542.2230435925,1551.18027632053,1872.16175336466,4,-2174.7947729075,-0.1383719735066
2023,UF,17,16,male,16515.00858741,2449.54284013946,15362.4350095425,2439.31819966375,2093.20423432568,4,-1152.5735778675,-0.0697894628251147
2023,UF,17,17,combined,23722.95148973,2470.28147810038,28948.1131950225,822.131314578544,2650.4063492557,4,5225.1617052925,0.220257656706609
2023,UF,17,17,female,13029.55493484,1894.52578845588,14254.299391985,572.985897192881,1903.85019652452,4,1224.744457145,0.0939974130559233
2023,UF,17,17,male,10693.39655489,1811.52088774386,14693.8138030375,1149.07075540155,1890.82311439261,4,4000.4172481475,0.374101645591563
2023,UF,17,18,combined,24427.49252835,2970.6162829227,26769.95513614,737.726743013998,2652.29523624242,4,2342.46260779,0.0958945174201318
2023,UF,17,18,female,11985.08733996,2455.80874060386,13636.07504898,1093.81789621331,2051.05216084635,4,1650.98770902,0.137753498342509
2023,UF,17,18,male,12442.40518839,1745.65500406732,13133.88008716,1618.21428389425,1824.50710312018,4,691.474898770001,0.0555740540755911
2023,UF,17,19,combined,23340.60280281,2622.08786391386,23000.687068005,1143.29382688083,2676.23732430064,4,-339.915734805003,-0.0145632800350846
2023,UF,17,19,female,12361.87841277,1842.29177531483,11910.64694394,1821.95842189823,1847.85719777545,4,-451.231468830001,-0.0365018530164374
2023,UF,17,19,male,10978.72439004,2003.51062190366,11090.040124065,744.613604329297,1794.21860303996,4,111.315734025,0.0101392229252049
2023,UF,21,14,combined,123564.16442126,7872.27373647233,132711.55652939,3210.17195390262,9063.31250143995,4,9147.39210812999,0.074029490273121
2023,UF,21,14,female,61907.55560969,5471.6524981692,64682.31537366,3215.2646222878,5195.46652767062,4,2774.75976397,0.0448210196096917
2023,UF,21,14,male,61656.60881157,5440.86593687415,68029.24115573,6185.54967434498,6848.99374280308,4,6372.63234416,0.103356841496676
2023,UF,21,15,combined,119487.24597964,10243.2080345563,125203.967279228,6461.55592843504,7700.85105514899,4,5716.72129958749,0.0478437782435925
2023,UF,21,15,female,63309.50315322,7593.28897563197,62878.74985673,4218.26803163807,5424.98322299834,4,-430.753296490002,-0.00680392792607303
2023,UF,21,15,male,56177.74282642,4791.83552650777,62325.2174224975,3349.50872235075,4886.3552761459,4,6147.4745960775,0.109429006698831
2023,UF,21,16,combined,144400.11726297,9276.43177004118,136245.72607937,2935.45555730052,7867.33374626845,4,-8154.39118359998,-0.0564708072137493
2023,UF,21,16,female,77963.89126865,6781.65954917117,67702.9143819675,932.257994614512,5664.1974626705,4,-10260.9768866825,-0.131611913152525
2023,UF,21,16,male,66436.22599432,5340.41841519894,68542.8116974025,3515.65639917892,5234.69106503495,4,2106.5857030825,0.0317083890837298
2023,UF,21,17,combined,126636.02359026,8119.84772757224,129044.704003168,8039.4885391797,6941.78202070379,4,2408.6804129075,0.0190204994172982
2023,UF,21,17,female,59522.05509723,5060.82431326881,64600.146112815,4812.83771387803,4910.39532935972,4,5078.09101558501,0.0853144436510111
2023,UF,21,17,male,67113.96849303,5192.89828487134,64444.5578903525,3939.89326708643,4574.41403939383,4,-2669.4106026775,-0.0397742923360988
2023,UF,21,18,combined,131018.02401701,7640.69644157939,130476.20245411,9953.35363570327,7045.53100157136,4,-541.821562900004,-0.00413547347370817
2023,UF,21,18,female,67311.02728036,5544.47030252424,64028.6113750675,9222.7259062654,4853.62579483357,4,-3282.4159052925,-0.0487649058098722
2023,UF,21,18,male,63706.99673665,5952.45673780427,66447.5910790425,1573.85463725943,5359.11667288251,4,2740.5943423925,0.0430187339346961
2023,UF,21,19,combined,117820.18724232,7748.96078238963,124751.00636789,2962.12702409017,7132.59967355504,4,6930.81912557001,0.0588253956116658
2023,UF,21,19,female,64242.66991221,6240.87122075515,64041.1742998325,990.12713475037,5314.53924904057,4,-201.495612377505,-0.00313647631166102
2023,UF,21,19,male,53577.51733011,4384.27698104226,60709.8320680575,2369.41192177807,4513.13200838022,4,7132.3147379475,0.133121411617541
2023,UF,22,14,combined,48874.58318366,5314.86881156089,49169.8487706125,4374.99652959651,4727.92772827809,4,295.265586952504,0.00604129115215082
2023,UF,22,14,female,26513.59749967,3881.22280075673,25077.9261932325,3999.99071299185,3235.33773653717,4,-1435.6713064375,-0.0541484914091861
2023,UF,22,14,male,22360.98568399,3651.95281481372,24091.92257738,1908.96083043871,3306.68562332905,4,1730.93689339,0.0774087921638139
2023,UF,22,15,combined,49778.28322944,5014.82720913211,47560.3980020425,2393.37310544811,4502.15184867474,4,-2217.8852273975,-0.0445552775931371
2023,UF,22,15,female,23654.47199548,3641.32933505066,23732.88531278,2671.72468240087,3118.04539810409,4,78.4133173000009,0.00331494684451145
2023,UF,22,15,male,26123.81123396,3216.26764931312,23827.5126892625,787.404810431919,2986.2017988337,4,-2296.2985446975,-0.0879005947536627
2023,UF,22,16,combined,52352.85006987,4976.96806865849,55069.614977515,3694.451051248,4648.29802424755,4,2716.764907645,0.0518933525876663
2023,UF,22,16,female,27043.81667216,3953.01575698151,28364.567892525,2875.27411140526,3655.54947470394,4,1320.751220365,0.0488374565016424
2023,UF,22,16,male,25309.03339771,3450.08264356363,26705.04708499,1636.82878089567,3118.69495586713,4,1396.01368728,0.0551587121223805
2023,UF,22,17,combined,57561.72626659,5850.13140141222,55198.832035835,2824.92714244611,5130.5742779461,4,-2362.894230755,-0.041049745794828
2023,UF,22,17,female,27143.35719132,3866.00078097453,25379.53515741,1692.59167239412,3472.04516808801,4,-1763.82203391,-0.0649817198910841
2023,UF,22,17,male,30418.36907527,3987.62184660795,29819.296878425,2179.11851049783,3574.76725464167,4,-599.072196844998,-0.0196944219909555
2023,UF,22,18,combined,52925.53693208,5170.03140740764,54830.5088869375,1226.14365145761,5259.55949128974,4,1904.9719548575,0.0359934365390034
2023,UF,22,18,female,27030.79999996,3804.37008882413,24878.93418546,1599.176854107,3284.46974754697,4,-2151.8658145,-0.0796079218707247
2023,UF,22,18,male,25894.73693212,3803.11972598225,29951.5747014775,1125.8755206439,3806.01119203467,4,4056.8377693575,0.156666498678555
2023,UF,22,19,combined,48199.08738445,5012.89437003856,47621.94625139,2455.4098695785,4544.88606017961,4,-577.141133060002,-0.0119741091456059
2023,UF,22,19,female,27484.04433242,4306.70376196821,22784.0160694925,301.445385257828,3263.81157174566,4,-4700.0282629275,-0.171009339312678
2023,UF,22,19,male,20715.04305203,2769.52425084394,24837.9301818975,2310.47587074568,3265.87953270698,4,4122.8871298675,0.199028653694421
2023,UF,23,14,combined,128884.76779705,8917.84436817344,131500.069806123,7155.82886820698,8608.86291077042,4,2615.30200907252,0.0202917850865879
2023,UF,23,14,female,63564.72916397,6491.68994893284,61796.3389727575,4801.1306757175,5752.98914071158,4,-1768.3901912125,-0.0278203056077027
2023,UF,23,14,male,65320.03863308,6006.65674906848,69703.730833365,4493.39751445166,5930.00557129251,4,4383.692200285,0.0671109860315509
2023,UF,23,15,combined,139670.7666514,9534.59105052872,134915.190787265,6948.4666687747,8476.2177280293,4,-4755.57586413497,-0.0340484696844563
2023,UF,23,15,female,73390.12754165,6955.49543593037,68868.825637485,2643.03638626427,6001.66222143,4,-4521.301904165,-0.0616064047797041
2023,UF,23,15,male,66280.63910975,6467.23396228815,66046.36514978,4804.82077639904,5826.02093391061,4,-234.27395997,-0.00353457605594418
2023,UF,23,16,combined,142639.17945565,10092.7768134056,152746.865449523,11863.3283764068,9252.23447730384,4,10107.6859938725,0.070861919091558
2023,UF,23,16,female,64591.13791836,6640.51657628553,77546.734292715,2846.75907071124,6650.93132472121,4,12955.596374355,0.200578543618944
2023,UF,23,16,male,78048.04153729,7393.96487396196,75200.1311568075,10564.9573003482,6470.44872723337,4,-2847.9103804825,-0.0364891972224802
2023,UF,23,17,combined,138471.5945476,9933.32178199015,147871.799199225,8839.7792401605,9223.25950101676,4,9400.20465162501,0.0678854365932333
2023,UF,23,17,female,64553.65446165,6134.54879964134,71878.8892361575,8227.17146568368,6354.6249751212,4,7325.2347745075,0.113475136854712
2023,UF,23,17,male,73917.94008595,8188.38164905221,75992.9099630675,1889.09152990759,6844.65689092263,4,2074.9698771175,0.0280712621956832
2023,UF,23,18,combined,140733.60671141,9960.3865802279,134002.500486393,7647.2275068874,8794.63646706357,4,-6731.10622501749,-0.0478287054691945
2023,UF,23,18,female,64249.01818221,7328.21560281179,62491.4149622625,5325.55121339894,6438.8470941959,4,-1757.6032199475,-0.0273561101737453
2023,UF,23,18,male,76484.5885292,7316.08947185953,71511.08552413,2741.77847757028,5984.01917102543,4,-4973.50300507,-0.0650262111715648
2023,UF,23,19,combined,116914.19694076,8339.17363279158,132455.796524765,11912.9264240656,9415.17218873103,4,15541.599584005,0.132931671180018
2023,UF,23,19,female,55718.61190831,6275.40679873263,65449.0871919075,8501.57884394526,6950.46557739568,4,9730.4752835975,0.174635995950687
2023,UF,23,19,male,61195.58503245,6048.56438794261,67006.7093328575,6809.70386889172,5855.52513494985,4,5811.1243004075,0.0949598618483025
2023,UF,24,14,combined,64040.58928589,7602.49295337681,51077.76965277,3067.9356124045,5938.34885981743,4,-12962.81963312,-0.202415683204465
2023,UF,24,14,female,36239.73212576,6535.45617841538,26473.4159500075,1050.60364238585,4560.37309347021,4,-9766.3161757525,-0.269491952696041
2023,UF,24,14,male,27800.85716013,4106.43628617131,24604.3537027625,2727.31721140831,3648.32706310446,4,-3196.5034573675,-0.114978593607959
2023,UF,24,15,combined,52196.40880726,6096.52804697562,50735.3945539575,3118.2928363852,5031.86853320986,4,-1461.0142533025,-0.0279907044696777
2023,UF,24,15,female,25637.64124477,3953.12090342169,25063.0058083575,1176.74918758487,3306.06009006245,4,-574.6354364125,-0.0224137404422774
2023,UF,24,15,male,26558.76756249,4571.04006213012,25672.3887456,2193.40777307636,3723.36193104453,4,-886.378816889999,-0.0333742450512601
2023,UF,24,16,combined,47619.82912804,5037.45623502914,47642.58206815,1987.2444516893,4880.11675777014,4,22.7529401100037,0.000477803900741132
2023,UF,24,16,female,21863.5915604,3315.27209353765,22336.8349778525,1302.04654418991,3155.71512516033,4,473.243417452501,0.0216452734284359
2023,UF,24,16,male,25756.23756764,3979.97740838793,25305.7470902975,2769.52109868903,3576.60057988742,4,-450.490477342501,-0.0174905389872818
2023,UF,24,17,combined,63271.71716399,6309.49641519445,55208.1161099625,2105.619330551,5049.51152719378,4,-8063.6010540275,-0.127444005243732
2023,UF,24,17,female,23363.58780257,3787.28481080872,24453.8495401925,2547.83133549306,3324.98518701187,4,1090.2617376225,0.0466649962683629
2023,UF,24,17,male,39908.12936142,5471.6104649533,30754.26656977,1585.38821577258,4006.18484085962,4,-9153.86279165,-0.229373386779166
2023,UF,24,18,combined,53420.41167236,6752.84282295865,59373.90978221,5306.22073965361,6257.94158181957,4,5953.49810985,0.111446129362765
2023,UF,24,18,female,23581.33630697,3930.16641622415,26159.9457049725,2027.80457254373,3834.41084632232,4,2578.6093980025,0.109349587505791
2023,UF,24,18,male,29839.07536539,4772.51485615066,33213.9640772375,3301.81969735217,4459.4378306468,4,3374.8887118475,0.113102992318656
2023,UF,24,19,combined,42057.96393524,5583.43787425193,43967.0552810275,2191.29512471545,4744.36384627379,4,1909.0913457875,0.0453919107621824
2023,UF,24,19,female,20718.37960019,4402.32850011096,19472.1049758225,2371.13681798927,3316.92754478679,4,-1246.2746243675,-0.0601530934569841
2023,UF,24,19,male,21339.58433505,3236.69499663087,24494.950305205,643.365832994958,3448.46127219063,4,3155.365970155,0.147864453243935
2023,UF,25,14,combined,57290.67917117,6173.42398148738,62117.7210679425,1960.21189151819,5504.60562130592,4,4827.04189677251,0.0842552744461369
2023,UF,25,14,female,25841.98123888,3503.32356707288,30931.2337378675,1637.34008926821,4058.24487806304,4,5089.2524989875,0.196937396244626
2023,UF,25,14,male,31448.69793229,4966.48191717732,31186.487330075,1483.59328044715,3651.38972528348,4,-262.210602215,-0.00833772523045461
2023,UF,25,15,combined,58437.00603192,5772.14684099879,64815.97003956,1887.22811976451,5506.00870442593,4,6378.96400764,0.109159665095704
2023,UF,25,15,female,26720.58361252,3589.78679265167,33680.768156565,1076.4877016018,3985.56662764067,4,6960.184544045,0.260480259150619
2023,UF,25,15,male,31716.4224194,4165.40802883749,31135.201882995,2304.05849587356,3848.85870076004,4,-581.220536405002,-0.0183255390131734
2023,UF,25,16,combined,49542.77394874,5208.70003496716,53714.2710685675,4767.5011738418,4888.30406738373,4,4171.49711982749,0.0841999102461154
2023,UF,25,16,female,26037.5712075,3567.90727787655,26037.1446033475,2705.25872844727,3189.77510759869,4,-0.426604152500659,-1.63841761238382e-05
2023,UF,25,16,male,23505.20274124,4073.51420045649,27677.12646522,4458.87342766557,3675.65294533465,4,4171.92372398,0.177489374157167
2023,UF,25,17,combined,65473.69309687,5628.95843869356,62448.51729489,8260.32139988928,5392.32650738425,4,-3025.17580198,-0.046204447296171
2023,UF,25,17,female,32035.62184144,4135.37223116394,30234.22092192,4519.17230798356,3644.28776693326,4,-1801.40091952,-0.0562311831634177
2023,UF,25,17,male,33438.07125543,4021.91738301601,32214.29637297,4106.11432797906,3914.17662893977,4,-1223.77488246,-0.0365982497349117
2023,UF,25,18,combined,49956.08994627,4828.97426879642,56631.9394386725,2766.42605444815,5547.00048971091,4,6675.8494924025,0.133634347675782
2023,UF,25,18,female,23515.85152663,3099.62144443799,25674.7637877275,876.19867613139,3239.97765019779,4,2158.9122610975,0.0918066802153726
2023,UF,25,18,male,26440.23841964,3721.3110104511,30957.175650945,3445.16103813727,4560.64030005089,4,4516.937231305,0.170835722417306
2023,UF,25,19,combined,61838.41992801,5779.61057523682,61276.8645603375,7585.93795866317,5234.71291600824,4,-561.555367672503,-0.00908101093666761
2023,UF,25,19,female,31939.73783346,4613.31070798004,29309.887862885,2917.44964459355,3788.01172782782,4,-2629.849970575,-0.0823378696558985
2023,UF,25,19,male,29898.68209455,3852.86808615592,31966.9766974525,4739.17754459428,3532.93854319118,4,2068.2946029025,0.0691767816508379
2023,UF,26,14,combined,146366.39779126,10948.1141711186,144072.708356868,8382.07740548598,9156.39723337077,4,-2293.68943439252,-0.0156708743878746
2023,UF,26,14,female,67726.23829996,6944.81517021302,71437.8365812925,4144.58031055266,6393.39595615634,4,3711.59828133251,0.0548029593035097
2023,UF,26,14,male,78640.1594913,8008.54196118824,72634.871775575,4631.21026263392,6470.22132132292,4,-6005.28771572501,-0.0763641344902075
2023,UF,26,15,combined,154958.22904155,10868.7382115504,147582.828906735,5114.38205413571,9522.57741013449,4,-7375.40013481499,-0.0475960533392349
2023,UF,26,15,female,70776.45115026,7588.48746913221,72301.61555942,3570.37272598152,6619.96729412071,4,1525.16440915999,0.0215490376300732
2023,UF,26,15,male,84181.77789129,8069.24053643329,75281.213347315,3804.86477747786,6595.31099981485,4,-8900.56454397499,-0.105730298966469
2023,UF,26,16,combined,142116.08978665,10037.2415417481,145848.689354833,3537.57683594616,9372.79997414033,4,3732.59956818252,0.0262644403866306
2023,UF,26,16,female,68620.59506118,7090.6418502513,68872.2801454075,5275.14323929982,6543.02487435699,4,251.685084227487,0.00366777764027101
2023,UF,26,16,male,73495.49472547,7224.3584879163,76976.409209425,2257.36479452737,6825.62691880488,4,3480.91448395501,0.047362283864574
2023,UF,26,17,combined,146401.53991355,10593.6470047741,140994.966761823,1282.04433310945,9400.84007259986,4,-5406.5731517275,-0.036929756032075
2023,UF,26,17,female,70336.87103559,7551.02122198677,66522.5886160575,4494.93236192564,6419.85224114261,4,-3814.28241953249,-0.0542287759374808
2023,UF,26,17,male,76064.66887796,8159.62328511663,74472.378145765,3288.95375502082,7151.11778934557,4,-1592.29073219499,-0.0209333814987047
2023,UF,26,18,combined,137610.58881002,10538.0301002809,152168.392551538,7116.58529856701,10339.8160551063,4,14557.8037415175,0.105789851401736
2023,UF,26,18,female,67874.89115694,8034.53670066936,72237.1009399575,5214.12704357937,7080.58903241042,4,4362.2097830175,0.0642683871555864
2023,UF,26,18,male,69735.69765308,7070.82109858348,79931.29161158,3136.30065473758,7471.31449189239,4,10195.5939585,0.146203369316256
2023,UF,26,19,combined,144534.60434564,10346.1846448065,132875.853828345,6098.59747252419,9581.22481342565,4,-11658.750517295,-0.0806640774372224
2023,UF,26,19,female,78057.840153,7781.87528173425,68827.662342005,6502.08377698531,7053.086897841,4,-9230.177810995,-0.118247927343404
2023,UF,26,19,male,66476.76419264,7114.89826485259,64048.19148634,5108.7828675089,6149.66455243041,4,-2428.57270629999,-0.0365326552186316
2023,UF,27,14,combined,47590.93803219,3899.33944575599,50535.76806102,1708.88450479369,3343.36454390796,4,2944.83002883,0.0618779572455191
2023,UF,27,14,female,26048.74052863,2725.25393550813,26430.4457538375,1125.18342406869,2472.32932929597,4,381.705225207497,0.0146535002253935
2023,UF,27,14,male,21542.19750356,2574.60422634705,24105.3223071825,955.023133167283,2349.65484888603,4,2563.1248036225,0.118981585012343
2023,UF,27,15,combined,50831.63127793,3531.49290716152,51756.519651475,2352.51316516656,3242.80254810388,4,924.888373545,0.0181951346099445
2023,UF,27,15,female,27055.29501816,2626.56713540406,25893.2593493525,1009.05539618565,2289.01133955721,4,-1162.0356688075,-0.0429503972522762
2023,UF,27,15,male,23776.33625977,2281.10598295801,25863.2603021225,2285.74841590643,2279.6663801597,4,2086.9240423525,0.0877731547683238
2023,UF,27,16,combined,48750.59164405,3778.41690959051,50507.16916172,2865.2144156561,3610.96592158357,4,1756.57751767,0.03603192204303
2023,UF,27,16,female,23551.97402766,2690.7359967714,25639.497203165,2322.30627444924,2745.98667475467,4,2087.523175505,0.0886347434424547
2023,UF,27,16,male,25198.61761639,2915.20330770026,24867.671958555,560.281168916498,2317.35809111728,4,-330.945657835,-0.0131334846567036
2023,UF,27,17,combined,56033.32072118,4506.55691012922,55877.51289434,937.655637429314,3750.32586809578,4,-155.807826839999,-0.00278062811260631
2023,UF,27,17,female,28433.7496671,2932.73148379001,26973.8538388025,1018.46372876566,2529.38497373628,4,-1459.8958282975,-0.0513437673676473
2023,UF,27,17,male,27599.57105408,2871.60115285466,28903.6590555375,101.028846795623,2563.69284706694,4,1304.0880014575,0.047250299611621
2023,UF,27,18,combined,51393.32893633,3750.63214986235,51664.13701576,3498.80047606084,3393.22864154111,4,270.808079430004,0.00526932356854139
2023,UF,27,18,female,24683.71954674,2413.13311202171,25897.9635043475,2802.17947043088,2329.47305017283,4,1214.2439576075,0.0491920982698033
2023,UF,27,18,male,26709.60938959,2631.27513221773,25766.1735114125,1179.66809504494,2283.99832375195,4,-943.435878177501,-0.035321964631396
2023,UF,27,19,combined,59055.06630773,5204.13697967686,50825.0021949575,3142.97830537776,3710.85124097941,4,-8230.0641127725,-0.139362541223584
2023,UF,27,19,female,26859.25123698,3115.20377138169,23335.2058946475,1983.14990723681,2361.69523147706,4,-3524.0453423325,-0.131204154249861
2023,UF,27,19,male,32195.81507075,3570.82592354696,27489.79630031,2174.42097651055,2699.56385685112,4,-4706.01877044,-0.146168648319621
2023,UF,28,14,combined,38763.76971391,4797.21801614226,36542.06937519,1189.54837483418,3813.29312670029,4,-2221.70033872,-0.0573138359637599
2023,UF,28,14,female,19937.74792414,3438.92689446022,17626.1449362,697.775071010008,2599.89922583232,4,-2311.60298794,-0.115941027880144
2023,UF,28,14,male,18826.02178977,3181.28315601555,18915.92443899,1862.69308926898,2605.07460116316,4,89.9026492199991,0.00477544593456553
2023,UF,28,15,combined,40244.85130914,3836.01204117518,41804.6357085825,1130.83703046664,3659.82757556189,4,1559.7843994425,0.0387573651958867
2023,UF,28,15,female,16093.71020197,2245.46375205563,20176.1673617975,1026.96084932849,2463.94092357539,4,4082.4571598275,0.25366786829104
2023,UF,28,15,male,24151.14110717,2808.71578151806,21628.468346785,1907.70151271674,2757.35302008722,4,-2522.672760385,-0.104453563878854
2023,UF,28,16,combined,43680.23267269,5089.38513430129,41073.650720225,404.314941890214,3908.15865251548,4,-2606.581952465,-0.0596741773789749
2023,UF,28,16,female,20687.56112206,3564.10503598165,20147.9412158825,1765.3939746877,2766.88013443919,4,-539.619906177501,-0.0260842688509126
2023,UF,28,16,male,22992.67155063,3073.4620507856,20925.7095043425,1440.42734214908,2533.62960020217,4,-2066.9620462875,-0.0898965586376527
2023,UF,28,17,combined,31657.0016402,3903.40752572053,34327.673091835,2055.65941456934,4038.37977950553,4,2670.671451635,0.0843627416768245
2023,UF,28,17,female,17083.35659565,2913.2721013303,16761.421152695,1987.62143538307,2606.37019349263,4,-321.935442955,-0.01884497587769
2023,UF,28,17,male,14573.64504455,2450.67568007999,17566.25193914,1014.85233806582,2578.91793398364,4,2992.60689459,0.20534374793965
2023,UF,28,18,combined,32018.51524918,3389.37677527108,33189.43801084,1483.93280375515,3223.23600306663,4,1170.92276166,0.0365701767414086
2023,UF,28,18,female,18840.25803134,2759.3483895485,17782.9065276675,1095.84489994225,2454.37865407242,4,-1057.3515036725,-0.0561219226357537
2023,UF,28,18,male,13178.25721784,2054.65154445814,15406.5314831725,656.737995542657,2137.74575118475,4,2228.2742653325,0.169087173554025
2023,UF,28,19,combined,33150.35093877,4052.40570570607,33470.05929325,3351.49920072079,3444.8731484068,4,319.708354479997,0.00964419215562788
2023,UF,28,19,female,15129.45424499,2818.10686368714,15972.35053753,2257.1350858819,2454.17986279872,4,842.896292540001,0.055712273482642
2023,UF,28,19,male,18020.89669378,3274.88116065631,17497.70875572,1761.80053574285,2567.60511634711,4,-523.18793806,-0.0290322921744833
2023,UF,29,14,combined,232028.84908412,18250.8622400515,224783.913701173,4870.45844760767,16589.7866424505,4,-7244.93538294753,-0.031224287029588
2023,UF,29,14,female,104827.59691333,11763.6196925061,110741.39725306,3830.53346507904,10641.6868625538,4,5913.80033973001,0.056414536952702
2023,UF,29,14,male,127201.25217079,14391.047834228,114042.516448113,7077.6486163875,12640.2993155743,4,-13158.7357226775,-0.103448161854646
2023,UF,29,15,combined,231401.39152837,16705.052017863,234273.251671565,5147.25034233307,15356.3960493166,4,2871.86014319499,0.0124107297895955
2023,UF,29,15,female,118146.21482069,11962.5623603817,115709.24743418,4259.15694063634,10925.8730890777,4,-2436.96738651001,-0.0206267072559928
2023,UF,29,15,male,113255.17670768,10831.8463728002,118564.004237385,4816.78430270607,10817.3118706258,4,5308.827529705,0.0468749216065194
2023,UF,29,16,combined,245089.65083404,19533.9247239608,235046.230803463,14487.7552867704,16104.5325086237,4,-10043.4200305775,-0.0409785561993325
2023,UF,29,16,female,125122.23321027,12864.7084109334,109568.212364468,8419.70913493413,10604.121631312,4,-15554.0208458025,-0.124310607689232
2023,UF,29,16,male,119967.41762377,12728.6925751918,125478.018438995,8374.19872138625,11273.5708086764,4,5510.600815225,0.0459341454902931
2023,UF,29,17,combined,236848.1127669,16773.6426615626,229851.90116174,20607.9028133636,16013.2491977951,4,-6996.21160516,-0.0295388108582714
2023,UF,29,17,female,109464.96005655,11416.5381763349,108043.10297548,10539.9150672532,11071.7149092218,4,-1421.85708107,-0.01298915269631
2023,UF,29,17,male,127383.15271035,12294.1326116392,121808.79818626,11967.2483881703,11135.7059990835,4,-5574.35452409,-0.0437605319501334
2023,UF,29,18,combined,249907.72397565,18016.8309127363,227661.233430208,9275.42836303182,15704.4726828583,4,-22246.4905454425,-0.0890188193927536
2023,UF,29,18,female,123974.2471203,12001.1051667082,112991.013094785,11784.0458746188,10794.0568209748,4,-10983.234025515,-0.088592867314268
2023,UF,29,18,male,125933.47685535,12535.3195375727,114670.220335423,9094.3896630705,10901.494060519,4,-11263.2565199275,-0.0894381446552511
2023,UF,29,19,combined,191737.27697706,16118.2604447377,208983.149045828,4263.04705995619,14611.782583982,4,17245.8720687675,0.0899453269633679
2023,UF,29,19,female,94995.59080119,10790.2142831365,109559.460439958,4824.73917740152,10747.2676238906,4,14563.8696387675,0.153311006499736
2023,UF,29,19,male,96741.68617587,12167.1632926711,99423.68860587,7202.50092615676,9946.63856333507,4,2682.00243000001,0.0277233376429299
2023,UF,31,14,combined,258560.75470895,18183.2351880667,265838.794139058,2928.17622629156,15904.6393436587,4,7278.03943010751,0.0281482757826108
2023,UF,31,14,female,124864.01162315,12390.5466977815,128052.976274105,5799.09420634232,11129.4892743469,4,3188.96465095501,0.0255395018108145
2023,UF,31,14,male,133696.7430858,12745.5185054677,137785.817864953,6637.8475880409,11205.0924649345,4,4089.07477915249,0.0305847000067034
2023,UF,31,15,combined,279631.11250387,17286.9581708308,271091.83969534,19358.4454431195,15372.9581208867,4,-8539.27280852996,-0.0305376348578228
2023,UF,31,15,female,143545.58553039,12973.9128047403,128444.256996933,12287.9706484277,10910.9654481801,4,-15101.3285334575,-0.105202319372339
2023,UF,31,15,male,136085.52697348,12062.3626488153,142647.582698408,9228.42578557461,11357.4802054275,4,6562.05572492749,0.0482200853453452
2023,UF,31,16,combined,255155.15037598,16197.4576117464,269901.840809015,7397.42237169674,15734.3304838843,4,14746.690433035,0.0577949941880666
2023,UF,31,16,female,109780.51068304,10258.181582212,124548.917125905,9384.03546072592,10628.02280611,4,14768.406442865,0.134526669178144
2023,UF,31,16,male,145374.63969294,12918.6227137007,145352.92368311,4588.96821321608,11475.0855346303,4,-21.7160098300083,-0.000149379629596171
2023,UF,31,17,combined,301941.10571735,18989.7866008358,305111.962600175,10664.4726702222,17729.3634223651,4,3170.85688282503,0.0105015740579333
2023,UF,31,17,female,153583.26219486,13596.9952241214,149766.553129473,8263.48331577448,12159.1479072209,4,-3816.70906538749,-0.0248510743348127
2023,UF,31,17,male,148357.84352249,12687.0913455579,155345.409470703,5144.64158215698,12429.4701565015,4,6987.56594821249,0.0470994035927276
2023,UF,31,18,combined,277930.31154552,19961.3494055193,296879.036622003,3962.63893465914,17900.0093346556,4,18948.7250764825,0.0681779722805767
2023,UF,31,18,female,135820.0877717,14801.0590185371,141450.19792438,4458.08054827969,12338.3837236389,4,5630.11015267999,0.0414527058923982
2023,UF,31,18,male,142110.22377382,13020.5017749793,155428.838697623,846.07130718687,12329.1564525666,4,13318.6149238025,0.0937203149085189
2023,UF,31,19,combined,313444.43240745,20238.8928317273,291575.332454328,11689.5513248873,16527.2237421402,4,-21869.0999531225,-0.0697702613032686
2023,UF,31,19,female,151189.91744899,14294.453924272,143070.822977685,8468.34924928316,11874.3316797371,4,-8119.094471305,-0.0537012957497268
2023,UF,31,19,male,162254.51495846,14692.4216937486,148504.509476643,9642.1929662464,11424.8037932526,4,-13750.0054818175,-0.0847434383279734
2023,UF,32,14,combined,47408.07247458,4069.9643244563,51921.03784866,3581.61240715329,3985.57666377603,4,4512.96537408,0.0951940279052651
2023,UF,32,14,female,28130.62475184,3304.29682016155,26828.7837499775,1210.9610015263,2878.82747185842,4,-1301.8410018625,-0.0462784247896006
2023,UF,32,14,male,19277.44772274,2422.75424190385,25092.2540986825,2525.28586592222,2800.61039650339,4,5814.8063759425,0.301637771741083
2023,UF,32,15,combined,48835.47351601,3913.0705720123,51575.196363075,2210.43111672273,3922.20539552029,4,2739.722847065,0.0561010808294266
2023,UF,32,15,female,19432.55541062,2571.6114182317,23374.3634563625,2261.84762141085,2705.75274280227,4,3941.8080457425,0.202845583735646
2023,UF,32,15,male,29402.91810539,3254.50410578181,28200.8329067125,1745.64643556353,2811.74082213178,4,-1202.0851986775,-0.0408831937826313
2023,UF,32,16,combined,53631.51983013,4268.72692305786,53387.8857256425,3419.84198602206,4188.68682069052,4,-243.634104487501,-0.0045427410086303
2023,UF,32,16,female,24950.50770769,2924.95364702199,25551.523280955,3415.9411446064,2733.73691980172,4,601.015573264998,0.0240883103585006
2023,UF,32,16,male,28681.01212244,3164.310801671,27836.3624446875,1716.59909552956,3167.200040001,4,-844.649677752499,-0.0294497862957788
2023,UF,32,17,combined,53622.31105691,4884.9586608607,55290.0109249625,1407.78680163899,4216.18058339633,4,1667.6998680525,0.031100857743385
2023,UF,32,17,female,29154.33940506,4000.65030483846,27814.6935286275,2511.74953875404,3190.65745730497,4,-1339.6458764325,-0.0459501365412516
2023,UF,32,17,male,24467.97165185,2726.34633164017,27475.317396335,3250.44981128056,2727.8534344722,4,3007.345744485,0.122909482946766
2023,UF,32,18,combined,53292.98675249,4678.01224379618,55396.98801222,2017.2283564138,4225.37219551545,4,2104.00125973,0.0394798900932625
2023,UF,32,18,female,24210.46575205,2994.30083715902,27703.0728032125,3838.8665383907,3023.14994981578,4,3492.6070511625,0.144260217334595
2023,UF,32,18,male,29082.52100044,3494.55107498115,27693.9152090075,2064.1211409442,2839.532780967,4,-1388.6057914325,-0.0477470915059768
2023,UF,32,19,combined,58750.85444577,5046.24177136312,59192.319718905,3718.7247691638,4337.10935148671,4,441.465273135,0.0075141932368404
2023,UF,32,19,female,28266.17902057,3227.2058784523,29114.295584145,4346.56870997972,3033.515583254,4,848.116563575,0.0300046413403738
2023,UF,32,19,male,30484.6754252,3747.79982775384,30078.02413476,2506.01260830296,3043.32682621144,4,-406.651290439997,-0.013339531576703
2023,UF,33,14,combined,224375.33766968,13335.2784472962,225076.708071223,6952.45551624586,12622.1155504382,4,701.370401542488,0.00312588009371613
2023,UF,33,14,female,113916.89711227,9478.01932685789,107678.439860585,8601.59493962754,8314.18967813922,4,-6238.457251685,-0.0547632301249984
2023,UF,33,14,male,110458.44055741,9529.1204548777,117398.268210638,4136.35801110213,9345.53290776593,4,6939.82765322751,0.0628274998108504
2023,UF,33,15,combined,213478.87982009,13089.1459879127,219553.437128688,6673.35885438144,11947.4811937056,4,6074.55730859752,0.0284550739338565
2023,UF,33,15,female,108636.71923862,9641.47981883121,106373.634052483,4141.860404471,8228.18527237269,4,-2263.0851861375,-0.0208316782943955
2023,UF,33,15,male,104842.16058147,9359.77836354787,113179.803076205,5178.52847550112,8620.92816761892,4,8337.642494735,0.0795256645656024
2023,UF,33,16,combined,201268.96945381,12876.8408698498,215026.202817188,9166.37425575323,11610.105557257,4,13757.2333633775,0.0683524807659668
2023,UF,33,16,female,107586.34980907,10068.6612402792,110310.01635406,11518.3005282253,8440.39654000059,4,2723.66654499,0.0253160977189356
2023,UF,33,16,male,93682.61964474,8946.70144260247,104716.186463128,4024.19608794007,8238.49242560397,4,11033.5668183875,0.11777602782916
2023,UF,33,17,combined,220402.98295215,13678.7454572695,207489.955139013,3684.27743010008,11324.4811882688,4,-12913.0278131375,-0.0585882624644012
2023,UF,33,17,female,111280.54162899,9224.38418417442,105225.968925455,5528.08084897723,7974.50224942586,4,-6054.572703535,-0.0544081886635759
2023,UF,33,17,male,109122.44132316,9583.70490744618,102263.986213558,1957.22387190099,7885.37855216938,4,-6858.45510960251,-0.0628510050402151
2023,UF,33,18,combined,236053.97151879,14931.0771322207,235497.17097708,8121.73152481427,12441.966221825,4,-556.800541709992,-0.00235878489197828
2023,UF,33,18,female,119154.18126647,10545.0102568523,122294.01787077,659.148298994359,8916.16845138534,4,3139.8366043,0.026351040063615
2023,UF,33,18,male,116899.79025232,9903.40390037856,113203.15310631,8427.80408928885,8559.83414492923,4,-3696.63714601001,-0.0316222735561037
2023,UF,33,19,combined,194185.77576321,12067.9439873484,199479.314453923,10139.4487997434,11002.78242084,4,5293.53869071251,0.027260177373483
2023,UF,33,19,female,109717.69451518,9511.22195442751,106102.384406763,6942.45293693223,8188.50420948501,4,-3615.31010841751,-0.0329510214773727
2023,UF,33,19,male,84468.08124803,7525.62834191312,93376.93004716,3478.6683541317,7563.51377415974,4,8908.84879913001,0.105470003195293
2023,UF,35,14,combined,555900.35613855,35035.5928794648,566163.463398103,13442.1057626254,32406.6754245222,4,10263.1072595526,0.0184621347085352
2023,UF,35,14,female,260794.09326917,24917.8990828994,260394.794297623,11065.1686143564,21869.9079607213,4,-399.298971547483,-0.00153108901563718
2023,UF,35,14,male,295106.26286938,24133.6953552439,305768.66910048,9397.69431845433,24030.415728658,4,10662.4062311,0.0361307351712131
2023,UF,35,15,combined,633362.94623476,36793.8054993414,592529.129518198,15174.5018925068,32344.886367338,4,-40833.8167165625,-0.0644714329426957
2023,UF,35,15,female,320654.14145061,25652.2913459225,289947.680342275,10956.580864837,22516.8937435476,4,-30706.461108335,-0.0957619351785752
2023,UF,35,15,male,312708.80478415,27025.5082151286,302581.449175923,7355.93019206204,22305.373928616,4,-10127.3556082275,-0.032385898488589
2023,UF,35,16,combined,591721.38359408,36630.514797604,620980.73670967,22282.0454792535,33637.6807986276,4,29259.3531155899,0.0494478548973005
2023,UF,35,16,female,281322.43924356,25633.7347823992,302850.009800958,13181.8657986876,23481.3656646021,4,21527.5705573975,0.0765227637556477
2023,UF,35,16,male,310398.94435052,25566.9681105121,318130.726908713,29402.0360927425,23207.2782915713,4,7731.7825581925,0.0249091780075815
2023,UF,35,17,combined,597626.84183809,35265.1053871021,598657.171431538,30910.9994460721,31579.1878190912,4,1030.3295934475,0.00172403500197309
2023,UF,35,17,female,268080.9825943,23336.9019328599,293420.997387003,9338.25668981374,21858.868188552,4,25340.0147927025,0.0945237314019055
2023,UF,35,17,male,329545.85924379,25923.3825003545,305236.174044535,23886.1912491156,23133.9361535279,4,-24309.685199255,-0.07376723001478
2023,UF,35,18,combined,608938.09657234,38632.2070452892,566423.164579893,25812.9488543123,31850.9418525477,4,-42514.9319924475,-0.0698181510267798
2023,UF,35,18,female,278262.33918984,26114.4068364604,257502.063633498,22551.9774149758,21050.9990936102,4,-20760.2755563425,-0.0746068462472716
2023,UF,35,18,male,330675.7573825,26538.5944734112,308921.100946395,6877.16827669627,22702.2983423647,4,-21754.656436105,-0.0657884829789348
2023,UF,35,19,combined,625533.32034737,34956.1703883201,608074.994798423,21115.9448200344,32452.5260199782,4,-17458.3255489474,-0.0279095053469774
2023,UF,35,19,female,303956.17763524,25105.2725516297,298002.37403954,5680.34211126194,23311.0692603285,4,-5953.80359570001,-0.0195877038658014
2023,UF,35,19,male,321577.14271213,25570.4735375033,310072.620758883,16829.0941221113,22759.9619876589,4,-11504.5219532475,-0.0357753099496444
2023,UF,41,14,combined,165698.62732436,12334.1024402934,150427.584240658,10879.8939937487,10208.2786066059,4,-15271.0430837025,-0.0921615545662243
2023,UF,41,14,female,84746.18946782,9018.32077934047,74868.7020103925,5699.43398873151,6959.8107026749,4,-9877.4874574275,-0.116553765065487
2023,UF,41,14,male,80952.43785654,8508.65270461564,75558.882230265,6766.94285417132,7170.53371193927,4,-5393.555626275,-0.0666262285495738
2023,UF,41,15,combined,158427.17404155,11998.4860652106,158306.852456888,8490.60594041002,10953.5824235535,4,-120.321584662481,-0.000759475673225886
2023,UF,41,15,female,73911.11310773,7251.59229156944,74591.517041675,1096.6226638975,6819.54308507005,4,680.40393394501,0.00920570541203025
2023,UF,41,15,male,84516.06093382,8858.2927001254,83715.3354152125,9144.60487688884,7933.9428806407,4,-800.725518607505,-0.00947424086925337
2023,UF,41,16,combined,149252.80687532,11542.1047380869,157866.341380923,2827.48189597481,9968.43740958805,4,8613.5345056025,0.0577110386459794
2023,UF,41,16,female,77093.75272961,8317.28671702199,77470.897525165,3138.2570764347,7264.40247074523,4,377.144795554996,0.00489202798153764
2023,UF,41,16,male,72159.05414571,7424.75084518249,80395.4438557575,4395.27785464103,6954.30841331743,4,8236.3897100475,0.114142151772331
2023,UF,41,17,combined,164836.18211828,11793.7386391439,172515.810709363,5472.0447795033,10953.6872385526,4,7679.6285910825,0.0465894592582343
2023,UF,41,17,female,76948.0595548,7863.86221850028,83538.9005848775,6294.28975739333,7438.87062333171,4,6590.8410300775,0.0856531154678918
2023,UF,41,17,male,87888.12256348,8177.74445163045,88976.910124485,5920.20047247804,7576.53983739584,4,1088.787561005,0.0123883356390801
2023,UF,41,18,combined,168825.16289084,13631.0144515763,164195.556070723,11728.0138466788,10907.3282957066,4,-4629.60682011751,-0.0274224928372256
2023,UF,41,18,female,88728.05881992,10095.0228624861,83524.8666360675,3334.69537770246,7869.68650584453,4,-5203.1921838525,-0.0586420153112192
2023,UF,41,18,male,80097.10407092,9075.70637289817,80670.689434655,10242.3299086126,7489.73472404278,4,573.585363734994,0.00716112486697555
2023,UF,41,19,combined,178965.6212834,12739.3688291795,146765.72171332,5354.80703518803,9987.19043699211,4,-32199.89957008,-0.179922262941719
2023,UF,41,19,female,83949.33545328,8432.70879005836,71571.48485224,2234.74058976833,7032.03729160248,4,-12377.85060104,-0.147444295231242
2023,UF,41,19,male,95016.28583012,9648.56285452412,75194.23686108,7006.92157074809,7007.02606328612,4,-19822.04896904,-0.208617383808076
2023,UF,42,14,combined,104566.28779987,7140.5146039946,102252.10704813,2414.48451557206,5972.44695991602,4,-2314.18075174,-0.0221312317806397
2023,UF,42,14,female,50577.0248258,4821.8102878165,51266.1603719375,2732.68496456465,4245.09610210535,4,689.135546137499,0.0136254662766554
2023,UF,42,14,male,53989.26297407,5366.52648570182,50985.9466761925,4214.43407825332,4265.28051241732,4,-3003.3162978775,-0.0556280292123998
2023,UF,42,15,combined,103122.06846494,6699.9007256624,106847.90296226,4193.90160989887,6424.66169249088,4,3725.83449732,0.036130331293604
2023,UF,42,15,female,51151.59909451,4492.21062344896,51648.597760765,4697.15020754006,4257.15394046907,4,496.998666255,0.00971619020818338
2023,UF,42,15,male,51970.46937043,4672.64297993277,55199.305201495,8296.58227679466,4520.56115883301,4,3228.835831065,0.0621282791973808
2023,UF,42,16,combined,97281.07276619,6450.39323828301,100736.63062304,2567.88489658904,6182.41745279577,4,3455.55785684999,0.0355213790164017
2023,UF,42,16,female,46742.28798274,4111.49596632075,47651.235634245,3404.64232105336,4114.28968634045,4,908.947651504997,0.0194459383725639
2023,UF,42,16,male,50538.78478345,5257.1763292136,53085.394988795,2660.02177281959,4484.04206670617,4,2546.610205345,0.0503892251516689
2023,UF,42,17,combined,96393.56635168,6507.38657651796,95682.8241246575,2777.18715059709,5781.91278781955,4,-710.742227022493,-0.00737333676844612
2023,UF,42,17,female,45080.54206502,4334.52312747922,47336.258333555,2941.23634938968,4045.92604046114,4,2255.716268535,0.0500374699417226
2023,UF,42,17,male,51313.02428666,4797.83845129145,48346.5657911025,838.242975239786,4053.00568637148,4,-2966.4584955575,-0.0578110243314718
2023,UF,42,18,combined,116411.89082785,8456.39784130843,111456.34032095,1575.1441779484,6748.8269461346,4,-4955.55050690001,-0.0425691093208707
2023,UF,42,18,female,58065.33104149,6764.70172768382,57492.57305499,2625.62706387478,5107.08436968845,4,-572.757986499993,-0.0098640268853498
2023,UF,42,18,male,58346.55978636,5356.30242951225,53963.76726596,2804.32425377108,4403.20682920714,4,-4382.7925204,-0.0751165541969895
2023,UF,42,19,combined,90070.66806717,6227.41026129927,96743.05248667,3352.3767008218,5762.0499967877,4,6672.3844195,0.0740794374315519
2023,UF,42,19,female,44599.76290616,4377.43530000953,44811.122569995,2243.82079905703,4018.50138642434,4,211.359663834999,0.00473903110829781
2023,UF,42,19,male,45470.90516101,4215.09223748394,51931.929916675,1970.75772761482,4132.30745276368,4,6461.024755665,0.142091404004096
2023,UF,43,14,combined,128767.00257838,10639.7039646041,128525.568097658,7585.79898910795,9493.50140092131,4,-241.434480722499,-0.00187497166112521
2023,UF,43,14,female,61665.88716578,6802.77994053096,64263.4728875375,3235.12308921588,6515.88600906506,4,2597.5857217575,0.0421235441691492
2023,UF,43,14,male,67101.1154126,8027.54267357907,64262.09521012,7488.27220780215,6540.31920559644,4,-2839.02020248,-0.0423095828589893
2023,UF,43,15,combined,150198.80892162,12423.1646977243,140535.182445715,3857.53946315712,10096.7725052505,4,-9663.62647590498,-0.064338902187619
2023,UF,43,15,female,79568.50905623,8767.68118921464,68441.2261836125,7455.33035728054,7309.86469211731,4,-11127.2828726175,-0.139845310721532
2023,UF,43,15,male,70630.29986539,8219.22928757076,72093.9562621025,7531.41639800793,6784.91524817723,4,1463.6563967125,0.0207227832743453
2023,UF,43,16,combined,126814.49218643,9643.81966557586,133898.32294961,7073.21390632303,9178.4684853884,4,7083.83076318001,0.0558597889014615
2023,UF,43,16,female,64325.413164,7082.09936120594,66041.1776881175,4617.58662013916,6486.00967280576,4,1715.76452411751,0.0266731986585628
2023,UF,43,16,male,62489.07902243,7213.9791809807,67857.1452614925,7499.52310254892,6617.63067301975,4,5368.06623906251,0.0859040703278037
2023,UF,43,17,combined,152758.30786216,11612.6879453401,144606.908812273,4725.25460435124,9509.97481555294,4,-8151.39904988749,-0.0533614123118124
2023,UF,43,17,female,66898.22994333,7115.55985808777,62060.1567064775,4939.84167745166,6031.62436720452,4,-4838.07323685251,-0.0723198990608701
2023,UF,43,17,male,85860.07791883,9096.57688863074,82546.752105795,3146.75915607793,7425.86389041694,4,-3313.325813035,-0.0385898300274935
2023,UF,43,18,combined,135518.08560057,10384.4543885923,138768.315202845,5660.08060563795,9540.2690683531,4,3250.22960227501,0.0239837331517125
2023,UF,43,18,female,62814.21217589,7218.75544477439,66966.8974840975,1506.50638541978,6782.53477285185,4,4152.6853082075,0.0661106008394932
2023,UF,43,18,male,72703.87342468,7480.66382669699,71801.4177187475,4811.0959146325,6614.00847198897,4,-902.455705932502,-0.0124127596429567
2023,UF,43,19,combined,124906.52537829,9997.07434722583,125574.061333038,5898.59879950306,8532.78783762243,4,667.535954747509,0.00534428407743967
2023,UF,43,19,female,54344.66359805,6377.12118324472,58156.851707245,3529.04369836267,5731.50646714291,4,3812.188109195,0.0701483431269558
2023,UF,43,19,male,70561.86178024,7878.78835904008,67417.2096257925,6570.54599911971,6692.12195595708,4,-3144.6521544475,-0.0445658897754328
2023,UF,50,14,combined,35849.72160578,3471.94314031152,37743.499183965,1854.79907512382,3631.23832852447,4,1893.777578185,0.0528254472659466
2023,UF,50,14,female,16995.2086202,2274.37059580972,18449.59980338,2634.75005647777,2296.71314359238,4,1454.39118318,0.0855765419349636
2023,UF,50,14,male,18854.51298558,2610.35268390023,19293.899380585,1881.32787860644,2626.0052785776,4,439.386395005,0.0233040437236986
2023,UF,50,15,combined,45281.06555881,4673.87147863449,40322.81493207,2707.59383503241,3701.91574222583,4,-4958.25062674,-0.109499424661293
2023,UF,50,15,female,22128.98523721,3577.77717257418,18725.6839074225,1950.3668624725,2596.95929579246,4,-3403.3013297875,-0.153793827114351
2023,UF,50,15,male,23152.0803216,3062.46901708535,21597.1310246475,1132.48756230919,2723.36418426837,4,-1554.9492969525,-0.0671624007585094
2023,UF,50,16,combined,44214.77436698,4060.27172845238,44276.1824962,958.506749563577,3814.95235185788,4,61.408129219999,0.00138885994781552
2023,UF,50,16,female,21918.0900297,3155.71373079885,23853.37477713,1364.26457015886,2936.54935121622,4,1935.28474743,0.0882962313234229
2023,UF,50,16,male,22296.68433728,2777.88446821184,20422.80771907,622.114657732318,2468.92391970775,4,-1873.87661821,-0.0840428374848938
2023,UF,50,17,combined,41729.11028541,4396.02643631771,38313.8057586475,2783.65717861105,3555.79136217376,4,-3415.3045267625,-0.0818446524117868
2023,UF,50,17,female,24084.42187368,3601.80833838106,21221.49190638,1276.31446664067,2972.60946591019,4,-2862.9299673,-0.118870611979633
2023,UF,50,17,male,17644.68841173,2558.36695905402,17092.3138522675,1906.94958495922,2124.47100104922,4,-552.3745594625,-0.0313054300859905
2023,UF,50,18,combined,43497.97705992,4824.15043009771,44630.5070567,4616.44490839709,4208.56745250679,4,1132.52999678,0.0260363831453564
2023,UF,50,18,female,22466.8131601,3391.15900513703,23544.6200711975,3104.72557870926,3043.62938833325,4,1077.8069110975,0.0479732885753301
2023,UF,50,18,male,21031.16389982,3191.93477136715,21085.8869855025,1739.55575355852,2598.77883446628,4,54.7230856825008,0.00260199986758551
2023,UF,50,19,combined,46096.84810112,4587.98562384985,37132.9959778175,2655.51600643795,3903.97181834602,4,-8963.8521233025,-0.194456942124091
2023,UF,50,19,female,25282.03862363,3687.78334574859,19571.26917275,1384.32156767015,2802.04419757161,4,-5710.76945088,-0.225882474744042
2023,UF,50,19,male,20814.80947749,3227.67241611112,17561.7268050675,1809.06230889107,2715.96877199906,4,-3253.0826724225,-0.15628693003126
2023,UF,51,14,combined,60655.42084181,7755.02440597066,52990.8621594725,4386.09037848249,5060.87441932221,4,-7664.55868233751,-0.126362303252775
2023,UF,51,14,female,33536.25251367,6242.49920987769,28080.8142517175,2929.72525389083,3779.13371101349,4,-5455.4382619525,-0.16267286452858
2023,UF,51,14,male,27119.16832814,4676.08303082024,24910.047907755,2101.94423243773,3338.01138309028,4,-2209.120420385,-0.0814597407138302
2023,UF,51,15,combined,54665.47344937,5327.83459577511,56088.7892634925,4727.68841052322,4950.82545825043,4,1423.3158141225,0.0260368332022359
2023,UF,51,15,female,30160.30431807,4031.29255487462,28890.638387595,3544.12053464578,3656.58515139746,4,-1269.665930475,-0.0420972519734924
2023,UF,51,15,male,24505.1691313,3926.51417119355,27198.1508758975,2005.69318093445,3393.42715182641,4,2692.9817445975,0.10989443615624
2023,UF,51,16,combined,59476.16264549,5723.1852922898,56355.83210117,1547.90663240712,5005.87853059464,4,-3120.33054432,-0.0524635485130211
2023,UF,51,16,female,33718.35441095,4559.69395419712,29339.8881928,1049.7597471717,3811.79221910319,4,-4378.46621815,-0.129854089698046
2023,UF,51,16,male,25757.80823454,3642.14888940727,27015.94390837,1911.99406592992,3177.23978430683,4,1258.13567383,0.0488448264842231
2023,UF,51,17,combined,59665.1494355,6917.97279136293,63673.357393165,5904.7752093804,6507.45554782808,4,4008.20795766499,0.0671783779239168
2023,UF,51,17,female,29663.74044665,5655.73552014125,31916.9936997625,2558.83784110226,4772.24101556733,4,2253.2532531125,0.075959849270019
2023,UF,51,17,male,30001.40898885,3799.87839270181,31756.3636934025,3971.74859215635,3987.96341391242,4,1754.9547045525,0.0584957428234363
2023,UF,51,18,combined,55695.27004609,5513.6333862368,60165.83221051,1032.08428856394,5272.98038281418,4,4470.56216442,0.0802682554680215
2023,UF,51,18,female,28991.19216881,3845.99130760644,29670.7147313525,1927.77775185032,3571.99191446022,4,679.522562542501,0.0234389313342402
2023,UF,51,18,male,26704.07787728,4218.53822509903,30495.1174791575,1166.03593840688,3559.97516607647,4,3791.0396018775,0.14196481972901
2023,UF,51,19,combined,52198.81580105,5181.55834307848,56784.9111275925,4674.32261991516,5107.4625602437,4,4586.0953265425,0.0878582254436938
2023,UF,51,19,female,20621.64122193,2888.55291007132,25574.4129247375,1874.9642724198,3149.86338330834,4,4952.7717028075,0.240173497807754
2023,UF,51,19,male,31577.17457912,4611.58796866634,31210.498202855,3802.72240322008,3819.721220832,4,-366.676376265001,-0.0116120704639439
2023,UF,52,14,combined,106354.69317406,9881.1922596021,107038.067466748,5965.76609378043,8577.55129527707,4,683.374292687498,0.00642542677048665
2023,UF,52,14,female,55952.10741157,7602.13680003184,56059.3292407375,4335.59464151293,6692.1922514356,4,107.221829167494,0.0019163144004353
2023,UF,52,14,male,50402.58576249,6564.04803452509,50978.73822601,4808.98264807627,5692.25157328406,4,576.152463519997,0.0114310100325998
2023,UF,52,15,combined,104652.37059912,8738.39007635304,109127.293323873,5066.69823161836,8902.42370338,4,4474.9227247525,0.0427598791994314
2023,UF,52,15,female,47538.5281676,5790.81538862798,52140.0747567625,4754.84156366264,6138.66517388491,4,4601.5465891625,0.096796151806372
2023,UF,52,15,male,57113.84243152,6620.33026739493,56987.21856711,1730.3896581644,6062.04500059267,4,-126.623864410001,-0.00221704334744811
2023,UF,52,16,combined,100851.03108852,8959.09700037127,110540.540721753,8514.94823416077,8391.23329250932,4,9689.50963323251,0.0960774473860136
2023,UF,52,16,female,56113.54861298,6644.66481549372,57739.7710963125,3757.40575484536,6065.14415053093,4,1626.2224833325,0.0289809239217555
2023,UF,52,16,male,44737.48247554,5867.69729293607,52800.76962544,6560.96838449161,5784.18670958644,4,8063.2871499,0.180235603429598
2023,UF,52,17,combined,117531.96991337,10296.1403747271,110624.7869582,7234.48841198182,9135.28021737385,4,-6907.18295517001,-0.0587685457859774
2023,UF,52,17,female,53342.11191156,6808.79613263114,55183.3132498,4639.63894302447,6088.34728103846,4,1841.20133824,0.0345168436767684
2023,UF,52,17,male,64189.85800181,7618.42753905465,55441.4737084,4081.44350728113,6266.65861635737,4,-8748.38429341,-0.136289198414543
2023,UF,52,18,combined,101988.53603131,9334.18512576235,99936.3450546175,3687.08081831667,8579.8990425482,4,-2052.19097669249,-0.0201217809035173
2023,UF,52,18,female,48309.80117121,6138.34044599871,49442.7927652025,3070.07555635297,5713.33014531002,4,1132.9915939925,0.0234526238263158
2023,UF,52,18,male,53678.7348601,6370.04087636147,50493.552289415,2103.01098277908,5801.88039865838,4,-3185.182570685,-0.0593378845270174
2023,UF,52,19,combined,108738.43427658,9908.31333628678,104969.697082993,8067.53563141604,8364.97707359269,4,-3768.7371935875,-0.0346587406620329
2023,UF,52,19,female,54081.06725387,7117.79355647701,52261.652342185,5395.80282979475,5807.95807649423,4,-1819.414911685,-0.0336423632903584
2023,UF,52,19,male,54657.36702271,7154.24077359918,52708.0447408075,3567.75159479963,5892.51453120565,4,-1949.3222819025,-0.0356644014903346
2023,UF,53,14,combined,37995.72307576,4757.26837085679,41026.1513004975,1658.38077826325,4140.17664776588,4,3030.4282247375,0.0797570878884211
2023,UF,53,14,female,16592.40816887,3216.24899731147,19714.2022740375,1017.70673683484,2962.26706823981,4,3121.7941051675,0.188145932368303
2023,UF,53,14,male,21403.31490689,3159.71237520278,21311.94902646,798.492513950595,2738.70855403978,4,-91.3658804299958,-0.00426877242275139
2023,UF,53,15,combined,35170.9216206,3789.94801339123,34731.5306665325,3202.50623619305,3602.01545281814,4,-439.390954067501,-0.0124930179199554
2023,UF,53,15,female,17252.9922252,2727.12223505317,17610.8031861625,4087.55191538377,2701.25156525501,4,357.810960962499,0.0207390669567378
2023,UF,53,15,male,17917.9293954,2822.16396901327,17120.72748037,1131.44498616377,2437.33554222742,4,-797.201915029997,-0.0444918549145896
2023,UF,53,16,combined,45481.13217634,4805.96527194766,46238.1046276125,2556.91739749246,4180.43240893907,4,756.972451272501,0.0166436589207489
2023,UF,53,16,female,23549.77258328,3814.16892984678,25358.34914904,1267.62907174132,3169.30192573865,4,1808.57656576,0.0767980480220884
2023,UF,53,16,male,21931.35959306,3591.71229195793,20879.7554785725,2100.28259001701,2966.95658100526,4,-1051.6041144875,-0.0479497912578238
2023,UF,53,17,combined,31837.17753578,3689.54919833607,42119.342064325,2809.8593572164,4344.46095823027,4,10282.164528545,0.32296093197927
2023,UF,53,17,female,19880.80969908,2839.80202667107,22586.848648305,1126.84984586396,3120.33304924696,4,2706.038949225,0.136113115621756
2023,UF,53,17,male,11956.3678367,2376.97890090972,19532.49341602,2224.57639001075,2694.03146428413,4,7576.12557932,0.633647750118989
2023,UF,53,18,combined,48270.33438954,5566.47678811908,43028.66875087,2991.02196609538,4290.87477525538,4,-5241.66563867001,-0.108589793399191
2023,UF,53,18,female,29839.74497992,4674.68633010819,24563.51031831,795.119874516393,3227.0085294826,4,-5276.23466161,-0.176819026608992
2023,UF,53,18,male,18430.58940962,2917.60064596042,18465.15843256,2356.30318193659,2686.09421161448,4,34.5690229400025,0.00187563306694678
2023,UF,53,19,combined,47304.41221554,5128.00832128254,46070.01798421,4931.44269772665,4291.31069854353,4,-1234.39423133,-0.0260946954737657
2023,UF,53,19,female,25830.01117201,3856.31651876604,25322.46596686,4283.75936548412,3026.00656931503,4,-507.54520515,-0.0196494380807697
2023,UF,53,19,male,21474.40104353,3535.33269167459,20747.55201735,3027.61968909033,3044.30543937559,4,-726.84902618,-0.0338472316273981
2024,Brazil,Brazil,14,combined,2983654.17870126,57987.0903972112,2924169.81704067,41459.2309138404,50683.5125809622,4,-59484.3616605876,-0.0199367480605545
2024,Brazil,Brazil,14,female,1478592.438426,41364.3536599877,1454177.69960235,17928.0870083583,35666.2981668727,4,-24414.7388236551,-0.0165121491150362
2024,Brazil,Brazil,14,male,1505061.74027526,39876.9810262176,1469992.11743833,30175.4398767763,35580.0682390134,4,-35069.6228369325,-0.0233011190826754
2024,Brazil,Brazil,15,combined,2961144.70279648,55756.5206498569,2989045.78682946,36370.4872367165,51176.6240168054,4,27901.0840329826,0.00942239803635163
2024,Brazil,Brazil,15,female,1403958.83162998,38898.5910356784,1436572.83923801,28755.5660079481,35514.3239644719,4,32614.0076080326,0.0232300313038154
2024,Brazil,Brazil,15,male,1557185.8711665,39940.1121299159,1552472.94759145,16324.0940270477,35445.9501925219,4,-4712.92357504997,-0.00302656456259745
2024,Brazil,Brazil,16,combined,3080543.79293293,56037.5235274225,3005356.70213529,26217.3555684917,49956.713482629,4,-75187.0907976427,-0.0244070838954243
2024,Brazil,Brazil,16,female,1523651.70715473,38323.7246281814,1472408.47815988,9944.44043601666,34454.1546230152,4,-51243.2289948475,-0.0336318521839477
2024,Brazil,Brazil,16,male,1556892.0857782,40219.2246412438,1532948.22397541,27977.3957002782,35625.6458808774,4,-23943.861802795,-0.0153792687505549
2024,Brazil,Brazil,17,combined,2943224.39405178,55000.8027581272,3017442.620661,31813.400280874,50360.2110485187,4,74218.2266092152,0.0252166388533641
2024,Brazil,Brazil,17,female,1435602.23563905,38565.022060335,1485615.17777955,21364.6688973209,35197.1558002118,4,50012.9421405001,0.0348376039678129
2024,Brazil,Brazil,17,male,1507622.15841273,38127.0124041869,1531827.44288145,19201.497433063,35340.1077075428,4,24205.2844687148,0.0160552724259498
2024,Brazil,Brazil,18,combined,2923505.54674928,54801.6585056552,3025115.58109488,82963.8224041124,50344.4184219282,4,101610.034345603,0.0347562310797
2024,Brazil,Brazil,18,female,1431918.99340553,39329.426874082,1465307.70710355,38937.6373971003,34667.2835061425,4,33388.7136980225,0.0233174598924861
2024,Brazil,Brazil,18,male,1491586.55334375,38244.0700071544,1559807.87399133,46884.786497238,35489.2434598578,4,68221.3206475801,0.045737419993929
2024,Brazil,Brazil,19,combined,2901305.38478881,55771.0943753109,2850827.99231812,16766.7906346325,49600.2460827104,4,-50477.3924706946,-0.0173981659205341
2024,Brazil,Brazil,19,female,1423986.79375437,37534.1723227187,1392886.34815991,13160.5632941335,34106.9189316466,4,-31100.4455944574,-0.0218404031068719
2024,Brazil,Brazil,19,male,1477318.59103444,40636.6173141417,1457941.6441582,19903.5670498371,35598.1857947524,4,-19376.9468762374,-0.0131162952892032
2024,UF,11,14,combined,24640.02637587,4444.01179719835,24485.31488886,2568.91857021522,3040.90026720037,4,-154.711487009998,-0.00627886856328639
2024,UF,11,14,female,9996.45439921,1834.15341576169,11823.18325508,1832.38459385808,1890.36456649781,4,1826.72885587,0.182737677072219
2024,UF,11,14,male,14643.57197666,4232.58945617219,12662.13163378,2041.4728609552,2378.67528704608,4,-1981.44034288,-0.135311271460144
2024,UF,11,15,combined,33824.01945572,5193.28827152369,29283.555905235,4298.30233755753,3734.88191248898,4,-4540.463550485,-0.13423784705508
2024,UF,11,15,female,16275.71866651,2647.99243703261,14664.851348665,1805.77831142293,2320.06988810264,4,-1610.867317845,-0.0989736521533532
2024,UF,11,15,male,17548.30078921,4104.3361167931,14618.70455657,2594.31629912465,2704.45516894289,4,-2929.59623264,-0.166944724040822
2024,UF,11,16,combined,21462.4106724,2573.14242210443,23577.6814375275,2359.08169166398,2657.21282883607,4,2115.2707651275,0.0985569979726309
2024,UF,11,16,female,9927.98067196,1785.98395713035,10590.918651675,2055.9563882425,1737.12339776992,4,662.937979715,0.0667747049092634
2024,UF,11,16,male,11534.43000044,1968.93920766656,12986.7627858525,718.385126784651,1955.59300159456,4,1452.3327854125,0.125912835342284
2024,UF,11,17,combined,24771.0859318,4106.77065199561,26435.9077890425,1726.8590153096,3034.95339363986,4,1664.8218572425,0.0672082710393119
2024,UF,11,17,female,14709.14693657,2970.75933908695,12814.9688745825,1802.30291039772,2053.55816347803,4,-1894.1780619875,-0.128775521120003
2024,UF,11,17,male,10061.93899523,2511.33404167772,13620.93891446,1971.65930942981,2265.57134313285,4,3558.99991923,0.353709152969144
2024,UF,11,18,combined,26159.99805366,2639.16321008427,25115.4763811575,2299.30740629839,2528.09528715396,4,-1044.5216725025,-0.0399282014608699
2024,UF,11,18,female,14038.33854643,1980.04818057119,12737.431243195,2791.24932254779,1746.51496995183,4,-1300.907303235,-0.0926681814185074
2024,UF,11,18,male,12121.65950723,2070.98352928773,12378.0451379625,716.295742764487,1850.15717609729,4,256.385630732499,0.0211510338645939
2024,UF,11,19,combined,23977.69534217,3490.83645027845,28441.56618278,2301.71208271319,3025.00429697652,4,4463.87084061,0.186167635250554
2024,UF,11,19,female,9758.01635416,1752.24034573474,13342.2776348825,923.087585464422,1974.79809189621,4,3584.2612807225,0.367314539209034
2024,UF,11,19,male,14219.67898801,2992.24769260672,15099.2885478975,1493.29505232091,2249.29443980265,4,879.6095598875,0.0618586088074973
2024,UF,12,14,combined,11490.95941494,1237.21793000532,14406.090099355,825.190725856962,1303.16167636018,4,2915.130684415,0.253689059298642
2024,UF,12,14,female,5623.97388926,889.833940356722,7312.9587817675,619.122339114754,903.367503685032,4,1688.9848925075,0.300318764945357
2024,UF,12,14,male,5866.98552568,882.792954299742,7093.1313175875,334.581673456278,899.484594719084,4,1226.1457919075,0.20899076477019
2024,UF,12,15,combined,15916.77669983,1540.5339479595,15697.25548533,1133.44514726275,1417.93536679009,4,-219.521214500001,-0.0137918134205115
2024,UF,12,15,female,6424.55757887,940.142676382869,7508.2202507575,813.273614286673,980.904242580601,4,1083.6626718875,0.168675065727733
2024,UF,12,15,male,9492.21912096,1154.8507210761,8189.0352345725,991.726147591205,970.641540302267,4,-1303.1838863875,-0.137289696938191
2024,UF,12,16,combined,16540.92745598,1726.06967913185,16495.7207923675,1231.82942405844,1470.9847082442,4,-45.2066636124982,-0.00273301867339699
2024,UF,12,16,female,7604.48208323,976.219748809178,7881.4661168975,632.649481560145,963.706288212404,4,276.9840336675,0.036423786739971
2024,UF,12,16,male,8936.44537275,1314.76140421163,8614.25467547,762.558203436888,1048.91444445168,4,-322.190697280001,-0.0360535631160976
2024,UF,12,17,combined,15730.05413812,1542.14755499797,16321.4926530525,1049.35641221144,1376.25517532094,4,591.438514932501,0.0375992676019606
2024,UF,12,17,female,7116.70438255,1113.30615738495,7150.78288259,867.045333470226,998.705776245757,4,34.0785000399992,0.00478852263746671
2024,UF,12,17,male,8613.34975557,1117.63979898428,9170.7097704625,277.91399254869,999.477615404789,4,557.360014892502,0.0647088566828571
2024,UF,12,18,combined,19727.8487276,1482.91149337527,19448.23913155,408.374263806748,1527.03938167629,4,-279.609596050002,-0.0141733444893471
2024,UF,12,18,female,9309.95100246,1015.08058519062,8810.1674666925,357.155629038348,998.608022908362,4,-499.783535767501,-0.0536827246067613
2024,UF,12,18,male,10417.89772514,1130.58845660173,10638.0716648575,359.180662048989,1157.88818073952,4,220.173939717501,0.0211342005389616
2024,UF,12,19,combined,17194.73595699,1780.31892175983,16589.2215785225,776.992254043643,1438.69498448061,4,-605.514378467502,-0.0352151018766501
2024,UF,12,19,female,8394.62167318,1125.11426046852,8448.0885710225,430.838811950153,956.093632200916,4,53.4668978424998,0.0063691849286456
2024,UF,12,19,male,8800.11428381,1217.26157730991,8141.1330075,878.154982902959,995.443983467595,4,-658.981276310001,-0.0748832634506078
2024,UF,13,14,combined,68268.91218493,6606.48857474573,75530.3685484375,4088.55177284414,7007.89707700093,4,7261.4563635075,0.106365490984203
2024,UF,13,14,female,30782.03374741,4022.91007451106,40022.0993806725,2971.90580721727,5642.03932951524,4,9240.0656332625,0.300177230298825
2024,UF,13,14,male,37486.87843752,4533.01384860675,35508.269167765,2713.02903241801,3905.0573693513,4,-1978.609269755,-0.0527813825056887
2024,UF,13,15,combined,65162.25108251,5002.79752063348,69567.8221204225,1367.33597910514,5144.77717762836,4,4405.57103791249,0.0676092517481334
2024,UF,13,15,female,31206.19033178,3929.64471769638,31799.99317186,1698.19007822765,3317.09507865285,4,593.802840079999,0.0190283669287013
2024,UF,13,15,male,33956.06075073,3649.08730172664,37767.8289485625,1551.12054432285,4034.62445110266,4,3811.7681978325,0.11225590111334
2024,UF,13,16,combined,72148.99967468,6437.32337904293,74418.1959988725,3850.44759938312,6005.74773480872,4,2269.1963241925,0.0314515285648354
2024,UF,13,16,female,34132.10228177,4329.01961418655,34498.9086340575,1571.48846459575,3618.93116273755,4,366.806352287502,0.0107466674410915
2024,UF,13,16,male,38016.89739291,4471.6220592173,39919.287364815,3312.46694497757,4466.19777261282,4,1902.389971905,0.0500406425133415
2024,UF,13,17,combined,87661.39774451,7575.76059257526,85451.8689232175,4241.92744485061,6358.6148505326,4,-2209.52882129251,-0.0252052656943961
2024,UF,13,17,female,44697.62606805,5207.20890416834,42001.8157191,848.259509708077,4421.19957969258,4,-2695.81034895,-0.0603121594163806
2024,UF,13,17,male,42963.77167646,4968.83816268638,43450.0532041175,3667.63398482733,4264.49584325798,4,486.281527657506,0.0113184087123324
2024,UF,13,18,combined,75563.85828245,7062.96655014498,82289.40915092,7559.44984408368,6346.47342082765,4,6725.55086846999,0.0890048631890998
2024,UF,13,18,female,37638.03507429,4595.63018353684,43794.16350763,6781.92659128882,4365.53251649035,4,6156.12843334,0.163561366080589
2024,UF,13,18,male,37925.82320816,5450.21025077594,38495.24564329,4440.67220507927,4299.48018776077,4,569.42243513,0.0150141087776701
2024,UF,13,19,combined,70733.50434256,6390.09480638953,72158.06656899,6102.45391462751,5568.59653409635,4,1424.56222643,0.0201398508340672
2024,UF,13,19,female,37507.48150233,5080.14948219006,33794.7565934475,7049.83349023002,3926.58036569108,4,-3712.72490888251,-0.0989862491474365
2024,UF,13,19,male,33226.02284023,3940.11322119683,38363.3099755425,2905.23368453097,4065.80411415781,4,5137.2871353125,0.154616372835701
2024,UF,14,14,combined,12882.60692036,1589.14715824832,13017.9117032325,1537.89986260397,1562.10375358777,4,135.304782872501,0.010502903931553
2024,UF,14,14,female,6839.34155196,1152.56335582997,6781.4119846875,813.360230511698,1034.32991381393,4,-57.9295672725002,-0.00847005034510945
2024,UF,14,14,male,6043.2653684,989.170470906143,6236.499718545,816.21119922376,983.325616904318,4,193.234350145,0.0319751555434609
2024,UF,14,15,combined,11513.07899496,1701.41691473061,11056.35459268,1123.698775909,1305.50804312712,4,-456.724402280001,-0.0396700485143842
2024,UF,14,15,female,5833.98530303,998.323337686906,5097.111131425,376.868814081697,853.955348577581,4,-736.874171605,-0.12630716968421
2024,UF,14,15,male,5679.09369193,1329.65215028102,5959.243461255,777.209927866021,942.776891848208,4,280.149769325,0.0493300136469123
2024,UF,14,16,combined,9482.29723878,1170.05031789001,9578.43670316,572.171659954498,1144.71841949709,4,96.1394643799995,0.0101388368197124
2024,UF,14,16,female,3824.44948343,684.149890836288,4268.9871289225,579.543675064367,708.62311922113,4,444.5376454925,0.116235721616543
2024,UF,14,16,male,5657.84775535,955.261075460152,5309.4495742375,829.589396863903,894.032110177478,4,-348.3981811125,-0.0615778642652691
2024,UF,14,17,combined,10572.82608529,1158.67670898016,10075.348090435,439.016939271959,1182.29560777819,4,-497.477994855,-0.0470525090304042
2024,UF,14,17,female,4690.43237603,895.146589793675,4755.2365843375,282.612868869833,873.918183057073,4,64.8042083074997,0.0138162546887309
2024,UF,14,17,male,5882.39370926,889.198096784944,5320.1115060975,302.565526897459,879.940815045323,4,-562.2822031625,-0.0955873120626662
2024,UF,14,18,combined,14672.35361989,1832.89466911874,12889.5560027975,2283.72213774845,1486.26278205905,4,-1782.7976170925,-0.121507268927578
2024,UF,14,18,female,7500.98674473,1393.03377373641,6310.717882805,1622.00527337527,1022.84708797981,4,-1190.268861925,-0.158681637820684
2024,UF,14,18,male,7171.36687516,1427.13817622191,6578.8381199925,964.597555101116,1200.16096351835,4,-592.5287551675,-0.0826242424188179
2024,UF,14,19,combined,13642.42434306,1716.07353534365,11228.3970744875,788.670272488722,1388.43225302754,4,-2414.0272685725,-0.176950020602499
2024,UF,14,19,female,7243.84675689,1383.93483273598,5695.6609936825,928.524517835224,1031.95145552429,4,-1548.1857632075,-0.213724256623035
2024,UF,14,19,male,6398.57758617,1042.12657356274,5532.736080805,907.679508444798,881.749563058328,4,-865.841505365001,-0.135317809888942
2024,UF,15,14,combined,158274.00311296,11560.8521373989,148785.40909822,6778.25620540075,10336.8044744259,4,-9488.59401474,-0.0599504266532514
2024,UF,15,14,female,78652.2116802,8172.39771654924,73373.6468958475,447.387894017747,7156.52783951631,4,-5278.56478435249,-0.0671127317540052
2024,UF,15,14,male,79621.79143276,8216.28369462605,75411.7622023725,6477.93554773489,7288.19519638019,4,-4210.0292303875,-0.052875339208398
2024,UF,15,15,combined,155381.64217207,12337.0361468336,157655.17646187,6730.84285747646,10492.5670568889,4,2273.53428980001,0.0146319362958096
2024,UF,15,15,female,72229.58161748,7984.04122244818,74007.656316745,2595.59397818367,7206.82465709225,4,1778.07469926499,0.024616987381728
2024,UF,15,15,male,83152.06055459,7875.89673656311,83647.520145125,9176.24712021374,7540.11652492568,4,495.459590535,0.00595847640131211
2024,UF,15,16,combined,170687.99745192,11884.0293221067,164750.305062938,4954.49325456369,10757.3726552037,4,-5937.69238898251,-0.0347868185087535
2024,UF,15,16,female,89386.37602653,8651.17752421097,78115.050937025,5727.24892209169,6949.79082974474,4,-11271.325089505,-0.12609667815775
2024,UF,15,16,male,81301.62142539,7936.77517966752,86635.2541259125,3216.15924311371,7974.08740480865,4,5333.6327005225,0.0656030298905803
2024,UF,15,17,combined,156505.01586149,12522.3473498202,152384.724016165,9113.80639902838,10328.1679700535,4,-4120.291845325,-0.0263268996373352
2024,UF,15,17,female,76780.0354016,8629.62949664398,67218.496862095,4855.83675332935,6564.83450598375,4,-9561.53853950501,-0.124531572426258
2024,UF,15,17,male,79724.98045989,8220.8204230085,85166.22715407,4448.16561135234,7649.00033593348,4,5441.24669418001,0.0682502104458655
2024,UF,15,18,combined,134484.70741664,10319.4709786454,151256.012165668,7265.16608143591,11493.9432456847,4,16771.3047490275,0.124707894832006
2024,UF,15,18,female,64327.94358161,7267.12606735222,73311.52120878,2067.37411373779,7308.39548572614,4,8983.57762717,0.139652802918734
2024,UF,15,18,male,70156.76383503,7870.054662966,77944.4909568875,8699.38918145471,8009.67891086214,4,7787.72712185751,0.111004651528254
2024,UF,15,19,combined,149783.9591704,11108.566370712,138950.677962955,4004.81756776583,9794.79862380125,4,-10833.281207445,-0.0723260439064816
2024,UF,15,19,female,89528.42850351,8516.88581285541,71844.75114286,2931.03515299777,6689.68158689144,4,-17683.67736065,-0.197520247548595
2024,UF,15,19,male,60255.53066689,6913.45790169001,67105.926820095,1575.48350383,7130.71386530137,4,6850.396153205,0.113689085091225
2024,UF,16,14,combined,13090.33322822,2466.57364797433,12364.43442988,872.202788541653,1939.50981435804,4,-725.89879834,-0.0554530420031719
2024,UF,16,14,female,5240.65163886,1358.80145253752,5500.1030352425,125.11583055471,1129.09278631375,4,259.451396382499,0.0495074685862802
2024,UF,16,14,male,7849.68158936,1714.92267175038,6864.3313946375,970.431510600974,1353.50260130787,4,-985.350194722499,-0.125527409424875
2024,UF,16,15,combined,11480.31467391,1911.08840646503,13583.49720058,525.60327474636,2070.7121731203,4,2103.18252667,0.18319903124691
2024,UF,16,15,female,5699.50297368,1277.88668790023,6021.5827296375,593.868280934982,1182.2619201303,4,322.0797559575,0.056510147892693
2024,UF,16,15,male,5780.81170023,1454.39846298856,7561.9144709425,501.397513256177,1580.91442227601,4,1781.1027707125,0.308106000173235
2024,UF,16,16,combined,11561.43740964,1733.87576899287,12136.3025636875,488.176026164452,1552.45582893722,4,574.865154047499,0.0497226368728314
2024,UF,16,16,female,5381.84334455,1319.363535731,5858.4892071675,881.176207413032,1108.28575556018,4,476.6458626175,0.08856554011372
2024,UF,16,16,male,6179.59406509,1348.25250007854,6277.81335652,543.18409988889,1222.43039422911,4,98.2192914299994,0.0158941332384377
2024,UF,16,17,combined,10922.83937535,1991.38073371873,11503.6558450025,621.373642278253,1725.69560566407,4,580.8164696525,0.0531744951741441
2024,UF,16,17,female,5109.89933898,1442.51447044777,5942.434002955,718.576828223895,1224.35029811359,4,832.534663975001,0.162925844277235
2024,UF,16,17,male,5812.94003637,1263.79899264028,5561.2218420475,614.772982828974,1058.91243096744,4,-251.7181943225,-0.043303077745094
2024,UF,16,18,combined,11693.41505009,1773.7824718669,12876.24642393,1982.38395464639,1775.1044989591,4,1182.83137384,0.101153629523387
2024,UF,16,18,female,4832.02518303,940.546654457303,5573.17516386,1010.22529711499,1024.84749494369,4,741.14998083,0.153382888697043
2024,UF,16,18,male,6861.38986706,1486.84496082595,7303.07126007,978.230485235042,1334.22866772139,4,441.68139301,0.0643720006540386
2024,UF,16,19,combined,13932.414419,2334.63018298239,13721.509146735,851.050673682553,1972.64410657606,4,-210.905272265001,-0.0151377403745172
2024,UF,16,19,female,6626.43105013,1486.17567962527,6434.87506821,802.258093788501,1296.30898050904,4,-191.55598192,-0.02890786616066
2024,UF,16,19,male,7305.98336887,1497.79744030579,7286.634078525,712.925849370404,1233.29589518577,4,-19.3492903450006,-0.00264841697114255
2024,UF,17,14,combined,24582.52289839,3131.99475418366,24456.4877667425,1450.85272011853,2715.09257934873,4,-126.035131647503,-0.00512702183451468
2024,UF,17,14,female,10495.56536558,1855.18173088661,12184.48583487,1840.37518186498,1818.27677009297,4,1688.92046929,0.160917531401289
2024,UF,17,14,male,14086.95753281,2161.42469946656,12272.0019318725,1167.3564172438,1789.5708305711,4,-1814.9556009375,-0.128839431560028
2024,UF,17,15,combined,26427.42677961,3259.93940949769,25029.737327675,2281.67089204053,2669.28215876445,4,-1397.689451935,-0.0528878374573109
2024,UF,17,15,female,10608.02277521,2014.36211330479,10710.31162193,1431.56320787192,1796.45753845374,4,102.288846719999,0.00964259305315963
2024,UF,17,15,male,15819.4040044,2365.7668568677,14319.425705745,1391.93159344612,1871.1457512784,4,-1499.978298655,-0.0948188881349637
2024,UF,17,16,combined,26564.19054964,3593.05668103547,26127.914676555,2121.8587023359,2810.30240486707,4,-436.275873085,-0.0164234581991023
2024,UF,17,16,female,13217.85321385,2250.68263363036,13256.2369448675,1666.06890359856,1956.3245575433,4,38.3837310175004,0.00290393079696792
2024,UF,17,16,male,13346.33733579,2611.45575111199,12871.6777316875,2025.22484071816,1963.92693111815,4,-474.659604102501,-0.0355647839673314
2024,UF,17,17,combined,27273.36315974,3087.90766649913,26995.12536448,2637.41774975718,2640.75038175365,4,-278.23779526,-0.0102018146288143
2024,UF,17,17,female,11075.95814438,1919.12714099294,14247.82498653,2111.14607421478,1992.30020039679,4,3171.86684215,0.286374036521565
2024,UF,17,17,male,16197.40501536,2121.3391441057,12747.30037795,586.970529358028,1776.974974732,4,-3450.10463741,-0.213003541872187
2024,UF,17,18,combined,25461.50050016,3193.41239500466,27298.883437465,1833.69522297136,2921.2714965614,4,1837.382937305,0.0721631836777826
2024,UF,17,18,female,9785.65949397,1716.21343798669,11807.7841681775,175.470767718827,1944.93215827154,4,2022.1246742075,0.206641634675062
2024,UF,17,18,male,15675.84100619,2700.55122490922,15491.0992692875,1681.23818088304,2168.21559432524,4,-184.741736902499,-0.0117851244363571
2024,UF,17,19,combined,22439.14248352,2547.81208236905,23390.14360754,2093.23677891942,2525.02627285868,4,951.001124019997,0.0423813487845376
2024,UF,17,19,female,12265.17371661,1940.12232898086,10964.7855227975,2210.69257314438,1816.32111223606,4,-1300.3881938125,-0.106022810916364
2024,UF,17,19,male,10173.96876691,1870.33939835187,12425.3580847425,1000.16524715681,1706.55216540167,4,2251.3893178325,0.221289191014126
2024,UF,21,14,combined,116099.336143,6648.46542558745,117011.726371175,5874.3466183257,6344.41337398287,4,912.390228175005,0.00785870323195656
2024,UF,21,14,female,58330.16767967,5069.95556113184,61679.0569573075,5039.0489139246,4892.00760348778,4,3348.88927763751,0.057412646163277
2024,UF,21,14,male,57769.16846333,4371.60958528714,55332.6694138675,1776.07632990908,3911.68090432463,4,-2436.4990494625,-0.0421764604593385
2024,UF,21,15,combined,133242.50310721,7831.25795565402,126745.63762661,6365.14917166129,6902.15645308473,4,-6496.86548060001,-0.0487597075189475
2024,UF,21,15,female,66351.48723771,5281.60335414265,62743.5312017,4962.7648973666,4688.61289234211,4,-3607.95603601,-0.0543764154537212
2024,UF,21,15,male,66891.0158695,5483.22903960428,64002.10642491,1923.20036711037,4710.55061896501,4,-2888.90944459,-0.0431883027494465
2024,UF,21,16,combined,120353.98418435,6987.13715421241,127770.955251703,3782.52401028127,6562.63621718371,4,7416.9710673525,0.0616263027569714
2024,UF,21,16,female,58705.91067311,4569.74457443379,64496.890511515,1424.88689181319,4361.6812141765,4,5790.979838405,0.0986438975565971
2024,UF,21,16,male,61648.07351124,4748.06568339835,63274.0647401875,4372.16772015546,4395.31554453681,4,1625.9912289475,0.0263753777910196
2024,UF,21,17,combined,124552.11018593,8105.87778018188,129134.546231655,8443.08154087388,6751.47111617063,4,4582.436045725,0.0367913160113016
2024,UF,21,17,female,65772.93862933,6004.55688009256,65714.90467266,3440.30054490184,5003.73247112298,4,-58.0339566699986,-0.000882337901869563
2024,UF,21,17,male,58779.1715566,4785.62146108288,63419.641558995,5053.88114215478,4463.70228559247,4,4640.470002395,0.0789475230682108
2024,UF,21,18,combined,130660.48137455,6876.51175731063,134143.224338178,3653.76721646088,7024.87311464113,4,3482.74296362751,0.0266549068776496
2024,UF,21,18,female,63200.90281736,5118.54276241319,65284.8398441125,1263.69271520533,4960.7206659252,4,2083.9370267525,0.0329732161069713
2024,UF,21,18,male,67459.57855719,4867.93950955222,68858.384494065,2846.34999321806,4862.20068677924,4,1398.805936875,0.0207354680653561
2024,UF,21,19,combined,110881.05112082,7368.53620781384,116377.048438808,2836.18770759174,6624.3385315068,4,5495.99731798749,0.0495666054969019
2024,UF,21,19,female,49139.00573989,4470.19811301828,56365.720131875,935.900421133594,4327.79603384771,4,7226.714391985,0.147066760573841
2024,UF,21,19,male,61742.04538093,5497.3274720201,60011.3283069325,3038.53477291769,4863.90082331967,4,-1730.7170739975,-0.0280314178663745
2024,UF,22,14,combined,48394.69847487,5011.96228551002,45315.7069412525,1859.00426863589,4442.52499412538,4,-3078.9915336175,-0.0636224964851538
2024,UF,22,14,female,24276.94195394,3592.84532429621,21946.827005785,697.019041661785,2929.60837930465,4,-2330.114948155,-0.0959805791263112
2024,UF,22,14,male,24117.75652093,3295.96718054975,23368.8799354675,1830.13591447535,3195.45016828152,4,-748.876585462502,-0.0310508394432379
2024,UF,22,15,combined,53807.65864377,4572.96118840527,48411.1667152175,3546.02292504429,4613.43246247157,4,-5396.4919285525,-0.100292264420565
2024,UF,22,15,female,21164.16388104,2903.41035529824,21652.4436123025,2492.91559120453,3253.99898684449,4,488.279731262501,0.0230710617252368
2024,UF,22,15,male,32643.49476273,3655.13359722787,26758.723102915,2288.45176661967,3161.02188381222,4,-5884.771659815,-0.180273947461465
2024,UF,22,16,combined,54527.53081798,5728.16514847845,51871.22832007,4743.39624850538,4491.42325663128,4,-2656.30249790999,-0.048714886921564
2024,UF,22,16,female,26921.63335132,4177.87170756631,23975.4345932375,4521.02141970889,3240.33767358702,4,-2946.1987580825,-0.109436107372662
2024,UF,22,16,male,27605.89746666,3455.45823430424,27895.7937268325,1085.88745483647,3124.23862996369,4,289.8962601725,0.0105012438201877
2024,UF,22,17,combined,54704.2531745,5185.65247205315,52834.71399067,3388.17007908844,4619.08919020478,4,-1869.53918383,-0.0341753899439298
2024,UF,22,17,female,26628.56094793,3902.45927925479,27278.89855118,1886.96410667817,3707.36715887818,4,650.337603249998,0.0244225590906576
2024,UF,22,17,male,28075.69222657,3374.23647417237,25555.81543949,2346.0675703583,2977.15696703395,4,-2519.87678708,-0.0897529708882926
2024,UF,22,18,combined,50886.73661219,6561.30526039352,52229.50366481,2149.7019637166,4960.91700898895,4,1342.76705262,0.026387368143752
2024,UF,22,18,female,26476.02267618,4253.26351302739,25071.1361316075,1984.52284964027,3329.67974497594,4,-1404.8865445725,-0.0530625978741306
2024,UF,22,18,male,24410.71393601,3603.6587801376,27158.3675332025,2629.48849006334,3371.89456143518,4,2747.6535971925,0.11255932966136
2024,UF,22,19,combined,53532.39939707,4907.81191156972,48139.2152129875,4539.47311791189,4340.84623529904,4,-5393.1841840825,-0.10074616951277
2024,UF,22,19,female,29464.84844227,3744.87556967617,24176.6995140975,3913.01429332889,3212.12621860849,4,-5288.1489281725,-0.179473141989292
2024,UF,22,19,male,24067.5509548,3301.13635157344,23962.51569889,1363.86451356474,3252.80113133272,4,-105.035255910003,-0.00436418545897188
2024,UF,23,14,combined,130766.14668282,9715.41399103901,138550.494805938,7389.18187619896,9045.74063582163,4,7784.34812311748,0.0595287719381899
2024,UF,23,14,female,56560.31682498,6161.91367521506,66525.868032575,3427.2944634693,6047.38713921483,4,9965.551207595,0.176193341321484
2024,UF,23,14,male,74205.82985784,7835.52773954759,72024.6267733625,5675.67863148254,6678.60482293028,4,-2181.2030844775,-0.029393958515876
2024,UF,23,15,combined,120995.67660414,9286.68961293542,137461.326113715,5189.32299236669,8593.43979261943,4,16465.649509575,0.136084610390216
2024,UF,23,15,female,62388.42233684,7254.0570024904,66155.5324577225,2330.65164869115,6039.47448288649,4,3767.1101208825,0.0603815576637533
2024,UF,23,15,male,58607.2542673,5985.13883125622,71305.7936559925,5288.6725625895,6015.99594378835,4,12698.5393886925,0.216671801937285
2024,UF,23,16,combined,142323.66684168,10052.9996855232,137934.447612705,9342.65256098418,9173.73687136377,4,-4389.21922897501,-0.0308397002858109
2024,UF,23,16,female,74005.72204695,7370.82863614356,68942.21106061,8907.88510400946,6656.0745178162,4,-5063.51098634,-0.068420533524795
2024,UF,23,16,male,68317.94479473,6336.17916834876,68992.236552095,2333.42810627879,6151.41739122238,4,674.29175736499,0.00986990693866723
2024,UF,23,17,combined,142129.75910296,10915.6856340945,134593.138439585,5720.83164640586,9066.9852463015,4,-7536.62066337501,-0.0530263381218807
2024,UF,23,17,female,68497.10473551,7494.43543786957,66812.9386927925,4162.06061821595,6079.60734812134,4,-1684.16604271749,-0.0245874048139789
2024,UF,23,17,male,73632.65436745,7464.65119081304,67780.1997467925,1914.68251720403,6537.96935877933,4,-5852.4546206575,-0.0794817825180106
2024,UF,23,18,combined,140669.45939487,10522.0824976797,137083.207931255,10898.8292513746,9536.92081326879,4,-3586.25146361502,-0.0254941725022781
2024,UF,23,18,female,74282.10537115,7600.04386039627,64268.5645253625,3998.68961202993,6119.6268532956,4,-10013.5408457875,-0.134804214228379
2024,UF,23,18,male,66387.35402372,7352.98408586378,72814.6434058925,7216.95350894753,6688.30993747549,4,6427.2893821725,0.0968149653904876
2024,UF,23,19,combined,108981.32840753,7911.78686232694,118805.54190946,5416.26034774516,7700.67681231869,4,9824.21350193,0.0901458409939074
2024,UF,23,19,female,52559.67617632,5733.56653084093,56199.1272251525,3859.52278305837,5450.75154422424,4,3639.4510488325,0.0692441680314653
2024,UF,23,19,male,56421.65223121,6096.4420559009,62606.4146843075,4566.5284830749,5705.65884550594,4,6184.7624530975,0.109616826316128
2024,UF,24,14,combined,47744.12402821,5556.62493215362,49588.98545541,4264.51667983906,4997.4163345146,4,1844.86142720001,0.0386405964032339
2024,UF,24,14,female,22098.74453118,3625.96991748531,24192.6832112225,1459.80571935955,3360.06430191396,4,2093.9386800425,0.0947537393849719
2024,UF,24,14,male,25645.37949703,3659.25465789194,25396.3022441875,3457.62463472279,3317.50981307318,4,-249.0772528425,-0.00971236369777044
2024,UF,24,15,combined,53879.45835035,7039.71150534478,54527.92069813,4226.52074834777,5763.2564816497,4,648.462347779998,0.0120354281136864
2024,UF,24,15,female,28997.51584916,5876.47199874644,29165.40366381,1286.32380143071,4697.59010913288,4,167.887814649999,0.00578973093844736
2024,UF,24,15,male,24881.94250119,3944.70963930025,25362.51703432,3406.17347634886,3370.17644855201,4,480.574533130002,0.0193141887176622
2024,UF,24,16,combined,49069.99644337,6267.22519822069,45832.21682893,4106.95980244376,4565.07179026852,4,-3237.77961444,-0.0659828785228588
2024,UF,24,16,female,28070.51992354,3997.30549695622,24531.8068301925,2762.06481926841,3136.18203534618,4,-3538.7130933475,-0.126065106844705
2024,UF,24,16,male,20999.47651983,4993.2376039514,21300.4099987375,3028.34668644148,3332.20850990217,4,300.9334789075,0.0143305228881932
2024,UF,24,17,combined,49058.90362124,9999.48814253032,54128.32201589,2706.43043141783,7564.42597288516,4,5069.41839465,0.103333299777519
2024,UF,24,17,female,27176.87197182,5831.13906163381,26550.259736905,3668.41556012053,4405.06769614163,4,-626.612234915003,-0.0230568196209168
2024,UF,24,17,male,21882.03164942,5324.18015398861,27578.062278985,2760.46343043003,5249.43208134181,4,5696.030629565,0.260306297003093
2024,UF,24,18,combined,42956.4708649,4872.71039856242,47425.5188355,1796.79685563358,4748.42531427526,4,4469.0479706,0.104036665038321
2024,UF,24,18,female,20011.70389365,3161.74738454924,20455.370574485,2295.184558306,2955.87912818129,4,443.666680835002,0.022170360064931
2024,UF,24,18,male,22944.76697125,3833.36998365453,26970.148261015,1033.85205375618,3801.16867057526,4,4025.381289765,0.175437880663981
2024,UF,24,19,combined,49662.84877993,5594.79110576948,44198.3169884325,2129.62206599416,4749.69295138138,4,-5464.5317914975,-0.11003258825752
2024,UF,24,19,female,23162.5043068,4062.28003506221,21528.8186382575,1271.50743080152,3422.44753545499,4,-1633.6856685425,-0.0705314782418794
2024,UF,24,19,male,26500.34447313,3815.29906769421,22669.498350175,1323.53780830491,3219.52172927589,4,-3830.846122955,-0.144558351942907
2024,UF,25,14,combined,61586.40594121,6457.96328030385,66228.7195825425,3122.75593637157,6051.76867673029,4,4642.3136413325,0.0753788692550759
2024,UF,25,14,female,30371.60968029,4164.16989289211,33038.0673433575,3772.12499841055,3855.74015548452,4,2666.4576630675,0.0877944136361639
2024,UF,25,14,male,31214.79626092,4157.09012111604,33190.652239185,1718.07414684134,4037.03778723988,4,1975.855978265,0.0632986985322315
2024,UF,25,15,combined,70195.30034503,6934.57660311901,64354.2302171575,3211.64918986486,5656.71567475973,4,-5841.0701278725,-0.0832116979222536
2024,UF,25,15,female,33094.82813807,4881.12262493694,30300.0171388975,1408.73374479035,3844.76189387303,4,-2794.8109991725,-0.0844485726746392
2024,UF,25,15,male,37100.47220696,4759.50062990626,34054.21307826,2748.5182681028,3940.14582995298,4,-3046.2591287,-0.0821083654058864
2024,UF,25,16,combined,72182.81035249,7517.13110623222,60534.13583514,9709.8230272979,5729.19578124325,4,-11648.67451735,-0.161377403573872
2024,UF,25,16,female,37237.09738814,5094.69816950009,30727.1218910825,4460.18995337097,3975.13753684598,4,-6509.9754970575,-0.174824998554558
2024,UF,25,16,male,34945.71296435,4606.5418579453,29807.0139440575,5647.70427407712,3679.77453573665,4,-5138.6990202925,-0.147048052089673
2024,UF,25,17,combined,56981.66894627,5443.16582809938,55229.07999903,2458.46917733355,4680.7470822761,4,-1752.58894724,-0.030757065906451
2024,UF,25,17,female,26523.03730807,3703.85835684408,28088.523066085,2260.63403931927,3365.02002234277,4,1565.485758015,0.0590236231179556
2024,UF,25,17,male,30458.6316382,3789.47416548836,27140.556932945,3298.32178949222,3222.15552411356,4,-3318.074705255,-0.108937090302297
2024,UF,25,18,combined,57780.60261334,5100.9248523978,58722.9398561875,2585.33251649206,4882.0630336238,4,942.337242847498,0.016308885685279
2024,UF,25,18,female,21806.11961524,3040.6094013062,27515.02068798,2136.17777207318,3296.15290643299,4,5708.90107274,0.261802703712133
2024,UF,25,18,male,35974.4829981,4241.11023897115,31207.9191682075,2489.05041719423,3641.38231858389,4,-4766.5638298925,-0.132498466486488
2024,UF,25,19,combined,59980.14162611,5327.49706198653,56460.987596415,4834.63632982437,4592.70382626513,4,-3519.154029695,-0.0586719859988306
2024,UF,25,19,female,28119.11962865,3628.81180001792,22715.0498041525,2761.95569887535,2927.40819540748,4,-5404.0698244975,-0.192184886862226
2024,UF,25,19,male,31861.02199746,4041.86115336196,33745.9377922625,2780.78143542928,3608.90166170999,4,1884.9157948025,0.0591605565870664
2024,UF,26,14,combined,136097.8315135,10489.4934293164,143341.274540913,8231.40949335969,9992.78850574795,4,7243.44302741252,0.0532223250500065
2024,UF,26,14,female,66794.84370278,6749.02937376382,69680.0136185,5653.01440196308,6508.62758283755,4,2885.16991572001,0.04319450058987
2024,UF,26,14,male,69302.98781072,7472.89944077611,73661.2609224125,4257.03517511096,7278.38336107463,4,4358.2731116925,0.0628872325619755
2024,UF,26,15,combined,132433.69515151,9874.88167909403,147749.653688903,16338.4502326512,9836.71712552618,4,15315.9585373925,0.115650012784665
2024,UF,26,15,female,60759.47053636,6582.74822292749,69894.9771819425,10690.462756299,6431.18257733329,4,9135.50664558249,0.150355270790511
2024,UF,26,15,male,71674.22461515,7899.45489225393,77854.67650696,6555.8719806763,7125.1239015498,4,6180.45189181001,0.0862297698370026
2024,UF,26,16,combined,139142.33501264,10727.143786899,146079.39776223,6168.07160177612,9715.94410569492,4,6937.06274959003,0.0498558741950094
2024,UF,26,16,female,68030.54268494,7054.33072351131,72547.582516235,1140.48463441581,6744.3654812131,4,4517.03983129501,0.0663972335516141
2024,UF,26,16,male,71111.7923277,7719.46630691646,73531.815245995,5223.55102665329,6962.46937939244,4,2420.02291829501,0.0340312462825149
2024,UF,26,17,combined,140314.08145828,10495.7781397013,144855.983750703,11368.1361672728,9829.85848412241,4,4541.90229242249,0.0323695401432175
2024,UF,26,17,female,58913.84209952,6815.65148661505,65460.45413262,7739.1789467701,6157.33500031324,4,6546.6120331,0.111121797523257
2024,UF,26,17,male,81400.23935876,8087.05237644657,79395.5296180825,4119.46188183509,7662.74437716541,4,-2004.70974067748,-0.0246278113734041
2024,UF,26,18,combined,137792.77964134,11601.224657288,140663.206025108,4822.12872819832,9697.17194912132,4,2870.42638376751,0.0208314716579412
2024,UF,26,18,female,64015.93642521,7438.04606834139,65293.489767795,3905.5679172872,6622.56206650436,4,1277.55334258501,0.0199568016017008
2024,UF,26,18,male,73776.84321613,7856.58126867261,75369.7162573125,1538.89738055298,6772.61786245741,4,1592.87304118251,0.0215904201338104
2024,UF,26,19,combined,134850.47425347,10870.048441678,132304.403087203,13685.0501201837,9288.25793470476,4,-2546.0711662675,-0.0188806986431639
2024,UF,26,19,female,75845.48934801,8171.93198883033,71383.19098606,7190.96842290258,7203.87036591528,4,-4462.29836195,-0.0588340638356905
2024,UF,26,19,male,59004.98490546,6858.46213399191,60921.2121011425,6924.17416128736,6157.18193763896,4,1916.2271956825,0.0324756831774934
2024,UF,27,14,combined,53974.68055851,3759.33722282158,51438.82738871,1773.14163978907,3240.80179919197,4,-2535.8531698,-0.0469822728649791
2024,UF,27,14,female,27650.87816228,2862.44798999808,27261.24715843,1829.03738015389,2477.15278263411,4,-389.631003850001,-0.0140910896776334
2024,UF,27,14,male,26323.80239623,2545.34357250273,24177.58023028,1899.40086654126,2216.97466463851,4,-2146.22216595,-0.0815316166579861
2024,UF,27,15,combined,48809.86230705,3535.81842609825,49362.8848083725,1515.16819150059,3372.2837309356,4,553.022501322499,0.0113301385249477
2024,UF,27,15,female,24285.58849397,2416.00682734278,25771.0739084825,853.695940345513,2404.33429039534,4,1485.4854145125,0.0611673633060751
2024,UF,27,15,male,24524.27381308,2406.56978221167,23591.81089989,1545.89034836933,2149.33770031448,4,-932.46291319,-0.0380220397267246
2024,UF,27,16,combined,56020.69007254,3674.16728220227,51533.01996119,1859.35486490742,3468.49364932091,4,-4487.67011134999,-0.080107369358339
2024,UF,27,16,female,31224.59129015,2714.25061770393,26983.4596102225,1972.25041799756,2535.09243817632,4,-4241.1316799275,-0.135826651516985
2024,UF,27,16,male,24796.09878239,2426.70441767103,24549.5603509675,1255.66244174514,2188.58646274569,4,-246.538431422501,-0.0099426298300437
2024,UF,27,17,combined,49744.03459289,3495.32617084366,53480.7365913525,2945.92913193045,3498.08163934033,4,3736.7019984625,0.0751185952053152
2024,UF,27,17,female,24564.92962179,2486.05318729501,26996.0727965175,1212.79345764304,2421.83126932811,4,2431.1431747275,0.0989680496609681
2024,UF,27,17,male,25179.1049711,2419.57498987571,26484.663794835,1775.12529866403,2457.26193587983,4,1305.558823735,0.0518508829139673
2024,UF,27,18,combined,59927.51972202,3940.45050501829,55072.543079715,1790.49558340951,3612.88589862368,4,-4854.976642305,-0.0810141428316291
2024,UF,27,18,female,24764.21604546,2334.75738675319,26405.99446038,1263.97728930146,2349.8917363599,4,1641.77841492,0.0662964017074542
2024,UF,27,18,male,35163.30367656,2963.88401683187,28666.548619335,563.628307792019,2456.3784496014,4,-6496.755057225,-0.184759518530557
2024,UF,27,19,combined,50675.36961104,3786.56535291497,52860.33768681,1857.95337314663,3617.58179861067,4,2184.96807577,0.0431169637743302
2024,UF,27,19,female,25808.57134817,2874.99520513675,25432.405208885,1753.39693182962,2414.08889736968,4,-376.166139285,-0.0145752406907898
2024,UF,27,19,male,24866.79826287,2477.33135428541,27427.932477925,873.618964315977,2557.58053653026,4,2561.134215055,0.102994128475284
2024,UF,28,14,combined,29656.04051807,3520.44420493709,34341.4298288975,3681.29418552042,3402.57377779352,4,4685.3893108275,0.157991061145624
2024,UF,28,14,female,14277.97550433,2410.19139838126,14810.01874999,2507.96132432086,2104.70098726108,4,532.043245659999,0.0372632132264584
2024,UF,28,14,male,15378.06501374,2467.17014861712,19531.4110789075,2033.28598024869,2699.57405733767,4,4153.3460651675,0.270082488366161
2024,UF,28,15,combined,31176.31018316,3050.71665808684,37374.0135307975,1910.9261154436,3519.06738971292,4,6197.7033476375,0.198795281135778
2024,UF,28,15,female,15682.13465109,2240.47553056266,16503.4126368575,1229.1300912506,2141.61695512928,4,821.277985767501,0.0523702929505466
2024,UF,28,15,male,15494.17553207,2196.46941270042,20870.60089394,1614.40650925663,2711.25795663958,4,5376.42536187,0.346996544007251
2024,UF,28,16,combined,41133.86144189,4997.28415478635,40840.91664759,4752.70402933943,4295.26169250989,4,-292.944794300005,-0.00712174310972116
2024,UF,28,16,female,22369.00177296,3884.27424958745,19437.9587502575,2887.86872737369,3270.03660204849,4,-2931.0430227025,-0.131031462756
2024,UF,28,16,male,18764.85966893,2488.60724557163,21402.9578973325,2232.82419657575,2467.53146296847,4,2638.0982284025,0.140587154657519
2024,UF,28,17,combined,38492.96462632,3721.73669456616,35596.392696055,1272.41446914208,3273.32672995416,4,-2896.571930265,-0.0752493853976743
2024,UF,28,17,female,20678.79240258,2582.81261904294,17973.3074968475,1907.52518209684,2319.06070656017,4,-2705.4849057325,-0.13083379595198
2024,UF,28,17,male,17814.17222374,2537.00460699842,17623.0851992075,2229.57268504197,2311.79826934147,4,-191.087024532499,-0.0107266855923761
2024,UF,28,18,combined,32370.75668193,3542.15502376885,34999.7200853525,1260.12771983343,3533.41495275243,4,2628.9634034225,0.0812141473631365
2024,UF,28,18,female,12292.39302616,2114.45673744466,18213.560377895,854.972667042516,2378.15652006612,4,5921.167351735,0.481693624596439
2024,UF,28,18,male,20078.36365577,2736.97440329761,16786.1597074575,1136.64658601865,2336.93106832093,4,-3292.2039483125,-0.163967741831711
2024,UF,28,19,combined,38033.80376591,3917.72925720345,35115.2377523025,1230.18866036063,3404.44563175349,4,-2918.5660136075,-0.0767361064270788
2024,UF,28,19,female,19248.98654661,2660.30867285138,17343.5613619075,1116.2572926906,2367.851810246,4,-1905.4251847025,-0.0989883379100843
2024,UF,28,19,male,18784.8172193,2741.64734778891,17771.676390395,1319.87350729323,2390.22574724604,4,-1013.140828905,-0.0539340264574986
2024,UF,29,14,combined,222187.16169979,15475.3510406719,218941.47835879,8040.50068270973,14158.1102625456,4,-3245.68334100003,-0.0146078797540312
2024,UF,29,14,female,95086.04040517,10050.7028813251,103480.610397068,3746.46831568075,9771.32450083865,4,8394.5699918975,0.0882839369073262
2024,UF,29,14,male,127101.12129462,12476.6536158477,115460.867961723,5636.14344389294,10676.8819205758,4,-11640.2533328975,-0.0915826171660235
2024,UF,29,15,combined,213141.71711177,14880.3267036748,222558.211340743,2705.63718059009,14333.8818330815,4,9416.4942289725,0.0441794987699877
2024,UF,29,15,female,97096.26753403,10548.0918677741,105394.465269535,7452.19999920767,10406.7753625527,4,8298.19773550499,0.0854636120033828
2024,UF,29,15,male,116045.44957774,11092.5684249801,117163.746071208,9681.8525578324,10046.2217162598,4,1118.2964934675,0.00963671128455872
2024,UF,29,16,combined,235136.22622309,16647.7376428682,232720.665597955,6712.20896319286,14931.3412654279,4,-2415.560625135,-0.0102730262534842
2024,UF,29,16,female,121850.84763299,12657.6587875531,118836.523988173,10170.9879268289,10894.7377075472,4,-3014.3236448175,-0.0247378143309805
2024,UF,29,16,male,113285.3785901,10706.5091131546,113884.141609783,8168.65111483616,10364.968908511,4,598.763019682505,0.0052854395433413
2024,UF,29,17,combined,217749.40525529,15376.1337603508,234903.030986203,7812.78247817832,15643.678193583,4,17153.6257309125,0.0787769119773325
2024,UF,29,17,female,119712.02118924,12029.7600588492,118220.974955475,2706.07467271781,11227.6348287351,4,-1491.04623376501,-0.0124552757438451
2024,UF,29,17,male,98037.38406605,9722.63353706814,116682.056030728,9071.83891547416,10944.7691609073,4,18644.6719646775,0.190179207067746
2024,UF,29,18,combined,207696.19112535,15949.0895129685,231852.755522368,10668.7911433608,15549.4230356701,4,24156.5643970175,0.116307209420313
2024,UF,29,18,female,101809.4231964,11567.0121080598,111466.926833865,6294.43487117246,11001.5163059278,4,9657.50363746499,0.09485864210069
2024,UF,29,18,male,105886.76792895,10480.0233286668,120385.828688503,9150.3311975636,10572.8802082179,4,14499.0607595525,0.136929864261051
2024,UF,29,19,combined,246161.25894454,16526.5246125621,218366.63801523,10480.5167116566,15904.3362925603,4,-27794.62092931,-0.112912247233721
2024,UF,29,19,female,123656.96111491,12320.6551899553,108062.40918583,12114.0828228887,11081.1377306374,4,-15594.55192908,-0.12611139549668
2024,UF,29,19,male,122504.29782963,12787.7490232255,110304.2288294,3740.71080175582,11602.131127837,4,-12200.06900023,-0.0995889059924817
2024,UF,31,14,combined,268776.49628879,18090.4012021448,269099.947234468,14964.2133483835,16346.521468959,4,323.450945677469,0.00120341975635374
2024,UF,31,14,female,148378.79325819,13395.0100063861,136054.798519058,12530.6143819191,11209.9110165608,4,-12323.9947391325,-0.0830576558045451
2024,UF,31,14,male,120397.7030306,12175.3566629038,133045.14871541,2442.85475254344,11736.7013986294,4,12647.44568481,0.105047234012393
2024,UF,31,15,combined,276581.30087505,19298.8780387937,264776.786148008,19719.8973862734,15663.9234846663,4,-11804.5147270425,-0.0426800896868129
2024,UF,31,15,female,142727.34598689,15236.4926015719,135705.505775543,10790.3550737881,11790.4191839203,4,-7021.8402113475,-0.0491975813239916
2024,UF,31,15,male,133853.95488816,11895.2212855022,129071.280372465,11258.6043265234,10313.8905755463,4,-4782.67451569499,-0.0357305431856018
2024,UF,31,16,combined,277190.53115005,16854.0851509281,288476.167288658,2562.37379249804,16195.8796447903,4,11285.6361386075,0.0407143638413043
2024,UF,31,16,female,121736.80134491,10987.159142843,128865.112234393,2559.89938145606,11014.9969040494,4,7128.3108894825,0.0585551025715409
2024,UF,31,16,male,155453.72980514,13437.2755189745,159611.055054265,2153.34981893259,11939.9793840939,4,4157.32524912499,0.0267431682362087
2024,UF,31,17,combined,307775.41979476,19838.9962725922,283400.986514678,11588.5993161638,15859.7260898938,4,-24374.4332800825,-0.0791955163162041
2024,UF,31,17,female,149480.33735644,14527.083448905,129759.1552505,10945.5849275035,10948.3238163176,4,-19721.18210594,-0.131931613580148
2024,UF,31,17,male,158295.08243832,13181.0888997716,153641.831264178,1684.96047181481,11626.5297710335,4,-4653.2511741425,-0.0293960564185918
2024,UF,31,18,combined,280887.28053926,19051.6467604242,279114.336122843,5695.13069623973,17241.1124444738,4,-1772.94441641751,-0.00631194268752123
2024,UF,31,18,female,140600.29044635,13133.3386662896,130864.00469362,4024.84428247021,11134.4115097349,4,-9736.28575272999,-0.0692479775242367
2024,UF,31,18,male,140286.99009291,12434.0571736273,148250.331429223,5411.25952726451,12092.0863400101,4,7963.34133631247,0.056764646037658
2024,UF,31,19,combined,305484.67704464,19557.0172924211,284648.201083305,9050.35015738458,17231.7764627857,4,-20836.475961335,-0.0682079250681703
2024,UF,31,19,female,148096.48208815,13852.3699000039,141522.150847055,4590.31019088776,11752.3544659738,4,-6574.33124109497,-0.044392217481451
2024,UF,31,19,male,157388.19495649,14342.6650724055,143126.05023625,5717.18606795431,12323.9586960053,4,-14262.14472024,-0.0906176268441402
2024,UF,32,14,combined,63066.92317382,4882.76316053931,58976.57107276,3469.77787803815,4397.16461054207,4,-4090.35210106,-0.0648573276642417
2024,UF,32,14,female,31362.58556706,3234.49362092182,28842.31305524,928.81282271408,2797.44929922114,4,-2520.27251182,-0.0803592071970951
2024,UF,32,14,male,31704.33760676,3389.65259346325,30134.25801752,3065.20032934584,3383.25792320561,4,-1570.07958924,-0.0495225482618262
2024,UF,32,15,combined,59986.88910709,4320.74773183183,53956.0009595475,2365.45775919636,3846.59980657733,4,-6030.8881475425,-0.100536771239729
2024,UF,32,15,female,27816.52041726,2933.33423199353,27554.8725542825,1795.57722420216,2822.79260302284,4,-261.647862977497,-0.00940620390518529
2024,UF,32,15,male,32170.36868983,3240.28218805491,26401.128405265,1224.98911390434,2691.13213428121,4,-5769.240284565,-0.179333980912343
2024,UF,32,16,combined,55530.6862088,4591.47396681939,53408.6048343925,5137.95249469911,3709.40043292823,4,-2122.0813744075,-0.0382145714250369
2024,UF,32,16,female,32535.37822563,3700.06576991732,24862.35465438,4073.16737109855,2676.01440386541,4,-7673.02357125,-0.235836310801069
2024,UF,32,16,male,22995.30798317,2888.06228489341,28546.2501800125,1192.19075698589,2769.79029845879,4,5550.9421968425,0.241394557572578
2024,UF,32,17,combined,50793.22258808,4409.01900169599,52384.142935075,904.730118116388,4024.01266216609,4,1590.92034699499,0.0313215083810876
2024,UF,32,17,female,21975.00468075,3063.3838261684,24624.9917025775,770.170152202419,2735.91933848071,4,2649.9870218275,0.120590965068093
2024,UF,32,17,male,28818.21790733,3246.8308955354,27759.1512324975,1104.14524347427,2901.61442557608,4,-1059.0666748325,-0.0367499016850423
2024,UF,32,18,combined,65526.90950173,5218.90267583701,60467.63419974,4377.38940700154,4251.45796563635,4,-5059.27530199,-0.0772091243194741
2024,UF,32,18,female,31511.25229328,3623.80167940459,30918.8064772075,2762.68491271203,3273.02408078043,4,-592.445816072497,-0.0188010876419164
2024,UF,32,18,male,34015.65720845,3598.36739710295,29548.8277225325,2026.93567323255,2790.79408621193,4,-4466.8294859175,-0.131316865599406
2024,UF,32,19,combined,45952.75279339,4466.45880761621,51111.3185787325,776.039345921772,4092.5713988006,4,5158.5657853425,0.112258036173287
2024,UF,32,19,female,24235.75333247,3600.92340457294,23318.1226142825,1913.30416980242,2878.64621022628,4,-917.630718187502,-0.0378626859912005
2024,UF,32,19,male,21716.99946092,2766.3010782546,27793.19596445,1391.02850947335,2793.90305699201,4,6076.19650353,0.279789872190409
2024,UF,33,14,combined,220367.81586782,14538.3135729074,209979.07097216,7437.91887936896,11657.5207791092,4,-10388.74489566,-0.0471427502003801
2024,UF,33,14,female,107760.8641665,11085.0798569647,102804.254457063,6082.05443300752,8369.08138905322,4,-4956.6097094375,-0.0459963804835409
2024,UF,33,14,male,112606.95170132,9789.90891968508,107174.816515098,4928.38564507461,8247.19558439403,4,-5432.1351862225,-0.0482397854142323
2024,UF,33,15,combined,206403.87483842,14078.1791705636,214839.383237668,6962.56370604469,11974.1221970142,4,8435.50839924751,0.0408689439859165
2024,UF,33,15,female,90382.92108865,8511.73327966142,101162.70706508,8502.31838562935,7974.40430983873,4,10779.78597643,0.119267952911778
2024,UF,33,15,male,116020.95374977,11754.1388147038,113676.676172588,5968.68894569894,9157.98635186015,4,-2344.2775771825,-0.0202056395971244
2024,UF,33,16,combined,224979.99255181,13295.2869197357,213215.471035388,7060.64723177672,11723.5269926863,4,-11764.5215164225,-0.0522914121517417
2024,UF,33,16,female,119893.05232874,10299.3398043913,104344.162856418,5292.06613822227,8413.41414773087,4,-15548.8894723225,-0.129689662330794
2024,UF,33,16,male,105086.94022307,8574.15537582279,108871.30817897,3055.81104546118,8192.18708375792,4,3784.36795589999,0.0360117817482062
2024,UF,33,17,combined,220987.09601946,13700.1640163598,218822.13403572,5370.62896042726,12267.7581300853,4,-2164.96198374001,-0.00979678009592634
2024,UF,33,17,female,107952.24873747,9804.72308077287,116763.370330798,5168.78461582833,9226.42946232499,4,8811.12159332751,0.0816205470138501
2024,UF,33,17,male,113034.84728199,9275.45693474544,102058.763704923,5506.72456891896,7846.56333767754,4,-10976.0835770675,-0.0971035379000007
2024,UF,33,18,combined,223900.80097303,13855.4213724644,225087.770635648,10842.2236928486,12198.2394662021,4,1186.96966261748,0.00530131941225374
2024,UF,33,18,female,118622.22588384,9495.63846970679,115220.625999638,9980.65965295797,8602.95973128391,4,-3401.5998842025,-0.0286759067186405
2024,UF,33,18,male,105278.57508919,9582.23031351304,109867.14463601,3312.13846083158,8374.03115170244,4,4588.56954682,0.0435850270858306
2024,UF,33,19,combined,202302.54009077,12483.2311412319,196817.37948403,3240.65977068536,10890.5586341257,4,-5485.16060674001,-0.0271136516836561
2024,UF,33,19,female,100684.25544244,8275.00110522575,100350.91285527,5464.63152824214,7702.05107746156,4,-333.342587170002,-0.00331077173591029
2024,UF,33,19,male,101618.28464833,8813.86681458638,96466.46662876,2259.16722998321,7736.54006950974,4,-5151.81801957,-0.0506977463494771
2024,UF,35,14,combined,634653.7026523,39621.2754946727,571097.121048953,26884.546836584,32718.6303849323,4,-63556.5816033475,-0.100143718279333
2024,UF,35,14,female,333868.61632768,28941.0356641765,297637.061073145,13440.1387421337,23641.0754327138,4,-36231.555254535,-0.108520398392208
2024,UF,35,14,male,300785.08632462,25728.8975020073,273460.059975808,15930.7345795607,22395.5721195919,4,-27325.0263488125,-0.0908456821536763
2024,UF,35,15,combined,620117.58552434,35856.7604374211,618755.270010678,37443.4606503054,33999.7602160377,4,-1362.31551366253,-0.00219686644188718
2024,UF,35,15,female,289205.00120425,24310.2860057165,294387.273956048,21108.1277433024,22940.4526825613,4,5182.27275179751,0.0179190288211425
2024,UF,35,15,male,330912.58432009,25980.7774785763,324367.99605463,17778.4328901209,22989.7692964276,4,-6544.58826546004,-0.0197773931109537
2024,UF,35,16,combined,610160.80466162,35143.5732382751,585463.061606018,23095.66032608,31294.0406096645,4,-24697.7430556024,-0.0404774329437617
2024,UF,35,16,female,274292.19236873,22698.1073432814,287952.283777643,9059.65523547049,21345.2960179848,4,13660.0914089126,0.0498012403887507
2024,UF,35,16,male,335868.61229289,26616.6412531476,297510.777828375,20886.7341665536,22540.6016707772,4,-38357.834464515,-0.11420487970774
2024,UF,35,17,combined,538320.77789634,32082.0998710879,599419.881256963,22950.235315139,31139.5399029273,4,61099.1033606226,0.113499433552215
2024,UF,35,17,female,252246.06700621,22488.6091465138,290597.822676638,13504.549103842,21629.2929544128,4,38351.7556704275,0.152041045181027
2024,UF,35,17,male,286074.71089013,23069.741064319,308822.058580325,10276.5339996633,21968.3111957147,4,22747.347690195,0.0795154091720163
2024,UF,35,18,combined,547100.90075562,33861.5675969284,572149.892040853,39821.5959087581,30137.0311097788,4,25048.9912852325,0.0457849571269878
2024,UF,35,18,female,271336.79563428,25671.748840662,276701.884636603,26889.3458111857,21302.4326482837,4,5365.08900232246,0.019772802983764
2024,UF,35,18,male,275764.10512134,23677.8545476698,295448.00740425,12941.5613875387,21724.514756794,4,19683.90228291,0.0713794939854439
2024,UF,35,19,combined,570840.46113261,36008.4922480759,585338.938494105,13907.9937544802,31453.9405760846,4,14498.477361495,0.0253984753160777
2024,UF,35,19,female,238053.04802714,21967.0138114183,264314.044770808,7310.76533808964,20933.3475597782,4,26260.9967436675,0.110315734082403
2024,UF,35,19,male,332787.41310547,27189.6177941936,321024.893723298,11593.6216647104,22978.2760388173,4,-11762.5193821725,-0.0353454455275465
2024,UF,41,14,combined,130005.73106593,9533.03110062676,151206.665996533,7602.82877039386,11004.0215345982,4,21200.9349306025,0.163076925584541
2024,UF,41,14,female,62137.23731724,6570.67376763854,70812.4045253475,5961.09695346383,7044.07855162526,4,8675.16720810751,0.139613017614811
2024,UF,41,14,male,67868.49374869,7431.78690857651,80394.261471185,2134.79314280346,7916.15314031689,4,12525.767722495,0.184559388762577
2024,UF,41,15,combined,156401.1369111,10766.8739214495,159360.421684495,5058.04354508701,10956.7974678001,4,2959.28477339499,0.0189211205995074
2024,UF,41,15,female,73617.95812455,7804.0720452841,75941.982752345,1146.86802643097,7960.37577711499,4,2324.02462779499,0.0315687189240308
2024,UF,41,15,male,82783.17878655,7939.49859736491,83418.43893215,5538.3973001606,7441.40454248457,4,635.260145600012,0.00767378294614635
2024,UF,41,16,combined,155012.2300085,11021.6521076315,153777.50693001,7406.63072563573,10140.4372553646,4,-1234.72307849,-0.00796532685467654
2024,UF,41,16,female,82099.38628027,8129.15367502804,75637.770277235,2502.90491151549,6932.83122804704,4,-6461.616003035,-0.0787048027493946
2024,UF,41,16,male,72912.84372823,7448.10377950332,78139.736652775,6160.43416239885,7210.4153904393,4,5226.892924545,0.0716868614263262
2024,UF,41,17,combined,151292.55647897,11019.1869768747,158640.12800228,5636.97415688694,10299.0171781722,4,7347.57152331004,0.0485653206893319
2024,UF,41,17,female,74489.24295129,7186.84006385532,79546.6562992675,8593.91799088653,7691.62665729,4,5057.41334797749,0.0678945462136678
2024,UF,41,17,male,76803.31352768,8608.84224620418,79093.4717030125,8633.49103879339,6870.40383189428,4,2290.1581753325,0.0298184813928259
2024,UF,41,18,combined,154534.80530588,11434.8611596229,165179.22223486,11433.9310959451,10851.9369296215,4,10644.41692898,0.0688803852822079
2024,UF,41,18,female,73912.39431312,7909.36925758414,78444.45531257,7180.34895256674,7472.03882379229,4,4532.06099945,0.0613166579376461
2024,UF,41,18,male,80622.41099276,8893.37691276198,86734.76692229,5976.50861271856,7708.53435783504,4,6112.35592953001,0.0758146011048827
2024,UF,41,19,combined,160139.25052233,12025.887915965,148818.357014875,6213.82721886155,10697.8742740988,4,-11320.893507455,-0.0706940582682221
2024,UF,41,19,female,79393.96646502,7956.23736430629,71655.3728660175,3128.80025119354,7154.43177012562,4,-7738.59359900249,-0.0974708021725053
2024,UF,41,19,male,80745.28405731,8066.56693621282,77162.9841488575,5962.18935230138,7374.81953471563,4,-3582.29990845249,-0.0443654381834846
2024,UF,42,14,combined,105568.62066766,6464.16066127974,104055.956655048,4917.58437807824,5871.01433839495,4,-1512.6640126125,-0.014328727637491
2024,UF,42,14,female,50734.31844643,4418.99451053769,52867.20384049,2543.34349268304,4157.04070122387,4,2132.88539406,0.0420402886916102
2024,UF,42,14,male,54834.30222123,4746.6403666786,51188.7528145575,2832.75963721182,4065.90812618827,4,-3645.5494066725,-0.0664830089742815
2024,UF,42,15,combined,94233.37909269,6141.68648810915,98097.4077479675,1709.72603953586,5603.07630790684,4,3864.02865527751,0.0410048826910554
2024,UF,42,15,female,45752.19980956,4372.55534996186,48170.788740355,1433.23229865397,3988.44924284879,4,2418.588930795,0.0528627900049001
2024,UF,42,15,male,48481.17928313,4420.94146364549,49926.6190076125,2675.62381768049,4043.54102595219,4,1445.4397244825,0.0298144505941396
2024,UF,42,16,combined,116181.57110667,6854.42521051337,103792.873451175,3904.02420575631,5829.63345204465,4,-12388.697655495,-0.106632209716983
2024,UF,42,16,female,54884.40102399,4694.45568026797,53253.02493486,2116.22901198183,4162.29847861306,4,-1631.37608913,-0.0297238570284646
2024,UF,42,16,male,61297.17008268,5036.87618615459,50539.848516315,3484.98746330167,4068.89292925617,4,-10757.321566365,-0.17549458730077
2024,UF,42,17,combined,91512.48117153,5774.16207313,97659.15780493,1810.31915285461,5691.66719369195,4,6146.6766334,0.0671676317231388
2024,UF,42,17,female,45440.18664289,4048.3596287389,47375.8093406325,1857.02757161772,3900.35714116573,4,1935.6226977425,0.0425971555300678
2024,UF,42,17,male,46072.29452864,4238.2079687657,50283.3484642975,817.679277374796,4157.61243949582,4,4211.0539356575,0.0914010031134822
2024,UF,42,18,combined,93428.57299958,6250.33589486538,107016.168058507,5303.26716561626,6148.19548161333,4,13587.5950589275,0.145432972191372
2024,UF,42,18,female,45282.74886937,4417.28257439878,50918.6533796925,3453.14864876731,4376.87279761292,4,5635.9045103225,0.124460300026855
2024,UF,42,18,male,48145.82413021,4419.65095529529,56097.514678815,4259.10629294532,4284.27201604987,4,7951.690548605,0.16515846788913
2024,UF,42,19,combined,104216.77862248,7078.64781213061,102609.450069773,3566.00616668284,6183.92311842784,4,-1607.32855270749,-0.0154229345212248
2024,UF,42,19,female,54943.69144347,5076.19595844641,54715.957591125,3135.82845018016,4545.51979946451,4,-227.733852345002,-0.00414485897037534
2024,UF,42,19,male,49273.08717901,4680.28339291132,47893.4924786475,1864.87611519481,4030.49827373376,4,-1379.5947003625,-0.027998949920682
2024,UF,43,14,combined,143645.15488652,10396.1397238442,131473.677720733,11944.2132403906,8857.47457200006,4,-12171.4771657875,-0.0847329460948614
2024,UF,43,14,female,73207.23648089,7352.37067614128,62958.272867415,11358.6839686748,6045.55148563592,4,-10248.963613475,-0.13999932392135
2024,UF,43,14,male,70437.91840563,7278.63218042537,68515.4048533175,4945.89842602919,6745.58883295805,4,-1922.51355231249,-0.0272937303632588
2024,UF,43,15,combined,139487.79963654,10256.1542249115,130269.056776715,9593.50382506633,8771.99230164031,4,-9218.742859825,-0.0660899582891554
2024,UF,43,15,female,72777.47345038,7585.05405588646,61742.8363529325,11492.334886218,6005.69900405939,4,-11034.6370974475,-0.151621601771748
2024,UF,43,15,male,66710.32618616,7172.70079878024,68526.2204237825,5138.84308377958,6434.94510015294,4,1815.8942376225,0.0272205869981076
2024,UF,43,16,combined,154399.13635162,12765.9717615891,145343.73851572,7427.03912786844,10179.2264879822,4,-9055.39783589999,-0.058649277773664
2024,UF,43,16,female,75127.69584746,7557.37396174943,76741.58976785,4435.87073794029,7086.21698158826,4,1613.89392039001,0.0214820100920821
2024,UF,43,16,male,79271.44050416,9124.86786510038,68602.14874787,5153.84341977479,7011.43452515089,4,-10669.29175629,-0.13459187430472
2024,UF,43,17,combined,121009.19857381,9481.23999213219,131034.964395998,7313.85926169412,8858.68031652524,4,10025.7658221875,0.0828512703195225
2024,UF,43,17,female,59580.11390226,5922.52560560614,69523.403426975,3853.89431263096,6332.9805206171,4,9943.289524715,0.166889401068061
2024,UF,43,17,male,61429.08467155,7101.39759838438,61511.5609690225,4771.25712919086,6305.45678015044,4,82.4762974725018,0.00134262618291461
2024,UF,43,18,combined,135630.53498376,9831.31351886431,143565.478420783,3350.2372917964,9514.97435404116,4,7934.94343702248,0.0585041077805421
2024,UF,43,18,female,65314.66060063,6915.15026331546,67546.2079158725,2951.85922495763,6305.54560326611,4,2231.5473152425,0.0341661013732799
2024,UF,43,18,male,70315.87438313,6778.06721676421,76019.27050491,3660.46961983125,6919.13429443582,4,5703.39612178001,0.0811110744453511
2024,UF,43,19,combined,136862.08458283,10626.784419286,130054.330811913,2978.50660875467,9333.93443351025,4,-6807.75377091749,-0.0497417074397796
2024,UF,43,19,female,69616.7330914,7263.80743905191,65098.9214162775,2135.01429094158,6496.84562240507,4,-4517.81167512251,-0.0648954852447768
2024,UF,43,19,male,67245.35149143,7538.12664029069,64955.409395635,1048.34847129969,6625.42527128741,4,-2289.94209579501,-0.0340535374565905
2024,UF,50,14,combined,47426.56737909,3924.71365797807,44608.4284297475,2658.3224288495,3662.03871390952,4,-2818.13894934249,-0.0594211030879918
2024,UF,50,14,female,22244.46699056,2502.20243473036,19463.06050208,1519.3356285768,2379.00557448187,4,-2781.40648848,-0.125038126994023
2024,UF,50,14,male,25182.10038853,3283.57930976166,25145.3679276675,1660.1288941883,2892.43250785433,4,-36.7324608625022,-0.00145867343453341
2024,UF,50,15,combined,38815.58726236,4518.63732621041,39523.21872132,2308.4939328937,3614.0519711903,4,707.631458960001,0.0182306003559091
2024,UF,50,15,female,18345.54106242,2965.62606668024,17638.3705606825,2138.04932483045,2343.73551681559,4,-707.170501737503,-0.0385472687521934
2024,UF,50,15,male,20470.04619994,3130.88885578781,21884.8481606375,1300.71694997567,2679.26579905624,4,1414.8019606975,0.0691157189817015
2024,UF,50,16,combined,45172.8722,4798.47164181095,44614.68171866,4006.5798165426,4219.28835738524,4,-558.190481340003,-0.0123567631225363
2024,UF,50,16,female,25668.23015252,2970.70226747326,22143.6616065025,2243.12862437582,2834.59706604769,4,-3524.5685460175,-0.137312488047466
2024,UF,50,16,male,19504.64204748,3772.36052212477,22471.0201121575,2520.22865833097,2993.07422338325,4,2966.3780646775,0.15208574745727
2024,UF,50,17,combined,46917.20583894,4227.73108920242,44954.804283825,4560.43934448493,4055.58648719263,4,-1962.401555115,-0.0418269059298127
2024,UF,50,17,female,25560.74061351,2913.00453015654,24080.216219685,2922.56758091962,2924.47241144063,4,-1480.524393825,-0.0579218112734369
2024,UF,50,17,male,21356.46522543,2911.5278700742,20874.58806414,3005.60725388752,2750.09421845382,4,-481.877161290002,-0.0225635261361609
2024,UF,50,18,combined,39890.61077945,4724.39561763158,40207.200839025,2055.27241894901,3799.56049638757,4,316.590059574999,0.00793645555655651
2024,UF,50,18,female,16359.79558906,2734.55688858436,19522.272161645,691.686203589895,2543.7191628897,4,3162.476572585,0.193307829267732
2024,UF,50,18,male,23530.81519039,3722.76569621586,20684.92867738,2014.04793451284,2731.19583646489,4,-2845.88651301,-0.120942963088345
2024,UF,50,19,combined,40041.11856003,3681.1345310722,36797.7888266325,3789.8238888604,3477.51019693291,4,-3243.3297333975,-0.0809999782732111
2024,UF,50,19,female,23713.36092748,3124.57792282607,20173.3621537775,3092.85769675094,2721.14551562853,4,-3539.9987737025,-0.149282878311872
2024,UF,50,19,male,16327.75763255,2416.07557503276,16624.426672855,1073.94652046914,2251.01413019151,4,296.669040305,0.0181696131815173
2024,UF,51,14,combined,56633.45471843,5098.52749150957,55476.7516286825,5292.38064882283,4940.884482858,4,-1156.70308974751,-0.0204243780553102
2024,UF,51,14,female,31358.69683041,3819.57195041409,29870.0895727125,3243.40880045769,3845.25537022209,4,-1488.6072576975,-0.0474703163128236
2024,UF,51,14,male,25274.75788802,3626.00473450486,25606.66205597,2559.90728082286,3225.56920621414,4,331.904167949997,0.0131318436133197
2024,UF,51,15,combined,55448.90592115,5337.51130809459,55017.9671143575,3303.66336453589,5373.31858563058,4,-430.938806792503,-0.00777181803019361
2024,UF,51,15,female,22458.45742284,3013.07575253177,26825.2066042125,4045.20432515861,3614.1466995431,4,4366.7491813725,0.194436737090036
2024,UF,51,15,male,32990.44849831,4654.4665199344,28192.760510145,1432.87390962546,4280.68367977099,4,-4797.687988165,-0.145426576677512
2024,UF,51,16,combined,60038.40849923,6329.83448253009,54853.091118565,2661.09595054659,5048.77155003072,4,-5185.31738066499,-0.086366669441804
2024,UF,51,16,female,30882.86901138,5059.77827150704,25745.0361314375,2098.37609515706,3316.98885551247,4,-5137.8328799425,-0.166365141724665
2024,UF,51,16,male,29155.53948785,3862.20440259121,29108.0549871275,2164.70025530024,3777.43230327747,4,-47.4845007225013,-0.00162866136441377
2024,UF,51,17,combined,58575.28328652,7826.20285283155,57176.5166947575,3463.58368957185,7083.83889555249,4,-1398.76659176251,-0.0238798092519751
2024,UF,51,17,female,26350.44009792,4720.28116266805,28141.4826728,2421.51868134656,5180.18273217615,4,1791.04257488,0.0679701199761509
2024,UF,51,17,male,32224.8431886,4817.10120140551,29035.0340219575,2417.88196338879,3848.61606909905,4,-3189.8091666425,-0.098986026028854
2024,UF,51,18,combined,58275.56075492,5449.65677238221,58483.902586645,6839.35706265692,6136.84584467183,4,208.341831724996,0.00357511500577721
2024,UF,51,18,female,30037.04043151,4017.82246952788,28896.14357963,1868.77976378516,4035.56055237908,4,-1140.89685188,-0.0379829981745856
2024,UF,51,18,male,28238.52032341,3734.74340264066,29587.759007015,5038.55895786113,4096.40931038421,4,1349.238683605,0.047780077289902
2024,UF,51,19,combined,44697.3090212,5500.29174927077,50230.6767884775,1954.01966652333,4684.21122656922,4,5533.3677672775,0.123796440735459
2024,UF,51,19,female,21838.84767881,3648.88686483024,23555.7005926175,1590.85267193088,3167.71995426975,4,1716.8529138075,0.0786146292633078
2024,UF,51,19,male,22858.46134239,3524.57599097444,26674.97619586,2406.02279611967,3213.63820231831,4,3816.51485347,0.1669628937969
2024,UF,52,14,combined,99705.89823018,9395.85231149254,103566.899028938,7335.39295294972,8462.81616927831,4,3861.00079875749,0.0387238956500249
2024,UF,52,14,female,48129.46428275,6655.63459012434,51096.919268375,9215.5373513047,5701.66265273343,4,2967.454985625,0.0616556828513997
2024,UF,52,14,male,51576.43394743,6543.38294161708,52469.9797605625,2945.16267852911,5708.35621962773,4,893.545813132499,0.0173246916225976
2024,UF,52,15,combined,94509.86495433,8985.10619849992,104937.44479404,4286.05661117574,8323.3871761401,4,10427.57983971,0.110333242405424
2024,UF,52,15,female,41433.55140507,6174.28072408747,51527.0353893075,4445.41458092025,6216.44388121058,4,10093.4839842375,0.243606537261549
2024,UF,52,15,male,53076.31354926,6234.66860910107,53410.4094047325,1802.6958661553,5642.1275885435,4,334.095855472508,0.00629463188249564
2024,UF,52,16,combined,101384.54302768,9335.29663433373,101766.295913475,3625.49530722119,8703.3594456342,4,381.752885795009,0.00376539533931502
2024,UF,52,16,female,51809.91390584,6821.61466644124,48294.94938209,5067.00400177767,5757.12097241611,4,-3514.96452375,-0.0678434735509915
2024,UF,52,16,male,49574.62912184,6301.96768331496,53471.346531385,4003.94020449392,6191.919554798,4,3896.717409545,0.0786030572204183
2024,UF,52,17,combined,102982.99002608,9064.33206884012,106506.46241444,6388.93779664143,8502.95493812557,4,3523.47238836,0.034214120093694
2024,UF,52,17,female,47209.99820372,6416.69113682882,56316.5450460425,4818.29598866421,6087.83141452311,4,9106.5468423225,0.19289445432779
2024,UF,52,17,male,55772.99182236,6919.02225702321,50189.9173683975,2380.48528407357,5686.39386512542,4,-5583.0744539625,-0.100103549613133
2024,UF,52,18,combined,109950.29112408,9051.53873313805,110046.425166913,3511.84537591295,8535.6436295171,4,96.1340428324911,0.000874340957624231
2024,UF,52,18,female,56474.02857653,6269.40851186205,55612.945039505,4033.5050151216,6064.13189459922,4,-861.083537024999,-0.0152474253870186
2024,UF,52,18,male,53476.26254755,6347.52332925122,54433.4801274075,6829.23097068949,5670.35954814518,4,957.217579857497,0.0178998593816529
2024,UF,52,19,combined,93671.15720405,8501.27206137885,100585.00471223,3568.26864138324,8222.91963190732,4,6913.84750818,0.0738097800277957
2024,UF,52,19,female,50835.59443783,6458.63065586181,54413.46647841,3270.82531822589,6437.62877173552,4,3577.87204058001,0.0703812374015928
2024,UF,52,19,male,42835.56276622,5826.22320012849,46171.53823382,2518.01317317693,5239.69213756651,4,3335.9754676,0.0778786422348755
2024,UF,53,14,combined,54068.02407507,5521.37462407917,46824.0674442975,3014.85293246611,4329.43113837841,4,-7243.9566307725,-0.133978571525283
2024,UF,53,14,female,26332.40804119,4168.99713535057,22159.0402790175,1556.36003495334,3126.17513530346,4,-4173.3677621725,-0.158487888978645
2024,UF,53,14,male,27735.61603388,3700.87490778968,24665.02716528,1493.67439944322,3031.9460897537,4,-3070.5888686,-0.110709236270403
2024,UF,53,15,combined,41770.68701081,3887.59013443854,39094.38580123,4749.01290172688,3692.36128120545,4,-2676.30120957999,-0.0640712758420129
2024,UF,53,15,female,21344.42375328,2973.62910470698,18525.675844955,4570.37160856161,2490.70733079139,4,-2818.747908325,-0.132060154956952
2024,UF,53,15,male,20426.26325753,3043.76033929148,20568.709956275,1489.22693611519,2799.28145275297,4,142.446698745,0.00697370326373756
2024,UF,53,16,combined,42153.65532388,4778.13779418337,38443.6686706075,2346.7818504336,3995.41904168909,4,-3709.9866532725,-0.0880110307105632
2024,UF,53,16,female,22830.83279584,3845.47855983831,19619.4851649375,2929.92100106705,2880.07062174598,4,-3211.3476309025,-0.140658365799413
2024,UF,53,16,male,19322.82252804,2919.67238025188,18824.18350567,1874.08818396878,2663.77183614923,4,-498.63902237,-0.0258057031598985
2024,UF,53,17,combined,45894.39911731,5237.15199205315,43519.3749397925,3206.4743204959,4364.74836677755,4,-2375.0241775175,-0.0517497608247738
2024,UF,53,17,female,22669.95389264,3547.7618897057,21657.8308003625,2985.5265570409,3073.62927263149,4,-1012.1230922775,-0.0446460145914145
2024,UF,53,17,male,23224.44522467,4176.54764480388,21861.54413943,5183.61102857035,3078.41268211859,4,-1362.90108524,-0.0586839027608835
2024,UF,53,18,combined,45874.59935099,4890.78348636133,40431.1087571075,3591.29249699889,4035.45278148142,4,-5443.4905938825,-0.118660231825328
2024,UF,53,18,female,26375.99807423,3765.41100673485,24341.8440629475,3415.73913042012,3257.86951506255,4,-2034.1540112825,-0.0771214042993853
2024,UF,53,18,male,19498.60127676,3148.81823930612,16089.26469416,2936.21030174609,2403.07632000123,4,-3409.3365826,-0.17485031537434
2024,UF,53,19,combined,32634.70325036,3962.83146250511,36709.237644385,1912.06247862414,3738.79406148174,4,4074.534394025,0.124852809684429
2024,UF,53,19,female,14245.89861172,2295.19995799467,20036.1583911525,989.798603705713,2722.20868153289,4,5790.2597794325,0.406451003004394
2024,UF,53,19,male,18388.80463864,3323.23828912498,16673.0792532325,2562.55199031699,2500.68984657856,4,-1715.7253854075,-0.0933027142940157
