year,cod_mun,distinct_place_names,place_names
2003,2109239,2,Presidente Médici (MA) || Presidente Médici (RO)
2003,4128625,2,Alto Paraíso (PR) || Alto Paraíso (RO)
2003,3109303,2,Buritis (MG) || Buritis (RO)
2003,3136603,2,Nova União (MG) || Nova União (RO)
2003,4306205,3,Cruzeiro do Sul (AC) || Cruzeiro do Sul (PR) || Cruzeiro do Sul (RS)
2003,5107206,2,Rio Branco (AC) || Rio Branco (MT)
2003,4309704,2,Humaitá (AM) || Humaitá (RS)
2003,4208401,2,Itapiranga (AM) || Itapiranga (SC)
2003,4112405,2,Japurá (AM) || Japurá (PR)
2003,3552700,2,Tabatinga (AM) || Tabatinga (SP)
2003,4300554,3,Alto Alegre (RR) || Alto Alegre (RS) || Alto Alegre (SP)
2003,3108107,2,Bonfim (MG) || Bonfim (RR)
2003,2700805,3,Belém (AL) || Belém (PA) || Belém (PB)
2003,1703305,2,Bom Jesus do Tocantins (PA) || Bom Jesus do Tocantins (TO)
2003,5002209,4,Bonito (BA) || Bonito (MS) || Bonito (PA) || Bonito (PE)
2003,4104501,2,Capanema (PA) || Capanema (PR)
2003,2407807,2,Monte Alegre (PA) || Monte Alegre (RN)
2003,1716307,2,Pau D'Arco (PA) || Pau D'Arco (TO)
2003,2611408,2,Primavera (PA) || Primavera (PE)
2003,2311603,2,Redenção (CE) || Redenção (PA)
2003,3305406,2,Sapucaia (PA) || Sapucaia (RJ)
2003,2928208,2,Santana (AP) || Santana (BA)
2003,4300604,2,Alvorada (RS) || Alvorada (TO)
2003,2100873,2,Araguanã (MA) || Araguanã (TO)
2003,4303103,3,Cachoeirinha (PE) || Cachoeirinha (RS) || Cachoeirinha (TO)
2003,2203701,2,Esperantina (PI) || Esperantina (TO)
2003,2910750,2,Fátima (BA) || Fátima (TO)
2003,2910859,2,Filadélfia (BA) || Filadélfia (TO)
2003,4311403,2,Lajeado (RS) || Lajeado (TO)
2003,3303104,2,Natividade (RJ) || Natividade (TO)
2003,2922508,2,Nazaré (BA) || Nazaré (TO)
2003,2510204,3,Nova Olinda (CE) || Nova Olinda (PB) || Nova Olinda (TO)
2003,3204302,2,Presidente Kennedy (ES) || Presidente Kennedy (TO)
2003,3154457,2,Riachinho (MG) || Riachinho (TO)
2003,4117602,2,Palmas (PR) || Palmas (TO)
2003,3300506,3,Bom Jardim (MA) || Bom Jardim (PE) || Bom Jardim (RJ)
2003,3511300,2,Cedral (MA) || Cedral (SP)
2003,4305587,2,Colinas (MA) || Colinas (RS)
2003,5206909,2,Davinópolis (GO) || Davinópolis (MA)
2003,4115903,2,Mirador (MA) || Mirador (PR)
2003,2925600,2,Presidente Dutra (BA) || Presidente Dutra (MA)
2003,3153202,2,Presidente Juscelino (MA) || Presidente Juscelino (MG)
2003,4215554,4,Santa Helena (MA) || Santa Helena (PB) || Santa Helena (PR) || Santa Helena (SC)
2003,4123600,3,Santa Inês (BA) || Santa Inês (MA) || Santa Inês (PR)
2003,3157807,4,Santa Luzia (BA) || Santa Luzia (MA) || Santa Luzia (MG) || Santa Luzia (PB)
2003,2513703,2,Santa Rita (MA) || Santa Rita (PB)
2003,2513901,2,São Bento (MA) || São Bento (PB)
2003,4216305,2,São João Batista (MA) || São João Batista (SC)
2003,3162708,2,São João do Paraíso (MA) || São João do Paraíso (MG)
2003,2413706,2,Sítio Novo (MA) || Sítio Novo (RN)
2003,3205101,2,Viana (ES) || Viana (MA)
2003,2700102,3,Água Branca (AL) || Água Branca (PB) || Água Branca (PI)
2003,2700706,2,Batalha (AL) || Batalha (PI)
2003,3506805,2,Bocaina (PI) || Bocaina (SP)
2003,4302303,4,Bom Jesus (PI) || Bom Jesus (RN) || Bom Jesus (RS) || Bom Jesus (SC)
2003,5002803,2,Caracol (MS) || Caracol (PI)
2003,2612554,2,Santa Filomena (PE) || Santa Filomena (PI)
2003,5108402,2,Várzea Grande (MT) || Várzea Grande (PI)
2003,4201901,2,Aurora (CE) || Aurora (SC)
2003,4104808,2,Cascavel (CE) || Cascavel (PR)
2003,2604304,2,Cedro (CE) || Cedro (PE)
2003,5209705,2,Hidrolândia (CE) || Hidrolândia (GO)
2003,4110052,2,Iguatu (CE) || Iguatu (PR)
2003,4310405,2,Independência (CE) || Independência (RS)
2003,5005004,2,Jardim (CE) || Jardim (MS)
2003,2921302,2,Milagres (BA) || Milagres (CE)
2003,5213806,2,Morrinhos (CE) || Morrinhos (GO)
2003,2804904,2,Pacatuba (CE) || Pacatuba (SE)
2003,2511004,2,Pedra Branca (CE) || Pedra Branca (PB)
2003,2412005,2,São Gonçalo do Amarante (CE) || São Gonçalo do Amarante (RN)
2003,2800506,2,Areia Branca (RN) || Areia Branca (SE)
2003,5002704,3,Campo Grande (AL) || Campo Grande (MS) || Campo Grande (RN)
2003,2501534,2,Baraúna (PB) || Baraúna (RN)
2003,2602506,2,Brejinho (PE) || Brejinho (RN)
2003,2504074,2,Caraúbas (PB) || Caraúbas (RN)
2003,2610400,2,Parnamirim (PE) || Parnamirim (RN)
2003,5210802,2,Itajá (GO) || Itajá (RN)
2003,2917904,2,Jandaíra (BA) || Jandaíra (RN)
2003,2703908,2,Jundiá (AL) || Jundiá (RN)
2003,3145901,3,Ouro Branco (AL) || Ouro Branco (MG) || Ouro Branco (RN)
2003,4316907,2,Santa Maria (RN) || Santa Maria (RS)
2003,5106372,2,Pedra Preta (MT) || Pedra Preta (RN)
2003,2511608,2,Pilões (PB) || Pilões (RN)
2003,2926400,2,Riacho de Santana (BA) || Riacho de Santana (RN)
2003,2805901,2,Riachuelo (RN) || Riachuelo (SE)
2003,2927200,2,Ruy Barbosa (BA) || Ruy Barbosa (RN)
2003,2612455,3,Santa Cruz (PB) || Santa Cruz (PE) || Santa Cruz (RN)
2003,3550407,2,São Pedro (RN) || São Pedro (SP)
2003,4126108,2,São Tomé (PR) || São Tomé (RN)
2003,3551009,2,São Vicente (RN) || São Vicente (SP)
2003,2930501,2,Serrinha (BA) || Serrinha (RN)
2003,4217907,2,Tangará (RN) || Tangará (SC)
2003,4322707,4,Vera Cruz (BA) || Vera Cruz (RN) || Vera Cruz (RS) || Vera Cruz (SP)
2003,3171303,3,Viçosa (AL) || Viçosa (MG) || Viçosa (RN)
2003,2600609,2,Alagoinha (PB) || Alagoinha (PE)
2003,4101705,2,Araruna (PB) || Araruna (PR)
2003,4303400,2,Caiçara (PB) || Caiçara (RS)
2003,2908606,2,Conde (BA) || Conde (PB)
2003,2802908,2,Itabaiana (PB) || Itabaiana (SE)
2003,3522802,2,Itaporanga (PB) || Itaporanga (SP)
2003,2610707,2,Paulista (PB) || Paulista (PE)
2003,2706901,2,Pilar (AL) || Pilar (PB)
2003,3152808,2,Prata (MG) || Prata (PB)
2003,2925808,2,Queimadas (BA) || Queimadas (PB)
2003,2611533,2,Quixaba (PB) || Quixaba (PE)
2003,4215505,2,Santa Cecília (PB) || Santa Cecília (SC)
2003,3547809,2,Santo André (PB) || Santo André (SP)
2003,5219803,5,São Domingos (BA) || São Domingos (GO) || São Domingos (PB) || São Domingos (SC) || São Domingos (SE)
2003,3551702,2,Sertãozinho (PB) || Sertãozinho (SP)
2003,4320800,2,Soledade (PB) || Soledade (RS)
2003,2931202,2,Taperoá (BA) || Taperoá (PB)
2003,4321352,2,Tavares (PB) || Tavares (RS)
2003,4322004,3,Triunfo (PB) || Triunfo (PE) || Triunfo (RS)
2003,2802205,2,Feira Nova (PE) || Feira Nova (SE)
2003,4107900,2,Floresta (PE) || Floresta (PR)
2003,4110300,2,Inajá (PE) || Inajá (PR)
2003,4111100,3,Itambé (BA) || Itambé (PE) || Itambé (PR)
2003,3137536,2,Lagoa Grande (MG) || Lagoa Grande (PE)
2003,4212700,2,Petrolândia (PE) || Petrolândia (SC)
2003,5107776,4,Santa Terezinha (BA) || Santa Terezinha (MT) || Santa Terezinha (PE) || Santa Terezinha (SC)
2003,4124806,2,São João (PE) || São João (PR)
2003,2931707,2,Terra Nova (BA) || Terra Nova (PE)
2003,5221403,2,Trindade (GO) || Trindade (PE)
2003,4102208,2,Atalaia (AL) || Atalaia (PR)
2003,3111002,2,Campestre (AL) || Campestre (MG)
2003,4203303,2,Campo Alegre (AL) || Campo Alegre (SC)
2003,2801306,2,Capela (AL) || Capela (SE)
2003,4210506,2,Maravilha (AL) || Maravilha (SC)
2003,3535002,2,Palestina (AL) || Palestina (SP)
2003,5217203,2,Piranhas (AL) || Piranhas (GO)
2003,3550704,2,São Sebastião (AL) || São Sebastião (SP)
2003,4119301,2,Pinhão (PR) || Pinhão (SE)
2003,4215604,2,Santa Rosa de Lima (SC) || Santa Rosa de Lima (SE)
2003,3549003,3,São Francisco (MG) || São Francisco (SE) || São Francisco (SP)
2003,5203203,2,Barro Alto (BA) || Barro Alto (GO)
2003,4202156,2,Belmonte (BA) || Belmonte (SC)
2003,3111804,2,Canápolis (BA) || Canápolis (MG)
2003,5102702,2,Canarana (BA) || Canarana (MT)
2003,3112000,2,Candeias (BA) || Candeias (MG)
2003,4205175,2,Entre Rios (BA) || Entre Rios (SC)
2003,3524204,2,Jaborandi (BA) || Jaborandi (SP)
2003,5212204,3,Jussara (BA) || Jussara (GO) || Jussara (PR)
2003,5214051,3,Mundo Novo (BA) || Mundo Novo (GO) || Mundo Novo (MS)
2003,4117008,2,Nova Fátima (BA) || Nova Fátima (PR)
2003,4211652,3,Novo Horizonte (BA) || Novo Horizonte (SC) || Novo Horizonte (SP)
2003,4314704,4,Planalto (BA) || Planalto (PR) || Planalto (RS) || Planalto (SP)
2003,3157203,2,Santa Bárbara (BA) || Santa Bárbara (MG)
2003,4318309,2,São Gabriel (BA) || São Gabriel (RS)
2003,4320701,2,Sobradinho (BA) || Sobradinho (RS)
2003,3554300,2,Teodoro Sampaio (BA) || Teodoro Sampaio (SP)
2003,3306107,2,Valença (BA) || Valença (RJ)
2003,5100201,2,Água Boa (MG) || Água Boa (MT)
2003,4201208,2,Antônio Carlos (MG) || Antônio Carlos (SC)
2003,4103008,3,Boa Esperança (ES) || Boa Esperança (MG) || Boa Esperança (PR)
2003,4103206,2,Bom Sucesso (MG) || Bom Sucesso (PR)
2003,5204250,2,Cachoeira Dourada (GO) || Cachoeira Dourada (MG)
2003,4104451,3,Cantagalo (MG) || Cantagalo (PR) || Cantagalo (RJ)
2003,5208103,2,Formoso (GO) || Formoso (MG)
2003,4206405,2,Guaraciaba (MG) || Guaraciaba (SC)
2003,4110409,2,Indianópolis (MG) || Indianópolis (PR)
2003,3522406,2,Itapeva (MG) || Itapeva (SP)
2003,4310900,2,Jacutinga (MG) || Jacutinga (RS)
2003,5212253,2,Lagoa Santa (GO) || Lagoa Santa (MG)
2003,4113254,2,Laranjal (MG) || Laranjal (PR)
2003,3302858,2,Mesquita (MG) || Mesquita (RJ)
2003,3541208,2,Presidente Bernardes (MG) || Presidente Bernardes (SP)
2003,4318200,2,São Francisco de Paula (MG) || São Francisco de Paula (RS)
2003,4126900,2,Tapira (MG) || Tapira (PR)
2003,3553500,2,Tapiraí (MG) || Tapiraí (SP)
2003,4127700,2,Toledo (MG) || Toledo (PR)
2003,3555307,2,Turmalina (MG) || Turmalina (SP)
2003,4219176,2,Vargem Bonita (MG) || Vargem Bonita (SC)
2003,4128500,2,Wenceslau Braz (MG) || Wenceslau Braz (PR)
2003,4200804,2,Anchieta (ES) || Anchieta (SC)
2003,3543907,2,Rio Claro (RJ) || Rio Claro (SP)
2003,4202099,2,Barra Bonita (SC) || Barra Bonita (SP)
2003,4103453,2,Cafelândia (PR) || Cafelândia (SP)
2003,5003751,2,Eldorado (MS) || Eldorado (SP)
2003,5207501,2,Estrela do Norte (GO) || Estrela do Norte (SP)
2003,4108809,2,Guaíra (PR) || Guaíra (SP)
2003,4109203,2,Guaraci (PR) || Guaraci (SP)
2003,4208955,2,Jardinópolis (SC) || Jardinópolis (SP)
2003,4211108,2,Monte Castelo (SC) || Monte Castelo (SP)
2003,4211850,2,Ouro Verde (SC) || Ouro Verde (SP)
2003,4117800,2,Palmital (PR) || Palmital (SP)
2003,4212239,2,Paraíso (SC) || Paraíso (SP)
2003,4212908,2,Pinhalzinho (SC) || Pinhalzinho (SP)
2003,4119657,2,Pitangueiras (PR) || Pitangueiras (SP)
2003,4213807,2,Praia Grande (SC) || Praia Grande (SP)
2003,4215356,2,Saltinho (SC) || Saltinho (SP)
2003,5219357,2,Santa Isabel (GO) || Santa Isabel (SP)
2003,4123824,2,Santa Lúcia (PR) || Santa Lúcia (SP)
2003,4216008,2,São Carlos (SC) || São Carlos (SP)
2003,5220405,2,São Simão (GO) || São Simão (SP)
2003,4127403,2,Terra Roxa (PR) || Terra Roxa (SP)
2003,4219150,2,Vargem (SC) || Vargem (SP)
2003,5001508,2,Bandeirantes (MS) || Bandeirantes (PR)
2003,4301800,2,Barracão (PR) || Barracão (RS)
2003,4204004,2,Catanduvas (PR) || Catanduvas (SC)
2003,4305603,2,Colorado (PR) || Colorado (RS)
2003,5003504,2,Douradina (MS) || Douradina (PR)
2003,5103908,2,General Carneiro (MT) || General Carneiro (PR)
2003,4207858,2,Irati (PR) || Irati (SC)
2003,5214804,2,Nova Aurora (GO) || Nova Aurora (PR)
2003,5106232,2,Nova Olímpia (MT) || Nova Olímpia (PR)
2003,4212056,2,Palmeira (PR) || Palmeira (SC)
2003,5007307,2,Rio Negro (MS) || Rio Negro (PR)
2003,4320107,2,Sarandi (PR) || Sarandi (RS)
2003,4320909,2,Tapejara (PR) || Tapejara (RS)
2003,4218806,2,Turvo (PR) || Turvo (SC)
2003,5215009,2,Nova Veneza (GO) || Nova Veneza (SC)
2003,4319109,2,São Martinho (RS) || São Martinho (SC)
2004,2109239,2,Presidente Médici (MA) || Presidente Médici (RO)
2004,4128625,2,Alto Paraíso (PR) || Alto Paraíso (RO)
2004,3109303,2,Buritis (MG) || Buritis (RO)
2004,3136603,2,Nova União (MG) || Nova União (RO)
2004,4306205,3,Cruzeiro do Sul (AC) || Cruzeiro do Sul (PR) || Cruzeiro do Sul (RS)
2004,5107206,2,Rio Branco (AC) || Rio Branco (MT)
2004,4309704,2,Humaitá (AM) || Humaitá (RS)
2004,4208401,2,Itapiranga (AM) || Itapiranga (SC)
2004,4112405,2,Japurá (AM) || Japurá (PR)
2004,3552700,2,Tabatinga (AM) || Tabatinga (SP)
2004,4300554,3,Alto Alegre (RR) || Alto Alegre (RS) || Alto Alegre (SP)
2004,3108107,2,Bonfim (MG) || Bonfim (RR)
2004,2700805,3,Belém (AL) || Belém (PA) || Belém (PB)
2004,1703305,2,Bom Jesus do Tocantins (PA) || Bom Jesus do Tocantins (TO)
2004,5002209,4,Bonito (BA) || Bonito (MS) || Bonito (PA) || Bonito (PE)
2004,4104501,2,Capanema (PA) || Capanema (PR)
2004,2407807,2,Monte Alegre (PA) || Monte Alegre (RN)
2004,1716307,2,Pau D'Arco (PA) || Pau D'Arco (TO)
2004,2611408,2,Primavera (PA) || Primavera (PE)
2004,2311603,2,Redenção (CE) || Redenção (PA)
2004,3305406,2,Sapucaia (PA) || Sapucaia (RJ)
2004,2928208,2,Santana (AP) || Santana (BA)
2004,4300604,2,Alvorada (RS) || Alvorada (TO)
2004,2100873,2,Araguanã (MA) || Araguanã (TO)
2004,4303103,3,Cachoeirinha (PE) || Cachoeirinha (RS) || Cachoeirinha (TO)
2004,2203701,2,Esperantina (PI) || Esperantina (TO)
2004,2910750,2,Fátima (BA) || Fátima (TO)
2004,2910859,2,Filadélfia (BA) || Filadélfia (TO)
2004,4311403,2,Lajeado (RS) || Lajeado (TO)
2004,3303104,2,Natividade (RJ) || Natividade (TO)
2004,2922508,2,Nazaré (BA) || Nazaré (TO)
2004,2510204,3,Nova Olinda (CE) || Nova Olinda (PB) || Nova Olinda (TO)
2004,3204302,2,Presidente Kennedy (ES) || Presidente Kennedy (TO)
2004,3154457,2,Riachinho (MG) || Riachinho (TO)
2004,4117602,2,Palmas (PR) || Palmas (TO)
2004,3300506,3,Bom Jardim (MA) || Bom Jardim (PE) || Bom Jardim (RJ)
2004,3511300,2,Cedral (MA) || Cedral (SP)
2004,4305587,2,Colinas (MA) || Colinas (RS)
2004,5206909,2,Davinópolis (GO) || Davinópolis (MA)
2004,4115903,2,Mirador (MA) || Mirador (PR)
2004,2925600,2,Presidente Dutra (BA) || Presidente Dutra (MA)
2004,3153202,2,Presidente Juscelino (MA) || Presidente Juscelino (MG)
2004,4215554,4,Santa Helena (MA) || Santa Helena (PB) || Santa Helena (PR) || Santa Helena (SC)
2004,4123600,3,Santa Inês (BA) || Santa Inês (MA) || Santa Inês (PR)
2004,3157807,4,Santa Luzia (BA) || Santa Luzia (MA) || Santa Luzia (MG) || Santa Luzia (PB)
2004,2513703,2,Santa Rita (MA) || Santa Rita (PB)
2004,2513901,2,São Bento (MA) || São Bento (PB)
2004,4216305,2,São João Batista (MA) || São João Batista (SC)
2004,3162708,2,São João do Paraíso (MA) || São João do Paraíso (MG)
2004,2413706,2,Sítio Novo (MA) || Sítio Novo (RN)
2004,3205101,2,Viana (ES) || Viana (MA)
2004,2700102,3,Água Branca (AL) || Água Branca (PB) || Água Branca (PI)
2004,2700706,2,Batalha (AL) || Batalha (PI)
2004,3506805,2,Bocaina (PI) || Bocaina (SP)
2004,4302303,4,Bom Jesus (PI) || Bom Jesus (RN) || Bom Jesus (RS) || Bom Jesus (SC)
2004,5002803,2,Caracol (MS) || Caracol (PI)
2004,2612554,2,Santa Filomena (PE) || Santa Filomena (PI)
2004,5108402,2,Várzea Grande (MT) || Várzea Grande (PI)
2004,4201901,2,Aurora (CE) || Aurora (SC)
2004,4104808,2,Cascavel (CE) || Cascavel (PR)
2004,2604304,2,Cedro (CE) || Cedro (PE)
2004,5209705,2,Hidrolândia (CE) || Hidrolândia (GO)
2004,4110052,2,Iguatu (CE) || Iguatu (PR)
2004,4310405,2,Independência (CE) || Independência (RS)
2004,5005004,2,Jardim (CE) || Jardim (MS)
2004,2921302,2,Milagres (BA) || Milagres (CE)
2004,5213806,2,Morrinhos (CE) || Morrinhos (GO)
2004,2804904,2,Pacatuba (CE) || Pacatuba (SE)
2004,2511004,2,Pedra Branca (CE) || Pedra Branca (PB)
2004,2412005,2,São Gonçalo do Amarante (CE) || São Gonçalo do Amarante (RN)
2004,2800506,2,Areia Branca (RN) || Areia Branca (SE)
2004,5002704,3,Campo Grande (AL) || Campo Grande (MS) || Campo Grande (RN)
2004,2501534,2,Baraúna (PB) || Baraúna (RN)
2004,2602506,2,Brejinho (PE) || Brejinho (RN)
2004,2504074,2,Caraúbas (PB) || Caraúbas (RN)
2004,2610400,2,Parnamirim (PE) || Parnamirim (RN)
2004,5210802,2,Itajá (GO) || Itajá (RN)
2004,2917904,2,Jandaíra (BA) || Jandaíra (RN)
2004,2703908,2,Jundiá (AL) || Jundiá (RN)
2004,3145901,3,Ouro Branco (AL) || Ouro Branco (MG) || Ouro Branco (RN)
2004,4316907,2,Santa Maria (RN) || Santa Maria (RS)
2004,5106372,2,Pedra Preta (MT) || Pedra Preta (RN)
2004,2511608,2,Pilões (PB) || Pilões (RN)
2004,2926400,2,Riacho de Santana (BA) || Riacho de Santana (RN)
2004,2805901,2,Riachuelo (RN) || Riachuelo (SE)
2004,2927200,2,Ruy Barbosa (BA) || Ruy Barbosa (RN)
2004,2612455,3,Santa Cruz (PB) || Santa Cruz (PE) || Santa Cruz (RN)
2004,3550407,2,São Pedro (RN) || São Pedro (SP)
2004,4126108,2,São Tomé (PR) || São Tomé (RN)
2004,3551009,2,São Vicente (RN) || São Vicente (SP)
2004,2930501,2,Serrinha (BA) || Serrinha (RN)
2004,4217907,2,Tangará (RN) || Tangará (SC)
2004,4322707,4,Vera Cruz (BA) || Vera Cruz (RN) || Vera Cruz (RS) || Vera Cruz (SP)
2004,3171303,3,Viçosa (AL) || Viçosa (MG) || Viçosa (RN)
2004,2600609,2,Alagoinha (PB) || Alagoinha (PE)
2004,4101705,2,Araruna (PB) || Araruna (PR)
2004,4303400,2,Caiçara (PB) || Caiçara (RS)
2004,2908606,2,Conde (BA) || Conde (PB)
2004,2802908,2,Itabaiana (PB) || Itabaiana (SE)
2004,3522802,2,Itaporanga (PB) || Itaporanga (SP)
2004,2610707,2,Paulista (PB) || Paulista (PE)
2004,2706901,2,Pilar (AL) || Pilar (PB)
2004,3152808,2,Prata (MG) || Prata (PB)
2004,2925808,2,Queimadas (BA) || Queimadas (PB)
2004,2611533,2,Quixaba (PB) || Quixaba (PE)
2004,4215505,2,Santa Cecília (PB) || Santa Cecília (SC)
2004,3547809,2,Santo André (PB) || Santo André (SP)
2004,5219803,5,São Domingos (BA) || São Domingos (GO) || São Domingos (PB) || São Domingos (SC) || São Domingos (SE)
2004,3551702,2,Sertãozinho (PB) || Sertãozinho (SP)
2004,4320800,2,Soledade (PB) || Soledade (RS)
2004,2931202,2,Taperoá (BA) || Taperoá (PB)
2004,4321352,2,Tavares (PB) || Tavares (RS)
2004,4322004,3,Triunfo (PB) || Triunfo (PE) || Triunfo (RS)
2004,2802205,2,Feira Nova (PE) || Feira Nova (SE)
2004,4107900,2,Floresta (PE) || Floresta (PR)
2004,4110300,2,Inajá (PE) || Inajá (PR)
2004,4111100,3,Itambé (BA) || Itambé (PE) || Itambé (PR)
2004,3137536,2,Lagoa Grande (MG) || Lagoa Grande (PE)
2004,4212700,2,Petrolândia (PE) || Petrolândia (SC)
2004,5107776,4,Santa Terezinha (BA) || Santa Terezinha (MT) || Santa Terezinha (PE) || Santa Terezinha (SC)
2004,4124806,2,São João (PE) || São João (PR)
2004,2931707,2,Terra Nova (BA) || Terra Nova (PE)
2004,5221403,2,Trindade (GO) || Trindade (PE)
2004,4102208,2,Atalaia (AL) || Atalaia (PR)
2004,3111002,2,Campestre (AL) || Campestre (MG)
2004,4203303,2,Campo Alegre (AL) || Campo Alegre (SC)
2004,2801306,2,Capela (AL) || Capela (SE)
2004,4210506,2,Maravilha (AL) || Maravilha (SC)
2004,3535002,2,Palestina (AL) || Palestina (SP)
2004,5217203,2,Piranhas (AL) || Piranhas (GO)
2004,3550704,2,São Sebastião (AL) || São Sebastião (SP)
2004,4119301,2,Pinhão (PR) || Pinhão (SE)
2004,4215604,2,Santa Rosa de Lima (SC) || Santa Rosa de Lima (SE)
2004,3549003,3,São Francisco (MG) || São Francisco (SE) || São Francisco (SP)
2004,5203203,2,Barro Alto (BA) || Barro Alto (GO)
2004,4202156,2,Belmonte (BA) || Belmonte (SC)
2004,3111804,2,Canápolis (BA) || Canápolis (MG)
2004,5102702,2,Canarana (BA) || Canarana (MT)
2004,3112000,2,Candeias (BA) || Candeias (MG)
2004,4205175,2,Entre Rios (BA) || Entre Rios (SC)
2004,3524204,2,Jaborandi (BA) || Jaborandi (SP)
2004,5212204,3,Jussara (BA) || Jussara (GO) || Jussara (PR)
2004,5214051,3,Mundo Novo (BA) || Mundo Novo (GO) || Mundo Novo (MS)
2004,4117008,2,Nova Fátima (BA) || Nova Fátima (PR)
2004,4211652,3,Novo Horizonte (BA) || Novo Horizonte (SC) || Novo Horizonte (SP)
2004,4314704,4,Planalto (BA) || Planalto (PR) || Planalto (RS) || Planalto (SP)
2004,3157203,2,Santa Bárbara (BA) || Santa Bárbara (MG)
2004,4318309,2,São Gabriel (BA) || São Gabriel (RS)
2004,4320701,2,Sobradinho (BA) || Sobradinho (RS)
2004,3554300,2,Teodoro Sampaio (BA) || Teodoro Sampaio (SP)
2004,3306107,2,Valença (BA) || Valença (RJ)
2004,5100201,2,Água Boa (MG) || Água Boa (MT)
2004,4201208,2,Antônio Carlos (MG) || Antônio Carlos (SC)
2004,4103008,3,Boa Esperança (ES) || Boa Esperança (MG) || Boa Esperança (PR)
2004,4103206,2,Bom Sucesso (MG) || Bom Sucesso (PR)
2004,5204250,2,Cachoeira Dourada (GO) || Cachoeira Dourada (MG)
2004,4104451,3,Cantagalo (MG) || Cantagalo (PR) || Cantagalo (RJ)
2004,5208103,2,Formoso (GO) || Formoso (MG)
2004,4206405,2,Guaraciaba (MG) || Guaraciaba (SC)
2004,4110409,2,Indianópolis (MG) || Indianópolis (PR)
2004,3522406,2,Itapeva (MG) || Itapeva (SP)
2004,4310900,2,Jacutinga (MG) || Jacutinga (RS)
2004,5212253,2,Lagoa Santa (GO) || Lagoa Santa (MG)
2004,4113254,2,Laranjal (MG) || Laranjal (PR)
2004,3302858,2,Mesquita (MG) || Mesquita (RJ)
2004,3541208,2,Presidente Bernardes (MG) || Presidente Bernardes (SP)
2004,4318200,2,São Francisco de Paula (MG) || São Francisco de Paula (RS)
2004,4126900,2,Tapira (MG) || Tapira (PR)
2004,3553500,2,Tapiraí (MG) || Tapiraí (SP)
2004,4127700,2,Toledo (MG) || Toledo (PR)
2004,3555307,2,Turmalina (MG) || Turmalina (SP)
2004,4219176,2,Vargem Bonita (MG) || Vargem Bonita (SC)
2004,4128500,2,Wenceslau Braz (MG) || Wenceslau Braz (PR)
2004,4200804,2,Anchieta (ES) || Anchieta (SC)
2004,3543907,2,Rio Claro (RJ) || Rio Claro (SP)
2004,4202099,2,Barra Bonita (SC) || Barra Bonita (SP)
2004,4103453,2,Cafelândia (PR) || Cafelândia (SP)
2004,5003751,2,Eldorado (MS) || Eldorado (SP)
2004,5207501,2,Estrela do Norte (GO) || Estrela do Norte (SP)
2004,4108809,2,Guaíra (PR) || Guaíra (SP)
2004,4109203,2,Guaraci (PR) || Guaraci (SP)
2004,4208955,2,Jardinópolis (SC) || Jardinópolis (SP)
2004,4211108,2,Monte Castelo (SC) || Monte Castelo (SP)
2004,4211850,2,Ouro Verde (SC) || Ouro Verde (SP)
2004,4117800,2,Palmital (PR) || Palmital (SP)
2004,4212239,2,Paraíso (SC) || Paraíso (SP)
2004,4212908,2,Pinhalzinho (SC) || Pinhalzinho (SP)
2004,4119657,2,Pitangueiras (PR) || Pitangueiras (SP)
2004,4213807,2,Praia Grande (SC) || Praia Grande (SP)
2004,4215356,2,Saltinho (SC) || Saltinho (SP)
2004,5219357,2,Santa Isabel (GO) || Santa Isabel (SP)
2004,4123824,2,Santa Lúcia (PR) || Santa Lúcia (SP)
2004,4216008,2,São Carlos (SC) || São Carlos (SP)
2004,5220405,2,São Simão (GO) || São Simão (SP)
2004,4127403,2,Terra Roxa (PR) || Terra Roxa (SP)
2004,4219150,2,Vargem (SC) || Vargem (SP)
2004,5001508,2,Bandeirantes (MS) || Bandeirantes (PR)
2004,4301800,2,Barracão (PR) || Barracão (RS)
2004,4204004,2,Catanduvas (PR) || Catanduvas (SC)
2004,4305603,2,Colorado (PR) || Colorado (RS)
2004,5003504,2,Douradina (MS) || Douradina (PR)
2004,5103908,2,General Carneiro (MT) || General Carneiro (PR)
2004,4207858,2,Irati (PR) || Irati (SC)
2004,5214804,2,Nova Aurora (GO) || Nova Aurora (PR)
2004,5106232,2,Nova Olímpia (MT) || Nova Olímpia (PR)
2004,4212056,2,Palmeira (PR) || Palmeira (SC)
2004,5007307,2,Rio Negro (MS) || Rio Negro (PR)
2004,4320107,2,Sarandi (PR) || Sarandi (RS)
2004,4320909,2,Tapejara (PR) || Tapejara (RS)
2004,4218806,2,Turvo (PR) || Turvo (SC)
2004,5215009,2,Nova Veneza (GO) || Nova Veneza (SC)
2004,4319109,2,São Martinho (RS) || São Martinho (SC)
2005,2109239,2,Presidente Médici (MA) || Presidente Médici (RO)
2005,4128625,2,Alto Paraíso (PR) || Alto Paraíso (RO)
2005,3109303,2,Buritis (MG) || Buritis (RO)
2005,3136603,2,Nova União (MG) || Nova União (RO)
2005,4306205,3,Cruzeiro do Sul (AC) || Cruzeiro do Sul (PR) || Cruzeiro do Sul (RS)
2005,5107206,2,Rio Branco (AC) || Rio Branco (MT)
2005,4309704,2,Humaitá (AM) || Humaitá (RS)
2005,4208401,2,Itapiranga (AM) || Itapiranga (SC)
2005,4112405,2,Japurá (AM) || Japurá (PR)
2005,3552700,2,Tabatinga (AM) || Tabatinga (SP)
2005,4300554,3,Alto Alegre (RR) || Alto Alegre (RS) || Alto Alegre (SP)
2005,3108107,2,Bonfim (MG) || Bonfim (RR)
2005,2700805,3,Belém (AL) || Belém (PA) || Belém (PB)
2005,1703305,2,Bom Jesus do Tocantins (PA) || Bom Jesus do Tocantins (TO)
2005,5002209,4,Bonito (BA) || Bonito (MS) || Bonito (PA) || Bonito (PE)
2005,4104501,2,Capanema (PA) || Capanema (PR)
2005,2407807,2,Monte Alegre (PA) || Monte Alegre (RN)
2005,1716307,2,Pau D'Arco (PA) || Pau D'Arco (TO)
2005,2611408,2,Primavera (PA) || Primavera (PE)
2005,2311603,2,Redenção (CE) || Redenção (PA)
2005,3305406,2,Sapucaia (PA) || Sapucaia (RJ)
2005,2928208,2,Santana (AP) || Santana (BA)
2005,4300604,2,Alvorada (RS) || Alvorada (TO)
2005,2100873,2,Araguanã (MA) || Araguanã (TO)
2005,4303103,3,Cachoeirinha (PE) || Cachoeirinha (RS) || Cachoeirinha (TO)
2005,2203701,2,Esperantina (PI) || Esperantina (TO)
2005,2910750,2,Fátima (BA) || Fátima (TO)
2005,2910859,2,Filadélfia (BA) || Filadélfia (TO)
2005,4311403,2,Lajeado (RS) || Lajeado (TO)
2005,3303104,2,Natividade (RJ) || Natividade (TO)
2005,2922508,2,Nazaré (BA) || Nazaré (TO)
2005,2510204,3,Nova Olinda (CE) || Nova Olinda (PB) || Nova Olinda (TO)
2005,3204302,2,Presidente Kennedy (ES) || Presidente Kennedy (TO)
2005,3154457,2,Riachinho (MG) || Riachinho (TO)
2005,4117602,2,Palmas (PR) || Palmas (TO)
2005,3300506,3,Bom Jardim (MA) || Bom Jardim (PE) || Bom Jardim (RJ)
2005,3511300,2,Cedral (MA) || Cedral (SP)
2005,4305587,2,Colinas (MA) || Colinas (RS)
2005,5206909,2,Davinópolis (GO) || Davinópolis (MA)
2005,4115903,2,Mirador (MA) || Mirador (PR)
2005,2925600,2,Presidente Dutra (BA) || Presidente Dutra (MA)
2005,3153202,2,Presidente Juscelino (MA) || Presidente Juscelino (MG)
2005,4215554,4,Santa Helena (MA) || Santa Helena (PB) || Santa Helena (PR) || Santa Helena (SC)
2005,4123600,3,Santa Inês (BA) || Santa Inês (MA) || Santa Inês (PR)
2005,3157807,4,Santa Luzia (BA) || Santa Luzia (MA) || Santa Luzia (MG) || Santa Luzia (PB)
2005,2513703,2,Santa Rita (MA) || Santa Rita (PB)
2005,2513901,2,São Bento (MA) || São Bento (PB)
2005,4216305,2,São João Batista (MA) || São João Batista (SC)
2005,3162708,2,São João do Paraíso (MA) || São João do Paraíso (MG)
2005,2413706,2,Sítio Novo (MA) || Sítio Novo (RN)
2005,3205101,2,Viana (ES) || Viana (MA)
2005,2700102,3,Água Branca (AL) || Água Branca (PB) || Água Branca (PI)
2005,2700706,2,Batalha (AL) || Batalha (PI)
2005,3506805,2,Bocaina (PI) || Bocaina (SP)
2005,4302303,4,Bom Jesus (PI) || Bom Jesus (RN) || Bom Jesus (RS) || Bom Jesus (SC)
2005,5002803,2,Caracol (MS) || Caracol (PI)
2005,2612554,2,Santa Filomena (PE) || Santa Filomena (PI)
2005,5108402,2,Várzea Grande (MT) || Várzea Grande (PI)
2005,4201901,2,Aurora (CE) || Aurora (SC)
2005,4104808,2,Cascavel (CE) || Cascavel (PR)
2005,2604304,2,Cedro (CE) || Cedro (PE)
2005,5209705,2,Hidrolândia (CE) || Hidrolândia (GO)
2005,4110052,2,Iguatu (CE) || Iguatu (PR)
2005,4310405,2,Independência (CE) || Independência (RS)
2005,5005004,2,Jardim (CE) || Jardim (MS)
2005,2921302,2,Milagres (BA) || Milagres (CE)
2005,5213806,2,Morrinhos (CE) || Morrinhos (GO)
2005,2804904,2,Pacatuba (CE) || Pacatuba (SE)
2005,2511004,2,Pedra Branca (CE) || Pedra Branca (PB)
2005,2412005,2,São Gonçalo do Amarante (CE) || São Gonçalo do Amarante (RN)
2005,2800506,2,Areia Branca (RN) || Areia Branca (SE)
2005,5002704,3,Campo Grande (AL) || Campo Grande (MS) || Campo Grande (RN)
2005,2501534,2,Baraúna (PB) || Baraúna (RN)
2005,2602506,2,Brejinho (PE) || Brejinho (RN)
2005,2504074,2,Caraúbas (PB) || Caraúbas (RN)
2005,2610400,2,Parnamirim (PE) || Parnamirim (RN)
2005,5210802,2,Itajá (GO) || Itajá (RN)
2005,2917904,2,Jandaíra (BA) || Jandaíra (RN)
2005,2703908,2,Jundiá (AL) || Jundiá (RN)
2005,3145901,3,Ouro Branco (AL) || Ouro Branco (MG) || Ouro Branco (RN)
2005,4316907,2,Santa Maria (RN) || Santa Maria (RS)
2005,5106372,2,Pedra Preta (MT) || Pedra Preta (RN)
2005,2511608,2,Pilões (PB) || Pilões (RN)
2005,2926400,2,Riacho de Santana (BA) || Riacho de Santana (RN)
2005,2805901,2,Riachuelo (RN) || Riachuelo (SE)
2005,2927200,2,Ruy Barbosa (BA) || Ruy Barbosa (RN)
2005,2612455,3,Santa Cruz (PB) || Santa Cruz (PE) || Santa Cruz (RN)
2005,3550407,2,São Pedro (RN) || São Pedro (SP)
2005,4126108,2,São Tomé (PR) || São Tomé (RN)
2005,3551009,2,São Vicente (RN) || São Vicente (SP)
2005,2930501,2,Serrinha (BA) || Serrinha (RN)
2005,4217907,2,Tangará (RN) || Tangará (SC)
2005,4322707,4,Vera Cruz (BA) || Vera Cruz (RN) || Vera Cruz (RS) || Vera Cruz (SP)
2005,3171303,3,Viçosa (AL) || Viçosa (MG) || Viçosa (RN)
2005,2600609,2,Alagoinha (PB) || Alagoinha (PE)
2005,4101705,2,Araruna (PB) || Araruna (PR)
2005,4303400,2,Caiçara (PB) || Caiçara (RS)
2005,2908606,2,Conde (BA) || Conde (PB)
2005,2802908,2,Itabaiana (PB) || Itabaiana (SE)
2005,3522802,2,Itaporanga (PB) || Itaporanga (SP)
2005,2610707,2,Paulista (PB) || Paulista (PE)
2005,2706901,2,Pilar (AL) || Pilar (PB)
2005,3152808,2,Prata (MG) || Prata (PB)
2005,2925808,2,Queimadas (BA) || Queimadas (PB)
2005,2611533,2,Quixaba (PB) || Quixaba (PE)
2005,4215505,2,Santa Cecília (PB) || Santa Cecília (SC)
2005,3547809,2,Santo André (PB) || Santo André (SP)
2005,5219803,5,São Domingos (BA) || São Domingos (GO) || São Domingos (PB) || São Domingos (SC) || São Domingos (SE)
2005,3551702,2,Sertãozinho (PB) || Sertãozinho (SP)
2005,4320800,2,Soledade (PB) || Soledade (RS)
2005,2931202,2,Taperoá (BA) || Taperoá (PB)
2005,4321352,2,Tavares (PB) || Tavares (RS)
2005,4322004,3,Triunfo (PB) || Triunfo (PE) || Triunfo (RS)
2005,2802205,2,Feira Nova (PE) || Feira Nova (SE)
2005,4107900,2,Floresta (PE) || Floresta (PR)
2005,4110300,2,Inajá (PE) || Inajá (PR)
2005,4111100,3,Itambé (BA) || Itambé (PE) || Itambé (PR)
2005,3137536,2,Lagoa Grande (MG) || Lagoa Grande (PE)
2005,4212700,2,Petrolândia (PE) || Petrolândia (SC)
2005,5107776,4,Santa Terezinha (BA) || Santa Terezinha (MT) || Santa Terezinha (PE) || Santa Terezinha (SC)
2005,4124806,2,São João (PE) || São João (PR)
2005,2931707,2,Terra Nova (BA) || Terra Nova (PE)
2005,5221403,2,Trindade (GO) || Trindade (PE)
2005,4102208,2,Atalaia (AL) || Atalaia (PR)
2005,3111002,2,Campestre (AL) || Campestre (MG)
2005,4203303,2,Campo Alegre (AL) || Campo Alegre (SC)
2005,2801306,2,Capela (AL) || Capela (SE)
2005,4210506,2,Maravilha (AL) || Maravilha (SC)
2005,3535002,2,Palestina (AL) || Palestina (SP)
2005,5217203,2,Piranhas (AL) || Piranhas (GO)
2005,3550704,2,São Sebastião (AL) || São Sebastião (SP)
2005,4119301,2,Pinhão (PR) || Pinhão (SE)
2005,4215604,2,Santa Rosa de Lima (SC) || Santa Rosa de Lima (SE)
2005,3549003,3,São Francisco (MG) || São Francisco (SE) || São Francisco (SP)
2005,5203203,2,Barro Alto (BA) || Barro Alto (GO)
2005,4202156,2,Belmonte (BA) || Belmonte (SC)
2005,3111804,2,Canápolis (BA) || Canápolis (MG)
2005,5102702,2,Canarana (BA) || Canarana (MT)
2005,3112000,2,Candeias (BA) || Candeias (MG)
2005,4205175,2,Entre Rios (BA) || Entre Rios (SC)
2005,3524204,2,Jaborandi (BA) || Jaborandi (SP)
2005,5212204,3,Jussara (BA) || Jussara (GO) || Jussara (PR)
2005,5214051,3,Mundo Novo (BA) || Mundo Novo (GO) || Mundo Novo (MS)
2005,4117008,2,Nova Fátima (BA) || Nova Fátima (PR)
2005,4211652,3,Novo Horizonte (BA) || Novo Horizonte (SC) || Novo Horizonte (SP)
2005,4314704,4,Planalto (BA) || Planalto (PR) || Planalto (RS) || Planalto (SP)
2005,3157203,2,Santa Bárbara (BA) || Santa Bárbara (MG)
2005,4318309,2,São Gabriel (BA) || São Gabriel (RS)
2005,4320701,2,Sobradinho (BA) || Sobradinho (RS)
2005,3554300,2,Teodoro Sampaio (BA) || Teodoro Sampaio (SP)
2005,3306107,2,Valença (BA) || Valença (RJ)
2005,5100201,2,Água Boa (MG) || Água Boa (MT)
2005,4201208,2,Antônio Carlos (MG) || Antônio Carlos (SC)
2005,4103008,3,Boa Esperança (ES) || Boa Esperança (MG) || Boa Esperança (PR)
2005,4103206,2,Bom Sucesso (MG) || Bom Sucesso (PR)
2005,5204250,2,Cachoeira Dourada (GO) || Cachoeira Dourada (MG)
2005,4104451,3,Cantagalo (MG) || Cantagalo (PR) || Cantagalo (RJ)
2005,5208103,2,Formoso (GO) || Formoso (MG)
2005,4206405,2,Guaraciaba (MG) || Guaraciaba (SC)
2005,4110409,2,Indianópolis (MG) || Indianópolis (PR)
2005,3522406,2,Itapeva (MG) || Itapeva (SP)
2005,4310900,2,Jacutinga (MG) || Jacutinga (RS)
2005,5212253,2,Lagoa Santa (GO) || Lagoa Santa (MG)
2005,4113254,2,Laranjal (MG) || Laranjal (PR)
2005,3302858,2,Mesquita (MG) || Mesquita (RJ)
2005,3541208,2,Presidente Bernardes (MG) || Presidente Bernardes (SP)
2005,4318200,2,São Francisco de Paula (MG) || São Francisco de Paula (RS)
2005,4126900,2,Tapira (MG) || Tapira (PR)
2005,3553500,2,Tapiraí (MG) || Tapiraí (SP)
2005,4127700,2,Toledo (MG) || Toledo (PR)
2005,3555307,2,Turmalina (MG) || Turmalina (SP)
2005,4219176,2,Vargem Bonita (MG) || Vargem Bonita (SC)
2005,4128500,2,Wenceslau Braz (MG) || Wenceslau Braz (PR)
2005,4200804,2,Anchieta (ES) || Anchieta (SC)
2005,3543907,2,Rio Claro (RJ) || Rio Claro (SP)
2005,4202099,2,Barra Bonita (SC) || Barra Bonita (SP)
2005,4103453,2,Cafelândia (PR) || Cafelândia (SP)
2005,5003751,2,Eldorado (MS) || Eldorado (SP)
2005,5207501,2,Estrela do Norte (GO) || Estrela do Norte (SP)
2005,4108809,2,Guaíra (PR) || Guaíra (SP)
2005,4109203,2,Guaraci (PR) || Guaraci (SP)
2005,4208955,2,Jardinópolis (SC) || Jardinópolis (SP)
2005,4211108,2,Monte Castelo (SC) || Monte Castelo (SP)
2005,4211850,2,Ouro Verde (SC) || Ouro Verde (SP)
2005,4117800,2,Palmital (PR) || Palmital (SP)
2005,4212239,2,Paraíso (SC) || Paraíso (SP)
2005,4212908,2,Pinhalzinho (SC) || Pinhalzinho (SP)
2005,4119657,2,Pitangueiras (PR) || Pitangueiras (SP)
2005,4213807,2,Praia Grande (SC) || Praia Grande (SP)
2005,4215356,2,Saltinho (SC) || Saltinho (SP)
2005,5219357,2,Santa Isabel (GO) || Santa Isabel (SP)
2005,4123824,2,Santa Lúcia (PR) || Santa Lúcia (SP)
2005,4216008,2,São Carlos (SC) || São Carlos (SP)
2005,5220405,2,São Simão (GO) || São Simão (SP)
2005,4127403,2,Terra Roxa (PR) || Terra Roxa (SP)
2005,4219150,2,Vargem (SC) || Vargem (SP)
2005,5001508,2,Bandeirantes (MS) || Bandeirantes (PR)
2005,4301800,2,Barracão (PR) || Barracão (RS)
2005,4204004,2,Catanduvas (PR) || Catanduvas (SC)
2005,4305603,2,Colorado (PR) || Colorado (RS)
2005,5003504,2,Douradina (MS) || Douradina (PR)
2005,5103908,2,General Carneiro (MT) || General Carneiro (PR)
2005,4207858,2,Irati (PR) || Irati (SC)
2005,5214804,2,Nova Aurora (GO) || Nova Aurora (PR)
2005,5106232,2,Nova Olímpia (MT) || Nova Olímpia (PR)
2005,4212056,2,Palmeira (PR) || Palmeira (SC)
2005,5007307,2,Rio Negro (MS) || Rio Negro (PR)
2005,4320107,2,Sarandi (PR) || Sarandi (RS)
2005,4320909,2,Tapejara (PR) || Tapejara (RS)
2005,4218806,2,Turvo (PR) || Turvo (SC)
2005,5215009,2,Nova Veneza (GO) || Nova Veneza (SC)
2005,4319109,2,São Martinho (RS) || São Martinho (SC)
2006,2109239,2,Presidente Médici (MA) || Presidente Médici (RO)
2006,4128625,2,Alto Paraíso (PR) || Alto Paraíso (RO)
2006,3109303,2,Buritis (MG) || Buritis (RO)
2006,3136603,2,Nova União (MG) || Nova União (RO)
2006,4306205,3,Cruzeiro do Sul (AC) || Cruzeiro do Sul (PR) || Cruzeiro do Sul (RS)
2006,5107206,2,Rio Branco (AC) || Rio Branco (MT)
2006,4309704,2,Humaitá (AM) || Humaitá (RS)
2006,4208401,2,Itapiranga (AM) || Itapiranga (SC)
2006,4112405,2,Japurá (AM) || Japurá (PR)
2006,3552700,2,Tabatinga (AM) || Tabatinga (SP)
2006,4300554,3,Alto Alegre (RR) || Alto Alegre (RS) || Alto Alegre (SP)
2006,3108107,2,Bonfim (MG) || Bonfim (RR)
2006,2700805,3,Belém (AL) || Belém (PA) || Belém (PB)
2006,1703305,2,Bom Jesus do Tocantins (PA) || Bom Jesus do Tocantins (TO)
2006,5002209,4,Bonito (BA) || Bonito (MS) || Bonito (PA) || Bonito (PE)
2006,4104501,2,Capanema (PA) || Capanema (PR)
2006,2407807,2,Monte Alegre (PA) || Monte Alegre (RN)
2006,1716307,2,Pau D'Arco (PA) || Pau D'Arco (TO)
2006,2611408,2,Primavera (PA) || Primavera (PE)
2006,2311603,2,Redenção (CE) || Redenção (PA)
2006,3305406,2,Sapucaia (PA) || Sapucaia (RJ)
2006,2928208,2,Santana (AP) || Santana (BA)
2006,4300604,2,Alvorada (RS) || Alvorada (TO)
2006,2100873,2,Araguanã (MA) || Araguanã (TO)
2006,4303103,3,Cachoeirinha (PE) || Cachoeirinha (RS) || Cachoeirinha (TO)
2006,2203701,2,Esperantina (PI) || Esperantina (TO)
2006,2910750,2,Fátima (BA) || Fátima (TO)
2006,2910859,2,Filadélfia (BA) || Filadélfia (TO)
2006,4311403,2,Lajeado (RS) || Lajeado (TO)
2006,3303104,2,Natividade (RJ) || Natividade (TO)
2006,2922508,2,Nazaré (BA) || Nazaré (TO)
2006,2510204,3,Nova Olinda (CE) || Nova Olinda (PB) || Nova Olinda (TO)
2006,3204302,2,Presidente Kennedy (ES) || Presidente Kennedy (TO)
2006,3154457,2,Riachinho (MG) || Riachinho (TO)
2006,4117602,2,Palmas (PR) || Palmas (TO)
2006,3300506,3,Bom Jardim (MA) || Bom Jardim (PE) || Bom Jardim (RJ)
2006,3511300,2,Cedral (MA) || Cedral (SP)
2006,4305587,2,Colinas (MA) || Colinas (RS)
2006,5206909,2,Davinópolis (GO) || Davinópolis (MA)
2006,4115903,2,Mirador (MA) || Mirador (PR)
2006,2925600,2,Presidente Dutra (BA) || Presidente Dutra (MA)
2006,3153202,2,Presidente Juscelino (MA) || Presidente Juscelino (MG)
2006,4215554,4,Santa Helena (MA) || Santa Helena (PB) || Santa Helena (PR) || Santa Helena (SC)
2006,4123600,3,Santa Inês (BA) || Santa Inês (MA) || Santa Inês (PR)
2006,3157807,4,Santa Luzia (BA) || Santa Luzia (MA) || Santa Luzia (MG) || Santa Luzia (PB)
2006,2513703,2,Santa Rita (MA) || Santa Rita (PB)
2006,2513901,2,São Bento (MA) || São Bento (PB)
2006,4216305,2,São João Batista (MA) || São João Batista (SC)
2006,3162708,2,São João do Paraíso (MA) || São João do Paraíso (MG)
2006,2413706,2,Sítio Novo (MA) || Sítio Novo (RN)
2006,3205101,2,Viana (ES) || Viana (MA)
2006,2700102,3,Água Branca (AL) || Água Branca (PB) || Água Branca (PI)
2006,2700706,2,Batalha (AL) || Batalha (PI)
2006,3506805,2,Bocaina (PI) || Bocaina (SP)
2006,4302303,4,Bom Jesus (PI) || Bom Jesus (RN) || Bom Jesus (RS) || Bom Jesus (SC)
2006,5002803,2,Caracol (MS) || Caracol (PI)
2006,2612554,2,Santa Filomena (PE) || Santa Filomena (PI)
2006,5108402,2,Várzea Grande (MT) || Várzea Grande (PI)
2006,4201901,2,Aurora (CE) || Aurora (SC)
2006,4104808,2,Cascavel (CE) || Cascavel (PR)
2006,2604304,2,Cedro (CE) || Cedro (PE)
2006,5209705,2,Hidrolândia (CE) || Hidrolândia (GO)
2006,4110052,2,Iguatu (CE) || Iguatu (PR)
2006,4310405,2,Independência (CE) || Independência (RS)
2006,5005004,2,Jardim (CE) || Jardim (MS)
2006,2921302,2,Milagres (BA) || Milagres (CE)
2006,5213806,2,Morrinhos (CE) || Morrinhos (GO)
2006,2804904,2,Pacatuba (CE) || Pacatuba (SE)
2006,2511004,2,Pedra Branca (CE) || Pedra Branca (PB)
2006,2412005,2,São Gonçalo do Amarante (CE) || São Gonçalo do Amarante (RN)
2006,2800506,2,Areia Branca (RN) || Areia Branca (SE)
2006,5002704,3,Campo Grande (AL) || Campo Grande (MS) || Campo Grande (RN)
2006,2501534,2,Baraúna (PB) || Baraúna (RN)
2006,2602506,2,Brejinho (PE) || Brejinho (RN)
2006,2504074,2,Caraúbas (PB) || Caraúbas (RN)
2006,2610400,2,Parnamirim (PE) || Parnamirim (RN)
2006,5210802,2,Itajá (GO) || Itajá (RN)
2006,2917904,2,Jandaíra (BA) || Jandaíra (RN)
2006,2703908,2,Jundiá (AL) || Jundiá (RN)
2006,3145901,3,Ouro Branco (AL) || Ouro Branco (MG) || Ouro Branco (RN)
2006,4316907,2,Santa Maria (RN) || Santa Maria (RS)
2006,5106372,2,Pedra Preta (MT) || Pedra Preta (RN)
2006,2511608,2,Pilões (PB) || Pilões (RN)
2006,2926400,2,Riacho de Santana (BA) || Riacho de Santana (RN)
2006,2805901,2,Riachuelo (RN) || Riachuelo (SE)
2006,2927200,2,Ruy Barbosa (BA) || Ruy Barbosa (RN)
2006,2612455,3,Santa Cruz (PB) || Santa Cruz (PE) || Santa Cruz (RN)
2006,3550407,2,São Pedro (RN) || São Pedro (SP)
2006,4126108,2,São Tomé (PR) || São Tomé (RN)
2006,3551009,2,São Vicente (RN) || São Vicente (SP)
2006,2930501,2,Serrinha (BA) || Serrinha (RN)
2006,4217907,2,Tangará (RN) || Tangará (SC)
2006,4322707,4,Vera Cruz (BA) || Vera Cruz (RN) || Vera Cruz (RS) || Vera Cruz (SP)
2006,3171303,3,Viçosa (AL) || Viçosa (MG) || Viçosa (RN)
2006,2600609,2,Alagoinha (PB) || Alagoinha (PE)
2006,4101705,2,Araruna (PB) || Araruna (PR)
2006,4303400,2,Caiçara (PB) || Caiçara (RS)
2006,2908606,2,Conde (BA) || Conde (PB)
2006,2802908,2,Itabaiana (PB) || Itabaiana (SE)
2006,3522802,2,Itaporanga (PB) || Itaporanga (SP)
2006,2610707,2,Paulista (PB) || Paulista (PE)
2006,2706901,2,Pilar (AL) || Pilar (PB)
2006,3152808,2,Prata (MG) || Prata (PB)
2006,2925808,2,Queimadas (BA) || Queimadas (PB)
2006,2611533,2,Quixaba (PB) || Quixaba (PE)
2006,4215505,2,Santa Cecília (PB) || Santa Cecília (SC)
2006,3547809,2,Santo André (PB) || Santo André (SP)
2006,5219803,5,São Domingos (BA) || São Domingos (GO) || São Domingos (PB) || São Domingos (SC) || São Domingos (SE)
2006,3551702,2,Sertãozinho (PB) || Sertãozinho (SP)
2006,4320800,2,Soledade (PB) || Soledade (RS)
2006,2931202,2,Taperoá (BA) || Taperoá (PB)
2006,4321352,2,Tavares (PB) || Tavares (RS)
2006,4322004,3,Triunfo (PB) || Triunfo (PE) || Triunfo (RS)
2006,2802205,2,Feira Nova (PE) || Feira Nova (SE)
2006,4107900,2,Floresta (PE) || Floresta (PR)
2006,4110300,2,Inajá (PE) || Inajá (PR)
2006,4111100,3,Itambé (BA) || Itambé (PE) || Itambé (PR)
2006,3137536,2,Lagoa Grande (MG) || Lagoa Grande (PE)
2006,4212700,2,Petrolândia (PE) || Petrolândia (SC)
2006,5107776,4,Santa Terezinha (BA) || Santa Terezinha (MT) || Santa Terezinha (PE) || Santa Terezinha (SC)
2006,4124806,2,São João (PE) || São João (PR)
2006,2931707,2,Terra Nova (BA) || Terra Nova (PE)
2006,5221403,2,Trindade (GO) || Trindade (PE)
2006,4102208,2,Atalaia (AL) || Atalaia (PR)
2006,3111002,2,Campestre (AL) || Campestre (MG)
2006,4203303,2,Campo Alegre (AL) || Campo Alegre (SC)
2006,2801306,2,Capela (AL) || Capela (SE)
2006,4210506,2,Maravilha (AL) || Maravilha (SC)
2006,3535002,2,Palestina (AL) || Palestina (SP)
2006,5217203,2,Piranhas (AL) || Piranhas (GO)
2006,3550704,2,São Sebastião (AL) || São Sebastião (SP)
2006,4119301,2,Pinhão (PR) || Pinhão (SE)
2006,4215604,2,Santa Rosa de Lima (SC) || Santa Rosa de Lima (SE)
2006,3549003,3,São Francisco (MG) || São Francisco (SE) || São Francisco (SP)
2006,5203203,2,Barro Alto (BA) || Barro Alto (GO)
2006,4202156,2,Belmonte (BA) || Belmonte (SC)
2006,3111804,2,Canápolis (BA) || Canápolis (MG)
2006,5102702,2,Canarana (BA) || Canarana (MT)
2006,3112000,2,Candeias (BA) || Candeias (MG)
2006,4205175,2,Entre Rios (BA) || Entre Rios (SC)
2006,3524204,2,Jaborandi (BA) || Jaborandi (SP)
2006,5212204,3,Jussara (BA) || Jussara (GO) || Jussara (PR)
2006,5214051,3,Mundo Novo (BA) || Mundo Novo (GO) || Mundo Novo (MS)
2006,4117008,2,Nova Fátima (BA) || Nova Fátima (PR)
2006,4211652,3,Novo Horizonte (BA) || Novo Horizonte (SC) || Novo Horizonte (SP)
2006,4314704,4,Planalto (BA) || Planalto (PR) || Planalto (RS) || Planalto (SP)
2006,3157203,2,Santa Bárbara (BA) || Santa Bárbara (MG)
2006,4318309,2,São Gabriel (BA) || São Gabriel (RS)
2006,4320701,2,Sobradinho (BA) || Sobradinho (RS)
2006,3554300,2,Teodoro Sampaio (BA) || Teodoro Sampaio (SP)
2006,3306107,2,Valença (BA) || Valença (RJ)
2006,5100201,2,Água Boa (MG) || Água Boa (MT)
2006,4201208,2,Antônio Carlos (MG) || Antônio Carlos (SC)
2006,4103008,3,Boa Esperança (ES) || Boa Esperança (MG) || Boa Esperança (PR)
2006,4103206,2,Bom Sucesso (MG) || Bom Sucesso (PR)
2006,5204250,2,Cachoeira Dourada (GO) || Cachoeira Dourada (MG)
2006,4104451,3,Cantagalo (MG) || Cantagalo (PR) || Cantagalo (RJ)
2006,5208103,2,Formoso (GO) || Formoso (MG)
2006,4206405,2,Guaraciaba (MG) || Guaraciaba (SC)
2006,4110409,2,Indianópolis (MG) || Indianópolis (PR)
2006,3522406,2,Itapeva (MG) || Itapeva (SP)
2006,4310900,2,Jacutinga (MG) || Jacutinga (RS)
2006,5212253,2,Lagoa Santa (GO) || Lagoa Santa (MG)
2006,4113254,2,Laranjal (MG) || Laranjal (PR)
2006,3302858,2,Mesquita (MG) || Mesquita (RJ)
2006,3541208,2,Presidente Bernardes (MG) || Presidente Bernardes (SP)
2006,4318200,2,São Francisco de Paula (MG) || São Francisco de Paula (RS)
2006,4126900,2,Tapira (MG) || Tapira (PR)
2006,3553500,2,Tapiraí (MG) || Tapiraí (SP)
2006,4127700,2,Toledo (MG) || Toledo (PR)
2006,3555307,2,Turmalina (MG) || Turmalina (SP)
2006,4219176,2,Vargem Bonita (MG) || Vargem Bonita (SC)
2006,4128500,2,Wenceslau Braz (MG) || Wenceslau Braz (PR)
2006,4200804,2,Anchieta (ES) || Anchieta (SC)
2006,3543907,2,Rio Claro (RJ) || Rio Claro (SP)
2006,4202099,2,Barra Bonita (SC) || Barra Bonita (SP)
2006,4103453,2,Cafelândia (PR) || Cafelândia (SP)
2006,5003751,2,Eldorado (MS) || Eldorado (SP)
2006,5207501,2,Estrela do Norte (GO) || Estrela do Norte (SP)
2006,4108809,2,Guaíra (PR) || Guaíra (SP)
2006,4109203,2,Guaraci (PR) || Guaraci (SP)
2006,4208955,2,Jardinópolis (SC) || Jardinópolis (SP)
2006,4211108,2,Monte Castelo (SC) || Monte Castelo (SP)
2006,4211850,2,Ouro Verde (SC) || Ouro Verde (SP)
2006,4117800,2,Palmital (PR) || Palmital (SP)
2006,4212239,2,Paraíso (SC) || Paraíso (SP)
2006,4212908,2,Pinhalzinho (SC) || Pinhalzinho (SP)
2006,4119657,2,Pitangueiras (PR) || Pitangueiras (SP)
2006,4213807,2,Praia Grande (SC) || Praia Grande (SP)
2006,4215356,2,Saltinho (SC) || Saltinho (SP)
2006,5219357,2,Santa Isabel (GO) || Santa Isabel (SP)
2006,4123824,2,Santa Lúcia (PR) || Santa Lúcia (SP)
2006,4216008,2,São Carlos (SC) || São Carlos (SP)
2006,5220405,2,São Simão (GO) || São Simão (SP)
2006,4127403,2,Terra Roxa (PR) || Terra Roxa (SP)
2006,4219150,2,Vargem (SC) || Vargem (SP)
2006,5001508,2,Bandeirantes (MS) || Bandeirantes (PR)
2006,4301800,2,Barracão (PR) || Barracão (RS)
2006,4204004,2,Catanduvas (PR) || Catanduvas (SC)
2006,4305603,2,Colorado (PR) || Colorado (RS)
2006,5003504,2,Douradina (MS) || Douradina (PR)
2006,5103908,2,General Carneiro (MT) || General Carneiro (PR)
2006,4207858,2,Irati (PR) || Irati (SC)
2006,5214804,2,Nova Aurora (GO) || Nova Aurora (PR)
2006,5106232,2,Nova Olímpia (MT) || Nova Olímpia (PR)
2006,4212056,2,Palmeira (PR) || Palmeira (SC)
2006,5007307,2,Rio Negro (MS) || Rio Negro (PR)
2006,4320107,2,Sarandi (PR) || Sarandi (RS)
2006,4320909,2,Tapejara (PR) || Tapejara (RS)
2006,4218806,2,Turvo (PR) || Turvo (SC)
2006,5215009,2,Nova Veneza (GO) || Nova Veneza (SC)
2006,4319109,2,São Martinho (RS) || São Martinho (SC)
2007,2109239,2,Presidente Médici (MA) || Presidente Médici (RO)
2007,4128625,2,Alto Paraíso (PR) || Alto Paraíso (RO)
2007,3109303,2,Buritis (MG) || Buritis (RO)
2007,3136603,2,Nova União (MG) || Nova União (RO)
2007,4306205,3,Cruzeiro do Sul (AC) || Cruzeiro do Sul (PR) || Cruzeiro do Sul (RS)
2007,5107206,2,Rio Branco (AC) || Rio Branco (MT)
2007,4309704,2,Humaitá (AM) || Humaitá (RS)
2007,4208401,2,Itapiranga (AM) || Itapiranga (SC)
2007,4112405,2,Japurá (AM) || Japurá (PR)
2007,3552700,2,Tabatinga (AM) || Tabatinga (SP)
2007,4300554,3,Alto Alegre (RR) || Alto Alegre (RS) || Alto Alegre (SP)
2007,3108107,2,Bonfim (MG) || Bonfim (RR)
2007,2700805,3,Belém (AL) || Belém (PA) || Belém (PB)
2007,1703305,2,Bom Jesus do Tocantins (PA) || Bom Jesus do Tocantins (TO)
2007,5002209,4,Bonito (BA) || Bonito (MS) || Bonito (PA) || Bonito (PE)
2007,4104501,2,Capanema (PA) || Capanema (PR)
2007,2407807,2,Monte Alegre (PA) || Monte Alegre (RN)
2007,1716307,2,Pau D'Arco (PA) || Pau D'Arco (TO)
2007,2611408,2,Primavera (PA) || Primavera (PE)
2007,2311603,2,Redenção (CE) || Redenção (PA)
2007,3305406,2,Sapucaia (PA) || Sapucaia (RJ)
2007,2928208,2,Santana (AP) || Santana (BA)
2007,4300604,2,Alvorada (RS) || Alvorada (TO)
2007,2100873,2,Araguanã (MA) || Araguanã (TO)
2007,4303103,3,Cachoeirinha (PE) || Cachoeirinha (RS) || Cachoeirinha (TO)
2007,2203701,2,Esperantina (PI) || Esperantina (TO)
2007,2910750,2,Fátima (BA) || Fátima (TO)
2007,2910859,2,Filadélfia (BA) || Filadélfia (TO)
2007,4311403,2,Lajeado (RS) || Lajeado (TO)
2007,3303104,2,Natividade (RJ) || Natividade (TO)
2007,2922508,2,Nazaré (BA) || Nazaré (TO)
2007,2510204,3,Nova Olinda (CE) || Nova Olinda (PB) || Nova Olinda (TO)
2007,3204302,2,Presidente Kennedy (ES) || Presidente Kennedy (TO)
2007,3154457,2,Riachinho (MG) || Riachinho (TO)
2007,4117602,2,Palmas (PR) || Palmas (TO)
2007,3300506,3,Bom Jardim (MA) || Bom Jardim (PE) || Bom Jardim (RJ)
2007,3511300,2,Cedral (MA) || Cedral (SP)
2007,4305587,2,Colinas (MA) || Colinas (RS)
2007,5206909,2,Davinópolis (GO) || Davinópolis (MA)
2007,4115903,2,Mirador (MA) || Mirador (PR)
2007,2925600,2,Presidente Dutra (BA) || Presidente Dutra (MA)
2007,3153202,2,Presidente Juscelino (MA) || Presidente Juscelino (MG)
2007,4215554,4,Santa Helena (MA) || Santa Helena (PB) || Santa Helena (PR) || Santa Helena (SC)
2007,4123600,3,Santa Inês (BA) || Santa Inês (MA) || Santa Inês (PR)
2007,3157807,4,Santa Luzia (BA) || Santa Luzia (MA) || Santa Luzia (MG) || Santa Luzia (PB)
2007,2513703,2,Santa Rita (MA) || Santa Rita (PB)
2007,2513901,2,São Bento (MA) || São Bento (PB)
2007,4216305,2,São João Batista (MA) || São João Batista (SC)
2007,3162708,2,São João do Paraíso (MA) || São João do Paraíso (MG)
2007,2413706,2,Sítio Novo (MA) || Sítio Novo (RN)
2007,3205101,2,Viana (ES) || Viana (MA)
2007,2700102,3,Água Branca (AL) || Água Branca (PB) || Água Branca (PI)
2007,2700706,2,Batalha (AL) || Batalha (PI)
2007,3506805,2,Bocaina (PI) || Bocaina (SP)
2007,4302303,4,Bom Jesus (PI) || Bom Jesus (RN) || Bom Jesus (RS) || Bom Jesus (SC)
2007,5002803,2,Caracol (MS) || Caracol (PI)
2007,2612554,2,Santa Filomena (PE) || Santa Filomena (PI)
2007,5108402,2,Várzea Grande (MT) || Várzea Grande (PI)
2007,4201901,2,Aurora (CE) || Aurora (SC)
2007,4104808,2,Cascavel (CE) || Cascavel (PR)
2007,2604304,2,Cedro (CE) || Cedro (PE)
2007,5209705,2,Hidrolândia (CE) || Hidrolândia (GO)
2007,4110052,2,Iguatu (CE) || Iguatu (PR)
2007,4310405,2,Independência (CE) || Independência (RS)
2007,5005004,2,Jardim (CE) || Jardim (MS)
2007,2921302,2,Milagres (BA) || Milagres (CE)
2007,5213806,2,Morrinhos (CE) || Morrinhos (GO)
2007,2804904,2,Pacatuba (CE) || Pacatuba (SE)
2007,2511004,2,Pedra Branca (CE) || Pedra Branca (PB)
2007,2412005,2,São Gonçalo do Amarante (CE) || São Gonçalo do Amarante (RN)
2007,2800506,2,Areia Branca (RN) || Areia Branca (SE)
2007,5002704,3,Campo Grande (AL) || Campo Grande (MS) || Campo Grande (RN)
2007,2501534,2,Baraúna (PB) || Baraúna (RN)
2007,2602506,2,Brejinho (PE) || Brejinho (RN)
2007,2504074,2,Caraúbas (PB) || Caraúbas (RN)
2007,2610400,2,Parnamirim (PE) || Parnamirim (RN)
2007,5210802,2,Itajá (GO) || Itajá (RN)
2007,2917904,2,Jandaíra (BA) || Jandaíra (RN)
2007,2703908,2,Jundiá (AL) || Jundiá (RN)
2007,3145901,3,Ouro Branco (AL) || Ouro Branco (MG) || Ouro Branco (RN)
2007,4316907,2,Santa Maria (RN) || Santa Maria (RS)
2007,5106372,2,Pedra Preta (MT) || Pedra Preta (RN)
2007,2511608,2,Pilões (PB) || Pilões (RN)
2007,2926400,2,Riacho de Santana (BA) || Riacho de Santana (RN)
2007,2805901,2,Riachuelo (RN) || Riachuelo (SE)
2007,2927200,2,Ruy Barbosa (BA) || Ruy Barbosa (RN)
2007,2612455,3,Santa Cruz (PB) || Santa Cruz (PE) || Santa Cruz (RN)
2007,3550407,2,São Pedro (RN) || São Pedro (SP)
2007,4126108,2,São Tomé (PR) || São Tomé (RN)
2007,3551009,2,São Vicente (RN) || São Vicente (SP)
2007,2930501,2,Serrinha (BA) || Serrinha (RN)
2007,4217907,2,Tangará (RN) || Tangará (SC)
2007,4322707,4,Vera Cruz (BA) || Vera Cruz (RN) || Vera Cruz (RS) || Vera Cruz (SP)
2007,3171303,3,Viçosa (AL) || Viçosa (MG) || Viçosa (RN)
2007,2600609,2,Alagoinha (PB) || Alagoinha (PE)
2007,4101705,2,Araruna (PB) || Araruna (PR)
2007,4303400,2,Caiçara (PB) || Caiçara (RS)
2007,2908606,2,Conde (BA) || Conde (PB)
2007,2802908,2,Itabaiana (PB) || Itabaiana (SE)
2007,3522802,2,Itaporanga (PB) || Itaporanga (SP)
2007,2610707,2,Paulista (PB) || Paulista (PE)
2007,2706901,2,Pilar (AL) || Pilar (PB)
2007,3152808,2,Prata (MG) || Prata (PB)
2007,2925808,2,Queimadas (BA) || Queimadas (PB)
2007,2611533,2,Quixaba (PB) || Quixaba (PE)
2007,4215505,2,Santa Cecília (PB) || Santa Cecília (SC)
2007,3547809,2,Santo André (PB) || Santo André (SP)
2007,5219803,5,São Domingos (BA) || São Domingos (GO) || São Domingos (PB) || São Domingos (SC) || São Domingos (SE)
2007,3551702,2,Sertãozinho (PB) || Sertãozinho (SP)
2007,4320800,2,Soledade (PB) || Soledade (RS)
2007,2931202,2,Taperoá (BA) || Taperoá (PB)
2007,4321352,2,Tavares (PB) || Tavares (RS)
2007,4322004,3,Triunfo (PB) || Triunfo (PE) || Triunfo (RS)
2007,2802205,2,Feira Nova (PE) || Feira Nova (SE)
2007,4107900,2,Floresta (PE) || Floresta (PR)
2007,4110300,2,Inajá (PE) || Inajá (PR)
2007,4111100,3,Itambé (BA) || Itambé (PE) || Itambé (PR)
2007,3137536,2,Lagoa Grande (MG) || Lagoa Grande (PE)
2007,4212700,2,Petrolândia (PE) || Petrolândia (SC)
2007,5107776,4,Santa Terezinha (BA) || Santa Terezinha (MT) || Santa Terezinha (PE) || Santa Terezinha (SC)
2007,4124806,2,São João (PE) || São João (PR)
2007,2931707,2,Terra Nova (BA) || Terra Nova (PE)
2007,5221403,2,Trindade (GO) || Trindade (PE)
2007,4102208,2,Atalaia (AL) || Atalaia (PR)
2007,3111002,2,Campestre (AL) || Campestre (MG)
2007,4203303,2,Campo Alegre (AL) || Campo Alegre (SC)
2007,2801306,2,Capela (AL) || Capela (SE)
2007,4210506,2,Maravilha (AL) || Maravilha (SC)
2007,3535002,2,Palestina (AL) || Palestina (SP)
2007,5217203,2,Piranhas (AL) || Piranhas (GO)
2007,3550704,2,São Sebastião (AL) || São Sebastião (SP)
2007,4119301,2,Pinhão (PR) || Pinhão (SE)
2007,4215604,2,Santa Rosa de Lima (SC) || Santa Rosa de Lima (SE)
2007,3549003,3,São Francisco (MG) || São Francisco (SE) || São Francisco (SP)
2007,5203203,2,Barro Alto (BA) || Barro Alto (GO)
2007,4202156,2,Belmonte (BA) || Belmonte (SC)
2007,3111804,2,Canápolis (BA) || Canápolis (MG)
2007,5102702,2,Canarana (BA) || Canarana (MT)
2007,3112000,2,Candeias (BA) || Candeias (MG)
2007,4205175,2,Entre Rios (BA) || Entre Rios (SC)
2007,3524204,2,Jaborandi (BA) || Jaborandi (SP)
2007,5212204,3,Jussara (BA) || Jussara (GO) || Jussara (PR)
2007,5214051,3,Mundo Novo (BA) || Mundo Novo (GO) || Mundo Novo (MS)
2007,4117008,2,Nova Fátima (BA) || Nova Fátima (PR)
2007,4211652,3,Novo Horizonte (BA) || Novo Horizonte (SC) || Novo Horizonte (SP)
2007,4314704,4,Planalto (BA) || Planalto (PR) || Planalto (RS) || Planalto (SP)
2007,3157203,2,Santa Bárbara (BA) || Santa Bárbara (MG)
2007,4318309,2,São Gabriel (BA) || São Gabriel (RS)
2007,4320701,2,Sobradinho (BA) || Sobradinho (RS)
2007,3554300,2,Teodoro Sampaio (BA) || Teodoro Sampaio (SP)
2007,3306107,2,Valença (BA) || Valença (RJ)
2007,5100201,2,Água Boa (MG) || Água Boa (MT)
2007,4201208,2,Antônio Carlos (MG) || Antônio Carlos (SC)
2007,4103008,3,Boa Esperança (ES) || Boa Esperança (MG) || Boa Esperança (PR)
2007,4103206,2,Bom Sucesso (MG) || Bom Sucesso (PR)
2007,5204250,2,Cachoeira Dourada (GO) || Cachoeira Dourada (MG)
2007,4104451,3,Cantagalo (MG) || Cantagalo (PR) || Cantagalo (RJ)
2007,5208103,2,Formoso (GO) || Formoso (MG)
2007,4206405,2,Guaraciaba (MG) || Guaraciaba (SC)
2007,4110409,2,Indianópolis (MG) || Indianópolis (PR)
2007,3522406,2,Itapeva (MG) || Itapeva (SP)
2007,4310900,2,Jacutinga (MG) || Jacutinga (RS)
2007,5212253,2,Lagoa Santa (GO) || Lagoa Santa (MG)
2007,4113254,2,Laranjal (MG) || Laranjal (PR)
2007,3302858,2,Mesquita (MG) || Mesquita (RJ)
2007,3541208,2,Presidente Bernardes (MG) || Presidente Bernardes (SP)
2007,4318200,2,São Francisco de Paula (MG) || São Francisco de Paula (RS)
2007,4126900,2,Tapira (MG) || Tapira (PR)
2007,3553500,2,Tapiraí (MG) || Tapiraí (SP)
2007,4127700,2,Toledo (MG) || Toledo (PR)
2007,3555307,2,Turmalina (MG) || Turmalina (SP)
2007,4219176,2,Vargem Bonita (MG) || Vargem Bonita (SC)
2007,4128500,2,Wenceslau Braz (MG) || Wenceslau Braz (PR)
2007,4200804,2,Anchieta (ES) || Anchieta (SC)
2007,3543907,2,Rio Claro (RJ) || Rio Claro (SP)
2007,4202099,2,Barra Bonita (SC) || Barra Bonita (SP)
2007,4103453,2,Cafelândia (PR) || Cafelândia (SP)
2007,5003751,2,Eldorado (MS) || Eldorado (SP)
2007,5207501,2,Estrela do Norte (GO) || Estrela do Norte (SP)
2007,4108809,2,Guaíra (PR) || Guaíra (SP)
2007,4109203,2,Guaraci (PR) || Guaraci (SP)
2007,4208955,2,Jardinópolis (SC) || Jardinópolis (SP)
2007,4211108,2,Monte Castelo (SC) || Monte Castelo (SP)
2007,4211850,2,Ouro Verde (SC) || Ouro Verde (SP)
2007,4117800,2,Palmital (PR) || Palmital (SP)
2007,4212239,2,Paraíso (SC) || Paraíso (SP)
2007,4212908,2,Pinhalzinho (SC) || Pinhalzinho (SP)
2007,4119657,2,Pitangueiras (PR) || Pitangueiras (SP)
2007,4213807,2,Praia Grande (SC) || Praia Grande (SP)
2007,4215356,2,Saltinho (SC) || Saltinho (SP)
2007,5219357,2,Santa Isabel (GO) || Santa Isabel (SP)
2007,4123824,2,Santa Lúcia (PR) || Santa Lúcia (SP)
2007,4216008,2,São Carlos (SC) || São Carlos (SP)
2007,5220405,2,São Simão (GO) || São Simão (SP)
2007,4127403,2,Terra Roxa (PR) || Terra Roxa (SP)
2007,4219150,2,Vargem (SC) || Vargem (SP)
2007,5001508,2,Bandeirantes (MS) || Bandeirantes (PR)
2007,4301800,2,Barracão (PR) || Barracão (RS)
2007,4204004,2,Catanduvas (PR) || Catanduvas (SC)
2007,4305603,2,Colorado (PR) || Colorado (RS)
2007,5003504,2,Douradina (MS) || Douradina (PR)
2007,5103908,2,General Carneiro (MT) || General Carneiro (PR)
2007,4207858,2,Irati (PR) || Irati (SC)
2007,5214804,2,Nova Aurora (GO) || Nova Aurora (PR)
2007,5106232,2,Nova Olímpia (MT) || Nova Olímpia (PR)
2007,4212056,2,Palmeira (PR) || Palmeira (SC)
2007,5007307,2,Rio Negro (MS) || Rio Negro (PR)
2007,4320107,2,Sarandi (PR) || Sarandi (RS)
2007,4320909,2,Tapejara (PR) || Tapejara (RS)
2007,4218806,2,Turvo (PR) || Turvo (SC)
2007,5215009,2,Nova Veneza (GO) || Nova Veneza (SC)
2007,4319109,2,São Martinho (RS) || São Martinho (SC)
2008,2109239,2,Presidente Médici (MA) || Presidente Médici (RO)
2008,4128625,2,Alto Paraíso (PR) || Alto Paraíso (RO)
2008,3109303,2,Buritis (MG) || Buritis (RO)
2008,3136603,2,Nova União (MG) || Nova União (RO)
2008,4306205,3,Cruzeiro do Sul (AC) || Cruzeiro do Sul (PR) || Cruzeiro do Sul (RS)
2008,5107206,2,Rio Branco (AC) || Rio Branco (MT)
2008,4309704,2,Humaitá (AM) || Humaitá (RS)
2008,4208401,2,Itapiranga (AM) || Itapiranga (SC)
2008,4112405,2,Japurá (AM) || Japurá (PR)
2008,3552700,2,Tabatinga (AM) || Tabatinga (SP)
2008,4300554,3,Alto Alegre (RR) || Alto Alegre (RS) || Alto Alegre (SP)
2008,3108107,2,Bonfim (MG) || Bonfim (RR)
2008,2700805,3,Belém (AL) || Belém (PA) || Belém (PB)
2008,1703305,2,Bom Jesus do Tocantins (PA) || Bom Jesus do Tocantins (TO)
2008,5002209,4,Bonito (BA) || Bonito (MS) || Bonito (PA) || Bonito (PE)
2008,4104501,2,Capanema (PA) || Capanema (PR)
2008,2407807,2,Monte Alegre (PA) || Monte Alegre (RN)
2008,1716307,2,Pau D'Arco (PA) || Pau D'Arco (TO)
2008,2611408,2,Primavera (PA) || Primavera (PE)
2008,2311603,2,Redenção (CE) || Redenção (PA)
2008,3305406,2,Sapucaia (PA) || Sapucaia (RJ)
2008,2928208,2,Santana (AP) || Santana (BA)
2008,4300604,2,Alvorada (RS) || Alvorada (TO)
2008,2100873,2,Araguanã (MA) || Araguanã (TO)
2008,4303103,3,Cachoeirinha (PE) || Cachoeirinha (RS) || Cachoeirinha (TO)
2008,2203701,2,Esperantina (PI) || Esperantina (TO)
2008,2910750,2,Fátima (BA) || Fátima (TO)
2008,2910859,2,Filadélfia (BA) || Filadélfia (TO)
2008,4311403,2,Lajeado (RS) || Lajeado (TO)
2008,3303104,2,Natividade (RJ) || Natividade (TO)
2008,2922508,2,Nazaré (BA) || Nazaré (TO)
2008,2510204,3,Nova Olinda (CE) || Nova Olinda (PB) || Nova Olinda (TO)
2008,3204302,2,Presidente Kennedy (ES) || Presidente Kennedy (TO)
2008,3154457,2,Riachinho (MG) || Riachinho (TO)
2008,4117602,2,Palmas (PR) || Palmas (TO)
2008,3300506,3,Bom Jardim (MA) || Bom Jardim (PE) || Bom Jardim (RJ)
2008,3511300,2,Cedral (MA) || Cedral (SP)
2008,4305587,2,Colinas (MA) || Colinas (RS)
2008,5206909,2,Davinópolis (GO) || Davinópolis (MA)
2008,4115903,2,Mirador (MA) || Mirador (PR)
2008,2925600,2,Presidente Dutra (BA) || Presidente Dutra (MA)
2008,3153202,2,Presidente Juscelino (MA) || Presidente Juscelino (MG)
2008,4215554,4,Santa Helena (MA) || Santa Helena (PB) || Santa Helena (PR) || Santa Helena (SC)
2008,4123600,3,Santa Inês (BA) || Santa Inês (MA) || Santa Inês (PR)
2008,3157807,4,Santa Luzia (BA) || Santa Luzia (MA) || Santa Luzia (MG) || Santa Luzia (PB)
2008,2513703,2,Santa Rita (MA) || Santa Rita (PB)
2008,2513901,2,São Bento (MA) || São Bento (PB)
2008,4216305,2,São João Batista (MA) || São João Batista (SC)
2008,3162708,2,São João do Paraíso (MA) || São João do Paraíso (MG)
2008,2413706,2,Sítio Novo (MA) || Sítio Novo (RN)
2008,3205101,2,Viana (ES) || Viana (MA)
2008,2700102,3,Água Branca (AL) || Água Branca (PB) || Água Branca (PI)
2008,2700706,2,Batalha (AL) || Batalha (PI)
2008,3506805,2,Bocaina (PI) || Bocaina (SP)
2008,4302303,4,Bom Jesus (PI) || Bom Jesus (RN) || Bom Jesus (RS) || Bom Jesus (SC)
2008,5002803,2,Caracol (MS) || Caracol (PI)
2008,2612554,2,Santa Filomena (PE) || Santa Filomena (PI)
2008,5108402,2,Várzea Grande (MT) || Várzea Grande (PI)
2008,4201901,2,Aurora (CE) || Aurora (SC)
2008,4104808,2,Cascavel (CE) || Cascavel (PR)
2008,2604304,2,Cedro (CE) || Cedro (PE)
2008,5209705,2,Hidrolândia (CE) || Hidrolândia (GO)
2008,4110052,2,Iguatu (CE) || Iguatu (PR)
2008,4310405,2,Independência (CE) || Independência (RS)
2008,5005004,2,Jardim (CE) || Jardim (MS)
2008,2921302,2,Milagres (BA) || Milagres (CE)
2008,5213806,2,Morrinhos (CE) || Morrinhos (GO)
2008,2804904,2,Pacatuba (CE) || Pacatuba (SE)
2008,2511004,2,Pedra Branca (CE) || Pedra Branca (PB)
2008,2412005,2,São Gonçalo do Amarante (CE) || São Gonçalo do Amarante (RN)
2008,2800506,2,Areia Branca (RN) || Areia Branca (SE)
2008,5002704,3,Campo Grande (AL) || Campo Grande (MS) || Campo Grande (RN)
2008,2501534,2,Baraúna (PB) || Baraúna (RN)
2008,2602506,2,Brejinho (PE) || Brejinho (RN)
2008,2504074,2,Caraúbas (PB) || Caraúbas (RN)
2008,2610400,2,Parnamirim (PE) || Parnamirim (RN)
2008,5210802,2,Itajá (GO) || Itajá (RN)
2008,2917904,2,Jandaíra (BA) || Jandaíra (RN)
2008,2703908,2,Jundiá (AL) || Jundiá (RN)
2008,3145901,3,Ouro Branco (AL) || Ouro Branco (MG) || Ouro Branco (RN)
2008,4316907,2,Santa Maria (RN) || Santa Maria (RS)
2008,5106372,2,Pedra Preta (MT) || Pedra Preta (RN)
2008,2511608,2,Pilões (PB) || Pilões (RN)
2008,2926400,2,Riacho de Santana (BA) || Riacho de Santana (RN)
2008,2805901,2,Riachuelo (RN) || Riachuelo (SE)
2008,2927200,2,Ruy Barbosa (BA) || Ruy Barbosa (RN)
2008,2612455,3,Santa Cruz (PB) || Santa Cruz (PE) || Santa Cruz (RN)
2008,3550407,2,São Pedro (RN) || São Pedro (SP)
2008,4126108,2,São Tomé (PR) || São Tomé (RN)
2008,3551009,2,São Vicente (RN) || São Vicente (SP)
2008,2930501,2,Serrinha (BA) || Serrinha (RN)
2008,4217907,2,Tangará (RN) || Tangará (SC)
2008,4322707,4,Vera Cruz (BA) || Vera Cruz (RN) || Vera Cruz (RS) || Vera Cruz (SP)
2008,3171303,3,Viçosa (AL) || Viçosa (MG) || Viçosa (RN)
2008,2600609,2,Alagoinha (PB) || Alagoinha (PE)
2008,4101705,2,Araruna (PB) || Araruna (PR)
2008,4303400,2,Caiçara (PB) || Caiçara (RS)
2008,2908606,2,Conde (BA) || Conde (PB)
2008,2802908,2,Itabaiana (PB) || Itabaiana (SE)
2008,3522802,2,Itaporanga (PB) || Itaporanga (SP)
2008,2610707,2,Paulista (PB) || Paulista (PE)
2008,2706901,2,Pilar (AL) || Pilar (PB)
2008,3152808,2,Prata (MG) || Prata (PB)
2008,2925808,2,Queimadas (BA) || Queimadas (PB)
2008,2611533,2,Quixaba (PB) || Quixaba (PE)
2008,4215505,2,Santa Cecília (PB) || Santa Cecília (SC)
2008,3547809,2,Santo André (PB) || Santo André (SP)
2008,5219803,5,São Domingos (BA) || São Domingos (GO) || São Domingos (PB) || São Domingos (SC) || São Domingos (SE)
2008,3551702,2,Sertãozinho (PB) || Sertãozinho (SP)
2008,4320800,2,Soledade (PB) || Soledade (RS)
2008,2931202,2,Taperoá (BA) || Taperoá (PB)
2008,4321352,2,Tavares (PB) || Tavares (RS)
2008,4322004,3,Triunfo (PB) || Triunfo (PE) || Triunfo (RS)
2008,2802205,2,Feira Nova (PE) || Feira Nova (SE)
2008,4107900,2,Floresta (PE) || Floresta (PR)
2008,4110300,2,Inajá (PE) || Inajá (PR)
2008,4111100,3,Itambé (BA) || Itambé (PE) || Itambé (PR)
2008,3137536,2,Lagoa Grande (MG) || Lagoa Grande (PE)
2008,4212700,2,Petrolândia (PE) || Petrolândia (SC)
2008,5107776,4,Santa Terezinha (BA) || Santa Terezinha (MT) || Santa Terezinha (PE) || Santa Terezinha (SC)
2008,4124806,2,São João (PE) || São João (PR)
2008,2931707,2,Terra Nova (BA) || Terra Nova (PE)
2008,5221403,2,Trindade (GO) || Trindade (PE)
2008,4102208,2,Atalaia (AL) || Atalaia (PR)
2008,3111002,2,Campestre (AL) || Campestre (MG)
2008,4203303,2,Campo Alegre (AL) || Campo Alegre (SC)
2008,2801306,2,Capela (AL) || Capela (SE)
2008,4210506,2,Maravilha (AL) || Maravilha (SC)
2008,3535002,2,Palestina (AL) || Palestina (SP)
2008,5217203,2,Piranhas (AL) || Piranhas (GO)
2008,3550704,2,São Sebastião (AL) || São Sebastião (SP)
2008,4119301,2,Pinhão (PR) || Pinhão (SE)
2008,4215604,2,Santa Rosa de Lima (SC) || Santa Rosa de Lima (SE)
2008,3549003,3,São Francisco (MG) || São Francisco (SE) || São Francisco (SP)
2008,5203203,2,Barro Alto (BA) || Barro Alto (GO)
2008,4202156,2,Belmonte (BA) || Belmonte (SC)
2008,3111804,2,Canápolis (BA) || Canápolis (MG)
2008,5102702,2,Canarana (BA) || Canarana (MT)
2008,3112000,2,Candeias (BA) || Candeias (MG)
2008,4205175,2,Entre Rios (BA) || Entre Rios (SC)
2008,3524204,2,Jaborandi (BA) || Jaborandi (SP)
2008,5212204,3,Jussara (BA) || Jussara (GO) || Jussara (PR)
2008,5214051,3,Mundo Novo (BA) || Mundo Novo (GO) || Mundo Novo (MS)
2008,4117008,2,Nova Fátima (BA) || Nova Fátima (PR)
2008,4211652,3,Novo Horizonte (BA) || Novo Horizonte (SC) || Novo Horizonte (SP)
2008,4314704,4,Planalto (BA) || Planalto (PR) || Planalto (RS) || Planalto (SP)
2008,3157203,2,Santa Bárbara (BA) || Santa Bárbara (MG)
2008,4318309,2,São Gabriel (BA) || São Gabriel (RS)
2008,4320701,2,Sobradinho (BA) || Sobradinho (RS)
2008,3554300,2,Teodoro Sampaio (BA) || Teodoro Sampaio (SP)
2008,3306107,2,Valença (BA) || Valença (RJ)
2008,5100201,2,Água Boa (MG) || Água Boa (MT)
2008,4201208,2,Antônio Carlos (MG) || Antônio Carlos (SC)
2008,4103008,3,Boa Esperança (ES) || Boa Esperança (MG) || Boa Esperança (PR)
2008,4103206,2,Bom Sucesso (MG) || Bom Sucesso (PR)
2008,5204250,2,Cachoeira Dourada (GO) || Cachoeira Dourada (MG)
2008,4104451,3,Cantagalo (MG) || Cantagalo (PR) || Cantagalo (RJ)
2008,5208103,2,Formoso (GO) || Formoso (MG)
2008,4206405,2,Guaraciaba (MG) || Guaraciaba (SC)
2008,4110409,2,Indianópolis (MG) || Indianópolis (PR)
2008,3522406,2,Itapeva (MG) || Itapeva (SP)
2008,4310900,2,Jacutinga (MG) || Jacutinga (RS)
2008,5212253,2,Lagoa Santa (GO) || Lagoa Santa (MG)
2008,4113254,2,Laranjal (MG) || Laranjal (PR)
2008,3302858,2,Mesquita (MG) || Mesquita (RJ)
2008,3541208,2,Presidente Bernardes (MG) || Presidente Bernardes (SP)
2008,4318200,2,São Francisco de Paula (MG) || São Francisco de Paula (RS)
2008,4126900,2,Tapira (MG) || Tapira (PR)
2008,3553500,2,Tapiraí (MG) || Tapiraí (SP)
2008,4127700,2,Toledo (MG) || Toledo (PR)
2008,3555307,2,Turmalina (MG) || Turmalina (SP)
2008,4219176,2,Vargem Bonita (MG) || Vargem Bonita (SC)
2008,4128500,2,Wenceslau Braz (MG) || Wenceslau Braz (PR)
2008,4200804,2,Anchieta (ES) || Anchieta (SC)
2008,3543907,2,Rio Claro (RJ) || Rio Claro (SP)
2008,4202099,2,Barra Bonita (SC) || Barra Bonita (SP)
2008,4103453,2,Cafelândia (PR) || Cafelândia (SP)
2008,5003751,2,Eldorado (MS) || Eldorado (SP)
2008,5207501,2,Estrela do Norte (GO) || Estrela do Norte (SP)
2008,4108809,2,Guaíra (PR) || Guaíra (SP)
2008,4109203,2,Guaraci (PR) || Guaraci (SP)
2008,4208955,2,Jardinópolis (SC) || Jardinópolis (SP)
2008,4211108,2,Monte Castelo (SC) || Monte Castelo (SP)
2008,4211850,2,Ouro Verde (SC) || Ouro Verde (SP)
2008,4117800,2,Palmital (PR) || Palmital (SP)
2008,4212239,2,Paraíso (SC) || Paraíso (SP)
2008,4212908,2,Pinhalzinho (SC) || Pinhalzinho (SP)
2008,4119657,2,Pitangueiras (PR) || Pitangueiras (SP)
2008,4213807,2,Praia Grande (SC) || Praia Grande (SP)
2008,4215356,2,Saltinho (SC) || Saltinho (SP)
2008,5219357,2,Santa Isabel (GO) || Santa Isabel (SP)
2008,4123824,2,Santa Lúcia (PR) || Santa Lúcia (SP)
2008,4216008,2,São Carlos (SC) || São Carlos (SP)
2008,5220405,2,São Simão (GO) || São Simão (SP)
2008,4127403,2,Terra Roxa (PR) || Terra Roxa (SP)
2008,4219150,2,Vargem (SC) || Vargem (SP)
2008,5001508,2,Bandeirantes (MS) || Bandeirantes (PR)
2008,4301800,2,Barracão (PR) || Barracão (RS)
2008,4204004,2,Catanduvas (PR) || Catanduvas (SC)
2008,4305603,2,Colorado (PR) || Colorado (RS)
2008,5003504,2,Douradina (MS) || Douradina (PR)
2008,5103908,2,General Carneiro (MT) || General Carneiro (PR)
2008,4207858,2,Irati (PR) || Irati (SC)
2008,5214804,2,Nova Aurora (GO) || Nova Aurora (PR)
2008,5106232,2,Nova Olímpia (MT) || Nova Olímpia (PR)
2008,4212056,2,Palmeira (PR) || Palmeira (SC)
2008,5007307,2,Rio Negro (MS) || Rio Negro (PR)
2008,4320107,2,Sarandi (PR) || Sarandi (RS)
2008,4320909,2,Tapejara (PR) || Tapejara (RS)
2008,4218806,2,Turvo (PR) || Turvo (SC)
2008,5215009,2,Nova Veneza (GO) || Nova Veneza (SC)
2008,4319109,2,São Martinho (RS) || São Martinho (SC)
2009,2109239,2,Presidente Médici (MA) || Presidente Médici (RO)
2009,4128625,2,Alto Paraíso (PR) || Alto Paraíso (RO)
2009,3109303,2,Buritis (MG) || Buritis (RO)
2009,3136603,2,Nova União (MG) || Nova União (RO)
2009,4306205,3,Cruzeiro do Sul (AC) || Cruzeiro do Sul (PR) || Cruzeiro do Sul (RS)
2009,5107206,2,Rio Branco (AC) || Rio Branco (MT)
2009,4309704,2,Humaitá (AM) || Humaitá (RS)
2009,4208401,2,Itapiranga (AM) || Itapiranga (SC)
2009,4112405,2,Japurá (AM) || Japurá (PR)
2009,3552700,2,Tabatinga (AM) || Tabatinga (SP)
2009,4300554,3,Alto Alegre (RR) || Alto Alegre (RS) || Alto Alegre (SP)
2009,3108107,2,Bonfim (MG) || Bonfim (RR)
2009,2700805,3,Belém (AL) || Belém (PA) || Belém (PB)
2009,1703305,2,Bom Jesus do Tocantins (PA) || Bom Jesus do Tocantins (TO)
2009,5002209,4,Bonito (BA) || Bonito (MS) || Bonito (PA) || Bonito (PE)
2009,4104501,2,Capanema (PA) || Capanema (PR)
2009,2407807,2,Monte Alegre (PA) || Monte Alegre (RN)
2009,1716307,2,Pau D'Arco (PA) || Pau D'Arco (TO)
2009,2611408,2,Primavera (PA) || Primavera (PE)
2009,2311603,2,Redenção (CE) || Redenção (PA)
2009,3305406,2,Sapucaia (PA) || Sapucaia (RJ)
2009,2928208,2,Santana (AP) || Santana (BA)
2009,4300604,2,Alvorada (RS) || Alvorada (TO)
2009,2100873,2,Araguanã (MA) || Araguanã (TO)
2009,4303103,3,Cachoeirinha (PE) || Cachoeirinha (RS) || Cachoeirinha (TO)
2009,2203701,2,Esperantina (PI) || Esperantina (TO)
2009,2910750,2,Fátima (BA) || Fátima (TO)
2009,2910859,2,Filadélfia (BA) || Filadélfia (TO)
2009,4311403,2,Lajeado (RS) || Lajeado (TO)
2009,3303104,2,Natividade (RJ) || Natividade (TO)
2009,2922508,2,Nazaré (BA) || Nazaré (TO)
2009,2510204,3,Nova Olinda (CE) || Nova Olinda (PB) || Nova Olinda (TO)
2009,3204302,2,Presidente Kennedy (ES) || Presidente Kennedy (TO)
2009,3154457,2,Riachinho (MG) || Riachinho (TO)
2009,4117602,2,Palmas (PR) || Palmas (TO)
2009,3300506,3,Bom Jardim (MA) || Bom Jardim (PE) || Bom Jardim (RJ)
2009,3511300,2,Cedral (MA) || Cedral (SP)
2009,4305587,2,Colinas (MA) || Colinas (RS)
2009,5206909,2,Davinópolis (GO) || Davinópolis (MA)
2009,4115903,2,Mirador (MA) || Mirador (PR)
2009,2925600,2,Presidente Dutra (BA) || Presidente Dutra (MA)
2009,3153202,2,Presidente Juscelino (MA) || Presidente Juscelino (MG)
2009,4215554,4,Santa Helena (MA) || Santa Helena (PB) || Santa Helena (PR) || Santa Helena (SC)
2009,4123600,3,Santa Inês (BA) || Santa Inês (MA) || Santa Inês (PR)
2009,3157807,4,Santa Luzia (BA) || Santa Luzia (MA) || Santa Luzia (MG) || Santa Luzia (PB)
2009,2513703,2,Santa Rita (MA) || Santa Rita (PB)
2009,2513901,2,São Bento (MA) || São Bento (PB)
2009,4216305,2,São João Batista (MA) || São João Batista (SC)
2009,3162708,2,São João do Paraíso (MA) || São João do Paraíso (MG)
2009,2413706,2,Sítio Novo (MA) || Sítio Novo (RN)
2009,3205101,2,Viana (ES) || Viana (MA)
2009,2700102,3,Água Branca (AL) || Água Branca (PB) || Água Branca (PI)
2009,2700706,2,Batalha (AL) || Batalha (PI)
2009,3506805,2,Bocaina (PI) || Bocaina (SP)
2009,4302303,4,Bom Jesus (PI) || Bom Jesus (RN) || Bom Jesus (RS) || Bom Jesus (SC)
2009,5002803,2,Caracol (MS) || Caracol (PI)
2009,2612554,2,Santa Filomena (PE) || Santa Filomena (PI)
2009,5108402,2,Várzea Grande (MT) || Várzea Grande (PI)
2009,4201901,2,Aurora (CE) || Aurora (SC)
2009,4104808,2,Cascavel (CE) || Cascavel (PR)
2009,2604304,2,Cedro (CE) || Cedro (PE)
2009,5209705,2,Hidrolândia (CE) || Hidrolândia (GO)
2009,4110052,2,Iguatu (CE) || Iguatu (PR)
2009,4310405,2,Independência (CE) || Independência (RS)
2009,5005004,2,Jardim (CE) || Jardim (MS)
2009,2921302,2,Milagres (BA) || Milagres (CE)
2009,5213806,2,Morrinhos (CE) || Morrinhos (GO)
2009,2804904,2,Pacatuba (CE) || Pacatuba (SE)
2009,2511004,2,Pedra Branca (CE) || Pedra Branca (PB)
2009,2412005,2,São Gonçalo do Amarante (CE) || São Gonçalo do Amarante (RN)
2009,2800506,2,Areia Branca (RN) || Areia Branca (SE)
2009,5002704,3,Campo Grande (AL) || Campo Grande (MS) || Campo Grande (RN)
2009,2501534,2,Baraúna (PB) || Baraúna (RN)
2009,2602506,2,Brejinho (PE) || Brejinho (RN)
2009,2504074,2,Caraúbas (PB) || Caraúbas (RN)
2009,2610400,2,Parnamirim (PE) || Parnamirim (RN)
2009,5210802,2,Itajá (GO) || Itajá (RN)
2009,2917904,2,Jandaíra (BA) || Jandaíra (RN)
2009,2703908,2,Jundiá (AL) || Jundiá (RN)
2009,3145901,3,Ouro Branco (AL) || Ouro Branco (MG) || Ouro Branco (RN)
2009,4316907,2,Santa Maria (RN) || Santa Maria (RS)
2009,5106372,2,Pedra Preta (MT) || Pedra Preta (RN)
2009,2511608,2,Pilões (PB) || Pilões (RN)
2009,2926400,2,Riacho de Santana (BA) || Riacho de Santana (RN)
2009,2805901,2,Riachuelo (RN) || Riachuelo (SE)
2009,2927200,2,Ruy Barbosa (BA) || Ruy Barbosa (RN)
2009,2612455,3,Santa Cruz (PB) || Santa Cruz (PE) || Santa Cruz (RN)
2009,3550407,2,São Pedro (RN) || São Pedro (SP)
2009,4126108,2,São Tomé (PR) || São Tomé (RN)
2009,3551009,2,São Vicente (RN) || São Vicente (SP)
2009,2930501,2,Serrinha (BA) || Serrinha (RN)
2009,4217907,2,Tangará (RN) || Tangará (SC)
2009,4322707,4,Vera Cruz (BA) || Vera Cruz (RN) || Vera Cruz (RS) || Vera Cruz (SP)
2009,3171303,3,Viçosa (AL) || Viçosa (MG) || Viçosa (RN)
2009,2600609,2,Alagoinha (PB) || Alagoinha (PE)
2009,4101705,2,Araruna (PB) || Araruna (PR)
2009,4303400,2,Caiçara (PB) || Caiçara (RS)
2009,2908606,2,Conde (BA) || Conde (PB)
2009,2802908,2,Itabaiana (PB) || Itabaiana (SE)
2009,3522802,2,Itaporanga (PB) || Itaporanga (SP)
2009,2610707,2,Paulista (PB) || Paulista (PE)
2009,2706901,2,Pilar (AL) || Pilar (PB)
2009,3152808,2,Prata (MG) || Prata (PB)
2009,2925808,2,Queimadas (BA) || Queimadas (PB)
2009,2611533,2,Quixaba (PB) || Quixaba (PE)
2009,4215505,2,Santa Cecília (PB) || Santa Cecília (SC)
2009,3547809,2,Santo André (PB) || Santo André (SP)
2009,5219803,5,São Domingos (BA) || São Domingos (GO) || São Domingos (PB) || São Domingos (SC) || São Domingos (SE)
2009,3551702,2,Sertãozinho (PB) || Sertãozinho (SP)
2009,4320800,2,Soledade (PB) || Soledade (RS)
2009,2931202,2,Taperoá (BA) || Taperoá (PB)
2009,4321352,2,Tavares (PB) || Tavares (RS)
2009,4322004,3,Triunfo (PB) || Triunfo (PE) || Triunfo (RS)
2009,2802205,2,Feira Nova (PE) || Feira Nova (SE)
2009,4107900,2,Floresta (PE) || Floresta (PR)
2009,4110300,2,Inajá (PE) || Inajá (PR)
2009,4111100,3,Itambé (BA) || Itambé (PE) || Itambé (PR)
2009,3137536,2,Lagoa Grande (MG) || Lagoa Grande (PE)
2009,4212700,2,Petrolândia (PE) || Petrolândia (SC)
2009,5107776,4,Santa Terezinha (BA) || Santa Terezinha (MT) || Santa Terezinha (PE) || Santa Terezinha (SC)
2009,4124806,2,São João (PE) || São João (PR)
2009,2931707,2,Terra Nova (BA) || Terra Nova (PE)
2009,5221403,2,Trindade (GO) || Trindade (PE)
2009,4102208,2,Atalaia (AL) || Atalaia (PR)
2009,3111002,2,Campestre (AL) || Campestre (MG)
2009,4203303,2,Campo Alegre (AL) || Campo Alegre (SC)
2009,2801306,2,Capela (AL) || Capela (SE)
2009,4210506,2,Maravilha (AL) || Maravilha (SC)
2009,3535002,2,Palestina (AL) || Palestina (SP)
2009,5217203,2,Piranhas (AL) || Piranhas (GO)
2009,3550704,2,São Sebastião (AL) || São Sebastião (SP)
2009,4119301,2,Pinhão (PR) || Pinhão (SE)
2009,4215604,2,Santa Rosa de Lima (SC) || Santa Rosa de Lima (SE)
2009,3549003,3,São Francisco (MG) || São Francisco (SE) || São Francisco (SP)
2009,5203203,2,Barro Alto (BA) || Barro Alto (GO)
2009,4202156,2,Belmonte (BA) || Belmonte (SC)
2009,3111804,2,Canápolis (BA) || Canápolis (MG)
2009,5102702,2,Canarana (BA) || Canarana (MT)
2009,3112000,2,Candeias (BA) || Candeias (MG)
2009,4205175,2,Entre Rios (BA) || Entre Rios (SC)
2009,3524204,2,Jaborandi (BA) || Jaborandi (SP)
2009,5212204,3,Jussara (BA) || Jussara (GO) || Jussara (PR)
2009,5214051,3,Mundo Novo (BA) || Mundo Novo (GO) || Mundo Novo (MS)
2009,4117008,2,Nova Fátima (BA) || Nova Fátima (PR)
2009,4211652,3,Novo Horizonte (BA) || Novo Horizonte (SC) || Novo Horizonte (SP)
2009,4314704,4,Planalto (BA) || Planalto (PR) || Planalto (RS) || Planalto (SP)
2009,3157203,2,Santa Bárbara (BA) || Santa Bárbara (MG)
2009,4318309,2,São Gabriel (BA) || São Gabriel (RS)
2009,4320701,2,Sobradinho (BA) || Sobradinho (RS)
2009,3554300,2,Teodoro Sampaio (BA) || Teodoro Sampaio (SP)
2009,3306107,2,Valença (BA) || Valença (RJ)
2009,5100201,2,Água Boa (MG) || Água Boa (MT)
2009,4201208,2,Antônio Carlos (MG) || Antônio Carlos (SC)
2009,4103008,3,Boa Esperança (ES) || Boa Esperança (MG) || Boa Esperança (PR)
2009,4103206,2,Bom Sucesso (MG) || Bom Sucesso (PR)
2009,5204250,2,Cachoeira Dourada (GO) || Cachoeira Dourada (MG)
2009,4104451,3,Cantagalo (MG) || Cantagalo (PR) || Cantagalo (RJ)
2009,5208103,2,Formoso (GO) || Formoso (MG)
2009,4206405,2,Guaraciaba (MG) || Guaraciaba (SC)
2009,4110409,2,Indianópolis (MG) || Indianópolis (PR)
2009,3522406,2,Itapeva (MG) || Itapeva (SP)
2009,4310900,2,Jacutinga (MG) || Jacutinga (RS)
2009,5212253,2,Lagoa Santa (GO) || Lagoa Santa (MG)
2009,4113254,2,Laranjal (MG) || Laranjal (PR)
2009,3302858,2,Mesquita (MG) || Mesquita (RJ)
2009,3541208,2,Presidente Bernardes (MG) || Presidente Bernardes (SP)
2009,4318200,2,São Francisco de Paula (MG) || São Francisco de Paula (RS)
2009,4126900,2,Tapira (MG) || Tapira (PR)
2009,3553500,2,Tapiraí (MG) || Tapiraí (SP)
2009,4127700,2,Toledo (MG) || Toledo (PR)
2009,3555307,2,Turmalina (MG) || Turmalina (SP)
2009,4219176,2,Vargem Bonita (MG) || Vargem Bonita (SC)
2009,4128500,2,Wenceslau Braz (MG) || Wenceslau Braz (PR)
2009,4200804,2,Anchieta (ES) || Anchieta (SC)
2009,3543907,2,Rio Claro (RJ) || Rio Claro (SP)
2009,4202099,2,Barra Bonita (SC) || Barra Bonita (SP)
2009,4103453,2,Cafelândia (PR) || Cafelândia (SP)
2009,5003751,2,Eldorado (MS) || Eldorado (SP)
2009,5207501,2,Estrela do Norte (GO) || Estrela do Norte (SP)
2009,4108809,2,Guaíra (PR) || Guaíra (SP)
2009,4109203,2,Guaraci (PR) || Guaraci (SP)
2009,4208955,2,Jardinópolis (SC) || Jardinópolis (SP)
2009,4211108,2,Monte Castelo (SC) || Monte Castelo (SP)
2009,4211850,2,Ouro Verde (SC) || Ouro Verde (SP)
2009,4117800,2,Palmital (PR) || Palmital (SP)
2009,4212239,2,Paraíso (SC) || Paraíso (SP)
2009,4212908,2,Pinhalzinho (SC) || Pinhalzinho (SP)
2009,4119657,2,Pitangueiras (PR) || Pitangueiras (SP)
2009,4213807,2,Praia Grande (SC) || Praia Grande (SP)
2009,4215356,2,Saltinho (SC) || Saltinho (SP)
2009,5219357,2,Santa Isabel (GO) || Santa Isabel (SP)
2009,4123824,2,Santa Lúcia (PR) || Santa Lúcia (SP)
2009,4216008,2,São Carlos (SC) || São Carlos (SP)
2009,5220405,2,São Simão (GO) || São Simão (SP)
2009,4127403,2,Terra Roxa (PR) || Terra Roxa (SP)
2009,4219150,2,Vargem (SC) || Vargem (SP)
2009,5001508,2,Bandeirantes (MS) || Bandeirantes (PR)
2009,4301800,2,Barracão (PR) || Barracão (RS)
2009,4204004,2,Catanduvas (PR) || Catanduvas (SC)
2009,4305603,2,Colorado (PR) || Colorado (RS)
2009,5003504,2,Douradina (MS) || Douradina (PR)
2009,5103908,2,General Carneiro (MT) || General Carneiro (PR)
2009,4207858,2,Irati (PR) || Irati (SC)
2009,5214804,2,Nova Aurora (GO) || Nova Aurora (PR)
2009,5106232,2,Nova Olímpia (MT) || Nova Olímpia (PR)
2009,4212056,2,Palmeira (PR) || Palmeira (SC)
2009,5007307,2,Rio Negro (MS) || Rio Negro (PR)
2009,4320107,2,Sarandi (PR) || Sarandi (RS)
2009,4320909,2,Tapejara (PR) || Tapejara (RS)
2009,4218806,2,Turvo (PR) || Turvo (SC)
2009,5215009,2,Nova Veneza (GO) || Nova Veneza (SC)
2009,4319109,2,São Martinho (RS) || São Martinho (SC)
2010,2109239,2,Presidente Médici (MA) || Presidente Médici (RO)
2010,4128625,2,Alto Paraíso (PR) || Alto Paraíso (RO)
2010,3109303,2,Buritis (MG) || Buritis (RO)
2010,3136603,2,Nova União (MG) || Nova União (RO)
2010,4306205,3,Cruzeiro do Sul (AC) || Cruzeiro do Sul (PR) || Cruzeiro do Sul (RS)
2010,5107206,2,Rio Branco (AC) || Rio Branco (MT)
2010,4309704,2,Humaitá (AM) || Humaitá (RS)
2010,4208401,2,Itapiranga (AM) || Itapiranga (SC)
2010,4112405,2,Japurá (AM) || Japurá (PR)
2010,3552700,2,Tabatinga (AM) || Tabatinga (SP)
2010,4300554,3,Alto Alegre (RR) || Alto Alegre (RS) || Alto Alegre (SP)
2010,3108107,2,Bonfim (MG) || Bonfim (RR)
2010,2700805,3,Belém (AL) || Belém (PA) || Belém (PB)
2010,1703305,2,Bom Jesus do Tocantins (PA) || Bom Jesus do Tocantins (TO)
2010,5002209,4,Bonito (BA) || Bonito (MS) || Bonito (PA) || Bonito (PE)
2010,4104501,2,Capanema (PA) || Capanema (PR)
2010,2407807,2,Monte Alegre (PA) || Monte Alegre (RN)
2010,1716307,2,Pau D'Arco (PA) || Pau D'Arco (TO)
2010,2611408,2,Primavera (PA) || Primavera (PE)
2010,2311603,2,Redenção (CE) || Redenção (PA)
2010,3305406,2,Sapucaia (PA) || Sapucaia (RJ)
2010,2928208,2,Santana (AP) || Santana (BA)
2010,4300604,2,Alvorada (RS) || Alvorada (TO)
2010,2100873,2,Araguanã (MA) || Araguanã (TO)
2010,4303103,3,Cachoeirinha (PE) || Cachoeirinha (RS) || Cachoeirinha (TO)
2010,2203701,2,Esperantina (PI) || Esperantina (TO)
2010,2910750,2,Fátima (BA) || Fátima (TO)
2010,2910859,2,Filadélfia (BA) || Filadélfia (TO)
2010,4311403,2,Lajeado (RS) || Lajeado (TO)
2010,3303104,2,Natividade (RJ) || Natividade (TO)
2010,2922508,2,Nazaré (BA) || Nazaré (TO)
2010,2510204,3,Nova Olinda (CE) || Nova Olinda (PB) || Nova Olinda (TO)
2010,3204302,2,Presidente Kennedy (ES) || Presidente Kennedy (TO)
2010,3154457,2,Riachinho (MG) || Riachinho (TO)
2010,4117602,2,Palmas (PR) || Palmas (TO)
2010,3300506,3,Bom Jardim (MA) || Bom Jardim (PE) || Bom Jardim (RJ)
2010,3511300,2,Cedral (MA) || Cedral (SP)
2010,4305587,2,Colinas (MA) || Colinas (RS)
2010,5206909,2,Davinópolis (GO) || Davinópolis (MA)
2010,4115903,2,Mirador (MA) || Mirador (PR)
2010,2925600,2,Presidente Dutra (BA) || Presidente Dutra (MA)
2010,3153202,2,Presidente Juscelino (MA) || Presidente Juscelino (MG)
2010,4215554,4,Santa Helena (MA) || Santa Helena (PB) || Santa Helena (PR) || Santa Helena (SC)
2010,4123600,3,Santa Inês (BA) || Santa Inês (MA) || Santa Inês (PR)
2010,3157807,4,Santa Luzia (BA) || Santa Luzia (MA) || Santa Luzia (MG) || Santa Luzia (PB)
2010,2513703,2,Santa Rita (MA) || Santa Rita (PB)
2010,2513901,2,São Bento (MA) || São Bento (PB)
2010,4216305,2,São João Batista (MA) || São João Batista (SC)
2010,3162708,2,São João do Paraíso (MA) || São João do Paraíso (MG)
2010,2413706,2,Sítio Novo (MA) || Sítio Novo (RN)
2010,3205101,2,Viana (ES) || Viana (MA)
2010,2700102,3,Água Branca (AL) || Água Branca (PB) || Água Branca (PI)
2010,2700706,2,Batalha (AL) || Batalha (PI)
2010,3506805,2,Bocaina (PI) || Bocaina (SP)
2010,4302303,4,Bom Jesus (PI) || Bom Jesus (RN) || Bom Jesus (RS) || Bom Jesus (SC)
2010,5002803,2,Caracol (MS) || Caracol (PI)
2010,2612554,2,Santa Filomena (PE) || Santa Filomena (PI)
2010,5108402,2,Várzea Grande (MT) || Várzea Grande (PI)
2010,4201901,2,Aurora (CE) || Aurora (SC)
2010,4104808,2,Cascavel (CE) || Cascavel (PR)
2010,2604304,2,Cedro (CE) || Cedro (PE)
2010,5209705,2,Hidrolândia (CE) || Hidrolândia (GO)
2010,4110052,2,Iguatu (CE) || Iguatu (PR)
2010,4310405,2,Independência (CE) || Independência (RS)
2010,5005004,2,Jardim (CE) || Jardim (MS)
2010,2921302,2,Milagres (BA) || Milagres (CE)
2010,5213806,2,Morrinhos (CE) || Morrinhos (GO)
2010,2804904,2,Pacatuba (CE) || Pacatuba (SE)
2010,2511004,2,Pedra Branca (CE) || Pedra Branca (PB)
2010,2412005,2,São Gonçalo do Amarante (CE) || São Gonçalo do Amarante (RN)
2010,2800506,2,Areia Branca (RN) || Areia Branca (SE)
2010,5002704,3,Campo Grande (AL) || Campo Grande (MS) || Campo Grande (RN)
2010,2501534,2,Baraúna (PB) || Baraúna (RN)
2010,2602506,2,Brejinho (PE) || Brejinho (RN)
2010,2504074,2,Caraúbas (PB) || Caraúbas (RN)
2010,2610400,2,Parnamirim (PE) || Parnamirim (RN)
2010,5210802,2,Itajá (GO) || Itajá (RN)
2010,2917904,2,Jandaíra (BA) || Jandaíra (RN)
2010,2703908,2,Jundiá (AL) || Jundiá (RN)
2010,3145901,3,Ouro Branco (AL) || Ouro Branco (MG) || Ouro Branco (RN)
2010,4316907,2,Santa Maria (RN) || Santa Maria (RS)
2010,5106372,2,Pedra Preta (MT) || Pedra Preta (RN)
2010,2511608,2,Pilões (PB) || Pilões (RN)
2010,2926400,2,Riacho de Santana (BA) || Riacho de Santana (RN)
2010,2805901,2,Riachuelo (RN) || Riachuelo (SE)
2010,2927200,2,Ruy Barbosa (BA) || Ruy Barbosa (RN)
2010,2612455,3,Santa Cruz (PB) || Santa Cruz (PE) || Santa Cruz (RN)
2010,3550407,2,São Pedro (RN) || São Pedro (SP)
2010,4126108,2,São Tomé (PR) || São Tomé (RN)
2010,3551009,2,São Vicente (RN) || São Vicente (SP)
2010,2930501,2,Serrinha (BA) || Serrinha (RN)
2010,4217907,2,Tangará (RN) || Tangará (SC)
2010,4322707,4,Vera Cruz (BA) || Vera Cruz (RN) || Vera Cruz (RS) || Vera Cruz (SP)
2010,3171303,3,Viçosa (AL) || Viçosa (MG) || Viçosa (RN)
2010,2600609,2,Alagoinha (PB) || Alagoinha (PE)
2010,4101705,2,Araruna (PB) || Araruna (PR)
2010,4303400,2,Caiçara (PB) || Caiçara (RS)
2010,2908606,2,Conde (BA) || Conde (PB)
2010,2802908,2,Itabaiana (PB) || Itabaiana (SE)
2010,3522802,2,Itaporanga (PB) || Itaporanga (SP)
2010,2610707,2,Paulista (PB) || Paulista (PE)
2010,2706901,2,Pilar (AL) || Pilar (PB)
2010,3152808,2,Prata (MG) || Prata (PB)
2010,2925808,2,Queimadas (BA) || Queimadas (PB)
2010,2611533,2,Quixaba (PB) || Quixaba (PE)
2010,4215505,2,Santa Cecília (PB) || Santa Cecília (SC)
2010,3547809,2,Santo André (PB) || Santo André (SP)
2010,5219803,5,São Domingos (BA) || São Domingos (GO) || São Domingos (PB) || São Domingos (SC) || São Domingos (SE)
2010,3551702,2,Sertãozinho (PB) || Sertãozinho (SP)
2010,4320800,2,Soledade (PB) || Soledade (RS)
2010,2931202,2,Taperoá (BA) || Taperoá (PB)
2010,4321352,2,Tavares (PB) || Tavares (RS)
2010,4322004,3,Triunfo (PB) || Triunfo (PE) || Triunfo (RS)
2010,2802205,2,Feira Nova (PE) || Feira Nova (SE)
2010,4107900,2,Floresta (PE) || Floresta (PR)
2010,4110300,2,Inajá (PE) || Inajá (PR)
2010,4111100,3,Itambé (BA) || Itambé (PE) || Itambé (PR)
2010,3137536,2,Lagoa Grande (MG) || Lagoa Grande (PE)
2010,4212700,2,Petrolândia (PE) || Petrolândia (SC)
2010,5107776,4,Santa Terezinha (BA) || Santa Terezinha (MT) || Santa Terezinha (PE) || Santa Terezinha (SC)
2010,4124806,2,São João (PE) || São João (PR)
2010,2931707,2,Terra Nova (BA) || Terra Nova (PE)
2010,5221403,2,Trindade (GO) || Trindade (PE)
2010,4102208,2,Atalaia (AL) || Atalaia (PR)
2010,3111002,2,Campestre (AL) || Campestre (MG)
2010,4203303,2,Campo Alegre (AL) || Campo Alegre (SC)
2010,2801306,2,Capela (AL) || Capela (SE)
2010,4210506,2,Maravilha (AL) || Maravilha (SC)
2010,3535002,2,Palestina (AL) || Palestina (SP)
2010,5217203,2,Piranhas (AL) || Piranhas (GO)
2010,3550704,2,São Sebastião (AL) || São Sebastião (SP)
2010,4119301,2,Pinhão (PR) || Pinhão (SE)
2010,4215604,2,Santa Rosa de Lima (SC) || Santa Rosa de Lima (SE)
2010,3549003,3,São Francisco (MG) || São Francisco (SE) || São Francisco (SP)
2010,5203203,2,Barro Alto (BA) || Barro Alto (GO)
2010,4202156,2,Belmonte (BA) || Belmonte (SC)
2010,3111804,2,Canápolis (BA) || Canápolis (MG)
2010,5102702,2,Canarana (BA) || Canarana (MT)
2010,3112000,2,Candeias (BA) || Candeias (MG)
2010,4205175,2,Entre Rios (BA) || Entre Rios (SC)
2010,3524204,2,Jaborandi (BA) || Jaborandi (SP)
2010,5212204,3,Jussara (BA) || Jussara (GO) || Jussara (PR)
2010,5214051,3,Mundo Novo (BA) || Mundo Novo (GO) || Mundo Novo (MS)
2010,4117008,2,Nova Fátima (BA) || Nova Fátima (PR)
2010,4211652,3,Novo Horizonte (BA) || Novo Horizonte (SC) || Novo Horizonte (SP)
2010,4314704,4,Planalto (BA) || Planalto (PR) || Planalto (RS) || Planalto (SP)
2010,3157203,2,Santa Bárbara (BA) || Santa Bárbara (MG)
2010,4318309,2,São Gabriel (BA) || São Gabriel (RS)
2010,4320701,2,Sobradinho (BA) || Sobradinho (RS)
2010,3554300,2,Teodoro Sampaio (BA) || Teodoro Sampaio (SP)
2010,3306107,2,Valença (BA) || Valença (RJ)
2010,5100201,2,Água Boa (MG) || Água Boa (MT)
2010,4201208,2,Antônio Carlos (MG) || Antônio Carlos (SC)
2010,4103008,3,Boa Esperança (ES) || Boa Esperança (MG) || Boa Esperança (PR)
2010,4103206,2,Bom Sucesso (MG) || Bom Sucesso (PR)
2010,5204250,2,Cachoeira Dourada (GO) || Cachoeira Dourada (MG)
2010,4104451,3,Cantagalo (MG) || Cantagalo (PR) || Cantagalo (RJ)
2010,5208103,2,Formoso (GO) || Formoso (MG)
2010,4206405,2,Guaraciaba (MG) || Guaraciaba (SC)
2010,4110409,2,Indianópolis (MG) || Indianópolis (PR)
2010,3522406,2,Itapeva (MG) || Itapeva (SP)
2010,4310900,2,Jacutinga (MG) || Jacutinga (RS)
2010,5212253,2,Lagoa Santa (GO) || Lagoa Santa (MG)
2010,4113254,2,Laranjal (MG) || Laranjal (PR)
2010,3302858,2,Mesquita (MG) || Mesquita (RJ)
2010,3541208,2,Presidente Bernardes (MG) || Presidente Bernardes (SP)
2010,4318200,2,São Francisco de Paula (MG) || São Francisco de Paula (RS)
2010,4126900,2,Tapira (MG) || Tapira (PR)
2010,3553500,2,Tapiraí (MG) || Tapiraí (SP)
2010,4127700,2,Toledo (MG) || Toledo (PR)
2010,3555307,2,Turmalina (MG) || Turmalina (SP)
2010,4219176,2,Vargem Bonita (MG) || Vargem Bonita (SC)
2010,4128500,2,Wenceslau Braz (MG) || Wenceslau Braz (PR)
2010,4200804,2,Anchieta (ES) || Anchieta (SC)
2010,3543907,2,Rio Claro (RJ) || Rio Claro (SP)
2010,4202099,2,Barra Bonita (SC) || Barra Bonita (SP)
2010,4103453,2,Cafelândia (PR) || Cafelândia (SP)
2010,5003751,2,Eldorado (MS) || Eldorado (SP)
2010,5207501,2,Estrela do Norte (GO) || Estrela do Norte (SP)
2010,4108809,2,Guaíra (PR) || Guaíra (SP)
2010,4109203,2,Guaraci (PR) || Guaraci (SP)
2010,4208955,2,Jardinópolis (SC) || Jardinópolis (SP)
2010,4211108,2,Monte Castelo (SC) || Monte Castelo (SP)
2010,4211850,2,Ouro Verde (SC) || Ouro Verde (SP)
2010,4117800,2,Palmital (PR) || Palmital (SP)
2010,4212239,2,Paraíso (SC) || Paraíso (SP)
2010,4212908,2,Pinhalzinho (SC) || Pinhalzinho (SP)
2010,4119657,2,Pitangueiras (PR) || Pitangueiras (SP)
2010,4213807,2,Praia Grande (SC) || Praia Grande (SP)
2010,4215356,2,Saltinho (SC) || Saltinho (SP)
2010,5219357,2,Santa Isabel (GO) || Santa Isabel (SP)
2010,4123824,2,Santa Lúcia (PR) || Santa Lúcia (SP)
2010,4216008,2,São Carlos (SC) || São Carlos (SP)
2010,5220405,2,São Simão (GO) || São Simão (SP)
2010,4127403,2,Terra Roxa (PR) || Terra Roxa (SP)
2010,4219150,2,Vargem (SC) || Vargem (SP)
2010,5001508,2,Bandeirantes (MS) || Bandeirantes (PR)
2010,4301800,2,Barracão (PR) || Barracão (RS)
2010,4204004,2,Catanduvas (PR) || Catanduvas (SC)
2010,4305603,2,Colorado (PR) || Colorado (RS)
2010,5003504,2,Douradina (MS) || Douradina (PR)
2010,5103908,2,General Carneiro (MT) || General Carneiro (PR)
2010,4207858,2,Irati (PR) || Irati (SC)
2010,5214804,2,Nova Aurora (GO) || Nova Aurora (PR)
2010,5106232,2,Nova Olímpia (MT) || Nova Olímpia (PR)
2010,4212056,2,Palmeira (PR) || Palmeira (SC)
2010,5007307,2,Rio Negro (MS) || Rio Negro (PR)
2010,4320107,2,Sarandi (PR) || Sarandi (RS)
2010,4320909,2,Tapejara (PR) || Tapejara (RS)
2010,4218806,2,Turvo (PR) || Turvo (SC)
2010,5215009,2,Nova Veneza (GO) || Nova Veneza (SC)
2010,4319109,2,São Martinho (RS) || São Martinho (SC)
2011,2109239,2,Presidente Médici (MA) || Presidente Médici (RO)
2011,4128625,2,Alto Paraíso (PR) || Alto Paraíso (RO)
2011,3109303,2,Buritis (MG) || Buritis (RO)
2011,3136603,2,Nova União (MG) || Nova União (RO)
2011,4306205,3,Cruzeiro do Sul (AC) || Cruzeiro do Sul (PR) || Cruzeiro do Sul (RS)
2011,5107206,2,Rio Branco (AC) || Rio Branco (MT)
2011,4309704,2,Humaitá (AM) || Humaitá (RS)
2011,4208401,2,Itapiranga (AM) || Itapiranga (SC)
2011,4112405,2,Japurá (AM) || Japurá (PR)
2011,3552700,2,Tabatinga (AM) || Tabatinga (SP)
2011,4300554,3,Alto Alegre (RR) || Alto Alegre (RS) || Alto Alegre (SP)
2011,3108107,2,Bonfim (MG) || Bonfim (RR)
2011,2700805,3,Belém (AL) || Belém (PA) || Belém (PB)
2011,1703305,2,Bom Jesus do Tocantins (PA) || Bom Jesus do Tocantins (TO)
2011,5002209,4,Bonito (BA) || Bonito (MS) || Bonito (PA) || Bonito (PE)
2011,4104501,2,Capanema (PA) || Capanema (PR)
2011,2407807,2,Monte Alegre (PA) || Monte Alegre (RN)
2011,1716307,2,Pau D'Arco (PA) || Pau D'Arco (TO)
2011,2611408,2,Primavera (PA) || Primavera (PE)
2011,2311603,2,Redenção (CE) || Redenção (PA)
2011,3305406,2,Sapucaia (PA) || Sapucaia (RJ)
2011,2928208,2,Santana (AP) || Santana (BA)
2011,4300604,2,Alvorada (RS) || Alvorada (TO)
2011,2100873,2,Araguanã (MA) || Araguanã (TO)
2011,4303103,3,Cachoeirinha (PE) || Cachoeirinha (RS) || Cachoeirinha (TO)
2011,2203701,2,Esperantina (PI) || Esperantina (TO)
2011,2910750,2,Fátima (BA) || Fátima (TO)
2011,2910859,2,Filadélfia (BA) || Filadélfia (TO)
2011,4311403,2,Lajeado (RS) || Lajeado (TO)
2011,3303104,2,Natividade (RJ) || Natividade (TO)
2011,2922508,2,Nazaré (BA) || Nazaré (TO)
2011,2510204,3,Nova Olinda (CE) || Nova Olinda (PB) || Nova Olinda (TO)
2011,3204302,2,Presidente Kennedy (ES) || Presidente Kennedy (TO)
2011,3154457,2,Riachinho (MG) || Riachinho (TO)
2011,4117602,2,Palmas (PR) || Palmas (TO)
2011,3300506,3,Bom Jardim (MA) || Bom Jardim (PE) || Bom Jardim (RJ)
2011,3511300,2,Cedral (MA) || Cedral (SP)
2011,4305587,2,Colinas (MA) || Colinas (RS)
2011,5206909,2,Davinópolis (GO) || Davinópolis (MA)
2011,4115903,2,Mirador (MA) || Mirador (PR)
2011,2925600,2,Presidente Dutra (BA) || Presidente Dutra (MA)
2011,3153202,2,Presidente Juscelino (MA) || Presidente Juscelino (MG)
2011,4215554,4,Santa Helena (MA) || Santa Helena (PB) || Santa Helena (PR) || Santa Helena (SC)
2011,4123600,3,Santa Inês (BA) || Santa Inês (MA) || Santa Inês (PR)
2011,3157807,4,Santa Luzia (BA) || Santa Luzia (MA) || Santa Luzia (MG) || Santa Luzia (PB)
2011,2513703,2,Santa Rita (MA) || Santa Rita (PB)
2011,2513901,2,São Bento (MA) || São Bento (PB)
2011,4216305,2,São João Batista (MA) || São João Batista (SC)
2011,3162708,2,São João do Paraíso (MA) || São João do Paraíso (MG)
2011,2413706,2,Sítio Novo (MA) || Sítio Novo (RN)
2011,3205101,2,Viana (ES) || Viana (MA)
2011,2700102,3,Água Branca (AL) || Água Branca (PB) || Água Branca (PI)
2011,2700706,2,Batalha (AL) || Batalha (PI)
2011,3506805,2,Bocaina (PI) || Bocaina (SP)
2011,4302303,4,Bom Jesus (PI) || Bom Jesus (RN) || Bom Jesus (RS) || Bom Jesus (SC)
2011,5002803,2,Caracol (MS) || Caracol (PI)
2011,2612554,2,Santa Filomena (PE) || Santa Filomena (PI)
2011,5108402,2,Várzea Grande (MT) || Várzea Grande (PI)
2011,4201901,2,Aurora (CE) || Aurora (SC)
2011,4104808,2,Cascavel (CE) || Cascavel (PR)
2011,2604304,2,Cedro (CE) || Cedro (PE)
2011,5209705,2,Hidrolândia (CE) || Hidrolândia (GO)
2011,4110052,2,Iguatu (CE) || Iguatu (PR)
2011,4310405,2,Independência (CE) || Independência (RS)
2011,5005004,2,Jardim (CE) || Jardim (MS)
2011,2921302,2,Milagres (BA) || Milagres (CE)
2011,5213806,2,Morrinhos (CE) || Morrinhos (GO)
2011,2804904,2,Pacatuba (CE) || Pacatuba (SE)
2011,2511004,2,Pedra Branca (CE) || Pedra Branca (PB)
2011,2412005,2,São Gonçalo do Amarante (CE) || São Gonçalo do Amarante (RN)
2011,2800506,2,Areia Branca (RN) || Areia Branca (SE)
2011,5002704,3,Campo Grande (AL) || Campo Grande (MS) || Campo Grande (RN)
2011,2501534,2,Baraúna (PB) || Baraúna (RN)
2011,2602506,2,Brejinho (PE) || Brejinho (RN)
2011,2504074,2,Caraúbas (PB) || Caraúbas (RN)
2011,2610400,2,Parnamirim (PE) || Parnamirim (RN)
2011,5210802,2,Itajá (GO) || Itajá (RN)
2011,2917904,2,Jandaíra (BA) || Jandaíra (RN)
2011,2703908,2,Jundiá (AL) || Jundiá (RN)
2011,3145901,3,Ouro Branco (AL) || Ouro Branco (MG) || Ouro Branco (RN)
2011,4316907,2,Santa Maria (RN) || Santa Maria (RS)
2011,5106372,2,Pedra Preta (MT) || Pedra Preta (RN)
2011,2511608,2,Pilões (PB) || Pilões (RN)
2011,2926400,2,Riacho de Santana (BA) || Riacho de Santana (RN)
2011,2805901,2,Riachuelo (RN) || Riachuelo (SE)
2011,2927200,2,Ruy Barbosa (BA) || Ruy Barbosa (RN)
2011,2612455,3,Santa Cruz (PB) || Santa Cruz (PE) || Santa Cruz (RN)
2011,3550407,2,São Pedro (RN) || São Pedro (SP)
2011,4126108,2,São Tomé (PR) || São Tomé (RN)
2011,3551009,2,São Vicente (RN) || São Vicente (SP)
2011,2930501,2,Serrinha (BA) || Serrinha (RN)
2011,4217907,2,Tangará (RN) || Tangará (SC)
2011,4322707,4,Vera Cruz (BA) || Vera Cruz (RN) || Vera Cruz (RS) || Vera Cruz (SP)
2011,3171303,3,Viçosa (AL) || Viçosa (MG) || Viçosa (RN)
2011,2600609,2,Alagoinha (PB) || Alagoinha (PE)
2011,4101705,2,Araruna (PB) || Araruna (PR)
2011,4303400,2,Caiçara (PB) || Caiçara (RS)
2011,2908606,2,Conde (BA) || Conde (PB)
2011,2802908,2,Itabaiana (PB) || Itabaiana (SE)
2011,3522802,2,Itaporanga (PB) || Itaporanga (SP)
2011,2610707,2,Paulista (PB) || Paulista (PE)
2011,2706901,2,Pilar (AL) || Pilar (PB)
2011,3152808,2,Prata (MG) || Prata (PB)
2011,2925808,2,Queimadas (BA) || Queimadas (PB)
2011,2611533,2,Quixaba (PB) || Quixaba (PE)
2011,4215505,2,Santa Cecília (PB) || Santa Cecília (SC)
2011,3547809,2,Santo André (PB) || Santo André (SP)
2011,5219803,5,São Domingos (BA) || São Domingos (GO) || São Domingos (PB) || São Domingos (SC) || São Domingos (SE)
2011,3551702,2,Sertãozinho (PB) || Sertãozinho (SP)
2011,4320800,2,Soledade (PB) || Soledade (RS)
2011,2931202,2,Taperoá (BA) || Taperoá (PB)
2011,4321352,2,Tavares (PB) || Tavares (RS)
2011,4322004,3,Triunfo (PB) || Triunfo (PE) || Triunfo (RS)
2011,2802205,2,Feira Nova (PE) || Feira Nova (SE)
2011,4107900,2,Floresta (PE) || Floresta (PR)
2011,4110300,2,Inajá (PE) || Inajá (PR)
2011,4111100,3,Itambé (BA) || Itambé (PE) || Itambé (PR)
2011,3137536,2,Lagoa Grande (MG) || Lagoa Grande (PE)
2011,4212700,2,Petrolândia (PE) || Petrolândia (SC)
2011,5107776,4,Santa Terezinha (BA) || Santa Terezinha (MT) || Santa Terezinha (PE) || Santa Terezinha (SC)
2011,4124806,2,São João (PE) || São João (PR)
2011,2931707,2,Terra Nova (BA) || Terra Nova (PE)
2011,5221403,2,Trindade (GO) || Trindade (PE)
2011,4102208,2,Atalaia (AL) || Atalaia (PR)
2011,3111002,2,Campestre (AL) || Campestre (MG)
2011,4203303,2,Campo Alegre (AL) || Campo Alegre (SC)
2011,2801306,2,Capela (AL) || Capela (SE)
2011,4210506,2,Maravilha (AL) || Maravilha (SC)
2011,3535002,2,Palestina (AL) || Palestina (SP)
2011,5217203,2,Piranhas (AL) || Piranhas (GO)
2011,3550704,2,São Sebastião (AL) || São Sebastião (SP)
2011,4119301,2,Pinhão (PR) || Pinhão (SE)
2011,4215604,2,Santa Rosa de Lima (SC) || Santa Rosa de Lima (SE)
2011,3549003,3,São Francisco (MG) || São Francisco (SE) || São Francisco (SP)
2011,5203203,2,Barro Alto (BA) || Barro Alto (GO)
2011,4202156,2,Belmonte (BA) || Belmonte (SC)
2011,3111804,2,Canápolis (BA) || Canápolis (MG)
2011,5102702,2,Canarana (BA) || Canarana (MT)
2011,3112000,2,Candeias (BA) || Candeias (MG)
2011,4205175,2,Entre Rios (BA) || Entre Rios (SC)
2011,3524204,2,Jaborandi (BA) || Jaborandi (SP)
2011,5212204,3,Jussara (BA) || Jussara (GO) || Jussara (PR)
2011,5214051,3,Mundo Novo (BA) || Mundo Novo (GO) || Mundo Novo (MS)
2011,4117008,2,Nova Fátima (BA) || Nova Fátima (PR)
2011,4211652,3,Novo Horizonte (BA) || Novo Horizonte (SC) || Novo Horizonte (SP)
2011,4314704,4,Planalto (BA) || Planalto (PR) || Planalto (RS) || Planalto (SP)
2011,3157203,2,Santa Bárbara (BA) || Santa Bárbara (MG)
2011,4318309,2,São Gabriel (BA) || São Gabriel (RS)
2011,4320701,2,Sobradinho (BA) || Sobradinho (RS)
2011,3554300,2,Teodoro Sampaio (BA) || Teodoro Sampaio (SP)
2011,3306107,2,Valença (BA) || Valença (RJ)
2011,5100201,2,Água Boa (MG) || Água Boa (MT)
2011,4201208,2,Antônio Carlos (MG) || Antônio Carlos (SC)
2011,4103008,3,Boa Esperança (ES) || Boa Esperança (MG) || Boa Esperança (PR)
2011,4103206,2,Bom Sucesso (MG) || Bom Sucesso (PR)
2011,5204250,2,Cachoeira Dourada (GO) || Cachoeira Dourada (MG)
2011,4104451,3,Cantagalo (MG) || Cantagalo (PR) || Cantagalo (RJ)
2011,5208103,2,Formoso (GO) || Formoso (MG)
2011,4206405,2,Guaraciaba (MG) || Guaraciaba (SC)
2011,4110409,2,Indianópolis (MG) || Indianópolis (PR)
2011,3522406,2,Itapeva (MG) || Itapeva (SP)
2011,4310900,2,Jacutinga (MG) || Jacutinga (RS)
2011,5212253,2,Lagoa Santa (GO) || Lagoa Santa (MG)
2011,4113254,2,Laranjal (MG) || Laranjal (PR)
2011,3302858,2,Mesquita (MG) || Mesquita (RJ)
2011,3541208,2,Presidente Bernardes (MG) || Presidente Bernardes (SP)
2011,4318200,2,São Francisco de Paula (MG) || São Francisco de Paula (RS)
2011,4126900,2,Tapira (MG) || Tapira (PR)
2011,3553500,2,Tapiraí (MG) || Tapiraí (SP)
2011,4127700,2,Toledo (MG) || Toledo (PR)
2011,3555307,2,Turmalina (MG) || Turmalina (SP)
2011,4219176,2,Vargem Bonita (MG) || Vargem Bonita (SC)
2011,4128500,2,Wenceslau Braz (MG) || Wenceslau Braz (PR)
2011,4200804,2,Anchieta (ES) || Anchieta (SC)
2011,3543907,2,Rio Claro (RJ) || Rio Claro (SP)
2011,4202099,2,Barra Bonita (SC) || Barra Bonita (SP)
2011,4103453,2,Cafelândia (PR) || Cafelândia (SP)
2011,5003751,2,Eldorado (MS) || Eldorado (SP)
2011,5207501,2,Estrela do Norte (GO) || Estrela do Norte (SP)
2011,4108809,2,Guaíra (PR) || Guaíra (SP)
2011,4109203,2,Guaraci (PR) || Guaraci (SP)
2011,4208955,2,Jardinópolis (SC) || Jardinópolis (SP)
2011,4211108,2,Monte Castelo (SC) || Monte Castelo (SP)
2011,4211850,2,Ouro Verde (SC) || Ouro Verde (SP)
2011,4117800,2,Palmital (PR) || Palmital (SP)
2011,4212239,2,Paraíso (SC) || Paraíso (SP)
2011,4212908,2,Pinhalzinho (SC) || Pinhalzinho (SP)
2011,4119657,2,Pitangueiras (PR) || Pitangueiras (SP)
2011,4213807,2,Praia Grande (SC) || Praia Grande (SP)
2011,4215356,2,Saltinho (SC) || Saltinho (SP)
2011,5219357,2,Santa Isabel (GO) || Santa Isabel (SP)
2011,4123824,2,Santa Lúcia (PR) || Santa Lúcia (SP)
2011,4216008,2,São Carlos (SC) || São Carlos (SP)
2011,5220405,2,São Simão (GO) || São Simão (SP)
2011,4127403,2,Terra Roxa (PR) || Terra Roxa (SP)
2011,4219150,2,Vargem (SC) || Vargem (SP)
2011,5001508,2,Bandeirantes (MS) || Bandeirantes (PR)
2011,4301800,2,Barracão (PR) || Barracão (RS)
2011,4204004,2,Catanduvas (PR) || Catanduvas (SC)
2011,4305603,2,Colorado (PR) || Colorado (RS)
2011,5003504,2,Douradina (MS) || Douradina (PR)
2011,5103908,2,General Carneiro (MT) || General Carneiro (PR)
2011,4207858,2,Irati (PR) || Irati (SC)
2011,5214804,2,Nova Aurora (GO) || Nova Aurora (PR)
2011,5106232,2,Nova Olímpia (MT) || Nova Olímpia (PR)
2011,4212056,2,Palmeira (PR) || Palmeira (SC)
2011,5007307,2,Rio Negro (MS) || Rio Negro (PR)
2011,4320107,2,Sarandi (PR) || Sarandi (RS)
2011,4320909,2,Tapejara (PR) || Tapejara (RS)
2011,4218806,2,Turvo (PR) || Turvo (SC)
2011,5215009,2,Nova Veneza (GO) || Nova Veneza (SC)
2011,4319109,2,São Martinho (RS) || São Martinho (SC)
2012,2109239,2,Presidente Médici (MA) || Presidente Médici (RO)
2012,4128625,2,Alto Paraíso (PR) || Alto Paraíso (RO)
2012,3109303,2,Buritis (MG) || Buritis (RO)
2012,3136603,2,Nova União (MG) || Nova União (RO)
2012,4306205,3,Cruzeiro do Sul (AC) || Cruzeiro do Sul (PR) || Cruzeiro do Sul (RS)
2012,5107206,2,Rio Branco (AC) || Rio Branco (MT)
2012,4309704,2,Humaitá (AM) || Humaitá (RS)
2012,4208401,2,Itapiranga (AM) || Itapiranga (SC)
2012,4112405,2,Japurá (AM) || Japurá (PR)
2012,3552700,2,Tabatinga (AM) || Tabatinga (SP)
2012,4300554,3,Alto Alegre (RR) || Alto Alegre (RS) || Alto Alegre (SP)
2012,3108107,2,Bonfim (MG) || Bonfim (RR)
2012,2700805,3,Belém (AL) || Belém (PA) || Belém (PB)
2012,1703305,2,Bom Jesus do Tocantins (PA) || Bom Jesus do Tocantins (TO)
2012,5002209,4,Bonito (BA) || Bonito (MS) || Bonito (PA) || Bonito (PE)
2012,4104501,2,Capanema (PA) || Capanema (PR)
2012,2407807,2,Monte Alegre (PA) || Monte Alegre (RN)
2012,1716307,2,Pau D'Arco (PA) || Pau D'Arco (TO)
2012,2611408,2,Primavera (PA) || Primavera (PE)
2012,2311603,2,Redenção (CE) || Redenção (PA)
2012,3305406,2,Sapucaia (PA) || Sapucaia (RJ)
2012,2928208,2,Santana (AP) || Santana (BA)
2012,4300604,2,Alvorada (RS) || Alvorada (TO)
2012,2100873,2,Araguanã (MA) || Araguanã (TO)
2012,4303103,3,Cachoeirinha (PE) || Cachoeirinha (RS) || Cachoeirinha (TO)
2012,2203701,2,Esperantina (PI) || Esperantina (TO)
2012,2910750,2,Fátima (BA) || Fátima (TO)
2012,2910859,2,Filadélfia (BA) || Filadélfia (TO)
2012,4311403,2,Lajeado (RS) || Lajeado (TO)
2012,3303104,2,Natividade (RJ) || Natividade (TO)
2012,2922508,2,Nazaré (BA) || Nazaré (TO)
2012,2510204,3,Nova Olinda (CE) || Nova Olinda (PB) || Nova Olinda (TO)
2012,3204302,2,Presidente Kennedy (ES) || Presidente Kennedy (TO)
2012,3154457,2,Riachinho (MG) || Riachinho (TO)
2012,4117602,2,Palmas (PR) || Palmas (TO)
2012,3300506,3,Bom Jardim (MA) || Bom Jardim (PE) || Bom Jardim (RJ)
2012,3511300,2,Cedral (MA) || Cedral (SP)
2012,4305587,2,Colinas (MA) || Colinas (RS)
2012,5206909,2,Davinópolis (GO) || Davinópolis (MA)
2012,4115903,2,Mirador (MA) || Mirador (PR)
2012,2925600,2,Presidente Dutra (BA) || Presidente Dutra (MA)
2012,3153202,2,Presidente Juscelino (MA) || Presidente Juscelino (MG)
2012,4215554,4,Santa Helena (MA) || Santa Helena (PB) || Santa Helena (PR) || Santa Helena (SC)
2012,4123600,3,Santa Inês (BA) || Santa Inês (MA) || Santa Inês (PR)
2012,3157807,4,Santa Luzia (BA) || Santa Luzia (MA) || Santa Luzia (MG) || Santa Luzia (PB)
2012,2513703,2,Santa Rita (MA) || Santa Rita (PB)
2012,2513901,2,São Bento (MA) || São Bento (PB)
2012,4216305,2,São João Batista (MA) || São João Batista (SC)
2012,3162708,2,São João do Paraíso (MA) || São João do Paraíso (MG)
2012,2413706,2,Sítio Novo (MA) || Sítio Novo (RN)
2012,3205101,2,Viana (ES) || Viana (MA)
2012,2700102,3,Água Branca (AL) || Água Branca (PB) || Água Branca (PI)
2012,2700706,2,Batalha (AL) || Batalha (PI)
2012,3506805,2,Bocaina (PI) || Bocaina (SP)
2012,4302303,4,Bom Jesus (PI) || Bom Jesus (RN) || Bom Jesus (RS) || Bom Jesus (SC)
2012,5002803,2,Caracol (MS) || Caracol (PI)
2012,2612554,2,Santa Filomena (PE) || Santa Filomena (PI)
2012,5108402,2,Várzea Grande (MT) || Várzea Grande (PI)
2012,4201901,2,Aurora (CE) || Aurora (SC)
2012,4104808,2,Cascavel (CE) || Cascavel (PR)
2012,2604304,2,Cedro (CE) || Cedro (PE)
2012,5209705,2,Hidrolândia (CE) || Hidrolândia (GO)
2012,4110052,2,Iguatu (CE) || Iguatu (PR)
2012,4310405,2,Independência (CE) || Independência (RS)
2012,5005004,2,Jardim (CE) || Jardim (MS)
2012,2921302,2,Milagres (BA) || Milagres (CE)
2012,5213806,2,Morrinhos (CE) || Morrinhos (GO)
2012,2804904,2,Pacatuba (CE) || Pacatuba (SE)
2012,2511004,2,Pedra Branca (CE) || Pedra Branca (PB)
2012,2412005,2,São Gonçalo do Amarante (CE) || São Gonçalo do Amarante (RN)
2012,2800506,2,Areia Branca (RN) || Areia Branca (SE)
2012,5002704,3,Campo Grande (AL) || Campo Grande (MS) || Campo Grande (RN)
2012,2501534,2,Baraúna (PB) || Baraúna (RN)
2012,2602506,2,Brejinho (PE) || Brejinho (RN)
2012,2504074,2,Caraúbas (PB) || Caraúbas (RN)
2012,2610400,2,Parnamirim (PE) || Parnamirim (RN)
2012,5210802,2,Itajá (GO) || Itajá (RN)
2012,2917904,2,Jandaíra (BA) || Jandaíra (RN)
2012,2703908,2,Jundiá (AL) || Jundiá (RN)
2012,3145901,3,Ouro Branco (AL) || Ouro Branco (MG) || Ouro Branco (RN)
2012,4316907,2,Santa Maria (RN) || Santa Maria (RS)
2012,5106372,2,Pedra Preta (MT) || Pedra Preta (RN)
2012,2511608,2,Pilões (PB) || Pilões (RN)
2012,2926400,2,Riacho de Santana (BA) || Riacho de Santana (RN)
2012,2805901,2,Riachuelo (RN) || Riachuelo (SE)
2012,2927200,2,Ruy Barbosa (BA) || Ruy Barbosa (RN)
2012,2612455,3,Santa Cruz (PB) || Santa Cruz (PE) || Santa Cruz (RN)
2012,3550407,2,São Pedro (RN) || São Pedro (SP)
2012,4126108,2,São Tomé (PR) || São Tomé (RN)
2012,3551009,2,São Vicente (RN) || São Vicente (SP)
2012,2930501,2,Serrinha (BA) || Serrinha (RN)
2012,4217907,2,Tangará (RN) || Tangará (SC)
2012,4322707,4,Vera Cruz (BA) || Vera Cruz (RN) || Vera Cruz (RS) || Vera Cruz (SP)
2012,3171303,3,Viçosa (AL) || Viçosa (MG) || Viçosa (RN)
2012,2600609,2,Alagoinha (PB) || Alagoinha (PE)
2012,4101705,2,Araruna (PB) || Araruna (PR)
2012,4303400,2,Caiçara (PB) || Caiçara (RS)
2012,2908606,2,Conde (BA) || Conde (PB)
2012,2802908,2,Itabaiana (PB) || Itabaiana (SE)
2012,3522802,2,Itaporanga (PB) || Itaporanga (SP)
2012,2610707,2,Paulista (PB) || Paulista (PE)
2012,2706901,2,Pilar (AL) || Pilar (PB)
2012,3152808,2,Prata (MG) || Prata (PB)
2012,2925808,2,Queimadas (BA) || Queimadas (PB)
2012,2611533,2,Quixaba (PB) || Quixaba (PE)
2012,4215505,2,Santa Cecília (PB) || Santa Cecília (SC)
2012,3547809,2,Santo André (PB) || Santo André (SP)
2012,5219803,5,São Domingos (BA) || São Domingos (GO) || São Domingos (PB) || São Domingos (SC) || São Domingos (SE)
2012,3551702,2,Sertãozinho (PB) || Sertãozinho (SP)
2012,4320800,2,Soledade (PB) || Soledade (RS)
2012,2931202,2,Taperoá (BA) || Taperoá (PB)
2012,4321352,2,Tavares (PB) || Tavares (RS)
2012,4322004,3,Triunfo (PB) || Triunfo (PE) || Triunfo (RS)
2012,2802205,2,Feira Nova (PE) || Feira Nova (SE)
2012,4107900,2,Floresta (PE) || Floresta (PR)
2012,4110300,2,Inajá (PE) || Inajá (PR)
2012,4111100,3,Itambé (BA) || Itambé (PE) || Itambé (PR)
2012,3137536,2,Lagoa Grande (MG) || Lagoa Grande (PE)
2012,4212700,2,Petrolândia (PE) || Petrolândia (SC)
2012,5107776,4,Santa Terezinha (BA) || Santa Terezinha (MT) || Santa Terezinha (PE) || Santa Terezinha (SC)
2012,4124806,2,São João (PE) || São João (PR)
2012,2931707,2,Terra Nova (BA) || Terra Nova (PE)
2012,5221403,2,Trindade (GO) || Trindade (PE)
2012,4102208,2,Atalaia (AL) || Atalaia (PR)
2012,3111002,2,Campestre (AL) || Campestre (MG)
2012,4203303,2,Campo Alegre (AL) || Campo Alegre (SC)
2012,2801306,2,Capela (AL) || Capela (SE)
2012,4210506,2,Maravilha (AL) || Maravilha (SC)
2012,3535002,2,Palestina (AL) || Palestina (SP)
2012,5217203,2,Piranhas (AL) || Piranhas (GO)
2012,3550704,2,São Sebastião (AL) || São Sebastião (SP)
2012,4119301,2,Pinhão (PR) || Pinhão (SE)
2012,4215604,2,Santa Rosa de Lima (SC) || Santa Rosa de Lima (SE)
2012,3549003,3,São Francisco (MG) || São Francisco (SE) || São Francisco (SP)
2012,5203203,2,Barro Alto (BA) || Barro Alto (GO)
2012,4202156,2,Belmonte (BA) || Belmonte (SC)
2012,3111804,2,Canápolis (BA) || Canápolis (MG)
2012,5102702,2,Canarana (BA) || Canarana (MT)
2012,3112000,2,Candeias (BA) || Candeias (MG)
2012,4205175,2,Entre Rios (BA) || Entre Rios (SC)
2012,3524204,2,Jaborandi (BA) || Jaborandi (SP)
2012,5212204,3,Jussara (BA) || Jussara (GO) || Jussara (PR)
2012,5214051,3,Mundo Novo (BA) || Mundo Novo (GO) || Mundo Novo (MS)
2012,4117008,2,Nova Fátima (BA) || Nova Fátima (PR)
2012,4211652,3,Novo Horizonte (BA) || Novo Horizonte (SC) || Novo Horizonte (SP)
2012,4314704,4,Planalto (BA) || Planalto (PR) || Planalto (RS) || Planalto (SP)
2012,3157203,2,Santa Bárbara (BA) || Santa Bárbara (MG)
2012,4318309,2,São Gabriel (BA) || São Gabriel (RS)
2012,4320701,2,Sobradinho (BA) || Sobradinho (RS)
2012,3554300,2,Teodoro Sampaio (BA) || Teodoro Sampaio (SP)
2012,3306107,2,Valença (BA) || Valença (RJ)
2012,5100201,2,Água Boa (MG) || Água Boa (MT)
2012,4201208,2,Antônio Carlos (MG) || Antônio Carlos (SC)
2012,4103008,3,Boa Esperança (ES) || Boa Esperança (MG) || Boa Esperança (PR)
2012,4103206,2,Bom Sucesso (MG) || Bom Sucesso (PR)
2012,5204250,2,Cachoeira Dourada (GO) || Cachoeira Dourada (MG)
2012,4104451,3,Cantagalo (MG) || Cantagalo (PR) || Cantagalo (RJ)
2012,5208103,2,Formoso (GO) || Formoso (MG)
2012,4206405,2,Guaraciaba (MG) || Guaraciaba (SC)
2012,4110409,2,Indianópolis (MG) || Indianópolis (PR)
2012,3522406,2,Itapeva (MG) || Itapeva (SP)
2012,4310900,2,Jacutinga (MG) || Jacutinga (RS)
2012,5212253,2,Lagoa Santa (GO) || Lagoa Santa (MG)
2012,4113254,2,Laranjal (MG) || Laranjal (PR)
2012,3302858,2,Mesquita (MG) || Mesquita (RJ)
2012,3541208,2,Presidente Bernardes (MG) || Presidente Bernardes (SP)
2012,4318200,2,São Francisco de Paula (MG) || São Francisco de Paula (RS)
2012,4126900,2,Tapira (MG) || Tapira (PR)
2012,3553500,2,Tapiraí (MG) || Tapiraí (SP)
2012,4127700,2,Toledo (MG) || Toledo (PR)
2012,3555307,2,Turmalina (MG) || Turmalina (SP)
2012,4219176,2,Vargem Bonita (MG) || Vargem Bonita (SC)
2012,4128500,2,Wenceslau Braz (MG) || Wenceslau Braz (PR)
2012,4200804,2,Anchieta (ES) || Anchieta (SC)
2012,3543907,2,Rio Claro (RJ) || Rio Claro (SP)
2012,4202099,2,Barra Bonita (SC) || Barra Bonita (SP)
2012,4103453,2,Cafelândia (PR) || Cafelândia (SP)
2012,5003751,2,Eldorado (MS) || Eldorado (SP)
2012,5207501,2,Estrela do Norte (GO) || Estrela do Norte (SP)
2012,4108809,2,Guaíra (PR) || Guaíra (SP)
2012,4109203,2,Guaraci (PR) || Guaraci (SP)
2012,4208955,2,Jardinópolis (SC) || Jardinópolis (SP)
2012,4211108,2,Monte Castelo (SC) || Monte Castelo (SP)
2012,4211850,2,Ouro Verde (SC) || Ouro Verde (SP)
2012,4117800,2,Palmital (PR) || Palmital (SP)
2012,4212239,2,Paraíso (SC) || Paraíso (SP)
2012,4212908,2,Pinhalzinho (SC) || Pinhalzinho (SP)
2012,4119657,2,Pitangueiras (PR) || Pitangueiras (SP)
2012,4213807,2,Praia Grande (SC) || Praia Grande (SP)
2012,4215356,2,Saltinho (SC) || Saltinho (SP)
2012,5219357,2,Santa Isabel (GO) || Santa Isabel (SP)
2012,4123824,2,Santa Lúcia (PR) || Santa Lúcia (SP)
2012,4216008,2,São Carlos (SC) || São Carlos (SP)
2012,5220405,2,São Simão (GO) || São Simão (SP)
2012,4127403,2,Terra Roxa (PR) || Terra Roxa (SP)
2012,4219150,2,Vargem (SC) || Vargem (SP)
2012,5001508,2,Bandeirantes (MS) || Bandeirantes (PR)
2012,4301800,2,Barracão (PR) || Barracão (RS)
2012,4204004,2,Catanduvas (PR) || Catanduvas (SC)
2012,4305603,2,Colorado (PR) || Colorado (RS)
2012,5003504,2,Douradina (MS) || Douradina (PR)
2012,5103908,2,General Carneiro (MT) || General Carneiro (PR)
2012,4207858,2,Irati (PR) || Irati (SC)
2012,5214804,2,Nova Aurora (GO) || Nova Aurora (PR)
2012,5106232,2,Nova Olímpia (MT) || Nova Olímpia (PR)
2012,4212056,2,Palmeira (PR) || Palmeira (SC)
2012,5007307,2,Rio Negro (MS) || Rio Negro (PR)
2012,4320107,2,Sarandi (PR) || Sarandi (RS)
2012,4320909,2,Tapejara (PR) || Tapejara (RS)
2012,4218806,2,Turvo (PR) || Turvo (SC)
2012,5215009,2,Nova Veneza (GO) || Nova Veneza (SC)
2012,4319109,2,São Martinho (RS) || São Martinho (SC)
2013,2109239,2,Presidente Médici (MA) || Presidente Médici (RO)
2013,4128625,2,Alto Paraíso (PR) || Alto Paraíso (RO)
2013,3109303,2,Buritis (MG) || Buritis (RO)
2013,3136603,2,Nova União (MG) || Nova União (RO)
2013,4306205,3,Cruzeiro do Sul (AC) || Cruzeiro do Sul (PR) || Cruzeiro do Sul (RS)
2013,5107206,2,Rio Branco (AC) || Rio Branco (MT)
2013,4309704,2,Humaitá (AM) || Humaitá (RS)
2013,4208401,2,Itapiranga (AM) || Itapiranga (SC)
2013,4112405,2,Japurá (AM) || Japurá (PR)
2013,3552700,2,Tabatinga (AM) || Tabatinga (SP)
2013,4300554,3,Alto Alegre (RR) || Alto Alegre (RS) || Alto Alegre (SP)
2013,3108107,2,Bonfim (MG) || Bonfim (RR)
2013,2700805,3,Belém (AL) || Belém (PA) || Belém (PB)
2013,1703305,2,Bom Jesus do Tocantins (PA) || Bom Jesus do Tocantins (TO)
2013,5002209,4,Bonito (BA) || Bonito (MS) || Bonito (PA) || Bonito (PE)
2013,4104501,2,Capanema (PA) || Capanema (PR)
2013,2407807,2,Monte Alegre (PA) || Monte Alegre (RN)
2013,1716307,2,Pau D'Arco (PA) || Pau D'Arco (TO)
2013,2611408,2,Primavera (PA) || Primavera (PE)
2013,2311603,2,Redenção (CE) || Redenção (PA)
2013,3305406,2,Sapucaia (PA) || Sapucaia (RJ)
2013,2928208,2,Santana (AP) || Santana (BA)
2013,4300604,2,Alvorada (RS) || Alvorada (TO)
2013,2100873,2,Araguanã (MA) || Araguanã (TO)
2013,4303103,3,Cachoeirinha (PE) || Cachoeirinha (RS) || Cachoeirinha (TO)
2013,2203701,2,Esperantina (PI) || Esperantina (TO)
2013,2910750,2,Fátima (BA) || Fátima (TO)
2013,2910859,2,Filadélfia (BA) || Filadélfia (TO)
2013,4311403,2,Lajeado (RS) || Lajeado (TO)
2013,3303104,2,Natividade (RJ) || Natividade (TO)
2013,2922508,2,Nazaré (BA) || Nazaré (TO)
2013,2510204,3,Nova Olinda (CE) || Nova Olinda (PB) || Nova Olinda (TO)
2013,3204302,2,Presidente Kennedy (ES) || Presidente Kennedy (TO)
2013,3154457,2,Riachinho (MG) || Riachinho (TO)
2013,4117602,2,Palmas (PR) || Palmas (TO)
2013,3300506,3,Bom Jardim (MA) || Bom Jardim (PE) || Bom Jardim (RJ)
2013,3511300,2,Cedral (MA) || Cedral (SP)
2013,4305587,2,Colinas (MA) || Colinas (RS)
2013,5206909,2,Davinópolis (GO) || Davinópolis (MA)
2013,4115903,2,Mirador (MA) || Mirador (PR)
2013,2925600,2,Presidente Dutra (BA) || Presidente Dutra (MA)
2013,3153202,2,Presidente Juscelino (MA) || Presidente Juscelino (MG)
2013,4215554,4,Santa Helena (MA) || Santa Helena (PB) || Santa Helena (PR) || Santa Helena (SC)
2013,4123600,3,Santa Inês (BA) || Santa Inês (MA) || Santa Inês (PR)
2013,3157807,4,Santa Luzia (BA) || Santa Luzia (MA) || Santa Luzia (MG) || Santa Luzia (PB)
2013,2513703,2,Santa Rita (MA) || Santa Rita (PB)
2013,2513901,2,São Bento (MA) || São Bento (PB)
2013,4216305,2,São João Batista (MA) || São João Batista (SC)
2013,3162708,2,São João do Paraíso (MA) || São João do Paraíso (MG)
2013,2413706,2,Sítio Novo (MA) || Sítio Novo (RN)
2013,3205101,2,Viana (ES) || Viana (MA)
2013,2700102,3,Água Branca (AL) || Água Branca (PB) || Água Branca (PI)
2013,2700706,2,Batalha (AL) || Batalha (PI)
2013,3506805,2,Bocaina (PI) || Bocaina (SP)
2013,4302303,4,Bom Jesus (PI) || Bom Jesus (RN) || Bom Jesus (RS) || Bom Jesus (SC)
2013,5002803,2,Caracol (MS) || Caracol (PI)
2013,2612554,2,Santa Filomena (PE) || Santa Filomena (PI)
2013,5108402,2,Várzea Grande (MT) || Várzea Grande (PI)
2013,4201901,2,Aurora (CE) || Aurora (SC)
2013,4104808,2,Cascavel (CE) || Cascavel (PR)
2013,2604304,2,Cedro (CE) || Cedro (PE)
2013,5209705,2,Hidrolândia (CE) || Hidrolândia (GO)
2013,4110052,2,Iguatu (CE) || Iguatu (PR)
2013,4310405,2,Independência (CE) || Independência (RS)
2013,5005004,2,Jardim (CE) || Jardim (MS)
2013,2921302,2,Milagres (BA) || Milagres (CE)
2013,5213806,2,Morrinhos (CE) || Morrinhos (GO)
2013,2804904,2,Pacatuba (CE) || Pacatuba (SE)
2013,2511004,2,Pedra Branca (CE) || Pedra Branca (PB)
2013,2412005,2,São Gonçalo do Amarante (CE) || São Gonçalo do Amarante (RN)
2013,2800506,2,Areia Branca (RN) || Areia Branca (SE)
2013,5002704,3,Campo Grande (AL) || Campo Grande (MS) || Campo Grande (RN)
2013,2501534,2,Baraúna (PB) || Baraúna (RN)
2013,2602506,2,Brejinho (PE) || Brejinho (RN)
2013,2504074,2,Caraúbas (PB) || Caraúbas (RN)
2013,2610400,2,Parnamirim (PE) || Parnamirim (RN)
2013,5210802,2,Itajá (GO) || Itajá (RN)
2013,2917904,2,Jandaíra (BA) || Jandaíra (RN)
2013,2703908,2,Jundiá (AL) || Jundiá (RN)
2013,3145901,3,Ouro Branco (AL) || Ouro Branco (MG) || Ouro Branco (RN)
2013,4316907,2,Santa Maria (RN) || Santa Maria (RS)
2013,5106372,2,Pedra Preta (MT) || Pedra Preta (RN)
2013,2511608,2,Pilões (PB) || Pilões (RN)
2013,2926400,2,Riacho de Santana (BA) || Riacho de Santana (RN)
2013,2805901,2,Riachuelo (RN) || Riachuelo (SE)
2013,2927200,2,Ruy Barbosa (BA) || Ruy Barbosa (RN)
2013,2612455,3,Santa Cruz (PB) || Santa Cruz (PE) || Santa Cruz (RN)
2013,3550407,2,São Pedro (RN) || São Pedro (SP)
2013,4126108,2,São Tomé (PR) || São Tomé (RN)
2013,3551009,2,São Vicente (RN) || São Vicente (SP)
2013,2930501,2,Serrinha (BA) || Serrinha (RN)
2013,4217907,2,Tangará (RN) || Tangará (SC)
2013,4322707,4,Vera Cruz (BA) || Vera Cruz (RN) || Vera Cruz (RS) || Vera Cruz (SP)
2013,3171303,3,Viçosa (AL) || Viçosa (MG) || Viçosa (RN)
2013,2600609,2,Alagoinha (PB) || Alagoinha (PE)
2013,4101705,2,Araruna (PB) || Araruna (PR)
2013,4303400,2,Caiçara (PB) || Caiçara (RS)
2013,2908606,2,Conde (BA) || Conde (PB)
2013,2802908,2,Itabaiana (PB) || Itabaiana (SE)
2013,3522802,2,Itaporanga (PB) || Itaporanga (SP)
2013,2610707,2,Paulista (PB) || Paulista (PE)
2013,2706901,2,Pilar (AL) || Pilar (PB)
2013,3152808,2,Prata (MG) || Prata (PB)
2013,2925808,2,Queimadas (BA) || Queimadas (PB)
2013,2611533,2,Quixaba (PB) || Quixaba (PE)
2013,4215505,2,Santa Cecília (PB) || Santa Cecília (SC)
2013,3547809,2,Santo André (PB) || Santo André (SP)
2013,5219803,5,São Domingos (BA) || São Domingos (GO) || São Domingos (PB) || São Domingos (SC) || São Domingos (SE)
2013,3551702,2,Sertãozinho (PB) || Sertãozinho (SP)
2013,4320800,2,Soledade (PB) || Soledade (RS)
2013,2931202,2,Taperoá (BA) || Taperoá (PB)
2013,4321352,2,Tavares (PB) || Tavares (RS)
2013,4322004,3,Triunfo (PB) || Triunfo (PE) || Triunfo (RS)
2013,2802205,2,Feira Nova (PE) || Feira Nova (SE)
2013,4107900,2,Floresta (PE) || Floresta (PR)
2013,4110300,2,Inajá (PE) || Inajá (PR)
2013,4111100,3,Itambé (BA) || Itambé (PE) || Itambé (PR)
2013,3137536,2,Lagoa Grande (MG) || Lagoa Grande (PE)
2013,4212700,2,Petrolândia (PE) || Petrolândia (SC)
2013,5107776,4,Santa Terezinha (BA) || Santa Terezinha (MT) || Santa Terezinha (PE) || Santa Terezinha (SC)
2013,4124806,2,São João (PE) || São João (PR)
2013,2931707,2,Terra Nova (BA) || Terra Nova (PE)
2013,5221403,2,Trindade (GO) || Trindade (PE)
2013,4102208,2,Atalaia (AL) || Atalaia (PR)
2013,3111002,2,Campestre (AL) || Campestre (MG)
2013,4203303,2,Campo Alegre (AL) || Campo Alegre (SC)
2013,2801306,2,Capela (AL) || Capela (SE)
2013,4210506,2,Maravilha (AL) || Maravilha (SC)
2013,3535002,2,Palestina (AL) || Palestina (SP)
2013,5217203,2,Piranhas (AL) || Piranhas (GO)
2013,3550704,2,São Sebastião (AL) || São Sebastião (SP)
2013,4119301,2,Pinhão (PR) || Pinhão (SE)
2013,4215604,2,Santa Rosa de Lima (SC) || Santa Rosa de Lima (SE)
2013,3549003,3,São Francisco (MG) || São Francisco (SE) || São Francisco (SP)
2013,5203203,2,Barro Alto (BA) || Barro Alto (GO)
2013,4202156,2,Belmonte (BA) || Belmonte (SC)
2013,3111804,2,Canápolis (BA) || Canápolis (MG)
2013,5102702,2,Canarana (BA) || Canarana (MT)
2013,3112000,2,Candeias (BA) || Candeias (MG)
2013,4205175,2,Entre Rios (BA) || Entre Rios (SC)
2013,3524204,2,Jaborandi (BA) || Jaborandi (SP)
2013,5212204,3,Jussara (BA) || Jussara (GO) || Jussara (PR)
2013,5214051,3,Mundo Novo (BA) || Mundo Novo (GO) || Mundo Novo (MS)
2013,4117008,2,Nova Fátima (BA) || Nova Fátima (PR)
2013,4211652,3,Novo Horizonte (BA) || Novo Horizonte (SC) || Novo Horizonte (SP)
2013,4314704,4,Planalto (BA) || Planalto (PR) || Planalto (RS) || Planalto (SP)
2013,3157203,2,Santa Bárbara (BA) || Santa Bárbara (MG)
2013,4318309,2,São Gabriel (BA) || São Gabriel (RS)
2013,4320701,2,Sobradinho (BA) || Sobradinho (RS)
2013,3554300,2,Teodoro Sampaio (BA) || Teodoro Sampaio (SP)
2013,3306107,2,Valença (BA) || Valença (RJ)
2013,5100201,2,Água Boa (MG) || Água Boa (MT)
2013,4201208,2,Antônio Carlos (MG) || Antônio Carlos (SC)
2013,4103008,3,Boa Esperança (ES) || Boa Esperança (MG) || Boa Esperança (PR)
2013,4103206,2,Bom Sucesso (MG) || Bom Sucesso (PR)
2013,5204250,2,Cachoeira Dourada (GO) || Cachoeira Dourada (MG)
2013,4104451,3,Cantagalo (MG) || Cantagalo (PR) || Cantagalo (RJ)
2013,5208103,2,Formoso (GO) || Formoso (MG)
2013,4206405,2,Guaraciaba (MG) || Guaraciaba (SC)
2013,4110409,2,Indianópolis (MG) || Indianópolis (PR)
2013,3522406,2,Itapeva (MG) || Itapeva (SP)
2013,4310900,2,Jacutinga (MG) || Jacutinga (RS)
2013,5212253,2,Lagoa Santa (GO) || Lagoa Santa (MG)
2013,4113254,2,Laranjal (MG) || Laranjal (PR)
2013,3302858,2,Mesquita (MG) || Mesquita (RJ)
2013,3541208,2,Presidente Bernardes (MG) || Presidente Bernardes (SP)
2013,4318200,2,São Francisco de Paula (MG) || São Francisco de Paula (RS)
2013,4126900,2,Tapira (MG) || Tapira (PR)
2013,3553500,2,Tapiraí (MG) || Tapiraí (SP)
2013,4127700,2,Toledo (MG) || Toledo (PR)
2013,3555307,2,Turmalina (MG) || Turmalina (SP)
2013,4219176,2,Vargem Bonita (MG) || Vargem Bonita (SC)
2013,4128500,2,Wenceslau Braz (MG) || Wenceslau Braz (PR)
2013,4200804,2,Anchieta (ES) || Anchieta (SC)
2013,3543907,2,Rio Claro (RJ) || Rio Claro (SP)
2013,4202099,2,Barra Bonita (SC) || Barra Bonita (SP)
2013,4103453,2,Cafelândia (PR) || Cafelândia (SP)
2013,5003751,2,Eldorado (MS) || Eldorado (SP)
2013,5207501,2,Estrela do Norte (GO) || Estrela do Norte (SP)
2013,4108809,2,Guaíra (PR) || Guaíra (SP)
2013,4109203,2,Guaraci (PR) || Guaraci (SP)
2013,4208955,2,Jardinópolis (SC) || Jardinópolis (SP)
2013,4211108,2,Monte Castelo (SC) || Monte Castelo (SP)
2013,4211850,2,Ouro Verde (SC) || Ouro Verde (SP)
2013,4117800,2,Palmital (PR) || Palmital (SP)
2013,4212239,2,Paraíso (SC) || Paraíso (SP)
2013,4212908,2,Pinhalzinho (SC) || Pinhalzinho (SP)
2013,4119657,2,Pitangueiras (PR) || Pitangueiras (SP)
2013,4213807,2,Praia Grande (SC) || Praia Grande (SP)
2013,4215356,2,Saltinho (SC) || Saltinho (SP)
2013,5219357,2,Santa Isabel (GO) || Santa Isabel (SP)
2013,4123824,2,Santa Lúcia (PR) || Santa Lúcia (SP)
2013,4216008,2,São Carlos (SC) || São Carlos (SP)
2013,5220405,2,São Simão (GO) || São Simão (SP)
2013,4127403,2,Terra Roxa (PR) || Terra Roxa (SP)
2013,4219150,2,Vargem (SC) || Vargem (SP)
2013,5001508,2,Bandeirantes (MS) || Bandeirantes (PR)
2013,4301800,2,Barracão (PR) || Barracão (RS)
2013,4204004,2,Catanduvas (PR) || Catanduvas (SC)
2013,4305603,2,Colorado (PR) || Colorado (RS)
2013,5003504,2,Douradina (MS) || Douradina (PR)
2013,5103908,2,General Carneiro (MT) || General Carneiro (PR)
2013,4207858,2,Irati (PR) || Irati (SC)
2013,5214804,2,Nova Aurora (GO) || Nova Aurora (PR)
2013,5106232,2,Nova Olímpia (MT) || Nova Olímpia (PR)
2013,4212056,2,Palmeira (PR) || Palmeira (SC)
2013,5007307,2,Rio Negro (MS) || Rio Negro (PR)
2013,4320107,2,Sarandi (PR) || Sarandi (RS)
2013,4320909,2,Tapejara (PR) || Tapejara (RS)
2013,4218806,2,Turvo (PR) || Turvo (SC)
2013,5215009,2,Nova Veneza (GO) || Nova Veneza (SC)
2013,4319109,2,São Martinho (RS) || São Martinho (SC)
2014,2109239,2,Presidente Médici (MA) || Presidente Médici (RO)
2014,4128625,2,Alto Paraíso (PR) || Alto Paraíso (RO)
2014,3109303,2,Buritis (MG) || Buritis (RO)
2014,3136603,2,Nova União (MG) || Nova União (RO)
2014,4306205,3,Cruzeiro do Sul (AC) || Cruzeiro do Sul (PR) || Cruzeiro do Sul (RS)
2014,5107206,2,Rio Branco (AC) || Rio Branco (MT)
2014,4309704,2,Humaitá (AM) || Humaitá (RS)
2014,4208401,2,Itapiranga (AM) || Itapiranga (SC)
2014,4112405,2,Japurá (AM) || Japurá (PR)
2014,3552700,2,Tabatinga (AM) || Tabatinga (SP)
2014,4300554,3,Alto Alegre (RR) || Alto Alegre (RS) || Alto Alegre (SP)
2014,3108107,2,Bonfim (MG) || Bonfim (RR)
2014,2700805,3,Belém (AL) || Belém (PA) || Belém (PB)
2014,1703305,2,Bom Jesus do Tocantins (PA) || Bom Jesus do Tocantins (TO)
2014,5002209,4,Bonito (BA) || Bonito (MS) || Bonito (PA) || Bonito (PE)
2014,4104501,2,Capanema (PA) || Capanema (PR)
2014,2407807,2,Monte Alegre (PA) || Monte Alegre (RN)
2014,1716307,2,Pau D'Arco (PA) || Pau D'Arco (TO)
2014,2611408,2,Primavera (PA) || Primavera (PE)
2014,2311603,2,Redenção (CE) || Redenção (PA)
2014,3305406,2,Sapucaia (PA) || Sapucaia (RJ)
2014,2928208,2,Santana (AP) || Santana (BA)
2014,4300604,2,Alvorada (RS) || Alvorada (TO)
2014,2100873,2,Araguanã (MA) || Araguanã (TO)
2014,4303103,3,Cachoeirinha (PE) || Cachoeirinha (RS) || Cachoeirinha (TO)
2014,2203701,2,Esperantina (PI) || Esperantina (TO)
2014,2910750,2,Fátima (BA) || Fátima (TO)
2014,2910859,2,Filadélfia (BA) || Filadélfia (TO)
2014,4311403,2,Lajeado (RS) || Lajeado (TO)
2014,3303104,2,Natividade (RJ) || Natividade (TO)
2014,2922508,2,Nazaré (BA) || Nazaré (TO)
2014,2510204,3,Nova Olinda (CE) || Nova Olinda (PB) || Nova Olinda (TO)
2014,3204302,2,Presidente Kennedy (ES) || Presidente Kennedy (TO)
2014,3154457,2,Riachinho (MG) || Riachinho (TO)
2014,4117602,2,Palmas (PR) || Palmas (TO)
2014,3300506,3,Bom Jardim (MA) || Bom Jardim (PE) || Bom Jardim (RJ)
2014,3511300,2,Cedral (MA) || Cedral (SP)
2014,4305587,2,Colinas (MA) || Colinas (RS)
2014,5206909,2,Davinópolis (GO) || Davinópolis (MA)
2014,4115903,2,Mirador (MA) || Mirador (PR)
2014,2925600,2,Presidente Dutra (BA) || Presidente Dutra (MA)
2014,3153202,2,Presidente Juscelino (MA) || Presidente Juscelino (MG)
2014,4215554,4,Santa Helena (MA) || Santa Helena (PB) || Santa Helena (PR) || Santa Helena (SC)
2014,4123600,3,Santa Inês (BA) || Santa Inês (MA) || Santa Inês (PR)
2014,3157807,4,Santa Luzia (BA) || Santa Luzia (MA) || Santa Luzia (MG) || Santa Luzia (PB)
2014,2513703,2,Santa Rita (MA) || Santa Rita (PB)
2014,2513901,2,São Bento (MA) || São Bento (PB)
2014,4216305,2,São João Batista (MA) || São João Batista (SC)
2014,3162708,2,São João do Paraíso (MA) || São João do Paraíso (MG)
2014,2413706,2,Sítio Novo (MA) || Sítio Novo (RN)
2014,3205101,2,Viana (ES) || Viana (MA)
2014,2700102,3,Água Branca (AL) || Água Branca (PB) || Água Branca (PI)
2014,2700706,2,Batalha (AL) || Batalha (PI)
2014,3506805,2,Bocaina (PI) || Bocaina (SP)
2014,4302303,4,Bom Jesus (PI) || Bom Jesus (RN) || Bom Jesus (RS) || Bom Jesus (SC)
2014,5002803,2,Caracol (MS) || Caracol (PI)
2014,2612554,2,Santa Filomena (PE) || Santa Filomena (PI)
2014,5108402,2,Várzea Grande (MT) || Várzea Grande (PI)
2014,4201901,2,Aurora (CE) || Aurora (SC)
2014,4104808,2,Cascavel (CE) || Cascavel (PR)
2014,2604304,2,Cedro (CE) || Cedro (PE)
2014,5209705,2,Hidrolândia (CE) || Hidrolândia (GO)
2014,4110052,2,Iguatu (CE) || Iguatu (PR)
2014,4310405,2,Independência (CE) || Independência (RS)
2014,5005004,2,Jardim (CE) || Jardim (MS)
2014,2921302,2,Milagres (BA) || Milagres (CE)
2014,5213806,2,Morrinhos (CE) || Morrinhos (GO)
2014,2804904,2,Pacatuba (CE) || Pacatuba (SE)
2014,2511004,2,Pedra Branca (CE) || Pedra Branca (PB)
2014,2412005,2,São Gonçalo do Amarante (CE) || São Gonçalo do Amarante (RN)
2014,2800506,2,Areia Branca (RN) || Areia Branca (SE)
2014,5002704,3,Campo Grande (AL) || Campo Grande (MS) || Campo Grande (RN)
2014,2501534,2,Baraúna (PB) || Baraúna (RN)
2014,2602506,2,Brejinho (PE) || Brejinho (RN)
2014,2504074,2,Caraúbas (PB) || Caraúbas (RN)
2014,2610400,2,Parnamirim (PE) || Parnamirim (RN)
2014,5210802,2,Itajá (GO) || Itajá (RN)
2014,2917904,2,Jandaíra (BA) || Jandaíra (RN)
2014,2703908,2,Jundiá (AL) || Jundiá (RN)
2014,3145901,3,Ouro Branco (AL) || Ouro Branco (MG) || Ouro Branco (RN)
2014,4316907,2,Santa Maria (RN) || Santa Maria (RS)
2014,5106372,2,Pedra Preta (MT) || Pedra Preta (RN)
2014,2511608,2,Pilões (PB) || Pilões (RN)
2014,2926400,2,Riacho de Santana (BA) || Riacho de Santana (RN)
2014,2805901,2,Riachuelo (RN) || Riachuelo (SE)
2014,2927200,2,Ruy Barbosa (BA) || Ruy Barbosa (RN)
2014,2612455,3,Santa Cruz (PB) || Santa Cruz (PE) || Santa Cruz (RN)
2014,3550407,2,São Pedro (RN) || São Pedro (SP)
2014,4126108,2,São Tomé (PR) || São Tomé (RN)
2014,3551009,2,São Vicente (RN) || São Vicente (SP)
2014,2930501,2,Serrinha (BA) || Serrinha (RN)
2014,4217907,2,Tangará (RN) || Tangará (SC)
2014,4322707,4,Vera Cruz (BA) || Vera Cruz (RN) || Vera Cruz (RS) || Vera Cruz (SP)
2014,3171303,3,Viçosa (AL) || Viçosa (MG) || Viçosa (RN)
2014,2600609,2,Alagoinha (PB) || Alagoinha (PE)
2014,4101705,2,Araruna (PB) || Araruna (PR)
2014,4303400,2,Caiçara (PB) || Caiçara (RS)
2014,2908606,2,Conde (BA) || Conde (PB)
2014,2802908,2,Itabaiana (PB) || Itabaiana (SE)
2014,3522802,2,Itaporanga (PB) || Itaporanga (SP)
2014,2610707,2,Paulista (PB) || Paulista (PE)
2014,2706901,2,Pilar (AL) || Pilar (PB)
2014,3152808,2,Prata (MG) || Prata (PB)
2014,2925808,2,Queimadas (BA) || Queimadas (PB)
2014,2611533,2,Quixaba (PB) || Quixaba (PE)
2014,4215505,2,Santa Cecília (PB) || Santa Cecília (SC)
2014,3547809,2,Santo André (PB) || Santo André (SP)
2014,5219803,5,São Domingos (BA) || São Domingos (GO) || São Domingos (PB) || São Domingos (SC) || São Domingos (SE)
2014,3551702,2,Sertãozinho (PB) || Sertãozinho (SP)
2014,4320800,2,Soledade (PB) || Soledade (RS)
2014,2931202,2,Taperoá (BA) || Taperoá (PB)
2014,4321352,2,Tavares (PB) || Tavares (RS)
2014,4322004,3,Triunfo (PB) || Triunfo (PE) || Triunfo (RS)
2014,2802205,2,Feira Nova (PE) || Feira Nova (SE)
2014,4107900,2,Floresta (PE) || Floresta (PR)
2014,4110300,2,Inajá (PE) || Inajá (PR)
2014,4111100,3,Itambé (BA) || Itambé (PE) || Itambé (PR)
2014,3137536,2,Lagoa Grande (MG) || Lagoa Grande (PE)
2014,4212700,2,Petrolândia (PE) || Petrolândia (SC)
2014,5107776,4,Santa Terezinha (BA) || Santa Terezinha (MT) || Santa Terezinha (PE) || Santa Terezinha (SC)
2014,4124806,2,São João (PE) || São João (PR)
2014,2931707,2,Terra Nova (BA) || Terra Nova (PE)
2014,5221403,2,Trindade (GO) || Trindade (PE)
2014,4102208,2,Atalaia (AL) || Atalaia (PR)
2014,3111002,2,Campestre (AL) || Campestre (MG)
2014,4203303,2,Campo Alegre (AL) || Campo Alegre (SC)
2014,2801306,2,Capela (AL) || Capela (SE)
2014,4210506,2,Maravilha (AL) || Maravilha (SC)
2014,3535002,2,Palestina (AL) || Palestina (SP)
2014,5217203,2,Piranhas (AL) || Piranhas (GO)
2014,3550704,2,São Sebastião (AL) || São Sebastião (SP)
2014,4119301,2,Pinhão (PR) || Pinhão (SE)
2014,4215604,2,Santa Rosa de Lima (SC) || Santa Rosa de Lima (SE)
2014,3549003,3,São Francisco (MG) || São Francisco (SE) || São Francisco (SP)
2014,5203203,2,Barro Alto (BA) || Barro Alto (GO)
2014,4202156,2,Belmonte (BA) || Belmonte (SC)
2014,3111804,2,Canápolis (BA) || Canápolis (MG)
2014,5102702,2,Canarana (BA) || Canarana (MT)
2014,3112000,2,Candeias (BA) || Candeias (MG)
2014,4205175,2,Entre Rios (BA) || Entre Rios (SC)
2014,3524204,2,Jaborandi (BA) || Jaborandi (SP)
2014,5212204,3,Jussara (BA) || Jussara (GO) || Jussara (PR)
2014,5214051,3,Mundo Novo (BA) || Mundo Novo (GO) || Mundo Novo (MS)
2014,4117008,2,Nova Fátima (BA) || Nova Fátima (PR)
2014,4211652,3,Novo Horizonte (BA) || Novo Horizonte (SC) || Novo Horizonte (SP)
2014,4314704,4,Planalto (BA) || Planalto (PR) || Planalto (RS) || Planalto (SP)
2014,3157203,2,Santa Bárbara (BA) || Santa Bárbara (MG)
2014,4318309,2,São Gabriel (BA) || São Gabriel (RS)
2014,4320701,2,Sobradinho (BA) || Sobradinho (RS)
2014,3554300,2,Teodoro Sampaio (BA) || Teodoro Sampaio (SP)
2014,3306107,2,Valença (BA) || Valença (RJ)
2014,5100201,2,Água Boa (MG) || Água Boa (MT)
2014,4201208,2,Antônio Carlos (MG) || Antônio Carlos (SC)
2014,4103008,3,Boa Esperança (ES) || Boa Esperança (MG) || Boa Esperança (PR)
2014,4103206,2,Bom Sucesso (MG) || Bom Sucesso (PR)
2014,5204250,2,Cachoeira Dourada (GO) || Cachoeira Dourada (MG)
2014,4104451,3,Cantagalo (MG) || Cantagalo (PR) || Cantagalo (RJ)
2014,5208103,2,Formoso (GO) || Formoso (MG)
2014,4206405,2,Guaraciaba (MG) || Guaraciaba (SC)
2014,4110409,2,Indianópolis (MG) || Indianópolis (PR)
2014,3522406,2,Itapeva (MG) || Itapeva (SP)
2014,4310900,2,Jacutinga (MG) || Jacutinga (RS)
2014,5212253,2,Lagoa Santa (GO) || Lagoa Santa (MG)
2014,4113254,2,Laranjal (MG) || Laranjal (PR)
2014,3302858,2,Mesquita (MG) || Mesquita (RJ)
2014,3541208,2,Presidente Bernardes (MG) || Presidente Bernardes (SP)
2014,4318200,2,São Francisco de Paula (MG) || São Francisco de Paula (RS)
2014,4126900,2,Tapira (MG) || Tapira (PR)
2014,3553500,2,Tapiraí (MG) || Tapiraí (SP)
2014,4127700,2,Toledo (MG) || Toledo (PR)
2014,3555307,2,Turmalina (MG) || Turmalina (SP)
2014,4219176,2,Vargem Bonita (MG) || Vargem Bonita (SC)
2014,4128500,2,Wenceslau Braz (MG) || Wenceslau Braz (PR)
2014,4200804,2,Anchieta (ES) || Anchieta (SC)
2014,3543907,2,Rio Claro (RJ) || Rio Claro (SP)
2014,4202099,2,Barra Bonita (SC) || Barra Bonita (SP)
2014,4103453,2,Cafelândia (PR) || Cafelândia (SP)
2014,5003751,2,Eldorado (MS) || Eldorado (SP)
2014,5207501,2,Estrela do Norte (GO) || Estrela do Norte (SP)
2014,4108809,2,Guaíra (PR) || Guaíra (SP)
2014,4109203,2,Guaraci (PR) || Guaraci (SP)
2014,4208955,2,Jardinópolis (SC) || Jardinópolis (SP)
2014,4211108,2,Monte Castelo (SC) || Monte Castelo (SP)
2014,4211850,2,Ouro Verde (SC) || Ouro Verde (SP)
2014,4117800,2,Palmital (PR) || Palmital (SP)
2014,4212239,2,Paraíso (SC) || Paraíso (SP)
2014,4212908,2,Pinhalzinho (SC) || Pinhalzinho (SP)
2014,4119657,2,Pitangueiras (PR) || Pitangueiras (SP)
2014,4213807,2,Praia Grande (SC) || Praia Grande (SP)
2014,4215356,2,Saltinho (SC) || Saltinho (SP)
2014,5219357,2,Santa Isabel (GO) || Santa Isabel (SP)
2014,4123824,2,Santa Lúcia (PR) || Santa Lúcia (SP)
2014,4216008,2,São Carlos (SC) || São Carlos (SP)
2014,5220405,2,São Simão (GO) || São Simão (SP)
2014,4127403,2,Terra Roxa (PR) || Terra Roxa (SP)
2014,4219150,2,Vargem (SC) || Vargem (SP)
2014,5001508,2,Bandeirantes (MS) || Bandeirantes (PR)
2014,4301800,2,Barracão (PR) || Barracão (RS)
2014,4204004,2,Catanduvas (PR) || Catanduvas (SC)
2014,4305603,2,Colorado (PR) || Colorado (RS)
2014,5003504,2,Douradina (MS) || Douradina (PR)
2014,5103908,2,General Carneiro (MT) || General Carneiro (PR)
2014,4207858,2,Irati (PR) || Irati (SC)
2014,5214804,2,Nova Aurora (GO) || Nova Aurora (PR)
2014,5106232,2,Nova Olímpia (MT) || Nova Olímpia (PR)
2014,4212056,2,Palmeira (PR) || Palmeira (SC)
2014,5007307,2,Rio Negro (MS) || Rio Negro (PR)
2014,4320107,2,Sarandi (PR) || Sarandi (RS)
2014,4320909,2,Tapejara (PR) || Tapejara (RS)
2014,4218806,2,Turvo (PR) || Turvo (SC)
2014,5215009,2,Nova Veneza (GO) || Nova Veneza (SC)
2014,4319109,2,São Martinho (RS) || São Martinho (SC)
2015,2109239,2,Presidente Médici (MA) || Presidente Médici (RO)
2015,4128625,2,Alto Paraíso (PR) || Alto Paraíso (RO)
2015,3109303,2,Buritis (MG) || Buritis (RO)
2015,3136603,2,Nova União (MG) || Nova União (RO)
2015,4306205,3,Cruzeiro do Sul (AC) || Cruzeiro do Sul (PR) || Cruzeiro do Sul (RS)
2015,5107206,2,Rio Branco (AC) || Rio Branco (MT)
2015,4309704,2,Humaitá (AM) || Humaitá (RS)
2015,4208401,2,Itapiranga (AM) || Itapiranga (SC)
2015,4112405,2,Japurá (AM) || Japurá (PR)
2015,3552700,2,Tabatinga (AM) || Tabatinga (SP)
2015,4300554,3,Alto Alegre (RR) || Alto Alegre (RS) || Alto Alegre (SP)
2015,3108107,2,Bonfim (MG) || Bonfim (RR)
2015,2700805,3,Belém (AL) || Belém (PA) || Belém (PB)
2015,1703305,2,Bom Jesus do Tocantins (PA) || Bom Jesus do Tocantins (TO)
2015,5002209,4,Bonito (BA) || Bonito (MS) || Bonito (PA) || Bonito (PE)
2015,4104501,2,Capanema (PA) || Capanema (PR)
2015,2407807,2,Monte Alegre (PA) || Monte Alegre (RN)
2015,1716307,2,Pau D'Arco (PA) || Pau D'Arco (TO)
2015,2611408,2,Primavera (PA) || Primavera (PE)
2015,2311603,2,Redenção (CE) || Redenção (PA)
2015,3305406,2,Sapucaia (PA) || Sapucaia (RJ)
2015,2928208,2,Santana (AP) || Santana (BA)
2015,4300604,2,Alvorada (RS) || Alvorada (TO)
2015,2100873,2,Araguanã (MA) || Araguanã (TO)
2015,4303103,3,Cachoeirinha (PE) || Cachoeirinha (RS) || Cachoeirinha (TO)
2015,2203701,2,Esperantina (PI) || Esperantina (TO)
2015,2910750,2,Fátima (BA) || Fátima (TO)
2015,2910859,2,Filadélfia (BA) || Filadélfia (TO)
2015,4311403,2,Lajeado (RS) || Lajeado (TO)
2015,3303104,2,Natividade (RJ) || Natividade (TO)
2015,2922508,2,Nazaré (BA) || Nazaré (TO)
2015,2510204,3,Nova Olinda (CE) || Nova Olinda (PB) || Nova Olinda (TO)
2015,3204302,2,Presidente Kennedy (ES) || Presidente Kennedy (TO)
2015,3154457,2,Riachinho (MG) || Riachinho (TO)
2015,4117602,2,Palmas (PR) || Palmas (TO)
2015,3300506,3,Bom Jardim (MA) || Bom Jardim (PE) || Bom Jardim (RJ)
2015,3511300,2,Cedral (MA) || Cedral (SP)
2015,4305587,2,Colinas (MA) || Colinas (RS)
2015,5206909,2,Davinópolis (GO) || Davinópolis (MA)
2015,4115903,2,Mirador (MA) || Mirador (PR)
2015,2925600,2,Presidente Dutra (BA) || Presidente Dutra (MA)
2015,3153202,2,Presidente Juscelino (MA) || Presidente Juscelino (MG)
2015,4215554,4,Santa Helena (MA) || Santa Helena (PB) || Santa Helena (PR) || Santa Helena (SC)
2015,4123600,3,Santa Inês (BA) || Santa Inês (MA) || Santa Inês (PR)
2015,3157807,4,Santa Luzia (BA) || Santa Luzia (MA) || Santa Luzia (MG) || Santa Luzia (PB)
2015,2513703,2,Santa Rita (MA) || Santa Rita (PB)
2015,2513901,2,São Bento (MA) || São Bento (PB)
2015,4216305,2,São João Batista (MA) || São João Batista (SC)
2015,3162708,2,São João do Paraíso (MA) || São João do Paraíso (MG)
2015,2413706,2,Sítio Novo (MA) || Sítio Novo (RN)
2015,3205101,2,Viana (ES) || Viana (MA)
2015,2700102,3,Água Branca (AL) || Água Branca (PB) || Água Branca (PI)
2015,2700706,2,Batalha (AL) || Batalha (PI)
2015,3506805,2,Bocaina (PI) || Bocaina (SP)
2015,4302303,4,Bom Jesus (PI) || Bom Jesus (RN) || Bom Jesus (RS) || Bom Jesus (SC)
2015,5002803,2,Caracol (MS) || Caracol (PI)
2015,2612554,2,Santa Filomena (PE) || Santa Filomena (PI)
2015,5108402,2,Várzea Grande (MT) || Várzea Grande (PI)
2015,4201901,2,Aurora (CE) || Aurora (SC)
2015,4104808,2,Cascavel (CE) || Cascavel (PR)
2015,2604304,2,Cedro (CE) || Cedro (PE)
2015,5209705,2,Hidrolândia (CE) || Hidrolândia (GO)
2015,4110052,2,Iguatu (CE) || Iguatu (PR)
2015,4310405,2,Independência (CE) || Independência (RS)
2015,5005004,2,Jardim (CE) || Jardim (MS)
2015,2921302,2,Milagres (BA) || Milagres (CE)
2015,5213806,2,Morrinhos (CE) || Morrinhos (GO)
2015,2804904,2,Pacatuba (CE) || Pacatuba (SE)
2015,2511004,2,Pedra Branca (CE) || Pedra Branca (PB)
2015,2412005,2,São Gonçalo do Amarante (CE) || São Gonçalo do Amarante (RN)
2015,2800506,2,Areia Branca (RN) || Areia Branca (SE)
2015,5002704,3,Campo Grande (AL) || Campo Grande (MS) || Campo Grande (RN)
2015,2501534,2,Baraúna (PB) || Baraúna (RN)
2015,2602506,2,Brejinho (PE) || Brejinho (RN)
2015,2504074,2,Caraúbas (PB) || Caraúbas (RN)
2015,2610400,2,Parnamirim (PE) || Parnamirim (RN)
2015,5210802,2,Itajá (GO) || Itajá (RN)
2015,2917904,2,Jandaíra (BA) || Jandaíra (RN)
2015,2703908,2,Jundiá (AL) || Jundiá (RN)
2015,3145901,3,Ouro Branco (AL) || Ouro Branco (MG) || Ouro Branco (RN)
2015,4316907,2,Santa Maria (RN) || Santa Maria (RS)
2015,5106372,2,Pedra Preta (MT) || Pedra Preta (RN)
2015,2511608,2,Pilões (PB) || Pilões (RN)
2015,2926400,2,Riacho de Santana (BA) || Riacho de Santana (RN)
2015,2805901,2,Riachuelo (RN) || Riachuelo (SE)
2015,2927200,2,Ruy Barbosa (BA) || Ruy Barbosa (RN)
2015,2612455,3,Santa Cruz (PB) || Santa Cruz (PE) || Santa Cruz (RN)
2015,3550407,2,São Pedro (RN) || São Pedro (SP)
2015,4126108,2,São Tomé (PR) || São Tomé (RN)
2015,3551009,2,São Vicente (RN) || São Vicente (SP)
2015,2930501,2,Serrinha (BA) || Serrinha (RN)
2015,4217907,2,Tangará (RN) || Tangará (SC)
2015,4322707,4,Vera Cruz (BA) || Vera Cruz (RN) || Vera Cruz (RS) || Vera Cruz (SP)
2015,3171303,3,Viçosa (AL) || Viçosa (MG) || Viçosa (RN)
2015,2600609,2,Alagoinha (PB) || Alagoinha (PE)
2015,4101705,2,Araruna (PB) || Araruna (PR)
2015,4303400,2,Caiçara (PB) || Caiçara (RS)
2015,2908606,2,Conde (BA) || Conde (PB)
2015,2802908,2,Itabaiana (PB) || Itabaiana (SE)
2015,3522802,2,Itaporanga (PB) || Itaporanga (SP)
2015,2610707,2,Paulista (PB) || Paulista (PE)
2015,2706901,2,Pilar (AL) || Pilar (PB)
2015,3152808,2,Prata (MG) || Prata (PB)
2015,2925808,2,Queimadas (BA) || Queimadas (PB)
2015,2611533,2,Quixaba (PB) || Quixaba (PE)
2015,4215505,2,Santa Cecília (PB) || Santa Cecília (SC)
2015,3547809,2,Santo André (PB) || Santo André (SP)
2015,5219803,5,São Domingos (BA) || São Domingos (GO) || São Domingos (PB) || São Domingos (SC) || São Domingos (SE)
2015,3551702,2,Sertãozinho (PB) || Sertãozinho (SP)
2015,4320800,2,Soledade (PB) || Soledade (RS)
2015,2931202,2,Taperoá (BA) || Taperoá (PB)
2015,4321352,2,Tavares (PB) || Tavares (RS)
2015,4322004,3,Triunfo (PB) || Triunfo (PE) || Triunfo (RS)
2015,2802205,2,Feira Nova (PE) || Feira Nova (SE)
2015,4107900,2,Floresta (PE) || Floresta (PR)
2015,4110300,2,Inajá (PE) || Inajá (PR)
2015,4111100,3,Itambé (BA) || Itambé (PE) || Itambé (PR)
2015,3137536,2,Lagoa Grande (MG) || Lagoa Grande (PE)
2015,4212700,2,Petrolândia (PE) || Petrolândia (SC)
2015,5107776,4,Santa Terezinha (BA) || Santa Terezinha (MT) || Santa Terezinha (PE) || Santa Terezinha (SC)
2015,4124806,2,São João (PE) || São João (PR)
2015,2931707,2,Terra Nova (BA) || Terra Nova (PE)
2015,5221403,2,Trindade (GO) || Trindade (PE)
2015,4102208,2,Atalaia (AL) || Atalaia (PR)
2015,3111002,2,Campestre (AL) || Campestre (MG)
2015,4203303,2,Campo Alegre (AL) || Campo Alegre (SC)
2015,2801306,2,Capela (AL) || Capela (SE)
2015,4210506,2,Maravilha (AL) || Maravilha (SC)
2015,3535002,2,Palestina (AL) || Palestina (SP)
2015,5217203,2,Piranhas (AL) || Piranhas (GO)
2015,3550704,2,São Sebastião (AL) || São Sebastião (SP)
2015,4119301,2,Pinhão (PR) || Pinhão (SE)
2015,4215604,2,Santa Rosa de Lima (SC) || Santa Rosa de Lima (SE)
2015,3549003,3,São Francisco (MG) || São Francisco (SE) || São Francisco (SP)
2015,5203203,2,Barro Alto (BA) || Barro Alto (GO)
2015,4202156,2,Belmonte (BA) || Belmonte (SC)
2015,3111804,2,Canápolis (BA) || Canápolis (MG)
2015,5102702,2,Canarana (BA) || Canarana (MT)
2015,3112000,2,Candeias (BA) || Candeias (MG)
2015,4205175,2,Entre Rios (BA) || Entre Rios (SC)
2015,3524204,2,Jaborandi (BA) || Jaborandi (SP)
2015,5212204,3,Jussara (BA) || Jussara (GO) || Jussara (PR)
2015,5214051,3,Mundo Novo (BA) || Mundo Novo (GO) || Mundo Novo (MS)
2015,4117008,2,Nova Fátima (BA) || Nova Fátima (PR)
2015,4211652,3,Novo Horizonte (BA) || Novo Horizonte (SC) || Novo Horizonte (SP)
2015,4314704,4,Planalto (BA) || Planalto (PR) || Planalto (RS) || Planalto (SP)
2015,3157203,2,Santa Bárbara (BA) || Santa Bárbara (MG)
2015,4318309,2,São Gabriel (BA) || São Gabriel (RS)
2015,4320701,2,Sobradinho (BA) || Sobradinho (RS)
2015,3554300,2,Teodoro Sampaio (BA) || Teodoro Sampaio (SP)
2015,3306107,2,Valença (BA) || Valença (RJ)
2015,5100201,2,Água Boa (MG) || Água Boa (MT)
2015,4201208,2,Antônio Carlos (MG) || Antônio Carlos (SC)
2015,4103008,3,Boa Esperança (ES) || Boa Esperança (MG) || Boa Esperança (PR)
2015,4103206,2,Bom Sucesso (MG) || Bom Sucesso (PR)
2015,5204250,2,Cachoeira Dourada (GO) || Cachoeira Dourada (MG)
2015,4104451,3,Cantagalo (MG) || Cantagalo (PR) || Cantagalo (RJ)
2015,5208103,2,Formoso (GO) || Formoso (MG)
2015,4206405,2,Guaraciaba (MG) || Guaraciaba (SC)
2015,4110409,2,Indianópolis (MG) || Indianópolis (PR)
2015,3522406,2,Itapeva (MG) || Itapeva (SP)
2015,4310900,2,Jacutinga (MG) || Jacutinga (RS)
2015,5212253,2,Lagoa Santa (GO) || Lagoa Santa (MG)
2015,4113254,2,Laranjal (MG) || Laranjal (PR)
2015,3302858,2,Mesquita (MG) || Mesquita (RJ)
2015,3541208,2,Presidente Bernardes (MG) || Presidente Bernardes (SP)
2015,4318200,2,São Francisco de Paula (MG) || São Francisco de Paula (RS)
2015,4126900,2,Tapira (MG) || Tapira (PR)
2015,3553500,2,Tapiraí (MG) || Tapiraí (SP)
2015,4127700,2,Toledo (MG) || Toledo (PR)
2015,3555307,2,Turmalina (MG) || Turmalina (SP)
2015,4219176,2,Vargem Bonita (MG) || Vargem Bonita (SC)
2015,4128500,2,Wenceslau Braz (MG) || Wenceslau Braz (PR)
2015,4200804,2,Anchieta (ES) || Anchieta (SC)
2015,3543907,2,Rio Claro (RJ) || Rio Claro (SP)
2015,4202099,2,Barra Bonita (SC) || Barra Bonita (SP)
2015,4103453,2,Cafelândia (PR) || Cafelândia (SP)
2015,5003751,2,Eldorado (MS) || Eldorado (SP)
2015,5207501,2,Estrela do Norte (GO) || Estrela do Norte (SP)
2015,4108809,2,Guaíra (PR) || Guaíra (SP)
2015,4109203,2,Guaraci (PR) || Guaraci (SP)
2015,4208955,2,Jardinópolis (SC) || Jardinópolis (SP)
2015,4211108,2,Monte Castelo (SC) || Monte Castelo (SP)
2015,4211850,2,Ouro Verde (SC) || Ouro Verde (SP)
2015,4117800,2,Palmital (PR) || Palmital (SP)
2015,4212239,2,Paraíso (SC) || Paraíso (SP)
2015,4212908,2,Pinhalzinho (SC) || Pinhalzinho (SP)
2015,4119657,2,Pitangueiras (PR) || Pitangueiras (SP)
2015,4213807,2,Praia Grande (SC) || Praia Grande (SP)
2015,4215356,2,Saltinho (SC) || Saltinho (SP)
2015,5219357,2,Santa Isabel (GO) || Santa Isabel (SP)
2015,4123824,2,Santa Lúcia (PR) || Santa Lúcia (SP)
2015,4216008,2,São Carlos (SC) || São Carlos (SP)
2015,5220405,2,São Simão (GO) || São Simão (SP)
2015,4127403,2,Terra Roxa (PR) || Terra Roxa (SP)
2015,4219150,2,Vargem (SC) || Vargem (SP)
2015,5001508,2,Bandeirantes (MS) || Bandeirantes (PR)
2015,4301800,2,Barracão (PR) || Barracão (RS)
2015,4204004,2,Catanduvas (PR) || Catanduvas (SC)
2015,4305603,2,Colorado (PR) || Colorado (RS)
2015,5003504,2,Douradina (MS) || Douradina (PR)
2015,5103908,2,General Carneiro (MT) || General Carneiro (PR)
2015,4207858,2,Irati (PR) || Irati (SC)
2015,5214804,2,Nova Aurora (GO) || Nova Aurora (PR)
2015,5106232,2,Nova Olímpia (MT) || Nova Olímpia (PR)
2015,4212056,2,Palmeira (PR) || Palmeira (SC)
2015,5007307,2,Rio Negro (MS) || Rio Negro (PR)
2015,4320107,2,Sarandi (PR) || Sarandi (RS)
2015,4320909,2,Tapejara (PR) || Tapejara (RS)
2015,4218806,2,Turvo (PR) || Turvo (SC)
2015,5215009,2,Nova Veneza (GO) || Nova Veneza (SC)
2015,4319109,2,São Martinho (RS) || São Martinho (SC)
2016,2109239,2,Presidente Médici (MA) || Presidente Médici (RO)
2016,4128625,2,Alto Paraíso (PR) || Alto Paraíso (RO)
2016,3109303,2,Buritis (MG) || Buritis (RO)
2016,3136603,2,Nova União (MG) || Nova União (RO)
2016,4306205,3,Cruzeiro do Sul (AC) || Cruzeiro do Sul (PR) || Cruzeiro do Sul (RS)
2016,5107206,2,Rio Branco (AC) || Rio Branco (MT)
2016,4309704,2,Humaitá (AM) || Humaitá (RS)
2016,4208401,2,Itapiranga (AM) || Itapiranga (SC)
2016,4112405,2,Japurá (AM) || Japurá (PR)
2016,3552700,2,Tabatinga (AM) || Tabatinga (SP)
2016,4300554,3,Alto Alegre (RR) || Alto Alegre (RS) || Alto Alegre (SP)
2016,3108107,2,Bonfim (MG) || Bonfim (RR)
2016,2700805,3,Belém (AL) || Belém (PA) || Belém (PB)
2016,1703305,2,Bom Jesus do Tocantins (PA) || Bom Jesus do Tocantins (TO)
2016,5002209,4,Bonito (BA) || Bonito (MS) || Bonito (PA) || Bonito (PE)
2016,4104501,2,Capanema (PA) || Capanema (PR)
2016,2407807,2,Monte Alegre (PA) || Monte Alegre (RN)
2016,1716307,2,Pau D'Arco (PA) || Pau D'Arco (TO)
2016,2611408,2,Primavera (PA) || Primavera (PE)
2016,2311603,2,Redenção (CE) || Redenção (PA)
2016,3305406,2,Sapucaia (PA) || Sapucaia (RJ)
2016,2928208,2,Santana (AP) || Santana (BA)
2016,4300604,2,Alvorada (RS) || Alvorada (TO)
2016,2100873,2,Araguanã (MA) || Araguanã (TO)
2016,4303103,3,Cachoeirinha (PE) || Cachoeirinha (RS) || Cachoeirinha (TO)
2016,2203701,2,Esperantina (PI) || Esperantina (TO)
2016,2910750,2,Fátima (BA) || Fátima (TO)
2016,2910859,2,Filadélfia (BA) || Filadélfia (TO)
2016,4311403,2,Lajeado (RS) || Lajeado (TO)
2016,3303104,2,Natividade (RJ) || Natividade (TO)
2016,2922508,2,Nazaré (BA) || Nazaré (TO)
2016,2510204,3,Nova Olinda (CE) || Nova Olinda (PB) || Nova Olinda (TO)
2016,3204302,2,Presidente Kennedy (ES) || Presidente Kennedy (TO)
2016,3154457,2,Riachinho (MG) || Riachinho (TO)
2016,4117602,2,Palmas (PR) || Palmas (TO)
2016,3300506,3,Bom Jardim (MA) || Bom Jardim (PE) || Bom Jardim (RJ)
2016,3511300,2,Cedral (MA) || Cedral (SP)
2016,4305587,2,Colinas (MA) || Colinas (RS)
2016,5206909,2,Davinópolis (GO) || Davinópolis (MA)
2016,4115903,2,Mirador (MA) || Mirador (PR)
2016,2925600,2,Presidente Dutra (BA) || Presidente Dutra (MA)
2016,3153202,2,Presidente Juscelino (MA) || Presidente Juscelino (MG)
2016,4215554,4,Santa Helena (MA) || Santa Helena (PB) || Santa Helena (PR) || Santa Helena (SC)
2016,4123600,3,Santa Inês (BA) || Santa Inês (MA) || Santa Inês (PR)
2016,3157807,4,Santa Luzia (BA) || Santa Luzia (MA) || Santa Luzia (MG) || Santa Luzia (PB)
2016,2513703,2,Santa Rita (MA) || Santa Rita (PB)
2016,2513901,2,São Bento (MA) || São Bento (PB)
2016,4216305,2,São João Batista (MA) || São João Batista (SC)
2016,3162708,2,São João do Paraíso (MA) || São João do Paraíso (MG)
2016,2413706,2,Sítio Novo (MA) || Sítio Novo (RN)
2016,3205101,2,Viana (ES) || Viana (MA)
2016,2700102,3,Água Branca (AL) || Água Branca (PB) || Água Branca (PI)
2016,2700706,2,Batalha (AL) || Batalha (PI)
2016,3506805,2,Bocaina (PI) || Bocaina (SP)
2016,4302303,4,Bom Jesus (PI) || Bom Jesus (RN) || Bom Jesus (RS) || Bom Jesus (SC)
2016,5002803,2,Caracol (MS) || Caracol (PI)
2016,2612554,2,Santa Filomena (PE) || Santa Filomena (PI)
2016,5108402,2,Várzea Grande (MT) || Várzea Grande (PI)
2016,4201901,2,Aurora (CE) || Aurora (SC)
2016,4104808,2,Cascavel (CE) || Cascavel (PR)
2016,2604304,2,Cedro (CE) || Cedro (PE)
2016,5209705,2,Hidrolândia (CE) || Hidrolândia (GO)
2016,4110052,2,Iguatu (CE) || Iguatu (PR)
2016,4310405,2,Independência (CE) || Independência (RS)
2016,5005004,2,Jardim (CE) || Jardim (MS)
2016,2921302,2,Milagres (BA) || Milagres (CE)
2016,5213806,2,Morrinhos (CE) || Morrinhos (GO)
2016,2804904,2,Pacatuba (CE) || Pacatuba (SE)
2016,2511004,2,Pedra Branca (CE) || Pedra Branca (PB)
2016,2412005,2,São Gonçalo do Amarante (CE) || São Gonçalo do Amarante (RN)
2016,2800506,2,Areia Branca (RN) || Areia Branca (SE)
2016,5002704,3,Campo Grande (AL) || Campo Grande (MS) || Campo Grande (RN)
2016,2501534,2,Baraúna (PB) || Baraúna (RN)
2016,2602506,2,Brejinho (PE) || Brejinho (RN)
2016,2504074,2,Caraúbas (PB) || Caraúbas (RN)
2016,2610400,2,Parnamirim (PE) || Parnamirim (RN)
2016,5210802,2,Itajá (GO) || Itajá (RN)
2016,2917904,2,Jandaíra (BA) || Jandaíra (RN)
2016,2703908,2,Jundiá (AL) || Jundiá (RN)
2016,3145901,3,Ouro Branco (AL) || Ouro Branco (MG) || Ouro Branco (RN)
2016,4316907,2,Santa Maria (RN) || Santa Maria (RS)
2016,5106372,2,Pedra Preta (MT) || Pedra Preta (RN)
2016,2511608,2,Pilões (PB) || Pilões (RN)
2016,2926400,2,Riacho de Santana (BA) || Riacho de Santana (RN)
2016,2805901,2,Riachuelo (RN) || Riachuelo (SE)
2016,2927200,2,Ruy Barbosa (BA) || Ruy Barbosa (RN)
2016,2612455,3,Santa Cruz (PB) || Santa Cruz (PE) || Santa Cruz (RN)
2016,3550407,2,São Pedro (RN) || São Pedro (SP)
2016,4126108,2,São Tomé (PR) || São Tomé (RN)
2016,3551009,2,São Vicente (RN) || São Vicente (SP)
2016,2930501,2,Serrinha (BA) || Serrinha (RN)
2016,4217907,2,Tangará (RN) || Tangará (SC)
2016,4322707,4,Vera Cruz (BA) || Vera Cruz (RN) || Vera Cruz (RS) || Vera Cruz (SP)
2016,3171303,3,Viçosa (AL) || Viçosa (MG) || Viçosa (RN)
2016,2600609,2,Alagoinha (PB) || Alagoinha (PE)
2016,4101705,2,Araruna (PB) || Araruna (PR)
2016,4303400,2,Caiçara (PB) || Caiçara (RS)
2016,2908606,2,Conde (BA) || Conde (PB)
2016,2802908,2,Itabaiana (PB) || Itabaiana (SE)
2016,3522802,2,Itaporanga (PB) || Itaporanga (SP)
2016,2610707,2,Paulista (PB) || Paulista (PE)
2016,2706901,2,Pilar (AL) || Pilar (PB)
2016,3152808,2,Prata (MG) || Prata (PB)
2016,2925808,2,Queimadas (BA) || Queimadas (PB)
2016,2611533,2,Quixaba (PB) || Quixaba (PE)
2016,4215505,2,Santa Cecília (PB) || Santa Cecília (SC)
2016,3547809,2,Santo André (PB) || Santo André (SP)
2016,5219803,5,São Domingos (BA) || São Domingos (GO) || São Domingos (PB) || São Domingos (SC) || São Domingos (SE)
2016,3551702,2,Sertãozinho (PB) || Sertãozinho (SP)
2016,4320800,2,Soledade (PB) || Soledade (RS)
2016,2931202,2,Taperoá (BA) || Taperoá (PB)
2016,4321352,2,Tavares (PB) || Tavares (RS)
2016,4322004,3,Triunfo (PB) || Triunfo (PE) || Triunfo (RS)
2016,2802205,2,Feira Nova (PE) || Feira Nova (SE)
2016,4107900,2,Floresta (PE) || Floresta (PR)
2016,4110300,2,Inajá (PE) || Inajá (PR)
2016,4111100,3,Itambé (BA) || Itambé (PE) || Itambé (PR)
2016,3137536,2,Lagoa Grande (MG) || Lagoa Grande (PE)
2016,4212700,2,Petrolândia (PE) || Petrolândia (SC)
2016,5107776,4,Santa Terezinha (BA) || Santa Terezinha (MT) || Santa Terezinha (PE) || Santa Terezinha (SC)
2016,4124806,2,São João (PE) || São João (PR)
2016,2931707,2,Terra Nova (BA) || Terra Nova (PE)
2016,5221403,2,Trindade (GO) || Trindade (PE)
2016,4102208,2,Atalaia (AL) || Atalaia (PR)
2016,3111002,2,Campestre (AL) || Campestre (MG)
2016,4203303,2,Campo Alegre (AL) || Campo Alegre (SC)
2016,2801306,2,Capela (AL) || Capela (SE)
2016,4210506,2,Maravilha (AL) || Maravilha (SC)
2016,3535002,2,Palestina (AL) || Palestina (SP)
2016,5217203,2,Piranhas (AL) || Piranhas (GO)
2016,3550704,2,São Sebastião (AL) || São Sebastião (SP)
2016,4119301,2,Pinhão (PR) || Pinhão (SE)
2016,4215604,2,Santa Rosa de Lima (SC) || Santa Rosa de Lima (SE)
2016,3549003,3,São Francisco (MG) || São Francisco (SE) || São Francisco (SP)
2016,5203203,2,Barro Alto (BA) || Barro Alto (GO)
2016,4202156,2,Belmonte (BA) || Belmonte (SC)
2016,3111804,2,Canápolis (BA) || Canápolis (MG)
2016,5102702,2,Canarana (BA) || Canarana (MT)
2016,3112000,2,Candeias (BA) || Candeias (MG)
2016,4205175,2,Entre Rios (BA) || Entre Rios (SC)
2016,3524204,2,Jaborandi (BA) || Jaborandi (SP)
2016,5212204,3,Jussara (BA) || Jussara (GO) || Jussara (PR)
2016,5214051,3,Mundo Novo (BA) || Mundo Novo (GO) || Mundo Novo (MS)
2016,4117008,2,Nova Fátima (BA) || Nova Fátima (PR)
2016,4211652,3,Novo Horizonte (BA) || Novo Horizonte (SC) || Novo Horizonte (SP)
2016,4314704,4,Planalto (BA) || Planalto (PR) || Planalto (RS) || Planalto (SP)
2016,3157203,2,Santa Bárbara (BA) || Santa Bárbara (MG)
2016,4318309,2,São Gabriel (BA) || São Gabriel (RS)
2016,4320701,2,Sobradinho (BA) || Sobradinho (RS)
2016,3554300,2,Teodoro Sampaio (BA) || Teodoro Sampaio (SP)
2016,3306107,2,Valença (BA) || Valença (RJ)
2016,5100201,2,Água Boa (MG) || Água Boa (MT)
2016,4201208,2,Antônio Carlos (MG) || Antônio Carlos (SC)
2016,4103008,3,Boa Esperança (ES) || Boa Esperança (MG) || Boa Esperança (PR)
2016,4103206,2,Bom Sucesso (MG) || Bom Sucesso (PR)
2016,5204250,2,Cachoeira Dourada (GO) || Cachoeira Dourada (MG)
2016,4104451,3,Cantagalo (MG) || Cantagalo (PR) || Cantagalo (RJ)
2016,5208103,2,Formoso (GO) || Formoso (MG)
2016,4206405,2,Guaraciaba (MG) || Guaraciaba (SC)
2016,4110409,2,Indianópolis (MG) || Indianópolis (PR)
2016,3522406,2,Itapeva (MG) || Itapeva (SP)
2016,4310900,2,Jacutinga (MG) || Jacutinga (RS)
2016,5212253,2,Lagoa Santa (GO) || Lagoa Santa (MG)
2016,4113254,2,Laranjal (MG) || Laranjal (PR)
2016,3302858,2,Mesquita (MG) || Mesquita (RJ)
2016,3541208,2,Presidente Bernardes (MG) || Presidente Bernardes (SP)
2016,4318200,2,São Francisco de Paula (MG) || São Francisco de Paula (RS)
2016,4126900,2,Tapira (MG) || Tapira (PR)
2016,3553500,2,Tapiraí (MG) || Tapiraí (SP)
2016,4127700,2,Toledo (MG) || Toledo (PR)
2016,3555307,2,Turmalina (MG) || Turmalina (SP)
2016,4219176,2,Vargem Bonita (MG) || Vargem Bonita (SC)
2016,4128500,2,Wenceslau Braz (MG) || Wenceslau Braz (PR)
2016,4200804,2,Anchieta (ES) || Anchieta (SC)
2016,3543907,2,Rio Claro (RJ) || Rio Claro (SP)
2016,4202099,2,Barra Bonita (SC) || Barra Bonita (SP)
2016,4103453,2,Cafelândia (PR) || Cafelândia (SP)
2016,5003751,2,Eldorado (MS) || Eldorado (SP)
2016,5207501,2,Estrela do Norte (GO) || Estrela do Norte (SP)
2016,4108809,2,Guaíra (PR) || Guaíra (SP)
2016,4109203,2,Guaraci (PR) || Guaraci (SP)
2016,4208955,2,Jardinópolis (SC) || Jardinópolis (SP)
2016,4211108,2,Monte Castelo (SC) || Monte Castelo (SP)
2016,4211850,2,Ouro Verde (SC) || Ouro Verde (SP)
2016,4117800,2,Palmital (PR) || Palmital (SP)
2016,4212239,2,Paraíso (SC) || Paraíso (SP)
2016,4212908,2,Pinhalzinho (SC) || Pinhalzinho (SP)
2016,4119657,2,Pitangueiras (PR) || Pitangueiras (SP)
2016,4213807,2,Praia Grande (SC) || Praia Grande (SP)
2016,4215356,2,Saltinho (SC) || Saltinho (SP)
2016,5219357,2,Santa Isabel (GO) || Santa Isabel (SP)
2016,4123824,2,Santa Lúcia (PR) || Santa Lúcia (SP)
2016,4216008,2,São Carlos (SC) || São Carlos (SP)
2016,5220405,2,São Simão (GO) || São Simão (SP)
2016,4127403,2,Terra Roxa (PR) || Terra Roxa (SP)
2016,4219150,2,Vargem (SC) || Vargem (SP)
2016,5001508,2,Bandeirantes (MS) || Bandeirantes (PR)
2016,4301800,2,Barracão (PR) || Barracão (RS)
2016,4204004,2,Catanduvas (PR) || Catanduvas (SC)
2016,4305603,2,Colorado (PR) || Colorado (RS)
2016,5003504,2,Douradina (MS) || Douradina (PR)
2016,5103908,2,General Carneiro (MT) || General Carneiro (PR)
2016,4207858,2,Irati (PR) || Irati (SC)
2016,5214804,2,Nova Aurora (GO) || Nova Aurora (PR)
2016,5106232,2,Nova Olímpia (MT) || Nova Olímpia (PR)
2016,4212056,2,Palmeira (PR) || Palmeira (SC)
2016,5007307,2,Rio Negro (MS) || Rio Negro (PR)
2016,4320107,2,Sarandi (PR) || Sarandi (RS)
2016,4320909,2,Tapejara (PR) || Tapejara (RS)
2016,4218806,2,Turvo (PR) || Turvo (SC)
2016,5215009,2,Nova Veneza (GO) || Nova Veneza (SC)
2016,4319109,2,São Martinho (RS) || São Martinho (SC)
2017,2109239,2,Presidente Médici (MA) || Presidente Médici (RO)
2017,4128625,2,Alto Paraíso (PR) || Alto Paraíso (RO)
2017,3109303,2,Buritis (MG) || Buritis (RO)
2017,3136603,2,Nova União (MG) || Nova União (RO)
2017,4306205,3,Cruzeiro do Sul (AC) || Cruzeiro do Sul (PR) || Cruzeiro do Sul (RS)
2017,5107206,2,Rio Branco (AC) || Rio Branco (MT)
2017,4309704,2,Humaitá (AM) || Humaitá (RS)
2017,4208401,2,Itapiranga (AM) || Itapiranga (SC)
2017,4112405,2,Japurá (AM) || Japurá (PR)
2017,3552700,2,Tabatinga (AM) || Tabatinga (SP)
2017,4300554,3,Alto Alegre (RR) || Alto Alegre (RS) || Alto Alegre (SP)
2017,3108107,2,Bonfim (MG) || Bonfim (RR)
2017,2700805,3,Belém (AL) || Belém (PA) || Belém (PB)
2017,1703305,2,Bom Jesus do Tocantins (PA) || Bom Jesus do Tocantins (TO)
2017,5002209,4,Bonito (BA) || Bonito (MS) || Bonito (PA) || Bonito (PE)
2017,4104501,2,Capanema (PA) || Capanema (PR)
2017,2407807,2,Monte Alegre (PA) || Monte Alegre (RN)
2017,1716307,2,Pau D'Arco (PA) || Pau D'Arco (TO)
2017,2611408,2,Primavera (PA) || Primavera (PE)
2017,2311603,2,Redenção (CE) || Redenção (PA)
2017,3305406,2,Sapucaia (PA) || Sapucaia (RJ)
2017,2928208,2,Santana (AP) || Santana (BA)
2017,4300604,2,Alvorada (RS) || Alvorada (TO)
2017,2100873,2,Araguanã (MA) || Araguanã (TO)
2017,4303103,3,Cachoeirinha (PE) || Cachoeirinha (RS) || Cachoeirinha (TO)
2017,2203701,2,Esperantina (PI) || Esperantina (TO)
2017,2910750,2,Fátima (BA) || Fátima (TO)
2017,2910859,2,Filadélfia (BA) || Filadélfia (TO)
2017,4311403,2,Lajeado (RS) || Lajeado (TO)
2017,3303104,2,Natividade (RJ) || Natividade (TO)
2017,2922508,2,Nazaré (BA) || Nazaré (TO)
2017,2510204,3,Nova Olinda (CE) || Nova Olinda (PB) || Nova Olinda (TO)
2017,3204302,2,Presidente Kennedy (ES) || Presidente Kennedy (TO)
2017,3154457,2,Riachinho (MG) || Riachinho (TO)
2017,4117602,2,Palmas (PR) || Palmas (TO)
2017,3300506,3,Bom Jardim (MA) || Bom Jardim (PE) || Bom Jardim (RJ)
2017,3511300,2,Cedral (MA) || Cedral (SP)
2017,4305587,2,Colinas (MA) || Colinas (RS)
2017,5206909,2,Davinópolis (GO) || Davinópolis (MA)
2017,4115903,2,Mirador (MA) || Mirador (PR)
2017,2925600,2,Presidente Dutra (BA) || Presidente Dutra (MA)
2017,3153202,2,Presidente Juscelino (MA) || Presidente Juscelino (MG)
2017,4215554,4,Santa Helena (MA) || Santa Helena (PB) || Santa Helena (PR) || Santa Helena (SC)
2017,4123600,3,Santa Inês (BA) || Santa Inês (MA) || Santa Inês (PR)
2017,3157807,4,Santa Luzia (BA) || Santa Luzia (MA) || Santa Luzia (MG) || Santa Luzia (PB)
2017,2513703,2,Santa Rita (MA) || Santa Rita (PB)
2017,2513901,2,São Bento (MA) || São Bento (PB)
2017,4216305,2,São João Batista (MA) || São João Batista (SC)
2017,3162708,2,São João do Paraíso (MA) || São João do Paraíso (MG)
2017,2413706,2,Sítio Novo (MA) || Sítio Novo (RN)
2017,3205101,2,Viana (ES) || Viana (MA)
2017,2700102,3,Água Branca (AL) || Água Branca (PB) || Água Branca (PI)
2017,2700706,2,Batalha (AL) || Batalha (PI)
2017,3506805,2,Bocaina (PI) || Bocaina (SP)
2017,4302303,4,Bom Jesus (PI) || Bom Jesus (RN) || Bom Jesus (RS) || Bom Jesus (SC)
2017,5002803,2,Caracol (MS) || Caracol (PI)
2017,2612554,2,Santa Filomena (PE) || Santa Filomena (PI)
2017,5108402,2,Várzea Grande (MT) || Várzea Grande (PI)
2017,4201901,2,Aurora (CE) || Aurora (SC)
2017,4104808,2,Cascavel (CE) || Cascavel (PR)
2017,2604304,2,Cedro (CE) || Cedro (PE)
2017,5209705,2,Hidrolândia (CE) || Hidrolândia (GO)
2017,4110052,2,Iguatu (CE) || Iguatu (PR)
2017,4310405,2,Independência (CE) || Independência (RS)
2017,5005004,2,Jardim (CE) || Jardim (MS)
2017,2921302,2,Milagres (BA) || Milagres (CE)
2017,5213806,2,Morrinhos (CE) || Morrinhos (GO)
2017,2804904,2,Pacatuba (CE) || Pacatuba (SE)
2017,2511004,2,Pedra Branca (CE) || Pedra Branca (PB)
2017,2412005,2,São Gonçalo do Amarante (CE) || São Gonçalo do Amarante (RN)
2017,2800506,2,Areia Branca (RN) || Areia Branca (SE)
2017,5002704,3,Campo Grande (AL) || Campo Grande (MS) || Campo Grande (RN)
2017,2501534,2,Baraúna (PB) || Baraúna (RN)
2017,2602506,2,Brejinho (PE) || Brejinho (RN)
2017,2504074,2,Caraúbas (PB) || Caraúbas (RN)
2017,2610400,2,Parnamirim (PE) || Parnamirim (RN)
2017,5210802,2,Itajá (GO) || Itajá (RN)
2017,2917904,2,Jandaíra (BA) || Jandaíra (RN)
2017,2703908,2,Jundiá (AL) || Jundiá (RN)
2017,3145901,3,Ouro Branco (AL) || Ouro Branco (MG) || Ouro Branco (RN)
2017,4316907,2,Santa Maria (RN) || Santa Maria (RS)
2017,5106372,2,Pedra Preta (MT) || Pedra Preta (RN)
2017,2511608,2,Pilões (PB) || Pilões (RN)
2017,2926400,2,Riacho de Santana (BA) || Riacho de Santana (RN)
2017,2805901,2,Riachuelo (RN) || Riachuelo (SE)
2017,2927200,2,Ruy Barbosa (BA) || Ruy Barbosa (RN)
2017,2612455,3,Santa Cruz (PB) || Santa Cruz (PE) || Santa Cruz (RN)
2017,3550407,2,São Pedro (RN) || São Pedro (SP)
2017,4126108,2,São Tomé (PR) || São Tomé (RN)
2017,3551009,2,São Vicente (RN) || São Vicente (SP)
2017,2930501,2,Serrinha (BA) || Serrinha (RN)
2017,4217907,2,Tangará (RN) || Tangará (SC)
2017,4322707,4,Vera Cruz (BA) || Vera Cruz (RN) || Vera Cruz (RS) || Vera Cruz (SP)
2017,3171303,3,Viçosa (AL) || Viçosa (MG) || Viçosa (RN)
2017,2600609,2,Alagoinha (PB) || Alagoinha (PE)
2017,4101705,2,Araruna (PB) || Araruna (PR)
2017,4303400,2,Caiçara (PB) || Caiçara (RS)
2017,2908606,2,Conde (BA) || Conde (PB)
2017,2802908,2,Itabaiana (PB) || Itabaiana (SE)
2017,3522802,2,Itaporanga (PB) || Itaporanga (SP)
2017,2610707,2,Paulista (PB) || Paulista (PE)
2017,2706901,2,Pilar (AL) || Pilar (PB)
2017,3152808,2,Prata (MG) || Prata (PB)
2017,2925808,2,Queimadas (BA) || Queimadas (PB)
2017,2611533,2,Quixaba (PB) || Quixaba (PE)
2017,4215505,2,Santa Cecília (PB) || Santa Cecília (SC)
2017,3547809,2,Santo André (PB) || Santo André (SP)
2017,5219803,5,São Domingos (BA) || São Domingos (GO) || São Domingos (PB) || São Domingos (SC) || São Domingos (SE)
2017,3551702,2,Sertãozinho (PB) || Sertãozinho (SP)
2017,4320800,2,Soledade (PB) || Soledade (RS)
2017,2931202,2,Taperoá (BA) || Taperoá (PB)
2017,4321352,2,Tavares (PB) || Tavares (RS)
2017,4322004,3,Triunfo (PB) || Triunfo (PE) || Triunfo (RS)
2017,2802205,2,Feira Nova (PE) || Feira Nova (SE)
2017,4107900,2,Floresta (PE) || Floresta (PR)
2017,4110300,2,Inajá (PE) || Inajá (PR)
2017,4111100,3,Itambé (BA) || Itambé (PE) || Itambé (PR)
2017,3137536,2,Lagoa Grande (MG) || Lagoa Grande (PE)
2017,4212700,2,Petrolândia (PE) || Petrolândia (SC)
2017,5107776,4,Santa Terezinha (BA) || Santa Terezinha (MT) || Santa Terezinha (PE) || Santa Terezinha (SC)
2017,4124806,2,São João (PE) || São João (PR)
2017,2931707,2,Terra Nova (BA) || Terra Nova (PE)
2017,5221403,2,Trindade (GO) || Trindade (PE)
2017,4102208,2,Atalaia (AL) || Atalaia (PR)
2017,3111002,2,Campestre (AL) || Campestre (MG)
2017,4203303,2,Campo Alegre (AL) || Campo Alegre (SC)
2017,2801306,2,Capela (AL) || Capela (SE)
2017,4210506,2,Maravilha (AL) || Maravilha (SC)
2017,3535002,2,Palestina (AL) || Palestina (SP)
2017,5217203,2,Piranhas (AL) || Piranhas (GO)
2017,3550704,2,São Sebastião (AL) || São Sebastião (SP)
2017,4119301,2,Pinhão (PR) || Pinhão (SE)
2017,4215604,2,Santa Rosa de Lima (SC) || Santa Rosa de Lima (SE)
2017,3549003,3,São Francisco (MG) || São Francisco (SE) || São Francisco (SP)
2017,5203203,2,Barro Alto (BA) || Barro Alto (GO)
2017,4202156,2,Belmonte (BA) || Belmonte (SC)
2017,3111804,2,Canápolis (BA) || Canápolis (MG)
2017,5102702,2,Canarana (BA) || Canarana (MT)
2017,3112000,2,Candeias (BA) || Candeias (MG)
2017,4205175,2,Entre Rios (BA) || Entre Rios (SC)
2017,3524204,2,Jaborandi (BA) || Jaborandi (SP)
2017,5212204,3,Jussara (BA) || Jussara (GO) || Jussara (PR)
2017,5214051,3,Mundo Novo (BA) || Mundo Novo (GO) || Mundo Novo (MS)
2017,4117008,2,Nova Fátima (BA) || Nova Fátima (PR)
2017,4211652,3,Novo Horizonte (BA) || Novo Horizonte (SC) || Novo Horizonte (SP)
2017,4314704,4,Planalto (BA) || Planalto (PR) || Planalto (RS) || Planalto (SP)
2017,3157203,2,Santa Bárbara (BA) || Santa Bárbara (MG)
2017,4318309,2,São Gabriel (BA) || São Gabriel (RS)
2017,4320701,2,Sobradinho (BA) || Sobradinho (RS)
2017,3554300,2,Teodoro Sampaio (BA) || Teodoro Sampaio (SP)
2017,3306107,2,Valença (BA) || Valença (RJ)
2017,5100201,2,Água Boa (MG) || Água Boa (MT)
2017,4201208,2,Antônio Carlos (MG) || Antônio Carlos (SC)
2017,4103008,3,Boa Esperança (ES) || Boa Esperança (MG) || Boa Esperança (PR)
2017,4103206,2,Bom Sucesso (MG) || Bom Sucesso (PR)
2017,5204250,2,Cachoeira Dourada (GO) || Cachoeira Dourada (MG)
2017,4104451,3,Cantagalo (MG) || Cantagalo (PR) || Cantagalo (RJ)
2017,5208103,2,Formoso (GO) || Formoso (MG)
2017,4206405,2,Guaraciaba (MG) || Guaraciaba (SC)
2017,4110409,2,Indianópolis (MG) || Indianópolis (PR)
2017,3522406,2,Itapeva (MG) || Itapeva (SP)
2017,4310900,2,Jacutinga (MG) || Jacutinga (RS)
2017,5212253,2,Lagoa Santa (GO) || Lagoa Santa (MG)
2017,4113254,2,Laranjal (MG) || Laranjal (PR)
2017,3302858,2,Mesquita (MG) || Mesquita (RJ)
2017,3541208,2,Presidente Bernardes (MG) || Presidente Bernardes (SP)
2017,4318200,2,São Francisco de Paula (MG) || São Francisco de Paula (RS)
2017,4126900,2,Tapira (MG) || Tapira (PR)
2017,3553500,2,Tapiraí (MG) || Tapiraí (SP)
2017,4127700,2,Toledo (MG) || Toledo (PR)
2017,3555307,2,Turmalina (MG) || Turmalina (SP)
2017,4219176,2,Vargem Bonita (MG) || Vargem Bonita (SC)
2017,4128500,2,Wenceslau Braz (MG) || Wenceslau Braz (PR)
2017,4200804,2,Anchieta (ES) || Anchieta (SC)
2017,3543907,2,Rio Claro (RJ) || Rio Claro (SP)
2017,4202099,2,Barra Bonita (SC) || Barra Bonita (SP)
2017,4103453,2,Cafelândia (PR) || Cafelândia (SP)
2017,5003751,2,Eldorado (MS) || Eldorado (SP)
2017,5207501,2,Estrela do Norte (GO) || Estrela do Norte (SP)
2017,4108809,2,Guaíra (PR) || Guaíra (SP)
2017,4109203,2,Guaraci (PR) || Guaraci (SP)
2017,4208955,2,Jardinópolis (SC) || Jardinópolis (SP)
2017,4211108,2,Monte Castelo (SC) || Monte Castelo (SP)
2017,4211850,2,Ouro Verde (SC) || Ouro Verde (SP)
2017,4117800,2,Palmital (PR) || Palmital (SP)
2017,4212239,2,Paraíso (SC) || Paraíso (SP)
2017,4212908,2,Pinhalzinho (SC) || Pinhalzinho (SP)
2017,4119657,2,Pitangueiras (PR) || Pitangueiras (SP)
2017,4213807,2,Praia Grande (SC) || Praia Grande (SP)
2017,4215356,2,Saltinho (SC) || Saltinho (SP)
2017,5219357,2,Santa Isabel (GO) || Santa Isabel (SP)
2017,4123824,2,Santa Lúcia (PR) || Santa Lúcia (SP)
2017,4216008,2,São Carlos (SC) || São Carlos (SP)
2017,5220405,2,São Simão (GO) || São Simão (SP)
2017,4127403,2,Terra Roxa (PR) || Terra Roxa (SP)
2017,4219150,2,Vargem (SC) || Vargem (SP)
2017,5001508,2,Bandeirantes (MS) || Bandeirantes (PR)
2017,4301800,2,Barracão (PR) || Barracão (RS)
2017,4204004,2,Catanduvas (PR) || Catanduvas (SC)
2017,4305603,2,Colorado (PR) || Colorado (RS)
2017,5003504,2,Douradina (MS) || Douradina (PR)
2017,5103908,2,General Carneiro (MT) || General Carneiro (PR)
2017,4207858,2,Irati (PR) || Irati (SC)
2017,5214804,2,Nova Aurora (GO) || Nova Aurora (PR)
2017,5106232,2,Nova Olímpia (MT) || Nova Olímpia (PR)
2017,4212056,2,Palmeira (PR) || Palmeira (SC)
2017,5007307,2,Rio Negro (MS) || Rio Negro (PR)
2017,4320107,2,Sarandi (PR) || Sarandi (RS)
2017,4320909,2,Tapejara (PR) || Tapejara (RS)
2017,4218806,2,Turvo (PR) || Turvo (SC)
2017,5215009,2,Nova Veneza (GO) || Nova Veneza (SC)
2017,4319109,2,São Martinho (RS) || São Martinho (SC)
2018,2109239,2,Presidente Médici (MA) || Presidente Médici (RO)
2018,4128625,2,Alto Paraíso (PR) || Alto Paraíso (RO)
2018,3109303,2,Buritis (MG) || Buritis (RO)
2018,3136603,2,Nova União (MG) || Nova União (RO)
2018,4306205,3,Cruzeiro do Sul (AC) || Cruzeiro do Sul (PR) || Cruzeiro do Sul (RS)
2018,5107206,2,Rio Branco (AC) || Rio Branco (MT)
2018,4309704,2,Humaitá (AM) || Humaitá (RS)
2018,4208401,2,Itapiranga (AM) || Itapiranga (SC)
2018,4112405,2,Japurá (AM) || Japurá (PR)
2018,3552700,2,Tabatinga (AM) || Tabatinga (SP)
2018,4300554,3,Alto Alegre (RR) || Alto Alegre (RS) || Alto Alegre (SP)
2018,3108107,2,Bonfim (MG) || Bonfim (RR)
2018,2700805,3,Belém (AL) || Belém (PA) || Belém (PB)
2018,1703305,2,Bom Jesus do Tocantins (PA) || Bom Jesus do Tocantins (TO)
2018,5002209,4,Bonito (BA) || Bonito (MS) || Bonito (PA) || Bonito (PE)
2018,4104501,2,Capanema (PA) || Capanema (PR)
2018,2407807,2,Monte Alegre (PA) || Monte Alegre (RN)
2018,1716307,2,Pau D'Arco (PA) || Pau D'Arco (TO)
2018,2611408,2,Primavera (PA) || Primavera (PE)
2018,2311603,2,Redenção (CE) || Redenção (PA)
2018,3305406,2,Sapucaia (PA) || Sapucaia (RJ)
2018,2928208,2,Santana (AP) || Santana (BA)
2018,4300604,2,Alvorada (RS) || Alvorada (TO)
2018,2100873,2,Araguanã (MA) || Araguanã (TO)
2018,4303103,3,Cachoeirinha (PE) || Cachoeirinha (RS) || Cachoeirinha (TO)
2018,2203701,2,Esperantina (PI) || Esperantina (TO)
2018,2910750,2,Fátima (BA) || Fátima (TO)
2018,2910859,2,Filadélfia (BA) || Filadélfia (TO)
2018,4311403,2,Lajeado (RS) || Lajeado (TO)
2018,3303104,2,Natividade (RJ) || Natividade (TO)
2018,2922508,2,Nazaré (BA) || Nazaré (TO)
2018,2510204,3,Nova Olinda (CE) || Nova Olinda (PB) || Nova Olinda (TO)
2018,3204302,2,Presidente Kennedy (ES) || Presidente Kennedy (TO)
2018,3154457,2,Riachinho (MG) || Riachinho (TO)
2018,4117602,2,Palmas (PR) || Palmas (TO)
2018,3300506,3,Bom Jardim (MA) || Bom Jardim (PE) || Bom Jardim (RJ)
2018,3511300,2,Cedral (MA) || Cedral (SP)
2018,4305587,2,Colinas (MA) || Colinas (RS)
2018,5206909,2,Davinópolis (GO) || Davinópolis (MA)
2018,4115903,2,Mirador (MA) || Mirador (PR)
2018,2925600,2,Presidente Dutra (BA) || Presidente Dutra (MA)
2018,3153202,2,Presidente Juscelino (MA) || Presidente Juscelino (MG)
2018,4215554,4,Santa Helena (MA) || Santa Helena (PB) || Santa Helena (PR) || Santa Helena (SC)
2018,4123600,3,Santa Inês (BA) || Santa Inês (MA) || Santa Inês (PR)
2018,3157807,4,Santa Luzia (BA) || Santa Luzia (MA) || Santa Luzia (MG) || Santa Luzia (PB)
2018,2513703,2,Santa Rita (MA) || Santa Rita (PB)
2018,2513901,2,São Bento (MA) || São Bento (PB)
2018,4216305,2,São João Batista (MA) || São João Batista (SC)
2018,3162708,2,São João do Paraíso (MA) || São João do Paraíso (MG)
2018,2413706,2,Sítio Novo (MA) || Sítio Novo (RN)
2018,3205101,2,Viana (ES) || Viana (MA)
2018,2700102,3,Água Branca (AL) || Água Branca (PB) || Água Branca (PI)
2018,2700706,2,Batalha (AL) || Batalha (PI)
2018,3506805,2,Bocaina (PI) || Bocaina (SP)
2018,4302303,4,Bom Jesus (PI) || Bom Jesus (RN) || Bom Jesus (RS) || Bom Jesus (SC)
2018,5002803,2,Caracol (MS) || Caracol (PI)
2018,2612554,2,Santa Filomena (PE) || Santa Filomena (PI)
2018,5108402,2,Várzea Grande (MT) || Várzea Grande (PI)
2018,4201901,2,Aurora (CE) || Aurora (SC)
2018,4104808,2,Cascavel (CE) || Cascavel (PR)
2018,2604304,2,Cedro (CE) || Cedro (PE)
2018,5209705,2,Hidrolândia (CE) || Hidrolândia (GO)
2018,4110052,2,Iguatu (CE) || Iguatu (PR)
2018,4310405,2,Independência (CE) || Independência (RS)
2018,5005004,2,Jardim (CE) || Jardim (MS)
2018,2921302,2,Milagres (BA) || Milagres (CE)
2018,5213806,2,Morrinhos (CE) || Morrinhos (GO)
2018,2804904,2,Pacatuba (CE) || Pacatuba (SE)
2018,2511004,2,Pedra Branca (CE) || Pedra Branca (PB)
2018,2412005,2,São Gonçalo do Amarante (CE) || São Gonçalo do Amarante (RN)
2018,2800506,2,Areia Branca (RN) || Areia Branca (SE)
2018,5002704,3,Campo Grande (AL) || Campo Grande (MS) || Campo Grande (RN)
2018,2501534,2,Baraúna (PB) || Baraúna (RN)
2018,2602506,2,Brejinho (PE) || Brejinho (RN)
2018,2504074,2,Caraúbas (PB) || Caraúbas (RN)
2018,2610400,2,Parnamirim (PE) || Parnamirim (RN)
2018,5210802,2,Itajá (GO) || Itajá (RN)
2018,2917904,2,Jandaíra (BA) || Jandaíra (RN)
2018,2703908,2,Jundiá (AL) || Jundiá (RN)
2018,3145901,3,Ouro Branco (AL) || Ouro Branco (MG) || Ouro Branco (RN)
2018,4316907,2,Santa Maria (RN) || Santa Maria (RS)
2018,5106372,2,Pedra Preta (MT) || Pedra Preta (RN)
2018,2511608,2,Pilões (PB) || Pilões (RN)
2018,2926400,2,Riacho de Santana (BA) || Riacho de Santana (RN)
2018,2805901,2,Riachuelo (RN) || Riachuelo (SE)
2018,2927200,2,Ruy Barbosa (BA) || Ruy Barbosa (RN)
2018,2612455,3,Santa Cruz (PB) || Santa Cruz (PE) || Santa Cruz (RN)
2018,3550407,2,São Pedro (RN) || São Pedro (SP)
2018,4126108,2,São Tomé (PR) || São Tomé (RN)
2018,3551009,2,São Vicente (RN) || São Vicente (SP)
2018,2930501,2,Serrinha (BA) || Serrinha (RN)
2018,4217907,2,Tangará (RN) || Tangará (SC)
2018,4322707,4,Vera Cruz (BA) || Vera Cruz (RN) || Vera Cruz (RS) || Vera Cruz (SP)
2018,3171303,3,Viçosa (AL) || Viçosa (MG) || Viçosa (RN)
2018,2600609,2,Alagoinha (PB) || Alagoinha (PE)
2018,4101705,2,Araruna (PB) || Araruna (PR)
2018,4303400,2,Caiçara (PB) || Caiçara (RS)
2018,2908606,2,Conde (BA) || Conde (PB)
2018,2802908,2,Itabaiana (PB) || Itabaiana (SE)
2018,3522802,2,Itaporanga (PB) || Itaporanga (SP)
2018,2610707,2,Paulista (PB) || Paulista (PE)
2018,2706901,2,Pilar (AL) || Pilar (PB)
2018,3152808,2,Prata (MG) || Prata (PB)
2018,2925808,2,Queimadas (BA) || Queimadas (PB)
2018,2611533,2,Quixaba (PB) || Quixaba (PE)
2018,4215505,2,Santa Cecília (PB) || Santa Cecília (SC)
2018,3547809,2,Santo André (PB) || Santo André (SP)
2018,5219803,5,São Domingos (BA) || São Domingos (GO) || São Domingos (PB) || São Domingos (SC) || São Domingos (SE)
2018,3551702,2,Sertãozinho (PB) || Sertãozinho (SP)
2018,4320800,2,Soledade (PB) || Soledade (RS)
2018,2931202,2,Taperoá (BA) || Taperoá (PB)
2018,4321352,2,Tavares (PB) || Tavares (RS)
2018,4322004,3,Triunfo (PB) || Triunfo (PE) || Triunfo (RS)
2018,2802205,2,Feira Nova (PE) || Feira Nova (SE)
2018,4107900,2,Floresta (PE) || Floresta (PR)
2018,4110300,2,Inajá (PE) || Inajá (PR)
2018,4111100,3,Itambé (BA) || Itambé (PE) || Itambé (PR)
2018,3137536,2,Lagoa Grande (MG) || Lagoa Grande (PE)
2018,4212700,2,Petrolândia (PE) || Petrolândia (SC)
2018,5107776,4,Santa Terezinha (BA) || Santa Terezinha (MT) || Santa Terezinha (PE) || Santa Terezinha (SC)
2018,4124806,2,São João (PE) || São João (PR)
2018,2931707,2,Terra Nova (BA) || Terra Nova (PE)
2018,5221403,2,Trindade (GO) || Trindade (PE)
2018,4102208,2,Atalaia (AL) || Atalaia (PR)
2018,3111002,2,Campestre (AL) || Campestre (MG)
2018,4203303,2,Campo Alegre (AL) || Campo Alegre (SC)
2018,2801306,2,Capela (AL) || Capela (SE)
2018,4210506,2,Maravilha (AL) || Maravilha (SC)
2018,3535002,2,Palestina (AL) || Palestina (SP)
2018,5217203,2,Piranhas (AL) || Piranhas (GO)
2018,3550704,2,São Sebastião (AL) || São Sebastião (SP)
2018,4119301,2,Pinhão (PR) || Pinhão (SE)
2018,4215604,2,Santa Rosa de Lima (SC) || Santa Rosa de Lima (SE)
2018,3549003,3,São Francisco (MG) || São Francisco (SE) || São Francisco (SP)
2018,5203203,2,Barro Alto (BA) || Barro Alto (GO)
2018,4202156,2,Belmonte (BA) || Belmonte (SC)
2018,3111804,2,Canápolis (BA) || Canápolis (MG)
2018,5102702,2,Canarana (BA) || Canarana (MT)
2018,3112000,2,Candeias (BA) || Candeias (MG)
2018,4205175,2,Entre Rios (BA) || Entre Rios (SC)
2018,3524204,2,Jaborandi (BA) || Jaborandi (SP)
2018,5212204,3,Jussara (BA) || Jussara (GO) || Jussara (PR)
2018,5214051,3,Mundo Novo (BA) || Mundo Novo (GO) || Mundo Novo (MS)
2018,4117008,2,Nova Fátima (BA) || Nova Fátima (PR)
2018,4211652,3,Novo Horizonte (BA) || Novo Horizonte (SC) || Novo Horizonte (SP)
2018,4314704,4,Planalto (BA) || Planalto (PR) || Planalto (RS) || Planalto (SP)
2018,3157203,2,Santa Bárbara (BA) || Santa Bárbara (MG)
2018,4318309,2,São Gabriel (BA) || São Gabriel (RS)
2018,4320701,2,Sobradinho (BA) || Sobradinho (RS)
2018,3554300,2,Teodoro Sampaio (BA) || Teodoro Sampaio (SP)
2018,3306107,2,Valença (BA) || Valença (RJ)
2018,5100201,2,Água Boa (MG) || Água Boa (MT)
2018,4201208,2,Antônio Carlos (MG) || Antônio Carlos (SC)
2018,4103008,3,Boa Esperança (ES) || Boa Esperança (MG) || Boa Esperança (PR)
2018,4103206,2,Bom Sucesso (MG) || Bom Sucesso (PR)
2018,5204250,2,Cachoeira Dourada (GO) || Cachoeira Dourada (MG)
2018,4104451,3,Cantagalo (MG) || Cantagalo (PR) || Cantagalo (RJ)
2018,5208103,2,Formoso (GO) || Formoso (MG)
2018,4206405,2,Guaraciaba (MG) || Guaraciaba (SC)
2018,4110409,2,Indianópolis (MG) || Indianópolis (PR)
2018,3522406,2,Itapeva (MG) || Itapeva (SP)
2018,4310900,2,Jacutinga (MG) || Jacutinga (RS)
2018,5212253,2,Lagoa Santa (GO) || Lagoa Santa (MG)
2018,4113254,2,Laranjal (MG) || Laranjal (PR)
2018,3302858,2,Mesquita (MG) || Mesquita (RJ)
2018,3541208,2,Presidente Bernardes (MG) || Presidente Bernardes (SP)
2018,4318200,2,São Francisco de Paula (MG) || São Francisco de Paula (RS)
2018,4126900,2,Tapira (MG) || Tapira (PR)
2018,3553500,2,Tapiraí (MG) || Tapiraí (SP)
2018,4127700,2,Toledo (MG) || Toledo (PR)
2018,3555307,2,Turmalina (MG) || Turmalina (SP)
2018,4219176,2,Vargem Bonita (MG) || Vargem Bonita (SC)
2018,4128500,2,Wenceslau Braz (MG) || Wenceslau Braz (PR)
2018,4200804,2,Anchieta (ES) || Anchieta (SC)
2018,3543907,2,Rio Claro (RJ) || Rio Claro (SP)
2018,4202099,2,Barra Bonita (SC) || Barra Bonita (SP)
2018,4103453,2,Cafelândia (PR) || Cafelândia (SP)
2018,5003751,2,Eldorado (MS) || Eldorado (SP)
2018,5207501,2,Estrela do Norte (GO) || Estrela do Norte (SP)
2018,4108809,2,Guaíra (PR) || Guaíra (SP)
2018,4109203,2,Guaraci (PR) || Guaraci (SP)
2018,4208955,2,Jardinópolis (SC) || Jardinópolis (SP)
2018,4211108,2,Monte Castelo (SC) || Monte Castelo (SP)
2018,4211850,2,Ouro Verde (SC) || Ouro Verde (SP)
2018,4117800,2,Palmital (PR) || Palmital (SP)
2018,4212239,2,Paraíso (SC) || Paraíso (SP)
2018,4212908,2,Pinhalzinho (SC) || Pinhalzinho (SP)
2018,4119657,2,Pitangueiras (PR) || Pitangueiras (SP)
2018,4213807,2,Praia Grande (SC) || Praia Grande (SP)
2018,4215356,2,Saltinho (SC) || Saltinho (SP)
2018,5219357,2,Santa Isabel (GO) || Santa Isabel (SP)
2018,4123824,2,Santa Lúcia (PR) || Santa Lúcia (SP)
2018,4216008,2,São Carlos (SC) || São Carlos (SP)
2018,5220405,2,São Simão (GO) || São Simão (SP)
2018,4127403,2,Terra Roxa (PR) || Terra Roxa (SP)
2018,4219150,2,Vargem (SC) || Vargem (SP)
2018,5001508,2,Bandeirantes (MS) || Bandeirantes (PR)
2018,4301800,2,Barracão (PR) || Barracão (RS)
2018,4204004,2,Catanduvas (PR) || Catanduvas (SC)
2018,4305603,2,Colorado (PR) || Colorado (RS)
2018,5003504,2,Douradina (MS) || Douradina (PR)
2018,5103908,2,General Carneiro (MT) || General Carneiro (PR)
2018,4207858,2,Irati (PR) || Irati (SC)
2018,5214804,2,Nova Aurora (GO) || Nova Aurora (PR)
2018,5106232,2,Nova Olímpia (MT) || Nova Olímpia (PR)
2018,4212056,2,Palmeira (PR) || Palmeira (SC)
2018,5007307,2,Rio Negro (MS) || Rio Negro (PR)
2018,4320107,2,Sarandi (PR) || Sarandi (RS)
2018,4320909,2,Tapejara (PR) || Tapejara (RS)
2018,4218806,2,Turvo (PR) || Turvo (SC)
2018,5215009,2,Nova Veneza (GO) || Nova Veneza (SC)
2018,4319109,2,São Martinho (RS) || São Martinho (SC)
2019,2109239,2,Presidente Médici (MA) || Presidente Médici (RO)
2019,4128625,2,Alto Paraíso (PR) || Alto Paraíso (RO)
2019,3109303,2,Buritis (MG) || Buritis (RO)
2019,3136603,2,Nova União (MG) || Nova União (RO)
2019,4306205,3,Cruzeiro do Sul (AC) || Cruzeiro do Sul (PR) || Cruzeiro do Sul (RS)
2019,5107206,2,Rio Branco (AC) || Rio Branco (MT)
2019,4309704,2,Humaitá (AM) || Humaitá (RS)
2019,4208401,2,Itapiranga (AM) || Itapiranga (SC)
2019,4112405,2,Japurá (AM) || Japurá (PR)
2019,3552700,2,Tabatinga (AM) || Tabatinga (SP)
2019,4300554,3,Alto Alegre (RR) || Alto Alegre (RS) || Alto Alegre (SP)
2019,3108107,2,Bonfim (MG) || Bonfim (RR)
2019,2700805,3,Belém (AL) || Belém (PA) || Belém (PB)
2019,1703305,2,Bom Jesus do Tocantins (PA) || Bom Jesus do Tocantins (TO)
2019,5002209,4,Bonito (BA) || Bonito (MS) || Bonito (PA) || Bonito (PE)
2019,4104501,2,Capanema (PA) || Capanema (PR)
2019,2407807,2,Monte Alegre (PA) || Monte Alegre (RN)
2019,1716307,2,Pau D'Arco (PA) || Pau D'Arco (TO)
2019,2611408,2,Primavera (PA) || Primavera (PE)
2019,2311603,2,Redenção (CE) || Redenção (PA)
2019,3305406,2,Sapucaia (PA) || Sapucaia (RJ)
2019,2928208,2,Santana (AP) || Santana (BA)
2019,4300604,2,Alvorada (RS) || Alvorada (TO)
2019,2100873,2,Araguanã (MA) || Araguanã (TO)
2019,4303103,3,Cachoeirinha (PE) || Cachoeirinha (RS) || Cachoeirinha (TO)
2019,2203701,2,Esperantina (PI) || Esperantina (TO)
2019,2910750,2,Fátima (BA) || Fátima (TO)
2019,2910859,2,Filadélfia (BA) || Filadélfia (TO)
2019,4311403,2,Lajeado (RS) || Lajeado (TO)
2019,3303104,2,Natividade (RJ) || Natividade (TO)
2019,2922508,2,Nazaré (BA) || Nazaré (TO)
2019,2510204,3,Nova Olinda (CE) || Nova Olinda (PB) || Nova Olinda (TO)
2019,3204302,2,Presidente Kennedy (ES) || Presidente Kennedy (TO)
2019,3154457,2,Riachinho (MG) || Riachinho (TO)
2019,4117602,2,Palmas (PR) || Palmas (TO)
2019,3300506,3,Bom Jardim (MA) || Bom Jardim (PE) || Bom Jardim (RJ)
2019,3511300,2,Cedral (MA) || Cedral (SP)
2019,4305587,2,Colinas (MA) || Colinas (RS)
2019,5206909,2,Davinópolis (GO) || Davinópolis (MA)
2019,4115903,2,Mirador (MA) || Mirador (PR)
2019,2925600,2,Presidente Dutra (BA) || Presidente Dutra (MA)
2019,3153202,2,Presidente Juscelino (MA) || Presidente Juscelino (MG)
2019,4215554,4,Santa Helena (MA) || Santa Helena (PB) || Santa Helena (PR) || Santa Helena (SC)
2019,4123600,3,Santa Inês (BA) || Santa Inês (MA) || Santa Inês (PR)
2019,3157807,4,Santa Luzia (BA) || Santa Luzia (MA) || Santa Luzia (MG) || Santa Luzia (PB)
2019,2513703,2,Santa Rita (MA) || Santa Rita (PB)
2019,2513901,2,São Bento (MA) || São Bento (PB)
2019,4216305,2,São João Batista (MA) || São João Batista (SC)
2019,3162708,2,São João do Paraíso (MA) || São João do Paraíso (MG)
2019,2413706,2,Sítio Novo (MA) || Sítio Novo (RN)
2019,3205101,2,Viana (ES) || Viana (MA)
2019,2700102,3,Água Branca (AL) || Água Branca (PB) || Água Branca (PI)
2019,2700706,2,Batalha (AL) || Batalha (PI)
2019,3506805,2,Bocaina (PI) || Bocaina (SP)
2019,4302303,4,Bom Jesus (PI) || Bom Jesus (RN) || Bom Jesus (RS) || Bom Jesus (SC)
2019,5002803,2,Caracol (MS) || Caracol (PI)
2019,2612554,2,Santa Filomena (PE) || Santa Filomena (PI)
2019,5108402,2,Várzea Grande (MT) || Várzea Grande (PI)
2019,4201901,2,Aurora (CE) || Aurora (SC)
2019,4104808,2,Cascavel (CE) || Cascavel (PR)
2019,2604304,2,Cedro (CE) || Cedro (PE)
2019,5209705,2,Hidrolândia (CE) || Hidrolândia (GO)
2019,4110052,2,Iguatu (CE) || Iguatu (PR)
2019,4310405,2,Independência (CE) || Independência (RS)
2019,5005004,2,Jardim (CE) || Jardim (MS)
2019,2921302,2,Milagres (BA) || Milagres (CE)
2019,5213806,2,Morrinhos (CE) || Morrinhos (GO)
2019,2804904,2,Pacatuba (CE) || Pacatuba (SE)
2019,2511004,2,Pedra Branca (CE) || Pedra Branca (PB)
2019,2412005,2,São Gonçalo do Amarante (CE) || São Gonçalo do Amarante (RN)
2019,2800506,2,Areia Branca (RN) || Areia Branca (SE)
2019,5002704,3,Campo Grande (AL) || Campo Grande (MS) || Campo Grande (RN)
2019,2501534,2,Baraúna (PB) || Baraúna (RN)
2019,2602506,2,Brejinho (PE) || Brejinho (RN)
2019,2504074,2,Caraúbas (PB) || Caraúbas (RN)
2019,2610400,2,Parnamirim (PE) || Parnamirim (RN)
2019,5210802,2,Itajá (GO) || Itajá (RN)
2019,2917904,2,Jandaíra (BA) || Jandaíra (RN)
2019,2703908,2,Jundiá (AL) || Jundiá (RN)
2019,3145901,3,Ouro Branco (AL) || Ouro Branco (MG) || Ouro Branco (RN)
2019,4316907,2,Santa Maria (RN) || Santa Maria (RS)
2019,5106372,2,Pedra Preta (MT) || Pedra Preta (RN)
2019,2511608,2,Pilões (PB) || Pilões (RN)
2019,2926400,2,Riacho de Santana (BA) || Riacho de Santana (RN)
2019,2805901,2,Riachuelo (RN) || Riachuelo (SE)
2019,2927200,2,Ruy Barbosa (BA) || Ruy Barbosa (RN)
2019,2612455,3,Santa Cruz (PB) || Santa Cruz (PE) || Santa Cruz (RN)
2019,3550407,2,São Pedro (RN) || São Pedro (SP)
2019,4126108,2,São Tomé (PR) || São Tomé (RN)
2019,3551009,2,São Vicente (RN) || São Vicente (SP)
2019,2930501,2,Serrinha (BA) || Serrinha (RN)
2019,4217907,2,Tangará (RN) || Tangará (SC)
2019,4322707,4,Vera Cruz (BA) || Vera Cruz (RN) || Vera Cruz (RS) || Vera Cruz (SP)
2019,3171303,3,Viçosa (AL) || Viçosa (MG) || Viçosa (RN)
2019,2600609,2,Alagoinha (PB) || Alagoinha (PE)
2019,4101705,2,Araruna (PB) || Araruna (PR)
2019,4303400,2,Caiçara (PB) || Caiçara (RS)
2019,2908606,2,Conde (BA) || Conde (PB)
2019,2802908,2,Itabaiana (PB) || Itabaiana (SE)
2019,3522802,2,Itaporanga (PB) || Itaporanga (SP)
2019,2610707,2,Paulista (PB) || Paulista (PE)
2019,2706901,2,Pilar (AL) || Pilar (PB)
2019,3152808,2,Prata (MG) || Prata (PB)
2019,2925808,2,Queimadas (BA) || Queimadas (PB)
2019,2611533,2,Quixaba (PB) || Quixaba (PE)
2019,4215505,2,Santa Cecília (PB) || Santa Cecília (SC)
2019,3547809,2,Santo André (PB) || Santo André (SP)
2019,5219803,5,São Domingos (BA) || São Domingos (GO) || São Domingos (PB) || São Domingos (SC) || São Domingos (SE)
2019,3551702,2,Sertãozinho (PB) || Sertãozinho (SP)
2019,4320800,2,Soledade (PB) || Soledade (RS)
2019,2931202,2,Taperoá (BA) || Taperoá (PB)
2019,4321352,2,Tavares (PB) || Tavares (RS)
2019,4322004,3,Triunfo (PB) || Triunfo (PE) || Triunfo (RS)
2019,2802205,2,Feira Nova (PE) || Feira Nova (SE)
2019,4107900,2,Floresta (PE) || Floresta (PR)
2019,4110300,2,Inajá (PE) || Inajá (PR)
2019,4111100,3,Itambé (BA) || Itambé (PE) || Itambé (PR)
2019,3137536,2,Lagoa Grande (MG) || Lagoa Grande (PE)
2019,4212700,2,Petrolândia (PE) || Petrolândia (SC)
2019,5107776,4,Santa Terezinha (BA) || Santa Terezinha (MT) || Santa Terezinha (PE) || Santa Terezinha (SC)
2019,4124806,2,São João (PE) || São João (PR)
2019,2931707,2,Terra Nova (BA) || Terra Nova (PE)
2019,5221403,2,Trindade (GO) || Trindade (PE)
2019,4102208,2,Atalaia (AL) || Atalaia (PR)
2019,3111002,2,Campestre (AL) || Campestre (MG)
2019,4203303,2,Campo Alegre (AL) || Campo Alegre (SC)
2019,2801306,2,Capela (AL) || Capela (SE)
2019,4210506,2,Maravilha (AL) || Maravilha (SC)
2019,3535002,2,Palestina (AL) || Palestina (SP)
2019,5217203,2,Piranhas (AL) || Piranhas (GO)
2019,3550704,2,São Sebastião (AL) || São Sebastião (SP)
2019,4119301,2,Pinhão (PR) || Pinhão (SE)
2019,4215604,2,Santa Rosa de Lima (SC) || Santa Rosa de Lima (SE)
2019,3549003,3,São Francisco (MG) || São Francisco (SE) || São Francisco (SP)
2019,5203203,2,Barro Alto (BA) || Barro Alto (GO)
2019,4202156,2,Belmonte (BA) || Belmonte (SC)
2019,3111804,2,Canápolis (BA) || Canápolis (MG)
2019,5102702,2,Canarana (BA) || Canarana (MT)
2019,3112000,2,Candeias (BA) || Candeias (MG)
2019,4205175,2,Entre Rios (BA) || Entre Rios (SC)
2019,3524204,2,Jaborandi (BA) || Jaborandi (SP)
2019,5212204,3,Jussara (BA) || Jussara (GO) || Jussara (PR)
2019,5214051,3,Mundo Novo (BA) || Mundo Novo (GO) || Mundo Novo (MS)
2019,4117008,2,Nova Fátima (BA) || Nova Fátima (PR)
2019,4211652,3,Novo Horizonte (BA) || Novo Horizonte (SC) || Novo Horizonte (SP)
2019,4314704,4,Planalto (BA) || Planalto (PR) || Planalto (RS) || Planalto (SP)
2019,3157203,2,Santa Bárbara (BA) || Santa Bárbara (MG)
2019,4318309,2,São Gabriel (BA) || São Gabriel (RS)
2019,4320701,2,Sobradinho (BA) || Sobradinho (RS)
2019,3554300,2,Teodoro Sampaio (BA) || Teodoro Sampaio (SP)
2019,3306107,2,Valença (BA) || Valença (RJ)
2019,5100201,2,Água Boa (MG) || Água Boa (MT)
2019,4201208,2,Antônio Carlos (MG) || Antônio Carlos (SC)
2019,4103008,3,Boa Esperança (ES) || Boa Esperança (MG) || Boa Esperança (PR)
2019,4103206,2,Bom Sucesso (MG) || Bom Sucesso (PR)
2019,5204250,2,Cachoeira Dourada (GO) || Cachoeira Dourada (MG)
2019,4104451,3,Cantagalo (MG) || Cantagalo (PR) || Cantagalo (RJ)
2019,5208103,2,Formoso (GO) || Formoso (MG)
2019,4206405,2,Guaraciaba (MG) || Guaraciaba (SC)
2019,4110409,2,Indianópolis (MG) || Indianópolis (PR)
2019,3522406,2,Itapeva (MG) || Itapeva (SP)
2019,4310900,2,Jacutinga (MG) || Jacutinga (RS)
2019,5212253,2,Lagoa Santa (GO) || Lagoa Santa (MG)
2019,4113254,2,Laranjal (MG) || Laranjal (PR)
2019,3302858,2,Mesquita (MG) || Mesquita (RJ)
2019,3541208,2,Presidente Bernardes (MG) || Presidente Bernardes (SP)
2019,4318200,2,São Francisco de Paula (MG) || São Francisco de Paula (RS)
2019,4126900,2,Tapira (MG) || Tapira (PR)
2019,3553500,2,Tapiraí (MG) || Tapiraí (SP)
2019,4127700,2,Toledo (MG) || Toledo (PR)
2019,3555307,2,Turmalina (MG) || Turmalina (SP)
2019,4219176,2,Vargem Bonita (MG) || Vargem Bonita (SC)
2019,4128500,2,Wenceslau Braz (MG) || Wenceslau Braz (PR)
2019,4200804,2,Anchieta (ES) || Anchieta (SC)
2019,3543907,2,Rio Claro (RJ) || Rio Claro (SP)
2019,4202099,2,Barra Bonita (SC) || Barra Bonita (SP)
2019,4103453,2,Cafelândia (PR) || Cafelândia (SP)
2019,5003751,2,Eldorado (MS) || Eldorado (SP)
2019,5207501,2,Estrela do Norte (GO) || Estrela do Norte (SP)
2019,4108809,2,Guaíra (PR) || Guaíra (SP)
2019,4109203,2,Guaraci (PR) || Guaraci (SP)
2019,4208955,2,Jardinópolis (SC) || Jardinópolis (SP)
2019,4211108,2,Monte Castelo (SC) || Monte Castelo (SP)
2019,4211850,2,Ouro Verde (SC) || Ouro Verde (SP)
2019,4117800,2,Palmital (PR) || Palmital (SP)
2019,4212239,2,Paraíso (SC) || Paraíso (SP)
2019,4212908,2,Pinhalzinho (SC) || Pinhalzinho (SP)
2019,4119657,2,Pitangueiras (PR) || Pitangueiras (SP)
2019,4213807,2,Praia Grande (SC) || Praia Grande (SP)
2019,4215356,2,Saltinho (SC) || Saltinho (SP)
2019,5219357,2,Santa Isabel (GO) || Santa Isabel (SP)
2019,4123824,2,Santa Lúcia (PR) || Santa Lúcia (SP)
2019,4216008,2,São Carlos (SC) || São Carlos (SP)
2019,5220405,2,São Simão (GO) || São Simão (SP)
2019,4127403,2,Terra Roxa (PR) || Terra Roxa (SP)
2019,4219150,2,Vargem (SC) || Vargem (SP)
2019,5001508,2,Bandeirantes (MS) || Bandeirantes (PR)
2019,4301800,2,Barracão (PR) || Barracão (RS)
2019,4204004,2,Catanduvas (PR) || Catanduvas (SC)
2019,4305603,2,Colorado (PR) || Colorado (RS)
2019,5003504,2,Douradina (MS) || Douradina (PR)
2019,5103908,2,General Carneiro (MT) || General Carneiro (PR)
2019,4207858,2,Irati (PR) || Irati (SC)
2019,5214804,2,Nova Aurora (GO) || Nova Aurora (PR)
2019,5106232,2,Nova Olímpia (MT) || Nova Olímpia (PR)
2019,4212056,2,Palmeira (PR) || Palmeira (SC)
2019,5007307,2,Rio Negro (MS) || Rio Negro (PR)
2019,4320107,2,Sarandi (PR) || Sarandi (RS)
2019,4320909,2,Tapejara (PR) || Tapejara (RS)
2019,4218806,2,Turvo (PR) || Turvo (SC)
2019,5215009,2,Nova Veneza (GO) || Nova Veneza (SC)
2019,4319109,2,São Martinho (RS) || São Martinho (SC)
2020,2109239,2,Presidente Médici (MA) || Presidente Médici (RO)
2020,4128625,2,Alto Paraíso (PR) || Alto Paraíso (RO)
2020,3109303,2,Buritis (MG) || Buritis (RO)
2020,3136603,2,Nova União (MG) || Nova União (RO)
2020,4306205,3,Cruzeiro do Sul (AC) || Cruzeiro do Sul (PR) || Cruzeiro do Sul (RS)
2020,5107206,2,Rio Branco (AC) || Rio Branco (MT)
2020,4309704,2,Humaitá (AM) || Humaitá (RS)
2020,4208401,2,Itapiranga (AM) || Itapiranga (SC)
2020,4112405,2,Japurá (AM) || Japurá (PR)
2020,3552700,2,Tabatinga (AM) || Tabatinga (SP)
2020,4300554,3,Alto Alegre (RR) || Alto Alegre (RS) || Alto Alegre (SP)
2020,3108107,2,Bonfim (MG) || Bonfim (RR)
2020,2700805,3,Belém (AL) || Belém (PA) || Belém (PB)
2020,1703305,2,Bom Jesus do Tocantins (PA) || Bom Jesus do Tocantins (TO)
2020,5002209,4,Bonito (BA) || Bonito (MS) || Bonito (PA) || Bonito (PE)
2020,4104501,2,Capanema (PA) || Capanema (PR)
2020,2407807,2,Monte Alegre (PA) || Monte Alegre (RN)
2020,1716307,2,Pau D'Arco (PA) || Pau D'Arco (TO)
2020,2611408,2,Primavera (PA) || Primavera (PE)
2020,2311603,2,Redenção (CE) || Redenção (PA)
2020,3305406,2,Sapucaia (PA) || Sapucaia (RJ)
2020,2928208,2,Santana (AP) || Santana (BA)
2020,4300604,2,Alvorada (RS) || Alvorada (TO)
2020,2100873,2,Araguanã (MA) || Araguanã (TO)
2020,4303103,3,Cachoeirinha (PE) || Cachoeirinha (RS) || Cachoeirinha (TO)
2020,2203701,2,Esperantina (PI) || Esperantina (TO)
2020,2910750,2,Fátima (BA) || Fátima (TO)
2020,2910859,2,Filadélfia (BA) || Filadélfia (TO)
2020,4311403,2,Lajeado (RS) || Lajeado (TO)
2020,3303104,2,Natividade (RJ) || Natividade (TO)
2020,2922508,2,Nazaré (BA) || Nazaré (TO)
2020,2510204,3,Nova Olinda (CE) || Nova Olinda (PB) || Nova Olinda (TO)
2020,3204302,2,Presidente Kennedy (ES) || Presidente Kennedy (TO)
2020,3154457,2,Riachinho (MG) || Riachinho (TO)
2020,4117602,2,Palmas (PR) || Palmas (TO)
2020,3300506,3,Bom Jardim (MA) || Bom Jardim (PE) || Bom Jardim (RJ)
2020,3511300,2,Cedral (MA) || Cedral (SP)
2020,4305587,2,Colinas (MA) || Colinas (RS)
2020,5206909,2,Davinópolis (GO) || Davinópolis (MA)
2020,4115903,2,Mirador (MA) || Mirador (PR)
2020,2925600,2,Presidente Dutra (BA) || Presidente Dutra (MA)
2020,3153202,2,Presidente Juscelino (MA) || Presidente Juscelino (MG)
2020,4215554,4,Santa Helena (MA) || Santa Helena (PB) || Santa Helena (PR) || Santa Helena (SC)
2020,4123600,3,Santa Inês (BA) || Santa Inês (MA) || Santa Inês (PR)
2020,3157807,4,Santa Luzia (BA) || Santa Luzia (MA) || Santa Luzia (MG) || Santa Luzia (PB)
2020,2513703,2,Santa Rita (MA) || Santa Rita (PB)
2020,2513901,2,São Bento (MA) || São Bento (PB)
2020,4216305,2,São João Batista (MA) || São João Batista (SC)
2020,3162708,2,São João do Paraíso (MA) || São João do Paraíso (MG)
2020,2413706,2,Sítio Novo (MA) || Sítio Novo (RN)
2020,3205101,2,Viana (ES) || Viana (MA)
2020,2700102,3,Água Branca (AL) || Água Branca (PB) || Água Branca (PI)
2020,2700706,2,Batalha (AL) || Batalha (PI)
2020,3506805,2,Bocaina (PI) || Bocaina (SP)
2020,4302303,4,Bom Jesus (PI) || Bom Jesus (RN) || Bom Jesus (RS) || Bom Jesus (SC)
2020,5002803,2,Caracol (MS) || Caracol (PI)
2020,2612554,2,Santa Filomena (PE) || Santa Filomena (PI)
2020,5108402,2,Várzea Grande (MT) || Várzea Grande (PI)
2020,4201901,2,Aurora (CE) || Aurora (SC)
2020,4104808,2,Cascavel (CE) || Cascavel (PR)
2020,2604304,2,Cedro (CE) || Cedro (PE)
2020,5209705,2,Hidrolândia (CE) || Hidrolândia (GO)
2020,4110052,2,Iguatu (CE) || Iguatu (PR)
2020,4310405,2,Independência (CE) || Independência (RS)
2020,5005004,2,Jardim (CE) || Jardim (MS)
2020,2921302,2,Milagres (BA) || Milagres (CE)
2020,5213806,2,Morrinhos (CE) || Morrinhos (GO)
2020,2804904,2,Pacatuba (CE) || Pacatuba (SE)
2020,2511004,2,Pedra Branca (CE) || Pedra Branca (PB)
2020,2412005,2,São Gonçalo do Amarante (CE) || São Gonçalo do Amarante (RN)
2020,2800506,2,Areia Branca (RN) || Areia Branca (SE)
2020,5002704,3,Campo Grande (AL) || Campo Grande (MS) || Campo Grande (RN)
2020,2501534,2,Baraúna (PB) || Baraúna (RN)
2020,2602506,2,Brejinho (PE) || Brejinho (RN)
2020,2504074,2,Caraúbas (PB) || Caraúbas (RN)
2020,2610400,2,Parnamirim (PE) || Parnamirim (RN)
2020,5210802,2,Itajá (GO) || Itajá (RN)
2020,2917904,2,Jandaíra (BA) || Jandaíra (RN)
2020,2703908,2,Jundiá (AL) || Jundiá (RN)
2020,3145901,3,Ouro Branco (AL) || Ouro Branco (MG) || Ouro Branco (RN)
2020,4316907,2,Santa Maria (RN) || Santa Maria (RS)
2020,5106372,2,Pedra Preta (MT) || Pedra Preta (RN)
2020,2511608,2,Pilões (PB) || Pilões (RN)
2020,2926400,2,Riacho de Santana (BA) || Riacho de Santana (RN)
2020,2805901,2,Riachuelo (RN) || Riachuelo (SE)
2020,2927200,2,Ruy Barbosa (BA) || Ruy Barbosa (RN)
2020,2612455,3,Santa Cruz (PB) || Santa Cruz (PE) || Santa Cruz (RN)
2020,3550407,2,São Pedro (RN) || São Pedro (SP)
2020,4126108,2,São Tomé (PR) || São Tomé (RN)
2020,3551009,2,São Vicente (RN) || São Vicente (SP)
2020,2930501,2,Serrinha (BA) || Serrinha (RN)
2020,4217907,2,Tangará (RN) || Tangará (SC)
2020,4322707,4,Vera Cruz (BA) || Vera Cruz (RN) || Vera Cruz (RS) || Vera Cruz (SP)
2020,3171303,3,Viçosa (AL) || Viçosa (MG) || Viçosa (RN)
2020,2600609,2,Alagoinha (PB) || Alagoinha (PE)
2020,4101705,2,Araruna (PB) || Araruna (PR)
2020,4303400,2,Caiçara (PB) || Caiçara (RS)
2020,2908606,2,Conde (BA) || Conde (PB)
2020,2802908,2,Itabaiana (PB) || Itabaiana (SE)
2020,3522802,2,Itaporanga (PB) || Itaporanga (SP)
2020,2610707,2,Paulista (PB) || Paulista (PE)
2020,2706901,2,Pilar (AL) || Pilar (PB)
2020,3152808,2,Prata (MG) || Prata (PB)
2020,2925808,2,Queimadas (BA) || Queimadas (PB)
2020,2611533,2,Quixaba (PB) || Quixaba (PE)
2020,4215505,2,Santa Cecília (PB) || Santa Cecília (SC)
2020,3547809,2,Santo André (PB) || Santo André (SP)
2020,5219803,5,São Domingos (BA) || São Domingos (GO) || São Domingos (PB) || São Domingos (SC) || São Domingos (SE)
2020,3551702,2,Sertãozinho (PB) || Sertãozinho (SP)
2020,4320800,2,Soledade (PB) || Soledade (RS)
2020,2931202,2,Taperoá (BA) || Taperoá (PB)
2020,4321352,2,Tavares (PB) || Tavares (RS)
2020,4322004,3,Triunfo (PB) || Triunfo (PE) || Triunfo (RS)
2020,2802205,2,Feira Nova (PE) || Feira Nova (SE)
2020,4107900,2,Floresta (PE) || Floresta (PR)
2020,4110300,2,Inajá (PE) || Inajá (PR)
2020,4111100,3,Itambé (BA) || Itambé (PE) || Itambé (PR)
2020,3137536,2,Lagoa Grande (MG) || Lagoa Grande (PE)
2020,4212700,2,Petrolândia (PE) || Petrolândia (SC)
2020,5107776,4,Santa Terezinha (BA) || Santa Terezinha (MT) || Santa Terezinha (PE) || Santa Terezinha (SC)
2020,4124806,2,São João (PE) || São João (PR)
2020,2931707,2,Terra Nova (BA) || Terra Nova (PE)
2020,5221403,2,Trindade (GO) || Trindade (PE)
2020,4102208,2,Atalaia (AL) || Atalaia (PR)
2020,3111002,2,Campestre (AL) || Campestre (MG)
2020,4203303,2,Campo Alegre (AL) || Campo Alegre (SC)
2020,2801306,2,Capela (AL) || Capela (SE)
2020,4210506,2,Maravilha (AL) || Maravilha (SC)
2020,3535002,2,Palestina (AL) || Palestina (SP)
2020,5217203,2,Piranhas (AL) || Piranhas (GO)
2020,3550704,2,São Sebastião (AL) || São Sebastião (SP)
2020,4119301,2,Pinhão (PR) || Pinhão (SE)
2020,4215604,2,Santa Rosa de Lima (SC) || Santa Rosa de Lima (SE)
2020,3549003,3,São Francisco (MG) || São Francisco (SE) || São Francisco (SP)
2020,5203203,2,Barro Alto (BA) || Barro Alto (GO)
2020,4202156,2,Belmonte (BA) || Belmonte (SC)
2020,3111804,2,Canápolis (BA) || Canápolis (MG)
2020,5102702,2,Canarana (BA) || Canarana (MT)
2020,3112000,2,Candeias (BA) || Candeias (MG)
2020,4205175,2,Entre Rios (BA) || Entre Rios (SC)
2020,3524204,2,Jaborandi (BA) || Jaborandi (SP)
2020,5212204,3,Jussara (BA) || Jussara (GO) || Jussara (PR)
2020,5214051,3,Mundo Novo (BA) || Mundo Novo (GO) || Mundo Novo (MS)
2020,4117008,2,Nova Fátima (BA) || Nova Fátima (PR)
2020,4211652,3,Novo Horizonte (BA) || Novo Horizonte (SC) || Novo Horizonte (SP)
2020,4314704,4,Planalto (BA) || Planalto (PR) || Planalto (RS) || Planalto (SP)
2020,3157203,2,Santa Bárbara (BA) || Santa Bárbara (MG)
2020,4318309,2,São Gabriel (BA) || São Gabriel (RS)
2020,4320701,2,Sobradinho (BA) || Sobradinho (RS)
2020,3554300,2,Teodoro Sampaio (BA) || Teodoro Sampaio (SP)
2020,3306107,2,Valença (BA) || Valença (RJ)
2020,5100201,2,Água Boa (MG) || Água Boa (MT)
2020,4201208,2,Antônio Carlos (MG) || Antônio Carlos (SC)
2020,4103008,3,Boa Esperança (ES) || Boa Esperança (MG) || Boa Esperança (PR)
2020,4103206,2,Bom Sucesso (MG) || Bom Sucesso (PR)
2020,5204250,2,Cachoeira Dourada (GO) || Cachoeira Dourada (MG)
2020,4104451,3,Cantagalo (MG) || Cantagalo (PR) || Cantagalo (RJ)
2020,5208103,2,Formoso (GO) || Formoso (MG)
2020,4206405,2,Guaraciaba (MG) || Guaraciaba (SC)
2020,4110409,2,Indianópolis (MG) || Indianópolis (PR)
2020,3522406,2,Itapeva (MG) || Itapeva (SP)
2020,4310900,2,Jacutinga (MG) || Jacutinga (RS)
2020,5212253,2,Lagoa Santa (GO) || Lagoa Santa (MG)
2020,4113254,2,Laranjal (MG) || Laranjal (PR)
2020,3302858,2,Mesquita (MG) || Mesquita (RJ)
2020,3541208,2,Presidente Bernardes (MG) || Presidente Bernardes (SP)
2020,4318200,2,São Francisco de Paula (MG) || São Francisco de Paula (RS)
2020,4126900,2,Tapira (MG) || Tapira (PR)
2020,3553500,2,Tapiraí (MG) || Tapiraí (SP)
2020,4127700,2,Toledo (MG) || Toledo (PR)
2020,3555307,2,Turmalina (MG) || Turmalina (SP)
2020,4219176,2,Vargem Bonita (MG) || Vargem Bonita (SC)
2020,4128500,2,Wenceslau Braz (MG) || Wenceslau Braz (PR)
2020,4200804,2,Anchieta (ES) || Anchieta (SC)
2020,3543907,2,Rio Claro (RJ) || Rio Claro (SP)
2020,4202099,2,Barra Bonita (SC) || Barra Bonita (SP)
2020,4103453,2,Cafelândia (PR) || Cafelândia (SP)
2020,5003751,2,Eldorado (MS) || Eldorado (SP)
2020,5207501,2,Estrela do Norte (GO) || Estrela do Norte (SP)
2020,4108809,2,Guaíra (PR) || Guaíra (SP)
2020,4109203,2,Guaraci (PR) || Guaraci (SP)
2020,4208955,2,Jardinópolis (SC) || Jardinópolis (SP)
2020,4211108,2,Monte Castelo (SC) || Monte Castelo (SP)
2020,4211850,2,Ouro Verde (SC) || Ouro Verde (SP)
2020,4117800,2,Palmital (PR) || Palmital (SP)
2020,4212239,2,Paraíso (SC) || Paraíso (SP)
2020,4212908,2,Pinhalzinho (SC) || Pinhalzinho (SP)
2020,4119657,2,Pitangueiras (PR) || Pitangueiras (SP)
2020,4213807,2,Praia Grande (SC) || Praia Grande (SP)
2020,4215356,2,Saltinho (SC) || Saltinho (SP)
2020,5219357,2,Santa Isabel (GO) || Santa Isabel (SP)
2020,4123824,2,Santa Lúcia (PR) || Santa Lúcia (SP)
2020,4216008,2,São Carlos (SC) || São Carlos (SP)
2020,5220405,2,São Simão (GO) || São Simão (SP)
2020,4127403,2,Terra Roxa (PR) || Terra Roxa (SP)
2020,4219150,2,Vargem (SC) || Vargem (SP)
2020,5001508,2,Bandeirantes (MS) || Bandeirantes (PR)
2020,4301800,2,Barracão (PR) || Barracão (RS)
2020,4204004,2,Catanduvas (PR) || Catanduvas (SC)
2020,4305603,2,Colorado (PR) || Colorado (RS)
2020,5003504,2,Douradina (MS) || Douradina (PR)
2020,5103908,2,General Carneiro (MT) || General Carneiro (PR)
2020,4207858,2,Irati (PR) || Irati (SC)
2020,5214804,2,Nova Aurora (GO) || Nova Aurora (PR)
2020,5106232,2,Nova Olímpia (MT) || Nova Olímpia (PR)
2020,4212056,2,Palmeira (PR) || Palmeira (SC)
2020,5007307,2,Rio Negro (MS) || Rio Negro (PR)
2020,4320107,2,Sarandi (PR) || Sarandi (RS)
2020,4320909,2,Tapejara (PR) || Tapejara (RS)
2020,4218806,2,Turvo (PR) || Turvo (SC)
2020,5215009,2,Nova Veneza (GO) || Nova Veneza (SC)
2020,4319109,2,São Martinho (RS) || São Martinho (SC)
2021,2109239,2,Presidente Médici (MA) || Presidente Médici (RO)
2021,4128625,2,Alto Paraíso (PR) || Alto Paraíso (RO)
2021,3109303,2,Buritis (MG) || Buritis (RO)
2021,3136603,2,Nova União (MG) || Nova União (RO)
2021,4306205,3,Cruzeiro do Sul (AC) || Cruzeiro do Sul (PR) || Cruzeiro do Sul (RS)
2021,5107206,2,Rio Branco (AC) || Rio Branco (MT)
2021,4309704,2,Humaitá (AM) || Humaitá (RS)
2021,4208401,2,Itapiranga (AM) || Itapiranga (SC)
2021,4112405,2,Japurá (AM) || Japurá (PR)
2021,3552700,2,Tabatinga (AM) || Tabatinga (SP)
2021,4300554,3,Alto Alegre (RR) || Alto Alegre (RS) || Alto Alegre (SP)
2021,3108107,2,Bonfim (MG) || Bonfim (RR)
2021,2700805,3,Belém (AL) || Belém (PA) || Belém (PB)
2021,1703305,2,Bom Jesus do Tocantins (PA) || Bom Jesus do Tocantins (TO)
2021,5002209,4,Bonito (BA) || Bonito (MS) || Bonito (PA) || Bonito (PE)
2021,4104501,2,Capanema (PA) || Capanema (PR)
2021,2407807,2,Monte Alegre (PA) || Monte Alegre (RN)
2021,1716307,2,Pau D'Arco (PA) || Pau D'Arco (TO)
2021,2611408,2,Primavera (PA) || Primavera (PE)
2021,2311603,2,Redenção (CE) || Redenção (PA)
2021,3305406,2,Sapucaia (PA) || Sapucaia (RJ)
2021,2928208,2,Santana (AP) || Santana (BA)
2021,4300604,2,Alvorada (RS) || Alvorada (TO)
2021,2100873,2,Araguanã (MA) || Araguanã (TO)
2021,4303103,3,Cachoeirinha (PE) || Cachoeirinha (RS) || Cachoeirinha (TO)
2021,2203701,2,Esperantina (PI) || Esperantina (TO)
2021,2910750,2,Fátima (BA) || Fátima (TO)
2021,2910859,2,Filadélfia (BA) || Filadélfia (TO)
2021,4311403,2,Lajeado (RS) || Lajeado (TO)
2021,3303104,2,Natividade (RJ) || Natividade (TO)
2021,2922508,2,Nazaré (BA) || Nazaré (TO)
2021,2510204,3,Nova Olinda (CE) || Nova Olinda (PB) || Nova Olinda (TO)
2021,3204302,2,Presidente Kennedy (ES) || Presidente Kennedy (TO)
2021,3154457,2,Riachinho (MG) || Riachinho (TO)
2021,4117602,2,Palmas (PR) || Palmas (TO)
2021,3300506,3,Bom Jardim (MA) || Bom Jardim (PE) || Bom Jardim (RJ)
2021,3511300,2,Cedral (MA) || Cedral (SP)
2021,4305587,2,Colinas (MA) || Colinas (RS)
2021,5206909,2,Davinópolis (GO) || Davinópolis (MA)
2021,4115903,2,Mirador (MA) || Mirador (PR)
2021,2925600,2,Presidente Dutra (BA) || Presidente Dutra (MA)
2021,3153202,2,Presidente Juscelino (MA) || Presidente Juscelino (MG)
2021,4215554,4,Santa Helena (MA) || Santa Helena (PB) || Santa Helena (PR) || Santa Helena (SC)
2021,4123600,3,Santa Inês (BA) || Santa Inês (MA) || Santa Inês (PR)
2021,3157807,4,Santa Luzia (BA) || Santa Luzia (MA) || Santa Luzia (MG) || Santa Luzia (PB)
2021,2513703,2,Santa Rita (MA) || Santa Rita (PB)
2021,2513901,2,São Bento (MA) || São Bento (PB)
2021,4216305,2,São João Batista (MA) || São João Batista (SC)
2021,3162708,2,São João do Paraíso (MA) || São João do Paraíso (MG)
2021,2413706,2,Sítio Novo (MA) || Sítio Novo (RN)
2021,3205101,2,Viana (ES) || Viana (MA)
2021,2700102,3,Água Branca (AL) || Água Branca (PB) || Água Branca (PI)
2021,2700706,2,Batalha (AL) || Batalha (PI)
2021,3506805,2,Bocaina (PI) || Bocaina (SP)
2021,4302303,4,Bom Jesus (PI) || Bom Jesus (RN) || Bom Jesus (RS) || Bom Jesus (SC)
2021,5002803,2,Caracol (MS) || Caracol (PI)
2021,2612554,2,Santa Filomena (PE) || Santa Filomena (PI)
2021,5108402,2,Várzea Grande (MT) || Várzea Grande (PI)
2021,4201901,2,Aurora (CE) || Aurora (SC)
2021,4104808,2,Cascavel (CE) || Cascavel (PR)
2021,2604304,2,Cedro (CE) || Cedro (PE)
2021,5209705,2,Hidrolândia (CE) || Hidrolândia (GO)
2021,4110052,2,Iguatu (CE) || Iguatu (PR)
2021,4310405,2,Independência (CE) || Independência (RS)
2021,5005004,2,Jardim (CE) || Jardim (MS)
2021,2921302,2,Milagres (BA) || Milagres (CE)
2021,5213806,2,Morrinhos (CE) || Morrinhos (GO)
2021,2804904,2,Pacatuba (CE) || Pacatuba (SE)
2021,2511004,2,Pedra Branca (CE) || Pedra Branca (PB)
2021,2412005,2,São Gonçalo do Amarante (CE) || São Gonçalo do Amarante (RN)
2021,2800506,2,Areia Branca (RN) || Areia Branca (SE)
2021,5002704,3,Campo Grande (AL) || Campo Grande (MS) || Campo Grande (RN)
2021,2501534,2,Baraúna (PB) || Baraúna (RN)
2021,2602506,2,Brejinho (PE) || Brejinho (RN)
2021,2504074,2,Caraúbas (PB) || Caraúbas (RN)
2021,2610400,2,Parnamirim (PE) || Parnamirim (RN)
2021,5210802,2,Itajá (GO) || Itajá (RN)
2021,2917904,2,Jandaíra (BA) || Jandaíra (RN)
2021,2703908,2,Jundiá (AL) || Jundiá (RN)
2021,3145901,3,Ouro Branco (AL) || Ouro Branco (MG) || Ouro Branco (RN)
2021,4316907,2,Santa Maria (RN) || Santa Maria (RS)
2021,5106372,2,Pedra Preta (MT) || Pedra Preta (RN)
2021,2511608,2,Pilões (PB) || Pilões (RN)
2021,2926400,2,Riacho de Santana (BA) || Riacho de Santana (RN)
2021,2805901,2,Riachuelo (RN) || Riachuelo (SE)
2021,2927200,2,Ruy Barbosa (BA) || Ruy Barbosa (RN)
2021,2612455,3,Santa Cruz (PB) || Santa Cruz (PE) || Santa Cruz (RN)
2021,3550407,2,São Pedro (RN) || São Pedro (SP)
2021,4126108,2,São Tomé (PR) || São Tomé (RN)
2021,3551009,2,São Vicente (RN) || São Vicente (SP)
2021,2930501,2,Serrinha (BA) || Serrinha (RN)
2021,4217907,2,Tangará (RN) || Tangará (SC)
2021,4322707,4,Vera Cruz (BA) || Vera Cruz (RN) || Vera Cruz (RS) || Vera Cruz (SP)
2021,3171303,3,Viçosa (AL) || Viçosa (MG) || Viçosa (RN)
2021,2600609,2,Alagoinha (PB) || Alagoinha (PE)
2021,4101705,2,Araruna (PB) || Araruna (PR)
2021,4303400,2,Caiçara (PB) || Caiçara (RS)
2021,2908606,2,Conde (BA) || Conde (PB)
2021,2802908,2,Itabaiana (PB) || Itabaiana (SE)
2021,3522802,2,Itaporanga (PB) || Itaporanga (SP)
2021,2610707,2,Paulista (PB) || Paulista (PE)
2021,2706901,2,Pilar (AL) || Pilar (PB)
2021,3152808,2,Prata (MG) || Prata (PB)
2021,2925808,2,Queimadas (BA) || Queimadas (PB)
2021,2611533,2,Quixaba (PB) || Quixaba (PE)
2021,4215505,2,Santa Cecília (PB) || Santa Cecília (SC)
2021,3547809,2,Santo André (PB) || Santo André (SP)
2021,5219803,5,São Domingos (BA) || São Domingos (GO) || São Domingos (PB) || São Domingos (SC) || São Domingos (SE)
2021,3551702,2,Sertãozinho (PB) || Sertãozinho (SP)
2021,4320800,2,Soledade (PB) || Soledade (RS)
2021,2931202,2,Taperoá (BA) || Taperoá (PB)
2021,4321352,2,Tavares (PB) || Tavares (RS)
2021,4322004,3,Triunfo (PB) || Triunfo (PE) || Triunfo (RS)
2021,2802205,2,Feira Nova (PE) || Feira Nova (SE)
2021,4107900,2,Floresta (PE) || Floresta (PR)
2021,4110300,2,Inajá (PE) || Inajá (PR)
2021,4111100,3,Itambé (BA) || Itambé (PE) || Itambé (PR)
2021,3137536,2,Lagoa Grande (MG) || Lagoa Grande (PE)
2021,4212700,2,Petrolândia (PE) || Petrolândia (SC)
2021,5107776,4,Santa Terezinha (BA) || Santa Terezinha (MT) || Santa Terezinha (PE) || Santa Terezinha (SC)
2021,4124806,2,São João (PE) || São João (PR)
2021,2931707,2,Terra Nova (BA) || Terra Nova (PE)
2021,5221403,2,Trindade (GO) || Trindade (PE)
2021,4102208,2,Atalaia (AL) || Atalaia (PR)
2021,3111002,2,Campestre (AL) || Campestre (MG)
2021,4203303,2,Campo Alegre (AL) || Campo Alegre (SC)
2021,2801306,2,Capela (AL) || Capela (SE)
2021,4210506,2,Maravilha (AL) || Maravilha (SC)
2021,3535002,2,Palestina (AL) || Palestina (SP)
2021,5217203,2,Piranhas (AL) || Piranhas (GO)
2021,3550704,2,São Sebastião (AL) || São Sebastião (SP)
2021,4119301,2,Pinhão (PR) || Pinhão (SE)
2021,4215604,2,Santa Rosa de Lima (SC) || Santa Rosa de Lima (SE)
2021,3549003,3,São Francisco (MG) || São Francisco (SE) || São Francisco (SP)
2021,5203203,2,Barro Alto (BA) || Barro Alto (GO)
2021,4202156,2,Belmonte (BA) || Belmonte (SC)
2021,3111804,2,Canápolis (BA) || Canápolis (MG)
2021,5102702,2,Canarana (BA) || Canarana (MT)
2021,3112000,2,Candeias (BA) || Candeias (MG)
2021,4205175,2,Entre Rios (BA) || Entre Rios (SC)
2021,3524204,2,Jaborandi (BA) || Jaborandi (SP)
2021,5212204,3,Jussara (BA) || Jussara (GO) || Jussara (PR)
2021,5214051,3,Mundo Novo (BA) || Mundo Novo (GO) || Mundo Novo (MS)
2021,4117008,2,Nova Fátima (BA) || Nova Fátima (PR)
2021,4211652,3,Novo Horizonte (BA) || Novo Horizonte (SC) || Novo Horizonte (SP)
2021,4314704,4,Planalto (BA) || Planalto (PR) || Planalto (RS) || Planalto (SP)
2021,3157203,2,Santa Bárbara (BA) || Santa Bárbara (MG)
2021,4318309,2,São Gabriel (BA) || São Gabriel (RS)
2021,4320701,2,Sobradinho (BA) || Sobradinho (RS)
2021,3554300,2,Teodoro Sampaio (BA) || Teodoro Sampaio (SP)
2021,3306107,2,Valença (BA) || Valença (RJ)
2021,5100201,2,Água Boa (MG) || Água Boa (MT)
2021,4201208,2,Antônio Carlos (MG) || Antônio Carlos (SC)
2021,4103008,3,Boa Esperança (ES) || Boa Esperança (MG) || Boa Esperança (PR)
2021,4103206,2,Bom Sucesso (MG) || Bom Sucesso (PR)
2021,5204250,2,Cachoeira Dourada (GO) || Cachoeira Dourada (MG)
2021,4104451,3,Cantagalo (MG) || Cantagalo (PR) || Cantagalo (RJ)
2021,5208103,2,Formoso (GO) || Formoso (MG)
2021,4206405,2,Guaraciaba (MG) || Guaraciaba (SC)
2021,4110409,2,Indianópolis (MG) || Indianópolis (PR)
2021,3522406,2,Itapeva (MG) || Itapeva (SP)
2021,4310900,2,Jacutinga (MG) || Jacutinga (RS)
2021,5212253,2,Lagoa Santa (GO) || Lagoa Santa (MG)
2021,4113254,2,Laranjal (MG) || Laranjal (PR)
2021,3302858,2,Mesquita (MG) || Mesquita (RJ)
2021,3541208,2,Presidente Bernardes (MG) || Presidente Bernardes (SP)
2021,4318200,2,São Francisco de Paula (MG) || São Francisco de Paula (RS)
2021,4126900,2,Tapira (MG) || Tapira (PR)
2021,3553500,2,Tapiraí (MG) || Tapiraí (SP)
2021,4127700,2,Toledo (MG) || Toledo (PR)
2021,3555307,2,Turmalina (MG) || Turmalina (SP)
2021,4219176,2,Vargem Bonita (MG) || Vargem Bonita (SC)
2021,4128500,2,Wenceslau Braz (MG) || Wenceslau Braz (PR)
2021,4200804,2,Anchieta (ES) || Anchieta (SC)
2021,3543907,2,Rio Claro (RJ) || Rio Claro (SP)
2021,4202099,2,Barra Bonita (SC) || Barra Bonita (SP)
2021,4103453,2,Cafelândia (PR) || Cafelândia (SP)
2021,5003751,2,Eldorado (MS) || Eldorado (SP)
2021,5207501,2,Estrela do Norte (GO) || Estrela do Norte (SP)
2021,4108809,2,Guaíra (PR) || Guaíra (SP)
2021,4109203,2,Guaraci (PR) || Guaraci (SP)
2021,4208955,2,Jardinópolis (SC) || Jardinópolis (SP)
2021,4211108,2,Monte Castelo (SC) || Monte Castelo (SP)
2021,4211850,2,Ouro Verde (SC) || Ouro Verde (SP)
2021,4117800,2,Palmital (PR) || Palmital (SP)
2021,4212239,2,Paraíso (SC) || Paraíso (SP)
2021,4212908,2,Pinhalzinho (SC) || Pinhalzinho (SP)
2021,4119657,2,Pitangueiras (PR) || Pitangueiras (SP)
2021,4213807,2,Praia Grande (SC) || Praia Grande (SP)
2021,4215356,2,Saltinho (SC) || Saltinho (SP)
2021,5219357,2,Santa Isabel (GO) || Santa Isabel (SP)
2021,4123824,2,Santa Lúcia (PR) || Santa Lúcia (SP)
2021,4216008,2,São Carlos (SC) || São Carlos (SP)
2021,5220405,2,São Simão (GO) || São Simão (SP)
2021,4127403,2,Terra Roxa (PR) || Terra Roxa (SP)
2021,4219150,2,Vargem (SC) || Vargem (SP)
2021,5001508,2,Bandeirantes (MS) || Bandeirantes (PR)
2021,4301800,2,Barracão (PR) || Barracão (RS)
2021,4204004,2,Catanduvas (PR) || Catanduvas (SC)
2021,4305603,2,Colorado (PR) || Colorado (RS)
2021,5003504,2,Douradina (MS) || Douradina (PR)
2021,5103908,2,General Carneiro (MT) || General Carneiro (PR)
2021,4207858,2,Irati (PR) || Irati (SC)
2021,5214804,2,Nova Aurora (GO) || Nova Aurora (PR)
2021,5106232,2,Nova Olímpia (MT) || Nova Olímpia (PR)
2021,4212056,2,Palmeira (PR) || Palmeira (SC)
2021,5007307,2,Rio Negro (MS) || Rio Negro (PR)
2021,4320107,2,Sarandi (PR) || Sarandi (RS)
2021,4320909,2,Tapejara (PR) || Tapejara (RS)
2021,4218806,2,Turvo (PR) || Turvo (SC)
2021,5215009,2,Nova Veneza (GO) || Nova Veneza (SC)
2021,4319109,2,São Martinho (RS) || São Martinho (SC)
2022,2109239,2,Presidente Médici (MA) || Presidente Médici (RO)
2022,4128625,2,Alto Paraíso (PR) || Alto Paraíso (RO)
2022,3109303,2,Buritis (MG) || Buritis (RO)
2022,3136603,2,Nova União (MG) || Nova União (RO)
2022,4306205,3,Cruzeiro do Sul (AC) || Cruzeiro do Sul (PR) || Cruzeiro do Sul (RS)
2022,5107206,2,Rio Branco (AC) || Rio Branco (MT)
2022,4309704,2,Humaitá (AM) || Humaitá (RS)
2022,4208401,2,Itapiranga (AM) || Itapiranga (SC)
2022,4112405,2,Japurá (AM) || Japurá (PR)
2022,3552700,2,Tabatinga (AM) || Tabatinga (SP)
2022,4300554,3,Alto Alegre (RR) || Alto Alegre (RS) || Alto Alegre (SP)
2022,3108107,2,Bonfim (MG) || Bonfim (RR)
2022,2700805,3,Belém (AL) || Belém (PA) || Belém (PB)
2022,1703305,2,Bom Jesus do Tocantins (PA) || Bom Jesus do Tocantins (TO)
2022,5002209,4,Bonito (BA) || Bonito (MS) || Bonito (PA) || Bonito (PE)
2022,4104501,2,Capanema (PA) || Capanema (PR)
2022,2407807,2,Monte Alegre (PA) || Monte Alegre (RN)
2022,1716307,2,Pau D'Arco (PA) || Pau D'Arco (TO)
2022,2611408,2,Primavera (PA) || Primavera (PE)
2022,2311603,2,Redenção (CE) || Redenção (PA)
2022,3305406,2,Sapucaia (PA) || Sapucaia (RJ)
2022,2928208,2,Santana (AP) || Santana (BA)
2022,4300604,2,Alvorada (RS) || Alvorada (TO)
2022,2100873,2,Araguanã (MA) || Araguanã (TO)
2022,4303103,3,Cachoeirinha (PE) || Cachoeirinha (RS) || Cachoeirinha (TO)
2022,2203701,2,Esperantina (PI) || Esperantina (TO)
2022,2910750,2,Fátima (BA) || Fátima (TO)
2022,2910859,2,Filadélfia (BA) || Filadélfia (TO)
2022,4311403,2,Lajeado (RS) || Lajeado (TO)
2022,3303104,2,Natividade (RJ) || Natividade (TO)
2022,2922508,2,Nazaré (BA) || Nazaré (TO)
2022,2510204,3,Nova Olinda (CE) || Nova Olinda (PB) || Nova Olinda (TO)
2022,3204302,2,Presidente Kennedy (ES) || Presidente Kennedy (TO)
2022,3154457,2,Riachinho (MG) || Riachinho (TO)
2022,4117602,2,Palmas (PR) || Palmas (TO)
2022,3300506,3,Bom Jardim (MA) || Bom Jardim (PE) || Bom Jardim (RJ)
2022,3511300,2,Cedral (MA) || Cedral (SP)
2022,4305587,2,Colinas (MA) || Colinas (RS)
2022,5206909,2,Davinópolis (GO) || Davinópolis (MA)
2022,4115903,2,Mirador (MA) || Mirador (PR)
2022,2925600,2,Presidente Dutra (BA) || Presidente Dutra (MA)
2022,3153202,2,Presidente Juscelino (MA) || Presidente Juscelino (MG)
2022,4215554,4,Santa Helena (MA) || Santa Helena (PB) || Santa Helena (PR) || Santa Helena (SC)
2022,4123600,3,Santa Inês (BA) || Santa Inês (MA) || Santa Inês (PR)
2022,3157807,4,Santa Luzia (BA) || Santa Luzia (MA) || Santa Luzia (MG) || Santa Luzia (PB)
2022,2513703,2,Santa Rita (MA) || Santa Rita (PB)
2022,2513901,2,São Bento (MA) || São Bento (PB)
2022,4216305,2,São João Batista (MA) || São João Batista (SC)
2022,3162708,2,São João do Paraíso (MA) || São João do Paraíso (MG)
2022,2413706,2,Sítio Novo (MA) || Sítio Novo (RN)
2022,3205101,2,Viana (ES) || Viana (MA)
2022,2700102,3,Água Branca (AL) || Água Branca (PB) || Água Branca (PI)
2022,2700706,2,Batalha (AL) || Batalha (PI)
2022,3506805,2,Bocaina (PI) || Bocaina (SP)
2022,4302303,4,Bom Jesus (PI) || Bom Jesus (RN) || Bom Jesus (RS) || Bom Jesus (SC)
2022,5002803,2,Caracol (MS) || Caracol (PI)
2022,2612554,2,Santa Filomena (PE) || Santa Filomena (PI)
2022,5108402,2,Várzea Grande (MT) || Várzea Grande (PI)
2022,4201901,2,Aurora (CE) || Aurora (SC)
2022,4104808,2,Cascavel (CE) || Cascavel (PR)
2022,2604304,2,Cedro (CE) || Cedro (PE)
2022,5209705,2,Hidrolândia (CE) || Hidrolândia (GO)
2022,4110052,2,Iguatu (CE) || Iguatu (PR)
2022,4310405,2,Independência (CE) || Independência (RS)
2022,5005004,2,Jardim (CE) || Jardim (MS)
2022,2921302,2,Milagres (BA) || Milagres (CE)
2022,5213806,2,Morrinhos (CE) || Morrinhos (GO)
2022,2804904,2,Pacatuba (CE) || Pacatuba (SE)
2022,2511004,2,Pedra Branca (CE) || Pedra Branca (PB)
2022,2412005,2,São Gonçalo do Amarante (CE) || São Gonçalo do Amarante (RN)
2022,2800506,2,Areia Branca (RN) || Areia Branca (SE)
2022,5002704,3,Campo Grande (AL) || Campo Grande (MS) || Campo Grande (RN)
2022,2501534,2,Baraúna (PB) || Baraúna (RN)
2022,2602506,2,Brejinho (PE) || Brejinho (RN)
2022,2504074,2,Caraúbas (PB) || Caraúbas (RN)
2022,2610400,2,Parnamirim (PE) || Parnamirim (RN)
2022,5210802,2,Itajá (GO) || Itajá (RN)
2022,2917904,2,Jandaíra (BA) || Jandaíra (RN)
2022,2703908,2,Jundiá (AL) || Jundiá (RN)
2022,3145901,3,Ouro Branco (AL) || Ouro Branco (MG) || Ouro Branco (RN)
2022,4316907,2,Santa Maria (RN) || Santa Maria (RS)
2022,5106372,2,Pedra Preta (MT) || Pedra Preta (RN)
2022,2511608,2,Pilões (PB) || Pilões (RN)
2022,2926400,2,Riacho de Santana (BA) || Riacho de Santana (RN)
2022,2805901,2,Riachuelo (RN) || Riachuelo (SE)
2022,2927200,2,Ruy Barbosa (BA) || Ruy Barbosa (RN)
2022,2612455,3,Santa Cruz (PB) || Santa Cruz (PE) || Santa Cruz (RN)
2022,3550407,2,São Pedro (RN) || São Pedro (SP)
2022,4126108,2,São Tomé (PR) || São Tomé (RN)
2022,3551009,2,São Vicente (RN) || São Vicente (SP)
2022,2930501,2,Serrinha (BA) || Serrinha (RN)
2022,4217907,2,Tangará (RN) || Tangará (SC)
2022,4322707,4,Vera Cruz (BA) || Vera Cruz (RN) || Vera Cruz (RS) || Vera Cruz (SP)
2022,3171303,3,Viçosa (AL) || Viçosa (MG) || Viçosa (RN)
2022,2600609,2,Alagoinha (PB) || Alagoinha (PE)
2022,4101705,2,Araruna (PB) || Araruna (PR)
2022,4303400,2,Caiçara (PB) || Caiçara (RS)
2022,2908606,2,Conde (BA) || Conde (PB)
2022,2802908,2,Itabaiana (PB) || Itabaiana (SE)
2022,3522802,2,Itaporanga (PB) || Itaporanga (SP)
2022,2610707,2,Paulista (PB) || Paulista (PE)
2022,2706901,2,Pilar (AL) || Pilar (PB)
2022,3152808,2,Prata (MG) || Prata (PB)
2022,2925808,2,Queimadas (BA) || Queimadas (PB)
2022,2611533,2,Quixaba (PB) || Quixaba (PE)
2022,4215505,2,Santa Cecília (PB) || Santa Cecília (SC)
2022,3547809,2,Santo André (PB) || Santo André (SP)
2022,5219803,5,São Domingos (BA) || São Domingos (GO) || São Domingos (PB) || São Domingos (SC) || São Domingos (SE)
2022,3551702,2,Sertãozinho (PB) || Sertãozinho (SP)
2022,4320800,2,Soledade (PB) || Soledade (RS)
2022,2931202,2,Taperoá (BA) || Taperoá (PB)
2022,4321352,2,Tavares (PB) || Tavares (RS)
2022,4322004,3,Triunfo (PB) || Triunfo (PE) || Triunfo (RS)
2022,2802205,2,Feira Nova (PE) || Feira Nova (SE)
2022,4107900,2,Floresta (PE) || Floresta (PR)
2022,4110300,2,Inajá (PE) || Inajá (PR)
2022,4111100,3,Itambé (BA) || Itambé (PE) || Itambé (PR)
2022,3137536,2,Lagoa Grande (MG) || Lagoa Grande (PE)
2022,4212700,2,Petrolândia (PE) || Petrolândia (SC)
2022,5107776,4,Santa Terezinha (BA) || Santa Terezinha (MT) || Santa Terezinha (PE) || Santa Terezinha (SC)
2022,4124806,2,São João (PE) || São João (PR)
2022,2931707,2,Terra Nova (BA) || Terra Nova (PE)
2022,5221403,2,Trindade (GO) || Trindade (PE)
2022,4102208,2,Atalaia (AL) || Atalaia (PR)
2022,3111002,2,Campestre (AL) || Campestre (MG)
2022,4203303,2,Campo Alegre (AL) || Campo Alegre (SC)
2022,2801306,2,Capela (AL) || Capela (SE)
2022,4210506,2,Maravilha (AL) || Maravilha (SC)
2022,3535002,2,Palestina (AL) || Palestina (SP)
2022,5217203,2,Piranhas (AL) || Piranhas (GO)
2022,3550704,2,São Sebastião (AL) || São Sebastião (SP)
2022,4119301,2,Pinhão (PR) || Pinhão (SE)
2022,4215604,2,Santa Rosa de Lima (SC) || Santa Rosa de Lima (SE)
2022,3549003,3,São Francisco (MG) || São Francisco (SE) || São Francisco (SP)
2022,5203203,2,Barro Alto (BA) || Barro Alto (GO)
2022,4202156,2,Belmonte (BA) || Belmonte (SC)
2022,3111804,2,Canápolis (BA) || Canápolis (MG)
2022,5102702,2,Canarana (BA) || Canarana (MT)
2022,3112000,2,Candeias (BA) || Candeias (MG)
2022,4205175,2,Entre Rios (BA) || Entre Rios (SC)
2022,3524204,2,Jaborandi (BA) || Jaborandi (SP)
2022,5212204,3,Jussara (BA) || Jussara (GO) || Jussara (PR)
2022,5214051,3,Mundo Novo (BA) || Mundo Novo (GO) || Mundo Novo (MS)
2022,4117008,2,Nova Fátima (BA) || Nova Fátima (PR)
2022,4211652,3,Novo Horizonte (BA) || Novo Horizonte (SC) || Novo Horizonte (SP)
2022,4314704,4,Planalto (BA) || Planalto (PR) || Planalto (RS) || Planalto (SP)
2022,3157203,2,Santa Bárbara (BA) || Santa Bárbara (MG)
2022,4318309,2,São Gabriel (BA) || São Gabriel (RS)
2022,4320701,2,Sobradinho (BA) || Sobradinho (RS)
2022,3554300,2,Teodoro Sampaio (BA) || Teodoro Sampaio (SP)
2022,3306107,2,Valença (BA) || Valença (RJ)
2022,5100201,2,Água Boa (MG) || Água Boa (MT)
2022,4201208,2,Antônio Carlos (MG) || Antônio Carlos (SC)
2022,4103008,3,Boa Esperança (ES) || Boa Esperança (MG) || Boa Esperança (PR)
2022,4103206,2,Bom Sucesso (MG) || Bom Sucesso (PR)
2022,5204250,2,Cachoeira Dourada (GO) || Cachoeira Dourada (MG)
2022,4104451,3,Cantagalo (MG) || Cantagalo (PR) || Cantagalo (RJ)
2022,5208103,2,Formoso (GO) || Formoso (MG)
2022,4206405,2,Guaraciaba (MG) || Guaraciaba (SC)
2022,4110409,2,Indianópolis (MG) || Indianópolis (PR)
2022,3522406,2,Itapeva (MG) || Itapeva (SP)
2022,4310900,2,Jacutinga (MG) || Jacutinga (RS)
2022,5212253,2,Lagoa Santa (GO) || Lagoa Santa (MG)
2022,4113254,2,Laranjal (MG) || Laranjal (PR)
2022,3302858,2,Mesquita (MG) || Mesquita (RJ)
2022,3541208,2,Presidente Bernardes (MG) || Presidente Bernardes (SP)
2022,4318200,2,São Francisco de Paula (MG) || São Francisco de Paula (RS)
2022,4126900,2,Tapira (MG) || Tapira (PR)
2022,3553500,2,Tapiraí (MG) || Tapiraí (SP)
2022,4127700,2,Toledo (MG) || Toledo (PR)
2022,3555307,2,Turmalina (MG) || Turmalina (SP)
2022,4219176,2,Vargem Bonita (MG) || Vargem Bonita (SC)
2022,4128500,2,Wenceslau Braz (MG) || Wenceslau Braz (PR)
2022,4200804,2,Anchieta (ES) || Anchieta (SC)
2022,3543907,2,Rio Claro (RJ) || Rio Claro (SP)
2022,4202099,2,Barra Bonita (SC) || Barra Bonita (SP)
2022,4103453,2,Cafelândia (PR) || Cafelândia (SP)
2022,5003751,2,Eldorado (MS) || Eldorado (SP)
2022,5207501,2,Estrela do Norte (GO) || Estrela do Norte (SP)
2022,4108809,2,Guaíra (PR) || Guaíra (SP)
2022,4109203,2,Guaraci (PR) || Guaraci (SP)
2022,4208955,2,Jardinópolis (SC) || Jardinópolis (SP)
2022,4211108,2,Monte Castelo (SC) || Monte Castelo (SP)
2022,4211850,2,Ouro Verde (SC) || Ouro Verde (SP)
2022,4117800,2,Palmital (PR) || Palmital (SP)
2022,4212239,2,Paraíso (SC) || Paraíso (SP)
2022,4212908,2,Pinhalzinho (SC) || Pinhalzinho (SP)
2022,4119657,2,Pitangueiras (PR) || Pitangueiras (SP)
2022,4213807,2,Praia Grande (SC) || Praia Grande (SP)
2022,4215356,2,Saltinho (SC) || Saltinho (SP)
2022,5219357,2,Santa Isabel (GO) || Santa Isabel (SP)
2022,4123824,2,Santa Lúcia (PR) || Santa Lúcia (SP)
2022,4216008,2,São Carlos (SC) || São Carlos (SP)
2022,5220405,2,São Simão (GO) || São Simão (SP)
2022,4127403,2,Terra Roxa (PR) || Terra Roxa (SP)
2022,4219150,2,Vargem (SC) || Vargem (SP)
2022,5001508,2,Bandeirantes (MS) || Bandeirantes (PR)
2022,4301800,2,Barracão (PR) || Barracão (RS)
2022,4204004,2,Catanduvas (PR) || Catanduvas (SC)
2022,4305603,2,Colorado (PR) || Colorado (RS)
2022,5003504,2,Douradina (MS) || Douradina (PR)
2022,5103908,2,General Carneiro (MT) || General Carneiro (PR)
2022,4207858,2,Irati (PR) || Irati (SC)
2022,5214804,2,Nova Aurora (GO) || Nova Aurora (PR)
2022,5106232,2,Nova Olímpia (MT) || Nova Olímpia (PR)
2022,4212056,2,Palmeira (PR) || Palmeira (SC)
2022,5007307,2,Rio Negro (MS) || Rio Negro (PR)
2022,4320107,2,Sarandi (PR) || Sarandi (RS)
2022,4320909,2,Tapejara (PR) || Tapejara (RS)
2022,4218806,2,Turvo (PR) || Turvo (SC)
2022,5215009,2,Nova Veneza (GO) || Nova Veneza (SC)
2022,4319109,2,São Martinho (RS) || São Martinho (SC)
