year,uf,sex,age_group,persons_married
2003,AC,female,15,1
2003,AC,female,16,65
2003,AC,female,17,81
2003,AC,female,18,108
2003,AC,female,19,155
2003,AC,female,20-24,685
2003,AC,female,25-29,493
2003,AC,female,30-34,340
2003,AC,female,35-39,184
2003,AC,female,40-44,129
2003,AC,female,45-49,66
2003,AC,female,50-54,52
2003,AC,female,55-59,27
2003,AC,female,60-64,19
2003,AC,female,65+,22
2003,AC,female,<15,5
2003,AC,female,unknown,0
2003,AC,male,15,0
2003,AC,male,16,2
2003,AC,male,17,8
2003,AC,male,18,21
2003,AC,male,19,44
2003,AC,male,20-24,528
2003,AC,male,25-29,592
2003,AC,male,30-34,388
2003,AC,male,35-39,309
2003,AC,male,40-44,192
2003,AC,male,45-49,117
2003,AC,male,50-54,70
2003,AC,male,55-59,52
2003,AC,male,60-64,40
2003,AC,male,65+,69
2003,AC,male,<15,0
2003,AC,male,unknown,0
2003,AL,female,15,132
2003,AL,female,16,580
2003,AL,female,17,616
2003,AL,female,18,761
2003,AL,female,19,737
2003,AL,female,20-24,3422
2003,AL,female,25-29,1933
2003,AL,female,30-34,869
2003,AL,female,35-39,468
2003,AL,female,40-44,267
2003,AL,female,45-49,169
2003,AL,female,50-54,129
2003,AL,female,55-59,56
2003,AL,female,60-64,56
2003,AL,female,65+,51
2003,AL,female,<15,70
2003,AL,female,unknown,1
2003,AL,male,15,6
2003,AL,male,16,24
2003,AL,male,17,81
2003,AL,male,18,240
2003,AL,male,19,454
2003,AL,male,20-24,3671
2003,AL,male,25-29,2696
2003,AL,male,30-34,1292
2003,AL,male,35-39,673
2003,AL,male,40-44,356
2003,AL,male,45-49,205
2003,AL,male,50-54,149
2003,AL,male,55-59,108
2003,AL,male,60-64,103
2003,AL,male,65+,255
2003,AL,male,<15,3
2003,AL,male,unknown,1
2003,AM,female,15,45
2003,AM,female,16,214
2003,AM,female,17,297
2003,AM,female,18,489
2003,AM,female,19,578
2003,AM,female,20-24,3378
2003,AM,female,25-29,3060
2003,AM,female,30-34,1890
2003,AM,female,35-39,1064
2003,AM,female,40-44,546
2003,AM,female,45-49,276
2003,AM,female,50-54,134
2003,AM,female,55-59,75
2003,AM,female,60-64,36
2003,AM,female,65+,48
2003,AM,female,<15,28
2003,AM,female,unknown,1
2003,AM,male,15,3
2003,AM,male,16,10
2003,AM,male,17,27
2003,AM,male,18,126
2003,AM,male,19,235
2003,AM,male,20-24,2793
2003,AM,male,25-29,3188
2003,AM,male,30-34,2410
2003,AM,male,35-39,1507
2003,AM,male,40-44,863
2003,AM,male,45-49,413
2003,AM,male,50-54,235
2003,AM,male,55-59,130
2003,AM,male,60-64,82
2003,AM,male,65+,134
2003,AM,male,<15,2
2003,AM,male,unknown,1
2003,AP,female,15,0
2003,AP,female,16,12
2003,AP,female,17,33
2003,AP,female,18,39
2003,AP,female,19,47
2003,AP,female,20-24,343
2003,AP,female,25-29,282
2003,AP,female,30-34,178
2003,AP,female,35-39,114
2003,AP,female,40-44,46
2003,AP,female,45-49,39
2003,AP,female,50-54,17
2003,AP,female,55-59,6
2003,AP,female,60-64,8
2003,AP,female,65+,4
2003,AP,female,<15,1
2003,AP,female,unknown,0
2003,AP,male,15,0
2003,AP,male,16,1
2003,AP,male,17,4
2003,AP,male,18,9
2003,AP,male,19,18
2003,AP,male,20-24,220
2003,AP,male,25-29,317
2003,AP,male,30-34,238
2003,AP,male,35-39,142
2003,AP,male,40-44,87
2003,AP,male,45-49,60
2003,AP,male,50-54,35
2003,AP,male,55-59,17
2003,AP,male,60-64,8
2003,AP,male,65+,13
2003,AP,male,<15,0
2003,AP,male,unknown,0
2003,BA,female,15,125
2003,BA,female,16,1873
2003,BA,female,17,2251
2003,BA,female,18,2815
2003,BA,female,19,2988
2003,BA,female,20-24,14625
2003,BA,female,25-29,9175
2003,BA,female,30-34,4824
2003,BA,female,35-39,2566
2003,BA,female,40-44,1461
2003,BA,female,45-49,939
2003,BA,female,50-54,657
2003,BA,female,55-59,513
2003,BA,female,60-64,240
2003,BA,female,65+,294
2003,BA,female,<15,50
2003,BA,female,unknown,0
2003,BA,male,15,6
2003,BA,male,16,57
2003,BA,male,17,137
2003,BA,male,18,607
2003,BA,male,19,1127
2003,BA,male,20-24,13518
2003,BA,male,25-29,12647
2003,BA,male,30-34,7094
2003,BA,male,35-39,3770
2003,BA,male,40-44,2114
2003,BA,male,45-49,1230
2003,BA,male,50-54,814
2003,BA,male,55-59,669
2003,BA,male,60-64,535
2003,BA,male,65+,1068
2003,BA,male,<15,2
2003,BA,male,unknown,1
2003,CE,female,15,96
2003,CE,female,16,1242
2003,CE,female,17,1405
2003,CE,female,18,1773
2003,CE,female,19,1744
2003,CE,female,20-24,8605
2003,CE,female,25-29,5165
2003,CE,female,30-34,2529
2003,CE,female,35-39,1372
2003,CE,female,40-44,640
2003,CE,female,45-49,397
2003,CE,female,50-54,264
2003,CE,female,55-59,146
2003,CE,female,60-64,62
2003,CE,female,65+,105
2003,CE,female,<15,41
2003,CE,female,unknown,1
2003,CE,male,15,8
2003,CE,male,16,77
2003,CE,male,17,156
2003,CE,male,18,568
2003,CE,male,19,976
2003,CE,male,20-24,8527
2003,CE,male,25-29,6952
2003,CE,male,30-34,3598
2003,CE,male,35-39,1874
2003,CE,male,40-44,1042
2003,CE,male,45-49,528
2003,CE,male,50-54,316
2003,CE,male,55-59,271
2003,CE,male,60-64,226
2003,CE,male,65+,464
2003,CE,male,<15,4
2003,CE,male,unknown,0
2003,DF,female,15,3
2003,DF,female,16,191
2003,DF,female,17,271
2003,DF,female,18,429
2003,DF,female,19,630
2003,DF,female,20-24,4024
2003,DF,female,25-29,3140
2003,DF,female,30-34,1534
2003,DF,female,35-39,810
2003,DF,female,40-44,383
2003,DF,female,45-49,206
2003,DF,female,50-54,99
2003,DF,female,55-59,50
2003,DF,female,60-64,23
2003,DF,female,65+,20
2003,DF,female,<15,0
2003,DF,female,unknown,27
2003,DF,male,15,0
2003,DF,male,16,3
2003,DF,male,17,20
2003,DF,male,18,94
2003,DF,male,19,229
2003,DF,male,20-24,3154
2003,DF,male,25-29,3605
2003,DF,male,30-34,2150
2003,DF,male,35-39,1168
2003,DF,male,40-44,568
2003,DF,male,45-49,328
2003,DF,male,50-54,194
2003,DF,male,55-59,106
2003,DF,male,60-64,84
2003,DF,male,65+,116
2003,DF,male,<15,0
2003,DF,male,unknown,21
2003,ES,female,15,34
2003,ES,female,16,798
2003,ES,female,17,938
2003,ES,female,18,1122
2003,ES,female,19,1289
2003,ES,female,20-24,6417
2003,ES,female,25-29,3648
2003,ES,female,30-34,1680
2003,ES,female,35-39,926
2003,ES,female,40-44,539
2003,ES,female,45-49,350
2003,ES,female,50-54,198
2003,ES,female,55-59,111
2003,ES,female,60-64,79
2003,ES,female,65+,90
2003,ES,female,<15,19
2003,ES,female,unknown,1
2003,ES,male,15,2
2003,ES,male,16,18
2003,ES,male,17,64
2003,ES,male,18,292
2003,ES,male,19,512
2003,ES,male,20-24,5993
2003,ES,male,25-29,5218
2003,ES,male,30-34,2675
2003,ES,male,35-39,1373
2003,ES,male,40-44,725
2003,ES,male,45-49,414
2003,ES,male,50-54,266
2003,ES,male,55-59,174
2003,ES,male,60-64,152
2003,ES,male,65+,359
2003,ES,male,<15,0
2003,ES,male,unknown,2
2003,GO,female,15,101
2003,GO,female,16,1214
2003,GO,female,17,1452
2003,GO,female,18,1767
2003,GO,female,19,1854
2003,GO,female,20-24,8630
2003,GO,female,25-29,5315
2003,GO,female,30-34,2667
2003,GO,female,35-39,1504
2003,GO,female,40-44,864
2003,GO,female,45-49,510
2003,GO,female,50-54,339
2003,GO,female,55-59,169
2003,GO,female,60-64,98
2003,GO,female,65+,93
2003,GO,female,<15,46
2003,GO,female,unknown,0
2003,GO,male,15,4
2003,GO,male,16,26
2003,GO,male,17,107
2003,GO,male,18,504
2003,GO,male,19,834
2003,GO,male,20-24,8507
2003,GO,male,25-29,7458
2003,GO,male,30-34,3785
2003,GO,male,35-39,2032
2003,GO,male,40-44,1144
2003,GO,male,45-49,727
2003,GO,male,50-54,483
2003,GO,male,55-59,335
2003,GO,male,60-64,246
2003,GO,male,65+,428
2003,GO,male,<15,3
2003,GO,male,unknown,0
2003,MA,female,15,174
2003,MA,female,16,897
2003,MA,female,17,939
2003,MA,female,18,1121
2003,MA,female,19,1121
2003,MA,female,20-24,4608
2003,MA,female,25-29,2548
2003,MA,female,30-34,1440
2003,MA,female,35-39,808
2003,MA,female,40-44,514
2003,MA,female,45-49,362
2003,MA,female,50-54,259
2003,MA,female,55-59,173
2003,MA,female,60-64,111
2003,MA,female,65+,134
2003,MA,female,<15,117
2003,MA,female,unknown,0
2003,MA,male,15,9
2003,MA,male,16,38
2003,MA,male,17,120
2003,MA,male,18,405
2003,MA,male,19,664
2003,MA,male,20-24,5033
2003,MA,male,25-29,3538
2003,MA,male,30-34,1961
2003,MA,male,35-39,1082
2003,MA,male,40-44,715
2003,MA,male,45-49,442
2003,MA,male,50-54,317
2003,MA,male,55-59,253
2003,MA,male,60-64,236
2003,MA,male,65+,510
2003,MA,male,<15,3
2003,MA,male,unknown,0
2003,MG,female,15,224
2003,MG,female,16,3516
2003,MG,female,17,4330
2003,MG,female,18,5285
2003,MG,female,19,6197
2003,MG,female,20-24,31313
2003,MG,female,25-29,19555
2003,MG,female,30-34,9061
2003,MG,female,35-39,4541
2003,MG,female,40-44,2265
2003,MG,female,45-49,1337
2003,MG,female,50-54,754
2003,MG,female,55-59,438
2003,MG,female,60-64,287
2003,MG,female,65+,263
2003,MG,female,<15,67
2003,MG,female,unknown,7
2003,MG,male,15,12
2003,MG,male,16,60
2003,MG,male,17,232
2003,MG,male,18,1115
2003,MG,male,19,2305
2003,MG,male,20-24,28376
2003,MG,male,25-29,27083
2003,MG,male,30-34,14264
2003,MG,male,35-39,6894
2003,MG,male,40-44,3364
2003,MG,male,45-49,1879
2003,MG,male,50-54,1176
2003,MG,male,55-59,767
2003,MG,male,60-64,642
2003,MG,male,65+,1261
2003,MG,male,<15,3
2003,MG,male,unknown,7
2003,MS,female,15,10
2003,MS,female,16,401
2003,MS,female,17,453
2003,MS,female,18,474
2003,MS,female,19,566
2003,MS,female,20-24,2923
2003,MS,female,25-29,1801
2003,MS,female,30-34,921
2003,MS,female,35-39,527
2003,MS,female,40-44,291
2003,MS,female,45-49,189
2003,MS,female,50-54,98
2003,MS,female,55-59,73
2003,MS,female,60-64,38
2003,MS,female,65+,22
2003,MS,female,<15,6
2003,MS,female,unknown,0
2003,MS,male,15,2
2003,MS,male,16,9
2003,MS,male,17,32
2003,MS,male,18,137
2003,MS,male,19,267
2003,MS,male,20-24,2792
2003,MS,male,25-29,2293
2003,MS,male,30-34,1372
2003,MS,male,35-39,720
2003,MS,male,40-44,394
2003,MS,male,45-49,271
2003,MS,male,50-54,180
2003,MS,male,55-59,113
2003,MS,male,60-64,79
2003,MS,male,65+,132
2003,MS,male,<15,0
2003,MS,male,unknown,0
2003,MT,female,15,21
2003,MT,female,16,603
2003,MT,female,17,651
2003,MT,female,18,693
2003,MT,female,19,714
2003,MT,female,20-24,3271
2003,MT,female,25-29,2007
2003,MT,female,30-34,1067
2003,MT,female,35-39,539
2003,MT,female,40-44,305
2003,MT,female,45-49,188
2003,MT,female,50-54,102
2003,MT,female,55-59,63
2003,MT,female,60-64,35
2003,MT,female,65+,31
2003,MT,female,<15,11
2003,MT,female,unknown,9
2003,MT,male,15,1
2003,MT,male,16,13
2003,MT,male,17,37
2003,MT,male,18,184
2003,MT,male,19,322
2003,MT,male,20-24,3210
2003,MT,male,25-29,2817
2003,MT,male,30-34,1582
2003,MT,male,35-39,853
2003,MT,male,40-44,507
2003,MT,male,45-49,283
2003,MT,male,50-54,177
2003,MT,male,55-59,100
2003,MT,male,60-64,96
2003,MT,male,65+,117
2003,MT,male,<15,2
2003,MT,male,unknown,9
2003,PA,female,15,40
2003,PA,female,16,628
2003,PA,female,17,706
2003,PA,female,18,947
2003,PA,female,19,925
2003,PA,female,20-24,5177
2003,PA,female,25-29,3833
2003,PA,female,30-34,2395
2003,PA,female,35-39,1293
2003,PA,female,40-44,679
2003,PA,female,45-49,408
2003,PA,female,50-54,230
2003,PA,female,55-59,160
2003,PA,female,60-64,100
2003,PA,female,65+,89
2003,PA,female,<15,23
2003,PA,female,unknown,4
2003,PA,male,15,3
2003,PA,male,16,19
2003,PA,male,17,49
2003,PA,male,18,192
2003,PA,male,19,397
2003,PA,male,20-24,4371
2003,PA,male,25-29,4518
2003,PA,male,30-34,3181
2003,PA,male,35-39,1921
2003,PA,male,40-44,1155
2003,PA,male,45-49,598
2003,PA,male,50-54,360
2003,PA,male,55-59,264
2003,PA,male,60-64,206
2003,PA,male,65+,400
2003,PA,male,<15,0
2003,PA,male,unknown,3
2003,PB,female,15,79
2003,PB,female,16,791
2003,PB,female,17,845
2003,PB,female,18,985
2003,PB,female,19,1028
2003,PB,female,20-24,4639
2003,PB,female,25-29,2572
2003,PB,female,30-34,1246
2003,PB,female,35-39,639
2003,PB,female,40-44,337
2003,PB,female,45-49,226
2003,PB,female,50-54,130
2003,PB,female,55-59,89
2003,PB,female,60-64,64
2003,PB,female,65+,56
2003,PB,female,<15,41
2003,PB,female,unknown,2
2003,PB,male,15,6
2003,PB,male,16,47
2003,PB,male,17,109
2003,PB,male,18,317
2003,PB,male,19,551
2003,PB,male,20-24,5019
2003,PB,male,25-29,3588
2003,PB,male,30-34,1711
2003,PB,male,35-39,931
2003,PB,male,40-44,482
2003,PB,male,45-49,270
2003,PB,male,50-54,188
2003,PB,male,55-59,138
2003,PB,male,60-64,114
2003,PB,male,65+,295
2003,PB,male,<15,1
2003,PB,male,unknown,2
2003,PE,female,15,116
2003,PE,female,16,1496
2003,PE,female,17,1692
2003,PE,female,18,1948
2003,PE,female,19,2153
2003,PE,female,20-24,10956
2003,PE,female,25-29,7115
2003,PE,female,30-34,3725
2003,PE,female,35-39,1957
2003,PE,female,40-44,1064
2003,PE,female,45-49,611
2003,PE,female,50-54,432
2003,PE,female,55-59,277
2003,PE,female,60-64,158
2003,PE,female,65+,169
2003,PE,female,<15,92
2003,PE,female,unknown,2
2003,PE,male,15,9
2003,PE,male,16,54
2003,PE,male,17,191
2003,PE,male,18,649
2003,PE,male,19,1058
2003,PE,male,20-24,10636
2003,PE,male,25-29,9474
2003,PE,male,30-34,4989
2003,PE,male,35-39,2543
2003,PE,male,40-44,1324
2003,PE,male,45-49,726
2003,PE,male,50-54,545
2003,PE,male,55-59,433
2003,PE,male,60-64,377
2003,PE,male,65+,948
2003,PE,male,<15,2
2003,PE,male,unknown,5
2003,PI,female,15,107
2003,PI,female,16,583
2003,PI,female,17,693
2003,PI,female,18,706
2003,PI,female,19,677
2003,PI,female,20-24,2772
2003,PI,female,25-29,1582
2003,PI,female,30-34,784
2003,PI,female,35-39,423
2003,PI,female,40-44,221
2003,PI,female,45-49,123
2003,PI,female,50-54,85
2003,PI,female,55-59,62
2003,PI,female,60-64,30
2003,PI,female,65+,29
2003,PI,female,<15,77
2003,PI,female,unknown,0
2003,PI,male,15,7
2003,PI,male,16,27
2003,PI,male,17,93
2003,PI,male,18,250
2003,PI,male,19,408
2003,PI,male,20-24,3209
2003,PI,male,25-29,2259
2003,PI,male,30-34,1140
2003,PI,male,35-39,594
2003,PI,male,40-44,324
2003,PI,male,45-49,196
2003,PI,male,50-54,127
2003,PI,male,55-59,100
2003,PI,male,60-64,73
2003,PI,male,65+,144
2003,PI,male,<15,3
2003,PI,male,unknown,0
2003,PR,female,15,114
2003,PR,female,16,1932
2003,PR,female,17,2423
2003,PR,female,18,3135
2003,PR,female,19,3467
2003,PR,female,20-24,17367
2003,PR,female,25-29,10738
2003,PR,female,30-34,4931
2003,PR,female,35-39,2501
2003,PR,female,40-44,1370
2003,PR,female,45-49,855
2003,PR,female,50-54,565
2003,PR,female,55-59,319
2003,PR,female,60-64,140
2003,PR,female,65+,164
2003,PR,female,<15,43
2003,PR,female,unknown,1
2003,PR,male,15,1
2003,PR,male,16,42
2003,PR,male,17,189
2003,PR,male,18,805
2003,PR,male,19,1569
2003,PR,male,20-24,16456
2003,PR,male,25-29,14635
2003,PR,male,30-34,7374
2003,PR,male,35-39,3646
2003,PR,male,40-44,1749
2003,PR,male,45-49,1094
2003,PR,male,50-54,746
2003,PR,male,55-59,512
2003,PR,male,60-64,434
2003,PR,male,65+,810
2003,PR,male,<15,2
2003,PR,male,unknown,1
2003,RJ,female,15,63
2003,RJ,female,16,867
2003,RJ,female,17,1320
2003,RJ,female,18,2079
2003,RJ,female,19,2852
2003,RJ,female,20-24,20035
2003,RJ,female,25-29,15004
2003,RJ,female,30-34,7534
2003,RJ,female,35-39,4113
2003,RJ,female,40-44,2558
2003,RJ,female,45-49,1631
2003,RJ,female,50-54,1106
2003,RJ,female,55-59,674
2003,RJ,female,60-64,422
2003,RJ,female,65+,457
2003,RJ,female,<15,21
2003,RJ,female,unknown,7
2003,RJ,male,15,3
2003,RJ,male,16,20
2003,RJ,male,17,83
2003,RJ,male,18,361
2003,RJ,male,19,898
2003,RJ,male,20-24,15284
2003,RJ,male,25-29,18318
2003,RJ,male,30-34,10507
2003,RJ,male,35-39,5429
2003,RJ,male,40-44,3141
2003,RJ,male,45-49,1953
2003,RJ,male,50-54,1440
2003,RJ,male,55-59,943
2003,RJ,male,60-64,749
2003,RJ,male,65+,1601
2003,RJ,male,<15,5
2003,RJ,male,unknown,8
2003,RN,female,15,64
2003,RN,female,16,430
2003,RN,female,17,485
2003,RN,female,18,625
2003,RN,female,19,654
2003,RN,female,20-24,3452
2003,RN,female,25-29,2042
2003,RN,female,30-34,1044
2003,RN,female,35-39,554
2003,RN,female,40-44,271
2003,RN,female,45-49,148
2003,RN,female,50-54,108
2003,RN,female,55-59,63
2003,RN,female,60-64,40
2003,RN,female,65+,64
2003,RN,female,<15,29
2003,RN,female,unknown,0
2003,RN,male,15,2
2003,RN,male,16,20
2003,RN,male,17,57
2003,RN,male,18,198
2003,RN,male,19,333
2003,RN,male,20-24,3438
2003,RN,male,25-29,2767
2003,RN,male,30-34,1414
2003,RN,male,35-39,760
2003,RN,male,40-44,351
2003,RN,male,45-49,169
2003,RN,male,50-54,139
2003,RN,male,55-59,93
2003,RN,male,60-64,87
2003,RN,male,65+,243
2003,RN,male,<15,2
2003,RN,male,unknown,0
2003,RO,female,15,16
2003,RO,female,16,557
2003,RO,female,17,528
2003,RO,female,18,583
2003,RO,female,19,546
2003,RO,female,20-24,1988
2003,RO,female,25-29,1049
2003,RO,female,30-34,595
2003,RO,female,35-39,364
2003,RO,female,40-44,248
2003,RO,female,45-49,138
2003,RO,female,50-54,83
2003,RO,female,55-59,50
2003,RO,female,60-64,29
2003,RO,female,65+,46
2003,RO,female,<15,10
2003,RO,female,unknown,0
2003,RO,male,15,0
2003,RO,male,16,7
2003,RO,male,17,24
2003,RO,male,18,154
2003,RO,male,19,234
2003,RO,male,20-24,2280
2003,RO,male,25-29,1671
2003,RO,male,30-34,914
2003,RO,male,35-39,566
2003,RO,male,40-44,338
2003,RO,male,45-49,194
2003,RO,male,50-54,118
2003,RO,male,55-59,93
2003,RO,male,60-64,83
2003,RO,male,65+,153
2003,RO,male,<15,1
2003,RO,male,unknown,0
2003,RR,female,15,3
2003,RR,female,16,38
2003,RR,female,17,43
2003,RR,female,18,61
2003,RR,female,19,76
2003,RR,female,20-24,315
2003,RR,female,25-29,181
2003,RR,female,30-34,139
2003,RR,female,35-39,100
2003,RR,female,40-44,59
2003,RR,female,45-49,32
2003,RR,female,50-54,31
2003,RR,female,55-59,14
2003,RR,female,60-64,8
2003,RR,female,65+,4
2003,RR,female,<15,3
2003,RR,female,unknown,0
2003,RR,male,15,0
2003,RR,male,16,1
2003,RR,male,17,5
2003,RR,male,18,16
2003,RR,male,19,25
2003,RR,male,20-24,274
2003,RR,male,25-29,267
2003,RR,male,30-34,163
2003,RR,male,35-39,116
2003,RR,male,40-44,88
2003,RR,male,45-49,65
2003,RR,male,50-54,37
2003,RR,male,55-59,18
2003,RR,male,60-64,14
2003,RR,male,65+,18
2003,RR,male,<15,0
2003,RR,male,unknown,0
2003,RS,female,15,50
2003,RS,female,16,1220
2003,RS,female,17,1490
2003,RS,female,18,2070
2003,RS,female,19,2198
2003,RS,female,20-24,11780
2003,RS,female,25-29,7226
2003,RS,female,30-34,3308
2003,RS,female,35-39,1765
2003,RS,female,40-44,1006
2003,RS,female,45-49,641
2003,RS,female,50-54,386
2003,RS,female,55-59,226
2003,RS,female,60-64,141
2003,RS,female,65+,156
2003,RS,female,<15,14
2003,RS,female,unknown,9
2003,RS,male,15,1
2003,RS,male,16,24
2003,RS,male,17,124
2003,RS,male,18,500
2003,RS,male,19,891
2003,RS,male,20-24,10455
2003,RS,male,25-29,9862
2003,RS,male,30-34,5271
2003,RS,male,35-39,2616
2003,RS,male,40-44,1349
2003,RS,male,45-49,738
2003,RS,male,50-54,525
2003,RS,male,55-59,372
2003,RS,male,60-64,294
2003,RS,male,65+,658
2003,RS,male,<15,1
2003,RS,male,unknown,5
2003,SC,female,15,20
2003,SC,female,16,772
2003,SC,female,17,1100
2003,SC,female,18,1486
2003,SC,female,19,1628
2003,SC,female,20-24,8299
2003,SC,female,25-29,4584
2003,SC,female,30-34,1877
2003,SC,female,35-39,939
2003,SC,female,40-44,526
2003,SC,female,45-49,332
2003,SC,female,50-54,206
2003,SC,female,55-59,100
2003,SC,female,60-64,66
2003,SC,female,65+,60
2003,SC,female,<15,12
2003,SC,female,unknown,4
2003,SC,male,15,1
2003,SC,male,16,11
2003,SC,male,17,55
2003,SC,male,18,293
2003,SC,male,19,677
2003,SC,male,20-24,7552
2003,SC,male,25-29,6694
2003,SC,male,30-34,3322
2003,SC,male,35-39,1422
2003,SC,male,40-44,700
2003,SC,male,45-49,397
2003,SC,male,50-54,265
2003,SC,male,55-59,222
2003,SC,male,60-64,137
2003,SC,male,65+,261
2003,SC,male,<15,0
2003,SC,male,unknown,2
2003,SE,female,15,66
2003,SE,female,16,242
2003,SE,female,17,274
2003,SE,female,18,405
2003,SE,female,19,402
2003,SE,female,20-24,2159
2003,SE,female,25-29,1412
2003,SE,female,30-34,728
2003,SE,female,35-39,357
2003,SE,female,40-44,187
2003,SE,female,45-49,117
2003,SE,female,50-54,65
2003,SE,female,55-59,52
2003,SE,female,60-64,27
2003,SE,female,65+,22
2003,SE,female,<15,44
2003,SE,female,unknown,5
2003,SE,male,15,5
2003,SE,male,16,8
2003,SE,male,17,33
2003,SE,male,18,111
2003,SE,male,19,182
2003,SE,male,20-24,1980
2003,SE,male,25-29,1924
2003,SE,male,30-34,1027
2003,SE,male,35-39,531
2003,SE,male,40-44,245
2003,SE,male,45-49,134
2003,SE,male,50-54,101
2003,SE,male,55-59,78
2003,SE,male,60-64,66
2003,SE,male,65+,136
2003,SE,male,<15,1
2003,SE,male,unknown,2
2003,SP,female,15,11
2003,SP,female,16,74
2003,SP,female,17,323
2003,SP,female,18,4618
2003,SP,female,19,6312
2003,SP,female,20-24,62380
2003,SP,female,25-29,60206
2003,SP,female,30-34,33458
2003,SP,female,35-39,15260
2003,SP,female,40-44,8153
2003,SP,female,45-49,4642
2003,SP,female,50-54,2845
2003,SP,female,55-59,1654
2003,SP,female,60-64,830
2003,SP,female,65+,850
2003,SP,female,<15,1
2003,SP,female,unknown,41
2003,SP,male,15,0
2003,SP,male,16,3
2003,SP,male,17,3
2003,SP,male,18,98
2003,SP,male,19,479
2003,SP,male,20-24,38510
2003,SP,male,25-29,65939
2003,SP,male,30-34,45757
2003,SP,male,35-39,22086
2003,SP,male,40-44,11439
2003,SP,male,45-49,6225
2003,SP,male,50-54,3802
2003,SP,male,55-59,2484
2003,SP,male,60-64,1682
2003,SP,male,65+,3121
2003,SP,male,<15,0
2003,SP,male,unknown,30
2003,TO,female,15,21
2003,TO,female,16,271
2003,TO,female,17,307
2003,TO,female,18,331
2003,TO,female,19,362
2003,TO,female,20-24,1359
2003,TO,female,25-29,735
2003,TO,female,30-34,370
2003,TO,female,35-39,199
2003,TO,female,40-44,121
2003,TO,female,45-49,82
2003,TO,female,50-54,46
2003,TO,female,55-59,35
2003,TO,female,60-64,16
2003,TO,female,65+,22
2003,TO,female,<15,13
2003,TO,female,unknown,0
2003,TO,male,15,1
2003,TO,male,16,7
2003,TO,male,17,12
2003,TO,male,18,97
2003,TO,male,19,159
2003,TO,male,20-24,1386
2003,TO,male,25-29,1124
2003,TO,male,30-34,638
2003,TO,male,35-39,334
2003,TO,male,40-44,158
2003,TO,male,45-49,108
2003,TO,male,50-54,76
2003,TO,male,55-59,54
2003,TO,male,60-64,50
2003,TO,male,65+,84
2003,TO,male,<15,1
2003,TO,male,unknown,1
2004,AC,female,15,6
2004,AC,female,16,78
2004,AC,female,17,109
2004,AC,female,18,181
2004,AC,female,19,189
2004,AC,female,20-24,942
2004,AC,female,25-29,819
2004,AC,female,30-34,532
2004,AC,female,35-39,346
2004,AC,female,40-44,182
2004,AC,female,45-49,119
2004,AC,female,50-54,89
2004,AC,female,55-59,76
2004,AC,female,60-64,23
2004,AC,female,65+,32
2004,AC,female,<15,3
2004,AC,female,unknown,0
2004,AC,male,15,0
2004,AC,male,16,2
2004,AC,male,17,9
2004,AC,male,18,36
2004,AC,male,19,60
2004,AC,male,20-24,800
2004,AC,male,25-29,843
2004,AC,male,30-34,663
2004,AC,male,35-39,429
2004,AC,male,40-44,291
2004,AC,male,45-49,173
2004,AC,male,50-54,138
2004,AC,male,55-59,93
2004,AC,male,60-64,60
2004,AC,male,65+,129
2004,AC,male,<15,0
2004,AC,male,unknown,0
2004,AL,female,15,138
2004,AL,female,16,651
2004,AL,female,17,694
2004,AL,female,18,818
2004,AL,female,19,862
2004,AL,female,20-24,3829
2004,AL,female,25-29,2374
2004,AL,female,30-34,1170
2004,AL,female,35-39,683
2004,AL,female,40-44,347
2004,AL,female,45-49,223
2004,AL,female,50-54,165
2004,AL,female,55-59,118
2004,AL,female,60-64,56
2004,AL,female,65+,50
2004,AL,female,<15,69
2004,AL,female,unknown,1
2004,AL,male,15,6
2004,AL,male,16,41
2004,AL,male,17,101
2004,AL,male,18,315
2004,AL,male,19,458
2004,AL,male,20-24,4084
2004,AL,male,25-29,3115
2004,AL,male,30-34,1663
2004,AL,male,35-39,854
2004,AL,male,40-44,506
2004,AL,male,45-49,265
2004,AL,male,50-54,228
2004,AL,male,55-59,163
2004,AL,male,60-64,159
2004,AL,male,65+,290
2004,AL,male,<15,0
2004,AL,male,unknown,0
2004,AM,female,15,30
2004,AM,female,16,222
2004,AM,female,17,272
2004,AM,female,18,370
2004,AM,female,19,446
2004,AM,female,20-24,2814
2004,AM,female,25-29,2354
2004,AM,female,30-34,1486
2004,AM,female,35-39,790
2004,AM,female,40-44,443
2004,AM,female,45-49,238
2004,AM,female,50-54,126
2004,AM,female,55-59,81
2004,AM,female,60-64,51
2004,AM,female,65+,44
2004,AM,female,<15,17
2004,AM,female,unknown,0
2004,AM,male,15,3
2004,AM,male,16,9
2004,AM,male,17,31
2004,AM,male,18,114
2004,AM,male,19,172
2004,AM,male,20-24,2327
2004,AM,male,25-29,2648
2004,AM,male,30-34,1805
2004,AM,male,35-39,1050
2004,AM,male,40-44,667
2004,AM,male,45-49,394
2004,AM,male,50-54,202
2004,AM,male,55-59,122
2004,AM,male,60-64,89
2004,AM,male,65+,151
2004,AM,male,<15,0
2004,AM,male,unknown,0
2004,AP,female,15,1
2004,AP,female,16,19
2004,AP,female,17,25
2004,AP,female,18,48
2004,AP,female,19,48
2004,AP,female,20-24,401
2004,AP,female,25-29,375
2004,AP,female,30-34,272
2004,AP,female,35-39,138
2004,AP,female,40-44,78
2004,AP,female,45-49,52
2004,AP,female,50-54,13
2004,AP,female,55-59,12
2004,AP,female,60-64,4
2004,AP,female,65+,7
2004,AP,female,<15,2
2004,AP,female,unknown,0
2004,AP,male,15,0
2004,AP,male,16,2
2004,AP,male,17,0
2004,AP,male,18,7
2004,AP,male,19,20
2004,AP,male,20-24,256
2004,AP,male,25-29,399
2004,AP,male,30-34,306
2004,AP,male,35-39,196
2004,AP,male,40-44,132
2004,AP,male,45-49,64
2004,AP,male,50-54,48
2004,AP,male,55-59,21
2004,AP,male,60-64,21
2004,AP,male,65+,23
2004,AP,male,<15,0
2004,AP,male,unknown,0
2004,BA,female,15,95
2004,BA,female,16,1759
2004,BA,female,17,2226
2004,BA,female,18,2917
2004,BA,female,19,3048
2004,BA,female,20-24,15650
2004,BA,female,25-29,10343
2004,BA,female,30-34,5467
2004,BA,female,35-39,3087
2004,BA,female,40-44,1763
2004,BA,female,45-49,1114
2004,BA,female,50-54,752
2004,BA,female,55-59,511
2004,BA,female,60-64,277
2004,BA,female,65+,308
2004,BA,female,<15,47
2004,BA,female,unknown,2
2004,BA,male,15,16
2004,BA,male,16,55
2004,BA,male,17,138
2004,BA,male,18,606
2004,BA,male,19,1193
2004,BA,male,20-24,14041
2004,BA,male,25-29,13864
2004,BA,male,30-34,7803
2004,BA,male,35-39,4318
2004,BA,male,40-44,2442
2004,BA,male,45-49,1431
2004,BA,male,50-54,954
2004,BA,male,55-59,728
2004,BA,male,60-64,604
2004,BA,male,65+,1172
2004,BA,male,<15,1
2004,BA,male,unknown,0
2004,CE,female,15,92
2004,CE,female,16,1523
2004,CE,female,17,1576
2004,CE,female,18,2142
2004,CE,female,19,2155
2004,CE,female,20-24,10324
2004,CE,female,25-29,6748
2004,CE,female,30-34,3543
2004,CE,female,35-39,1971
2004,CE,female,40-44,1077
2004,CE,female,45-49,538
2004,CE,female,50-54,423
2004,CE,female,55-59,230
2004,CE,female,60-64,112
2004,CE,female,65+,130
2004,CE,female,<15,40
2004,CE,female,unknown,0
2004,CE,male,15,11
2004,CE,male,16,81
2004,CE,male,17,205
2004,CE,male,18,735
2004,CE,male,19,1158
2004,CE,male,20-24,10229
2004,CE,male,25-29,8657
2004,CE,male,30-34,4779
2004,CE,male,35-39,2649
2004,CE,male,40-44,1482
2004,CE,male,45-49,701
2004,CE,male,50-54,530
2004,CE,male,55-59,409
2004,CE,male,60-64,336
2004,CE,male,65+,659
2004,CE,male,<15,2
2004,CE,male,unknown,1
2004,DF,female,15,8
2004,DF,female,16,164
2004,DF,female,17,254
2004,DF,female,18,481
2004,DF,female,19,577
2004,DF,female,20-24,3932
2004,DF,female,25-29,3465
2004,DF,female,30-34,1702
2004,DF,female,35-39,839
2004,DF,female,40-44,476
2004,DF,female,45-49,215
2004,DF,female,50-54,125
2004,DF,female,55-59,58
2004,DF,female,60-64,35
2004,DF,female,65+,17
2004,DF,female,<15,1
2004,DF,female,unknown,3
2004,DF,male,15,0
2004,DF,male,16,7
2004,DF,male,17,21
2004,DF,male,18,95
2004,DF,male,19,205
2004,DF,male,20-24,3119
2004,DF,male,25-29,3902
2004,DF,male,30-34,2199
2004,DF,male,35-39,1187
2004,DF,male,40-44,632
2004,DF,male,45-49,379
2004,DF,male,50-54,239
2004,DF,male,55-59,148
2004,DF,male,60-64,83
2004,DF,male,65+,132
2004,DF,male,<15,0
2004,DF,male,unknown,4
2004,ES,female,15,32
2004,ES,female,16,757
2004,ES,female,17,860
2004,ES,female,18,1269
2004,ES,female,19,1234
2004,ES,female,20-24,6520
2004,ES,female,25-29,4195
2004,ES,female,30-34,1933
2004,ES,female,35-39,1079
2004,ES,female,40-44,683
2004,ES,female,45-49,418
2004,ES,female,50-54,229
2004,ES,female,55-59,144
2004,ES,female,60-64,85
2004,ES,female,65+,90
2004,ES,female,<15,7
2004,ES,female,unknown,0
2004,ES,male,15,1
2004,ES,male,16,8
2004,ES,male,17,54
2004,ES,male,18,232
2004,ES,male,19,504
2004,ES,male,20-24,6042
2004,ES,male,25-29,5723
2004,ES,male,30-34,2913
2004,ES,male,35-39,1521
2004,ES,male,40-44,848
2004,ES,male,45-49,569
2004,ES,male,50-54,351
2004,ES,male,55-59,240
2004,ES,male,60-64,159
2004,ES,male,65+,368
2004,ES,male,<15,1
2004,ES,male,unknown,1
2004,GO,female,15,118
2004,GO,female,16,1316
2004,GO,female,17,1447
2004,GO,female,18,1862
2004,GO,female,19,1892
2004,GO,female,20-24,8841
2004,GO,female,25-29,5605
2004,GO,female,30-34,2896
2004,GO,female,35-39,1588
2004,GO,female,40-44,873
2004,GO,female,45-49,568
2004,GO,female,50-54,315
2004,GO,female,55-59,181
2004,GO,female,60-64,100
2004,GO,female,65+,106
2004,GO,female,<15,30
2004,GO,female,unknown,1
2004,GO,male,15,5
2004,GO,male,16,21
2004,GO,male,17,112
2004,GO,male,18,513
2004,GO,male,19,835
2004,GO,male,20-24,8722
2004,GO,male,25-29,7828
2004,GO,male,30-34,4037
2004,GO,male,35-39,2159
2004,GO,male,40-44,1257
2004,GO,male,45-49,754
2004,GO,male,50-54,493
2004,GO,male,55-59,346
2004,GO,male,60-64,260
2004,GO,male,65+,395
2004,GO,male,<15,1
2004,GO,male,unknown,1
2004,MA,female,15,167
2004,MA,female,16,941
2004,MA,female,17,1091
2004,MA,female,18,1174
2004,MA,female,19,1191
2004,MA,female,20-24,4965
2004,MA,female,25-29,2815
2004,MA,female,30-34,1631
2004,MA,female,35-39,877
2004,MA,female,40-44,640
2004,MA,female,45-49,346
2004,MA,female,50-54,276
2004,MA,female,55-59,169
2004,MA,female,60-64,109
2004,MA,female,65+,179
2004,MA,female,<15,95
2004,MA,female,unknown,0
2004,MA,male,15,8
2004,MA,male,16,33
2004,MA,male,17,136
2004,MA,male,18,459
2004,MA,male,19,636
2004,MA,male,20-24,5332
2004,MA,male,25-29,3944
2004,MA,male,30-34,2179
2004,MA,male,35-39,1182
2004,MA,male,40-44,809
2004,MA,male,45-49,491
2004,MA,male,50-54,335
2004,MA,male,55-59,268
2004,MA,male,60-64,242
2004,MA,male,65+,610
2004,MA,male,<15,2
2004,MA,male,unknown,0
2004,MG,female,15,220
2004,MG,female,16,3432
2004,MG,female,17,4129
2004,MG,female,18,5452
2004,MG,female,19,5694
2004,MG,female,20-24,31507
2004,MG,female,25-29,21063
2004,MG,female,30-34,9883
2004,MG,female,35-39,4828
2004,MG,female,40-44,2784
2004,MG,female,45-49,1613
2004,MG,female,50-54,946
2004,MG,female,55-59,547
2004,MG,female,60-64,326
2004,MG,female,65+,333
2004,MG,female,<15,49
2004,MG,female,unknown,7
2004,MG,male,15,6
2004,MG,male,16,52
2004,MG,male,17,243
2004,MG,male,18,1170
2004,MG,male,19,2267
2004,MG,male,20-24,28298
2004,MG,male,25-29,28001
2004,MG,male,30-34,14866
2004,MG,male,35-39,7307
2004,MG,male,40-44,3841
2004,MG,male,45-49,2197
2004,MG,male,50-54,1321
2004,MG,male,55-59,1010
2004,MG,male,60-64,755
2004,MG,male,65+,1471
2004,MG,male,<15,0
2004,MG,male,unknown,8
2004,MS,female,15,9
2004,MS,female,16,363
2004,MS,female,17,421
2004,MS,female,18,548
2004,MS,female,19,537
2004,MS,female,20-24,2950
2004,MS,female,25-29,1836
2004,MS,female,30-34,922
2004,MS,female,35-39,501
2004,MS,female,40-44,310
2004,MS,female,45-49,209
2004,MS,female,50-54,118
2004,MS,female,55-59,61
2004,MS,female,60-64,31
2004,MS,female,65+,41
2004,MS,female,<15,2
2004,MS,female,unknown,0
2004,MS,male,15,0
2004,MS,male,16,5
2004,MS,male,17,26
2004,MS,male,18,140
2004,MS,male,19,238
2004,MS,male,20-24,2681
2004,MS,male,25-29,2444
2004,MS,male,30-34,1357
2004,MS,male,35-39,694
2004,MS,male,40-44,460
2004,MS,male,45-49,232
2004,MS,male,50-54,169
2004,MS,male,55-59,133
2004,MS,male,60-64,105
2004,MS,male,65+,175
2004,MS,male,<15,0
2004,MS,male,unknown,0
2004,MT,female,15,17
2004,MT,female,16,617
2004,MT,female,17,611
2004,MT,female,18,769
2004,MT,female,19,758
2004,MT,female,20-24,3486
2004,MT,female,25-29,2299
2004,MT,female,30-34,1143
2004,MT,female,35-39,590
2004,MT,female,40-44,380
2004,MT,female,45-49,217
2004,MT,female,50-54,129
2004,MT,female,55-59,68
2004,MT,female,60-64,39
2004,MT,female,65+,19
2004,MT,female,<15,5
2004,MT,female,unknown,17
2004,MT,male,15,3
2004,MT,male,16,13
2004,MT,male,17,43
2004,MT,male,18,183
2004,MT,male,19,325
2004,MT,male,20-24,3396
2004,MT,male,25-29,3124
2004,MT,male,30-34,1681
2004,MT,male,35-39,996
2004,MT,male,40-44,551
2004,MT,male,45-49,298
2004,MT,male,50-54,192
2004,MT,male,55-59,114
2004,MT,male,60-64,97
2004,MT,male,65+,132
2004,MT,male,<15,0
2004,MT,male,unknown,16
2004,PA,female,15,49
2004,PA,female,16,641
2004,PA,female,17,694
2004,PA,female,18,927
2004,PA,female,19,1001
2004,PA,female,20-24,5156
2004,PA,female,25-29,3727
2004,PA,female,30-34,2268
2004,PA,female,35-39,1207
2004,PA,female,40-44,704
2004,PA,female,45-49,456
2004,PA,female,50-54,255
2004,PA,female,55-59,131
2004,PA,female,60-64,83
2004,PA,female,65+,106
2004,PA,female,<15,13
2004,PA,female,unknown,4
2004,PA,male,15,4
2004,PA,male,16,14
2004,PA,male,17,41
2004,PA,male,18,217
2004,PA,male,19,372
2004,PA,male,20-24,4463
2004,PA,male,25-29,4540
2004,PA,male,30-34,3068
2004,PA,male,35-39,1803
2004,PA,male,40-44,1027
2004,PA,male,45-49,598
2004,PA,male,50-54,402
2004,PA,male,55-59,265
2004,PA,male,60-64,214
2004,PA,male,65+,387
2004,PA,male,<15,1
2004,PA,male,unknown,6
2004,PB,female,15,81
2004,PB,female,16,850
2004,PB,female,17,923
2004,PB,female,18,1099
2004,PB,female,19,1159
2004,PB,female,20-24,5273
2004,PB,female,25-29,3018
2004,PB,female,30-34,1489
2004,PB,female,35-39,831
2004,PB,female,40-44,456
2004,PB,female,45-49,251
2004,PB,female,50-54,169
2004,PB,female,55-59,113
2004,PB,female,60-64,89
2004,PB,female,65+,101
2004,PB,female,<15,46
2004,PB,female,unknown,0
2004,PB,male,15,3
2004,PB,male,16,38
2004,PB,male,17,139
2004,PB,male,18,396
2004,PB,male,19,581
2004,PB,male,20-24,5459
2004,PB,male,25-29,4341
2004,PB,male,30-34,2031
2004,PB,male,35-39,1073
2004,PB,male,40-44,556
2004,PB,male,45-49,338
2004,PB,male,50-54,229
2004,PB,male,55-59,187
2004,PB,male,60-64,174
2004,PB,male,65+,402
2004,PB,male,<15,1
2004,PB,male,unknown,0
2004,PE,female,15,124
2004,PE,female,16,1473
2004,PE,female,17,1712
2004,PE,female,18,2233
2004,PE,female,19,2284
2004,PE,female,20-24,11618
2004,PE,female,25-29,7892
2004,PE,female,30-34,4194
2004,PE,female,35-39,2342
2004,PE,female,40-44,1336
2004,PE,female,45-49,751
2004,PE,female,50-54,512
2004,PE,female,55-59,318
2004,PE,female,60-64,171
2004,PE,female,65+,211
2004,PE,female,<15,69
2004,PE,female,unknown,13
2004,PE,male,15,16
2004,PE,male,16,80
2004,PE,male,17,223
2004,PE,male,18,652
2004,PE,male,19,1084
2004,PE,male,20-24,11120
2004,PE,male,25-29,10120
2004,PE,male,30-34,5711
2004,PE,male,35-39,3004
2004,PE,male,40-44,1657
2004,PE,male,45-49,979
2004,PE,male,50-54,643
2004,PE,male,55-59,499
2004,PE,male,60-64,389
2004,PE,male,65+,1060
2004,PE,male,<15,1
2004,PE,male,unknown,15
2004,PI,female,15,110
2004,PI,female,16,582
2004,PI,female,17,562
2004,PI,female,18,719
2004,PI,female,19,698
2004,PI,female,20-24,2969
2004,PI,female,25-29,1704
2004,PI,female,30-34,898
2004,PI,female,35-39,484
2004,PI,female,40-44,250
2004,PI,female,45-49,144
2004,PI,female,50-54,135
2004,PI,female,55-59,87
2004,PI,female,60-64,34
2004,PI,female,65+,43
2004,PI,female,<15,68
2004,PI,female,unknown,1
2004,PI,male,15,7
2004,PI,male,16,30
2004,PI,male,17,80
2004,PI,male,18,240
2004,PI,male,19,371
2004,PI,male,20-24,3209
2004,PI,male,25-29,2488
2004,PI,male,30-34,1230
2004,PI,male,35-39,679
2004,PI,male,40-44,331
2004,PI,male,45-49,222
2004,PI,male,50-54,162
2004,PI,male,55-59,150
2004,PI,male,60-64,85
2004,PI,male,65+,197
2004,PI,male,<15,5
2004,PI,male,unknown,2
2004,PR,female,15,109
2004,PR,female,16,1942
2004,PR,female,17,2431
2004,PR,female,18,3243
2004,PR,female,19,3440
2004,PR,female,20-24,17877
2004,PR,female,25-29,11640
2004,PR,female,30-34,5304
2004,PR,female,35-39,2870
2004,PR,female,40-44,1523
2004,PR,female,45-49,1021
2004,PR,female,50-54,612
2004,PR,female,55-59,324
2004,PR,female,60-64,187
2004,PR,female,65+,177
2004,PR,female,<15,40
2004,PR,female,unknown,35
2004,PR,male,15,2
2004,PR,male,16,41
2004,PR,male,17,204
2004,PR,male,18,834
2004,PR,male,19,1516
2004,PR,male,20-24,16637
2004,PR,male,25-29,15486
2004,PR,male,30-34,8030
2004,PR,male,35-39,3945
2004,PR,male,40-44,2080
2004,PR,male,45-49,1235
2004,PR,male,50-54,788
2004,PR,male,55-59,601
2004,PR,male,60-64,475
2004,PR,male,65+,864
2004,PR,male,<15,1
2004,PR,male,unknown,36
2004,RJ,female,15,51
2004,RJ,female,16,771
2004,RJ,female,17,1139
2004,RJ,female,18,2097
2004,RJ,female,19,2760
2004,RJ,female,20-24,20031
2004,RJ,female,25-29,16203
2004,RJ,female,30-34,8369
2004,RJ,female,35-39,4579
2004,RJ,female,40-44,2988
2004,RJ,female,45-49,1965
2004,RJ,female,50-54,1233
2004,RJ,female,55-59,730
2004,RJ,female,60-64,458
2004,RJ,female,65+,479
2004,RJ,female,<15,23
2004,RJ,female,unknown,41
2004,RJ,male,15,6
2004,RJ,male,16,29
2004,RJ,male,17,52
2004,RJ,male,18,342
2004,RJ,male,19,743
2004,RJ,male,20-24,14904
2004,RJ,male,25-29,19265
2004,RJ,male,30-34,11089
2004,RJ,male,35-39,6157
2004,RJ,male,40-44,3798
2004,RJ,male,45-49,2313
2004,RJ,male,50-54,1521
2004,RJ,male,55-59,1115
2004,RJ,male,60-64,799
2004,RJ,male,65+,1747
2004,RJ,male,<15,1
2004,RJ,male,unknown,36
2004,RN,female,15,60
2004,RN,female,16,442
2004,RN,female,17,494
2004,RN,female,18,729
2004,RN,female,19,758
2004,RN,female,20-24,3778
2004,RN,female,25-29,2402
2004,RN,female,30-34,1252
2004,RN,female,35-39,670
2004,RN,female,40-44,331
2004,RN,female,45-49,200
2004,RN,female,50-54,139
2004,RN,female,55-59,85
2004,RN,female,60-64,57
2004,RN,female,65+,74
2004,RN,female,<15,23
2004,RN,female,unknown,0
2004,RN,male,15,5
2004,RN,male,16,21
2004,RN,male,17,72
2004,RN,male,18,216
2004,RN,male,19,373
2004,RN,male,20-24,3669
2004,RN,male,25-29,3156
2004,RN,male,30-34,1701
2004,RN,male,35-39,869
2004,RN,male,40-44,427
2004,RN,male,45-49,263
2004,RN,male,50-54,151
2004,RN,male,55-59,138
2004,RN,male,60-64,136
2004,RN,male,65+,296
2004,RN,male,<15,1
2004,RN,male,unknown,0
2004,RO,female,15,26
2004,RO,female,16,615
2004,RO,female,17,520
2004,RO,female,18,593
2004,RO,female,19,571
2004,RO,female,20-24,2031
2004,RO,female,25-29,1186
2004,RO,female,30-34,699
2004,RO,female,35-39,426
2004,RO,female,40-44,271
2004,RO,female,45-49,165
2004,RO,female,50-54,124
2004,RO,female,55-59,66
2004,RO,female,60-64,39
2004,RO,female,65+,38
2004,RO,female,<15,10
2004,RO,female,unknown,9
2004,RO,male,15,1
2004,RO,male,16,5
2004,RO,male,17,31
2004,RO,male,18,159
2004,RO,male,19,249
2004,RO,male,20-24,2419
2004,RO,male,25-29,1763
2004,RO,male,30-34,971
2004,RO,male,35-39,670
2004,RO,male,40-44,371
2004,RO,male,45-49,219
2004,RO,male,50-54,150
2004,RO,male,55-59,120
2004,RO,male,60-64,99
2004,RO,male,65+,152
2004,RO,male,<15,1
2004,RO,male,unknown,9
2004,RR,female,15,3
2004,RR,female,16,26
2004,RR,female,17,38
2004,RR,female,18,67
2004,RR,female,19,85
2004,RR,female,20-24,352
2004,RR,female,25-29,223
2004,RR,female,30-34,139
2004,RR,female,35-39,97
2004,RR,female,40-44,51
2004,RR,female,45-49,43
2004,RR,female,50-54,19
2004,RR,female,55-59,12
2004,RR,female,60-64,6
2004,RR,female,65+,6
2004,RR,female,<15,2
2004,RR,female,unknown,0
2004,RR,male,15,0
2004,RR,male,16,1
2004,RR,male,17,2
2004,RR,male,18,10
2004,RR,male,19,22
2004,RR,male,20-24,296
2004,RR,male,25-29,307
2004,RR,male,30-34,167
2004,RR,male,35-39,132
2004,RR,male,40-44,84
2004,RR,male,45-49,55
2004,RR,male,50-54,36
2004,RR,male,55-59,25
2004,RR,male,60-64,11
2004,RR,male,65+,21
2004,RR,male,<15,0
2004,RR,male,unknown,0
2004,RS,female,15,37
2004,RS,female,16,1187
2004,RS,female,17,1501
2004,RS,female,18,1990
2004,RS,female,19,2156
2004,RS,female,20-24,11904
2004,RS,female,25-29,7695
2004,RS,female,30-34,3642
2004,RS,female,35-39,1955
2004,RS,female,40-44,1140
2004,RS,female,45-49,768
2004,RS,female,50-54,466
2004,RS,female,55-59,287
2004,RS,female,60-64,161
2004,RS,female,65+,160
2004,RS,female,<15,15
2004,RS,female,unknown,8
2004,RS,male,15,3
2004,RS,male,16,29
2004,RS,male,17,109
2004,RS,male,18,507
2004,RS,male,19,861
2004,RS,male,20-24,10446
2004,RS,male,25-29,10176
2004,RS,male,30-34,5545
2004,RS,male,35-39,2820
2004,RS,male,40-44,1581
2004,RS,male,45-49,906
2004,RS,male,50-54,567
2004,RS,male,55-59,492
2004,RS,male,60-64,349
2004,RS,male,65+,673
2004,RS,male,<15,2
2004,RS,male,unknown,6
2004,SC,female,15,17
2004,SC,female,16,779
2004,SC,female,17,1062
2004,SC,female,18,1465
2004,SC,female,19,1627
2004,SC,female,20-24,8824
2004,SC,female,25-29,5254
2004,SC,female,30-34,2171
2004,SC,female,35-39,1089
2004,SC,female,40-44,584
2004,SC,female,45-49,365
2004,SC,female,50-54,245
2004,SC,female,55-59,126
2004,SC,female,60-64,60
2004,SC,female,65+,49
2004,SC,female,<15,7
2004,SC,female,unknown,3
2004,SC,male,15,1
2004,SC,male,16,14
2004,SC,male,17,69
2004,SC,male,18,298
2004,SC,male,19,615
2004,SC,male,20-24,7750
2004,SC,male,25-29,7350
2004,SC,male,30-34,3611
2004,SC,male,35-39,1630
2004,SC,male,40-44,889
2004,SC,male,45-49,498
2004,SC,male,50-54,368
2004,SC,male,55-59,236
2004,SC,male,60-64,141
2004,SC,male,65+,253
2004,SC,male,<15,1
2004,SC,male,unknown,3
2004,SE,female,15,47
2004,SE,female,16,215
2004,SE,female,17,282
2004,SE,female,18,350
2004,SE,female,19,344
2004,SE,female,20-24,2010
2004,SE,female,25-29,1432
2004,SE,female,30-34,728
2004,SE,female,35-39,384
2004,SE,female,40-44,187
2004,SE,female,45-49,109
2004,SE,female,50-54,90
2004,SE,female,55-59,58
2004,SE,female,60-64,20
2004,SE,female,65+,21
2004,SE,female,<15,37
2004,SE,female,unknown,1
2004,SE,male,15,2
2004,SE,male,16,14
2004,SE,male,17,27
2004,SE,male,18,85
2004,SE,male,19,175
2004,SE,male,20-24,1754
2004,SE,male,25-29,1860
2004,SE,male,30-34,1067
2004,SE,male,35-39,524
2004,SE,male,40-44,258
2004,SE,male,45-49,148
2004,SE,male,50-54,112
2004,SE,male,55-59,82
2004,SE,male,60-64,70
2004,SE,male,65+,136
2004,SE,male,<15,0
2004,SE,male,unknown,1
2004,SP,female,15,192
2004,SP,female,16,4789
2004,SP,female,17,6267
2004,SP,female,18,9985
2004,SP,female,19,11254
2004,SP,female,20-24,71492
2004,SP,female,25-29,56424
2004,SP,female,30-34,27766
2004,SP,female,35-39,13572
2004,SP,female,40-44,7701
2004,SP,female,45-49,4604
2004,SP,female,50-54,2674
2004,SP,female,55-59,1462
2004,SP,female,60-64,759
2004,SP,female,65+,733
2004,SP,female,<15,63
2004,SP,female,unknown,1369
2004,SP,male,15,2
2004,SP,male,16,95
2004,SP,male,17,472
2004,SP,male,18,2424
2004,SP,male,19,4690
2004,SP,male,20-24,60538
2004,SP,male,25-29,66562
2004,SP,male,30-34,38631
2004,SP,male,35-39,19311
2004,SP,male,40-44,10280
2004,SP,male,45-49,5835
2004,SP,male,50-54,3728
2004,SP,male,55-59,2492
2004,SP,male,60-64,1748
2004,SP,male,65+,2925
2004,SP,male,<15,0
2004,SP,male,unknown,1373
2004,TO,female,15,27
2004,TO,female,16,245
2004,TO,female,17,288
2004,TO,female,18,387
2004,TO,female,19,372
2004,TO,female,20-24,1704
2004,TO,female,25-29,1124
2004,TO,female,30-34,589
2004,TO,female,35-39,354
2004,TO,female,40-44,175
2004,TO,female,45-49,100
2004,TO,female,50-54,71
2004,TO,female,55-59,33
2004,TO,female,60-64,24
2004,TO,female,65+,16
2004,TO,female,<15,9
2004,TO,female,unknown,4
2004,TO,male,15,0
2004,TO,male,16,8
2004,TO,male,17,21
2004,TO,male,18,92
2004,TO,male,19,134
2004,TO,male,20-24,1556
2004,TO,male,25-29,1463
2004,TO,male,30-34,927
2004,TO,male,35-39,509
2004,TO,male,40-44,313
2004,TO,male,45-49,160
2004,TO,male,50-54,124
2004,TO,male,55-59,74
2004,TO,male,60-64,60
2004,TO,male,65+,78
2004,TO,male,<15,0
2004,TO,male,unknown,3
2005,AC,female,15,5
2005,AC,female,16,75
2005,AC,female,17,79
2005,AC,female,18,154
2005,AC,female,19,156
2005,AC,female,20-24,902
2005,AC,female,25-29,833
2005,AC,female,30-34,539
2005,AC,female,35-39,378
2005,AC,female,40-44,201
2005,AC,female,45-49,110
2005,AC,female,50-54,84
2005,AC,female,55-59,60
2005,AC,female,60-64,24
2005,AC,female,65+,20
2005,AC,female,<15,2
2005,AC,female,unknown,0
2005,AC,male,15,0
2005,AC,male,16,0
2005,AC,male,17,7
2005,AC,male,18,27
2005,AC,male,19,57
2005,AC,male,20-24,742
2005,AC,male,25-29,858
2005,AC,male,30-34,622
2005,AC,male,35-39,448
2005,AC,male,40-44,313
2005,AC,male,45-49,189
2005,AC,male,50-54,108
2005,AC,male,55-59,78
2005,AC,male,60-64,61
2005,AC,male,65+,112
2005,AC,male,<15,0
2005,AC,male,unknown,0
2005,AL,female,15,121
2005,AL,female,16,664
2005,AL,female,17,746
2005,AL,female,18,972
2005,AL,female,19,959
2005,AL,female,20-24,4264
2005,AL,female,25-29,2658
2005,AL,female,30-34,1464
2005,AL,female,35-39,825
2005,AL,female,40-44,458
2005,AL,female,45-49,312
2005,AL,female,50-54,213
2005,AL,female,55-59,165
2005,AL,female,60-64,80
2005,AL,female,65+,81
2005,AL,female,<15,77
2005,AL,female,unknown,0
2005,AL,male,15,2
2005,AL,male,16,23
2005,AL,male,17,109
2005,AL,male,18,313
2005,AL,male,19,544
2005,AL,male,20-24,4473
2005,AL,male,25-29,3602
2005,AL,male,30-34,1893
2005,AL,male,35-39,1060
2005,AL,male,40-44,601
2005,AL,male,45-49,359
2005,AL,male,50-54,264
2005,AL,male,55-59,243
2005,AL,male,60-64,178
2005,AL,male,65+,394
2005,AL,male,<15,0
2005,AL,male,unknown,1
2005,AM,female,15,42
2005,AM,female,16,199
2005,AM,female,17,278
2005,AM,female,18,403
2005,AM,female,19,491
2005,AM,female,20-24,3606
2005,AM,female,25-29,3403
2005,AM,female,30-34,2060
2005,AM,female,35-39,1175
2005,AM,female,40-44,626
2005,AM,female,45-49,435
2005,AM,female,50-54,198
2005,AM,female,55-59,114
2005,AM,female,60-64,53
2005,AM,female,65+,87
2005,AM,female,<15,14
2005,AM,female,unknown,0
2005,AM,male,15,5
2005,AM,male,16,17
2005,AM,male,17,33
2005,AM,male,18,131
2005,AM,male,19,220
2005,AM,male,20-24,2849
2005,AM,male,25-29,3511
2005,AM,male,30-34,2437
2005,AM,male,35-39,1628
2005,AM,male,40-44,888
2005,AM,male,45-49,606
2005,AM,male,50-54,315
2005,AM,male,55-59,178
2005,AM,male,60-64,132
2005,AM,male,65+,234
2005,AM,male,<15,0
2005,AM,male,unknown,0
2005,AP,female,15,1
2005,AP,female,16,16
2005,AP,female,17,36
2005,AP,female,18,37
2005,AP,female,19,57
2005,AP,female,20-24,325
2005,AP,female,25-29,294
2005,AP,female,30-34,223
2005,AP,female,35-39,134
2005,AP,female,40-44,90
2005,AP,female,45-49,46
2005,AP,female,50-54,21
2005,AP,female,55-59,12
2005,AP,female,60-64,5
2005,AP,female,65+,9
2005,AP,female,<15,0
2005,AP,female,unknown,0
2005,AP,male,15,1
2005,AP,male,16,0
2005,AP,male,17,3
2005,AP,male,18,9
2005,AP,male,19,24
2005,AP,male,20-24,255
2005,AP,male,25-29,295
2005,AP,male,30-34,220
2005,AP,male,35-39,189
2005,AP,male,40-44,113
2005,AP,male,45-49,80
2005,AP,male,50-54,50
2005,AP,male,55-59,25
2005,AP,male,60-64,20
2005,AP,male,65+,22
2005,AP,male,<15,0
2005,AP,male,unknown,0
2005,BA,female,15,91
2005,BA,female,16,1612
2005,BA,female,17,2030
2005,BA,female,18,2841
2005,BA,female,19,3107
2005,BA,female,20-24,15408
2005,BA,female,25-29,10775
2005,BA,female,30-34,5528
2005,BA,female,35-39,2983
2005,BA,female,40-44,1672
2005,BA,female,45-49,1059
2005,BA,female,50-54,737
2005,BA,female,55-59,549
2005,BA,female,60-64,282
2005,BA,female,65+,306
2005,BA,female,<15,26
2005,BA,female,unknown,2
2005,BA,male,15,5
2005,BA,male,16,43
2005,BA,male,17,119
2005,BA,male,18,553
2005,BA,male,19,1165
2005,BA,male,20-24,13596
2005,BA,male,25-29,14183
2005,BA,male,30-34,7910
2005,BA,male,35-39,4238
2005,BA,male,40-44,2367
2005,BA,male,45-49,1394
2005,BA,male,50-54,932
2005,BA,male,55-59,762
2005,BA,male,60-64,569
2005,BA,male,65+,1171
2005,BA,male,<15,1
2005,BA,male,unknown,0
2005,CE,female,15,67
2005,CE,female,16,1292
2005,CE,female,17,1447
2005,CE,female,18,1945
2005,CE,female,19,2054
2005,CE,female,20-24,9347
2005,CE,female,25-29,6474
2005,CE,female,30-34,3271
2005,CE,female,35-39,1802
2005,CE,female,40-44,1005
2005,CE,female,45-49,499
2005,CE,female,50-54,348
2005,CE,female,55-59,242
2005,CE,female,60-64,115
2005,CE,female,65+,153
2005,CE,female,<15,23
2005,CE,female,unknown,6
2005,CE,male,15,4
2005,CE,male,16,89
2005,CE,male,17,223
2005,CE,male,18,661
2005,CE,male,19,997
2005,CE,male,20-24,9113
2005,CE,male,25-29,8095
2005,CE,male,30-34,4508
2005,CE,male,35-39,2541
2005,CE,male,40-44,1335
2005,CE,male,45-49,714
2005,CE,male,50-54,507
2005,CE,male,55-59,380
2005,CE,male,60-64,271
2005,CE,male,65+,645
2005,CE,male,<15,5
2005,CE,male,unknown,2
2005,DF,female,15,6
2005,DF,female,16,175
2005,DF,female,17,260
2005,DF,female,18,480
2005,DF,female,19,610
2005,DF,female,20-24,4298
2005,DF,female,25-29,3956
2005,DF,female,30-34,1918
2005,DF,female,35-39,994
2005,DF,female,40-44,505
2005,DF,female,45-49,253
2005,DF,female,50-54,140
2005,DF,female,55-59,71
2005,DF,female,60-64,52
2005,DF,female,65+,32
2005,DF,female,<15,3
2005,DF,female,unknown,1
2005,DF,male,15,1
2005,DF,male,16,9
2005,DF,male,17,24
2005,DF,male,18,98
2005,DF,male,19,217
2005,DF,male,20-24,3416
2005,DF,male,25-29,4395
2005,DF,male,30-34,2519
2005,DF,male,35-39,1308
2005,DF,male,40-44,760
2005,DF,male,45-49,387
2005,DF,male,50-54,241
2005,DF,male,55-59,135
2005,DF,male,60-64,89
2005,DF,male,65+,154
2005,DF,male,<15,0
2005,DF,male,unknown,1
2005,ES,female,15,17
2005,ES,female,16,712
2005,ES,female,17,873
2005,ES,female,18,1234
2005,ES,female,19,1289
2005,ES,female,20-24,6431
2005,ES,female,25-29,4332
2005,ES,female,30-34,1880
2005,ES,female,35-39,1046
2005,ES,female,40-44,598
2005,ES,female,45-49,421
2005,ES,female,50-54,273
2005,ES,female,55-59,165
2005,ES,female,60-64,71
2005,ES,female,65+,82
2005,ES,female,<15,3
2005,ES,female,unknown,4
2005,ES,male,15,0
2005,ES,male,16,12
2005,ES,male,17,76
2005,ES,male,18,271
2005,ES,male,19,479
2005,ES,male,20-24,6007
2005,ES,male,25-29,5750
2005,ES,male,30-34,2891
2005,ES,male,35-39,1450
2005,ES,male,40-44,814
2005,ES,male,45-49,561
2005,ES,male,50-54,332
2005,ES,male,55-59,249
2005,ES,male,60-64,160
2005,ES,male,65+,376
2005,ES,male,<15,0
2005,ES,male,unknown,3
2005,GO,female,15,69
2005,GO,female,16,1238
2005,GO,female,17,1427
2005,GO,female,18,1923
2005,GO,female,19,2027
2005,GO,female,20-24,9385
2005,GO,female,25-29,6350
2005,GO,female,30-34,3244
2005,GO,female,35-39,1760
2005,GO,female,40-44,1056
2005,GO,female,45-49,628
2005,GO,female,50-54,397
2005,GO,female,55-59,192
2005,GO,female,60-64,108
2005,GO,female,65+,106
2005,GO,female,<15,17
2005,GO,female,unknown,18
2005,GO,male,15,0
2005,GO,male,16,26
2005,GO,male,17,133
2005,GO,male,18,484
2005,GO,male,19,902
2005,GO,male,20-24,9008
2005,GO,male,25-29,8367
2005,GO,male,30-34,4641
2005,GO,male,35-39,2403
2005,GO,male,40-44,1417
2005,GO,male,45-49,900
2005,GO,male,50-54,526
2005,GO,male,55-59,395
2005,GO,male,60-64,276
2005,GO,male,65+,451
2005,GO,male,<15,0
2005,GO,male,unknown,16
2005,MA,female,15,132
2005,MA,female,16,911
2005,MA,female,17,959
2005,MA,female,18,1164
2005,MA,female,19,1251
2005,MA,female,20-24,5095
2005,MA,female,25-29,3307
2005,MA,female,30-34,1780
2005,MA,female,35-39,940
2005,MA,female,40-44,571
2005,MA,female,45-49,371
2005,MA,female,50-54,253
2005,MA,female,55-59,177
2005,MA,female,60-64,114
2005,MA,female,65+,175
2005,MA,female,<15,69
2005,MA,female,unknown,40
2005,MA,male,15,7
2005,MA,male,16,56
2005,MA,male,17,121
2005,MA,male,18,392
2005,MA,male,19,626
2005,MA,male,20-24,5203
2005,MA,male,25-29,4449
2005,MA,male,30-34,2403
2005,MA,male,35-39,1375
2005,MA,male,40-44,759
2005,MA,male,45-49,506
2005,MA,male,50-54,337
2005,MA,male,55-59,259
2005,MA,male,60-64,212
2005,MA,male,65+,561
2005,MA,male,<15,3
2005,MA,male,unknown,40
2005,MG,female,15,190
2005,MG,female,16,3420
2005,MG,female,17,4233
2005,MG,female,18,5632
2005,MG,female,19,6124
2005,MG,female,20-24,32479
2005,MG,female,25-29,23104
2005,MG,female,30-34,10317
2005,MG,female,35-39,5217
2005,MG,female,40-44,2947
2005,MG,female,45-49,1673
2005,MG,female,50-54,1015
2005,MG,female,55-59,591
2005,MG,female,60-64,289
2005,MG,female,65+,359
2005,MG,female,<15,54
2005,MG,female,unknown,4
2005,MG,male,15,8
2005,MG,male,16,67
2005,MG,male,17,262
2005,MG,male,18,1162
2005,MG,male,19,2316
2005,MG,male,20-24,28434
2005,MG,male,25-29,30653
2005,MG,male,30-34,15788
2005,MG,male,35-39,7738
2005,MG,male,40-44,4114
2005,MG,male,45-49,2364
2005,MG,male,50-54,1480
2005,MG,male,55-59,1084
2005,MG,male,60-64,705
2005,MG,male,65+,1466
2005,MG,male,<15,0
2005,MG,male,unknown,7
2005,MS,female,15,8
2005,MS,female,16,347
2005,MS,female,17,363
2005,MS,female,18,506
2005,MS,female,19,534
2005,MS,female,20-24,2591
2005,MS,female,25-29,1770
2005,MS,female,30-34,787
2005,MS,female,35-39,433
2005,MS,female,40-44,307
2005,MS,female,45-49,208
2005,MS,female,50-54,124
2005,MS,female,55-59,66
2005,MS,female,60-64,41
2005,MS,female,65+,34
2005,MS,female,<15,6
2005,MS,female,unknown,1
2005,MS,male,15,1
2005,MS,male,16,13
2005,MS,male,17,32
2005,MS,male,18,109
2005,MS,male,19,215
2005,MS,male,20-24,2449
2005,MS,male,25-29,2278
2005,MS,male,30-34,1216
2005,MS,male,35-39,682
2005,MS,male,40-44,377
2005,MS,male,45-49,241
2005,MS,male,50-54,154
2005,MS,male,55-59,125
2005,MS,male,60-64,87
2005,MS,male,65+,146
2005,MS,male,<15,0
2005,MS,male,unknown,1
2005,MT,female,15,15
2005,MT,female,16,540
2005,MT,female,17,614
2005,MT,female,18,735
2005,MT,female,19,751
2005,MT,female,20-24,3400
2005,MT,female,25-29,2349
2005,MT,female,30-34,1239
2005,MT,female,35-39,668
2005,MT,female,40-44,391
2005,MT,female,45-49,239
2005,MT,female,50-54,126
2005,MT,female,55-59,67
2005,MT,female,60-64,32
2005,MT,female,65+,35
2005,MT,female,<15,1
2005,MT,female,unknown,0
2005,MT,male,15,2
2005,MT,male,16,8
2005,MT,male,17,41
2005,MT,male,18,190
2005,MT,male,19,340
2005,MT,male,20-24,3200
2005,MT,male,25-29,3168
2005,MT,male,30-34,1781
2005,MT,male,35-39,991
2005,MT,male,40-44,546
2005,MT,male,45-49,346
2005,MT,male,50-54,228
2005,MT,male,55-59,129
2005,MT,male,60-64,84
2005,MT,male,65+,148
2005,MT,male,<15,0
2005,MT,male,unknown,0
2005,PA,female,15,41
2005,PA,female,16,547
2005,PA,female,17,640
2005,PA,female,18,873
2005,PA,female,19,988
2005,PA,female,20-24,4916
2005,PA,female,25-29,4092
2005,PA,female,30-34,2460
2005,PA,female,35-39,1404
2005,PA,female,40-44,739
2005,PA,female,45-49,439
2005,PA,female,50-54,267
2005,PA,female,55-59,154
2005,PA,female,60-64,90
2005,PA,female,65+,113
2005,PA,female,<15,8
2005,PA,female,unknown,35
2005,PA,male,15,3
2005,PA,male,16,12
2005,PA,male,17,54
2005,PA,male,18,197
2005,PA,male,19,366
2005,PA,male,20-24,4224
2005,PA,male,25-29,4727
2005,PA,male,30-34,3181
2005,PA,male,35-39,1914
2005,PA,male,40-44,1131
2005,PA,male,45-49,658
2005,PA,male,50-54,429
2005,PA,male,55-59,247
2005,PA,male,60-64,191
2005,PA,male,65+,436
2005,PA,male,<15,0
2005,PA,male,unknown,36
2005,PB,female,15,59
2005,PB,female,16,789
2005,PB,female,17,915
2005,PB,female,18,1157
2005,PB,female,19,1224
2005,PB,female,20-24,5561
2005,PB,female,25-29,3513
2005,PB,female,30-34,1760
2005,PB,female,35-39,953
2005,PB,female,40-44,568
2005,PB,female,45-49,295
2005,PB,female,50-54,186
2005,PB,female,55-59,139
2005,PB,female,60-64,98
2005,PB,female,65+,118
2005,PB,female,<15,33
2005,PB,female,unknown,0
2005,PB,male,15,1
2005,PB,male,16,41
2005,PB,male,17,119
2005,PB,male,18,368
2005,PB,male,19,606
2005,PB,male,20-24,5521
2005,PB,male,25-29,4795
2005,PB,male,30-34,2397
2005,PB,male,35-39,1303
2005,PB,male,40-44,691
2005,PB,male,45-49,390
2005,PB,male,50-54,264
2005,PB,male,55-59,218
2005,PB,male,60-64,198
2005,PB,male,65+,455
2005,PB,male,<15,1
2005,PB,male,unknown,0
2005,PE,female,15,80
2005,PE,female,16,1486
2005,PE,female,17,1675
2005,PE,female,18,2137
2005,PE,female,19,2315
2005,PE,female,20-24,12070
2005,PE,female,25-29,8411
2005,PE,female,30-34,4412
2005,PE,female,35-39,2439
2005,PE,female,40-44,1330
2005,PE,female,45-49,829
2005,PE,female,50-54,568
2005,PE,female,55-59,353
2005,PE,female,60-64,193
2005,PE,female,65+,243
2005,PE,female,<15,38
2005,PE,female,unknown,26
2005,PE,male,15,6
2005,PE,male,16,66
2005,PE,male,17,194
2005,PE,male,18,652
2005,PE,male,19,1094
2005,PE,male,20-24,11350
2005,PE,male,25-29,10742
2005,PE,male,30-34,5847
2005,PE,male,35-39,3058
2005,PE,male,40-44,1675
2005,PE,male,45-49,1050
2005,PE,male,50-54,651
2005,PE,male,55-59,589
2005,PE,male,60-64,448
2005,PE,male,65+,1158
2005,PE,male,<15,2
2005,PE,male,unknown,23
2005,PI,female,15,68
2005,PI,female,16,570
2005,PI,female,17,599
2005,PI,female,18,691
2005,PI,female,19,694
2005,PI,female,20-24,3260
2005,PI,female,25-29,2200
2005,PI,female,30-34,1215
2005,PI,female,35-39,688
2005,PI,female,40-44,468
2005,PI,female,45-49,308
2005,PI,female,50-54,225
2005,PI,female,55-59,124
2005,PI,female,60-64,80
2005,PI,female,65+,78
2005,PI,female,<15,39
2005,PI,female,unknown,5
2005,PI,male,15,4
2005,PI,male,16,27
2005,PI,male,17,69
2005,PI,male,18,213
2005,PI,male,19,324
2005,PI,male,20-24,3267
2005,PI,male,25-29,2973
2005,PI,male,30-34,1561
2005,PI,male,35-39,929
2005,PI,male,40-44,603
2005,PI,male,45-49,403
2005,PI,male,50-54,251
2005,PI,male,55-59,226
2005,PI,male,60-64,137
2005,PI,male,65+,320
2005,PI,male,<15,0
2005,PI,male,unknown,5
2005,PR,female,15,74
2005,PR,female,16,1940
2005,PR,female,17,2377
2005,PR,female,18,3289
2005,PR,female,19,3524
2005,PR,female,20-24,18056
2005,PR,female,25-29,12533
2005,PR,female,30-34,5885
2005,PR,female,35-39,3068
2005,PR,female,40-44,1843
2005,PR,female,45-49,1068
2005,PR,female,50-54,646
2005,PR,female,55-59,354
2005,PR,female,60-64,204
2005,PR,female,65+,217
2005,PR,female,<15,37
2005,PR,female,unknown,36
2005,PR,male,15,2
2005,PR,male,16,59
2005,PR,male,17,189
2005,PR,male,18,818
2005,PR,male,19,1585
2005,PR,male,20-24,16607
2005,PR,male,25-29,16247
2005,PR,male,30-34,8667
2005,PR,male,35-39,4256
2005,PR,male,40-44,2336
2005,PR,male,45-49,1385
2005,PR,male,50-54,963
2005,PR,male,55-59,637
2005,PR,male,60-64,470
2005,PR,male,65+,894
2005,PR,male,<15,1
2005,PR,male,unknown,35
2005,RJ,female,15,37
2005,RJ,female,16,758
2005,RJ,female,17,1217
2005,RJ,female,18,2060
2005,RJ,female,19,2650
2005,RJ,female,20-24,19764
2005,RJ,female,25-29,17505
2005,RJ,female,30-34,8892
2005,RJ,female,35-39,4917
2005,RJ,female,40-44,3187
2005,RJ,female,45-49,2160
2005,RJ,female,50-54,1379
2005,RJ,female,55-59,845
2005,RJ,female,60-64,476
2005,RJ,female,65+,531
2005,RJ,female,<15,7
2005,RJ,female,unknown,25
2005,RJ,male,15,7
2005,RJ,male,16,18
2005,RJ,male,17,61
2005,RJ,male,18,291
2005,RJ,male,19,778
2005,RJ,male,20-24,15008
2005,RJ,male,25-29,19838
2005,RJ,male,30-34,11781
2005,RJ,male,35-39,6378
2005,RJ,male,40-44,4042
2005,RJ,male,45-49,2510
2005,RJ,male,50-54,1724
2005,RJ,male,55-59,1198
2005,RJ,male,60-64,889
2005,RJ,male,65+,1864
2005,RJ,male,<15,0
2005,RJ,male,unknown,23
2005,RN,female,15,30
2005,RN,female,16,426
2005,RN,female,17,468
2005,RN,female,18,649
2005,RN,female,19,708
2005,RN,female,20-24,3451
2005,RN,female,25-29,2303
2005,RN,female,30-34,1071
2005,RN,female,35-39,651
2005,RN,female,40-44,308
2005,RN,female,45-49,197
2005,RN,female,50-54,99
2005,RN,female,55-59,72
2005,RN,female,60-64,53
2005,RN,female,65+,77
2005,RN,female,<15,17
2005,RN,female,unknown,0
2005,RN,male,15,1
2005,RN,male,16,17
2005,RN,male,17,67
2005,RN,male,18,215
2005,RN,male,19,351
2005,RN,male,20-24,3343
2005,RN,male,25-29,2965
2005,RN,male,30-34,1498
2005,RN,male,35-39,811
2005,RN,male,40-44,440
2005,RN,male,45-49,214
2005,RN,male,50-54,156
2005,RN,male,55-59,130
2005,RN,male,60-64,105
2005,RN,male,65+,267
2005,RN,male,<15,0
2005,RN,male,unknown,0
2005,RO,female,15,18
2005,RO,female,16,513
2005,RO,female,17,525
2005,RO,female,18,580
2005,RO,female,19,528
2005,RO,female,20-24,2131
2005,RO,female,25-29,1181
2005,RO,female,30-34,752
2005,RO,female,35-39,439
2005,RO,female,40-44,285
2005,RO,female,45-49,199
2005,RO,female,50-54,131
2005,RO,female,55-59,51
2005,RO,female,60-64,40
2005,RO,female,65+,36
2005,RO,female,<15,5
2005,RO,female,unknown,2
2005,RO,male,15,0
2005,RO,male,16,3
2005,RO,male,17,20
2005,RO,male,18,143
2005,RO,male,19,245
2005,RO,male,20-24,2335
2005,RO,male,25-29,1840
2005,RO,male,30-34,962
2005,RO,male,35-39,642
2005,RO,male,40-44,444
2005,RO,male,45-49,277
2005,RO,male,50-54,152
2005,RO,male,55-59,112
2005,RO,male,60-64,87
2005,RO,male,65+,153
2005,RO,male,<15,0
2005,RO,male,unknown,1
2005,RR,female,15,1
2005,RR,female,16,30
2005,RR,female,17,40
2005,RR,female,18,63
2005,RR,female,19,49
2005,RR,female,20-24,317
2005,RR,female,25-29,234
2005,RR,female,30-34,128
2005,RR,female,35-39,97
2005,RR,female,40-44,52
2005,RR,female,45-49,41
2005,RR,female,50-54,26
2005,RR,female,55-59,12
2005,RR,female,60-64,3
2005,RR,female,65+,5
2005,RR,female,<15,1
2005,RR,female,unknown,0
2005,RR,male,15,0
2005,RR,male,16,0
2005,RR,male,17,1
2005,RR,male,18,9
2005,RR,male,19,18
2005,RR,male,20-24,271
2005,RR,male,25-29,277
2005,RR,male,30-34,166
2005,RR,male,35-39,124
2005,RR,male,40-44,82
2005,RR,male,45-49,64
2005,RR,male,50-54,34
2005,RR,male,55-59,22
2005,RR,male,60-64,9
2005,RR,male,65+,22
2005,RR,male,<15,0
2005,RR,male,unknown,0
2005,RS,female,15,29
2005,RS,female,16,1208
2005,RS,female,17,1385
2005,RS,female,18,1858
2005,RS,female,19,2128
2005,RS,female,20-24,11661
2005,RS,female,25-29,8348
2005,RS,female,30-34,3935
2005,RS,female,35-39,2006
2005,RS,female,40-44,1235
2005,RS,female,45-49,813
2005,RS,female,50-54,523
2005,RS,female,55-59,319
2005,RS,female,60-64,181
2005,RS,female,65+,196
2005,RS,female,<15,16
2005,RS,female,unknown,3
2005,RS,male,15,4
2005,RS,male,16,21
2005,RS,male,17,119
2005,RS,male,18,471
2005,RS,male,19,842
2005,RS,male,20-24,10172
2005,RS,male,25-29,10566
2005,RS,male,30-34,5745
2005,RS,male,35-39,2963
2005,RS,male,40-44,1709
2005,RS,male,45-49,927
2005,RS,male,50-54,696
2005,RS,male,55-59,475
2005,RS,male,60-64,368
2005,RS,male,65+,763
2005,RS,male,<15,0
2005,RS,male,unknown,3
2005,SC,female,15,21
2005,SC,female,16,730
2005,SC,female,17,947
2005,SC,female,18,1481
2005,SC,female,19,1714
2005,SC,female,20-24,8747
2005,SC,female,25-29,5744
2005,SC,female,30-34,2481
2005,SC,female,35-39,1168
2005,SC,female,40-44,734
2005,SC,female,45-49,444
2005,SC,female,50-54,240
2005,SC,female,55-59,153
2005,SC,female,60-64,62
2005,SC,female,65+,57
2005,SC,female,<15,5
2005,SC,female,unknown,3
2005,SC,male,15,0
2005,SC,male,16,19
2005,SC,male,17,57
2005,SC,male,18,304
2005,SC,male,19,656
2005,SC,male,20-24,7640
2005,SC,male,25-29,7623
2005,SC,male,30-34,3992
2005,SC,male,35-39,1808
2005,SC,male,40-44,982
2005,SC,male,45-49,547
2005,SC,male,50-54,361
2005,SC,male,55-59,252
2005,SC,male,60-64,170
2005,SC,male,65+,318
2005,SC,male,<15,0
2005,SC,male,unknown,2
2005,SE,female,15,23
2005,SE,female,16,209
2005,SE,female,17,264
2005,SE,female,18,319
2005,SE,female,19,384
2005,SE,female,20-24,2163
2005,SE,female,25-29,1532
2005,SE,female,30-34,771
2005,SE,female,35-39,422
2005,SE,female,40-44,227
2005,SE,female,45-49,117
2005,SE,female,50-54,93
2005,SE,female,55-59,45
2005,SE,female,60-64,28
2005,SE,female,65+,28
2005,SE,female,<15,21
2005,SE,female,unknown,8
2005,SE,male,15,0
2005,SE,male,16,9
2005,SE,male,17,28
2005,SE,male,18,76
2005,SE,male,19,162
2005,SE,male,20-24,1846
2005,SE,male,25-29,2009
2005,SE,male,30-34,1090
2005,SE,male,35-39,534
2005,SE,male,40-44,305
2005,SE,male,45-49,169
2005,SE,male,50-54,126
2005,SE,male,55-59,84
2005,SE,male,60-64,67
2005,SE,male,65+,140
2005,SE,male,<15,2
2005,SE,male,unknown,7
2005,SP,female,15,197
2005,SP,female,16,4394
2005,SP,female,17,6106
2005,SP,female,18,9925
2005,SP,female,19,11426
2005,SP,female,20-24,72204
2005,SP,female,25-29,59764
2005,SP,female,30-34,29480
2005,SP,female,35-39,14405
2005,SP,female,40-44,7996
2005,SP,female,45-49,4781
2005,SP,female,50-54,2899
2005,SP,female,55-59,1594
2005,SP,female,60-64,879
2005,SP,female,65+,741
2005,SP,female,<15,56
2005,SP,female,unknown,1269
2005,SP,male,15,2
2005,SP,male,16,98
2005,SP,male,17,505
2005,SP,male,18,2293
2005,SP,male,19,4693
2005,SP,male,20-24,60479
2005,SP,male,25-29,69863
2005,SP,male,30-34,40247
2005,SP,male,35-39,20019
2005,SP,male,40-44,10785
2005,SP,male,45-49,6266
2005,SP,male,50-54,4066
2005,SP,male,55-59,2651
2005,SP,male,60-64,1773
2005,SP,male,65+,3113
2005,SP,male,<15,0
2005,SP,male,unknown,1263
2005,TO,female,15,23
2005,TO,female,16,264
2005,TO,female,17,282
2005,TO,female,18,387
2005,TO,female,19,398
2005,TO,female,20-24,1743
2005,TO,female,25-29,1276
2005,TO,female,30-34,688
2005,TO,female,35-39,422
2005,TO,female,40-44,246
2005,TO,female,45-49,134
2005,TO,female,50-54,72
2005,TO,female,55-59,55
2005,TO,female,60-64,19
2005,TO,female,65+,49
2005,TO,female,<15,10
2005,TO,female,unknown,2
2005,TO,male,15,0
2005,TO,male,16,9
2005,TO,male,17,18
2005,TO,male,18,102
2005,TO,male,19,192
2005,TO,male,20-24,1592
2005,TO,male,25-29,1630
2005,TO,male,30-34,964
2005,TO,male,35-39,553
2005,TO,male,40-44,380
2005,TO,male,45-49,188
2005,TO,male,50-54,115
2005,TO,male,55-59,114
2005,TO,male,60-64,74
2005,TO,male,65+,137
2005,TO,male,<15,0
2005,TO,male,unknown,2
2006,AC,female,15,4
2006,AC,female,16,101
2006,AC,female,17,99
2006,AC,female,18,178
2006,AC,female,19,190
2006,AC,female,20-24,1128
2006,AC,female,25-29,921
2006,AC,female,30-34,637
2006,AC,female,35-39,391
2006,AC,female,40-44,271
2006,AC,female,45-49,149
2006,AC,female,50-54,89
2006,AC,female,55-59,61
2006,AC,female,60-64,22
2006,AC,female,65+,29
2006,AC,female,<15,1
2006,AC,female,unknown,0
2006,AC,male,15,0
2006,AC,male,16,4
2006,AC,male,17,5
2006,AC,male,18,40
2006,AC,male,19,65
2006,AC,male,20-24,922
2006,AC,male,25-29,1008
2006,AC,male,30-34,723
2006,AC,male,35-39,510
2006,AC,male,40-44,323
2006,AC,male,45-49,233
2006,AC,male,50-54,130
2006,AC,male,55-59,112
2006,AC,male,60-64,64
2006,AC,male,65+,132
2006,AC,male,<15,0
2006,AC,male,unknown,0
2006,AL,female,15,101
2006,AL,female,16,634
2006,AL,female,17,759
2006,AL,female,18,901
2006,AL,female,19,936
2006,AL,female,20-24,4287
2006,AL,female,25-29,2763
2006,AL,female,30-34,1413
2006,AL,female,35-39,823
2006,AL,female,40-44,486
2006,AL,female,45-49,303
2006,AL,female,50-54,236
2006,AL,female,55-59,151
2006,AL,female,60-64,64
2006,AL,female,65+,94
2006,AL,female,<15,56
2006,AL,female,unknown,0
2006,AL,male,15,1
2006,AL,male,16,30
2006,AL,male,17,112
2006,AL,male,18,326
2006,AL,male,19,515
2006,AL,male,20-24,4310
2006,AL,male,25-29,3647
2006,AL,male,30-34,1887
2006,AL,male,35-39,1094
2006,AL,male,40-44,588
2006,AL,male,45-49,372
2006,AL,male,50-54,272
2006,AL,male,55-59,237
2006,AL,male,60-64,172
2006,AL,male,65+,443
2006,AL,male,<15,0
2006,AL,male,unknown,1
2006,AM,female,15,33
2006,AM,female,16,179
2006,AM,female,17,286
2006,AM,female,18,441
2006,AM,female,19,552
2006,AM,female,20-24,3957
2006,AM,female,25-29,4158
2006,AM,female,30-34,2754
2006,AM,female,35-39,1532
2006,AM,female,40-44,772
2006,AM,female,45-49,429
2006,AM,female,50-54,212
2006,AM,female,55-59,102
2006,AM,female,60-64,56
2006,AM,female,65+,71
2006,AM,female,<15,13
2006,AM,female,unknown,0
2006,AM,male,15,3
2006,AM,male,16,16
2006,AM,male,17,34
2006,AM,male,18,120
2006,AM,male,19,201
2006,AM,male,20-24,3167
2006,AM,male,25-29,4303
2006,AM,male,30-34,3087
2006,AM,male,35-39,2072
2006,AM,male,40-44,1064
2006,AM,male,45-49,567
2006,AM,male,50-54,375
2006,AM,male,55-59,210
2006,AM,male,60-64,120
2006,AM,male,65+,206
2006,AM,male,<15,2
2006,AM,male,unknown,0
2006,AP,female,15,3
2006,AP,female,16,21
2006,AP,female,17,37
2006,AP,female,18,60
2006,AP,female,19,77
2006,AP,female,20-24,546
2006,AP,female,25-29,594
2006,AP,female,30-34,454
2006,AP,female,35-39,244
2006,AP,female,40-44,132
2006,AP,female,45-49,87
2006,AP,female,50-54,39
2006,AP,female,55-59,17
2006,AP,female,60-64,12
2006,AP,female,65+,7
2006,AP,female,<15,3
2006,AP,female,unknown,1
2006,AP,male,15,0
2006,AP,male,16,0
2006,AP,male,17,3
2006,AP,male,18,18
2006,AP,male,19,21
2006,AP,male,20-24,412
2006,AP,male,25-29,551
2006,AP,male,30-34,435
2006,AP,male,35-39,357
2006,AP,male,40-44,208
2006,AP,male,45-49,139
2006,AP,male,50-54,77
2006,AP,male,55-59,38
2006,AP,male,60-64,26
2006,AP,male,65+,48
2006,AP,male,<15,0
2006,AP,male,unknown,1
2006,BA,female,15,68
2006,BA,female,16,1547
2006,BA,female,17,1960
2006,BA,female,18,2725
2006,BA,female,19,3135
2006,BA,female,20-24,15847
2006,BA,female,25-29,11904
2006,BA,female,30-34,6010
2006,BA,female,35-39,3239
2006,BA,female,40-44,1996
2006,BA,female,45-49,1172
2006,BA,female,50-54,810
2006,BA,female,55-59,570
2006,BA,female,60-64,275
2006,BA,female,65+,369
2006,BA,female,<15,26
2006,BA,female,unknown,156
2006,BA,male,15,1
2006,BA,male,16,45
2006,BA,male,17,136
2006,BA,male,18,600
2006,BA,male,19,1124
2006,BA,male,20-24,13681
2006,BA,male,25-29,15150
2006,BA,male,30-34,8429
2006,BA,male,35-39,4603
2006,BA,male,40-44,2537
2006,BA,male,45-49,1607
2006,BA,male,50-54,989
2006,BA,male,55-59,854
2006,BA,male,60-64,610
2006,BA,male,65+,1287
2006,BA,male,<15,0
2006,BA,male,unknown,156
2006,CE,female,15,44
2006,CE,female,16,1318
2006,CE,female,17,1544
2006,CE,female,18,2230
2006,CE,female,19,2226
2006,CE,female,20-24,10988
2006,CE,female,25-29,7837
2006,CE,female,30-34,4153
2006,CE,female,35-39,2316
2006,CE,female,40-44,1245
2006,CE,female,45-49,645
2006,CE,female,50-54,513
2006,CE,female,55-59,248
2006,CE,female,60-64,137
2006,CE,female,65+,185
2006,CE,female,<15,22
2006,CE,female,unknown,4
2006,CE,male,15,3
2006,CE,male,16,90
2006,CE,male,17,233
2006,CE,male,18,698
2006,CE,male,19,1190
2006,CE,male,20-24,10425
2006,CE,male,25-29,9697
2006,CE,male,30-34,5328
2006,CE,male,35-39,3084
2006,CE,male,40-44,1816
2006,CE,male,45-49,929
2006,CE,male,50-54,579
2006,CE,male,55-59,500
2006,CE,male,60-64,331
2006,CE,male,65+,746
2006,CE,male,<15,1
2006,CE,male,unknown,5
2006,DF,female,15,6
2006,DF,female,16,175
2006,DF,female,17,234
2006,DF,female,18,469
2006,DF,female,19,605
2006,DF,female,20-24,4200
2006,DF,female,25-29,4191
2006,DF,female,30-34,2045
2006,DF,female,35-39,1031
2006,DF,female,40-44,585
2006,DF,female,45-49,293
2006,DF,female,50-54,147
2006,DF,female,55-59,63
2006,DF,female,60-64,38
2006,DF,female,65+,18
2006,DF,female,<15,1
2006,DF,female,unknown,1
2006,DF,male,15,0
2006,DF,male,16,8
2006,DF,male,17,15
2006,DF,male,18,83
2006,DF,male,19,216
2006,DF,male,20-24,3374
2006,DF,male,25-29,4430
2006,DF,male,30-34,2572
2006,DF,male,35-39,1446
2006,DF,male,40-44,830
2006,DF,male,45-49,422
2006,DF,male,50-54,307
2006,DF,male,55-59,175
2006,DF,male,60-64,83
2006,DF,male,65+,141
2006,DF,male,<15,0
2006,DF,male,unknown,0
2006,ES,female,15,30
2006,ES,female,16,634
2006,ES,female,17,882
2006,ES,female,18,1268
2006,ES,female,19,1372
2006,ES,female,20-24,6889
2006,ES,female,25-29,4990
2006,ES,female,30-34,2208
2006,ES,female,35-39,1302
2006,ES,female,40-44,773
2006,ES,female,45-49,501
2006,ES,female,50-54,313
2006,ES,female,55-59,167
2006,ES,female,60-64,93
2006,ES,female,65+,117
2006,ES,female,<15,4
2006,ES,female,unknown,2
2006,ES,male,15,0
2006,ES,male,16,12
2006,ES,male,17,62
2006,ES,male,18,232
2006,ES,male,19,506
2006,ES,male,20-24,6151
2006,ES,male,25-29,6535
2006,ES,male,30-34,3370
2006,ES,male,35-39,1671
2006,ES,male,40-44,1036
2006,ES,male,45-49,634
2006,ES,male,50-54,460
2006,ES,male,55-59,295
2006,ES,male,60-64,165
2006,ES,male,65+,414
2006,ES,male,<15,0
2006,ES,male,unknown,2
2006,GO,female,15,52
2006,GO,female,16,1122
2006,GO,female,17,1391
2006,GO,female,18,1855
2006,GO,female,19,1941
2006,GO,female,20-24,9722
2006,GO,female,25-29,6896
2006,GO,female,30-34,3527
2006,GO,female,35-39,1986
2006,GO,female,40-44,1262
2006,GO,female,45-49,785
2006,GO,female,50-54,455
2006,GO,female,55-59,241
2006,GO,female,60-64,110
2006,GO,female,65+,144
2006,GO,female,<15,16
2006,GO,female,unknown,4
2006,GO,male,15,1
2006,GO,male,16,28
2006,GO,male,17,103
2006,GO,male,18,487
2006,GO,male,19,857
2006,GO,male,20-24,8935
2006,GO,male,25-29,8953
2006,GO,male,30-34,4813
2006,GO,male,35-39,2736
2006,GO,male,40-44,1615
2006,GO,male,45-49,1019
2006,GO,male,50-54,653
2006,GO,male,55-59,467
2006,GO,male,60-64,289
2006,GO,male,65+,550
2006,GO,male,<15,0
2006,GO,male,unknown,3
2006,MA,female,15,115
2006,MA,female,16,929
2006,MA,female,17,1039
2006,MA,female,18,1247
2006,MA,female,19,1309
2006,MA,female,20-24,6166
2006,MA,female,25-29,4367
2006,MA,female,30-34,2474
2006,MA,female,35-39,1457
2006,MA,female,40-44,1015
2006,MA,female,45-49,616
2006,MA,female,50-54,425
2006,MA,female,55-59,257
2006,MA,female,60-64,170
2006,MA,female,65+,294
2006,MA,female,<15,55
2006,MA,female,unknown,56
2006,MA,male,15,3
2006,MA,male,16,40
2006,MA,male,17,126
2006,MA,male,18,370
2006,MA,male,19,672
2006,MA,male,20-24,5859
2006,MA,male,25-29,5377
2006,MA,male,30-34,3212
2006,MA,male,35-39,1995
2006,MA,male,40-44,1286
2006,MA,male,45-49,824
2006,MA,male,50-54,561
2006,MA,male,55-59,409
2006,MA,male,60-64,373
2006,MA,male,65+,828
2006,MA,male,<15,1
2006,MA,male,unknown,55
2006,MG,female,15,159
2006,MG,female,16,2938
2006,MG,female,17,3908
2006,MG,female,18,5626
2006,MG,female,19,6067
2006,MG,female,20-24,31695
2006,MG,female,25-29,24737
2006,MG,female,30-34,11313
2006,MG,female,35-39,5590
2006,MG,female,40-44,3112
2006,MG,female,45-49,1820
2006,MG,female,50-54,1137
2006,MG,female,55-59,685
2006,MG,female,60-64,373
2006,MG,female,65+,437
2006,MG,female,<15,60
2006,MG,female,unknown,4
2006,MG,male,15,5
2006,MG,male,16,58
2006,MG,male,17,223
2006,MG,male,18,1130
2006,MG,male,19,2227
2006,MG,male,20-24,27358
2006,MG,male,25-29,31621
2006,MG,male,30-34,16733
2006,MG,male,35-39,8167
2006,MG,male,40-44,4334
2006,MG,male,45-49,2632
2006,MG,male,50-54,1579
2006,MG,male,55-59,1143
2006,MG,male,60-64,818
2006,MG,male,65+,1626
2006,MG,male,<15,2
2006,MG,male,unknown,5
2006,MS,female,15,125
2006,MS,female,16,436
2006,MS,female,17,501
2006,MS,female,18,711
2006,MS,female,19,754
2006,MS,female,20-24,3757
2006,MS,female,25-29,2834
2006,MS,female,30-34,1579
2006,MS,female,35-39,898
2006,MS,female,40-44,572
2006,MS,female,45-49,333
2006,MS,female,50-54,201
2006,MS,female,55-59,113
2006,MS,female,60-64,53
2006,MS,female,65+,48
2006,MS,female,<15,68
2006,MS,female,unknown,2
2006,MS,male,15,16
2006,MS,male,16,43
2006,MS,male,17,94
2006,MS,male,18,250
2006,MS,male,19,379
2006,MS,male,20-24,3478
2006,MS,male,25-29,3428
2006,MS,male,30-34,2076
2006,MS,male,35-39,1188
2006,MS,male,40-44,740
2006,MS,male,45-49,447
2006,MS,male,50-54,300
2006,MS,male,55-59,188
2006,MS,male,60-64,131
2006,MS,male,65+,220
2006,MS,male,<15,7
2006,MS,male,unknown,0
2006,MT,female,15,11
2006,MT,female,16,546
2006,MT,female,17,622
2006,MT,female,18,762
2006,MT,female,19,837
2006,MT,female,20-24,4041
2006,MT,female,25-29,3110
2006,MT,female,30-34,1951
2006,MT,female,35-39,967
2006,MT,female,40-44,555
2006,MT,female,45-49,309
2006,MT,female,50-54,176
2006,MT,female,55-59,92
2006,MT,female,60-64,58
2006,MT,female,65+,43
2006,MT,female,<15,10
2006,MT,female,unknown,12
2006,MT,male,15,1
2006,MT,male,16,7
2006,MT,male,17,47
2006,MT,male,18,167
2006,MT,male,19,332
2006,MT,male,20-24,3377
2006,MT,male,25-29,3875
2006,MT,male,30-34,2535
2006,MT,male,35-39,1570
2006,MT,male,40-44,888
2006,MT,male,45-49,495
2006,MT,male,50-54,296
2006,MT,male,55-59,193
2006,MT,male,60-64,126
2006,MT,male,65+,181
2006,MT,male,<15,0
2006,MT,male,unknown,12
2006,PA,female,15,20
2006,PA,female,16,564
2006,PA,female,17,644
2006,PA,female,18,932
2006,PA,female,19,931
2006,PA,female,20-24,4956
2006,PA,female,25-29,4136
2006,PA,female,30-34,2635
2006,PA,female,35-39,1520
2006,PA,female,40-44,859
2006,PA,female,45-49,427
2006,PA,female,50-54,318
2006,PA,female,55-59,170
2006,PA,female,60-64,88
2006,PA,female,65+,127
2006,PA,female,<15,8
2006,PA,female,unknown,10
2006,PA,male,15,0
2006,PA,male,16,12
2006,PA,male,17,41
2006,PA,male,18,188
2006,PA,male,19,358
2006,PA,male,20-24,4203
2006,PA,male,25-29,4775
2006,PA,male,30-34,3269
2006,PA,male,35-39,2076
2006,PA,male,40-44,1235
2006,PA,male,45-49,750
2006,PA,male,50-54,447
2006,PA,male,55-59,311
2006,PA,male,60-64,256
2006,PA,male,65+,412
2006,PA,male,<15,0
2006,PA,male,unknown,12
2006,PB,female,15,72
2006,PB,female,16,768
2006,PB,female,17,891
2006,PB,female,18,1099
2006,PB,female,19,1229
2006,PB,female,20-24,5945
2006,PB,female,25-29,3944
2006,PB,female,30-34,2026
2006,PB,female,35-39,1118
2006,PB,female,40-44,612
2006,PB,female,45-49,341
2006,PB,female,50-54,232
2006,PB,female,55-59,156
2006,PB,female,60-64,106
2006,PB,female,65+,191
2006,PB,female,<15,39
2006,PB,female,unknown,0
2006,PB,male,15,1
2006,PB,male,16,34
2006,PB,male,17,123
2006,PB,male,18,366
2006,PB,male,19,607
2006,PB,male,20-24,5782
2006,PB,male,25-29,5080
2006,PB,male,30-34,2734
2006,PB,male,35-39,1461
2006,PB,male,40-44,794
2006,PB,male,45-49,463
2006,PB,male,50-54,302
2006,PB,male,55-59,228
2006,PB,male,60-64,198
2006,PB,male,65+,596
2006,PB,male,<15,0
2006,PB,male,unknown,0
2006,PE,female,15,94
2006,PE,female,16,1413
2006,PE,female,17,1696
2006,PE,female,18,2245
2006,PE,female,19,2342
2006,PE,female,20-24,12332
2006,PE,female,25-29,9062
2006,PE,female,30-34,4906
2006,PE,female,35-39,2744
2006,PE,female,40-44,1627
2006,PE,female,45-49,964
2006,PE,female,50-54,646
2006,PE,female,55-59,379
2006,PE,female,60-64,242
2006,PE,female,65+,293
2006,PE,female,<15,46
2006,PE,female,unknown,12
2006,PE,male,15,2
2006,PE,male,16,74
2006,PE,male,17,187
2006,PE,male,18,684
2006,PE,male,19,1147
2006,PE,male,20-24,11391
2006,PE,male,25-29,11220
2006,PE,male,30-34,6374
2006,PE,male,35-39,3505
2006,PE,male,40-44,2067
2006,PE,male,45-49,1116
2006,PE,male,50-54,760
2006,PE,male,55-59,669
2006,PE,male,60-64,526
2006,PE,male,65+,1309
2006,PE,male,<15,1
2006,PE,male,unknown,11
2006,PI,female,15,65
2006,PI,female,16,479
2006,PI,female,17,556
2006,PI,female,18,683
2006,PI,female,19,728
2006,PI,female,20-24,3272
2006,PI,female,25-29,2215
2006,PI,female,30-34,1226
2006,PI,female,35-39,699
2006,PI,female,40-44,449
2006,PI,female,45-49,287
2006,PI,female,50-54,238
2006,PI,female,55-59,143
2006,PI,female,60-64,68
2006,PI,female,65+,98
2006,PI,female,<15,47
2006,PI,female,unknown,4
2006,PI,male,15,0
2006,PI,male,16,35
2006,PI,male,17,71
2006,PI,male,18,218
2006,PI,male,19,369
2006,PI,male,20-24,3291
2006,PI,male,25-29,2829
2006,PI,male,30-34,1598
2006,PI,male,35-39,922
2006,PI,male,40-44,585
2006,PI,male,45-49,377
2006,PI,male,50-54,248
2006,PI,male,55-59,232
2006,PI,male,60-64,162
2006,PI,male,65+,315
2006,PI,male,<15,0
2006,PI,male,unknown,5
2006,PR,female,15,69
2006,PR,female,16,1777
2006,PR,female,17,2238
2006,PR,female,18,3337
2006,PR,female,19,3487
2006,PR,female,20-24,18277
2006,PR,female,25-29,13333
2006,PR,female,30-34,6493
2006,PR,female,35-39,3342
2006,PR,female,40-44,1948
2006,PR,female,45-49,1177
2006,PR,female,50-54,695
2006,PR,female,55-59,361
2006,PR,female,60-64,213
2006,PR,female,65+,207
2006,PR,female,<15,36
2006,PR,female,unknown,7
2006,PR,male,15,2
2006,PR,male,16,53
2006,PR,male,17,229
2006,PR,male,18,811
2006,PR,male,19,1507
2006,PR,male,20-24,16282
2006,PR,male,25-29,17122
2006,PR,male,30-34,9202
2006,PR,male,35-39,4652
2006,PR,male,40-44,2493
2006,PR,male,45-49,1499
2006,PR,male,50-54,999
2006,PR,male,55-59,712
2006,PR,male,60-64,528
2006,PR,male,65+,894
2006,PR,male,<15,4
2006,PR,male,unknown,8
2006,RJ,female,15,39
2006,RJ,female,16,692
2006,RJ,female,17,1164
2006,RJ,female,18,2174
2006,RJ,female,19,2589
2006,RJ,female,20-24,20371
2006,RJ,female,25-29,19328
2006,RJ,female,30-34,10098
2006,RJ,female,35-39,5708
2006,RJ,female,40-44,3707
2006,RJ,female,45-49,2477
2006,RJ,female,50-54,1541
2006,RJ,female,55-59,959
2006,RJ,female,60-64,567
2006,RJ,female,65+,551
2006,RJ,female,<15,10
2006,RJ,female,unknown,18
2006,RJ,male,15,1
2006,RJ,male,16,24
2006,RJ,male,17,74
2006,RJ,male,18,291
2006,RJ,male,19,768
2006,RJ,male,20-24,14614
2006,RJ,male,25-29,21810
2006,RJ,male,30-34,13007
2006,RJ,male,35-39,7302
2006,RJ,male,40-44,4703
2006,RJ,male,45-49,3037
2006,RJ,male,50-54,1935
2006,RJ,male,55-59,1427
2006,RJ,male,60-64,950
2006,RJ,male,65+,2035
2006,RJ,male,<15,0
2006,RJ,male,unknown,15
2006,RN,female,15,28
2006,RN,female,16,360
2006,RN,female,17,503
2006,RN,female,18,689
2006,RN,female,19,732
2006,RN,female,20-24,3982
2006,RN,female,25-29,2860
2006,RN,female,30-34,1415
2006,RN,female,35-39,714
2006,RN,female,40-44,437
2006,RN,female,45-49,236
2006,RN,female,50-54,119
2006,RN,female,55-59,96
2006,RN,female,60-64,61
2006,RN,female,65+,109
2006,RN,female,<15,19
2006,RN,female,unknown,0
2006,RN,male,15,1
2006,RN,male,16,23
2006,RN,male,17,61
2006,RN,male,18,220
2006,RN,male,19,385
2006,RN,male,20-24,3737
2006,RN,male,25-29,3484
2006,RN,male,30-34,1833
2006,RN,male,35-39,991
2006,RN,male,40-44,577
2006,RN,male,45-49,294
2006,RN,male,50-54,176
2006,RN,male,55-59,143
2006,RN,male,60-64,112
2006,RN,male,65+,322
2006,RN,male,<15,0
2006,RN,male,unknown,1
2006,RO,female,15,11
2006,RO,female,16,436
2006,RO,female,17,441
2006,RO,female,18,564
2006,RO,female,19,487
2006,RO,female,20-24,2082
2006,RO,female,25-29,1353
2006,RO,female,30-34,832
2006,RO,female,35-39,480
2006,RO,female,40-44,313
2006,RO,female,45-49,218
2006,RO,female,50-54,114
2006,RO,female,55-59,58
2006,RO,female,60-64,27
2006,RO,female,65+,44
2006,RO,female,<15,3
2006,RO,female,unknown,0
2006,RO,male,15,0
2006,RO,male,16,4
2006,RO,male,17,26
2006,RO,male,18,139
2006,RO,male,19,246
2006,RO,male,20-24,2153
2006,RO,male,25-29,1845
2006,RO,male,30-34,1067
2006,RO,male,35-39,666
2006,RO,male,40-44,473
2006,RO,male,45-49,274
2006,RO,male,50-54,202
2006,RO,male,55-59,104
2006,RO,male,60-64,96
2006,RO,male,65+,168
2006,RO,male,<15,0
2006,RO,male,unknown,0
2006,RR,female,15,2
2006,RR,female,16,36
2006,RR,female,17,46
2006,RR,female,18,50
2006,RR,female,19,59
2006,RR,female,20-24,359
2006,RR,female,25-29,274
2006,RR,female,30-34,178
2006,RR,female,35-39,91
2006,RR,female,40-44,74
2006,RR,female,45-49,28
2006,RR,female,50-54,30
2006,RR,female,55-59,11
2006,RR,female,60-64,3
2006,RR,female,65+,6
2006,RR,female,<15,0
2006,RR,female,unknown,0
2006,RR,male,15,0
2006,RR,male,16,1
2006,RR,male,17,2
2006,RR,male,18,7
2006,RR,male,19,23
2006,RR,male,20-24,284
2006,RR,male,25-29,313
2006,RR,male,30-34,216
2006,RR,male,35-39,129
2006,RR,male,40-44,91
2006,RR,male,45-49,64
2006,RR,male,50-54,49
2006,RR,male,55-59,20
2006,RR,male,60-64,24
2006,RR,male,65+,24
2006,RR,male,<15,0
2006,RR,male,unknown,0
2006,RS,female,15,46
2006,RS,female,16,1068
2006,RS,female,17,1281
2006,RS,female,18,1740
2006,RS,female,19,1871
2006,RS,female,20-24,10774
2006,RS,female,25-29,8559
2006,RS,female,30-34,4139
2006,RS,female,35-39,2149
2006,RS,female,40-44,1346
2006,RS,female,45-49,885
2006,RS,female,50-54,566
2006,RS,female,55-59,351
2006,RS,female,60-64,192
2006,RS,female,65+,177
2006,RS,female,<15,14
2006,RS,female,unknown,12
2006,RS,male,15,0
2006,RS,male,16,20
2006,RS,male,17,129
2006,RS,male,18,395
2006,RS,male,19,724
2006,RS,male,20-24,9354
2006,RS,male,25-29,10291
2006,RS,male,30-34,5859
2006,RS,male,35-39,3094
2006,RS,male,40-44,1814
2006,RS,male,45-49,1071
2006,RS,male,50-54,763
2006,RS,male,55-59,555
2006,RS,male,60-64,364
2006,RS,male,65+,725
2006,RS,male,<15,1
2006,RS,male,unknown,11
2006,SC,female,15,9
2006,SC,female,16,697
2006,SC,female,17,964
2006,SC,female,18,1478
2006,SC,female,19,1551
2006,SC,female,20-24,9086
2006,SC,female,25-29,6651
2006,SC,female,30-34,2924
2006,SC,female,35-39,1462
2006,SC,female,40-44,889
2006,SC,female,45-49,508
2006,SC,female,50-54,278
2006,SC,female,55-59,161
2006,SC,female,60-64,80
2006,SC,female,65+,85
2006,SC,female,<15,6
2006,SC,female,unknown,1
2006,SC,male,15,0
2006,SC,male,16,9
2006,SC,male,17,62
2006,SC,male,18,327
2006,SC,male,19,585
2006,SC,male,20-24,7774
2006,SC,male,25-29,8369
2006,SC,male,30-34,4420
2006,SC,male,35-39,2163
2006,SC,male,40-44,1199
2006,SC,male,45-49,670
2006,SC,male,50-54,430
2006,SC,male,55-59,288
2006,SC,male,60-64,193
2006,SC,male,65+,339
2006,SC,male,<15,1
2006,SC,male,unknown,1
2006,SE,female,15,27
2006,SE,female,16,192
2006,SE,female,17,262
2006,SE,female,18,365
2006,SE,female,19,418
2006,SE,female,20-24,2278
2006,SE,female,25-29,1778
2006,SE,female,30-34,871
2006,SE,female,35-39,487
2006,SE,female,40-44,248
2006,SE,female,45-49,159
2006,SE,female,50-54,111
2006,SE,female,55-59,55
2006,SE,female,60-64,33
2006,SE,female,65+,46
2006,SE,female,<15,18
2006,SE,female,unknown,9
2006,SE,male,15,1
2006,SE,male,16,10
2006,SE,male,17,32
2006,SE,male,18,109
2006,SE,male,19,176
2006,SE,male,20-24,1897
2006,SE,male,25-29,2213
2006,SE,male,30-34,1193
2006,SE,male,35-39,649
2006,SE,male,40-44,354
2006,SE,male,45-49,216
2006,SE,male,50-54,138
2006,SE,male,55-59,105
2006,SE,male,60-64,80
2006,SE,male,65+,174
2006,SE,male,<15,1
2006,SE,male,unknown,9
2006,SP,female,15,169
2006,SP,female,16,4206
2006,SP,female,17,5665
2006,SP,female,18,9910
2006,SP,female,19,11226
2006,SP,female,20-24,72049
2006,SP,female,25-29,63286
2006,SP,female,30-34,31334
2006,SP,female,35-39,15379
2006,SP,female,40-44,8838
2006,SP,female,45-49,5506
2006,SP,female,50-54,3321
2006,SP,female,55-59,1908
2006,SP,female,60-64,914
2006,SP,female,65+,829
2006,SP,female,<15,48
2006,SP,female,unknown,462
2006,SP,male,15,1
2006,SP,male,16,106
2006,SP,male,17,487
2006,SP,male,18,2285
2006,SP,male,19,4665
2006,SP,male,20-24,59543
2006,SP,male,25-29,72258
2006,SP,male,30-34,42124
2006,SP,male,35-39,21059
2006,SP,male,40-44,11885
2006,SP,male,45-49,7184
2006,SP,male,50-54,4500
2006,SP,male,55-59,3107
2006,SP,male,60-64,1976
2006,SP,male,65+,3406
2006,SP,male,<15,1
2006,SP,male,unknown,463
2006,TO,female,15,25
2006,TO,female,16,271
2006,TO,female,17,258
2006,TO,female,18,352
2006,TO,female,19,356
2006,TO,female,20-24,1827
2006,TO,female,25-29,1329
2006,TO,female,30-34,848
2006,TO,female,35-39,478
2006,TO,female,40-44,251
2006,TO,female,45-49,171
2006,TO,female,50-54,92
2006,TO,female,55-59,78
2006,TO,female,60-64,39
2006,TO,female,65+,47
2006,TO,female,<15,7
2006,TO,female,unknown,0
2006,TO,male,15,0
2006,TO,male,16,8
2006,TO,male,17,18
2006,TO,male,18,98
2006,TO,male,19,136
2006,TO,male,20-24,1599
2006,TO,male,25-29,1666
2006,TO,male,30-34,1034
2006,TO,male,35-39,695
2006,TO,male,40-44,402
2006,TO,male,45-49,256
2006,TO,male,50-54,167
2006,TO,male,55-59,124
2006,TO,male,60-64,67
2006,TO,male,65+,158
2006,TO,male,<15,1
2006,TO,male,unknown,0
2007,AC,female,15,9
2007,AC,female,16,88
2007,AC,female,17,99
2007,AC,female,18,172
2007,AC,female,19,198
2007,AC,female,20-24,1167
2007,AC,female,25-29,1075
2007,AC,female,30-34,659
2007,AC,female,35-39,396
2007,AC,female,40-44,257
2007,AC,female,45-49,189
2007,AC,female,50-54,95
2007,AC,female,55-59,67
2007,AC,female,60-64,25
2007,AC,female,65+,28
2007,AC,female,<15,0
2007,AC,female,unknown,0
2007,AC,male,15,1
2007,AC,male,16,0
2007,AC,male,17,8
2007,AC,male,18,45
2007,AC,male,19,62
2007,AC,male,20-24,896
2007,AC,male,25-29,1173
2007,AC,male,30-34,766
2007,AC,male,35-39,530
2007,AC,male,40-44,339
2007,AC,male,45-49,255
2007,AC,male,50-54,166
2007,AC,male,55-59,112
2007,AC,male,60-64,65
2007,AC,male,65+,106
2007,AC,male,<15,0
2007,AC,male,unknown,0
2007,AL,female,15,110
2007,AL,female,16,614
2007,AL,female,17,662
2007,AL,female,18,902
2007,AL,female,19,924
2007,AL,female,20-24,4392
2007,AL,female,25-29,3039
2007,AL,female,30-34,1686
2007,AL,female,35-39,956
2007,AL,female,40-44,537
2007,AL,female,45-49,342
2007,AL,female,50-54,259
2007,AL,female,55-59,157
2007,AL,female,60-64,86
2007,AL,female,65+,80
2007,AL,female,<15,67
2007,AL,female,unknown,0
2007,AL,male,15,3
2007,AL,male,16,35
2007,AL,male,17,100
2007,AL,male,18,312
2007,AL,male,19,469
2007,AL,male,20-24,4385
2007,AL,male,25-29,3839
2007,AL,male,30-34,2134
2007,AL,male,35-39,1151
2007,AL,male,40-44,725
2007,AL,male,45-49,450
2007,AL,male,50-54,355
2007,AL,male,55-59,276
2007,AL,male,60-64,201
2007,AL,male,65+,377
2007,AL,male,<15,1
2007,AL,male,unknown,0
2007,AM,female,15,25
2007,AM,female,16,178
2007,AM,female,17,242
2007,AM,female,18,403
2007,AM,female,19,456
2007,AM,female,20-24,3032
2007,AM,female,25-29,2982
2007,AM,female,30-34,1903
2007,AM,female,35-39,1084
2007,AM,female,40-44,610
2007,AM,female,45-49,328
2007,AM,female,50-54,191
2007,AM,female,55-59,98
2007,AM,female,60-64,56
2007,AM,female,65+,55
2007,AM,female,<15,7
2007,AM,female,unknown,0
2007,AM,male,15,1
2007,AM,male,16,10
2007,AM,male,17,29
2007,AM,male,18,95
2007,AM,male,19,202
2007,AM,male,20-24,2466
2007,AM,male,25-29,3248
2007,AM,male,30-34,2210
2007,AM,male,35-39,1345
2007,AM,male,40-44,817
2007,AM,male,45-49,518
2007,AM,male,50-54,276
2007,AM,male,55-59,171
2007,AM,male,60-64,102
2007,AM,male,65+,160
2007,AM,male,<15,0
2007,AM,male,unknown,0
2007,AP,female,15,1
2007,AP,female,16,13
2007,AP,female,17,22
2007,AP,female,18,47
2007,AP,female,19,39
2007,AP,female,20-24,321
2007,AP,female,25-29,291
2007,AP,female,30-34,225
2007,AP,female,35-39,127
2007,AP,female,40-44,69
2007,AP,female,45-49,34
2007,AP,female,50-54,19
2007,AP,female,55-59,12
2007,AP,female,60-64,5
2007,AP,female,65+,7
2007,AP,female,<15,1
2007,AP,female,unknown,5
2007,AP,male,15,0
2007,AP,male,16,0
2007,AP,male,17,2
2007,AP,male,18,10
2007,AP,male,19,13
2007,AP,male,20-24,241
2007,AP,male,25-29,311
2007,AP,male,30-34,236
2007,AP,male,35-39,177
2007,AP,male,40-44,96
2007,AP,male,45-49,62
2007,AP,male,50-54,38
2007,AP,male,55-59,20
2007,AP,male,60-64,10
2007,AP,male,65+,17
2007,AP,male,<15,0
2007,AP,male,unknown,5
2007,BA,female,15,79
2007,BA,female,16,1484
2007,BA,female,17,1879
2007,BA,female,18,2748
2007,BA,female,19,3066
2007,BA,female,20-24,16954
2007,BA,female,25-29,13650
2007,BA,female,30-34,7100
2007,BA,female,35-39,3893
2007,BA,female,40-44,2390
2007,BA,female,45-49,1467
2007,BA,female,50-54,996
2007,BA,female,55-59,579
2007,BA,female,60-64,348
2007,BA,female,65+,404
2007,BA,female,<15,24
2007,BA,female,unknown,283
2007,BA,male,15,4
2007,BA,male,16,31
2007,BA,male,17,118
2007,BA,male,18,545
2007,BA,male,19,1103
2007,BA,male,20-24,13899
2007,BA,male,25-29,16862
2007,BA,male,30-34,9729
2007,BA,male,35-39,5316
2007,BA,male,40-44,3143
2007,BA,male,45-49,1938
2007,BA,male,50-54,1282
2007,BA,male,55-59,993
2007,BA,male,60-64,727
2007,BA,male,65+,1371
2007,BA,male,<15,1
2007,BA,male,unknown,282
2007,CE,female,15,52
2007,CE,female,16,1239
2007,CE,female,17,1531
2007,CE,female,18,2169
2007,CE,female,19,2362
2007,CE,female,20-24,11301
2007,CE,female,25-29,8567
2007,CE,female,30-34,4621
2007,CE,female,35-39,2532
2007,CE,female,40-44,1477
2007,CE,female,45-49,795
2007,CE,female,50-54,497
2007,CE,female,55-59,289
2007,CE,female,60-64,149
2007,CE,female,65+,193
2007,CE,female,<15,24
2007,CE,female,unknown,0
2007,CE,male,15,1
2007,CE,male,16,71
2007,CE,male,17,233
2007,CE,male,18,734
2007,CE,male,19,1186
2007,CE,male,20-24,10616
2007,CE,male,25-29,10302
2007,CE,male,30-34,5947
2007,CE,male,35-39,3300
2007,CE,male,40-44,1993
2007,CE,male,45-49,1047
2007,CE,male,50-54,649
2007,CE,male,55-59,559
2007,CE,male,60-64,350
2007,CE,male,65+,809
2007,CE,male,<15,1
2007,CE,male,unknown,0
2007,DF,female,15,6
2007,DF,female,16,148
2007,DF,female,17,242
2007,DF,female,18,453
2007,DF,female,19,577
2007,DF,female,20-24,4147
2007,DF,female,25-29,4496
2007,DF,female,30-34,2317
2007,DF,female,35-39,1132
2007,DF,female,40-44,656
2007,DF,female,45-49,319
2007,DF,female,50-54,183
2007,DF,female,55-59,97
2007,DF,female,60-64,34
2007,DF,female,65+,31
2007,DF,female,<15,5
2007,DF,female,unknown,2
2007,DF,male,15,0
2007,DF,male,16,2
2007,DF,male,17,18
2007,DF,male,18,73
2007,DF,male,19,192
2007,DF,male,20-24,3255
2007,DF,male,25-29,4668
2007,DF,male,30-34,2941
2007,DF,male,35-39,1518
2007,DF,male,40-44,906
2007,DF,male,45-49,497
2007,DF,male,50-54,318
2007,DF,male,55-59,193
2007,DF,male,60-64,85
2007,DF,male,65+,177
2007,DF,male,<15,0
2007,DF,male,unknown,2
2007,ES,female,15,23
2007,ES,female,16,618
2007,ES,female,17,804
2007,ES,female,18,1203
2007,ES,female,19,1367
2007,ES,female,20-24,6941
2007,ES,female,25-29,5342
2007,ES,female,30-34,2561
2007,ES,female,35-39,1432
2007,ES,female,40-44,947
2007,ES,female,45-49,602
2007,ES,female,50-54,401
2007,ES,female,55-59,206
2007,ES,female,60-64,111
2007,ES,female,65+,99
2007,ES,female,<15,4
2007,ES,female,unknown,3
2007,ES,male,15,1
2007,ES,male,16,21
2007,ES,male,17,63
2007,ES,male,18,232
2007,ES,male,19,484
2007,ES,male,20-24,6028
2007,ES,male,25-29,6891
2007,ES,male,30-34,3549
2007,ES,male,35-39,1902
2007,ES,male,40-44,1213
2007,ES,male,45-49,769
2007,ES,male,50-54,499
2007,ES,male,55-59,354
2007,ES,male,60-64,211
2007,ES,male,65+,444
2007,ES,male,<15,0
2007,ES,male,unknown,3
2007,GO,female,15,62
2007,GO,female,16,1062
2007,GO,female,17,1295
2007,GO,female,18,1858
2007,GO,female,19,2038
2007,GO,female,20-24,9607
2007,GO,female,25-29,7733
2007,GO,female,30-34,4161
2007,GO,female,35-39,2343
2007,GO,female,40-44,1501
2007,GO,female,45-49,922
2007,GO,female,50-54,516
2007,GO,female,55-59,295
2007,GO,female,60-64,131
2007,GO,female,65+,134
2007,GO,female,<15,27
2007,GO,female,unknown,7
2007,GO,male,15,1
2007,GO,male,16,20
2007,GO,male,17,98
2007,GO,male,18,413
2007,GO,male,19,840
2007,GO,male,20-24,8859
2007,GO,male,25-29,9533
2007,GO,male,30-34,5614
2007,GO,male,35-39,3027
2007,GO,male,40-44,1873
2007,GO,male,45-49,1183
2007,GO,male,50-54,768
2007,GO,male,55-59,535
2007,GO,male,60-64,358
2007,GO,male,65+,565
2007,GO,male,<15,0
2007,GO,male,unknown,5
2007,MA,female,15,89
2007,MA,female,16,858
2007,MA,female,17,959
2007,MA,female,18,1223
2007,MA,female,19,1354
2007,MA,female,20-24,6400
2007,MA,female,25-29,4805
2007,MA,female,30-34,2616
2007,MA,female,35-39,1544
2007,MA,female,40-44,952
2007,MA,female,45-49,622
2007,MA,female,50-54,431
2007,MA,female,55-59,252
2007,MA,female,60-64,166
2007,MA,female,65+,318
2007,MA,female,<15,49
2007,MA,female,unknown,11
2007,MA,male,15,0
2007,MA,male,16,24
2007,MA,male,17,103
2007,MA,male,18,372
2007,MA,male,19,663
2007,MA,male,20-24,5945
2007,MA,male,25-29,5763
2007,MA,male,30-34,3306
2007,MA,male,35-39,2113
2007,MA,male,40-44,1305
2007,MA,male,45-49,838
2007,MA,male,50-54,568
2007,MA,male,55-59,437
2007,MA,male,60-64,356
2007,MA,male,65+,842
2007,MA,male,<15,3
2007,MA,male,unknown,11
2007,MG,female,15,120
2007,MG,female,16,2983
2007,MG,female,17,3618
2007,MG,female,18,5322
2007,MG,female,19,5950
2007,MG,female,20-24,32124
2007,MG,female,25-29,27033
2007,MG,female,30-34,12380
2007,MG,female,35-39,6097
2007,MG,female,40-44,3582
2007,MG,female,45-49,2094
2007,MG,female,50-54,1310
2007,MG,female,55-59,770
2007,MG,female,60-64,388
2007,MG,female,65+,435
2007,MG,female,<15,47
2007,MG,female,unknown,5
2007,MG,male,15,5
2007,MG,male,16,51
2007,MG,male,17,214
2007,MG,male,18,1078
2007,MG,male,19,2262
2007,MG,male,20-24,26692
2007,MG,male,25-29,33513
2007,MG,male,30-34,18028
2007,MG,male,35-39,8801
2007,MG,male,40-44,4986
2007,MG,male,45-49,2883
2007,MG,male,50-54,1859
2007,MG,male,55-59,1277
2007,MG,male,60-64,920
2007,MG,male,65+,1682
2007,MG,male,<15,3
2007,MG,male,unknown,4
2007,MS,female,15,91
2007,MS,female,16,417
2007,MS,female,17,495
2007,MS,female,18,687
2007,MS,female,19,704
2007,MS,female,20-24,3667
2007,MS,female,25-29,2888
2007,MS,female,30-34,1608
2007,MS,female,35-39,971
2007,MS,female,40-44,605
2007,MS,female,45-49,387
2007,MS,female,50-54,220
2007,MS,female,55-59,105
2007,MS,female,60-64,73
2007,MS,female,65+,60
2007,MS,female,<15,76
2007,MS,female,unknown,1
2007,MS,male,15,10
2007,MS,male,16,48
2007,MS,male,17,84
2007,MS,male,18,224
2007,MS,male,19,364
2007,MS,male,20-24,3302
2007,MS,male,25-29,3533
2007,MS,male,30-34,2104
2007,MS,male,35-39,1220
2007,MS,male,40-44,744
2007,MS,male,45-49,513
2007,MS,male,50-54,303
2007,MS,male,55-59,193
2007,MS,male,60-64,164
2007,MS,male,65+,243
2007,MS,male,<15,5
2007,MS,male,unknown,1
2007,MT,female,15,9
2007,MT,female,16,459
2007,MT,female,17,508
2007,MT,female,18,658
2007,MT,female,19,612
2007,MT,female,20-24,3151
2007,MT,female,25-29,2478
2007,MT,female,30-34,1318
2007,MT,female,35-39,776
2007,MT,female,40-44,490
2007,MT,female,45-49,242
2007,MT,female,50-54,169
2007,MT,female,55-59,100
2007,MT,female,60-64,46
2007,MT,female,65+,53
2007,MT,female,<15,2
2007,MT,female,unknown,1
2007,MT,male,15,0
2007,MT,male,16,2
2007,MT,male,17,29
2007,MT,male,18,144
2007,MT,male,19,281
2007,MT,male,20-24,2802
2007,MT,male,25-29,3079
2007,MT,male,30-34,1899
2007,MT,male,35-39,1078
2007,MT,male,40-44,646
2007,MT,male,45-49,405
2007,MT,male,50-54,247
2007,MT,male,55-59,182
2007,MT,male,60-64,109
2007,MT,male,65+,168
2007,MT,male,<15,0
2007,MT,male,unknown,1
2007,PA,female,15,24
2007,PA,female,16,510
2007,PA,female,17,664
2007,PA,female,18,935
2007,PA,female,19,982
2007,PA,female,20-24,5361
2007,PA,female,25-29,4832
2007,PA,female,30-34,2990
2007,PA,female,35-39,1720
2007,PA,female,40-44,1044
2007,PA,female,45-49,567
2007,PA,female,50-54,338
2007,PA,female,55-59,205
2007,PA,female,60-64,120
2007,PA,female,65+,130
2007,PA,female,<15,7
2007,PA,female,unknown,7
2007,PA,male,15,0
2007,PA,male,16,11
2007,PA,male,17,35
2007,PA,male,18,189
2007,PA,male,19,379
2007,PA,male,20-24,4368
2007,PA,male,25-29,5455
2007,PA,male,30-34,3656
2007,PA,male,35-39,2370
2007,PA,male,40-44,1399
2007,PA,male,45-49,894
2007,PA,male,50-54,573
2007,PA,male,55-59,377
2007,PA,male,60-64,253
2007,PA,male,65+,471
2007,PA,male,<15,0
2007,PA,male,unknown,6
2007,PB,female,15,43
2007,PB,female,16,727
2007,PB,female,17,852
2007,PB,female,18,1078
2007,PB,female,19,1140
2007,PB,female,20-24,5783
2007,PB,female,25-29,3981
2007,PB,female,30-34,1991
2007,PB,female,35-39,1037
2007,PB,female,40-44,627
2007,PB,female,45-49,373
2007,PB,female,50-54,209
2007,PB,female,55-59,144
2007,PB,female,60-64,96
2007,PB,female,65+,135
2007,PB,female,<15,27
2007,PB,female,unknown,1
2007,PB,male,15,1
2007,PB,male,16,34
2007,PB,male,17,110
2007,PB,male,18,322
2007,PB,male,19,540
2007,PB,male,20-24,5516
2007,PB,male,25-29,5175
2007,PB,male,30-34,2640
2007,PB,male,35-39,1407
2007,PB,male,40-44,826
2007,PB,male,45-49,447
2007,PB,male,50-54,283
2007,PB,male,55-59,250
2007,PB,male,60-64,184
2007,PB,male,65+,508
2007,PB,male,<15,0
2007,PB,male,unknown,1
2007,PE,female,15,79
2007,PE,female,16,1312
2007,PE,female,17,1605
2007,PE,female,18,2148
2007,PE,female,19,2342
2007,PE,female,20-24,12325
2007,PE,female,25-29,9735
2007,PE,female,30-34,5232
2007,PE,female,35-39,3006
2007,PE,female,40-44,1798
2007,PE,female,45-49,1029
2007,PE,female,50-54,699
2007,PE,female,55-59,433
2007,PE,female,60-64,249
2007,PE,female,65+,281
2007,PE,female,<15,43
2007,PE,female,unknown,16
2007,PE,male,15,5
2007,PE,male,16,55
2007,PE,male,17,197
2007,PE,male,18,676
2007,PE,male,19,1107
2007,PE,male,20-24,11081
2007,PE,male,25-29,11936
2007,PE,male,30-34,6763
2007,PE,male,35-39,3687
2007,PE,male,40-44,2157
2007,PE,male,45-49,1334
2007,PE,male,50-54,836
2007,PE,male,55-59,675
2007,PE,male,60-64,572
2007,PE,male,65+,1236
2007,PE,male,<15,0
2007,PE,male,unknown,15
2007,PI,female,15,68
2007,PI,female,16,415
2007,PI,female,17,508
2007,PI,female,18,609
2007,PI,female,19,627
2007,PI,female,20-24,3130
2007,PI,female,25-29,2264
2007,PI,female,30-34,1227
2007,PI,female,35-39,673
2007,PI,female,40-44,445
2007,PI,female,45-49,304
2007,PI,female,50-54,211
2007,PI,female,55-59,152
2007,PI,female,60-64,55
2007,PI,female,65+,87
2007,PI,female,<15,34
2007,PI,female,unknown,1
2007,PI,male,15,0
2007,PI,male,16,18
2007,PI,male,17,66
2007,PI,male,18,179
2007,PI,male,19,319
2007,PI,male,20-24,3045
2007,PI,male,25-29,2840
2007,PI,male,30-34,1584
2007,PI,male,35-39,888
2007,PI,male,40-44,582
2007,PI,male,45-49,340
2007,PI,male,50-54,269
2007,PI,male,55-59,241
2007,PI,male,60-64,140
2007,PI,male,65+,298
2007,PI,male,<15,0
2007,PI,male,unknown,1
2007,PR,female,15,108
2007,PR,female,16,1753
2007,PR,female,17,2116
2007,PR,female,18,3004
2007,PR,female,19,3357
2007,PR,female,20-24,17763
2007,PR,female,25-29,13989
2007,PR,female,30-34,6742
2007,PR,female,35-39,3550
2007,PR,female,40-44,2040
2007,PR,female,45-49,1332
2007,PR,female,50-54,797
2007,PR,female,55-59,422
2007,PR,female,60-64,230
2007,PR,female,65+,235
2007,PR,female,<15,40
2007,PR,female,unknown,12
2007,PR,male,15,3
2007,PR,male,16,50
2007,PR,male,17,201
2007,PR,male,18,850
2007,PR,male,19,1530
2007,PR,male,20-24,15534
2007,PR,male,25-29,17171
2007,PR,male,30-34,9337
2007,PR,male,35-39,4972
2007,PR,male,40-44,2684
2007,PR,male,45-49,1653
2007,PR,male,50-54,1117
2007,PR,male,55-59,831
2007,PR,male,60-64,551
2007,PR,male,65+,993
2007,PR,male,<15,2
2007,PR,male,unknown,11
2007,RJ,female,15,35
2007,RJ,female,16,648
2007,RJ,female,17,1051
2007,RJ,female,18,2080
2007,RJ,female,19,2755
2007,RJ,female,20-24,19810
2007,RJ,female,25-29,20585
2007,RJ,female,30-34,10847
2007,RJ,female,35-39,6021
2007,RJ,female,40-44,3964
2007,RJ,female,45-49,2671
2007,RJ,female,50-54,1690
2007,RJ,female,55-59,1039
2007,RJ,female,60-64,572
2007,RJ,female,65+,572
2007,RJ,female,<15,16
2007,RJ,female,unknown,28
2007,RJ,male,15,0
2007,RJ,male,16,11
2007,RJ,male,17,70
2007,RJ,male,18,314
2007,RJ,male,19,770
2007,RJ,male,20-24,14066
2007,RJ,male,25-29,22696
2007,RJ,male,30-34,13919
2007,RJ,male,35-39,7722
2007,RJ,male,40-44,4769
2007,RJ,male,45-49,3232
2007,RJ,male,50-54,2206
2007,RJ,male,55-59,1516
2007,RJ,male,60-64,1034
2007,RJ,male,65+,2030
2007,RJ,male,<15,1
2007,RJ,male,unknown,28
2007,RN,female,15,14
2007,RN,female,16,352
2007,RN,female,17,463
2007,RN,female,18,644
2007,RN,female,19,727
2007,RN,female,20-24,3909
2007,RN,female,25-29,2964
2007,RN,female,30-34,1436
2007,RN,female,35-39,741
2007,RN,female,40-44,466
2007,RN,female,45-49,257
2007,RN,female,50-54,140
2007,RN,female,55-59,91
2007,RN,female,60-64,44
2007,RN,female,65+,91
2007,RN,female,<15,12
2007,RN,female,unknown,1
2007,RN,male,15,0
2007,RN,male,16,11
2007,RN,male,17,57
2007,RN,male,18,188
2007,RN,male,19,349
2007,RN,male,20-24,3580
2007,RN,male,25-29,3551
2007,RN,male,30-34,1868
2007,RN,male,35-39,1052
2007,RN,male,40-44,597
2007,RN,male,45-49,333
2007,RN,male,50-54,214
2007,RN,male,55-59,162
2007,RN,male,60-64,102
2007,RN,male,65+,287
2007,RN,male,<15,0
2007,RN,male,unknown,1
2007,RO,female,15,11
2007,RO,female,16,427
2007,RO,female,17,473
2007,RO,female,18,539
2007,RO,female,19,524
2007,RO,female,20-24,2057
2007,RO,female,25-29,1451
2007,RO,female,30-34,870
2007,RO,female,35-39,578
2007,RO,female,40-44,328
2007,RO,female,45-49,216
2007,RO,female,50-54,131
2007,RO,female,55-59,77
2007,RO,female,60-64,34
2007,RO,female,65+,44
2007,RO,female,<15,8
2007,RO,female,unknown,5
2007,RO,male,15,0
2007,RO,male,16,5
2007,RO,male,17,21
2007,RO,male,18,135
2007,RO,male,19,233
2007,RO,male,20-24,2151
2007,RO,male,25-29,1881
2007,RO,male,30-34,1172
2007,RO,male,35-39,720
2007,RO,male,40-44,517
2007,RO,male,45-49,314
2007,RO,male,50-54,210
2007,RO,male,55-59,140
2007,RO,male,60-64,101
2007,RO,male,65+,168
2007,RO,male,<15,0
2007,RO,male,unknown,5
2007,RR,female,15,1
2007,RR,female,16,30
2007,RR,female,17,44
2007,RR,female,18,60
2007,RR,female,19,59
2007,RR,female,20-24,382
2007,RR,female,25-29,340
2007,RR,female,30-34,221
2007,RR,female,35-39,130
2007,RR,female,40-44,94
2007,RR,female,45-49,55
2007,RR,female,50-54,37
2007,RR,female,55-59,12
2007,RR,female,60-64,9
2007,RR,female,65+,8
2007,RR,female,<15,1
2007,RR,female,unknown,3
2007,RR,male,15,0
2007,RR,male,16,0
2007,RR,male,17,5
2007,RR,male,18,12
2007,RR,male,19,25
2007,RR,male,20-24,316
2007,RR,male,25-29,366
2007,RR,male,30-34,245
2007,RR,male,35-39,181
2007,RR,male,40-44,121
2007,RR,male,45-49,75
2007,RR,male,50-54,48
2007,RR,male,55-59,34
2007,RR,male,60-64,24
2007,RR,male,65+,31
2007,RR,male,<15,0
2007,RR,male,unknown,3
2007,RS,female,15,27
2007,RS,female,16,966
2007,RS,female,17,1175
2007,RS,female,18,1615
2007,RS,female,19,1762
2007,RS,female,20-24,10097
2007,RS,female,25-29,8871
2007,RS,female,30-34,4323
2007,RS,female,35-39,2222
2007,RS,female,40-44,1449
2007,RS,female,45-49,932
2007,RS,female,50-54,606
2007,RS,female,55-59,385
2007,RS,female,60-64,224
2007,RS,female,65+,191
2007,RS,female,<15,5
2007,RS,female,unknown,21
2007,RS,male,15,0
2007,RS,male,16,31
2007,RS,male,17,90
2007,RS,male,18,395
2007,RS,male,19,679
2007,RS,male,20-24,8425
2007,RS,male,25-29,10482
2007,RS,male,30-34,6020
2007,RS,male,35-39,3130
2007,RS,male,40-44,1853
2007,RS,male,45-49,1163
2007,RS,male,50-54,831
2007,RS,male,55-59,597
2007,RS,male,60-64,441
2007,RS,male,65+,722
2007,RS,male,<15,0
2007,RS,male,unknown,12
2007,SC,female,15,7
2007,SC,female,16,675
2007,SC,female,17,862
2007,SC,female,18,1434
2007,SC,female,19,1615
2007,SC,female,20-24,9023
2007,SC,female,25-29,7410
2007,SC,female,30-34,3270
2007,SC,female,35-39,1635
2007,SC,female,40-44,966
2007,SC,female,45-49,609
2007,SC,female,50-54,331
2007,SC,female,55-59,194
2007,SC,female,60-64,113
2007,SC,female,65+,81
2007,SC,female,<15,7
2007,SC,female,unknown,28
2007,SC,male,15,0
2007,SC,male,16,12
2007,SC,male,17,52
2007,SC,male,18,304
2007,SC,male,19,631
2007,SC,male,20-24,7440
2007,SC,male,25-29,8928
2007,SC,male,30-34,4946
2007,SC,male,35-39,2435
2007,SC,male,40-44,1315
2007,SC,male,45-49,749
2007,SC,male,50-54,469
2007,SC,male,55-59,340
2007,SC,male,60-64,236
2007,SC,male,65+,374
2007,SC,male,<15,0
2007,SC,male,unknown,29
2007,SE,female,15,20
2007,SE,female,16,167
2007,SE,female,17,216
2007,SE,female,18,306
2007,SE,female,19,372
2007,SE,female,20-24,2151
2007,SE,female,25-29,1940
2007,SE,female,30-34,1028
2007,SE,female,35-39,515
2007,SE,female,40-44,293
2007,SE,female,45-49,189
2007,SE,female,50-54,142
2007,SE,female,55-59,57
2007,SE,female,60-64,48
2007,SE,female,65+,45
2007,SE,female,<15,17
2007,SE,female,unknown,1
2007,SE,male,15,1
2007,SE,male,16,6
2007,SE,male,17,26
2007,SE,male,18,90
2007,SE,male,19,136
2007,SE,male,20-24,1758
2007,SE,male,25-29,2266
2007,SE,male,30-34,1269
2007,SE,male,35-39,676
2007,SE,male,40-44,417
2007,SE,male,45-49,254
2007,SE,male,50-54,160
2007,SE,male,55-59,137
2007,SE,male,60-64,98
2007,SE,male,65+,212
2007,SE,male,<15,0
2007,SE,male,unknown,1
2007,SP,female,15,154
2007,SP,female,16,3809
2007,SP,female,17,5146
2007,SP,female,18,9611
2007,SP,female,19,11401
2007,SP,female,20-24,70393
2007,SP,female,25-29,67900
2007,SP,female,30-34,34634
2007,SP,female,35-39,17111
2007,SP,female,40-44,9983
2007,SP,female,45-49,6196
2007,SP,female,50-54,3951
2007,SP,female,55-59,2115
2007,SP,female,60-64,1013
2007,SP,female,65+,857
2007,SP,female,<15,55
2007,SP,female,unknown,407
2007,SP,male,15,0
2007,SP,male,16,79
2007,SP,male,17,417
2007,SP,male,18,2223
2007,SP,male,19,4421
2007,SP,male,20-24,57483
2007,SP,male,25-29,75823
2007,SP,male,30-34,45248
2007,SP,male,35-39,23037
2007,SP,male,40-44,13094
2007,SP,male,45-49,7959
2007,SP,male,50-54,5252
2007,SP,male,55-59,3471
2007,SP,male,60-64,2201
2007,SP,male,65+,3625
2007,SP,male,<15,0
2007,SP,male,unknown,403
2007,TO,female,15,21
2007,TO,female,16,220
2007,TO,female,17,241
2007,TO,female,18,308
2007,TO,female,19,325
2007,TO,female,20-24,1662
2007,TO,female,25-29,1240
2007,TO,female,30-34,724
2007,TO,female,35-39,398
2007,TO,female,40-44,224
2007,TO,female,45-49,141
2007,TO,female,50-54,87
2007,TO,female,55-59,48
2007,TO,female,60-64,29
2007,TO,female,65+,49
2007,TO,female,<15,5
2007,TO,female,unknown,1
2007,TO,male,15,1
2007,TO,male,16,6
2007,TO,male,17,15
2007,TO,male,18,66
2007,TO,male,19,132
2007,TO,male,20-24,1469
2007,TO,male,25-29,1533
2007,TO,male,30-34,923
2007,TO,male,35-39,557
2007,TO,male,40-44,378
2007,TO,male,45-49,205
2007,TO,male,50-54,135
2007,TO,male,55-59,113
2007,TO,male,60-64,70
2007,TO,male,65+,120
2007,TO,male,<15,0
2007,TO,male,unknown,0
2008,AC,female,15,7
2008,AC,female,16,95
2008,AC,female,17,114
2008,AC,female,18,207
2008,AC,female,19,235
2008,AC,female,20-24,1227
2008,AC,female,25-29,1219
2008,AC,female,30-34,847
2008,AC,female,35-39,476
2008,AC,female,40-44,365
2008,AC,female,45-49,196
2008,AC,female,50-54,133
2008,AC,female,55-59,69
2008,AC,female,60-64,39
2008,AC,female,65+,31
2008,AC,female,<15,5
2008,AC,female,unknown,0
2008,AC,male,15,0
2008,AC,male,16,7
2008,AC,male,17,6
2008,AC,male,18,45
2008,AC,male,19,90
2008,AC,male,20-24,962
2008,AC,male,25-29,1334
2008,AC,male,30-34,930
2008,AC,male,35-39,624
2008,AC,male,40-44,444
2008,AC,male,45-49,299
2008,AC,male,50-54,200
2008,AC,male,55-59,129
2008,AC,male,60-64,78
2008,AC,male,65+,117
2008,AC,male,<15,0
2008,AC,male,unknown,0
2008,AL,female,15,104
2008,AL,female,16,567
2008,AL,female,17,666
2008,AL,female,18,749
2008,AL,female,19,872
2008,AL,female,20-24,4300
2008,AL,female,25-29,2963
2008,AL,female,30-34,1584
2008,AL,female,35-39,819
2008,AL,female,40-44,548
2008,AL,female,45-49,331
2008,AL,female,50-54,234
2008,AL,female,55-59,151
2008,AL,female,60-64,73
2008,AL,female,65+,85
2008,AL,female,<15,57
2008,AL,female,unknown,1
2008,AL,male,15,3
2008,AL,male,16,27
2008,AL,male,17,83
2008,AL,male,18,262
2008,AL,male,19,449
2008,AL,male,20-24,4080
2008,AL,male,25-29,3862
2008,AL,male,30-34,2014
2008,AL,male,35-39,1116
2008,AL,male,40-44,692
2008,AL,male,45-49,387
2008,AL,male,50-54,328
2008,AL,male,55-59,246
2008,AL,male,60-64,190
2008,AL,male,65+,364
2008,AL,male,<15,1
2008,AL,male,unknown,0
2008,AM,female,15,17
2008,AM,female,16,181
2008,AM,female,17,220
2008,AM,female,18,366
2008,AM,female,19,466
2008,AM,female,20-24,3876
2008,AM,female,25-29,3327
2008,AM,female,30-34,2144
2008,AM,female,35-39,1266
2008,AM,female,40-44,654
2008,AM,female,45-49,425
2008,AM,female,50-54,213
2008,AM,female,55-59,114
2008,AM,female,60-64,55
2008,AM,female,65+,37
2008,AM,female,<15,10
2008,AM,female,unknown,0
2008,AM,male,15,0
2008,AM,male,16,11
2008,AM,male,17,17
2008,AM,male,18,104
2008,AM,male,19,211
2008,AM,male,20-24,2664
2008,AM,male,25-29,3699
2008,AM,male,30-34,2547
2008,AM,male,35-39,1694
2008,AM,male,40-44,964
2008,AM,male,45-49,584
2008,AM,male,50-54,392
2008,AM,male,55-59,214
2008,AM,male,60-64,128
2008,AM,male,65+,141
2008,AM,male,<15,1
2008,AM,male,unknown,0
2008,AP,female,15,2
2008,AP,female,16,24
2008,AP,female,17,27
2008,AP,female,18,59
2008,AP,female,19,71
2008,AP,female,20-24,461
2008,AP,female,25-29,531
2008,AP,female,30-34,380
2008,AP,female,35-39,229
2008,AP,female,40-44,146
2008,AP,female,45-49,70
2008,AP,female,50-54,35
2008,AP,female,55-59,21
2008,AP,female,60-64,9
2008,AP,female,65+,11
2008,AP,female,<15,1
2008,AP,female,unknown,1
2008,AP,male,15,0
2008,AP,male,16,0
2008,AP,male,17,2
2008,AP,male,18,13
2008,AP,male,19,32
2008,AP,male,20-24,354
2008,AP,male,25-29,496
2008,AP,male,30-34,427
2008,AP,male,35-39,288
2008,AP,male,40-44,177
2008,AP,male,45-49,109
2008,AP,male,50-54,79
2008,AP,male,55-59,40
2008,AP,male,60-64,23
2008,AP,male,65+,37
2008,AP,male,<15,0
2008,AP,male,unknown,1
2008,BA,female,15,63
2008,BA,female,16,1432
2008,BA,female,17,1717
2008,BA,female,18,2493
2008,BA,female,19,2988
2008,BA,female,20-24,16664
2008,BA,female,25-29,14430
2008,BA,female,30-34,7738
2008,BA,female,35-39,4181
2008,BA,female,40-44,2572
2008,BA,female,45-49,1525
2008,BA,female,50-54,1008
2008,BA,female,55-59,641
2008,BA,female,60-64,345
2008,BA,female,65+,419
2008,BA,female,<15,27
2008,BA,female,unknown,259
2008,BA,male,15,3
2008,BA,male,16,23
2008,BA,male,17,95
2008,BA,male,18,456
2008,BA,male,19,975
2008,BA,male,20-24,13636
2008,BA,male,25-29,17314
2008,BA,male,30-34,10306
2008,BA,male,35-39,5438
2008,BA,male,40-44,3443
2008,BA,male,45-49,2041
2008,BA,male,50-54,1382
2008,BA,male,55-59,1020
2008,BA,male,60-64,726
2008,BA,male,65+,1386
2008,BA,male,<15,1
2008,BA,male,unknown,257
2008,CE,female,15,30
2008,CE,female,16,1457
2008,CE,female,17,1408
2008,CE,female,18,2223
2008,CE,female,19,2521
2008,CE,female,20-24,12719
2008,CE,female,25-29,10294
2008,CE,female,30-34,5846
2008,CE,female,35-39,3297
2008,CE,female,40-44,1903
2008,CE,female,45-49,1068
2008,CE,female,50-54,657
2008,CE,female,55-59,329
2008,CE,female,60-64,165
2008,CE,female,65+,226
2008,CE,female,<15,26
2008,CE,female,unknown,4
2008,CE,male,15,1
2008,CE,male,16,72
2008,CE,male,17,192
2008,CE,male,18,704
2008,CE,male,19,1284
2008,CE,male,20-24,11541
2008,CE,male,25-29,11913
2008,CE,male,30-34,7299
2008,CE,male,35-39,4242
2008,CE,male,40-44,2657
2008,CE,male,45-49,1493
2008,CE,male,50-54,884
2008,CE,male,55-59,668
2008,CE,male,60-64,408
2008,CE,male,65+,811
2008,CE,male,<15,2
2008,CE,male,unknown,2
2008,DF,female,15,7
2008,DF,female,16,143
2008,DF,female,17,243
2008,DF,female,18,450
2008,DF,female,19,580
2008,DF,female,20-24,4111
2008,DF,female,25-29,4730
2008,DF,female,30-34,2654
2008,DF,female,35-39,1275
2008,DF,female,40-44,728
2008,DF,female,45-49,405
2008,DF,female,50-54,195
2008,DF,female,55-59,96
2008,DF,female,60-64,37
2008,DF,female,65+,45
2008,DF,female,<15,2
2008,DF,female,unknown,2
2008,DF,male,15,0
2008,DF,male,16,9
2008,DF,male,17,16
2008,DF,male,18,101
2008,DF,male,19,197
2008,DF,male,20-24,3153
2008,DF,male,25-29,4910
2008,DF,male,30-34,3093
2008,DF,male,35-39,1717
2008,DF,male,40-44,1024
2008,DF,male,45-49,578
2008,DF,male,50-54,352
2008,DF,male,55-59,226
2008,DF,male,60-64,126
2008,DF,male,65+,199
2008,DF,male,<15,0
2008,DF,male,unknown,2
2008,ES,female,15,13
2008,ES,female,16,647
2008,ES,female,17,759
2008,ES,female,18,1171
2008,ES,female,19,1363
2008,ES,female,20-24,7340
2008,ES,female,25-29,6012
2008,ES,female,30-34,3131
2008,ES,female,35-39,1640
2008,ES,female,40-44,1093
2008,ES,female,45-49,686
2008,ES,female,50-54,416
2008,ES,female,55-59,279
2008,ES,female,60-64,126
2008,ES,female,65+,119
2008,ES,female,<15,8
2008,ES,female,unknown,4
2008,ES,male,15,0
2008,ES,male,16,10
2008,ES,male,17,59
2008,ES,male,18,227
2008,ES,male,19,478
2008,ES,male,20-24,6214
2008,ES,male,25-29,7410
2008,ES,male,30-34,4237
2008,ES,male,35-39,2228
2008,ES,male,40-44,1335
2008,ES,male,45-49,861
2008,ES,male,50-54,599
2008,ES,male,55-59,410
2008,ES,male,60-64,256
2008,ES,male,65+,478
2008,ES,male,<15,0
2008,ES,male,unknown,5
2008,GO,female,15,46
2008,GO,female,16,1131
2008,GO,female,17,1210
2008,GO,female,18,1865
2008,GO,female,19,1991
2008,GO,female,20-24,9892
2008,GO,female,25-29,8344
2008,GO,female,30-34,4591
2008,GO,female,35-39,2533
2008,GO,female,40-44,1624
2008,GO,female,45-49,1069
2008,GO,female,50-54,616
2008,GO,female,55-59,318
2008,GO,female,60-64,194
2008,GO,female,65+,169
2008,GO,female,<15,23
2008,GO,female,unknown,132
2008,GO,male,15,4
2008,GO,male,16,26
2008,GO,male,17,94
2008,GO,male,18,460
2008,GO,male,19,867
2008,GO,male,20-24,8824
2008,GO,male,25-29,10071
2008,GO,male,30-34,5986
2008,GO,male,35-39,3362
2008,GO,male,40-44,2067
2008,GO,male,45-49,1364
2008,GO,male,50-54,813
2008,GO,male,55-59,612
2008,GO,male,60-64,406
2008,GO,male,65+,661
2008,GO,male,<15,0
2008,GO,male,unknown,131
2008,MA,female,15,49
2008,MA,female,16,775
2008,MA,female,17,771
2008,MA,female,18,1054
2008,MA,female,19,1102
2008,MA,female,20-24,5654
2008,MA,female,25-29,4410
2008,MA,female,30-34,2560
2008,MA,female,35-39,1450
2008,MA,female,40-44,856
2008,MA,female,45-49,558
2008,MA,female,50-54,391
2008,MA,female,55-59,229
2008,MA,female,60-64,121
2008,MA,female,65+,205
2008,MA,female,<15,35
2008,MA,female,unknown,8
2008,MA,male,15,2
2008,MA,male,16,18
2008,MA,male,17,78
2008,MA,male,18,307
2008,MA,male,19,537
2008,MA,male,20-24,5234
2008,MA,male,25-29,5179
2008,MA,male,30-34,3171
2008,MA,male,35-39,1929
2008,MA,male,40-44,1153
2008,MA,male,45-49,758
2008,MA,male,50-54,520
2008,MA,male,55-59,394
2008,MA,male,60-64,293
2008,MA,male,65+,647
2008,MA,male,<15,0
2008,MA,male,unknown,8
2008,MG,female,15,106
2008,MG,female,16,2715
2008,MG,female,17,3441
2008,MG,female,18,4971
2008,MG,female,19,5722
2008,MG,female,20-24,31005
2008,MG,female,25-29,28075
2008,MG,female,30-34,13454
2008,MG,female,35-39,6551
2008,MG,female,40-44,3799
2008,MG,female,45-49,2385
2008,MG,female,50-54,1463
2008,MG,female,55-59,799
2008,MG,female,60-64,472
2008,MG,female,65+,486
2008,MG,female,<15,50
2008,MG,female,unknown,10
2008,MG,male,15,0
2008,MG,male,16,51
2008,MG,male,17,201
2008,MG,male,18,1047
2008,MG,male,19,2074
2008,MG,male,20-24,25732
2008,MG,male,25-29,33479
2008,MG,male,30-34,19102
2008,MG,male,35-39,9150
2008,MG,male,40-44,5247
2008,MG,male,45-49,3153
2008,MG,male,50-54,2113
2008,MG,male,55-59,1363
2008,MG,male,60-64,942
2008,MG,male,65+,1836
2008,MG,male,<15,4
2008,MG,male,unknown,10
2008,MS,female,15,77
2008,MS,female,16,413
2008,MS,female,17,468
2008,MS,female,18,621
2008,MS,female,19,690
2008,MS,female,20-24,3642
2008,MS,female,25-29,3017
2008,MS,female,30-34,1623
2008,MS,female,35-39,976
2008,MS,female,40-44,625
2008,MS,female,45-49,419
2008,MS,female,50-54,213
2008,MS,female,55-59,124
2008,MS,female,60-64,60
2008,MS,female,65+,67
2008,MS,female,<15,58
2008,MS,female,unknown,1
2008,MS,male,15,4
2008,MS,male,16,32
2008,MS,male,17,81
2008,MS,male,18,224
2008,MS,male,19,337
2008,MS,male,20-24,3244
2008,MS,male,25-29,3594
2008,MS,male,30-34,2115
2008,MS,male,35-39,1208
2008,MS,male,40-44,797
2008,MS,male,45-49,507
2008,MS,male,50-54,353
2008,MS,male,55-59,201
2008,MS,male,60-64,147
2008,MS,male,65+,248
2008,MS,male,<15,1
2008,MS,male,unknown,1
2008,MT,female,15,10
2008,MT,female,16,470
2008,MT,female,17,522
2008,MT,female,18,694
2008,MT,female,19,710
2008,MT,female,20-24,3324
2008,MT,female,25-29,2569
2008,MT,female,30-34,1491
2008,MT,female,35-39,822
2008,MT,female,40-44,512
2008,MT,female,45-49,316
2008,MT,female,50-54,190
2008,MT,female,55-59,89
2008,MT,female,60-64,48
2008,MT,female,65+,43
2008,MT,female,<15,1
2008,MT,female,unknown,2
2008,MT,male,15,1
2008,MT,male,16,8
2008,MT,male,17,32
2008,MT,male,18,148
2008,MT,male,19,266
2008,MT,male,20-24,3016
2008,MT,male,25-29,3304
2008,MT,male,30-34,2019
2008,MT,male,35-39,1121
2008,MT,male,40-44,686
2008,MT,male,45-49,448
2008,MT,male,50-54,291
2008,MT,male,55-59,194
2008,MT,male,60-64,108
2008,MT,male,65+,170
2008,MT,male,<15,0
2008,MT,male,unknown,1
2008,PA,female,15,15
2008,PA,female,16,543
2008,PA,female,17,651
2008,PA,female,18,926
2008,PA,female,19,1068
2008,PA,female,20-24,5815
2008,PA,female,25-29,5517
2008,PA,female,30-34,3521
2008,PA,female,35-39,2092
2008,PA,female,40-44,1142
2008,PA,female,45-49,600
2008,PA,female,50-54,388
2008,PA,female,55-59,231
2008,PA,female,60-64,121
2008,PA,female,65+,152
2008,PA,female,<15,7
2008,PA,female,unknown,2
2008,PA,male,15,0
2008,PA,male,16,13
2008,PA,male,17,49
2008,PA,male,18,184
2008,PA,male,19,371
2008,PA,male,20-24,4671
2008,PA,male,25-29,5962
2008,PA,male,30-34,4346
2008,PA,male,35-39,2717
2008,PA,male,40-44,1617
2008,PA,male,45-49,1028
2008,PA,male,50-54,648
2008,PA,male,55-59,430
2008,PA,male,60-64,274
2008,PA,male,65+,480
2008,PA,male,<15,0
2008,PA,male,unknown,1
2008,PB,female,15,39
2008,PB,female,16,747
2008,PB,female,17,767
2008,PB,female,18,1027
2008,PB,female,19,1143
2008,PB,female,20-24,5661
2008,PB,female,25-29,4150
2008,PB,female,30-34,2135
2008,PB,female,35-39,1076
2008,PB,female,40-44,683
2008,PB,female,45-49,406
2008,PB,female,50-54,247
2008,PB,female,55-59,157
2008,PB,female,60-64,105
2008,PB,female,65+,121
2008,PB,female,<15,29
2008,PB,female,unknown,2
2008,PB,male,15,2
2008,PB,male,16,27
2008,PB,male,17,97
2008,PB,male,18,311
2008,PB,male,19,546
2008,PB,male,20-24,5398
2008,PB,male,25-29,5264
2008,PB,male,30-34,2763
2008,PB,male,35-39,1437
2008,PB,male,40-44,875
2008,PB,male,45-49,497
2008,PB,male,50-54,315
2008,PB,male,55-59,290
2008,PB,male,60-64,209
2008,PB,male,65+,463
2008,PB,male,<15,0
2008,PB,male,unknown,1
2008,PE,female,15,65
2008,PE,female,16,1357
2008,PE,female,17,1494
2008,PE,female,18,2015
2008,PE,female,19,2434
2008,PE,female,20-24,12432
2008,PE,female,25-29,10689
2008,PE,female,30-34,5772
2008,PE,female,35-39,3368
2008,PE,female,40-44,2055
2008,PE,female,45-49,1222
2008,PE,female,50-54,708
2008,PE,female,55-59,385
2008,PE,female,60-64,235
2008,PE,female,65+,305
2008,PE,female,<15,29
2008,PE,female,unknown,59
2008,PE,male,15,2
2008,PE,male,16,68
2008,PE,male,17,153
2008,PE,male,18,574
2008,PE,male,19,1041
2008,PE,male,20-24,11171
2008,PE,male,25-29,12555
2008,PE,male,30-34,7474
2008,PE,male,35-39,4095
2008,PE,male,40-44,2420
2008,PE,male,45-49,1499
2008,PE,male,50-54,1024
2008,PE,male,55-59,721
2008,PE,male,60-64,588
2008,PE,male,65+,1187
2008,PE,male,<15,1
2008,PE,male,unknown,51
2008,PI,female,15,55
2008,PI,female,16,441
2008,PI,female,17,417
2008,PI,female,18,546
2008,PI,female,19,633
2008,PI,female,20-24,2993
2008,PI,female,25-29,2302
2008,PI,female,30-34,1265
2008,PI,female,35-39,706
2008,PI,female,40-44,422
2008,PI,female,45-49,308
2008,PI,female,50-54,243
2008,PI,female,55-59,119
2008,PI,female,60-64,70
2008,PI,female,65+,88
2008,PI,female,<15,28
2008,PI,female,unknown,0
2008,PI,male,15,1
2008,PI,male,16,18
2008,PI,male,17,48
2008,PI,male,18,172
2008,PI,male,19,293
2008,PI,male,20-24,2834
2008,PI,male,25-29,2829
2008,PI,male,30-34,1621
2008,PI,male,35-39,913
2008,PI,male,40-44,544
2008,PI,male,45-49,387
2008,PI,male,50-54,294
2008,PI,male,55-59,225
2008,PI,male,60-64,177
2008,PI,male,65+,280
2008,PI,male,<15,0
2008,PI,male,unknown,0
2008,PR,female,15,71
2008,PR,female,16,1731
2008,PR,female,17,2155
2008,PR,female,18,2989
2008,PR,female,19,3351
2008,PR,female,20-24,17028
2008,PR,female,25-29,14255
2008,PR,female,30-34,7028
2008,PR,female,35-39,3653
2008,PR,female,40-44,2334
2008,PR,female,45-49,1403
2008,PR,female,50-54,881
2008,PR,female,55-59,466
2008,PR,female,60-64,280
2008,PR,female,65+,267
2008,PR,female,<15,40
2008,PR,female,unknown,20
2008,PR,male,15,1
2008,PR,male,16,49
2008,PR,male,17,185
2008,PR,male,18,785
2008,PR,male,19,1516
2008,PR,male,20-24,15238
2008,PR,male,25-29,17201
2008,PR,male,30-34,9575
2008,PR,male,35-39,5024
2008,PR,male,40-44,2894
2008,PR,male,45-49,1745
2008,PR,male,50-54,1224
2008,PR,male,55-59,816
2008,PR,male,60-64,599
2008,PR,male,65+,1079
2008,PR,male,<15,2
2008,PR,male,unknown,19
2008,RJ,female,15,27
2008,RJ,female,16,554
2008,RJ,female,17,991
2008,RJ,female,18,2025
2008,RJ,female,19,2900
2008,RJ,female,20-24,20236
2008,RJ,female,25-29,22354
2008,RJ,female,30-34,12274
2008,RJ,female,35-39,6737
2008,RJ,female,40-44,4520
2008,RJ,female,45-49,3055
2008,RJ,female,50-54,2073
2008,RJ,female,55-59,1179
2008,RJ,female,60-64,627
2008,RJ,female,65+,608
2008,RJ,female,<15,6
2008,RJ,female,unknown,13
2008,RJ,male,15,0
2008,RJ,male,16,16
2008,RJ,male,17,50
2008,RJ,male,18,273
2008,RJ,male,19,732
2008,RJ,male,20-24,14201
2008,RJ,male,25-29,23938
2008,RJ,male,30-34,15430
2008,RJ,male,35-39,8682
2008,RJ,male,40-44,5545
2008,RJ,male,45-49,3724
2008,RJ,male,50-54,2472
2008,RJ,male,55-59,1837
2008,RJ,male,60-64,1173
2008,RJ,male,65+,2094
2008,RJ,male,<15,1
2008,RJ,male,unknown,11
2008,RN,female,15,23
2008,RN,female,16,361
2008,RN,female,17,441
2008,RN,female,18,561
2008,RN,female,19,762
2008,RN,female,20-24,4234
2008,RN,female,25-29,3513
2008,RN,female,30-34,1810
2008,RN,female,35-39,983
2008,RN,female,40-44,571
2008,RN,female,45-49,311
2008,RN,female,50-54,177
2008,RN,female,55-59,105
2008,RN,female,60-64,85
2008,RN,female,65+,104
2008,RN,female,<15,10
2008,RN,female,unknown,0
2008,RN,male,15,1
2008,RN,male,16,20
2008,RN,male,17,45
2008,RN,male,18,187
2008,RN,male,19,356
2008,RN,male,20-24,3683
2008,RN,male,25-29,4075
2008,RN,male,30-34,2326
2008,RN,male,35-39,1227
2008,RN,male,40-44,757
2008,RN,male,45-49,405
2008,RN,male,50-54,290
2008,RN,male,55-59,193
2008,RN,male,60-64,153
2008,RN,male,65+,333
2008,RN,male,<15,0
2008,RN,male,unknown,0
2008,RO,female,15,11
2008,RO,female,16,481
2008,RO,female,17,495
2008,RO,female,18,537
2008,RO,female,19,521
2008,RO,female,20-24,2176
2008,RO,female,25-29,1546
2008,RO,female,30-34,920
2008,RO,female,35-39,606
2008,RO,female,40-44,344
2008,RO,female,45-49,249
2008,RO,female,50-54,145
2008,RO,female,55-59,81
2008,RO,female,60-64,41
2008,RO,female,65+,56
2008,RO,female,<15,9
2008,RO,female,unknown,0
2008,RO,male,15,0
2008,RO,male,16,4
2008,RO,male,17,19
2008,RO,male,18,131
2008,RO,male,19,250
2008,RO,male,20-24,2267
2008,RO,male,25-29,1965
2008,RO,male,30-34,1213
2008,RO,male,35-39,774
2008,RO,male,40-44,571
2008,RO,male,45-49,331
2008,RO,male,50-54,235
2008,RO,male,55-59,157
2008,RO,male,60-64,127
2008,RO,male,65+,173
2008,RO,male,<15,1
2008,RO,male,unknown,0
2008,RR,female,15,0
2008,RR,female,16,57
2008,RR,female,17,46
2008,RR,female,18,66
2008,RR,female,19,80
2008,RR,female,20-24,438
2008,RR,female,25-29,410
2008,RR,female,30-34,271
2008,RR,female,35-39,147
2008,RR,female,40-44,104
2008,RR,female,45-49,55
2008,RR,female,50-54,33
2008,RR,female,55-59,22
2008,RR,female,60-64,9
2008,RR,female,65+,13
2008,RR,female,<15,1
2008,RR,female,unknown,0
2008,RR,male,15,0
2008,RR,male,16,0
2008,RR,male,17,2
2008,RR,male,18,20
2008,RR,male,19,31
2008,RR,male,20-24,344
2008,RR,male,25-29,447
2008,RR,male,30-34,310
2008,RR,male,35-39,215
2008,RR,male,40-44,125
2008,RR,male,45-49,99
2008,RR,male,50-54,61
2008,RR,male,55-59,46
2008,RR,male,60-64,21
2008,RR,male,65+,31
2008,RR,male,<15,0
2008,RR,male,unknown,0
2008,RS,female,15,22
2008,RS,female,16,883
2008,RS,female,17,1165
2008,RS,female,18,1617
2008,RS,female,19,1845
2008,RS,female,20-24,10391
2008,RS,female,25-29,10010
2008,RS,female,30-34,5063
2008,RS,female,35-39,2554
2008,RS,female,40-44,1651
2008,RS,female,45-49,1143
2008,RS,female,50-54,687
2008,RS,female,55-59,382
2008,RS,female,60-64,253
2008,RS,female,65+,207
2008,RS,female,<15,5
2008,RS,female,unknown,6
2008,RS,male,15,2
2008,RS,male,16,32
2008,RS,male,17,97
2008,RS,male,18,416
2008,RS,male,19,712
2008,RS,male,20-24,8560
2008,RS,male,25-29,11477
2008,RS,male,30-34,6730
2008,RS,male,35-39,3558
2008,RS,male,40-44,2137
2008,RS,male,45-49,1342
2008,RS,male,50-54,940
2008,RS,male,55-59,661
2008,RS,male,60-64,464
2008,RS,male,65+,754
2008,RS,male,<15,0
2008,RS,male,unknown,2
2008,SC,female,15,10
2008,SC,female,16,618
2008,SC,female,17,903
2008,SC,female,18,1418
2008,SC,female,19,1541
2008,SC,female,20-24,8940
2008,SC,female,25-29,7758
2008,SC,female,30-34,3556
2008,SC,female,35-39,1803
2008,SC,female,40-44,1077
2008,SC,female,45-49,674
2008,SC,female,50-54,394
2008,SC,female,55-59,229
2008,SC,female,60-64,113
2008,SC,female,65+,96
2008,SC,female,<15,3
2008,SC,female,unknown,21
2008,SC,male,15,0
2008,SC,male,16,6
2008,SC,male,17,52
2008,SC,male,18,298
2008,SC,male,19,647
2008,SC,male,20-24,7253
2008,SC,male,25-29,9374
2008,SC,male,30-34,5094
2008,SC,male,35-39,2460
2008,SC,male,40-44,1475
2008,SC,male,45-49,879
2008,SC,male,50-54,592
2008,SC,male,55-59,386
2008,SC,male,60-64,232
2008,SC,male,65+,389
2008,SC,male,<15,0
2008,SC,male,unknown,17
2008,SE,female,15,21
2008,SE,female,16,145
2008,SE,female,17,198
2008,SE,female,18,311
2008,SE,female,19,373
2008,SE,female,20-24,2085
2008,SE,female,25-29,1969
2008,SE,female,30-34,1040
2008,SE,female,35-39,548
2008,SE,female,40-44,306
2008,SE,female,45-49,198
2008,SE,female,50-54,131
2008,SE,female,55-59,51
2008,SE,female,60-64,40
2008,SE,female,65+,34
2008,SE,female,<15,8
2008,SE,female,unknown,4
2008,SE,male,15,0
2008,SE,male,16,3
2008,SE,male,17,21
2008,SE,male,18,74
2008,SE,male,19,126
2008,SE,male,20-24,1716
2008,SE,male,25-29,2281
2008,SE,male,30-34,1339
2008,SE,male,35-39,684
2008,SE,male,40-44,410
2008,SE,male,45-49,274
2008,SE,male,50-54,167
2008,SE,male,55-59,108
2008,SE,male,60-64,72
2008,SE,male,65+,186
2008,SE,male,<15,0
2008,SE,male,unknown,1
2008,SP,female,15,153
2008,SP,female,16,3784
2008,SP,female,17,5024
2008,SP,female,18,9115
2008,SP,female,19,11023
2008,SP,female,20-24,70150
2008,SP,female,25-29,71752
2008,SP,female,30-34,38034
2008,SP,female,35-39,18827
2008,SP,female,40-44,11123
2008,SP,female,45-49,7017
2008,SP,female,50-54,4419
2008,SP,female,55-59,2315
2008,SP,female,60-64,1265
2008,SP,female,65+,975
2008,SP,female,<15,42
2008,SP,female,unknown,585
2008,SP,male,15,2
2008,SP,male,16,102
2008,SP,male,17,351
2008,SP,male,18,2072
2008,SP,male,19,4642
2008,SP,male,20-24,56696
2008,SP,male,25-29,78738
2008,SP,male,30-34,48226
2008,SP,male,35-39,24849
2008,SP,male,40-44,14280
2008,SP,male,45-49,8889
2008,SP,male,50-54,5916
2008,SP,male,55-59,3912
2008,SP,male,60-64,2428
2008,SP,male,65+,3922
2008,SP,male,<15,1
2008,SP,male,unknown,577
2008,TO,female,15,8
2008,TO,female,16,232
2008,TO,female,17,258
2008,TO,female,18,393
2008,TO,female,19,366
2008,TO,female,20-24,1807
2008,TO,female,25-29,1438
2008,TO,female,30-34,957
2008,TO,female,35-39,489
2008,TO,female,40-44,286
2008,TO,female,45-49,194
2008,TO,female,50-54,123
2008,TO,female,55-59,69
2008,TO,female,60-64,35
2008,TO,female,65+,49
2008,TO,female,<15,4
2008,TO,female,unknown,2
2008,TO,male,15,1
2008,TO,male,16,11
2008,TO,male,17,14
2008,TO,male,18,64
2008,TO,male,19,146
2008,TO,male,20-24,1630
2008,TO,male,25-29,1764
2008,TO,male,30-34,1134
2008,TO,male,35-39,675
2008,TO,male,40-44,422
2008,TO,male,45-49,254
2008,TO,male,50-54,216
2008,TO,male,55-59,128
2008,TO,male,60-64,83
2008,TO,male,65+,167
2008,TO,male,<15,0
2008,TO,male,unknown,1
2009,AC,female,15,2
2009,AC,female,16,108
2009,AC,female,17,120
2009,AC,female,18,200
2009,AC,female,19,233
2009,AC,female,20-24,1227
2009,AC,female,25-29,1183
2009,AC,female,30-34,782
2009,AC,female,35-39,466
2009,AC,female,40-44,314
2009,AC,female,45-49,176
2009,AC,female,50-54,112
2009,AC,female,55-59,63
2009,AC,female,60-64,30
2009,AC,female,65+,26
2009,AC,female,<15,2
2009,AC,female,unknown,1
2009,AC,male,15,0
2009,AC,male,16,3
2009,AC,male,17,9
2009,AC,male,18,46
2009,AC,male,19,93
2009,AC,male,20-24,978
2009,AC,male,25-29,1245
2009,AC,male,30-34,908
2009,AC,male,35-39,584
2009,AC,male,40-44,423
2009,AC,male,45-49,276
2009,AC,male,50-54,172
2009,AC,male,55-59,115
2009,AC,male,60-64,81
2009,AC,male,65+,111
2009,AC,male,<15,0
2009,AC,male,unknown,1
2009,AL,female,15,70
2009,AL,female,16,523
2009,AL,female,17,629
2009,AL,female,18,763
2009,AL,female,19,816
2009,AL,female,20-24,4059
2009,AL,female,25-29,2987
2009,AL,female,30-34,1665
2009,AL,female,35-39,902
2009,AL,female,40-44,568
2009,AL,female,45-49,338
2009,AL,female,50-54,232
2009,AL,female,55-59,134
2009,AL,female,60-64,82
2009,AL,female,65+,92
2009,AL,female,<15,25
2009,AL,female,unknown,1
2009,AL,male,15,2
2009,AL,male,16,18
2009,AL,male,17,77
2009,AL,male,18,227
2009,AL,male,19,411
2009,AL,male,20-24,3942
2009,AL,male,25-29,3723
2009,AL,male,30-34,2083
2009,AL,male,35-39,1117
2009,AL,male,40-44,740
2009,AL,male,45-49,466
2009,AL,male,50-54,300
2009,AL,male,55-59,221
2009,AL,male,60-64,206
2009,AL,male,65+,352
2009,AL,male,<15,0
2009,AL,male,unknown,1
2009,AM,female,15,19
2009,AM,female,16,172
2009,AM,female,17,227
2009,AM,female,18,357
2009,AM,female,19,496
2009,AM,female,20-24,3138
2009,AM,female,25-29,3122
2009,AM,female,30-34,2150
2009,AM,female,35-39,1174
2009,AM,female,40-44,656
2009,AM,female,45-49,429
2009,AM,female,50-54,201
2009,AM,female,55-59,98
2009,AM,female,60-64,51
2009,AM,female,65+,34
2009,AM,female,<15,7
2009,AM,female,unknown,1
2009,AM,male,15,1
2009,AM,male,16,12
2009,AM,male,17,18
2009,AM,male,18,89
2009,AM,male,19,199
2009,AM,male,20-24,2414
2009,AM,male,25-29,3168
2009,AM,male,30-34,2413
2009,AM,male,35-39,1701
2009,AM,male,40-44,896
2009,AM,male,45-49,567
2009,AM,male,50-54,344
2009,AM,male,55-59,232
2009,AM,male,60-64,112
2009,AM,male,65+,165
2009,AM,male,<15,0
2009,AM,male,unknown,1
2009,AP,female,15,3
2009,AP,female,16,20
2009,AP,female,17,36
2009,AP,female,18,77
2009,AP,female,19,98
2009,AP,female,20-24,688
2009,AP,female,25-29,799
2009,AP,female,30-34,586
2009,AP,female,35-39,354
2009,AP,female,40-44,218
2009,AP,female,45-49,121
2009,AP,female,50-54,65
2009,AP,female,55-59,34
2009,AP,female,60-64,5
2009,AP,female,65+,23
2009,AP,female,<15,1
2009,AP,female,unknown,0
2009,AP,male,15,0
2009,AP,male,16,0
2009,AP,male,17,4
2009,AP,male,18,18
2009,AP,male,19,28
2009,AP,male,20-24,514
2009,AP,male,25-29,767
2009,AP,male,30-34,598
2009,AP,male,35-39,444
2009,AP,male,40-44,286
2009,AP,male,45-49,188
2009,AP,male,50-54,112
2009,AP,male,55-59,67
2009,AP,male,60-64,43
2009,AP,male,65+,59
2009,AP,male,<15,0
2009,AP,male,unknown,0
2009,BA,female,15,60
2009,BA,female,16,1178
2009,BA,female,17,1660
2009,BA,female,18,2311
2009,BA,female,19,2661
2009,BA,female,20-24,15722
2009,BA,female,25-29,14259
2009,BA,female,30-34,8053
2009,BA,female,35-39,4230
2009,BA,female,40-44,2574
2009,BA,female,45-49,1672
2009,BA,female,50-54,1084
2009,BA,female,55-59,620
2009,BA,female,60-64,334
2009,BA,female,65+,422
2009,BA,female,<15,25
2009,BA,female,unknown,391
2009,BA,male,15,1
2009,BA,male,16,34
2009,BA,male,17,96
2009,BA,male,18,384
2009,BA,male,19,913
2009,BA,male,20-24,12609
2009,BA,male,25-29,16578
2009,BA,male,30-34,10465
2009,BA,male,35-39,5645
2009,BA,male,40-44,3421
2009,BA,male,45-49,2128
2009,BA,male,50-54,1417
2009,BA,male,55-59,1049
2009,BA,male,60-64,729
2009,BA,male,65+,1393
2009,BA,male,<15,3
2009,BA,male,unknown,391
2009,CE,female,15,31
2009,CE,female,16,1236
2009,CE,female,17,1373
2009,CE,female,18,1862
2009,CE,female,19,2146
2009,CE,female,20-24,11527
2009,CE,female,25-29,9157
2009,CE,female,30-34,5077
2009,CE,female,35-39,2926
2009,CE,female,40-44,1639
2009,CE,female,45-49,1016
2009,CE,female,50-54,541
2009,CE,female,55-59,304
2009,CE,female,60-64,173
2009,CE,female,65+,221
2009,CE,female,<15,14
2009,CE,female,unknown,1
2009,CE,male,15,2
2009,CE,male,16,67
2009,CE,male,17,188
2009,CE,male,18,562
2009,CE,male,19,1036
2009,CE,male,20-24,10444
2009,CE,male,25-29,10547
2009,CE,male,30-34,6581
2009,CE,male,35-39,3716
2009,CE,male,40-44,2203
2009,CE,male,45-49,1308
2009,CE,male,50-54,785
2009,CE,male,55-59,559
2009,CE,male,60-64,414
2009,CE,male,65+,830
2009,CE,male,<15,1
2009,CE,male,unknown,1
2009,DF,female,15,2
2009,DF,female,16,159
2009,DF,female,17,213
2009,DF,female,18,471
2009,DF,female,19,607
2009,DF,female,20-24,4165
2009,DF,female,25-29,4890
2009,DF,female,30-34,2762
2009,DF,female,35-39,1406
2009,DF,female,40-44,761
2009,DF,female,45-49,437
2009,DF,female,50-54,216
2009,DF,female,55-59,125
2009,DF,female,60-64,56
2009,DF,female,65+,41
2009,DF,female,<15,1
2009,DF,female,unknown,0
2009,DF,male,15,0
2009,DF,male,16,5
2009,DF,male,17,13
2009,DF,male,18,94
2009,DF,male,19,214
2009,DF,male,20-24,3234
2009,DF,male,25-29,4892
2009,DF,male,30-34,3444
2009,DF,male,35-39,1836
2009,DF,male,40-44,991
2009,DF,male,45-49,685
2009,DF,male,50-54,335
2009,DF,male,55-59,245
2009,DF,male,60-64,132
2009,DF,male,65+,192
2009,DF,male,<15,0
2009,DF,male,unknown,0
2009,ES,female,15,19
2009,ES,female,16,551
2009,ES,female,17,720
2009,ES,female,18,1030
2009,ES,female,19,1215
2009,ES,female,20-24,6631
2009,ES,female,25-29,5650
2009,ES,female,30-34,2948
2009,ES,female,35-39,1487
2009,ES,female,40-44,992
2009,ES,female,45-49,672
2009,ES,female,50-54,412
2009,ES,female,55-59,274
2009,ES,female,60-64,128
2009,ES,female,65+,138
2009,ES,female,<15,4
2009,ES,female,unknown,5
2009,ES,male,15,0
2009,ES,male,16,2
2009,ES,male,17,56
2009,ES,male,18,195
2009,ES,male,19,453
2009,ES,male,20-24,5604
2009,ES,male,25-29,6807
2009,ES,male,30-34,4044
2009,ES,male,35-39,1921
2009,ES,male,40-44,1249
2009,ES,male,45-49,821
2009,ES,male,50-54,581
2009,ES,male,55-59,405
2009,ES,male,60-64,248
2009,ES,male,65+,485
2009,ES,male,<15,0
2009,ES,male,unknown,5
2009,GO,female,15,46
2009,GO,female,16,1070
2009,GO,female,17,1249
2009,GO,female,18,1677
2009,GO,female,19,1847
2009,GO,female,20-24,9785
2009,GO,female,25-29,8230
2009,GO,female,30-34,4912
2009,GO,female,35-39,2771
2009,GO,female,40-44,1753
2009,GO,female,45-49,1120
2009,GO,female,50-54,656
2009,GO,female,55-59,349
2009,GO,female,60-64,164
2009,GO,female,65+,167
2009,GO,female,<15,19
2009,GO,female,unknown,135
2009,GO,male,15,1
2009,GO,male,16,21
2009,GO,male,17,90
2009,GO,male,18,407
2009,GO,male,19,816
2009,GO,male,20-24,8475
2009,GO,male,25-29,9790
2009,GO,male,30-34,6449
2009,GO,male,35-39,3506
2009,GO,male,40-44,2150
2009,GO,male,45-49,1435
2009,GO,male,50-54,981
2009,GO,male,55-59,623
2009,GO,male,60-64,408
2009,GO,male,65+,659
2009,GO,male,<15,0
2009,GO,male,unknown,139
2009,MA,female,15,33
2009,MA,female,16,667
2009,MA,female,17,758
2009,MA,female,18,975
2009,MA,female,19,1108
2009,MA,female,20-24,5714
2009,MA,female,25-29,4716
2009,MA,female,30-34,2927
2009,MA,female,35-39,1704
2009,MA,female,40-44,955
2009,MA,female,45-49,737
2009,MA,female,50-54,439
2009,MA,female,55-59,252
2009,MA,female,60-64,140
2009,MA,female,65+,208
2009,MA,female,<15,16
2009,MA,female,unknown,26
2009,MA,male,15,1
2009,MA,male,16,28
2009,MA,male,17,96
2009,MA,male,18,288
2009,MA,male,19,488
2009,MA,male,20-24,5133
2009,MA,male,25-29,5547
2009,MA,male,30-34,3492
2009,MA,male,35-39,2089
2009,MA,male,40-44,1261
2009,MA,male,45-49,883
2009,MA,male,50-54,594
2009,MA,male,55-59,443
2009,MA,male,60-64,308
2009,MA,male,65+,698
2009,MA,male,<15,0
2009,MA,male,unknown,26
2009,MG,female,15,90
2009,MG,female,16,2498
2009,MG,female,17,3183
2009,MG,female,18,4485
2009,MG,female,19,5235
2009,MG,female,20-24,29796
2009,MG,female,25-29,27896
2009,MG,female,30-34,14098
2009,MG,female,35-39,6733
2009,MG,female,40-44,3886
2009,MG,female,45-49,2547
2009,MG,female,50-54,1545
2009,MG,female,55-59,901
2009,MG,female,60-64,476
2009,MG,female,65+,480
2009,MG,female,<15,26
2009,MG,female,unknown,9
2009,MG,male,15,3
2009,MG,male,16,33
2009,MG,male,17,179
2009,MG,male,18,852
2009,MG,male,19,1807
2009,MG,male,20-24,24081
2009,MG,male,25-29,32688
2009,MG,male,30-34,19897
2009,MG,male,35-39,9286
2009,MG,male,40-44,5276
2009,MG,male,45-49,3325
2009,MG,male,50-54,2127
2009,MG,male,55-59,1478
2009,MG,male,60-64,1012
2009,MG,male,65+,1828
2009,MG,male,<15,3
2009,MG,male,unknown,9
2009,MS,female,15,101
2009,MS,female,16,396
2009,MS,female,17,459
2009,MS,female,18,680
2009,MS,female,19,680
2009,MS,female,20-24,3527
2009,MS,female,25-29,3148
2009,MS,female,30-34,1748
2009,MS,female,35-39,1035
2009,MS,female,40-44,661
2009,MS,female,45-49,441
2009,MS,female,50-54,248
2009,MS,female,55-59,140
2009,MS,female,60-64,59
2009,MS,female,65+,75
2009,MS,female,<15,84
2009,MS,female,unknown,6
2009,MS,male,15,15
2009,MS,male,16,42
2009,MS,male,17,102
2009,MS,male,18,222
2009,MS,male,19,326
2009,MS,male,20-24,3184
2009,MS,male,25-29,3571
2009,MS,male,30-34,2229
2009,MS,male,35-39,1322
2009,MS,male,40-44,908
2009,MS,male,45-49,577
2009,MS,male,50-54,369
2009,MS,male,55-59,228
2009,MS,male,60-64,144
2009,MS,male,65+,239
2009,MS,male,<15,4
2009,MS,male,unknown,6
2009,MT,female,15,10
2009,MT,female,16,463
2009,MT,female,17,496
2009,MT,female,18,745
2009,MT,female,19,754
2009,MT,female,20-24,3802
2009,MT,female,25-29,3537
2009,MT,female,30-34,2187
2009,MT,female,35-39,1364
2009,MT,female,40-44,799
2009,MT,female,45-49,524
2009,MT,female,50-54,307
2009,MT,female,55-59,153
2009,MT,female,60-64,87
2009,MT,female,65+,58
2009,MT,female,<15,5
2009,MT,female,unknown,25
2009,MT,male,15,1
2009,MT,male,16,7
2009,MT,male,17,35
2009,MT,male,18,144
2009,MT,male,19,258
2009,MT,male,20-24,3392
2009,MT,male,25-29,4084
2009,MT,male,30-34,2718
2009,MT,male,35-39,1736
2009,MT,male,40-44,1088
2009,MT,male,45-49,722
2009,MT,male,50-54,438
2009,MT,male,55-59,255
2009,MT,male,60-64,175
2009,MT,male,65+,238
2009,MT,male,<15,0
2009,MT,male,unknown,25
2009,PA,female,15,18
2009,PA,female,16,554
2009,PA,female,17,661
2009,PA,female,18,906
2009,PA,female,19,1000
2009,PA,female,20-24,6024
2009,PA,female,25-29,5894
2009,PA,female,30-34,3903
2009,PA,female,35-39,2174
2009,PA,female,40-44,1373
2009,PA,female,45-49,794
2009,PA,female,50-54,463
2009,PA,female,55-59,239
2009,PA,female,60-64,133
2009,PA,female,65+,198
2009,PA,female,<15,12
2009,PA,female,unknown,7
2009,PA,male,15,0
2009,PA,male,16,7
2009,PA,male,17,35
2009,PA,male,18,170
2009,PA,male,19,373
2009,PA,male,20-24,4760
2009,PA,male,25-29,6472
2009,PA,male,30-34,4553
2009,PA,male,35-39,2932
2009,PA,male,40-44,1792
2009,PA,male,45-49,1156
2009,PA,male,50-54,729
2009,PA,male,55-59,491
2009,PA,male,60-64,296
2009,PA,male,65+,580
2009,PA,male,<15,0
2009,PA,male,unknown,7
2009,PB,female,15,31
2009,PB,female,16,656
2009,PB,female,17,722
2009,PB,female,18,931
2009,PB,female,19,1090
2009,PB,female,20-24,5640
2009,PB,female,25-29,4123
2009,PB,female,30-34,2148
2009,PB,female,35-39,1168
2009,PB,female,40-44,730
2009,PB,female,45-49,444
2009,PB,female,50-54,223
2009,PB,female,55-59,164
2009,PB,female,60-64,76
2009,PB,female,65+,149
2009,PB,female,<15,23
2009,PB,female,unknown,0
2009,PB,male,15,2
2009,PB,male,16,33
2009,PB,male,17,81
2009,PB,male,18,259
2009,PB,male,19,530
2009,PB,male,20-24,5122
2009,PB,male,25-29,5226
2009,PB,male,30-34,2890
2009,PB,male,35-39,1504
2009,PB,male,40-44,872
2009,PB,male,45-49,521
2009,PB,male,50-54,347
2009,PB,male,55-59,240
2009,PB,male,60-64,214
2009,PB,male,65+,477
2009,PB,male,<15,0
2009,PB,male,unknown,0
2009,PE,female,15,39
2009,PE,female,16,1155
2009,PE,female,17,1437
2009,PE,female,18,1907
2009,PE,female,19,2126
2009,PE,female,20-24,12025
2009,PE,female,25-29,10342
2009,PE,female,30-34,5775
2009,PE,female,35-39,3367
2009,PE,female,40-44,2069
2009,PE,female,45-49,1394
2009,PE,female,50-54,750
2009,PE,female,55-59,453
2009,PE,female,60-64,245
2009,PE,female,65+,318
2009,PE,female,<15,26
2009,PE,female,unknown,41
2009,PE,male,15,3
2009,PE,male,16,40
2009,PE,male,17,142
2009,PE,male,18,518
2009,PE,male,19,889
2009,PE,male,20-24,10575
2009,PE,male,25-29,12057
2009,PE,male,30-34,7293
2009,PE,male,35-39,4005
2009,PE,male,40-44,2505
2009,PE,male,45-49,1653
2009,PE,male,50-54,1044
2009,PE,male,55-59,793
2009,PE,male,60-64,608
2009,PE,male,65+,1308
2009,PE,male,<15,0
2009,PE,male,unknown,36
2009,PI,female,15,33
2009,PI,female,16,381
2009,PI,female,17,396
2009,PI,female,18,504
2009,PI,female,19,521
2009,PI,female,20-24,2943
2009,PI,female,25-29,2330
2009,PI,female,30-34,1290
2009,PI,female,35-39,717
2009,PI,female,40-44,442
2009,PI,female,45-49,298
2009,PI,female,50-54,206
2009,PI,female,55-59,112
2009,PI,female,60-64,50
2009,PI,female,65+,61
2009,PI,female,<15,23
2009,PI,female,unknown,0
2009,PI,male,15,1
2009,PI,male,16,17
2009,PI,male,17,50
2009,PI,male,18,142
2009,PI,male,19,299
2009,PI,male,20-24,2608
2009,PI,male,25-29,2829
2009,PI,male,30-34,1670
2009,PI,male,35-39,874
2009,PI,male,40-44,589
2009,PI,male,45-49,339
2009,PI,male,50-54,239
2009,PI,male,55-59,232
2009,PI,male,60-64,141
2009,PI,male,65+,275
2009,PI,male,<15,1
2009,PI,male,unknown,1
2009,PR,female,15,89
2009,PR,female,16,1551
2009,PR,female,17,1907
2009,PR,female,18,2825
2009,PR,female,19,2951
2009,PR,female,20-24,16307
2009,PR,female,25-29,13811
2009,PR,female,30-34,7192
2009,PR,female,35-39,3711
2009,PR,female,40-44,2266
2009,PR,female,45-49,1444
2009,PR,female,50-54,875
2009,PR,female,55-59,507
2009,PR,female,60-64,295
2009,PR,female,65+,267
2009,PR,female,<15,74
2009,PR,female,unknown,5
2009,PR,male,15,4
2009,PR,male,16,51
2009,PR,male,17,162
2009,PR,male,18,740
2009,PR,male,19,1332
2009,PR,male,20-24,14267
2009,PR,male,25-29,16498
2009,PR,male,30-34,9717
2009,PR,male,35-39,4921
2009,PR,male,40-44,2894
2009,PR,male,45-49,1790
2009,PR,male,50-54,1213
2009,PR,male,55-59,909
2009,PR,male,60-64,561
2009,PR,male,65+,1016
2009,PR,male,<15,2
2009,PR,male,unknown,0
2009,RJ,female,15,16
2009,RJ,female,16,461
2009,RJ,female,17,821
2009,RJ,female,18,1718
2009,RJ,female,19,2366
2009,RJ,female,20-24,18089
2009,RJ,female,25-29,20401
2009,RJ,female,30-34,11558
2009,RJ,female,35-39,6146
2009,RJ,female,40-44,3923
2009,RJ,female,45-49,2924
2009,RJ,female,50-54,1891
2009,RJ,female,55-59,1089
2009,RJ,female,60-64,589
2009,RJ,female,65+,577
2009,RJ,female,<15,11
2009,RJ,female,unknown,8
2009,RJ,male,15,1
2009,RJ,male,16,7
2009,RJ,male,17,41
2009,RJ,male,18,219
2009,RJ,male,19,595
2009,RJ,male,20-24,12660
2009,RJ,male,25-29,21600
2009,RJ,male,30-34,14310
2009,RJ,male,35-39,7712
2009,RJ,male,40-44,4870
2009,RJ,male,45-49,3380
2009,RJ,male,50-54,2420
2009,RJ,male,55-59,1692
2009,RJ,male,60-64,1092
2009,RJ,male,65+,1980
2009,RJ,male,<15,2
2009,RJ,male,unknown,7
2009,RN,female,15,25
2009,RN,female,16,297
2009,RN,female,17,352
2009,RN,female,18,461
2009,RN,female,19,610
2009,RN,female,20-24,3857
2009,RN,female,25-29,3107
2009,RN,female,30-34,1682
2009,RN,female,35-39,892
2009,RN,female,40-44,580
2009,RN,female,45-49,340
2009,RN,female,50-54,202
2009,RN,female,55-59,115
2009,RN,female,60-64,65
2009,RN,female,65+,104
2009,RN,female,<15,10
2009,RN,female,unknown,0
2009,RN,male,15,2
2009,RN,male,16,9
2009,RN,male,17,35
2009,RN,male,18,145
2009,RN,male,19,242
2009,RN,male,20-24,3202
2009,RN,male,25-29,3660
2009,RN,male,30-34,2129
2009,RN,male,35-39,1169
2009,RN,male,40-44,692
2009,RN,male,45-49,451
2009,RN,male,50-54,262
2009,RN,male,55-59,204
2009,RN,male,60-64,143
2009,RN,male,65+,354
2009,RN,male,<15,0
2009,RN,male,unknown,0
2009,RO,female,15,12
2009,RO,female,16,369
2009,RO,female,17,413
2009,RO,female,18,478
2009,RO,female,19,488
2009,RO,female,20-24,2371
2009,RO,female,25-29,1740
2009,RO,female,30-34,1103
2009,RO,female,35-39,710
2009,RO,female,40-44,488
2009,RO,female,45-49,301
2009,RO,female,50-54,174
2009,RO,female,55-59,84
2009,RO,female,60-64,41
2009,RO,female,65+,56
2009,RO,female,<15,10
2009,RO,female,unknown,0
2009,RO,male,15,0
2009,RO,male,16,6
2009,RO,male,17,20
2009,RO,male,18,113
2009,RO,male,19,209
2009,RO,male,20-24,2196
2009,RO,male,25-29,2174
2009,RO,male,30-34,1380
2009,RO,male,35-39,938
2009,RO,male,40-44,606
2009,RO,male,45-49,427
2009,RO,male,50-54,278
2009,RO,male,55-59,188
2009,RO,male,60-64,130
2009,RO,male,65+,173
2009,RO,male,<15,0
2009,RO,male,unknown,0
2009,RR,female,15,1
2009,RR,female,16,42
2009,RR,female,17,52
2009,RR,female,18,82
2009,RR,female,19,90
2009,RR,female,20-24,476
2009,RR,female,25-29,485
2009,RR,female,30-34,323
2009,RR,female,35-39,213
2009,RR,female,40-44,123
2009,RR,female,45-49,93
2009,RR,female,50-54,57
2009,RR,female,55-59,27
2009,RR,female,60-64,16
2009,RR,female,65+,17
2009,RR,female,<15,1
2009,RR,female,unknown,0
2009,RR,male,15,1
2009,RR,male,16,1
2009,RR,male,17,0
2009,RR,male,18,24
2009,RR,male,19,33
2009,RR,male,20-24,418
2009,RR,male,25-29,455
2009,RR,male,30-34,377
2009,RR,male,35-39,268
2009,RR,male,40-44,178
2009,RR,male,45-49,116
2009,RR,male,50-54,99
2009,RR,male,55-59,50
2009,RR,male,60-64,37
2009,RR,male,65+,41
2009,RR,male,<15,0
2009,RR,male,unknown,0
2009,RS,female,15,26
2009,RS,female,16,893
2009,RS,female,17,1025
2009,RS,female,18,1664
2009,RS,female,19,1765
2009,RS,female,20-24,9711
2009,RS,female,25-29,9733
2009,RS,female,30-34,5402
2009,RS,female,35-39,2715
2009,RS,female,40-44,1672
2009,RS,female,45-49,1191
2009,RS,female,50-54,812
2009,RS,female,55-59,427
2009,RS,female,60-64,223
2009,RS,female,65+,197
2009,RS,female,<15,5
2009,RS,female,unknown,5
2009,RS,male,15,1
2009,RS,male,16,17
2009,RS,male,17,84
2009,RS,male,18,400
2009,RS,male,19,693
2009,RS,male,20-24,8203
2009,RS,male,25-29,10878
2009,RS,male,30-34,6862
2009,RS,male,35-39,3682
2009,RS,male,40-44,2252
2009,RS,male,45-49,1434
2009,RS,male,50-54,1046
2009,RS,male,55-59,681
2009,RS,male,60-64,490
2009,RS,male,65+,740
2009,RS,male,<15,0
2009,RS,male,unknown,3
2009,SC,female,15,12
2009,SC,female,16,604
2009,SC,female,17,788
2009,SC,female,18,1226
2009,SC,female,19,1431
2009,SC,female,20-24,8354
2009,SC,female,25-29,7393
2009,SC,female,30-34,3590
2009,SC,female,35-39,1772
2009,SC,female,40-44,1082
2009,SC,female,45-49,702
2009,SC,female,50-54,424
2009,SC,female,55-59,241
2009,SC,female,60-64,111
2009,SC,female,65+,121
2009,SC,female,<15,1
2009,SC,female,unknown,2
2009,SC,male,15,0
2009,SC,male,16,14
2009,SC,male,17,64
2009,SC,male,18,285
2009,SC,male,19,557
2009,SC,male,20-24,6599
2009,SC,male,25-29,8849
2009,SC,male,30-34,5078
2009,SC,male,35-39,2499
2009,SC,male,40-44,1384
2009,SC,male,45-49,888
2009,SC,male,50-54,576
2009,SC,male,55-59,393
2009,SC,male,60-64,266
2009,SC,male,65+,399
2009,SC,male,<15,0
2009,SC,male,unknown,3
2009,SE,female,15,14
2009,SE,female,16,127
2009,SE,female,17,178
2009,SE,female,18,228
2009,SE,female,19,260
2009,SE,female,20-24,1909
2009,SE,female,25-29,1813
2009,SE,female,30-34,966
2009,SE,female,35-39,520
2009,SE,female,40-44,337
2009,SE,female,45-49,221
2009,SE,female,50-54,109
2009,SE,female,55-59,67
2009,SE,female,60-64,36
2009,SE,female,65+,57
2009,SE,female,<15,12
2009,SE,female,unknown,1
2009,SE,male,15,0
2009,SE,male,16,2
2009,SE,male,17,14
2009,SE,male,18,64
2009,SE,male,19,115
2009,SE,male,20-24,1504
2009,SE,male,25-29,2047
2009,SE,male,30-34,1254
2009,SE,male,35-39,611
2009,SE,male,40-44,372
2009,SE,male,45-49,260
2009,SE,male,50-54,189
2009,SE,male,55-59,121
2009,SE,male,60-64,98
2009,SE,male,65+,202
2009,SE,male,<15,0
2009,SE,male,unknown,2
2009,SP,female,15,111
2009,SP,female,16,3555
2009,SP,female,17,4696
2009,SP,female,18,8200
2009,SP,female,19,9862
2009,SP,female,20-24,65735
2009,SP,female,25-29,69585
2009,SP,female,30-34,38102
2009,SP,female,35-39,19059
2009,SP,female,40-44,11226
2009,SP,female,45-49,7326
2009,SP,female,50-54,4439
2009,SP,female,55-59,2419
2009,SP,female,60-64,1321
2009,SP,female,65+,1087
2009,SP,female,<15,32
2009,SP,female,unknown,37
2009,SP,male,15,0
2009,SP,male,16,92
2009,SP,male,17,373
2009,SP,male,18,1820
2009,SP,male,19,3914
2009,SP,male,20-24,52572
2009,SP,male,25-29,75689
2009,SP,male,30-34,47866
2009,SP,male,35-39,24577
2009,SP,male,40-44,14390
2009,SP,male,45-49,8946
2009,SP,male,50-54,5937
2009,SP,male,55-59,4008
2009,SP,male,60-64,2538
2009,SP,male,65+,4041
2009,SP,male,<15,0
2009,SP,male,unknown,29
2009,TO,female,15,19
2009,TO,female,16,248
2009,TO,female,17,270
2009,TO,female,18,342
2009,TO,female,19,361
2009,TO,female,20-24,1926
2009,TO,female,25-29,1602
2009,TO,female,30-34,1048
2009,TO,female,35-39,594
2009,TO,female,40-44,382
2009,TO,female,45-49,240
2009,TO,female,50-54,119
2009,TO,female,55-59,71
2009,TO,female,60-64,36
2009,TO,female,65+,46
2009,TO,female,<15,5
2009,TO,female,unknown,1
2009,TO,male,15,0
2009,TO,male,16,6
2009,TO,male,17,20
2009,TO,male,18,79
2009,TO,male,19,166
2009,TO,male,20-24,1570
2009,TO,male,25-29,1914
2009,TO,male,30-34,1364
2009,TO,male,35-39,729
2009,TO,male,40-44,539
2009,TO,male,45-49,314
2009,TO,male,50-54,208
2009,TO,male,55-59,143
2009,TO,male,60-64,92
2009,TO,male,65+,164
2009,TO,male,<15,0
2009,TO,male,unknown,2
2010,AC,female,15,2
2010,AC,female,16,76
2010,AC,female,17,87
2010,AC,female,18,162
2010,AC,female,19,154
2010,AC,female,20-24,946
2010,AC,female,25-29,971
2010,AC,female,30-34,593
2010,AC,female,35-39,358
2010,AC,female,40-44,208
2010,AC,female,45-49,154
2010,AC,female,50-54,121
2010,AC,female,55-59,51
2010,AC,female,60-64,37
2010,AC,female,65+,26
2010,AC,female,<15,0
2010,AC,female,unknown,4
2010,AC,male,15,0
2010,AC,male,16,4
2010,AC,male,17,8
2010,AC,male,18,38
2010,AC,male,19,81
2010,AC,male,20-24,769
2010,AC,male,25-29,931
2010,AC,male,30-34,769
2010,AC,male,35-39,439
2010,AC,male,40-44,307
2010,AC,male,45-49,188
2010,AC,male,50-54,148
2010,AC,male,55-59,95
2010,AC,male,60-64,59
2010,AC,male,65+,113
2010,AC,male,<15,0
2010,AC,male,unknown,1
2010,AL,female,15,72
2010,AL,female,16,630
2010,AL,female,17,619
2010,AL,female,18,792
2010,AL,female,19,838
2010,AL,female,20-24,4196
2010,AL,female,25-29,2933
2010,AL,female,30-34,1666
2010,AL,female,35-39,899
2010,AL,female,40-44,600
2010,AL,female,45-49,382
2010,AL,female,50-54,236
2010,AL,female,55-59,134
2010,AL,female,60-64,83
2010,AL,female,65+,92
2010,AL,female,<15,46
2010,AL,female,unknown,0
2010,AL,male,15,3
2010,AL,male,16,19
2010,AL,male,17,73
2010,AL,male,18,229
2010,AL,male,19,389
2010,AL,male,20-24,4111
2010,AL,male,25-29,3790
2010,AL,male,30-34,2129
2010,AL,male,35-39,1136
2010,AL,male,40-44,739
2010,AL,male,45-49,445
2010,AL,male,50-54,313
2010,AL,male,55-59,269
2010,AL,male,60-64,194
2010,AL,male,65+,377
2010,AL,male,<15,2
2010,AL,male,unknown,0
2010,AM,female,15,16
2010,AM,female,16,198
2010,AM,female,17,229
2010,AM,female,18,468
2010,AM,female,19,502
2010,AM,female,20-24,3373
2010,AM,female,25-29,3374
2010,AM,female,30-34,2358
2010,AM,female,35-39,1326
2010,AM,female,40-44,791
2010,AM,female,45-49,456
2010,AM,female,50-54,280
2010,AM,female,55-59,129
2010,AM,female,60-64,66
2010,AM,female,65+,59
2010,AM,female,<15,5
2010,AM,female,unknown,0
2010,AM,male,15,0
2010,AM,male,16,8
2010,AM,male,17,28
2010,AM,male,18,105
2010,AM,male,19,188
2010,AM,male,20-24,2660
2010,AM,male,25-29,3557
2010,AM,male,30-34,2731
2010,AM,male,35-39,1682
2010,AM,male,40-44,990
2010,AM,male,45-49,663
2010,AM,male,50-54,438
2010,AM,male,55-59,241
2010,AM,male,60-64,151
2010,AM,male,65+,188
2010,AM,male,<15,0
2010,AM,male,unknown,0
2010,AP,female,15,1
2010,AP,female,16,22
2010,AP,female,17,32
2010,AP,female,18,41
2010,AP,female,19,43
2010,AP,female,20-24,288
2010,AP,female,25-29,286
2010,AP,female,30-34,212
2010,AP,female,35-39,123
2010,AP,female,40-44,83
2010,AP,female,45-49,55
2010,AP,female,50-54,24
2010,AP,female,55-59,13
2010,AP,female,60-64,9
2010,AP,female,65+,2
2010,AP,female,<15,0
2010,AP,female,unknown,1
2010,AP,male,15,0
2010,AP,male,16,1
2010,AP,male,17,0
2010,AP,male,18,9
2010,AP,male,19,21
2010,AP,male,20-24,221
2010,AP,male,25-29,302
2010,AP,male,30-34,219
2010,AP,male,35-39,161
2010,AP,male,40-44,102
2010,AP,male,45-49,75
2010,AP,male,50-54,46
2010,AP,male,55-59,30
2010,AP,male,60-64,22
2010,AP,male,65+,25
2010,AP,male,<15,0
2010,AP,male,unknown,1
2010,BA,female,15,40
2010,BA,female,16,1191
2010,BA,female,17,1574
2010,BA,female,18,2292
2010,BA,female,19,2539
2010,BA,female,20-24,15096
2010,BA,female,25-29,13756
2010,BA,female,30-34,8039
2010,BA,female,35-39,4305
2010,BA,female,40-44,2666
2010,BA,female,45-49,1673
2010,BA,female,50-54,1083
2010,BA,female,55-59,621
2010,BA,female,60-64,327
2010,BA,female,65+,397
2010,BA,female,<15,13
2010,BA,female,unknown,418
2010,BA,male,15,4
2010,BA,male,16,35
2010,BA,male,17,103
2010,BA,male,18,447
2010,BA,male,19,795
2010,BA,male,20-24,11964
2010,BA,male,25-29,16026
2010,BA,male,30-34,10450
2010,BA,male,35-39,5658
2010,BA,male,40-44,3449
2010,BA,male,45-49,2209
2010,BA,male,50-54,1452
2010,BA,male,55-59,1031
2010,BA,male,60-64,729
2010,BA,male,65+,1262
2010,BA,male,<15,2
2010,BA,male,unknown,414
2010,CE,female,15,41
2010,CE,female,16,1316
2010,CE,female,17,1585
2010,CE,female,18,2251
2010,CE,female,19,2213
2010,CE,female,20-24,13129
2010,CE,female,25-29,10876
2010,CE,female,30-34,6254
2010,CE,female,35-39,3512
2010,CE,female,40-44,2181
2010,CE,female,45-49,1205
2010,CE,female,50-54,699
2010,CE,female,55-59,357
2010,CE,female,60-64,190
2010,CE,female,65+,249
2010,CE,female,<15,16
2010,CE,female,unknown,3
2010,CE,male,15,1
2010,CE,male,16,73
2010,CE,male,17,183
2010,CE,male,18,702
2010,CE,male,19,1052
2010,CE,male,20-24,11767
2010,CE,male,25-29,12444
2010,CE,male,30-34,7727
2010,CE,male,35-39,4566
2010,CE,male,40-44,2812
2010,CE,male,45-49,1672
2010,CE,male,50-54,984
2010,CE,male,55-59,709
2010,CE,male,60-64,508
2010,CE,male,65+,869
2010,CE,male,<15,5
2010,CE,male,unknown,3
2010,DF,female,15,1
2010,DF,female,16,155
2010,DF,female,17,234
2010,DF,female,18,482
2010,DF,female,19,581
2010,DF,female,20-24,4455
2010,DF,female,25-29,5091
2010,DF,female,30-34,3015
2010,DF,female,35-39,1479
2010,DF,female,40-44,845
2010,DF,female,45-49,489
2010,DF,female,50-54,225
2010,DF,female,55-59,116
2010,DF,female,60-64,52
2010,DF,female,65+,46
2010,DF,female,<15,2
2010,DF,female,unknown,6
2010,DF,male,15,0
2010,DF,male,16,1
2010,DF,male,17,19
2010,DF,male,18,117
2010,DF,male,19,240
2010,DF,male,20-24,3437
2010,DF,male,25-29,5097
2010,DF,male,30-34,3561
2010,DF,male,35-39,1921
2010,DF,male,40-44,1154
2010,DF,male,45-49,688
2010,DF,male,50-54,415
2010,DF,male,55-59,292
2010,DF,male,60-64,132
2010,DF,male,65+,193
2010,DF,male,<15,0
2010,DF,male,unknown,7
2010,ES,female,15,8
2010,ES,female,16,589
2010,ES,female,17,689
2010,ES,female,18,1040
2010,ES,female,19,1165
2010,ES,female,20-24,6798
2010,ES,female,25-29,5851
2010,ES,female,30-34,3130
2010,ES,female,35-39,1604
2010,ES,female,40-44,1019
2010,ES,female,45-49,701
2010,ES,female,50-54,490
2010,ES,female,55-59,240
2010,ES,female,60-64,135
2010,ES,female,65+,126
2010,ES,female,<15,5
2010,ES,female,unknown,1
2010,ES,male,15,0
2010,ES,male,16,7
2010,ES,male,17,48
2010,ES,male,18,209
2010,ES,male,19,430
2010,ES,male,20-24,5560
2010,ES,male,25-29,6984
2010,ES,male,30-34,4272
2010,ES,male,35-39,2169
2010,ES,male,40-44,1282
2010,ES,male,45-49,902
2010,ES,male,50-54,571
2010,ES,male,55-59,461
2010,ES,male,60-64,259
2010,ES,male,65+,436
2010,ES,male,<15,0
2010,ES,male,unknown,1
2010,GO,female,15,40
2010,GO,female,16,1135
2010,GO,female,17,1379
2010,GO,female,18,1899
2010,GO,female,19,1887
2010,GO,female,20-24,10343
2010,GO,female,25-29,9093
2010,GO,female,30-34,5601
2010,GO,female,35-39,3120
2010,GO,female,40-44,2034
2010,GO,female,45-49,1296
2010,GO,female,50-54,791
2010,GO,female,55-59,415
2010,GO,female,60-64,220
2010,GO,female,65+,223
2010,GO,female,<15,15
2010,GO,female,unknown,9
2010,GO,male,15,2
2010,GO,male,16,14
2010,GO,male,17,102
2010,GO,male,18,427
2010,GO,male,19,808
2010,GO,male,20-24,9131
2010,GO,male,25-29,10536
2010,GO,male,30-34,7052
2010,GO,male,35-39,4037
2010,GO,male,40-44,2574
2010,GO,male,45-49,1725
2010,GO,male,50-54,1138
2010,GO,male,55-59,742
2010,GO,male,60-64,485
2010,GO,male,65+,717
2010,GO,male,<15,0
2010,GO,male,unknown,10
2010,MA,female,15,44
2010,MA,female,16,702
2010,MA,female,17,795
2010,MA,female,18,1126
2010,MA,female,19,1109
2010,MA,female,20-24,5565
2010,MA,female,25-29,4633
2010,MA,female,30-34,2902
2010,MA,female,35-39,1538
2010,MA,female,40-44,987
2010,MA,female,45-49,662
2010,MA,female,50-54,367
2010,MA,female,55-59,205
2010,MA,female,60-64,143
2010,MA,female,65+,193
2010,MA,female,<15,20
2010,MA,female,unknown,45
2010,MA,male,15,1
2010,MA,male,16,27
2010,MA,male,17,88
2010,MA,male,18,335
2010,MA,male,19,516
2010,MA,male,20-24,5136
2010,MA,male,25-29,5367
2010,MA,male,30-34,3440
2010,MA,male,35-39,2024
2010,MA,male,40-44,1265
2010,MA,male,45-49,862
2010,MA,male,50-54,558
2010,MA,male,55-59,427
2010,MA,male,60-64,271
2010,MA,male,65+,675
2010,MA,male,<15,1
2010,MA,male,unknown,43
2010,MG,female,15,83
2010,MG,female,16,2501
2010,MG,female,17,3129
2010,MG,female,18,4706
2010,MG,female,19,5318
2010,MG,female,20-24,30296
2010,MG,female,25-29,29108
2010,MG,female,30-34,15939
2010,MG,female,35-39,7468
2010,MG,female,40-44,4363
2010,MG,female,45-49,2998
2010,MG,female,50-54,1727
2010,MG,female,55-59,1007
2010,MG,female,60-64,547
2010,MG,female,65+,616
2010,MG,female,<15,23
2010,MG,female,unknown,3
2010,MG,male,15,3
2010,MG,male,16,39
2010,MG,male,17,177
2010,MG,male,18,911
2010,MG,male,19,1877
2010,MG,male,20-24,24486
2010,MG,male,25-29,33570
2010,MG,male,30-34,21815
2010,MG,male,35-39,10077
2010,MG,male,40-44,5805
2010,MG,male,45-49,3817
2010,MG,male,50-54,2375
2010,MG,male,55-59,1633
2010,MG,male,60-64,1192
2010,MG,male,65+,2049
2010,MG,male,<15,4
2010,MG,male,unknown,2
2010,MS,female,15,84
2010,MS,female,16,429
2010,MS,female,17,483
2010,MS,female,18,654
2010,MS,female,19,692
2010,MS,female,20-24,3576
2010,MS,female,25-29,3147
2010,MS,female,30-34,1831
2010,MS,female,35-39,1039
2010,MS,female,40-44,682
2010,MS,female,45-49,474
2010,MS,female,50-54,267
2010,MS,female,55-59,153
2010,MS,female,60-64,74
2010,MS,female,65+,70
2010,MS,female,<15,71
2010,MS,female,unknown,1
2010,MS,male,15,17
2010,MS,male,16,36
2010,MS,male,17,93
2010,MS,male,18,242
2010,MS,male,19,347
2010,MS,male,20-24,3332
2010,MS,male,25-29,3590
2010,MS,male,30-34,2294
2010,MS,male,35-39,1329
2010,MS,male,40-44,850
2010,MS,male,45-49,572
2010,MS,male,50-54,380
2010,MS,male,55-59,249
2010,MS,male,60-64,144
2010,MS,male,65+,246
2010,MS,male,<15,5
2010,MS,male,unknown,1
2010,MT,female,15,6
2010,MT,female,16,485
2010,MT,female,17,525
2010,MT,female,18,722
2010,MT,female,19,707
2010,MT,female,20-24,3382
2010,MT,female,25-29,2787
2010,MT,female,30-34,1730
2010,MT,female,35-39,993
2010,MT,female,40-44,686
2010,MT,female,45-49,416
2010,MT,female,50-54,218
2010,MT,female,55-59,114
2010,MT,female,60-64,45
2010,MT,female,65+,58
2010,MT,female,<15,8
2010,MT,female,unknown,63
2010,MT,male,15,0
2010,MT,male,16,9
2010,MT,male,17,39
2010,MT,male,18,163
2010,MT,male,19,276
2010,MT,male,20-24,3074
2010,MT,male,25-29,3425
2010,MT,male,30-34,2169
2010,MT,male,35-39,1343
2010,MT,male,40-44,855
2010,MT,male,45-49,566
2010,MT,male,50-54,376
2010,MT,male,55-59,245
2010,MT,male,60-64,138
2010,MT,male,65+,202
2010,MT,male,<15,1
2010,MT,male,unknown,64
2010,PA,female,15,23
2010,PA,female,16,585
2010,PA,female,17,702
2010,PA,female,18,1050
2010,PA,female,19,1147
2010,PA,female,20-24,6407
2010,PA,female,25-29,6586
2010,PA,female,30-34,4552
2010,PA,female,35-39,2646
2010,PA,female,40-44,1556
2010,PA,female,45-49,945
2010,PA,female,50-54,493
2010,PA,female,55-59,301
2010,PA,female,60-64,146
2010,PA,female,65+,180
2010,PA,female,<15,11
2010,PA,female,unknown,29
2010,PA,male,15,2
2010,PA,male,16,16
2010,PA,male,17,58
2010,PA,male,18,199
2010,PA,male,19,352
2010,PA,male,20-24,5107
2010,PA,male,25-29,6979
2010,PA,male,30-34,5368
2010,PA,male,35-39,3276
2010,PA,male,40-44,2195
2010,PA,male,45-49,1370
2010,PA,male,50-54,877
2010,PA,male,55-59,576
2010,PA,male,60-64,370
2010,PA,male,65+,582
2010,PA,male,<15,3
2010,PA,male,unknown,29
2010,PB,female,15,28
2010,PB,female,16,688
2010,PB,female,17,739
2010,PB,female,18,1030
2010,PB,female,19,1051
2010,PB,female,20-24,5621
2010,PB,female,25-29,4493
2010,PB,female,30-34,2476
2010,PB,female,35-39,1339
2010,PB,female,40-44,821
2010,PB,female,45-49,496
2010,PB,female,50-54,280
2010,PB,female,55-59,169
2010,PB,female,60-64,106
2010,PB,female,65+,149
2010,PB,female,<15,20
2010,PB,female,unknown,0
2010,PB,male,15,0
2010,PB,male,16,24
2010,PB,male,17,89
2010,PB,male,18,284
2010,PB,male,19,453
2010,PB,male,20-24,5260
2010,PB,male,25-29,5541
2010,PB,male,30-34,3104
2010,PB,male,35-39,1650
2010,PB,male,40-44,1017
2010,PB,male,45-49,615
2010,PB,male,50-54,420
2010,PB,male,55-59,290
2010,PB,male,60-64,228
2010,PB,male,65+,530
2010,PB,male,<15,1
2010,PB,male,unknown,0
2010,PE,female,15,47
2010,PE,female,16,1258
2010,PE,female,17,1394
2010,PE,female,18,2080
2010,PE,female,19,2226
2010,PE,female,20-24,12882
2010,PE,female,25-29,11213
2010,PE,female,30-34,6700
2010,PE,female,35-39,3814
2010,PE,female,40-44,2301
2010,PE,female,45-49,1511
2010,PE,female,50-54,881
2010,PE,female,55-59,544
2010,PE,female,60-64,249
2010,PE,female,65+,320
2010,PE,female,<15,25
2010,PE,female,unknown,20
2010,PE,male,15,2
2010,PE,male,16,55
2010,PE,male,17,150
2010,PE,male,18,552
2010,PE,male,19,951
2010,PE,male,20-24,11236
2010,PE,male,25-29,12795
2010,PE,male,30-34,8246
2010,PE,male,35-39,4730
2010,PE,male,40-44,2857
2010,PE,male,45-49,1856
2010,PE,male,50-54,1240
2010,PE,male,55-59,783
2010,PE,male,60-64,676
2010,PE,male,65+,1310
2010,PE,male,<15,3
2010,PE,male,unknown,23
2010,PI,female,15,41
2010,PI,female,16,390
2010,PI,female,17,457
2010,PI,female,18,558
2010,PI,female,19,577
2010,PI,female,20-24,3129
2010,PI,female,25-29,2674
2010,PI,female,30-34,1534
2010,PI,female,35-39,835
2010,PI,female,40-44,582
2010,PI,female,45-49,326
2010,PI,female,50-54,211
2010,PI,female,55-59,116
2010,PI,female,60-64,56
2010,PI,female,65+,71
2010,PI,female,<15,13
2010,PI,female,unknown,25
2010,PI,male,15,1
2010,PI,male,16,11
2010,PI,male,17,51
2010,PI,male,18,132
2010,PI,male,19,252
2010,PI,male,20-24,2882
2010,PI,male,25-29,3131
2010,PI,male,30-34,1946
2010,PI,male,35-39,1109
2010,PI,male,40-44,651
2010,PI,male,45-49,415
2010,PI,male,50-54,320
2010,PI,male,55-59,224
2010,PI,male,60-64,147
2010,PI,male,65+,297
2010,PI,male,<15,1
2010,PI,male,unknown,25
2010,PR,female,15,68
2010,PR,female,16,1627
2010,PR,female,17,1927
2010,PR,female,18,2894
2010,PR,female,19,3123
2010,PR,female,20-24,16974
2010,PR,female,25-29,14313
2010,PR,female,30-34,7600
2010,PR,female,35-39,3972
2010,PR,female,40-44,2425
2010,PR,female,45-49,1624
2010,PR,female,50-54,1031
2010,PR,female,55-59,535
2010,PR,female,60-64,297
2010,PR,female,65+,269
2010,PR,female,<15,73
2010,PR,female,unknown,17
2010,PR,male,15,9
2010,PR,male,16,63
2010,PR,male,17,181
2010,PR,male,18,782
2010,PR,male,19,1376
2010,PR,male,20-24,14694
2010,PR,male,25-29,16925
2010,PR,male,30-34,10195
2010,PR,male,35-39,5384
2010,PR,male,40-44,3189
2010,PR,male,45-49,2024
2010,PR,male,50-54,1295
2010,PR,male,55-59,953
2010,PR,male,60-64,652
2010,PR,male,65+,1032
2010,PR,male,<15,4
2010,PR,male,unknown,11
2010,RJ,female,15,16
2010,RJ,female,16,554
2010,RJ,female,17,906
2010,RJ,female,18,1943
2010,RJ,female,19,2497
2010,RJ,female,20-24,19458
2010,RJ,female,25-29,21575
2010,RJ,female,30-34,12981
2010,RJ,female,35-39,7057
2010,RJ,female,40-44,4678
2010,RJ,female,45-49,3276
2010,RJ,female,50-54,2179
2010,RJ,female,55-59,1281
2010,RJ,female,60-64,752
2010,RJ,female,65+,680
2010,RJ,female,<15,4
2010,RJ,female,unknown,12
2010,RJ,male,15,0
2010,RJ,male,16,7
2010,RJ,male,17,64
2010,RJ,male,18,261
2010,RJ,male,19,669
2010,RJ,male,20-24,13528
2010,RJ,male,25-29,23018
2010,RJ,male,30-34,15816
2010,RJ,male,35-39,8735
2010,RJ,male,40-44,5494
2010,RJ,male,45-49,3981
2010,RJ,male,50-54,2766
2010,RJ,male,55-59,2005
2010,RJ,male,60-64,1289
2010,RJ,male,65+,2205
2010,RJ,male,<15,1
2010,RJ,male,unknown,10
2010,RN,female,15,11
2010,RN,female,16,269
2010,RN,female,17,389
2010,RN,female,18,558
2010,RN,female,19,584
2010,RN,female,20-24,3913
2010,RN,female,25-29,3397
2010,RN,female,30-34,1986
2010,RN,female,35-39,1087
2010,RN,female,40-44,632
2010,RN,female,45-49,385
2010,RN,female,50-54,181
2010,RN,female,55-59,106
2010,RN,female,60-64,75
2010,RN,female,65+,99
2010,RN,female,<15,2
2010,RN,female,unknown,0
2010,RN,male,15,1
2010,RN,male,16,15
2010,RN,male,17,32
2010,RN,male,18,132
2010,RN,male,19,240
2010,RN,male,20-24,3305
2010,RN,male,25-29,3864
2010,RN,male,30-34,2428
2010,RN,male,35-39,1310
2010,RN,male,40-44,901
2010,RN,male,45-49,508
2010,RN,male,50-54,282
2010,RN,male,55-59,206
2010,RN,male,60-64,145
2010,RN,male,65+,305
2010,RN,male,<15,0
2010,RN,male,unknown,0
2010,RO,female,15,10
2010,RO,female,16,490
2010,RO,female,17,529
2010,RO,female,18,633
2010,RO,female,19,620
2010,RO,female,20-24,2737
2010,RO,female,25-29,2060
2010,RO,female,30-34,1386
2010,RO,female,35-39,901
2010,RO,female,40-44,593
2010,RO,female,45-49,353
2010,RO,female,50-54,227
2010,RO,female,55-59,135
2010,RO,female,60-64,66
2010,RO,female,65+,55
2010,RO,female,<15,2
2010,RO,female,unknown,1
2010,RO,male,15,0
2010,RO,male,16,10
2010,RO,male,17,20
2010,RO,male,18,123
2010,RO,male,19,291
2010,RO,male,20-24,2647
2010,RO,male,25-29,2644
2010,RO,male,30-34,1743
2010,RO,male,35-39,1091
2010,RO,male,40-44,754
2010,RO,male,45-49,522
2010,RO,male,50-54,338
2010,RO,male,55-59,228
2010,RO,male,60-64,146
2010,RO,male,65+,240
2010,RO,male,<15,0
2010,RO,male,unknown,1
2010,RR,female,15,2
2010,RR,female,16,41
2010,RR,female,17,53
2010,RR,female,18,79
2010,RR,female,19,67
2010,RR,female,20-24,563
2010,RR,female,25-29,485
2010,RR,female,30-34,363
2010,RR,female,35-39,231
2010,RR,female,40-44,132
2010,RR,female,45-49,68
2010,RR,female,50-54,56
2010,RR,female,55-59,21
2010,RR,female,60-64,19
2010,RR,female,65+,8
2010,RR,female,<15,1
2010,RR,female,unknown,0
2010,RR,male,15,0
2010,RR,male,16,1
2010,RR,male,17,2
2010,RR,male,18,13
2010,RR,male,19,27
2010,RR,male,20-24,437
2010,RR,male,25-29,545
2010,RR,male,30-34,394
2010,RR,male,35-39,269
2010,RR,male,40-44,173
2010,RR,male,45-49,123
2010,RR,male,50-54,75
2010,RR,male,55-59,59
2010,RR,male,60-64,36
2010,RR,male,65+,35
2010,RR,male,<15,0
2010,RR,male,unknown,0
2010,RS,female,15,18
2010,RS,female,16,944
2010,RS,female,17,1029
2010,RS,female,18,1601
2010,RS,female,19,1770
2010,RS,female,20-24,9581
2010,RS,female,25-29,9932
2010,RS,female,30-34,5513
2010,RS,female,35-39,2785
2010,RS,female,40-44,1770
2010,RS,female,45-49,1313
2010,RS,female,50-54,857
2010,RS,female,55-59,465
2010,RS,female,60-64,258
2010,RS,female,65+,217
2010,RS,female,<15,2
2010,RS,female,unknown,6
2010,RS,male,15,1
2010,RS,male,16,28
2010,RS,male,17,95
2010,RS,male,18,402
2010,RS,male,19,715
2010,RS,male,20-24,8015
2010,RS,male,25-29,10864
2010,RS,male,30-34,7209
2010,RS,male,35-39,3646
2010,RS,male,40-44,2281
2010,RS,male,45-49,1630
2010,RS,male,50-54,1079
2010,RS,male,55-59,766
2010,RS,male,60-64,503
2010,RS,male,65+,824
2010,RS,male,<15,0
2010,RS,male,unknown,3
2010,SC,female,15,16
2010,SC,female,16,585
2010,SC,female,17,820
2010,SC,female,18,1305
2010,SC,female,19,1458
2010,SC,female,20-24,8328
2010,SC,female,25-29,7710
2010,SC,female,30-34,3981
2010,SC,female,35-39,1940
2010,SC,female,40-44,1192
2010,SC,female,45-49,756
2010,SC,female,50-54,459
2010,SC,female,55-59,204
2010,SC,female,60-64,122
2010,SC,female,65+,85
2010,SC,female,<15,1
2010,SC,female,unknown,9
2010,SC,male,15,1
2010,SC,male,16,18
2010,SC,male,17,67
2010,SC,male,18,288
2010,SC,male,19,564
2010,SC,male,20-24,6619
2010,SC,male,25-29,8737
2010,SC,male,30-34,5647
2010,SC,male,35-39,2754
2010,SC,male,40-44,1628
2010,SC,male,45-49,1000
2010,SC,male,50-54,606
2010,SC,male,55-59,426
2010,SC,male,60-64,258
2010,SC,male,65+,354
2010,SC,male,<15,0
2010,SC,male,unknown,4
2010,SE,female,15,21
2010,SE,female,16,149
2010,SE,female,17,173
2010,SE,female,18,296
2010,SE,female,19,303
2010,SE,female,20-24,2126
2010,SE,female,25-29,1854
2010,SE,female,30-34,1071
2010,SE,female,35-39,585
2010,SE,female,40-44,381
2010,SE,female,45-49,241
2010,SE,female,50-54,143
2010,SE,female,55-59,76
2010,SE,female,60-64,31
2010,SE,female,65+,44
2010,SE,female,<15,7
2010,SE,female,unknown,6
2010,SE,male,15,0
2010,SE,male,16,6
2010,SE,male,17,11
2010,SE,male,18,52
2010,SE,male,19,131
2010,SE,male,20-24,1712
2010,SE,male,25-29,2134
2010,SE,male,30-34,1349
2010,SE,male,35-39,708
2010,SE,male,40-44,450
2010,SE,male,45-49,334
2010,SE,male,50-54,193
2010,SE,male,55-59,130
2010,SE,male,60-64,100
2010,SE,male,65+,190
2010,SE,male,<15,0
2010,SE,male,unknown,7
2010,SP,female,15,109
2010,SP,female,16,3546
2010,SP,female,17,4722
2010,SP,female,18,8260
2010,SP,female,19,9715
2010,SP,female,20-24,65467
2010,SP,female,25-29,70080
2010,SP,female,30-34,40898
2010,SP,female,35-39,20069
2010,SP,female,40-44,11683
2010,SP,female,45-49,7723
2010,SP,female,50-54,4757
2010,SP,female,55-59,2655
2010,SP,female,60-64,1368
2010,SP,female,65+,1031
2010,SP,female,<15,42
2010,SP,female,unknown,177
2010,SP,male,15,1
2010,SP,male,16,83
2010,SP,male,17,351
2010,SP,male,18,1912
2010,SP,male,19,3854
2010,SP,male,20-24,52820
2010,SP,male,25-29,75189
2010,SP,male,30-34,49873
2010,SP,male,35-39,26143
2010,SP,male,40-44,15031
2010,SP,male,45-49,9540
2010,SP,male,50-54,6395
2010,SP,male,55-59,4309
2010,SP,male,60-64,2753
2010,SP,male,65+,3929
2010,SP,male,<15,0
2010,SP,male,unknown,119
2010,TO,female,15,7
2010,TO,female,16,233
2010,TO,female,17,243
2010,TO,female,18,325
2010,TO,female,19,380
2010,TO,female,20-24,1711
2010,TO,female,25-29,1382
2010,TO,female,30-34,946
2010,TO,female,35-39,516
2010,TO,female,40-44,308
2010,TO,female,45-49,196
2010,TO,female,50-54,128
2010,TO,female,55-59,74
2010,TO,female,60-64,40
2010,TO,female,65+,42
2010,TO,female,<15,2
2010,TO,female,unknown,1
2010,TO,male,15,0
2010,TO,male,16,2
2010,TO,male,17,18
2010,TO,male,18,80
2010,TO,male,19,142
2010,TO,male,20-24,1555
2010,TO,male,25-29,1636
2010,TO,male,30-34,1132
2010,TO,male,35-39,671
2010,TO,male,40-44,421
2010,TO,male,45-49,271
2010,TO,male,50-54,195
2010,TO,male,55-59,142
2010,TO,male,60-64,91
2010,TO,male,65+,178
2010,TO,male,<15,0
2010,TO,male,unknown,0
2011,AC,female,15,2
2011,AC,female,16,70
2011,AC,female,17,79
2011,AC,female,18,140
2011,AC,female,19,133
2011,AC,female,20-24,734
2011,AC,female,25-29,715
2011,AC,female,30-34,437
2011,AC,female,35-39,294
2011,AC,female,40-44,208
2011,AC,female,45-49,121
2011,AC,female,50-54,73
2011,AC,female,55-59,31
2011,AC,female,60-64,14
2011,AC,female,65+,22
2011,AC,female,<15,2
2011,AC,female,unknown,1
2011,AC,male,15,0
2011,AC,male,16,3
2011,AC,male,17,4
2011,AC,male,18,27
2011,AC,male,19,46
2011,AC,male,20-24,599
2011,AC,male,25-29,746
2011,AC,male,30-34,578
2011,AC,male,35-39,356
2011,AC,male,40-44,237
2011,AC,male,45-49,168
2011,AC,male,50-54,117
2011,AC,male,55-59,77
2011,AC,male,60-64,50
2011,AC,male,65+,67
2011,AC,male,<15,0
2011,AC,male,unknown,1
2011,AL,female,15,53
2011,AL,female,16,694
2011,AL,female,17,634
2011,AL,female,18,885
2011,AL,female,19,887
2011,AL,female,20-24,4335
2011,AL,female,25-29,3399
2011,AL,female,30-34,1965
2011,AL,female,35-39,1096
2011,AL,female,40-44,679
2011,AL,female,45-49,470
2011,AL,female,50-54,281
2011,AL,female,55-59,153
2011,AL,female,60-64,97
2011,AL,female,65+,76
2011,AL,female,<15,25
2011,AL,female,unknown,2
2011,AL,male,15,2
2011,AL,male,16,27
2011,AL,male,17,91
2011,AL,male,18,282
2011,AL,male,19,465
2011,AL,male,20-24,4077
2011,AL,male,25-29,4208
2011,AL,male,30-34,2492
2011,AL,male,35-39,1317
2011,AL,male,40-44,895
2011,AL,male,45-49,617
2011,AL,male,50-54,376
2011,AL,male,55-59,309
2011,AL,male,60-64,204
2011,AL,male,65+,366
2011,AL,male,<15,0
2011,AL,male,unknown,3
2011,AM,female,15,29
2011,AM,female,16,221
2011,AM,female,17,279
2011,AM,female,18,483
2011,AM,female,19,621
2011,AM,female,20-24,3816
2011,AM,female,25-29,4175
2011,AM,female,30-34,3042
2011,AM,female,35-39,1788
2011,AM,female,40-44,1074
2011,AM,female,45-49,588
2011,AM,female,50-54,332
2011,AM,female,55-59,152
2011,AM,female,60-64,97
2011,AM,female,65+,86
2011,AM,female,<15,8
2011,AM,female,unknown,0
2011,AM,male,15,0
2011,AM,male,16,15
2011,AM,male,17,27
2011,AM,male,18,120
2011,AM,male,19,242
2011,AM,male,20-24,2922
2011,AM,male,25-29,4348
2011,AM,male,30-34,3357
2011,AM,male,35-39,2203
2011,AM,male,40-44,1379
2011,AM,male,45-49,900
2011,AM,male,50-54,519
2011,AM,male,55-59,297
2011,AM,male,60-64,190
2011,AM,male,65+,272
2011,AM,male,<15,0
2011,AM,male,unknown,0
2011,AP,female,15,1
2011,AP,female,16,23
2011,AP,female,17,34
2011,AP,female,18,61
2011,AP,female,19,57
2011,AP,female,20-24,373
2011,AP,female,25-29,460
2011,AP,female,30-34,303
2011,AP,female,35-39,201
2011,AP,female,40-44,129
2011,AP,female,45-49,73
2011,AP,female,50-54,28
2011,AP,female,55-59,22
2011,AP,female,60-64,3
2011,AP,female,65+,9
2011,AP,female,<15,0
2011,AP,female,unknown,0
2011,AP,male,15,0
2011,AP,male,16,1
2011,AP,male,17,5
2011,AP,male,18,14
2011,AP,male,19,19
2011,AP,male,20-24,267
2011,AP,male,25-29,452
2011,AP,male,30-34,338
2011,AP,male,35-39,258
2011,AP,male,40-44,138
2011,AP,male,45-49,118
2011,AP,male,50-54,86
2011,AP,male,55-59,38
2011,AP,male,60-64,22
2011,AP,male,65+,21
2011,AP,male,<15,0
2011,AP,male,unknown,0
2011,BA,female,15,43
2011,BA,female,16,1223
2011,BA,female,17,1659
2011,BA,female,18,2542
2011,BA,female,19,2890
2011,BA,female,20-24,15242
2011,BA,female,25-29,15041
2011,BA,female,30-34,9572
2011,BA,female,35-39,5253
2011,BA,female,40-44,3196
2011,BA,female,45-49,2098
2011,BA,female,50-54,1365
2011,BA,female,55-59,714
2011,BA,female,60-64,412
2011,BA,female,65+,446
2011,BA,female,<15,36
2011,BA,female,unknown,348
2011,BA,male,15,2
2011,BA,male,16,32
2011,BA,male,17,105
2011,BA,male,18,456
2011,BA,male,19,949
2011,BA,male,20-24,12349
2011,BA,male,25-29,17065
2011,BA,male,30-34,11944
2011,BA,male,35-39,6559
2011,BA,male,40-44,4088
2011,BA,male,45-49,2700
2011,BA,male,50-54,1774
2011,BA,male,55-59,1312
2011,BA,male,60-64,927
2011,BA,male,65+,1465
2011,BA,male,<15,4
2011,BA,male,unknown,349
2011,CE,female,15,44
2011,CE,female,16,1384
2011,CE,female,17,1473
2011,CE,female,18,2353
2011,CE,female,19,2419
2011,CE,female,20-24,12435
2011,CE,female,25-29,11007
2011,CE,female,30-34,6711
2011,CE,female,35-39,3792
2011,CE,female,40-44,2269
2011,CE,female,45-49,1355
2011,CE,female,50-54,770
2011,CE,female,55-59,371
2011,CE,female,60-64,194
2011,CE,female,65+,194
2011,CE,female,<15,21
2011,CE,female,unknown,6
2011,CE,male,15,5
2011,CE,male,16,60
2011,CE,male,17,170
2011,CE,male,18,693
2011,CE,male,19,1141
2011,CE,male,20-24,11441
2011,CE,male,25-29,12312
2011,CE,male,30-34,8200
2011,CE,male,35-39,4798
2011,CE,male,40-44,2894
2011,CE,male,45-49,1884
2011,CE,male,50-54,1077
2011,CE,male,55-59,773
2011,CE,male,60-64,500
2011,CE,male,65+,840
2011,CE,male,<15,4
2011,CE,male,unknown,6
2011,DF,female,15,3
2011,DF,female,16,167
2011,DF,female,17,232
2011,DF,female,18,519
2011,DF,female,19,583
2011,DF,female,20-24,4335
2011,DF,female,25-29,5042
2011,DF,female,30-34,3290
2011,DF,female,35-39,1716
2011,DF,female,40-44,982
2011,DF,female,45-49,541
2011,DF,female,50-54,266
2011,DF,female,55-59,147
2011,DF,female,60-64,70
2011,DF,female,65+,42
2011,DF,female,<15,2
2011,DF,female,unknown,22
2011,DF,male,15,1
2011,DF,male,16,7
2011,DF,male,17,18
2011,DF,male,18,104
2011,DF,male,19,228
2011,DF,male,20-24,3412
2011,DF,male,25-29,5075
2011,DF,male,30-34,3785
2011,DF,male,35-39,2101
2011,DF,male,40-44,1251
2011,DF,male,45-49,795
2011,DF,male,50-54,475
2011,DF,male,55-59,297
2011,DF,male,60-64,172
2011,DF,male,65+,215
2011,DF,male,<15,0
2011,DF,male,unknown,23
2011,ES,female,15,5
2011,ES,female,16,566
2011,ES,female,17,650
2011,ES,female,18,1003
2011,ES,female,19,1085
2011,ES,female,20-24,6248
2011,ES,female,25-29,5773
2011,ES,female,30-34,3491
2011,ES,female,35-39,1678
2011,ES,female,40-44,1080
2011,ES,female,45-49,793
2011,ES,female,50-54,515
2011,ES,female,55-59,278
2011,ES,female,60-64,126
2011,ES,female,65+,135
2011,ES,female,<15,3
2011,ES,female,unknown,4
2011,ES,male,15,1
2011,ES,male,16,11
2011,ES,male,17,45
2011,ES,male,18,202
2011,ES,male,19,445
2011,ES,male,20-24,5171
2011,ES,male,25-29,6887
2011,ES,male,30-34,4282
2011,ES,male,35-39,2142
2011,ES,male,40-44,1439
2011,ES,male,45-49,935
2011,ES,male,50-54,674
2011,ES,male,55-59,444
2011,ES,male,60-64,283
2011,ES,male,65+,469
2011,ES,male,<15,0
2011,ES,male,unknown,3
2011,GO,female,15,26
2011,GO,female,16,1055
2011,GO,female,17,1415
2011,GO,female,18,1958
2011,GO,female,19,1956
2011,GO,female,20-24,10305
2011,GO,female,25-29,8851
2011,GO,female,30-34,5640
2011,GO,female,35-39,3250
2011,GO,female,40-44,2067
2011,GO,female,45-49,1451
2011,GO,female,50-54,772
2011,GO,female,55-59,426
2011,GO,female,60-64,212
2011,GO,female,65+,194
2011,GO,female,<15,15
2011,GO,female,unknown,11
2011,GO,male,15,1
2011,GO,male,16,26
2011,GO,male,17,102
2011,GO,male,18,476
2011,GO,male,19,859
2011,GO,male,20-24,9064
2011,GO,male,25-29,10482
2011,GO,male,30-34,6997
2011,GO,male,35-39,3981
2011,GO,male,40-44,2662
2011,GO,male,45-49,1761
2011,GO,male,50-54,1087
2011,GO,male,55-59,838
2011,GO,male,60-64,533
2011,GO,male,65+,722
2011,GO,male,<15,2
2011,GO,male,unknown,11
2011,MA,female,15,33
2011,MA,female,16,727
2011,MA,female,17,831
2011,MA,female,18,1141
2011,MA,female,19,1118
2011,MA,female,20-24,5937
2011,MA,female,25-29,5149
2011,MA,female,30-34,3406
2011,MA,female,35-39,1970
2011,MA,female,40-44,1222
2011,MA,female,45-49,781
2011,MA,female,50-54,484
2011,MA,female,55-59,265
2011,MA,female,60-64,175
2011,MA,female,65+,239
2011,MA,female,<15,22
2011,MA,female,unknown,19
2011,MA,male,15,5
2011,MA,male,16,31
2011,MA,male,17,81
2011,MA,male,18,295
2011,MA,male,19,522
2011,MA,male,20-24,5234
2011,MA,male,25-29,5819
2011,MA,male,30-34,4170
2011,MA,male,35-39,2400
2011,MA,male,40-44,1559
2011,MA,male,45-49,983
2011,MA,male,50-54,709
2011,MA,male,55-59,507
2011,MA,male,60-64,404
2011,MA,male,65+,780
2011,MA,male,<15,1
2011,MA,male,unknown,19
2011,MG,female,15,86
2011,MG,female,16,2523
2011,MG,female,17,3145
2011,MG,female,18,4715
2011,MG,female,19,5193
2011,MG,female,20-24,30857
2011,MG,female,25-29,29432
2011,MG,female,30-34,17270
2011,MG,female,35-39,8287
2011,MG,female,40-44,4819
2011,MG,female,45-49,3171
2011,MG,female,50-54,1908
2011,MG,female,55-59,1078
2011,MG,female,60-64,621
2011,MG,female,65+,613
2011,MG,female,<15,41
2011,MG,female,unknown,8
2011,MG,male,15,2
2011,MG,male,16,40
2011,MG,male,17,215
2011,MG,male,18,925
2011,MG,male,19,1901
2011,MG,male,20-24,24608
2011,MG,male,25-29,33608
2011,MG,male,30-34,23002
2011,MG,male,35-39,11121
2011,MG,male,40-44,6221
2011,MG,male,45-49,4118
2011,MG,male,50-54,2743
2011,MG,male,55-59,1941
2011,MG,male,60-64,1238
2011,MG,male,65+,2069
2011,MG,male,<15,6
2011,MG,male,unknown,9
2011,MS,female,15,67
2011,MS,female,16,371
2011,MS,female,17,411
2011,MS,female,18,639
2011,MS,female,19,669
2011,MS,female,20-24,3651
2011,MS,female,25-29,3208
2011,MS,female,30-34,1931
2011,MS,female,35-39,1214
2011,MS,female,40-44,729
2011,MS,female,45-49,548
2011,MS,female,50-54,337
2011,MS,female,55-59,182
2011,MS,female,60-64,74
2011,MS,female,65+,71
2011,MS,female,<15,45
2011,MS,female,unknown,0
2011,MS,male,15,14
2011,MS,male,16,26
2011,MS,male,17,60
2011,MS,male,18,178
2011,MS,male,19,330
2011,MS,male,20-24,3209
2011,MS,male,25-29,3633
2011,MS,male,30-34,2419
2011,MS,male,35-39,1447
2011,MS,male,40-44,970
2011,MS,male,45-49,677
2011,MS,male,50-54,426
2011,MS,male,55-59,288
2011,MS,male,60-64,209
2011,MS,male,65+,253
2011,MS,male,<15,8
2011,MS,male,unknown,0
2011,MT,female,15,7
2011,MT,female,16,532
2011,MT,female,17,562
2011,MT,female,18,755
2011,MT,female,19,722
2011,MT,female,20-24,3956
2011,MT,female,25-29,3666
2011,MT,female,30-34,2611
2011,MT,female,35-39,1616
2011,MT,female,40-44,992
2011,MT,female,45-49,665
2011,MT,female,50-54,403
2011,MT,female,55-59,211
2011,MT,female,60-64,96
2011,MT,female,65+,96
2011,MT,female,<15,2
2011,MT,female,unknown,44
2011,MT,male,15,1
2011,MT,male,16,17
2011,MT,male,17,35
2011,MT,male,18,164
2011,MT,male,19,317
2011,MT,male,20-24,3394
2011,MT,male,25-29,4159
2011,MT,male,30-34,3050
2011,MT,male,35-39,2040
2011,MT,male,40-44,1390
2011,MT,male,45-49,911
2011,MT,male,50-54,556
2011,MT,male,55-59,367
2011,MT,male,60-64,216
2011,MT,male,65+,275
2011,MT,male,<15,0
2011,MT,male,unknown,44
2011,PA,female,15,26
2011,PA,female,16,582
2011,PA,female,17,722
2011,PA,female,18,1148
2011,PA,female,19,1232
2011,PA,female,20-24,6970
2011,PA,female,25-29,7246
2011,PA,female,30-34,5216
2011,PA,female,35-39,3177
2011,PA,female,40-44,1865
2011,PA,female,45-49,1086
2011,PA,female,50-54,676
2011,PA,female,55-59,306
2011,PA,female,60-64,171
2011,PA,female,65+,211
2011,PA,female,<15,17
2011,PA,female,unknown,12
2011,PA,male,15,3
2011,PA,male,16,16
2011,PA,male,17,54
2011,PA,male,18,197
2011,PA,male,19,425
2011,PA,male,20-24,5381
2011,PA,male,25-29,7787
2011,PA,male,30-34,5864
2011,PA,male,35-39,3907
2011,PA,male,40-44,2536
2011,PA,male,45-49,1594
2011,PA,male,50-54,1038
2011,PA,male,55-59,667
2011,PA,male,60-64,490
2011,PA,male,65+,690
2011,PA,male,<15,3
2011,PA,male,unknown,11
2011,PB,female,15,33
2011,PB,female,16,662
2011,PB,female,17,728
2011,PB,female,18,954
2011,PB,female,19,1045
2011,PB,female,20-24,5369
2011,PB,female,25-29,4445
2011,PB,female,30-34,2516
2011,PB,female,35-39,1428
2011,PB,female,40-44,865
2011,PB,female,45-49,560
2011,PB,female,50-54,295
2011,PB,female,55-59,140
2011,PB,female,60-64,99
2011,PB,female,65+,167
2011,PB,female,<15,13
2011,PB,female,unknown,16
2011,PB,male,15,2
2011,PB,male,16,31
2011,PB,male,17,89
2011,PB,male,18,309
2011,PB,male,19,466
2011,PB,male,20-24,4870
2011,PB,male,25-29,5299
2011,PB,male,30-34,3243
2011,PB,male,35-39,1769
2011,PB,male,40-44,1052
2011,PB,male,45-49,703
2011,PB,male,50-54,478
2011,PB,male,55-59,272
2011,PB,male,60-64,257
2011,PB,male,65+,483
2011,PB,male,<15,2
2011,PB,male,unknown,10
2011,PE,female,15,47
2011,PE,female,16,1287
2011,PE,female,17,1374
2011,PE,female,18,2071
2011,PE,female,19,2239
2011,PE,female,20-24,12897
2011,PE,female,25-29,11209
2011,PE,female,30-34,7118
2011,PE,female,35-39,4029
2011,PE,female,40-44,2588
2011,PE,female,45-49,1716
2011,PE,female,50-54,1012
2011,PE,female,55-59,551
2011,PE,female,60-64,326
2011,PE,female,65+,355
2011,PE,female,<15,23
2011,PE,female,unknown,34
2011,PE,male,15,1
2011,PE,male,16,44
2011,PE,male,17,113
2011,PE,male,18,570
2011,PE,male,19,1031
2011,PE,male,20-24,11171
2011,PE,male,25-29,12725
2011,PE,male,30-34,8576
2011,PE,male,35-39,4965
2011,PE,male,40-44,3056
2011,PE,male,45-49,2114
2011,PE,male,50-54,1387
2011,PE,male,55-59,957
2011,PE,male,60-64,765
2011,PE,male,65+,1362
2011,PE,male,<15,3
2011,PE,male,unknown,36
2011,PI,female,15,37
2011,PI,female,16,460
2011,PI,female,17,436
2011,PI,female,18,535
2011,PI,female,19,585
2011,PI,female,20-24,3213
2011,PI,female,25-29,2875
2011,PI,female,30-34,1796
2011,PI,female,35-39,1132
2011,PI,female,40-44,687
2011,PI,female,45-49,455
2011,PI,female,50-54,280
2011,PI,female,55-59,116
2011,PI,female,60-64,78
2011,PI,female,65+,74
2011,PI,female,<15,19
2011,PI,female,unknown,60
2011,PI,male,15,3
2011,PI,male,16,20
2011,PI,male,17,52
2011,PI,male,18,140
2011,PI,male,19,273
2011,PI,male,20-24,2853
2011,PI,male,25-29,3335
2011,PI,male,30-34,2218
2011,PI,male,35-39,1316
2011,PI,male,40-44,779
2011,PI,male,45-49,613
2011,PI,male,50-54,392
2011,PI,male,55-59,285
2011,PI,male,60-64,178
2011,PI,male,65+,316
2011,PI,male,<15,1
2011,PI,male,unknown,64
2011,PR,female,15,102
2011,PR,female,16,1556
2011,PR,female,17,1948
2011,PR,female,18,2760
2011,PR,female,19,2944
2011,PR,female,20-24,16278
2011,PR,female,25-29,13945
2011,PR,female,30-34,7861
2011,PR,female,35-39,4037
2011,PR,female,40-44,2681
2011,PR,female,45-49,1766
2011,PR,female,50-54,1082
2011,PR,female,55-59,634
2011,PR,female,60-64,331
2011,PR,female,65+,294
2011,PR,female,<15,79
2011,PR,female,unknown,9
2011,PR,male,15,9
2011,PR,male,16,65
2011,PR,male,17,212
2011,PR,male,18,803
2011,PR,male,19,1335
2011,PR,male,20-24,14207
2011,PR,male,25-29,16373
2011,PR,male,30-34,10147
2011,PR,male,35-39,5376
2011,PR,male,40-44,3321
2011,PR,male,45-49,2157
2011,PR,male,50-54,1455
2011,PR,male,55-59,1004
2011,PR,male,60-64,710
2011,PR,male,65+,1119
2011,PR,male,<15,3
2011,PR,male,unknown,11
2011,RJ,female,15,23
2011,RJ,female,16,585
2011,RJ,female,17,990
2011,RJ,female,18,2051
2011,RJ,female,19,2669
2011,RJ,female,20-24,19670
2011,RJ,female,25-29,22011
2011,RJ,female,30-34,14313
2011,RJ,female,35-39,7896
2011,RJ,female,40-44,5056
2011,RJ,female,45-49,3686
2011,RJ,female,50-54,2390
2011,RJ,female,55-59,1475
2011,RJ,female,60-64,775
2011,RJ,female,65+,712
2011,RJ,female,<15,16
2011,RJ,female,unknown,5
2011,RJ,male,15,1
2011,RJ,male,16,16
2011,RJ,male,17,64
2011,RJ,male,18,307
2011,RJ,male,19,711
2011,RJ,male,20-24,14095
2011,RJ,male,25-29,23114
2011,RJ,male,30-34,17116
2011,RJ,male,35-39,9564
2011,RJ,male,40-44,5968
2011,RJ,male,45-49,4337
2011,RJ,male,50-54,3139
2011,RJ,male,55-59,2146
2011,RJ,male,60-64,1442
2011,RJ,male,65+,2297
2011,RJ,male,<15,4
2011,RJ,male,unknown,2
2011,RN,female,15,3
2011,RN,female,16,333
2011,RN,female,17,389
2011,RN,female,18,583
2011,RN,female,19,550
2011,RN,female,20-24,3922
2011,RN,female,25-29,3748
2011,RN,female,30-34,2217
2011,RN,female,35-39,1248
2011,RN,female,40-44,706
2011,RN,female,45-49,461
2011,RN,female,50-54,213
2011,RN,female,55-59,115
2011,RN,female,60-64,65
2011,RN,female,65+,97
2011,RN,female,<15,6
2011,RN,female,unknown,2
2011,RN,male,15,0
2011,RN,male,16,15
2011,RN,male,17,48
2011,RN,male,18,146
2011,RN,male,19,232
2011,RN,male,20-24,3250
2011,RN,male,25-29,4168
2011,RN,male,30-34,2665
2011,RN,male,35-39,1530
2011,RN,male,40-44,978
2011,RN,male,45-49,585
2011,RN,male,50-54,332
2011,RN,male,55-59,231
2011,RN,male,60-64,162
2011,RN,male,65+,313
2011,RN,male,<15,1
2011,RN,male,unknown,2
2011,RO,female,15,14
2011,RO,female,16,514
2011,RO,female,17,518
2011,RO,female,18,717
2011,RO,female,19,642
2011,RO,female,20-24,2804
2011,RO,female,25-29,2191
2011,RO,female,30-34,1487
2011,RO,female,35-39,937
2011,RO,female,40-44,677
2011,RO,female,45-49,458
2011,RO,female,50-54,261
2011,RO,female,55-59,144
2011,RO,female,60-64,85
2011,RO,female,65+,90
2011,RO,female,<15,7
2011,RO,female,unknown,5
2011,RO,male,15,1
2011,RO,male,16,7
2011,RO,male,17,33
2011,RO,male,18,159
2011,RO,male,19,309
2011,RO,male,20-24,2777
2011,RO,male,25-29,2679
2011,RO,male,30-34,1823
2011,RO,male,35-39,1174
2011,RO,male,40-44,813
2011,RO,male,45-49,648
2011,RO,male,50-54,415
2011,RO,male,55-59,265
2011,RO,male,60-64,159
2011,RO,male,65+,284
2011,RO,male,<15,0
2011,RO,male,unknown,5
2011,RR,female,15,5
2011,RR,female,16,48
2011,RR,female,17,53
2011,RR,female,18,101
2011,RR,female,19,99
2011,RR,female,20-24,491
2011,RR,female,25-29,488
2011,RR,female,30-34,313
2011,RR,female,35-39,174
2011,RR,female,40-44,118
2011,RR,female,45-49,73
2011,RR,female,50-54,42
2011,RR,female,55-59,18
2011,RR,female,60-64,16
2011,RR,female,65+,15
2011,RR,female,<15,0
2011,RR,female,unknown,0
2011,RR,male,15,1
2011,RR,male,16,1
2011,RR,male,17,2
2011,RR,male,18,25
2011,RR,male,19,30
2011,RR,male,20-24,461
2011,RR,male,25-29,502
2011,RR,male,30-34,374
2011,RR,male,35-39,195
2011,RR,male,40-44,164
2011,RR,male,45-49,122
2011,RR,male,50-54,65
2011,RR,male,55-59,37
2011,RR,male,60-64,29
2011,RR,male,65+,46
2011,RR,male,<15,0
2011,RR,male,unknown,0
2011,RS,female,15,12
2011,RS,female,16,890
2011,RS,female,17,1045
2011,RS,female,18,1603
2011,RS,female,19,1685
2011,RS,female,20-24,9584
2011,RS,female,25-29,9925
2011,RS,female,30-34,6329
2011,RS,female,35-39,3140
2011,RS,female,40-44,2099
2011,RS,female,45-49,1488
2011,RS,female,50-54,997
2011,RS,female,55-59,573
2011,RS,female,60-64,304
2011,RS,female,65+,275
2011,RS,female,<15,4
2011,RS,female,unknown,0
2011,RS,male,15,0
2011,RS,male,16,27
2011,RS,male,17,89
2011,RS,male,18,426
2011,RS,male,19,729
2011,RS,male,20-24,7825
2011,RS,male,25-29,10540
2011,RS,male,30-34,7834
2011,RS,male,35-39,4270
2011,RS,male,40-44,2636
2011,RS,male,45-49,1854
2011,RS,male,50-54,1279
2011,RS,male,55-59,941
2011,RS,male,60-64,606
2011,RS,male,65+,897
2011,RS,male,<15,0
2011,RS,male,unknown,0
2011,SC,female,15,6
2011,SC,female,16,619
2011,SC,female,17,794
2011,SC,female,18,1273
2011,SC,female,19,1335
2011,SC,female,20-24,8326
2011,SC,female,25-29,7796
2011,SC,female,30-34,4225
2011,SC,female,35-39,2064
2011,SC,female,40-44,1217
2011,SC,female,45-49,891
2011,SC,female,50-54,519
2011,SC,female,55-59,260
2011,SC,female,60-64,126
2011,SC,female,65+,101
2011,SC,female,<15,0
2011,SC,female,unknown,3
2011,SC,male,15,0
2011,SC,male,16,18
2011,SC,male,17,77
2011,SC,male,18,305
2011,SC,male,19,568
2011,SC,male,20-24,6643
2011,SC,male,25-29,8755
2011,SC,male,30-34,5717
2011,SC,male,35-39,2841
2011,SC,male,40-44,1678
2011,SC,male,45-49,1097
2011,SC,male,50-54,690
2011,SC,male,55-59,484
2011,SC,male,60-64,306
2011,SC,male,65+,373
2011,SC,male,<15,0
2011,SC,male,unknown,3
2011,SE,female,15,20
2011,SE,female,16,140
2011,SE,female,17,208
2011,SE,female,18,267
2011,SE,female,19,314
2011,SE,female,20-24,2044
2011,SE,female,25-29,1995
2011,SE,female,30-34,1168
2011,SE,female,35-39,667
2011,SE,female,40-44,417
2011,SE,female,45-49,282
2011,SE,female,50-54,149
2011,SE,female,55-59,59
2011,SE,female,60-64,56
2011,SE,female,65+,47
2011,SE,female,<15,9
2011,SE,female,unknown,3
2011,SE,male,15,0
2011,SE,male,16,5
2011,SE,male,17,9
2011,SE,male,18,75
2011,SE,male,19,101
2011,SE,male,20-24,1568
2011,SE,male,25-29,2250
2011,SE,male,30-34,1443
2011,SE,male,35-39,868
2011,SE,male,40-44,535
2011,SE,male,45-49,294
2011,SE,male,50-54,232
2011,SE,male,55-59,157
2011,SE,male,60-64,122
2011,SE,male,65+,183
2011,SE,male,<15,0
2011,SE,male,unknown,3
2011,SP,female,15,111
2011,SP,female,16,3639
2011,SP,female,17,4508
2011,SP,female,18,8475
2011,SP,female,19,9772
2011,SP,female,20-24,65044
2011,SP,female,25-29,72013
2011,SP,female,30-34,44633
2011,SP,female,35-39,22740
2011,SP,female,40-44,13445
2011,SP,female,45-49,8888
2011,SP,female,50-54,5477
2011,SP,female,55-59,3043
2011,SP,female,60-64,1513
2011,SP,female,65+,1221
2011,SP,female,<15,20
2011,SP,female,unknown,0
2011,SP,male,15,3
2011,SP,male,16,88
2011,SP,male,17,379
2011,SP,male,18,1957
2011,SP,male,19,3917
2011,SP,male,20-24,52271
2011,SP,male,25-29,76449
2011,SP,male,30-34,53555
2011,SP,male,35-39,28382
2011,SP,male,40-44,16811
2011,SP,male,45-49,11018
2011,SP,male,50-54,7344
2011,SP,male,55-59,4935
2011,SP,male,60-64,3058
2011,SP,male,65+,4375
2011,SP,male,<15,0
2011,SP,male,unknown,0
2011,TO,female,15,10
2011,TO,female,16,228
2011,TO,female,17,277
2011,TO,female,18,308
2011,TO,female,19,353
2011,TO,female,20-24,1782
2011,TO,female,25-29,1392
2011,TO,female,30-34,882
2011,TO,female,35-39,555
2011,TO,female,40-44,354
2011,TO,female,45-49,194
2011,TO,female,50-54,133
2011,TO,female,55-59,66
2011,TO,female,60-64,30
2011,TO,female,65+,44
2011,TO,female,<15,3
2011,TO,female,unknown,7
2011,TO,male,15,1
2011,TO,male,16,4
2011,TO,male,17,16
2011,TO,male,18,74
2011,TO,male,19,153
2011,TO,male,20-24,1479
2011,TO,male,25-29,1700
2011,TO,male,30-34,1138
2011,TO,male,35-39,689
2011,TO,male,40-44,442
2011,TO,male,45-49,300
2011,TO,male,50-54,198
2011,TO,male,55-59,154
2011,TO,male,60-64,79
2011,TO,male,65+,184
2011,TO,male,<15,0
2011,TO,male,unknown,7
2012,AC,female,15,2
2012,AC,female,16,65
2012,AC,female,17,104
2012,AC,female,18,166
2012,AC,female,19,164
2012,AC,female,20-24,778
2012,AC,female,25-29,693
2012,AC,female,30-34,523
2012,AC,female,35-39,335
2012,AC,female,40-44,188
2012,AC,female,45-49,117
2012,AC,female,50-54,77
2012,AC,female,55-59,38
2012,AC,female,60-64,19
2012,AC,female,65+,26
2012,AC,female,<15,3
2012,AC,female,unknown,2
2012,AC,male,15,0
2012,AC,male,16,5
2012,AC,male,17,7
2012,AC,male,18,33
2012,AC,male,19,81
2012,AC,male,20-24,660
2012,AC,male,25-29,768
2012,AC,male,30-34,620
2012,AC,male,35-39,380
2012,AC,male,40-44,271
2012,AC,male,45-49,159
2012,AC,male,50-54,99
2012,AC,male,55-59,85
2012,AC,male,60-64,49
2012,AC,male,65+,82
2012,AC,male,<15,0
2012,AC,male,unknown,1
2012,AL,female,15,31
2012,AL,female,16,692
2012,AL,female,17,735
2012,AL,female,18,829
2012,AL,female,19,945
2012,AL,female,20-24,4312
2012,AL,female,25-29,3504
2012,AL,female,30-34,2113
2012,AL,female,35-39,1331
2012,AL,female,40-44,823
2012,AL,female,45-49,518
2012,AL,female,50-54,330
2012,AL,female,55-59,160
2012,AL,female,60-64,95
2012,AL,female,65+,101
2012,AL,female,<15,17
2012,AL,female,unknown,0
2012,AL,male,15,2
2012,AL,male,16,36
2012,AL,male,17,105
2012,AL,male,18,269
2012,AL,male,19,443
2012,AL,male,20-24,4219
2012,AL,male,25-29,4152
2012,AL,male,30-34,2591
2012,AL,male,35-39,1557
2012,AL,male,40-44,1030
2012,AL,male,45-49,674
2012,AL,male,50-54,476
2012,AL,male,55-59,349
2012,AL,male,60-64,249
2012,AL,male,65+,384
2012,AL,male,<15,0
2012,AL,male,unknown,0
2012,AM,female,15,14
2012,AM,female,16,212
2012,AM,female,17,314
2012,AM,female,18,518
2012,AM,female,19,674
2012,AM,female,20-24,3575
2012,AM,female,25-29,3903
2012,AM,female,30-34,2858
2012,AM,female,35-39,1643
2012,AM,female,40-44,1023
2012,AM,female,45-49,703
2012,AM,female,50-54,407
2012,AM,female,55-59,195
2012,AM,female,60-64,93
2012,AM,female,65+,60
2012,AM,female,<15,15
2012,AM,female,unknown,0
2012,AM,male,15,3
2012,AM,male,16,9
2012,AM,male,17,36
2012,AM,male,18,140
2012,AM,male,19,231
2012,AM,male,20-24,2834
2012,AM,male,25-29,4043
2012,AM,male,30-34,3217
2012,AM,male,35-39,2081
2012,AM,male,40-44,1266
2012,AM,male,45-49,943
2012,AM,male,50-54,612
2012,AM,male,55-59,351
2012,AM,male,60-64,203
2012,AM,male,65+,236
2012,AM,male,<15,2
2012,AM,male,unknown,0
2012,AP,female,15,2
2012,AP,female,16,16
2012,AP,female,17,37
2012,AP,female,18,67
2012,AP,female,19,76
2012,AP,female,20-24,491
2012,AP,female,25-29,520
2012,AP,female,30-34,448
2012,AP,female,35-39,279
2012,AP,female,40-44,180
2012,AP,female,45-49,99
2012,AP,female,50-54,51
2012,AP,female,55-59,28
2012,AP,female,60-64,14
2012,AP,female,65+,10
2012,AP,female,<15,2
2012,AP,female,unknown,2
2012,AP,male,15,2
2012,AP,male,16,1
2012,AP,male,17,5
2012,AP,male,18,11
2012,AP,male,19,34
2012,AP,male,20-24,373
2012,AP,male,25-29,534
2012,AP,male,30-34,418
2012,AP,male,35-39,349
2012,AP,male,40-44,237
2012,AP,male,45-49,134
2012,AP,male,50-54,85
2012,AP,male,55-59,57
2012,AP,male,60-64,43
2012,AP,male,65+,37
2012,AP,male,<15,0
2012,AP,male,unknown,2
2012,BA,female,15,37
2012,BA,female,16,1080
2012,BA,female,17,1520
2012,BA,female,18,2231
2012,BA,female,19,2500
2012,BA,female,20-24,13241
2012,BA,female,25-29,13370
2012,BA,female,30-34,9157
2012,BA,female,35-39,4881
2012,BA,female,40-44,3168
2012,BA,female,45-49,2043
2012,BA,female,50-54,1324
2012,BA,female,55-59,687
2012,BA,female,60-64,336
2012,BA,female,65+,388
2012,BA,female,<15,19
2012,BA,female,unknown,187
2012,BA,male,15,4
2012,BA,male,16,31
2012,BA,male,17,104
2012,BA,male,18,429
2012,BA,male,19,859
2012,BA,male,20-24,10702
2012,BA,male,25-29,14928
2012,BA,male,30-34,11328
2012,BA,male,35-39,6117
2012,BA,male,40-44,3766
2012,BA,male,45-49,2603
2012,BA,male,50-54,1761
2012,BA,male,55-59,1215
2012,BA,male,60-64,850
2012,BA,male,65+,1278
2012,BA,male,<15,7
2012,BA,male,unknown,187
2012,CE,female,15,37
2012,CE,female,16,1410
2012,CE,female,17,1601
2012,CE,female,18,2292
2012,CE,female,19,2368
2012,CE,female,20-24,13134
2012,CE,female,25-29,11581
2012,CE,female,30-34,7253
2012,CE,female,35-39,4257
2012,CE,female,40-44,2619
2012,CE,female,45-49,1648
2012,CE,female,50-54,886
2012,CE,female,55-59,401
2012,CE,female,60-64,217
2012,CE,female,65+,214
2012,CE,female,<15,14
2012,CE,female,unknown,5
2012,CE,male,15,3
2012,CE,male,16,55
2012,CE,male,17,194
2012,CE,male,18,660
2012,CE,male,19,1173
2012,CE,male,20-24,11641
2012,CE,male,25-29,12914
2012,CE,male,30-34,8956
2012,CE,male,35-39,5343
2012,CE,male,40-44,3227
2012,CE,male,45-49,2218
2012,CE,male,50-54,1275
2012,CE,male,55-59,815
2012,CE,male,60-64,560
2012,CE,male,65+,897
2012,CE,male,<15,1
2012,CE,male,unknown,5
2012,DF,female,15,1
2012,DF,female,16,157
2012,DF,female,17,237
2012,DF,female,18,553
2012,DF,female,19,628
2012,DF,female,20-24,4307
2012,DF,female,25-29,4880
2012,DF,female,30-34,3529
2012,DF,female,35-39,1800
2012,DF,female,40-44,1044
2012,DF,female,45-49,573
2012,DF,female,50-54,304
2012,DF,female,55-59,161
2012,DF,female,60-64,67
2012,DF,female,65+,52
2012,DF,female,<15,0
2012,DF,female,unknown,28
2012,DF,male,15,0
2012,DF,male,16,2
2012,DF,male,17,21
2012,DF,male,18,135
2012,DF,male,19,236
2012,DF,male,20-24,3313
2012,DF,male,25-29,4957
2012,DF,male,30-34,3950
2012,DF,male,35-39,2223
2012,DF,male,40-44,1349
2012,DF,male,45-49,860
2012,DF,male,50-54,525
2012,DF,male,55-59,316
2012,DF,male,60-64,193
2012,DF,male,65+,213
2012,DF,male,<15,0
2012,DF,male,unknown,28
2012,ES,female,15,17
2012,ES,female,16,552
2012,ES,female,17,678
2012,ES,female,18,1021
2012,ES,female,19,1171
2012,ES,female,20-24,6344
2012,ES,female,25-29,5760
2012,ES,female,30-34,3226
2012,ES,female,35-39,1439
2012,ES,female,40-44,742
2012,ES,female,45-49,509
2012,ES,female,50-54,289
2012,ES,female,55-59,177
2012,ES,female,60-64,111
2012,ES,female,65+,88
2012,ES,female,<15,6
2012,ES,female,unknown,1
2012,ES,male,15,2
2012,ES,male,16,17
2012,ES,male,17,51
2012,ES,male,18,191
2012,ES,male,19,404
2012,ES,male,20-24,5171
2012,ES,male,25-29,6581
2012,ES,male,30-34,4491
2012,ES,male,35-39,2060
2012,ES,male,40-44,1146
2012,ES,male,45-49,715
2012,ES,male,50-54,484
2012,ES,male,55-59,322
2012,ES,male,60-64,200
2012,ES,male,65+,294
2012,ES,male,<15,2
2012,ES,male,unknown,0
2012,GO,female,15,21
2012,GO,female,16,1097
2012,GO,female,17,1364
2012,GO,female,18,1974
2012,GO,female,19,1996
2012,GO,female,20-24,10404
2012,GO,female,25-29,9209
2012,GO,female,30-34,6072
2012,GO,female,35-39,3607
2012,GO,female,40-44,2298
2012,GO,female,45-49,1534
2012,GO,female,50-54,925
2012,GO,female,55-59,499
2012,GO,female,60-64,277
2012,GO,female,65+,228
2012,GO,female,<15,13
2012,GO,female,unknown,46
2012,GO,male,15,1
2012,GO,male,16,34
2012,GO,male,17,112
2012,GO,male,18,489
2012,GO,male,19,892
2012,GO,male,20-24,9121
2012,GO,male,25-29,10576
2012,GO,male,30-34,7582
2012,GO,male,35-39,4456
2012,GO,male,40-44,2812
2012,GO,male,45-49,1927
2012,GO,male,50-54,1273
2012,GO,male,55-59,828
2012,GO,male,60-64,590
2012,GO,male,65+,823
2012,GO,male,<15,0
2012,GO,male,unknown,48
2012,MA,female,15,34
2012,MA,female,16,744
2012,MA,female,17,783
2012,MA,female,18,1089
2012,MA,female,19,1082
2012,MA,female,20-24,5535
2012,MA,female,25-29,5021
2012,MA,female,30-34,3297
2012,MA,female,35-39,1864
2012,MA,female,40-44,1185
2012,MA,female,45-49,785
2012,MA,female,50-54,475
2012,MA,female,55-59,258
2012,MA,female,60-64,161
2012,MA,female,65+,228
2012,MA,female,<15,20
2012,MA,female,unknown,55
2012,MA,male,15,5
2012,MA,male,16,24
2012,MA,male,17,93
2012,MA,male,18,289
2012,MA,male,19,532
2012,MA,male,20-24,5083
2012,MA,male,25-29,5501
2012,MA,male,30-34,3937
2012,MA,male,35-39,2357
2012,MA,male,40-44,1511
2012,MA,male,45-49,1014
2012,MA,male,50-54,664
2012,MA,male,55-59,483
2012,MA,male,60-64,356
2012,MA,male,65+,706
2012,MA,male,<15,6
2012,MA,male,unknown,55
2012,MG,female,15,62
2012,MG,female,16,2485
2012,MG,female,17,3068
2012,MG,female,18,4647
2012,MG,female,19,5123
2012,MG,female,20-24,30156
2012,MG,female,25-29,29749
2012,MG,female,30-34,18732
2012,MG,female,35-39,8829
2012,MG,female,40-44,5190
2012,MG,female,45-49,3470
2012,MG,female,50-54,2168
2012,MG,female,55-59,1199
2012,MG,female,60-64,645
2012,MG,female,65+,671
2012,MG,female,<15,26
2012,MG,female,unknown,8
2012,MG,male,15,5
2012,MG,male,16,48
2012,MG,male,17,216
2012,MG,male,18,994
2012,MG,male,19,1912
2012,MG,male,20-24,24009
2012,MG,male,25-29,33276
2012,MG,male,30-34,24221
2012,MG,male,35-39,11752
2012,MG,male,40-44,6767
2012,MG,male,45-49,4436
2012,MG,male,50-54,3030
2012,MG,male,55-59,1998
2012,MG,male,60-64,1344
2012,MG,male,65+,2202
2012,MG,male,<15,10
2012,MG,male,unknown,8
2012,MS,female,15,43
2012,MS,female,16,334
2012,MS,female,17,436
2012,MS,female,18,635
2012,MS,female,19,685
2012,MS,female,20-24,3418
2012,MS,female,25-29,3182
2012,MS,female,30-34,2085
2012,MS,female,35-39,1238
2012,MS,female,40-44,832
2012,MS,female,45-49,548
2012,MS,female,50-54,332
2012,MS,female,55-59,215
2012,MS,female,60-64,91
2012,MS,female,65+,85
2012,MS,female,<15,40
2012,MS,female,unknown,2
2012,MS,male,15,11
2012,MS,male,16,29
2012,MS,male,17,55
2012,MS,male,18,189
2012,MS,male,19,329
2012,MS,male,20-24,3030
2012,MS,male,25-29,3594
2012,MS,male,30-34,2532
2012,MS,male,35-39,1480
2012,MS,male,40-44,1012
2012,MS,male,45-49,679
2012,MS,male,50-54,439
2012,MS,male,55-59,290
2012,MS,male,60-64,220
2012,MS,male,65+,308
2012,MS,male,<15,1
2012,MS,male,unknown,3
2012,MT,female,15,7
2012,MT,female,16,492
2012,MT,female,17,503
2012,MT,female,18,734
2012,MT,female,19,688
2012,MT,female,20-24,3426
2012,MT,female,25-29,3062
2012,MT,female,30-34,2068
2012,MT,female,35-39,1244
2012,MT,female,40-44,783
2012,MT,female,45-49,551
2012,MT,female,50-54,342
2012,MT,female,55-59,190
2012,MT,female,60-64,96
2012,MT,female,65+,93
2012,MT,female,<15,3
2012,MT,female,unknown,34
2012,MT,male,15,1
2012,MT,male,16,14
2012,MT,male,17,49
2012,MT,male,18,195
2012,MT,male,19,305
2012,MT,male,20-24,3011
2012,MT,male,25-29,3515
2012,MT,male,30-34,2549
2012,MT,male,35-39,1565
2012,MT,male,40-44,1003
2012,MT,male,45-49,751
2012,MT,male,50-54,487
2012,MT,male,55-59,332
2012,MT,male,60-64,217
2012,MT,male,65+,287
2012,MT,male,<15,1
2012,MT,male,unknown,34
2012,PA,female,15,24
2012,PA,female,16,622
2012,PA,female,17,755
2012,PA,female,18,1147
2012,PA,female,19,1158
2012,PA,female,20-24,6802
2012,PA,female,25-29,6755
2012,PA,female,30-34,5045
2012,PA,female,35-39,3123
2012,PA,female,40-44,1953
2012,PA,female,45-49,1176
2012,PA,female,50-54,675
2012,PA,female,55-59,352
2012,PA,female,60-64,181
2012,PA,female,65+,235
2012,PA,female,<15,7
2012,PA,female,unknown,12
2012,PA,male,15,2
2012,PA,male,16,16
2012,PA,male,17,50
2012,PA,male,18,237
2012,PA,male,19,418
2012,PA,male,20-24,5427
2012,PA,male,25-29,7094
2012,PA,male,30-34,5889
2012,PA,male,35-39,3762
2012,PA,male,40-44,2590
2012,PA,male,45-49,1654
2012,PA,male,50-54,1048
2012,PA,male,55-59,712
2012,PA,male,60-64,428
2012,PA,male,65+,683
2012,PA,male,<15,0
2012,PA,male,unknown,12
2012,PB,female,15,23
2012,PB,female,16,679
2012,PB,female,17,780
2012,PB,female,18,968
2012,PB,female,19,1045
2012,PB,female,20-24,5562
2012,PB,female,25-29,4539
2012,PB,female,30-34,2904
2012,PB,female,35-39,1545
2012,PB,female,40-44,988
2012,PB,female,45-49,629
2012,PB,female,50-54,408
2012,PB,female,55-59,171
2012,PB,female,60-64,125
2012,PB,female,65+,163
2012,PB,female,<15,14
2012,PB,female,unknown,11
2012,PB,male,15,1
2012,PB,male,16,23
2012,PB,male,17,74
2012,PB,male,18,299
2012,PB,male,19,513
2012,PB,male,20-24,5026
2012,PB,male,25-29,5430
2012,PB,male,30-34,3624
2012,PB,male,35-39,1970
2012,PB,male,40-44,1128
2012,PB,male,45-49,797
2012,PB,male,50-54,493
2012,PB,male,55-59,361
2012,PB,male,60-64,253
2012,PB,male,65+,557
2012,PB,male,<15,2
2012,PB,male,unknown,3
2012,PE,female,15,29
2012,PE,female,16,1247
2012,PE,female,17,1344
2012,PE,female,18,1833
2012,PE,female,19,2072
2012,PE,female,20-24,11634
2012,PE,female,25-29,10725
2012,PE,female,30-34,7027
2012,PE,female,35-39,4120
2012,PE,female,40-44,2608
2012,PE,female,45-49,1910
2012,PE,female,50-54,1086
2012,PE,female,55-59,587
2012,PE,female,60-64,307
2012,PE,female,65+,308
2012,PE,female,<15,21
2012,PE,female,unknown,11
2012,PE,male,15,2
2012,PE,male,16,41
2012,PE,male,17,138
2012,PE,male,18,502
2012,PE,male,19,893
2012,PE,male,20-24,10059
2012,PE,male,25-29,12021
2012,PE,male,30-34,8313
2012,PE,male,35-39,4895
2012,PE,male,40-44,3147
2012,PE,male,45-49,2155
2012,PE,male,50-54,1533
2012,PE,male,55-59,1051
2012,PE,male,60-64,793
2012,PE,male,65+,1308
2012,PE,male,<15,4
2012,PE,male,unknown,14
2012,PI,female,15,35
2012,PI,female,16,381
2012,PI,female,17,415
2012,PI,female,18,519
2012,PI,female,19,547
2012,PI,female,20-24,2974
2012,PI,female,25-29,2829
2012,PI,female,30-34,1720
2012,PI,female,35-39,1012
2012,PI,female,40-44,611
2012,PI,female,45-49,427
2012,PI,female,50-54,290
2012,PI,female,55-59,112
2012,PI,female,60-64,68
2012,PI,female,65+,75
2012,PI,female,<15,11
2012,PI,female,unknown,93
2012,PI,male,15,2
2012,PI,male,16,13
2012,PI,male,17,39
2012,PI,male,18,141
2012,PI,male,19,236
2012,PI,male,20-24,2664
2012,PI,male,25-29,3159
2012,PI,male,30-34,2116
2012,PI,male,35-39,1199
2012,PI,male,40-44,747
2012,PI,male,45-49,534
2012,PI,male,50-54,370
2012,PI,male,55-59,290
2012,PI,male,60-64,193
2012,PI,male,65+,325
2012,PI,male,<15,0
2012,PI,male,unknown,91
2012,PR,female,15,72
2012,PR,female,16,1521
2012,PR,female,17,1954
2012,PR,female,18,2773
2012,PR,female,19,2901
2012,PR,female,20-24,15964
2012,PR,female,25-29,14002
2012,PR,female,30-34,8410
2012,PR,female,35-39,4401
2012,PR,female,40-44,2727
2012,PR,female,45-49,1953
2012,PR,female,50-54,1146
2012,PR,female,55-59,618
2012,PR,female,60-64,325
2012,PR,female,65+,307
2012,PR,female,<15,55
2012,PR,female,unknown,15
2012,PR,male,15,7
2012,PR,male,16,76
2012,PR,male,17,252
2012,PR,male,18,838
2012,PR,male,19,1350
2012,PR,male,20-24,13731
2012,PR,male,25-29,16190
2012,PR,male,30-34,10830
2012,PR,male,35-39,5765
2012,PR,male,40-44,3446
2012,PR,male,45-49,2244
2012,PR,male,50-54,1524
2012,PR,male,55-59,1093
2012,PR,male,60-64,743
2012,PR,male,65+,1041
2012,PR,male,<15,1
2012,PR,male,unknown,13
2012,RJ,female,15,19
2012,RJ,female,16,586
2012,RJ,female,17,1007
2012,RJ,female,18,2033
2012,RJ,female,19,2699
2012,RJ,female,20-24,19927
2012,RJ,female,25-29,21734
2012,RJ,female,30-34,15565
2012,RJ,female,35-39,8569
2012,RJ,female,40-44,5531
2012,RJ,female,45-49,3969
2012,RJ,female,50-54,2666
2012,RJ,female,55-59,1524
2012,RJ,female,60-64,837
2012,RJ,female,65+,760
2012,RJ,female,<15,13
2012,RJ,female,unknown,3
2012,RJ,male,15,1
2012,RJ,male,16,19
2012,RJ,male,17,79
2012,RJ,male,18,331
2012,RJ,male,19,803
2012,RJ,male,20-24,14149
2012,RJ,male,25-29,22660
2012,RJ,male,30-34,18129
2012,RJ,male,35-39,10215
2012,RJ,male,40-44,6639
2012,RJ,male,45-49,4765
2012,RJ,male,50-54,3358
2012,RJ,male,55-59,2355
2012,RJ,male,60-64,1622
2012,RJ,male,65+,2313
2012,RJ,male,<15,1
2012,RJ,male,unknown,3
2012,RN,female,15,10
2012,RN,female,16,316
2012,RN,female,17,383
2012,RN,female,18,610
2012,RN,female,19,647
2012,RN,female,20-24,3868
2012,RN,female,25-29,3875
2012,RN,female,30-34,2585
2012,RN,female,35-39,1415
2012,RN,female,40-44,873
2012,RN,female,45-49,548
2012,RN,female,50-54,278
2012,RN,female,55-59,157
2012,RN,female,60-64,87
2012,RN,female,65+,130
2012,RN,female,<15,5
2012,RN,female,unknown,15
2012,RN,male,15,2
2012,RN,male,16,13
2012,RN,male,17,46
2012,RN,male,18,155
2012,RN,male,19,263
2012,RN,male,20-24,3284
2012,RN,male,25-29,4196
2012,RN,male,30-34,3034
2012,RN,male,35-39,1749
2012,RN,male,40-44,1063
2012,RN,male,45-49,729
2012,RN,male,50-54,437
2012,RN,male,55-59,255
2012,RN,male,60-64,194
2012,RN,male,65+,367
2012,RN,male,<15,0
2012,RN,male,unknown,15
2012,RO,female,15,23
2012,RO,female,16,496
2012,RO,female,17,519
2012,RO,female,18,754
2012,RO,female,19,698
2012,RO,female,20-24,3029
2012,RO,female,25-29,2502
2012,RO,female,30-34,1801
2012,RO,female,35-39,1082
2012,RO,female,40-44,742
2012,RO,female,45-49,491
2012,RO,female,50-54,254
2012,RO,female,55-59,167
2012,RO,female,60-64,88
2012,RO,female,65+,78
2012,RO,female,<15,10
2012,RO,female,unknown,3
2012,RO,male,15,0
2012,RO,male,16,5
2012,RO,male,17,41
2012,RO,male,18,178
2012,RO,male,19,300
2012,RO,male,20-24,2817
2012,RO,male,25-29,3028
2012,RO,male,30-34,2219
2012,RO,male,35-39,1347
2012,RO,male,40-44,923
2012,RO,male,45-49,655
2012,RO,male,50-54,464
2012,RO,male,55-59,301
2012,RO,male,60-64,187
2012,RO,male,65+,268
2012,RO,male,<15,0
2012,RO,male,unknown,4
2012,RR,female,15,0
2012,RR,female,16,33
2012,RR,female,17,52
2012,RR,female,18,86
2012,RR,female,19,102
2012,RR,female,20-24,512
2012,RR,female,25-29,502
2012,RR,female,30-34,403
2012,RR,female,35-39,226
2012,RR,female,40-44,158
2012,RR,female,45-49,101
2012,RR,female,50-54,74
2012,RR,female,55-59,21
2012,RR,female,60-64,18
2012,RR,female,65+,14
2012,RR,female,<15,1
2012,RR,female,unknown,0
2012,RR,male,15,0
2012,RR,male,16,1
2012,RR,male,17,3
2012,RR,male,18,18
2012,RR,male,19,43
2012,RR,male,20-24,398
2012,RR,male,25-29,541
2012,RR,male,30-34,442
2012,RR,male,35-39,292
2012,RR,male,40-44,181
2012,RR,male,45-49,142
2012,RR,male,50-54,87
2012,RR,male,55-59,69
2012,RR,male,60-64,40
2012,RR,male,65+,46
2012,RR,male,<15,0
2012,RR,male,unknown,0
2012,RS,female,15,12
2012,RS,female,16,863
2012,RS,female,17,1055
2012,RS,female,18,1566
2012,RS,female,19,1566
2012,RS,female,20-24,9117
2012,RS,female,25-29,9845
2012,RS,female,30-34,7019
2012,RS,female,35-39,3487
2012,RS,female,40-44,2192
2012,RS,female,45-49,1579
2012,RS,female,50-54,1036
2012,RS,female,55-59,606
2012,RS,female,60-64,337
2012,RS,female,65+,277
2012,RS,female,<15,4
2012,RS,female,unknown,3
2012,RS,male,15,1
2012,RS,male,16,35
2012,RS,male,17,131
2012,RS,male,18,458
2012,RS,male,19,676
2012,RS,male,20-24,7541
2012,RS,male,25-29,10237
2012,RS,male,30-34,8337
2012,RS,male,35-39,4508
2012,RS,male,40-44,2814
2012,RS,male,45-49,1938
2012,RS,male,50-54,1402
2012,RS,male,55-59,926
2012,RS,male,60-64,635
2012,RS,male,65+,922
2012,RS,male,<15,0
2012,RS,male,unknown,3
2012,SC,female,15,4
2012,SC,female,16,578
2012,SC,female,17,809
2012,SC,female,18,1307
2012,SC,female,19,1327
2012,SC,female,20-24,8069
2012,SC,female,25-29,7785
2012,SC,female,30-34,4705
2012,SC,female,35-39,2355
2012,SC,female,40-44,1365
2012,SC,female,45-49,930
2012,SC,female,50-54,560
2012,SC,female,55-59,307
2012,SC,female,60-64,156
2012,SC,female,65+,116
2012,SC,female,<15,5
2012,SC,female,unknown,4
2012,SC,male,15,0
2012,SC,male,16,20
2012,SC,male,17,90
2012,SC,male,18,306
2012,SC,male,19,577
2012,SC,male,20-24,6373
2012,SC,male,25-29,8680
2012,SC,male,30-34,6163
2012,SC,male,35-39,3094
2012,SC,male,40-44,1797
2012,SC,male,45-49,1263
2012,SC,male,50-54,768
2012,SC,male,55-59,486
2012,SC,male,60-64,321
2012,SC,male,65+,441
2012,SC,male,<15,0
2012,SC,male,unknown,3
2012,SE,female,15,11
2012,SE,female,16,154
2012,SE,female,17,200
2012,SE,female,18,271
2012,SE,female,19,265
2012,SE,female,20-24,1880
2012,SE,female,25-29,2039
2012,SE,female,30-34,1351
2012,SE,female,35-39,730
2012,SE,female,40-44,441
2012,SE,female,45-49,280
2012,SE,female,50-54,170
2012,SE,female,55-59,84
2012,SE,female,60-64,38
2012,SE,female,65+,42
2012,SE,female,<15,5
2012,SE,female,unknown,4
2012,SE,male,15,0
2012,SE,male,16,12
2012,SE,male,17,19
2012,SE,male,18,61
2012,SE,male,19,120
2012,SE,male,20-24,1472
2012,SE,male,25-29,2142
2012,SE,male,30-34,1617
2012,SE,male,35-39,881
2012,SE,male,40-44,576
2012,SE,male,45-49,370
2012,SE,male,50-54,234
2012,SE,male,55-59,163
2012,SE,male,60-64,100
2012,SE,male,65+,193
2012,SE,male,<15,1
2012,SE,male,unknown,4
2012,SP,female,15,69
2012,SP,female,16,3413
2012,SP,female,17,4517
2012,SP,female,18,8386
2012,SP,female,19,9594
2012,SP,female,20-24,64073
2012,SP,female,25-29,72501
2012,SP,female,30-34,48238
2012,SP,female,35-39,24292
2012,SP,female,40-44,14198
2012,SP,female,45-49,9633
2012,SP,female,50-54,5953
2012,SP,female,55-59,3321
2012,SP,female,60-64,1773
2012,SP,female,65+,1330
2012,SP,female,<15,25
2012,SP,female,unknown,0
2012,SP,male,15,1
2012,SP,male,16,101
2012,SP,male,17,443
2012,SP,male,18,2004
2012,SP,male,19,3971
2012,SP,male,20-24,50849
2012,SP,male,25-29,75845
2012,SP,male,30-34,57625
2012,SP,male,35-39,30063
2012,SP,male,40-44,17763
2012,SP,male,45-49,11556
2012,SP,male,50-54,7792
2012,SP,male,55-59,5377
2012,SP,male,60-64,3391
2012,SP,male,65+,4534
2012,SP,male,<15,1
2012,SP,male,unknown,0
2012,TO,female,15,9
2012,TO,female,16,230
2012,TO,female,17,232
2012,TO,female,18,372
2012,TO,female,19,363
2012,TO,female,20-24,1738
2012,TO,female,25-29,1552
2012,TO,female,30-34,1092
2012,TO,female,35-39,658
2012,TO,female,40-44,382
2012,TO,female,45-49,272
2012,TO,female,50-54,146
2012,TO,female,55-59,94
2012,TO,female,60-64,54
2012,TO,female,65+,55
2012,TO,female,<15,1
2012,TO,female,unknown,3
2012,TO,male,15,0
2012,TO,male,16,5
2012,TO,male,17,15
2012,TO,male,18,80
2012,TO,male,19,143
2012,TO,male,20-24,1491
2012,TO,male,25-29,1843
2012,TO,male,30-34,1279
2012,TO,male,35-39,779
2012,TO,male,40-44,517
2012,TO,male,45-49,397
2012,TO,male,50-54,234
2012,TO,male,55-59,164
2012,TO,male,60-64,111
2012,TO,male,65+,190
2012,TO,male,<15,1
2012,TO,male,unknown,4
2013,AC,female,15,0
2013,AC,female,16,75
2013,AC,female,17,93
2013,AC,female,18,135
2013,AC,female,19,155
2013,AC,female,20-24,679
2013,AC,female,25-29,607
2013,AC,female,30-34,367
2013,AC,female,35-39,250
2013,AC,female,40-44,153
2013,AC,female,45-49,106
2013,AC,female,50-54,59
2013,AC,female,55-59,36
2013,AC,female,60-64,14
2013,AC,female,65+,15
2013,AC,female,<15,1
2013,AC,female,unknown,0
2013,AC,male,15,0
2013,AC,male,16,3
2013,AC,male,17,8
2013,AC,male,18,42
2013,AC,male,19,73
2013,AC,male,20-24,605
2013,AC,male,25-29,638
2013,AC,male,30-34,495
2013,AC,male,35-39,326
2013,AC,male,40-44,191
2013,AC,male,45-49,128
2013,AC,male,50-54,91
2013,AC,male,55-59,62
2013,AC,male,60-64,33
2013,AC,male,65+,50
2013,AC,male,<15,0
2013,AC,male,unknown,0
2013,AL,female,15,34
2013,AL,female,16,639
2013,AL,female,17,703
2013,AL,female,18,885
2013,AL,female,19,870
2013,AL,female,20-24,3989
2013,AL,female,25-29,3339
2013,AL,female,30-34,2181
2013,AL,female,35-39,1316
2013,AL,female,40-44,799
2013,AL,female,45-49,581
2013,AL,female,50-54,347
2013,AL,female,55-59,164
2013,AL,female,60-64,102
2013,AL,female,65+,72
2013,AL,female,<15,9
2013,AL,female,unknown,2
2013,AL,male,15,2
2013,AL,male,16,34
2013,AL,male,17,104
2013,AL,male,18,295
2013,AL,male,19,456
2013,AL,male,20-24,3842
2013,AL,male,25-29,3967
2013,AL,male,30-34,2581
2013,AL,male,35-39,1567
2013,AL,male,40-44,986
2013,AL,male,45-49,693
2013,AL,male,50-54,479
2013,AL,male,55-59,361
2013,AL,male,60-64,263
2013,AL,male,65+,397
2013,AL,male,<15,2
2013,AL,male,unknown,3
2013,AM,female,15,27
2013,AM,female,16,220
2013,AM,female,17,307
2013,AM,female,18,591
2013,AM,female,19,702
2013,AM,female,20-24,3903
2013,AM,female,25-29,4055
2013,AM,female,30-34,2974
2013,AM,female,35-39,1858
2013,AM,female,40-44,1124
2013,AM,female,45-49,771
2013,AM,female,50-54,409
2013,AM,female,55-59,197
2013,AM,female,60-64,93
2013,AM,female,65+,84
2013,AM,female,<15,8
2013,AM,female,unknown,0
2013,AM,male,15,0
2013,AM,male,16,16
2013,AM,male,17,39
2013,AM,male,18,166
2013,AM,male,19,311
2013,AM,male,20-24,3101
2013,AM,male,25-29,4157
2013,AM,male,30-34,3512
2013,AM,male,35-39,2143
2013,AM,male,40-44,1433
2013,AM,male,45-49,966
2013,AM,male,50-54,603
2013,AM,male,55-59,420
2013,AM,male,60-64,209
2013,AM,male,65+,247
2013,AM,male,<15,0
2013,AM,male,unknown,0
2013,AP,female,15,1
2013,AP,female,16,23
2013,AP,female,17,35
2013,AP,female,18,55
2013,AP,female,19,78
2013,AP,female,20-24,410
2013,AP,female,25-29,454
2013,AP,female,30-34,354
2013,AP,female,35-39,236
2013,AP,female,40-44,148
2013,AP,female,45-49,78
2013,AP,female,50-54,41
2013,AP,female,55-59,15
2013,AP,female,60-64,10
2013,AP,female,65+,10
2013,AP,female,<15,0
2013,AP,female,unknown,0
2013,AP,male,15,0
2013,AP,male,16,1
2013,AP,male,17,3
2013,AP,male,18,14
2013,AP,male,19,26
2013,AP,male,20-24,293
2013,AP,male,25-29,452
2013,AP,male,30-34,391
2013,AP,male,35-39,289
2013,AP,male,40-44,172
2013,AP,male,45-49,134
2013,AP,male,50-54,76
2013,AP,male,55-59,41
2013,AP,male,60-64,27
2013,AP,male,65+,29
2013,AP,male,<15,0
2013,AP,male,unknown,0
2013,BA,female,15,26
2013,BA,female,16,954
2013,BA,female,17,1295
2013,BA,female,18,2215
2013,BA,female,19,2341
2013,BA,female,20-24,12644
2013,BA,female,25-29,13030
2013,BA,female,30-34,9178
2013,BA,female,35-39,5036
2013,BA,female,40-44,2978
2013,BA,female,45-49,2123
2013,BA,female,50-54,1254
2013,BA,female,55-59,698
2013,BA,female,60-64,403
2013,BA,female,65+,427
2013,BA,female,<15,11
2013,BA,female,unknown,92
2013,BA,male,15,7
2013,BA,male,16,23
2013,BA,male,17,96
2013,BA,male,18,388
2013,BA,male,19,812
2013,BA,male,20-24,9978
2013,BA,male,25-29,14157
2013,BA,male,30-34,11144
2013,BA,male,35-39,6268
2013,BA,male,40-44,3947
2013,BA,male,45-49,2649
2013,BA,male,50-54,1793
2013,BA,male,55-59,1141
2013,BA,male,60-64,888
2013,BA,male,65+,1319
2013,BA,male,<15,1
2013,BA,male,unknown,94
2013,CE,female,15,25
2013,CE,female,16,1207
2013,CE,female,17,1428
2013,CE,female,18,2214
2013,CE,female,19,2309
2013,CE,female,20-24,11750
2013,CE,female,25-29,10466
2013,CE,female,30-34,6564
2013,CE,female,35-39,3860
2013,CE,female,40-44,2499
2013,CE,female,45-49,1510
2013,CE,female,50-54,890
2013,CE,female,55-59,382
2013,CE,female,60-64,217
2013,CE,female,65+,239
2013,CE,female,<15,7
2013,CE,female,unknown,3
2013,CE,male,15,8
2013,CE,male,16,68
2013,CE,male,17,198
2013,CE,male,18,648
2013,CE,male,19,1101
2013,CE,male,20-24,10513
2013,CE,male,25-29,11866
2013,CE,male,30-34,8073
2013,CE,male,35-39,4593
2013,CE,male,40-44,2872
2013,CE,male,45-49,2191
2013,CE,male,50-54,1172
2013,CE,male,55-59,813
2013,CE,male,60-64,556
2013,CE,male,65+,893
2013,CE,male,<15,2
2013,CE,male,unknown,3
2013,DF,female,15,2
2013,DF,female,16,142
2013,DF,female,17,219
2013,DF,female,18,540
2013,DF,female,19,619
2013,DF,female,20-24,4104
2013,DF,female,25-29,4833
2013,DF,female,30-34,3605
2013,DF,female,35-39,1812
2013,DF,female,40-44,969
2013,DF,female,45-49,625
2013,DF,female,50-54,345
2013,DF,female,55-59,154
2013,DF,female,60-64,88
2013,DF,female,65+,53
2013,DF,female,<15,0
2013,DF,female,unknown,5
2013,DF,male,15,0
2013,DF,male,16,3
2013,DF,male,17,23
2013,DF,male,18,119
2013,DF,male,19,261
2013,DF,male,20-24,3258
2013,DF,male,25-29,4750
2013,DF,male,30-34,4032
2013,DF,male,35-39,2277
2013,DF,male,40-44,1336
2013,DF,male,45-49,829
2013,DF,male,50-54,492
2013,DF,male,55-59,330
2013,DF,male,60-64,184
2013,DF,male,65+,216
2013,DF,male,<15,0
2013,DF,male,unknown,5
2013,ES,female,15,5
2013,ES,female,16,528
2013,ES,female,17,646
2013,ES,female,18,1095
2013,ES,female,19,1154
2013,ES,female,20-24,6162
2013,ES,female,25-29,5912
2013,ES,female,30-34,3950
2013,ES,female,35-39,2022
2013,ES,female,40-44,1322
2013,ES,female,45-49,891
2013,ES,female,50-54,570
2013,ES,female,55-59,362
2013,ES,female,60-64,183
2013,ES,female,65+,168
2013,ES,female,<15,8
2013,ES,female,unknown,2
2013,ES,male,15,2
2013,ES,male,16,15
2013,ES,male,17,55
2013,ES,male,18,226
2013,ES,male,19,432
2013,ES,male,20-24,5088
2013,ES,male,25-29,6851
2013,ES,male,30-34,4909
2013,ES,male,35-39,2591
2013,ES,male,40-44,1528
2013,ES,male,45-49,1111
2013,ES,male,50-54,740
2013,ES,male,55-59,556
2013,ES,male,60-64,344
2013,ES,male,65+,526
2013,ES,male,<15,4
2013,ES,male,unknown,2
2013,GO,female,15,33
2013,GO,female,16,1028
2013,GO,female,17,1287
2013,GO,female,18,2009
2013,GO,female,19,1947
2013,GO,female,20-24,10296
2013,GO,female,25-29,9087
2013,GO,female,30-34,6207
2013,GO,female,35-39,3588
2013,GO,female,40-44,2352
2013,GO,female,45-49,1556
2013,GO,female,50-54,923
2013,GO,female,55-59,540
2013,GO,female,60-64,259
2013,GO,female,65+,236
2013,GO,female,<15,15
2013,GO,female,unknown,32
2013,GO,male,15,5
2013,GO,male,16,27
2013,GO,male,17,118
2013,GO,male,18,517
2013,GO,male,19,895
2013,GO,male,20-24,8756
2013,GO,male,25-29,10574
2013,GO,male,30-34,7563
2013,GO,male,35-39,4567
2013,GO,male,40-44,2755
2013,GO,male,45-49,2016
2013,GO,male,50-54,1345
2013,GO,male,55-59,869
2013,GO,male,60-64,545
2013,GO,male,65+,808
2013,GO,male,<15,3
2013,GO,male,unknown,32
2013,MA,female,15,44
2013,MA,female,16,673
2013,MA,female,17,803
2013,MA,female,18,1193
2013,MA,female,19,1235
2013,MA,female,20-24,5931
2013,MA,female,25-29,5864
2013,MA,female,30-34,4249
2013,MA,female,35-39,2457
2013,MA,female,40-44,1507
2013,MA,female,45-49,1042
2013,MA,female,50-54,599
2013,MA,female,55-59,335
2013,MA,female,60-64,205
2013,MA,female,65+,244
2013,MA,female,<15,13
2013,MA,female,unknown,48
2013,MA,male,15,5
2013,MA,male,16,39
2013,MA,male,17,94
2013,MA,male,18,323
2013,MA,male,19,551
2013,MA,male,20-24,5170
2013,MA,male,25-29,6203
2013,MA,male,30-34,4997
2013,MA,male,35-39,3027
2013,MA,male,40-44,1857
2013,MA,male,45-49,1292
2013,MA,male,50-54,902
2013,MA,male,55-59,648
2013,MA,male,60-64,490
2013,MA,male,65+,789
2013,MA,male,<15,8
2013,MA,male,unknown,47
2013,MG,female,15,58
2013,MG,female,16,2205
2013,MG,female,17,2970
2013,MG,female,18,4713
2013,MG,female,19,4832
2013,MG,female,20-24,28393
2013,MG,female,25-29,28840
2013,MG,female,30-34,19041
2013,MG,female,35-39,9177
2013,MG,female,40-44,5165
2013,MG,female,45-49,3620
2013,MG,female,50-54,2216
2013,MG,female,55-59,1292
2013,MG,female,60-64,694
2013,MG,female,65+,613
2013,MG,female,<15,22
2013,MG,female,unknown,2
2013,MG,male,15,7
2013,MG,male,16,33
2013,MG,male,17,178
2013,MG,male,18,948
2013,MG,male,19,1803
2013,MG,male,20-24,22643
2013,MG,male,25-29,31855
2013,MG,male,30-34,24280
2013,MG,male,35-39,12066
2013,MG,male,40-44,6947
2013,MG,male,45-49,4451
2013,MG,male,50-54,3091
2013,MG,male,55-59,2034
2013,MG,male,60-64,1411
2013,MG,male,65+,2099
2013,MG,male,<15,6
2013,MG,male,unknown,1
2013,MS,female,15,45
2013,MS,female,16,329
2013,MS,female,17,389
2013,MS,female,18,604
2013,MS,female,19,579
2013,MS,female,20-24,3325
2013,MS,female,25-29,3006
2013,MS,female,30-34,2209
2013,MS,female,35-39,1291
2013,MS,female,40-44,843
2013,MS,female,45-49,589
2013,MS,female,50-54,383
2013,MS,female,55-59,192
2013,MS,female,60-64,89
2013,MS,female,65+,72
2013,MS,female,<15,39
2013,MS,female,unknown,0
2013,MS,male,15,6
2013,MS,male,16,31
2013,MS,male,17,77
2013,MS,male,18,179
2013,MS,male,19,318
2013,MS,male,20-24,2944
2013,MS,male,25-29,3400
2013,MS,male,30-34,2530
2013,MS,male,35-39,1512
2013,MS,male,40-44,1015
2013,MS,male,45-49,701
2013,MS,male,50-54,508
2013,MS,male,55-59,315
2013,MS,male,60-64,195
2013,MS,male,65+,247
2013,MS,male,<15,6
2013,MS,male,unknown,0
2013,MT,female,15,6
2013,MT,female,16,508
2013,MT,female,17,564
2013,MT,female,18,783
2013,MT,female,19,738
2013,MT,female,20-24,3582
2013,MT,female,25-29,3209
2013,MT,female,30-34,2237
2013,MT,female,35-39,1362
2013,MT,female,40-44,918
2013,MT,female,45-49,627
2013,MT,female,50-54,367
2013,MT,female,55-59,196
2013,MT,female,60-64,105
2013,MT,female,65+,91
2013,MT,female,<15,1
2013,MT,female,unknown,1
2013,MT,male,15,4
2013,MT,male,16,15
2013,MT,male,17,52
2013,MT,male,18,203
2013,MT,male,19,332
2013,MT,male,20-24,3152
2013,MT,male,25-29,3683
2013,MT,male,30-34,2803
2013,MT,male,35-39,1690
2013,MT,male,40-44,1135
2013,MT,male,45-49,821
2013,MT,male,50-54,542
2013,MT,male,55-59,359
2013,MT,male,60-64,227
2013,MT,male,65+,274
2013,MT,male,<15,1
2013,MT,male,unknown,2
2013,PA,female,15,19
2013,PA,female,16,575
2013,PA,female,17,773
2013,PA,female,18,1188
2013,PA,female,19,1330
2013,PA,female,20-24,7001
2013,PA,female,25-29,6879
2013,PA,female,30-34,5294
2013,PA,female,35-39,3135
2013,PA,female,40-44,1988
2013,PA,female,45-49,1251
2013,PA,female,50-54,685
2013,PA,female,55-59,380
2013,PA,female,60-64,183
2013,PA,female,65+,229
2013,PA,female,<15,6
2013,PA,female,unknown,28
2013,PA,male,15,4
2013,PA,male,16,24
2013,PA,male,17,63
2013,PA,male,18,260
2013,PA,male,19,516
2013,PA,male,20-24,5577
2013,PA,male,25-29,7257
2013,PA,male,30-34,5991
2013,PA,male,35-39,3926
2013,PA,male,40-44,2514
2013,PA,male,45-49,1673
2013,PA,male,50-54,1115
2013,PA,male,55-59,752
2013,PA,male,60-64,513
2013,PA,male,65+,731
2013,PA,male,<15,1
2013,PA,male,unknown,27
2013,PB,female,15,24
2013,PB,female,16,605
2013,PB,female,17,688
2013,PB,female,18,944
2013,PB,female,19,913
2013,PB,female,20-24,5025
2013,PB,female,25-29,4454
2013,PB,female,30-34,2864
2013,PB,female,35-39,1531
2013,PB,female,40-44,991
2013,PB,female,45-49,663
2013,PB,female,50-54,358
2013,PB,female,55-59,182
2013,PB,female,60-64,116
2013,PB,female,65+,137
2013,PB,female,<15,9
2013,PB,female,unknown,5
2013,PB,male,15,1
2013,PB,male,16,20
2013,PB,male,17,87
2013,PB,male,18,267
2013,PB,male,19,449
2013,PB,male,20-24,4541
2013,PB,male,25-29,5153
2013,PB,male,30-34,3459
2013,PB,male,35-39,1932
2013,PB,male,40-44,1173
2013,PB,male,45-49,816
2013,PB,male,50-54,508
2013,PB,male,55-59,349
2013,PB,male,60-64,272
2013,PB,male,65+,479
2013,PB,male,<15,0
2013,PB,male,unknown,3
2013,PE,female,15,40
2013,PE,female,16,1050
2013,PE,female,17,1284
2013,PE,female,18,1968
2013,PE,female,19,2076
2013,PE,female,20-24,11398
2013,PE,female,25-29,10771
2013,PE,female,30-34,7418
2013,PE,female,35-39,4449
2013,PE,female,40-44,2822
2013,PE,female,45-49,2021
2013,PE,female,50-54,1214
2013,PE,female,55-59,610
2013,PE,female,60-64,340
2013,PE,female,65+,397
2013,PE,female,<15,17
2013,PE,female,unknown,7
2013,PE,male,15,4
2013,PE,male,16,48
2013,PE,male,17,134
2013,PE,male,18,558
2013,PE,male,19,899
2013,PE,male,20-24,9849
2013,PE,male,25-29,11750
2013,PE,male,30-34,8703
2013,PE,male,35-39,5245
2013,PE,male,40-44,3416
2013,PE,male,45-49,2310
2013,PE,male,50-54,1588
2013,PE,male,55-59,1128
2013,PE,male,60-64,822
2013,PE,male,65+,1414
2013,PE,male,<15,8
2013,PE,male,unknown,6
2013,PI,female,15,29
2013,PI,female,16,418
2013,PI,female,17,452
2013,PI,female,18,574
2013,PI,female,19,557
2013,PI,female,20-24,3032
2013,PI,female,25-29,3053
2013,PI,female,30-34,2013
2013,PI,female,35-39,1209
2013,PI,female,40-44,778
2013,PI,female,45-49,556
2013,PI,female,50-54,325
2013,PI,female,55-59,159
2013,PI,female,60-64,88
2013,PI,female,65+,99
2013,PI,female,<15,9
2013,PI,female,unknown,2
2013,PI,male,15,0
2013,PI,male,16,16
2013,PI,male,17,37
2013,PI,male,18,169
2013,PI,male,19,274
2013,PI,male,20-24,2643
2013,PI,male,25-29,3435
2013,PI,male,30-34,2377
2013,PI,male,35-39,1455
2013,PI,male,40-44,975
2013,PI,male,45-49,643
2013,PI,male,50-54,502
2013,PI,male,55-59,299
2013,PI,male,60-64,189
2013,PI,male,65+,336
2013,PI,male,<15,3
2013,PI,male,unknown,0
2013,PR,female,15,97
2013,PR,female,16,1540
2013,PR,female,17,1956
2013,PR,female,18,2755
2013,PR,female,19,2857
2013,PR,female,20-24,15850
2013,PR,female,25-29,14142
2013,PR,female,30-34,8865
2013,PR,female,35-39,4899
2013,PR,female,40-44,2973
2013,PR,female,45-49,2040
2013,PR,female,50-54,1306
2013,PR,female,55-59,728
2013,PR,female,60-64,375
2013,PR,female,65+,339
2013,PR,female,<15,76
2013,PR,female,unknown,25
2013,PR,male,15,8
2013,PR,male,16,62
2013,PR,male,17,255
2013,PR,male,18,923
2013,PR,male,19,1468
2013,PR,male,20-24,13472
2013,PR,male,25-29,16209
2013,PR,male,30-34,11191
2013,PR,male,35-39,6165
2013,PR,male,40-44,3720
2013,PR,male,45-49,2538
2013,PR,male,50-54,1611
2013,PR,male,55-59,1207
2013,PR,male,60-64,796
2013,PR,male,65+,1171
2013,PR,male,<15,3
2013,PR,male,unknown,24
2013,RJ,female,15,24
2013,RJ,female,16,534
2013,RJ,female,17,882
2013,RJ,female,18,1975
2013,RJ,female,19,2772
2013,RJ,female,20-24,19358
2013,RJ,female,25-29,21355
2013,RJ,female,30-34,16026
2013,RJ,female,35-39,8921
2013,RJ,female,40-44,5820
2013,RJ,female,45-49,4067
2013,RJ,female,50-54,2724
2013,RJ,female,55-59,1691
2013,RJ,female,60-64,872
2013,RJ,female,65+,776
2013,RJ,female,<15,15
2013,RJ,female,unknown,13
2013,RJ,male,15,6
2013,RJ,male,16,16
2013,RJ,male,17,62
2013,RJ,male,18,347
2013,RJ,male,19,866
2013,RJ,male,20-24,13834
2013,RJ,male,25-29,22044
2013,RJ,male,30-34,18285
2013,RJ,male,35-39,10752
2013,RJ,male,40-44,6700
2013,RJ,male,45-49,4919
2013,RJ,male,50-54,3512
2013,RJ,male,55-59,2522
2013,RJ,male,60-64,1709
2013,RJ,male,65+,2240
2013,RJ,male,<15,2
2013,RJ,male,unknown,9
2013,RN,female,15,6
2013,RN,female,16,256
2013,RN,female,17,316
2013,RN,female,18,624
2013,RN,female,19,590
2013,RN,female,20-24,3464
2013,RN,female,25-29,3550
2013,RN,female,30-34,2342
2013,RN,female,35-39,1219
2013,RN,female,40-44,797
2013,RN,female,45-49,505
2013,RN,female,50-54,279
2013,RN,female,55-59,130
2013,RN,female,60-64,82
2013,RN,female,65+,114
2013,RN,female,<15,5
2013,RN,female,unknown,2
2013,RN,male,15,1
2013,RN,male,16,17
2013,RN,male,17,37
2013,RN,male,18,129
2013,RN,male,19,287
2013,RN,male,20-24,2863
2013,RN,male,25-29,3889
2013,RN,male,30-34,2785
2013,RN,male,35-39,1511
2013,RN,male,40-44,919
2013,RN,male,45-49,677
2013,RN,male,50-54,438
2013,RN,male,55-59,255
2013,RN,male,60-64,169
2013,RN,male,65+,301
2013,RN,male,<15,0
2013,RN,male,unknown,3
2013,RO,female,15,18
2013,RO,female,16,512
2013,RO,female,17,544
2013,RO,female,18,793
2013,RO,female,19,726
2013,RO,female,20-24,3088
2013,RO,female,25-29,2356
2013,RO,female,30-34,1787
2013,RO,female,35-39,1234
2013,RO,female,40-44,753
2013,RO,female,45-49,553
2013,RO,female,50-54,325
2013,RO,female,55-59,172
2013,RO,female,60-64,111
2013,RO,female,65+,87
2013,RO,female,<15,12
2013,RO,female,unknown,1
2013,RO,male,15,2
2013,RO,male,16,7
2013,RO,male,17,37
2013,RO,male,18,192
2013,RO,male,19,370
2013,RO,male,20-24,2935
2013,RO,male,25-29,2933
2013,RO,male,30-34,2143
2013,RO,male,35-39,1376
2013,RO,male,40-44,1005
2013,RO,male,45-49,745
2013,RO,male,50-54,477
2013,RO,male,55-59,347
2013,RO,male,60-64,197
2013,RO,male,65+,305
2013,RO,male,<15,0
2013,RO,male,unknown,1
2013,RR,female,15,0
2013,RR,female,16,49
2013,RR,female,17,60
2013,RR,female,18,103
2013,RR,female,19,119
2013,RR,female,20-24,581
2013,RR,female,25-29,531
2013,RR,female,30-34,421
2013,RR,female,35-39,285
2013,RR,female,40-44,172
2013,RR,female,45-49,111
2013,RR,female,50-54,59
2013,RR,female,55-59,32
2013,RR,female,60-64,20
2013,RR,female,65+,22
2013,RR,female,<15,1
2013,RR,female,unknown,1
2013,RR,male,15,0
2013,RR,male,16,1
2013,RR,male,17,4
2013,RR,male,18,25
2013,RR,male,19,45
2013,RR,male,20-24,495
2013,RR,male,25-29,580
2013,RR,male,30-34,453
2013,RR,male,35-39,293
2013,RR,male,40-44,228
2013,RR,male,45-49,152
2013,RR,male,50-54,105
2013,RR,male,55-59,82
2013,RR,male,60-64,41
2013,RR,male,65+,63
2013,RR,male,<15,0
2013,RR,male,unknown,0
2013,RS,female,15,16
2013,RS,female,16,850
2013,RS,female,17,925
2013,RS,female,18,1654
2013,RS,female,19,1557
2013,RS,female,20-24,8961
2013,RS,female,25-29,9584
2013,RS,female,30-34,7243
2013,RS,female,35-39,3753
2013,RS,female,40-44,2349
2013,RS,female,45-49,1740
2013,RS,female,50-54,1135
2013,RS,female,55-59,670
2013,RS,female,60-64,356
2013,RS,female,65+,304
2013,RS,female,<15,3
2013,RS,female,unknown,1
2013,RS,male,15,0
2013,RS,male,16,27
2013,RS,male,17,120
2013,RS,male,18,483
2013,RS,male,19,718
2013,RS,male,20-24,7444
2013,RS,male,25-29,9840
2013,RS,male,30-34,8650
2013,RS,male,35-39,4681
2013,RS,male,40-44,2968
2013,RS,male,45-49,2122
2013,RS,male,50-54,1442
2013,RS,male,55-59,957
2013,RS,male,60-64,720
2013,RS,male,65+,926
2013,RS,male,<15,1
2013,RS,male,unknown,2
2013,SC,female,15,10
2013,SC,female,16,540
2013,SC,female,17,718
2013,SC,female,18,1276
2013,SC,female,19,1383
2013,SC,female,20-24,7992
2013,SC,female,25-29,7788
2013,SC,female,30-34,5055
2013,SC,female,35-39,2543
2013,SC,female,40-44,1482
2013,SC,female,45-49,1037
2013,SC,female,50-54,689
2013,SC,female,55-59,337
2013,SC,female,60-64,167
2013,SC,female,65+,124
2013,SC,female,<15,1
2013,SC,female,unknown,9
2013,SC,male,15,0
2013,SC,male,16,17
2013,SC,male,17,88
2013,SC,male,18,326
2013,SC,male,19,635
2013,SC,male,20-24,6284
2013,SC,male,25-29,8519
2013,SC,male,30-34,6360
2013,SC,male,35-39,3351
2013,SC,male,40-44,1948
2013,SC,male,45-49,1333
2013,SC,male,50-54,910
2013,SC,male,55-59,529
2013,SC,male,60-64,388
2013,SC,male,65+,455
2013,SC,male,<15,0
2013,SC,male,unknown,8
2013,SE,female,15,10
2013,SE,female,16,133
2013,SE,female,17,183
2013,SE,female,18,237
2013,SE,female,19,335
2013,SE,female,20-24,1957
2013,SE,female,25-29,2064
2013,SE,female,30-34,1325
2013,SE,female,35-39,738
2013,SE,female,40-44,482
2013,SE,female,45-49,346
2013,SE,female,50-54,169
2013,SE,female,55-59,73
2013,SE,female,60-64,55
2013,SE,female,65+,45
2013,SE,female,<15,5
2013,SE,female,unknown,0
2013,SE,male,15,2
2013,SE,male,16,5
2013,SE,male,17,16
2013,SE,male,18,79
2013,SE,male,19,125
2013,SE,male,20-24,1498
2013,SE,male,25-29,2166
2013,SE,male,30-34,1624
2013,SE,male,35-39,935
2013,SE,male,40-44,575
2013,SE,male,45-49,359
2013,SE,male,50-54,272
2013,SE,male,55-59,176
2013,SE,male,60-64,145
2013,SE,male,65+,178
2013,SE,male,<15,2
2013,SE,male,unknown,0
2013,SP,female,15,62
2013,SP,female,16,3239
2013,SP,female,17,4216
2013,SP,female,18,8614
2013,SP,female,19,9711
2013,SP,female,20-24,62795
2013,SP,female,25-29,71885
2013,SP,female,30-34,50967
2013,SP,female,35-39,26693
2013,SP,female,40-44,15780
2013,SP,female,45-49,10471
2013,SP,female,50-54,6798
2013,SP,female,55-59,3687
2013,SP,female,60-64,1880
2013,SP,female,65+,1467
2013,SP,female,<15,24
2013,SP,female,unknown,83
2013,SP,male,15,2
2013,SP,male,16,121
2013,SP,male,17,410
2013,SP,male,18,2113
2013,SP,male,19,4102
2013,SP,male,20-24,49130
2013,SP,male,25-29,74904
2013,SP,male,30-34,59864
2013,SP,male,35-39,32521
2013,SP,male,40-44,19373
2013,SP,male,45-49,12784
2013,SP,male,50-54,8642
2013,SP,male,55-59,5805
2013,SP,male,60-64,3741
2013,SP,male,65+,4793
2013,SP,male,<15,0
2013,SP,male,unknown,67
2013,TO,female,15,10
2013,TO,female,16,227
2013,TO,female,17,260
2013,TO,female,18,392
2013,TO,female,19,359
2013,TO,female,20-24,1758
2013,TO,female,25-29,1526
2013,TO,female,30-34,1131
2013,TO,female,35-39,674
2013,TO,female,40-44,354
2013,TO,female,45-49,295
2013,TO,female,50-54,170
2013,TO,female,55-59,93
2013,TO,female,60-64,57
2013,TO,female,65+,45
2013,TO,female,<15,2
2013,TO,female,unknown,0
2013,TO,male,15,0
2013,TO,male,16,7
2013,TO,male,17,13
2013,TO,male,18,85
2013,TO,male,19,147
2013,TO,male,20-24,1505
2013,TO,male,25-29,1797
2013,TO,male,30-34,1341
2013,TO,male,35-39,840
2013,TO,male,40-44,520
2013,TO,male,45-49,362
2013,TO,male,50-54,251
2013,TO,male,55-59,166
2013,TO,male,60-64,127
2013,TO,male,65+,190
2013,TO,male,<15,2
2013,TO,male,unknown,0
2014,AC,female,15,5
2014,AC,female,16,82
2014,AC,female,17,99
2014,AC,female,18,173
2014,AC,female,19,162
2014,AC,female,20-24,848
2014,AC,female,25-29,819
2014,AC,female,30-34,578
2014,AC,female,35-39,387
2014,AC,female,40-44,237
2014,AC,female,45-49,155
2014,AC,female,50-54,106
2014,AC,female,55-59,50
2014,AC,female,60-64,22
2014,AC,female,65+,26
2014,AC,female,<15,1
2014,AC,female,unknown,3
2014,AC,male,15,0
2014,AC,male,16,6
2014,AC,male,17,13
2014,AC,male,18,31
2014,AC,male,19,66
2014,AC,male,20-24,680
2014,AC,male,25-29,868
2014,AC,male,30-34,728
2014,AC,male,35-39,464
2014,AC,male,40-44,318
2014,AC,male,45-49,219
2014,AC,male,50-54,119
2014,AC,male,55-59,94
2014,AC,male,60-64,65
2014,AC,male,65+,79
2014,AC,male,<15,0
2014,AC,male,unknown,3
2014,AL,female,15,41
2014,AL,female,16,602
2014,AL,female,17,703
2014,AL,female,18,997
2014,AL,female,19,949
2014,AL,female,20-24,4190
2014,AL,female,25-29,3766
2014,AL,female,30-34,2400
2014,AL,female,35-39,1521
2014,AL,female,40-44,889
2014,AL,female,45-49,680
2014,AL,female,50-54,374
2014,AL,female,55-59,175
2014,AL,female,60-64,111
2014,AL,female,65+,107
2014,AL,female,<15,25
2014,AL,female,unknown,2
2014,AL,male,15,1
2014,AL,male,16,32
2014,AL,male,17,107
2014,AL,male,18,314
2014,AL,male,19,513
2014,AL,male,20-24,4019
2014,AL,male,25-29,4378
2014,AL,male,30-34,2848
2014,AL,male,35-39,1781
2014,AL,male,40-44,1123
2014,AL,male,45-49,811
2014,AL,male,50-54,519
2014,AL,male,55-59,392
2014,AL,male,60-64,289
2014,AL,male,65+,402
2014,AL,male,<15,1
2014,AL,male,unknown,2
2014,AM,female,15,22
2014,AM,female,16,229
2014,AM,female,17,314
2014,AM,female,18,559
2014,AM,female,19,645
2014,AM,female,20-24,3950
2014,AM,female,25-29,3885
2014,AM,female,30-34,3161
2014,AM,female,35-39,1943
2014,AM,female,40-44,1261
2014,AM,female,45-49,753
2014,AM,female,50-54,496
2014,AM,female,55-59,224
2014,AM,female,60-64,123
2014,AM,female,65+,93
2014,AM,female,<15,4
2014,AM,female,unknown,0
2014,AM,male,15,1
2014,AM,male,16,15
2014,AM,male,17,41
2014,AM,male,18,154
2014,AM,male,19,279
2014,AM,male,20-24,3135
2014,AM,male,25-29,4025
2014,AM,male,30-34,3401
2014,AM,male,35-39,2327
2014,AM,male,40-44,1476
2014,AM,male,45-49,1083
2014,AM,male,50-54,787
2014,AM,male,55-59,427
2014,AM,male,60-64,221
2014,AM,male,65+,290
2014,AM,male,<15,0
2014,AM,male,unknown,0
2014,AP,female,15,0
2014,AP,female,16,9
2014,AP,female,17,18
2014,AP,female,18,67
2014,AP,female,19,91
2014,AP,female,20-24,470
2014,AP,female,25-29,497
2014,AP,female,30-34,368
2014,AP,female,35-39,245
2014,AP,female,40-44,145
2014,AP,female,45-49,101
2014,AP,female,50-54,42
2014,AP,female,55-59,24
2014,AP,female,60-64,16
2014,AP,female,65+,13
2014,AP,female,<15,0
2014,AP,female,unknown,1
2014,AP,male,15,0
2014,AP,male,16,2
2014,AP,male,17,2
2014,AP,male,18,13
2014,AP,male,19,24
2014,AP,male,20-24,353
2014,AP,male,25-29,478
2014,AP,male,30-34,413
2014,AP,male,35-39,307
2014,AP,male,40-44,189
2014,AP,male,45-49,126
2014,AP,male,50-54,85
2014,AP,male,55-59,52
2014,AP,male,60-64,31
2014,AP,male,65+,32
2014,AP,male,<15,0
2014,AP,male,unknown,0
2014,BA,female,15,39
2014,BA,female,16,959
2014,BA,female,17,1347
2014,BA,female,18,2316
2014,BA,female,19,2507
2014,BA,female,20-24,13476
2014,BA,female,25-29,13413
2014,BA,female,30-34,10208
2014,BA,female,35-39,5871
2014,BA,female,40-44,3629
2014,BA,female,45-49,2419
2014,BA,female,50-54,1519
2014,BA,female,55-59,762
2014,BA,female,60-64,464
2014,BA,female,65+,463
2014,BA,female,<15,10
2014,BA,female,unknown,58
2014,BA,male,15,5
2014,BA,male,16,19
2014,BA,male,17,95
2014,BA,male,18,473
2014,BA,male,19,899
2014,BA,male,20-24,10562
2014,BA,male,25-29,14739
2014,BA,male,30-34,12028
2014,BA,male,35-39,7207
2014,BA,male,40-44,4461
2014,BA,male,45-49,3060
2014,BA,male,50-54,2133
2014,BA,male,55-59,1400
2014,BA,male,60-64,917
2014,BA,male,65+,1403
2014,BA,male,<15,2
2014,BA,male,unknown,57
2014,CE,female,15,29
2014,CE,female,16,1183
2014,CE,female,17,1412
2014,CE,female,18,2355
2014,CE,female,19,2479
2014,CE,female,20-24,11762
2014,CE,female,25-29,11270
2014,CE,female,30-34,7166
2014,CE,female,35-39,4323
2014,CE,female,40-44,2680
2014,CE,female,45-49,1635
2014,CE,female,50-54,1019
2014,CE,female,55-59,433
2014,CE,female,60-64,235
2014,CE,female,65+,223
2014,CE,female,<15,4
2014,CE,female,unknown,1
2014,CE,male,15,5
2014,CE,male,16,68
2014,CE,male,17,178
2014,CE,male,18,649
2014,CE,male,19,1196
2014,CE,male,20-24,10665
2014,CE,male,25-29,12345
2014,CE,male,30-34,8725
2014,CE,male,35-39,5100
2014,CE,male,40-44,3322
2014,CE,male,45-49,2165
2014,CE,male,50-54,1441
2014,CE,male,55-59,848
2014,CE,male,60-64,597
2014,CE,male,65+,902
2014,CE,male,<15,3
2014,CE,male,unknown,0
2014,DF,female,15,4
2014,DF,female,16,134
2014,DF,female,17,223
2014,DF,female,18,518
2014,DF,female,19,629
2014,DF,female,20-24,4170
2014,DF,female,25-29,4802
2014,DF,female,30-34,3610
2014,DF,female,35-39,2022
2014,DF,female,40-44,1041
2014,DF,female,45-49,600
2014,DF,female,50-54,348
2014,DF,female,55-59,149
2014,DF,female,60-64,75
2014,DF,female,65+,54
2014,DF,female,<15,0
2014,DF,female,unknown,0
2014,DF,male,15,0
2014,DF,male,16,9
2014,DF,male,17,15
2014,DF,male,18,121
2014,DF,male,19,255
2014,DF,male,20-24,3296
2014,DF,male,25-29,4830
2014,DF,male,30-34,4004
2014,DF,male,35-39,2329
2014,DF,male,40-44,1381
2014,DF,male,45-49,887
2014,DF,male,50-54,515
2014,DF,male,55-59,327
2014,DF,male,60-64,195
2014,DF,male,65+,215
2014,DF,male,<15,0
2014,DF,male,unknown,0
2014,ES,female,15,12
2014,ES,female,16,496
2014,ES,female,17,605
2014,ES,female,18,996
2014,ES,female,19,1149
2014,ES,female,20-24,6310
2014,ES,female,25-29,6301
2014,ES,female,30-34,4136
2014,ES,female,35-39,2396
2014,ES,female,40-44,1396
2014,ES,female,45-49,1022
2014,ES,female,50-54,653
2014,ES,female,55-59,351
2014,ES,female,60-64,205
2014,ES,female,65+,186
2014,ES,female,<15,2
2014,ES,female,unknown,3
2014,ES,male,15,1
2014,ES,male,16,5
2014,ES,male,17,62
2014,ES,male,18,209
2014,ES,male,19,441
2014,ES,male,20-24,5015
2014,ES,male,25-29,7201
2014,ES,male,30-34,5153
2014,ES,male,35-39,2846
2014,ES,male,40-44,1676
2014,ES,male,45-49,1206
2014,ES,male,50-54,859
2014,ES,male,55-59,629
2014,ES,male,60-64,370
2014,ES,male,65+,542
2014,ES,male,<15,1
2014,ES,male,unknown,3
2014,GO,female,15,17
2014,GO,female,16,1004
2014,GO,female,17,1182
2014,GO,female,18,2092
2014,GO,female,19,2131
2014,GO,female,20-24,10650
2014,GO,female,25-29,9582
2014,GO,female,30-34,6391
2014,GO,female,35-39,3873
2014,GO,female,40-44,2514
2014,GO,female,45-49,1725
2014,GO,female,50-54,995
2014,GO,female,55-59,535
2014,GO,female,60-64,289
2014,GO,female,65+,261
2014,GO,female,<15,9
2014,GO,female,unknown,14
2014,GO,male,15,0
2014,GO,male,16,37
2014,GO,male,17,105
2014,GO,male,18,554
2014,GO,male,19,919
2014,GO,male,20-24,9116
2014,GO,male,25-29,10868
2014,GO,male,30-34,7991
2014,GO,male,35-39,4852
2014,GO,male,40-44,2958
2014,GO,male,45-49,2086
2014,GO,male,50-54,1416
2014,GO,male,55-59,944
2014,GO,male,60-64,620
2014,GO,male,65+,786
2014,GO,male,<15,0
2014,GO,male,unknown,12
2014,MA,female,15,38
2014,MA,female,16,683
2014,MA,female,17,826
2014,MA,female,18,1128
2014,MA,female,19,1160
2014,MA,female,20-24,5572
2014,MA,female,25-29,5101
2014,MA,female,30-34,3577
2014,MA,female,35-39,2149
2014,MA,female,40-44,1396
2014,MA,female,45-49,863
2014,MA,female,50-54,546
2014,MA,female,55-59,293
2014,MA,female,60-64,196
2014,MA,female,65+,230
2014,MA,female,<15,12
2014,MA,female,unknown,11
2014,MA,male,15,8
2014,MA,male,16,31
2014,MA,male,17,86
2014,MA,male,18,335
2014,MA,male,19,549
2014,MA,male,20-24,4855
2014,MA,male,25-29,5773
2014,MA,male,30-34,4184
2014,MA,male,35-39,2637
2014,MA,male,40-44,1715
2014,MA,male,45-49,1084
2014,MA,male,50-54,831
2014,MA,male,55-59,548
2014,MA,male,60-64,439
2014,MA,male,65+,693
2014,MA,male,<15,2
2014,MA,male,unknown,11
2014,MG,female,15,53
2014,MG,female,16,2032
2014,MG,female,17,2691
2014,MG,female,18,4534
2014,MG,female,19,5014
2014,MG,female,20-24,28605
2014,MG,female,25-29,30055
2014,MG,female,30-34,20167
2014,MG,female,35-39,10090
2014,MG,female,40-44,5670
2014,MG,female,45-49,3854
2014,MG,female,50-54,2405
2014,MG,female,55-59,1376
2014,MG,female,60-64,765
2014,MG,female,65+,734
2014,MG,female,<15,12
2014,MG,female,unknown,0
2014,MG,male,15,9
2014,MG,male,16,62
2014,MG,male,17,190
2014,MG,male,18,925
2014,MG,male,19,1909
2014,MG,male,20-24,22201
2014,MG,male,25-29,32704
2014,MG,male,30-34,25443
2014,MG,male,35-39,13326
2014,MG,male,40-44,7269
2014,MG,male,45-49,4750
2014,MG,male,50-54,3223
2014,MG,male,55-59,2293
2014,MG,male,60-64,1566
2014,MG,male,65+,2184
2014,MG,male,<15,3
2014,MG,male,unknown,0
2014,MS,female,15,53
2014,MS,female,16,337
2014,MS,female,17,416
2014,MS,female,18,717
2014,MS,female,19,676
2014,MS,female,20-24,3621
2014,MS,female,25-29,3218
2014,MS,female,30-34,2285
2014,MS,female,35-39,1456
2014,MS,female,40-44,933
2014,MS,female,45-49,657
2014,MS,female,50-54,465
2014,MS,female,55-59,247
2014,MS,female,60-64,115
2014,MS,female,65+,85
2014,MS,female,<15,34
2014,MS,female,unknown,0
2014,MS,male,15,9
2014,MS,male,16,26
2014,MS,male,17,60
2014,MS,male,18,205
2014,MS,male,19,378
2014,MS,male,20-24,3126
2014,MS,male,25-29,3564
2014,MS,male,30-34,2696
2014,MS,male,35-39,1786
2014,MS,male,40-44,1173
2014,MS,male,45-49,807
2014,MS,male,50-54,574
2014,MS,male,55-59,356
2014,MS,male,60-64,235
2014,MS,male,65+,317
2014,MS,male,<15,3
2014,MS,male,unknown,0
2014,MT,female,15,8
2014,MT,female,16,424
2014,MT,female,17,536
2014,MT,female,18,777
2014,MT,female,19,796
2014,MT,female,20-24,3670
2014,MT,female,25-29,3406
2014,MT,female,30-34,2393
2014,MT,female,35-39,1513
2014,MT,female,40-44,986
2014,MT,female,45-49,657
2014,MT,female,50-54,429
2014,MT,female,55-59,251
2014,MT,female,60-64,121
2014,MT,female,65+,103
2014,MT,female,<15,3
2014,MT,female,unknown,11
2014,MT,male,15,0
2014,MT,male,16,16
2014,MT,male,17,50
2014,MT,male,18,233
2014,MT,male,19,354
2014,MT,male,20-24,3201
2014,MT,male,25-29,3943
2014,MT,male,30-34,2919
2014,MT,male,35-39,1772
2014,MT,male,40-44,1186
2014,MT,male,45-49,838
2014,MT,male,50-54,603
2014,MT,male,55-59,394
2014,MT,male,60-64,253
2014,MT,male,65+,311
2014,MT,male,<15,0
2014,MT,male,unknown,11
2014,PA,female,15,21
2014,PA,female,16,597
2014,PA,female,17,761
2014,PA,female,18,1312
2014,PA,female,19,1318
2014,PA,female,20-24,7169
2014,PA,female,25-29,7177
2014,PA,female,30-34,5533
2014,PA,female,35-39,3353
2014,PA,female,40-44,2162
2014,PA,female,45-49,1329
2014,PA,female,50-54,776
2014,PA,female,55-59,369
2014,PA,female,60-64,237
2014,PA,female,65+,222
2014,PA,female,<15,10
2014,PA,female,unknown,7
2014,PA,male,15,4
2014,PA,male,16,19
2014,PA,male,17,62
2014,PA,male,18,273
2014,PA,male,19,559
2014,PA,male,20-24,5583
2014,PA,male,25-29,7621
2014,PA,male,30-34,6273
2014,PA,male,35-39,4204
2014,PA,male,40-44,2726
2014,PA,male,45-49,1801
2014,PA,male,50-54,1196
2014,PA,male,55-59,741
2014,PA,male,60-64,583
2014,PA,male,65+,701
2014,PA,male,<15,0
2014,PA,male,unknown,7
2014,PB,female,15,14
2014,PB,female,16,567
2014,PB,female,17,684
2014,PB,female,18,934
2014,PB,female,19,978
2014,PB,female,20-24,5033
2014,PB,female,25-29,4760
2014,PB,female,30-34,3005
2014,PB,female,35-39,1775
2014,PB,female,40-44,1057
2014,PB,female,45-49,748
2014,PB,female,50-54,417
2014,PB,female,55-59,219
2014,PB,female,60-64,122
2014,PB,female,65+,147
2014,PB,female,<15,6
2014,PB,female,unknown,40
2014,PB,male,15,0
2014,PB,male,16,14
2014,PB,male,17,91
2014,PB,male,18,263
2014,PB,male,19,482
2014,PB,male,20-24,4511
2014,PB,male,25-29,5369
2014,PB,male,30-34,3629
2014,PB,male,35-39,2152
2014,PB,male,40-44,1286
2014,PB,male,45-49,916
2014,PB,male,50-54,581
2014,PB,male,55-59,387
2014,PB,male,60-64,287
2014,PB,male,65+,499
2014,PB,male,<15,0
2014,PB,male,unknown,39
2014,PE,female,15,26
2014,PE,female,16,1018
2014,PE,female,17,1242
2014,PE,female,18,2059
2014,PE,female,19,2172
2014,PE,female,20-24,12104
2014,PE,female,25-29,11798
2014,PE,female,30-34,8475
2014,PE,female,35-39,5110
2014,PE,female,40-44,3403
2014,PE,female,45-49,2270
2014,PE,female,50-54,1443
2014,PE,female,55-59,724
2014,PE,female,60-64,392
2014,PE,female,65+,403
2014,PE,female,<15,6
2014,PE,female,unknown,24
2014,PE,male,15,9
2014,PE,male,16,43
2014,PE,male,17,144
2014,PE,male,18,531
2014,PE,male,19,1018
2014,PE,male,20-24,10056
2014,PE,male,25-29,12744
2014,PE,male,30-34,9648
2014,PE,male,35-39,6257
2014,PE,male,40-44,4023
2014,PE,male,45-49,2682
2014,PE,male,50-54,1900
2014,PE,male,55-59,1242
2014,PE,male,60-64,863
2014,PE,male,65+,1492
2014,PE,male,<15,3
2014,PE,male,unknown,14
2014,PI,female,15,24
2014,PI,female,16,364
2014,PI,female,17,450
2014,PI,female,18,542
2014,PI,female,19,565
2014,PI,female,20-24,2886
2014,PI,female,25-29,2834
2014,PI,female,30-34,1821
2014,PI,female,35-39,1098
2014,PI,female,40-44,642
2014,PI,female,45-49,423
2014,PI,female,50-54,301
2014,PI,female,55-59,132
2014,PI,female,60-64,81
2014,PI,female,65+,75
2014,PI,female,<15,8
2014,PI,female,unknown,6
2014,PI,male,15,2
2014,PI,male,16,14
2014,PI,male,17,56
2014,PI,male,18,168
2014,PI,male,19,266
2014,PI,male,20-24,2527
2014,PI,male,25-29,3263
2014,PI,male,30-34,2170
2014,PI,male,35-39,1341
2014,PI,male,40-44,782
2014,PI,male,45-49,498
2014,PI,male,50-54,417
2014,PI,male,55-59,272
2014,PI,male,60-64,203
2014,PI,male,65+,268
2014,PI,male,<15,0
2014,PI,male,unknown,5
2014,PR,female,15,148
2014,PR,female,16,1436
2014,PR,female,17,1754
2014,PR,female,18,2755
2014,PR,female,19,3081
2014,PR,female,20-24,16174
2014,PR,female,25-29,14994
2014,PR,female,30-34,9349
2014,PR,female,35-39,5447
2014,PR,female,40-44,3256
2014,PR,female,45-49,2259
2014,PR,female,50-54,1437
2014,PR,female,55-59,809
2014,PR,female,60-64,429
2014,PR,female,65+,380
2014,PR,female,<15,130
2014,PR,female,unknown,28
2014,PR,male,15,14
2014,PR,male,16,98
2014,PR,male,17,261
2014,PR,male,18,871
2014,PR,male,19,1604
2014,PR,male,20-24,13535
2014,PR,male,25-29,16843
2014,PR,male,30-34,11820
2014,PR,male,35-39,6589
2014,PR,male,40-44,4077
2014,PR,male,45-49,2869
2014,PR,male,50-54,1888
2014,PR,male,55-59,1232
2014,PR,male,60-64,895
2014,PR,male,65+,1231
2014,PR,male,<15,9
2014,PR,male,unknown,30
2014,RJ,female,15,20
2014,RJ,female,16,546
2014,RJ,female,17,917
2014,RJ,female,18,2125
2014,RJ,female,19,3036
2014,RJ,female,20-24,20022
2014,RJ,female,25-29,22421
2014,RJ,female,30-34,16967
2014,RJ,female,35-39,9844
2014,RJ,female,40-44,6259
2014,RJ,female,45-49,4547
2014,RJ,female,50-54,3042
2014,RJ,female,55-59,1735
2014,RJ,female,60-64,1001
2014,RJ,female,65+,792
2014,RJ,female,<15,22
2014,RJ,female,unknown,7
2014,RJ,male,15,6
2014,RJ,male,16,12
2014,RJ,male,17,80
2014,RJ,male,18,388
2014,RJ,male,19,938
2014,RJ,male,20-24,14654
2014,RJ,male,25-29,22691
2014,RJ,male,30-34,19484
2014,RJ,male,35-39,11674
2014,RJ,male,40-44,7495
2014,RJ,male,45-49,5171
2014,RJ,male,50-54,3912
2014,RJ,male,55-59,2618
2014,RJ,male,60-64,1734
2014,RJ,male,65+,2435
2014,RJ,male,<15,4
2014,RJ,male,unknown,7
2014,RN,female,15,4
2014,RN,female,16,259
2014,RN,female,17,335
2014,RN,female,18,585
2014,RN,female,19,648
2014,RN,female,20-24,3587
2014,RN,female,25-29,3851
2014,RN,female,30-34,2542
2014,RN,female,35-39,1452
2014,RN,female,40-44,821
2014,RN,female,45-49,615
2014,RN,female,50-54,321
2014,RN,female,55-59,177
2014,RN,female,60-64,91
2014,RN,female,65+,97
2014,RN,female,<15,2
2014,RN,female,unknown,0
2014,RN,male,15,4
2014,RN,male,16,13
2014,RN,male,17,41
2014,RN,male,18,144
2014,RN,male,19,307
2014,RN,male,20-24,3005
2014,RN,male,25-29,4006
2014,RN,male,30-34,3048
2014,RN,male,35-39,1655
2014,RN,male,40-44,1122
2014,RN,male,45-49,738
2014,RN,male,50-54,499
2014,RN,male,55-59,308
2014,RN,male,60-64,174
2014,RN,male,65+,322
2014,RN,male,<15,1
2014,RN,male,unknown,0
2014,RO,female,15,19
2014,RO,female,16,508
2014,RO,female,17,583
2014,RO,female,18,770
2014,RO,female,19,799
2014,RO,female,20-24,3248
2014,RO,female,25-29,2571
2014,RO,female,30-34,1941
2014,RO,female,35-39,1275
2014,RO,female,40-44,897
2014,RO,female,45-49,624
2014,RO,female,50-54,362
2014,RO,female,55-59,208
2014,RO,female,60-64,120
2014,RO,female,65+,85
2014,RO,female,<15,13
2014,RO,female,unknown,1
2014,RO,male,15,1
2014,RO,male,16,14
2014,RO,male,17,44
2014,RO,male,18,210
2014,RO,male,19,389
2014,RO,male,20-24,3119
2014,RO,male,25-29,3071
2014,RO,male,30-34,2346
2014,RO,male,35-39,1606
2014,RO,male,40-44,990
2014,RO,male,45-49,798
2014,RO,male,50-54,526
2014,RO,male,55-59,373
2014,RO,male,60-64,248
2014,RO,male,65+,286
2014,RO,male,<15,1
2014,RO,male,unknown,2
2014,RR,female,15,0
2014,RR,female,16,50
2014,RR,female,17,54
2014,RR,female,18,119
2014,RR,female,19,106
2014,RR,female,20-24,566
2014,RR,female,25-29,520
2014,RR,female,30-34,398
2014,RR,female,35-39,291
2014,RR,female,40-44,163
2014,RR,female,45-49,117
2014,RR,female,50-54,80
2014,RR,female,55-59,38
2014,RR,female,60-64,11
2014,RR,female,65+,16
2014,RR,female,<15,0
2014,RR,female,unknown,0
2014,RR,male,15,0
2014,RR,male,16,1
2014,RR,male,17,5
2014,RR,male,18,33
2014,RR,male,19,43
2014,RR,male,20-24,467
2014,RR,male,25-29,592
2014,RR,male,30-34,483
2014,RR,male,35-39,285
2014,RR,male,40-44,205
2014,RR,male,45-49,156
2014,RR,male,50-54,111
2014,RR,male,55-59,66
2014,RR,male,60-64,40
2014,RR,male,65+,42
2014,RR,male,<15,0
2014,RR,male,unknown,0
2014,RS,female,15,18
2014,RS,female,16,748
2014,RS,female,17,901
2014,RS,female,18,1421
2014,RS,female,19,1556
2014,RS,female,20-24,8590
2014,RS,female,25-29,9619
2014,RS,female,30-34,7573
2014,RS,female,35-39,3874
2014,RS,female,40-44,2473
2014,RS,female,45-49,1803
2014,RS,female,50-54,1241
2014,RS,female,55-59,706
2014,RS,female,60-64,388
2014,RS,female,65+,340
2014,RS,female,<15,0
2014,RS,female,unknown,0
2014,RS,male,15,1
2014,RS,male,16,27
2014,RS,male,17,116
2014,RS,male,18,472
2014,RS,male,19,721
2014,RS,male,20-24,6967
2014,RS,male,25-29,9684
2014,RS,male,30-34,8650
2014,RS,male,35-39,5008
2014,RS,male,40-44,2952
2014,RS,male,45-49,2227
2014,RS,male,50-54,1658
2014,RS,male,55-59,1074
2014,RS,male,60-64,706
2014,RS,male,65+,988
2014,RS,male,<15,0
2014,RS,male,unknown,0
2014,SC,female,15,5
2014,SC,female,16,527
2014,SC,female,17,653
2014,SC,female,18,1241
2014,SC,female,19,1329
2014,SC,female,20-24,7968
2014,SC,female,25-29,8103
2014,SC,female,30-34,5341
2014,SC,female,35-39,2746
2014,SC,female,40-44,1598
2014,SC,female,45-49,1099
2014,SC,female,50-54,698
2014,SC,female,55-59,396
2014,SC,female,60-64,220
2014,SC,female,65+,136
2014,SC,female,<15,1
2014,SC,female,unknown,19
2014,SC,male,15,1
2014,SC,male,16,18
2014,SC,male,17,58
2014,SC,male,18,324
2014,SC,male,19,586
2014,SC,male,20-24,6123
2014,SC,male,25-29,8695
2014,SC,male,30-34,6730
2014,SC,male,35-39,3511
2014,SC,male,40-44,2116
2014,SC,male,45-49,1401
2014,SC,male,50-54,995
2014,SC,male,55-59,624
2014,SC,male,60-64,413
2014,SC,male,65+,465
2014,SC,male,<15,2
2014,SC,male,unknown,18
2014,SE,female,15,11
2014,SE,female,16,129
2014,SE,female,17,196
2014,SE,female,18,310
2014,SE,female,19,306
2014,SE,female,20-24,1930
2014,SE,female,25-29,2251
2014,SE,female,30-34,1511
2014,SE,female,35-39,797
2014,SE,female,40-44,551
2014,SE,female,45-49,375
2014,SE,female,50-54,200
2014,SE,female,55-59,97
2014,SE,female,60-64,62
2014,SE,female,65+,58
2014,SE,female,<15,4
2014,SE,female,unknown,0
2014,SE,male,15,1
2014,SE,male,16,5
2014,SE,male,17,14
2014,SE,male,18,82
2014,SE,male,19,130
2014,SE,male,20-24,1507
2014,SE,male,25-29,2306
2014,SE,male,30-34,1774
2014,SE,male,35-39,1010
2014,SE,male,40-44,660
2014,SE,male,45-49,457
2014,SE,male,50-54,342
2014,SE,male,55-59,179
2014,SE,male,60-64,130
2014,SE,male,65+,190
2014,SE,male,<15,1
2014,SE,male,unknown,0
2014,SP,female,15,63
2014,SP,female,16,3144
2014,SP,female,17,4309
2014,SP,female,18,8783
2014,SP,female,19,10235
2014,SP,female,20-24,64670
2014,SP,female,25-29,75325
2014,SP,female,30-34,54221
2014,SP,female,35-39,29932
2014,SP,female,40-44,17419
2014,SP,female,45-49,12001
2014,SP,female,50-54,7462
2014,SP,female,55-59,4025
2014,SP,female,60-64,2136
2014,SP,female,65+,1512
2014,SP,female,<15,26
2014,SP,female,unknown,164
2014,SP,male,15,1
2014,SP,male,16,109
2014,SP,male,17,475
2014,SP,male,18,2181
2014,SP,male,19,4308
2014,SP,male,20-24,50666
2014,SP,male,25-29,78023
2014,SP,male,30-34,63194
2014,SP,male,35-39,35935
2014,SP,male,40-44,21090
2014,SP,male,45-49,14281
2014,SP,male,50-54,9458
2014,SP,male,55-59,6365
2014,SP,male,60-64,4205
2014,SP,male,65+,5009
2014,SP,male,<15,0
2014,SP,male,unknown,127
2014,TO,female,15,5
2014,TO,female,16,250
2014,TO,female,17,243
2014,TO,female,18,348
2014,TO,female,19,323
2014,TO,female,20-24,1686
2014,TO,female,25-29,1565
2014,TO,female,30-34,1112
2014,TO,female,35-39,695
2014,TO,female,40-44,408
2014,TO,female,45-49,296
2014,TO,female,50-54,186
2014,TO,female,55-59,110
2014,TO,female,60-64,53
2014,TO,female,65+,48
2014,TO,female,<15,1
2014,TO,female,unknown,0
2014,TO,male,15,1
2014,TO,male,16,6
2014,TO,male,17,20
2014,TO,male,18,88
2014,TO,male,19,158
2014,TO,male,20-24,1483
2014,TO,male,25-29,1715
2014,TO,male,30-34,1312
2014,TO,male,35-39,839
2014,TO,male,40-44,551
2014,TO,male,45-49,377
2014,TO,male,50-54,249
2014,TO,male,55-59,169
2014,TO,male,60-64,146
2014,TO,male,65+,214
2014,TO,male,<15,1
2014,TO,male,unknown,0
2015,AC,female,15,1
2015,AC,female,16,93
2015,AC,female,17,89
2015,AC,female,18,223
2015,AC,female,19,219
2015,AC,female,20-24,1198
2015,AC,female,25-29,1057
2015,AC,female,30-34,895
2015,AC,female,35-39,571
2015,AC,female,40-44,403
2015,AC,female,45-49,222
2015,AC,female,50-54,120
2015,AC,female,55-59,68
2015,AC,female,60-64,33
2015,AC,female,65+,33
2015,AC,female,<15,1
2015,AC,female,unknown,12
2015,AC,male,15,1
2015,AC,male,16,1
2015,AC,male,17,4
2015,AC,male,18,53
2015,AC,male,19,87
2015,AC,male,20-24,907
2015,AC,male,25-29,1213
2015,AC,male,30-34,970
2015,AC,male,35-39,714
2015,AC,male,40-44,459
2015,AC,male,45-49,304
2015,AC,male,50-54,202
2015,AC,male,55-59,128
2015,AC,male,60-64,94
2015,AC,male,65+,88
2015,AC,male,<15,0
2015,AC,male,unknown,13
2015,AL,female,15,41
2015,AL,female,16,572
2015,AL,female,17,688
2015,AL,female,18,1022
2015,AL,female,19,1002
2015,AL,female,20-24,4437
2015,AL,female,25-29,3587
2015,AL,female,30-34,2529
2015,AL,female,35-39,1603
2015,AL,female,40-44,984
2015,AL,female,45-49,709
2015,AL,female,50-54,384
2015,AL,female,55-59,217
2015,AL,female,60-64,94
2015,AL,female,65+,106
2015,AL,female,<15,25
2015,AL,female,unknown,1
2015,AL,male,15,2
2015,AL,male,16,33
2015,AL,male,17,82
2015,AL,male,18,335
2015,AL,male,19,538
2015,AL,male,20-24,4310
2015,AL,male,25-29,4236
2015,AL,male,30-34,2879
2015,AL,male,35-39,1918
2015,AL,male,40-44,1219
2015,AL,male,45-49,760
2015,AL,male,50-54,609
2015,AL,male,55-59,407
2015,AL,male,60-64,266
2015,AL,male,65+,406
2015,AL,male,<15,0
2015,AL,male,unknown,1
2015,AM,female,15,24
2015,AM,female,16,199
2015,AM,female,17,300
2015,AM,female,18,586
2015,AM,female,19,713
2015,AM,female,20-24,4081
2015,AM,female,25-29,4009
2015,AM,female,30-34,3193
2015,AM,female,35-39,2128
2015,AM,female,40-44,1322
2015,AM,female,45-49,800
2015,AM,female,50-54,466
2015,AM,female,55-59,243
2015,AM,female,60-64,110
2015,AM,female,65+,103
2015,AM,female,<15,5
2015,AM,female,unknown,0
2015,AM,male,15,1
2015,AM,male,16,11
2015,AM,male,17,34
2015,AM,male,18,168
2015,AM,male,19,291
2015,AM,male,20-24,3227
2015,AM,male,25-29,4162
2015,AM,male,30-34,3488
2015,AM,male,35-39,2549
2015,AM,male,40-44,1609
2015,AM,male,45-49,1020
2015,AM,male,50-54,736
2015,AM,male,55-59,436
2015,AM,male,60-64,272
2015,AM,male,65+,278
2015,AM,male,<15,0
2015,AM,male,unknown,0
2015,AP,female,15,0
2015,AP,female,16,18
2015,AP,female,17,31
2015,AP,female,18,62
2015,AP,female,19,72
2015,AP,female,20-24,549
2015,AP,female,25-29,509
2015,AP,female,30-34,409
2015,AP,female,35-39,255
2015,AP,female,40-44,170
2015,AP,female,45-49,114
2015,AP,female,50-54,48
2015,AP,female,55-59,31
2015,AP,female,60-64,12
2015,AP,female,65+,16
2015,AP,female,<15,0
2015,AP,female,unknown,2
2015,AP,male,15,0
2015,AP,male,16,4
2015,AP,male,17,3
2015,AP,male,18,12
2015,AP,male,19,30
2015,AP,male,20-24,387
2015,AP,male,25-29,538
2015,AP,male,30-34,408
2015,AP,male,35-39,347
2015,AP,male,40-44,226
2015,AP,male,45-49,137
2015,AP,male,50-54,84
2015,AP,male,55-59,61
2015,AP,male,60-64,25
2015,AP,male,65+,34
2015,AP,male,<15,0
2015,AP,male,unknown,2
2015,BA,female,15,21
2015,BA,female,16,822
2015,BA,female,17,1279
2015,BA,female,18,2292
2015,BA,female,19,2420
2015,BA,female,20-24,13685
2015,BA,female,25-29,13491
2015,BA,female,30-34,10194
2015,BA,female,35-39,6071
2015,BA,female,40-44,3724
2015,BA,female,45-49,2501
2015,BA,female,50-54,1612
2015,BA,female,55-59,836
2015,BA,female,60-64,440
2015,BA,female,65+,472
2015,BA,female,<15,10
2015,BA,female,unknown,52
2015,BA,male,15,2
2015,BA,male,16,24
2015,BA,male,17,95
2015,BA,male,18,428
2015,BA,male,19,898
2015,BA,male,20-24,10704
2015,BA,male,25-29,14584
2015,BA,male,30-34,11985
2015,BA,male,35-39,7628
2015,BA,male,40-44,4436
2015,BA,male,45-49,3107
2015,BA,male,50-54,2177
2015,BA,male,55-59,1432
2015,BA,male,60-64,979
2015,BA,male,65+,1390
2015,BA,male,<15,0
2015,BA,male,unknown,53
2015,CE,female,15,29
2015,CE,female,16,952
2015,CE,female,17,1200
2015,CE,female,18,2106
2015,CE,female,19,2274
2015,CE,female,20-24,11816
2015,CE,female,25-29,10959
2015,CE,female,30-34,7229
2015,CE,female,35-39,4300
2015,CE,female,40-44,2695
2015,CE,female,45-49,1693
2015,CE,female,50-54,1018
2015,CE,female,55-59,426
2015,CE,female,60-64,215
2015,CE,female,65+,201
2015,CE,female,<15,5
2015,CE,female,unknown,3
2015,CE,male,15,3
2015,CE,male,16,46
2015,CE,male,17,169
2015,CE,male,18,623
2015,CE,male,19,1136
2015,CE,male,20-24,10142
2015,CE,male,25-29,12015
2015,CE,male,30-34,8689
2015,CE,male,35-39,5223
2015,CE,male,40-44,3240
2015,CE,male,45-49,2144
2015,CE,male,50-54,1498
2015,CE,male,55-59,885
2015,CE,male,60-64,546
2015,CE,male,65+,758
2015,CE,male,<15,1
2015,CE,male,unknown,3
2015,DF,female,15,6
2015,DF,female,16,148
2015,DF,female,17,196
2015,DF,female,18,553
2015,DF,female,19,640
2015,DF,female,20-24,4405
2015,DF,female,25-29,5150
2015,DF,female,30-34,3924
2015,DF,female,35-39,2072
2015,DF,female,40-44,1184
2015,DF,female,45-49,724
2015,DF,female,50-54,408
2015,DF,female,55-59,203
2015,DF,female,60-64,100
2015,DF,female,65+,65
2015,DF,female,<15,1
2015,DF,female,unknown,0
2015,DF,male,15,0
2015,DF,male,16,5
2015,DF,male,17,20
2015,DF,male,18,121
2015,DF,male,19,225
2015,DF,male,20-24,3456
2015,DF,male,25-29,5143
2015,DF,male,30-34,4298
2015,DF,male,35-39,2614
2015,DF,male,40-44,1490
2015,DF,male,45-49,958
2015,DF,male,50-54,592
2015,DF,male,55-59,340
2015,DF,male,60-64,238
2015,DF,male,65+,279
2015,DF,male,<15,0
2015,DF,male,unknown,0
2015,ES,female,15,8
2015,ES,female,16,452
2015,ES,female,17,622
2015,ES,female,18,1035
2015,ES,female,19,1151
2015,ES,female,20-24,6585
2015,ES,female,25-29,6822
2015,ES,female,30-34,4578
2015,ES,female,35-39,2672
2015,ES,female,40-44,1585
2015,ES,female,45-49,1104
2015,ES,female,50-54,756
2015,ES,female,55-59,475
2015,ES,female,60-64,220
2015,ES,female,65+,212
2015,ES,female,<15,2
2015,ES,female,unknown,1
2015,ES,male,15,1
2015,ES,male,16,18
2015,ES,male,17,51
2015,ES,male,18,235
2015,ES,male,19,452
2015,ES,male,20-24,5339
2015,ES,male,25-29,7259
2015,ES,male,30-34,5687
2015,ES,male,35-39,3338
2015,ES,male,40-44,1930
2015,ES,male,45-49,1301
2015,ES,male,50-54,938
2015,ES,male,55-59,660
2015,ES,male,60-64,480
2015,ES,male,65+,590
2015,ES,male,<15,0
2015,ES,male,unknown,1
2015,GO,female,15,21
2015,GO,female,16,888
2015,GO,female,17,1141
2015,GO,female,18,1834
2015,GO,female,19,1982
2015,GO,female,20-24,10506
2015,GO,female,25-29,9475
2015,GO,female,30-34,6480
2015,GO,female,35-39,3941
2015,GO,female,40-44,2555
2015,GO,female,45-49,1758
2015,GO,female,50-54,1052
2015,GO,female,55-59,558
2015,GO,female,60-64,306
2015,GO,female,65+,225
2015,GO,female,<15,7
2015,GO,female,unknown,6
2015,GO,male,15,1
2015,GO,male,16,28
2015,GO,male,17,109
2015,GO,male,18,484
2015,GO,male,19,924
2015,GO,male,20-24,8814
2015,GO,male,25-29,10621
2015,GO,male,30-34,7924
2015,GO,male,35-39,4903
2015,GO,male,40-44,3147
2015,GO,male,45-49,2119
2015,GO,male,50-54,1397
2015,GO,male,55-59,928
2015,GO,male,60-64,580
2015,GO,male,65+,752
2015,GO,male,<15,0
2015,GO,male,unknown,4
2015,MA,female,15,22
2015,MA,female,16,600
2015,MA,female,17,727
2015,MA,female,18,1185
2015,MA,female,19,1232
2015,MA,female,20-24,5928
2015,MA,female,25-29,5447
2015,MA,female,30-34,4150
2015,MA,female,35-39,2511
2015,MA,female,40-44,1637
2015,MA,female,45-49,970
2015,MA,female,50-54,594
2015,MA,female,55-59,320
2015,MA,female,60-64,216
2015,MA,female,65+,216
2015,MA,female,<15,3
2015,MA,female,unknown,23
2015,MA,male,15,4
2015,MA,male,16,27
2015,MA,male,17,87
2015,MA,male,18,329
2015,MA,male,19,565
2015,MA,male,20-24,5002
2015,MA,male,25-29,5991
2015,MA,male,30-34,4767
2015,MA,male,35-39,3124
2015,MA,male,40-44,1944
2015,MA,male,45-49,1273
2015,MA,male,50-54,875
2015,MA,male,55-59,603
2015,MA,male,60-64,476
2015,MA,male,65+,704
2015,MA,male,<15,1
2015,MA,male,unknown,9
2015,MG,female,15,39
2015,MG,female,16,1834
2015,MG,female,17,2431
2015,MG,female,18,4366
2015,MG,female,19,5010
2015,MG,female,20-24,28835
2015,MG,female,25-29,30557
2015,MG,female,30-34,20521
2015,MG,female,35-39,10700
2015,MG,female,40-44,5983
2015,MG,female,45-49,4033
2015,MG,female,50-54,2641
2015,MG,female,55-59,1473
2015,MG,female,60-64,736
2015,MG,female,65+,669
2015,MG,female,<15,6
2015,MG,female,unknown,1
2015,MG,male,15,1
2015,MG,male,16,50
2015,MG,male,17,172
2015,MG,male,18,859
2015,MG,male,19,1857
2015,MG,male,20-24,22279
2015,MG,male,25-29,32510
2015,MG,male,30-34,25654
2015,MG,male,35-39,14128
2015,MG,male,40-44,7772
2015,MG,male,45-49,4971
2015,MG,male,50-54,3409
2015,MG,male,55-59,2467
2015,MG,male,60-64,1556
2015,MG,male,65+,2148
2015,MG,male,<15,1
2015,MG,male,unknown,1
2015,MS,female,15,68
2015,MS,female,16,299
2015,MS,female,17,379
2015,MS,female,18,714
2015,MS,female,19,778
2015,MS,female,20-24,4077
2015,MS,female,25-29,3746
2015,MS,female,30-34,2616
2015,MS,female,35-39,1785
2015,MS,female,40-44,1124
2015,MS,female,45-49,738
2015,MS,female,50-54,463
2015,MS,female,55-59,272
2015,MS,female,60-64,126
2015,MS,female,65+,103
2015,MS,female,<15,46
2015,MS,female,unknown,18
2015,MS,male,15,13
2015,MS,male,16,36
2015,MS,male,17,79
2015,MS,male,18,261
2015,MS,male,19,369
2015,MS,male,20-24,3381
2015,MS,male,25-29,4113
2015,MS,male,30-34,3121
2015,MS,male,35-39,2031
2015,MS,male,40-44,1354
2015,MS,male,45-49,925
2015,MS,male,50-54,662
2015,MS,male,55-59,413
2015,MS,male,60-64,252
2015,MS,male,65+,318
2015,MS,male,<15,7
2015,MS,male,unknown,17
2015,MT,female,15,3
2015,MT,female,16,390
2015,MT,female,17,433
2015,MT,female,18,706
2015,MT,female,19,760
2015,MT,female,20-24,3709
2015,MT,female,25-29,3440
2015,MT,female,30-34,2580
2015,MT,female,35-39,1654
2015,MT,female,40-44,1090
2015,MT,female,45-49,669
2015,MT,female,50-54,416
2015,MT,female,55-59,240
2015,MT,female,60-64,113
2015,MT,female,65+,92
2015,MT,female,<15,3
2015,MT,female,unknown,4
2015,MT,male,15,1
2015,MT,male,16,13
2015,MT,male,17,55
2015,MT,male,18,215
2015,MT,male,19,343
2015,MT,male,20-24,3088
2015,MT,male,25-29,3891
2015,MT,male,30-34,2951
2015,MT,male,35-39,2001
2015,MT,male,40-44,1310
2015,MT,male,45-49,908
2015,MT,male,50-54,602
2015,MT,male,55-59,395
2015,MT,male,60-64,265
2015,MT,male,65+,259
2015,MT,male,<15,0
2015,MT,male,unknown,5
2015,PA,female,15,16
2015,PA,female,16,521
2015,PA,female,17,663
2015,PA,female,18,1262
2015,PA,female,19,1348
2015,PA,female,20-24,6995
2015,PA,female,25-29,6953
2015,PA,female,30-34,5415
2015,PA,female,35-39,3458
2015,PA,female,40-44,2102
2015,PA,female,45-49,1378
2015,PA,female,50-54,757
2015,PA,female,55-59,430
2015,PA,female,60-64,255
2015,PA,female,65+,228
2015,PA,female,<15,2
2015,PA,female,unknown,4
2015,PA,male,15,4
2015,PA,male,16,19
2015,PA,male,17,54
2015,PA,male,18,281
2015,PA,male,19,489
2015,PA,male,20-24,5660
2015,PA,male,25-29,7229
2015,PA,male,30-34,6199
2015,PA,male,35-39,4045
2015,PA,male,40-44,2769
2015,PA,male,45-49,1734
2015,PA,male,50-54,1220
2015,PA,male,55-59,819
2015,PA,male,60-64,549
2015,PA,male,65+,711
2015,PA,male,<15,1
2015,PA,male,unknown,4
2015,PB,female,15,16
2015,PB,female,16,447
2015,PB,female,17,582
2015,PB,female,18,873
2015,PB,female,19,901
2015,PB,female,20-24,4722
2015,PB,female,25-29,4421
2015,PB,female,30-34,2775
2015,PB,female,35-39,1624
2015,PB,female,40-44,1009
2015,PB,female,45-49,695
2015,PB,female,50-54,406
2015,PB,female,55-59,187
2015,PB,female,60-64,110
2015,PB,female,65+,99
2015,PB,female,<15,8
2015,PB,female,unknown,50
2015,PB,male,15,1
2015,PB,male,16,25
2015,PB,male,17,73
2015,PB,male,18,251
2015,PB,male,19,472
2015,PB,male,20-24,4084
2015,PB,male,25-29,4851
2015,PB,male,30-34,3442
2015,PB,male,35-39,2046
2015,PB,male,40-44,1225
2015,PB,male,45-49,847
2015,PB,male,50-54,557
2015,PB,male,55-59,353
2015,PB,male,60-64,241
2015,PB,male,65+,408
2015,PB,male,<15,0
2015,PB,male,unknown,49
2015,PE,female,15,20
2015,PE,female,16,866
2015,PE,female,17,1113
2015,PE,female,18,1891
2015,PE,female,19,2130
2015,PE,female,20-24,11463
2015,PE,female,25-29,11417
2015,PE,female,30-34,8266
2015,PE,female,35-39,5185
2015,PE,female,40-44,3346
2015,PE,female,45-49,2228
2015,PE,female,50-54,1429
2015,PE,female,55-59,684
2015,PE,female,60-64,344
2015,PE,female,65+,306
2015,PE,female,<15,5
2015,PE,female,unknown,23
2015,PE,male,15,3
2015,PE,male,16,41
2015,PE,male,17,133
2015,PE,male,18,466
2015,PE,male,19,919
2015,PE,male,20-24,9590
2015,PE,male,25-29,12260
2015,PE,male,30-34,9382
2015,PE,male,35-39,6103
2015,PE,male,40-44,4037
2015,PE,male,45-49,2673
2015,PE,male,50-54,1831
2015,PE,male,55-59,1184
2015,PE,male,60-64,846
2015,PE,male,65+,1228
2015,PE,male,<15,0
2015,PE,male,unknown,20
2015,PI,female,15,12
2015,PI,female,16,303
2015,PI,female,17,387
2015,PI,female,18,534
2015,PI,female,19,593
2015,PI,female,20-24,2765
2015,PI,female,25-29,2919
2015,PI,female,30-34,1927
2015,PI,female,35-39,1125
2015,PI,female,40-44,718
2015,PI,female,45-49,467
2015,PI,female,50-54,315
2015,PI,female,55-59,123
2015,PI,female,60-64,69
2015,PI,female,65+,90
2015,PI,female,<15,7
2015,PI,female,unknown,7
2015,PI,male,15,1
2015,PI,male,16,8
2015,PI,male,17,29
2015,PI,male,18,135
2015,PI,male,19,251
2015,PI,male,20-24,2393
2015,PI,male,25-29,3202
2015,PI,male,30-34,2378
2015,PI,male,35-39,1375
2015,PI,male,40-44,814
2015,PI,male,45-49,587
2015,PI,male,50-54,443
2015,PI,male,55-59,304
2015,PI,male,60-64,172
2015,PI,male,65+,266
2015,PI,male,<15,0
2015,PI,male,unknown,3
2015,PR,female,15,156
2015,PR,female,16,1312
2015,PR,female,17,1599
2015,PR,female,18,2711
2015,PR,female,19,2931
2015,PR,female,20-24,16291
2015,PR,female,25-29,15571
2015,PR,female,30-34,9726
2015,PR,female,35-39,5762
2015,PR,female,40-44,3376
2015,PR,female,45-49,2389
2015,PR,female,50-54,1462
2015,PR,female,55-59,781
2015,PR,female,60-64,406
2015,PR,female,65+,369
2015,PR,female,<15,117
2015,PR,female,unknown,8
2015,PR,male,15,16
2015,PR,male,16,81
2015,PR,male,17,229
2015,PR,male,18,856
2015,PR,male,19,1472
2015,PR,male,20-24,13526
2015,PR,male,25-29,17006
2015,PR,male,30-34,12245
2015,PR,male,35-39,7168
2015,PR,male,40-44,4372
2015,PR,male,45-49,2872
2015,PR,male,50-54,1845
2015,PR,male,55-59,1322
2015,PR,male,60-64,808
2015,PR,male,65+,1141
2015,PR,male,<15,1
2015,PR,male,unknown,7
2015,RJ,female,15,30
2015,RJ,female,16,540
2015,RJ,female,17,896
2015,RJ,female,18,2368
2015,RJ,female,19,3157
2015,RJ,female,20-24,22846
2015,RJ,female,25-29,24859
2015,RJ,female,30-34,18523
2015,RJ,female,35-39,11734
2015,RJ,female,40-44,7543
2015,RJ,female,45-49,5318
2015,RJ,female,50-54,3542
2015,RJ,female,55-59,2076
2015,RJ,female,60-64,1165
2015,RJ,female,65+,851
2015,RJ,female,<15,5
2015,RJ,female,unknown,1
2015,RJ,male,15,1
2015,RJ,male,16,16
2015,RJ,male,17,93
2015,RJ,male,18,464
2015,RJ,male,19,1092
2015,RJ,male,20-24,16350
2015,RJ,male,25-29,25179
2015,RJ,male,30-34,21333
2015,RJ,male,35-39,13707
2015,RJ,male,40-44,8747
2015,RJ,male,45-49,6240
2015,RJ,male,50-54,4504
2015,RJ,male,55-59,3176
2015,RJ,male,60-64,1972
2015,RJ,male,65+,2578
2015,RJ,male,<15,1
2015,RJ,male,unknown,1
2015,RN,female,15,4
2015,RN,female,16,248
2015,RN,female,17,321
2015,RN,female,18,544
2015,RN,female,19,637
2015,RN,female,20-24,3715
2015,RN,female,25-29,4025
2015,RN,female,30-34,2634
2015,RN,female,35-39,1594
2015,RN,female,40-44,962
2015,RN,female,45-49,650
2015,RN,female,50-54,380
2015,RN,female,55-59,166
2015,RN,female,60-64,77
2015,RN,female,65+,96
2015,RN,female,<15,1
2015,RN,female,unknown,2
2015,RN,male,15,0
2015,RN,male,16,19
2015,RN,male,17,44
2015,RN,male,18,148
2015,RN,male,19,281
2015,RN,male,20-24,3006
2015,RN,male,25-29,4135
2015,RN,male,30-34,3170
2015,RN,male,35-39,1923
2015,RN,male,40-44,1136
2015,RN,male,45-49,824
2015,RN,male,50-54,545
2015,RN,male,55-59,300
2015,RN,male,60-64,202
2015,RN,male,65+,320
2015,RN,male,<15,1
2015,RN,male,unknown,2
2015,RO,female,15,15
2015,RO,female,16,535
2015,RO,female,17,560
2015,RO,female,18,819
2015,RO,female,19,796
2015,RO,female,20-24,3343
2015,RO,female,25-29,2803
2015,RO,female,30-34,2059
2015,RO,female,35-39,1407
2015,RO,female,40-44,966
2015,RO,female,45-49,670
2015,RO,female,50-54,386
2015,RO,female,55-59,243
2015,RO,female,60-64,140
2015,RO,female,65+,115
2015,RO,female,<15,9
2015,RO,female,unknown,8
2015,RO,male,15,1
2015,RO,male,16,10
2015,RO,male,17,33
2015,RO,male,18,202
2015,RO,male,19,423
2015,RO,male,20-24,3165
2015,RO,male,25-29,3269
2015,RO,male,30-34,2438
2015,RO,male,35-39,1736
2015,RO,male,40-44,1112
2015,RO,male,45-49,852
2015,RO,male,50-54,660
2015,RO,male,55-59,371
2015,RO,male,60-64,254
2015,RO,male,65+,338
2015,RO,male,<15,1
2015,RO,male,unknown,9
2015,RR,female,15,1
2015,RR,female,16,30
2015,RR,female,17,53
2015,RR,female,18,88
2015,RR,female,19,107
2015,RR,female,20-24,600
2015,RR,female,25-29,550
2015,RR,female,30-34,410
2015,RR,female,35-39,283
2015,RR,female,40-44,181
2015,RR,female,45-49,115
2015,RR,female,50-54,67
2015,RR,female,55-59,51
2015,RR,female,60-64,16
2015,RR,female,65+,15
2015,RR,female,<15,0
2015,RR,female,unknown,1
2015,RR,male,15,0
2015,RR,male,16,2
2015,RR,male,17,3
2015,RR,male,18,28
2015,RR,male,19,40
2015,RR,male,20-24,462
2015,RR,male,25-29,529
2015,RR,male,30-34,511
2015,RR,male,35-39,328
2015,RR,male,40-44,225
2015,RR,male,45-49,165
2015,RR,male,50-54,107
2015,RR,male,55-59,75
2015,RR,male,60-64,51
2015,RR,male,65+,42
2015,RR,male,<15,0
2015,RR,male,unknown,0
2015,RS,female,15,17
2015,RS,female,16,720
2015,RS,female,17,778
2015,RS,female,18,1370
2015,RS,female,19,1450
2015,RS,female,20-24,8412
2015,RS,female,25-29,9504
2015,RS,female,30-34,7536
2015,RS,female,35-39,4363
2015,RS,female,40-44,2530
2015,RS,female,45-49,1851
2015,RS,female,50-54,1305
2015,RS,female,55-59,648
2015,RS,female,60-64,378
2015,RS,female,65+,334
2015,RS,female,<15,6
2015,RS,female,unknown,3
2015,RS,male,15,0
2015,RS,male,16,35
2015,RS,male,17,116
2015,RS,male,18,423
2015,RS,male,19,661
2015,RS,male,20-24,6951
2015,RS,male,25-29,9332
2015,RS,male,30-34,8671
2015,RS,male,35-39,5272
2015,RS,male,40-44,3067
2015,RS,male,45-49,2248
2015,RS,male,50-54,1613
2015,RS,male,55-59,1111
2015,RS,male,60-64,753
2015,RS,male,65+,949
2015,RS,male,<15,0
2015,RS,male,unknown,3
2015,SC,female,15,6
2015,SC,female,16,547
2015,SC,female,17,600
2015,SC,female,18,1193
2015,SC,female,19,1299
2015,SC,female,20-24,7966
2015,SC,female,25-29,8320
2015,SC,female,30-34,5398
2015,SC,female,35-39,2970
2015,SC,female,40-44,1744
2015,SC,female,45-49,1179
2015,SC,female,50-54,723
2015,SC,female,55-59,421
2015,SC,female,60-64,220
2015,SC,female,65+,210
2015,SC,female,<15,3
2015,SC,female,unknown,21
2015,SC,male,15,0
2015,SC,male,16,18
2015,SC,male,17,64
2015,SC,male,18,322
2015,SC,male,19,607
2015,SC,male,20-24,6175
2015,SC,male,25-29,8652
2015,SC,male,30-34,6825
2015,SC,male,35-39,3778
2015,SC,male,40-44,2265
2015,SC,male,45-49,1427
2015,SC,male,50-54,1046
2015,SC,male,55-59,662
2015,SC,male,60-64,443
2015,SC,male,65+,514
2015,SC,male,<15,0
2015,SC,male,unknown,22
2015,SE,female,15,11
2015,SE,female,16,116
2015,SE,female,17,175
2015,SE,female,18,293
2015,SE,female,19,299
2015,SE,female,20-24,1843
2015,SE,female,25-29,2098
2015,SE,female,30-34,1398
2015,SE,female,35-39,815
2015,SE,female,40-44,513
2015,SE,female,45-49,305
2015,SE,female,50-54,172
2015,SE,female,55-59,90
2015,SE,female,60-64,51
2015,SE,female,65+,37
2015,SE,female,<15,2
2015,SE,female,unknown,0
2015,SE,male,15,1
2015,SE,male,16,1
2015,SE,male,17,13
2015,SE,male,18,60
2015,SE,male,19,129
2015,SE,male,20-24,1520
2015,SE,male,25-29,2089
2015,SE,male,30-34,1673
2015,SE,male,35-39,994
2015,SE,male,40-44,576
2015,SE,male,45-49,415
2015,SE,male,50-54,314
2015,SE,male,55-59,159
2015,SE,male,60-64,112
2015,SE,male,65+,162
2015,SE,male,<15,0
2015,SE,male,unknown,0
2015,SP,female,15,63
2015,SP,female,16,2861
2015,SP,female,17,3836
2015,SP,female,18,8609
2015,SP,female,19,10184
2015,SP,female,20-24,65572
2015,SP,female,25-29,76407
2015,SP,female,30-34,55679
2015,SP,female,35-39,32503
2015,SP,female,40-44,18984
2015,SP,female,45-49,12460
2015,SP,female,50-54,7786
2015,SP,female,55-59,4341
2015,SP,female,60-64,2252
2015,SP,female,65+,1623
2015,SP,female,<15,8
2015,SP,female,unknown,215
2015,SP,male,15,0
2015,SP,male,16,110
2015,SP,male,17,452
2015,SP,male,18,2057
2015,SP,male,19,4199
2015,SP,male,20-24,50762
2015,SP,male,25-29,78678
2015,SP,male,30-34,64862
2015,SP,male,35-39,38231
2015,SP,male,40-44,22850
2015,SP,male,45-49,14952
2015,SP,male,50-54,10180
2015,SP,male,55-59,6636
2015,SP,male,60-64,4233
2015,SP,male,65+,5000
2015,SP,male,<15,0
2015,SP,male,unknown,181
2015,TO,female,15,2
2015,TO,female,16,181
2015,TO,female,17,232
2015,TO,female,18,358
2015,TO,female,19,379
2015,TO,female,20-24,1735
2015,TO,female,25-29,1594
2015,TO,female,30-34,1100
2015,TO,female,35-39,678
2015,TO,female,40-44,456
2015,TO,female,45-49,324
2015,TO,female,50-54,198
2015,TO,female,55-59,95
2015,TO,female,60-64,74
2015,TO,female,65+,67
2015,TO,female,<15,0
2015,TO,female,unknown,1
2015,TO,male,15,0
2015,TO,male,16,7
2015,TO,male,17,19
2015,TO,male,18,98
2015,TO,male,19,167
2015,TO,male,20-24,1496
2015,TO,male,25-29,1696
2015,TO,male,30-34,1351
2015,TO,male,35-39,854
2015,TO,male,40-44,549
2015,TO,male,45-49,407
2015,TO,male,50-54,306
2015,TO,male,55-59,195
2015,TO,male,60-64,130
2015,TO,male,65+,198
2015,TO,male,<15,0
2015,TO,male,unknown,1
2016,AC,female,15,1
2016,AC,female,16,64
2016,AC,female,17,110
2016,AC,female,18,229
2016,AC,female,19,216
2016,AC,female,20-24,1185
2016,AC,female,25-29,1077
2016,AC,female,30-34,844
2016,AC,female,35-39,561
2016,AC,female,40-44,320
2016,AC,female,45-49,223
2016,AC,female,50-54,137
2016,AC,female,55-59,69
2016,AC,female,60-64,35
2016,AC,female,65+,43
2016,AC,female,<15,0
2016,AC,female,unknown,2
2016,AC,male,15,0
2016,AC,male,16,1
2016,AC,male,17,10
2016,AC,male,18,35
2016,AC,male,19,70
2016,AC,male,20-24,942
2016,AC,male,25-29,1126
2016,AC,male,30-34,993
2016,AC,male,35-39,659
2016,AC,male,40-44,486
2016,AC,male,45-49,291
2016,AC,male,50-54,209
2016,AC,male,55-59,108
2016,AC,male,60-64,81
2016,AC,male,65+,103
2016,AC,male,<15,0
2016,AC,male,unknown,2
2016,AL,female,15,17
2016,AL,female,16,415
2016,AL,female,17,479
2016,AL,female,18,820
2016,AL,female,19,788
2016,AL,female,20-24,3989
2016,AL,female,25-29,3199
2016,AL,female,30-34,2248
2016,AL,female,35-39,1423
2016,AL,female,40-44,905
2016,AL,female,45-49,663
2016,AL,female,50-54,416
2016,AL,female,55-59,207
2016,AL,female,60-64,97
2016,AL,female,65+,81
2016,AL,female,<15,10
2016,AL,female,unknown,0
2016,AL,male,15,1
2016,AL,male,16,20
2016,AL,male,17,84
2016,AL,male,18,248
2016,AL,male,19,392
2016,AL,male,20-24,3688
2016,AL,male,25-29,3529
2016,AL,male,30-34,2631
2016,AL,male,35-39,1731
2016,AL,male,40-44,1130
2016,AL,male,45-49,774
2016,AL,male,50-54,559
2016,AL,male,55-59,354
2016,AL,male,60-64,251
2016,AL,male,65+,365
2016,AL,male,<15,0
2016,AL,male,unknown,0
2016,AM,female,15,17
2016,AM,female,16,165
2016,AM,female,17,248
2016,AM,female,18,548
2016,AM,female,19,613
2016,AM,female,20-24,3712
2016,AM,female,25-29,3650
2016,AM,female,30-34,2958
2016,AM,female,35-39,2044
2016,AM,female,40-44,1246
2016,AM,female,45-49,775
2016,AM,female,50-54,479
2016,AM,female,55-59,238
2016,AM,female,60-64,108
2016,AM,female,65+,102
2016,AM,female,<15,4
2016,AM,female,unknown,0
2016,AM,male,15,0
2016,AM,male,16,12
2016,AM,male,17,34
2016,AM,male,18,131
2016,AM,male,19,259
2016,AM,male,20-24,2879
2016,AM,male,25-29,3579
2016,AM,male,30-34,3398
2016,AM,male,35-39,2448
2016,AM,male,40-44,1572
2016,AM,male,45-49,977
2016,AM,male,50-54,662
2016,AM,male,55-59,406
2016,AM,male,60-64,256
2016,AM,male,65+,294
2016,AM,male,<15,0
2016,AM,male,unknown,0
2016,AP,female,15,3
2016,AP,female,16,15
2016,AP,female,17,32
2016,AP,female,18,75
2016,AP,female,19,74
2016,AP,female,20-24,582
2016,AP,female,25-29,617
2016,AP,female,30-34,550
2016,AP,female,35-39,314
2016,AP,female,40-44,224
2016,AP,female,45-49,130
2016,AP,female,50-54,64
2016,AP,female,55-59,36
2016,AP,female,60-64,22
2016,AP,female,65+,20
2016,AP,female,<15,0
2016,AP,female,unknown,0
2016,AP,male,15,0
2016,AP,male,16,0
2016,AP,male,17,4
2016,AP,male,18,11
2016,AP,male,19,40
2016,AP,male,20-24,432
2016,AP,male,25-29,612
2016,AP,male,30-34,548
2016,AP,male,35-39,380
2016,AP,male,40-44,271
2016,AP,male,45-49,190
2016,AP,male,50-54,116
2016,AP,male,55-59,66
2016,AP,male,60-64,38
2016,AP,male,65+,50
2016,AP,male,<15,0
2016,AP,male,unknown,0
2016,BA,female,15,16
2016,BA,female,16,794
2016,BA,female,17,1155
2016,BA,female,18,2123
2016,BA,female,19,2277
2016,BA,female,20-24,13591
2016,BA,female,25-29,12995
2016,BA,female,30-34,10491
2016,BA,female,35-39,6782
2016,BA,female,40-44,3972
2016,BA,female,45-49,2718
2016,BA,female,50-54,1726
2016,BA,female,55-59,913
2016,BA,female,60-64,499
2016,BA,female,65+,507
2016,BA,female,<15,6
2016,BA,female,unknown,2
2016,BA,male,15,0
2016,BA,male,16,22
2016,BA,male,17,86
2016,BA,male,18,438
2016,BA,male,19,853
2016,BA,male,20-24,10439
2016,BA,male,25-29,13607
2016,BA,male,30-34,12449
2016,BA,male,35-39,8030
2016,BA,male,40-44,4866
2016,BA,male,45-49,3344
2016,BA,male,50-54,2402
2016,BA,male,55-59,1573
2016,BA,male,60-64,954
2016,BA,male,65+,1501
2016,BA,male,<15,0
2016,BA,male,unknown,3
2016,CE,female,15,15
2016,CE,female,16,865
2016,CE,female,17,993
2016,CE,female,18,1896
2016,CE,female,19,2065
2016,CE,female,20-24,10898
2016,CE,female,25-29,9855
2016,CE,female,30-34,6915
2016,CE,female,35-39,4172
2016,CE,female,40-44,2584
2016,CE,female,45-49,1692
2016,CE,female,50-54,1050
2016,CE,female,55-59,453
2016,CE,female,60-64,245
2016,CE,female,65+,198
2016,CE,female,<15,1
2016,CE,female,unknown,10
2016,CE,male,15,1
2016,CE,male,16,49
2016,CE,male,17,126
2016,CE,male,18,556
2016,CE,male,19,887
2016,CE,male,20-24,9401
2016,CE,male,25-29,10806
2016,CE,male,30-34,8093
2016,CE,male,35-39,5074
2016,CE,male,40-44,3139
2016,CE,male,45-49,2069
2016,CE,male,50-54,1474
2016,CE,male,55-59,812
2016,CE,male,60-64,585
2016,CE,male,65+,830
2016,CE,male,<15,0
2016,CE,male,unknown,5
2016,DF,female,15,1
2016,DF,female,16,112
2016,DF,female,17,184
2016,DF,female,18,511
2016,DF,female,19,665
2016,DF,female,20-24,4499
2016,DF,female,25-29,5094
2016,DF,female,30-34,3910
2016,DF,female,35-39,2440
2016,DF,female,40-44,1348
2016,DF,female,45-49,773
2016,DF,female,50-54,403
2016,DF,female,55-59,208
2016,DF,female,60-64,96
2016,DF,female,65+,68
2016,DF,female,<15,0
2016,DF,female,unknown,0
2016,DF,male,15,0
2016,DF,male,16,7
2016,DF,male,17,12
2016,DF,male,18,125
2016,DF,male,19,236
2016,DF,male,20-24,3474
2016,DF,male,25-29,5105
2016,DF,male,30-34,4313
2016,DF,male,35-39,2830
2016,DF,male,40-44,1587
2016,DF,male,45-49,1045
2016,DF,male,50-54,687
2016,DF,male,55-59,408
2016,DF,male,60-64,219
2016,DF,male,65+,264
2016,DF,male,<15,0
2016,DF,male,unknown,0
2016,ES,female,15,8
2016,ES,female,16,368
2016,ES,female,17,446
2016,ES,female,18,928
2016,ES,female,19,1057
2016,ES,female,20-24,6010
2016,ES,female,25-29,6197
2016,ES,female,30-34,4272
2016,ES,female,35-39,2729
2016,ES,female,40-44,1625
2016,ES,female,45-49,1139
2016,ES,female,50-54,788
2016,ES,female,55-59,444
2016,ES,female,60-64,251
2016,ES,female,65+,187
2016,ES,female,<15,0
2016,ES,female,unknown,1
2016,ES,male,15,0
2016,ES,male,16,7
2016,ES,male,17,36
2016,ES,male,18,192
2016,ES,male,19,372
2016,ES,male,20-24,4704
2016,ES,male,25-29,6634
2016,ES,male,30-34,5299
2016,ES,male,35-39,3294
2016,ES,male,40-44,1899
2016,ES,male,45-49,1325
2016,ES,male,50-54,978
2016,ES,male,55-59,659
2016,ES,male,60-64,446
2016,ES,male,65+,604
2016,ES,male,<15,0
2016,ES,male,unknown,1
2016,GO,female,15,8
2016,GO,female,16,690
2016,GO,female,17,862
2016,GO,female,18,1681
2016,GO,female,19,1680
2016,GO,female,20-24,9343
2016,GO,female,25-29,8584
2016,GO,female,30-34,5767
2016,GO,female,35-39,3808
2016,GO,female,40-44,2385
2016,GO,female,45-49,1697
2016,GO,female,50-54,1062
2016,GO,female,55-59,552
2016,GO,female,60-64,295
2016,GO,female,65+,232
2016,GO,female,<15,3
2016,GO,female,unknown,5
2016,GO,male,15,0
2016,GO,male,16,26
2016,GO,male,17,102
2016,GO,male,18,430
2016,GO,male,19,725
2016,GO,male,20-24,7777
2016,GO,male,25-29,9376
2016,GO,male,30-34,7189
2016,GO,male,35-39,4566
2016,GO,male,40-44,2926
2016,GO,male,45-49,1971
2016,GO,male,50-54,1336
2016,GO,male,55-59,867
2016,GO,male,60-64,592
2016,GO,male,65+,769
2016,GO,male,<15,0
2016,GO,male,unknown,2
2016,MA,female,15,15
2016,MA,female,16,574
2016,MA,female,17,644
2016,MA,female,18,1093
2016,MA,female,19,1130
2016,MA,female,20-24,5372
2016,MA,female,25-29,4865
2016,MA,female,30-34,3644
2016,MA,female,35-39,2351
2016,MA,female,40-44,1455
2016,MA,female,45-49,949
2016,MA,female,50-54,578
2016,MA,female,55-59,312
2016,MA,female,60-64,212
2016,MA,female,65+,232
2016,MA,female,<15,7
2016,MA,female,unknown,51
2016,MA,male,15,2
2016,MA,male,16,25
2016,MA,male,17,80
2016,MA,male,18,283
2016,MA,male,19,504
2016,MA,male,20-24,4665
2016,MA,male,25-29,5354
2016,MA,male,30-34,4290
2016,MA,male,35-39,2761
2016,MA,male,40-44,1775
2016,MA,male,45-49,1207
2016,MA,male,50-54,815
2016,MA,male,55-59,586
2016,MA,male,60-64,410
2016,MA,male,65+,681
2016,MA,male,<15,0
2016,MA,male,unknown,46
2016,MG,female,15,26
2016,MG,female,16,1470
2016,MG,female,17,2142
2016,MG,female,18,3880
2016,MG,female,19,4105
2016,MG,female,20-24,25826
2016,MG,female,25-29,27760
2016,MG,female,30-34,18557
2016,MG,female,35-39,10836
2016,MG,female,40-44,5826
2016,MG,female,45-49,3757
2016,MG,female,50-54,2667
2016,MG,female,55-59,1456
2016,MG,female,60-64,762
2016,MG,female,65+,732
2016,MG,female,<15,5
2016,MG,female,unknown,1
2016,MG,male,15,0
2016,MG,male,16,44
2016,MG,male,17,151
2016,MG,male,18,790
2016,MG,male,19,1521
2016,MG,male,20-24,19835
2016,MG,male,25-29,29163
2016,MG,male,30-34,23048
2016,MG,male,35-39,13723
2016,MG,male,40-44,7489
2016,MG,male,45-49,4851
2016,MG,male,50-54,3370
2016,MG,male,55-59,2227
2016,MG,male,60-64,1473
2016,MG,male,65+,2121
2016,MG,male,<15,1
2016,MG,male,unknown,1
2016,MS,female,15,56
2016,MS,female,16,256
2016,MS,female,17,326
2016,MS,female,18,601
2016,MS,female,19,688
2016,MS,female,20-24,3798
2016,MS,female,25-29,3625
2016,MS,female,30-34,2664
2016,MS,female,35-39,1763
2016,MS,female,40-44,1202
2016,MS,female,45-49,775
2016,MS,female,50-54,565
2016,MS,female,55-59,293
2016,MS,female,60-64,125
2016,MS,female,65+,114
2016,MS,female,<15,49
2016,MS,female,unknown,441
2016,MS,male,15,14
2016,MS,male,16,37
2016,MS,male,17,57
2016,MS,male,18,219
2016,MS,male,19,315
2016,MS,male,20-24,3144
2016,MS,male,25-29,3817
2016,MS,male,30-34,3067
2016,MS,male,35-39,2134
2016,MS,male,40-44,1432
2016,MS,male,45-49,986
2016,MS,male,50-54,654
2016,MS,male,55-59,439
2016,MS,male,60-64,275
2016,MS,male,65+,309
2016,MS,male,<15,1
2016,MS,male,unknown,441
2016,MT,female,15,6
2016,MT,female,16,347
2016,MT,female,17,456
2016,MT,female,18,716
2016,MT,female,19,706
2016,MT,female,20-24,3755
2016,MT,female,25-29,3578
2016,MT,female,30-34,2798
2016,MT,female,35-39,1909
2016,MT,female,40-44,1195
2016,MT,female,45-49,817
2016,MT,female,50-54,520
2016,MT,female,55-59,272
2016,MT,female,60-64,135
2016,MT,female,65+,114
2016,MT,female,<15,2
2016,MT,female,unknown,1
2016,MT,male,15,1
2016,MT,male,16,16
2016,MT,male,17,43
2016,MT,male,18,209
2016,MT,male,19,341
2016,MT,male,20-24,3195
2016,MT,male,25-29,3820
2016,MT,male,30-34,3209
2016,MT,male,35-39,2219
2016,MT,male,40-44,1492
2016,MT,male,45-49,1019
2016,MT,male,50-54,712
2016,MT,male,55-59,427
2016,MT,male,60-64,266
2016,MT,male,65+,357
2016,MT,male,<15,0
2016,MT,male,unknown,1
2016,PA,female,15,17
2016,PA,female,16,497
2016,PA,female,17,617
2016,PA,female,18,1155
2016,PA,female,19,1272
2016,PA,female,20-24,7165
2016,PA,female,25-29,7311
2016,PA,female,30-34,5828
2016,PA,female,35-39,3919
2016,PA,female,40-44,2363
2016,PA,female,45-49,1642
2016,PA,female,50-54,898
2016,PA,female,55-59,466
2016,PA,female,60-64,269
2016,PA,female,65+,275
2016,PA,female,<15,1
2016,PA,female,unknown,2
2016,PA,male,15,0
2016,PA,male,16,12
2016,PA,male,17,49
2016,PA,male,18,264
2016,PA,male,19,523
2016,PA,male,20-24,5617
2016,PA,male,25-29,7420
2016,PA,male,30-34,6462
2016,PA,male,35-39,4541
2016,PA,male,40-44,3147
2016,PA,male,45-49,2035
2016,PA,male,50-54,1384
2016,PA,male,55-59,873
2016,PA,male,60-64,592
2016,PA,male,65+,777
2016,PA,male,<15,0
2016,PA,male,unknown,1
2016,PB,female,15,10
2016,PB,female,16,368
2016,PB,female,17,434
2016,PB,female,18,671
2016,PB,female,19,762
2016,PB,female,20-24,4154
2016,PB,female,25-29,3910
2016,PB,female,30-34,2553
2016,PB,female,35-39,1580
2016,PB,female,40-44,916
2016,PB,female,45-49,614
2016,PB,female,50-54,378
2016,PB,female,55-59,209
2016,PB,female,60-64,111
2016,PB,female,65+,79
2016,PB,female,<15,2
2016,PB,female,unknown,27
2016,PB,male,15,0
2016,PB,male,16,18
2016,PB,male,17,41
2016,PB,male,18,211
2016,PB,male,19,332
2016,PB,male,20-24,3492
2016,PB,male,25-29,4252
2016,PB,male,30-34,3112
2016,PB,male,35-39,1863
2016,PB,male,40-44,1181
2016,PB,male,45-49,756
2016,PB,male,50-54,541
2016,PB,male,55-59,347
2016,PB,male,60-64,253
2016,PB,male,65+,356
2016,PB,male,<15,0
2016,PB,male,unknown,23
2016,PE,female,15,9
2016,PE,female,16,762
2016,PE,female,17,1063
2016,PE,female,18,1772
2016,PE,female,19,1992
2016,PE,female,20-24,11471
2016,PE,female,25-29,11187
2016,PE,female,30-34,8186
2016,PE,female,35-39,5443
2016,PE,female,40-44,3511
2016,PE,female,45-49,2442
2016,PE,female,50-54,1515
2016,PE,female,55-59,736
2016,PE,female,60-64,364
2016,PE,female,65+,309
2016,PE,female,<15,4
2016,PE,female,unknown,2
2016,PE,male,15,0
2016,PE,male,16,41
2016,PE,male,17,115
2016,PE,male,18,450
2016,PE,male,19,871
2016,PE,male,20-24,9269
2016,PE,male,25-29,11787
2016,PE,male,30-34,9540
2016,PE,male,35-39,6296
2016,PE,male,40-44,4146
2016,PE,male,45-49,2729
2016,PE,male,50-54,2038
2016,PE,male,55-59,1342
2016,PE,male,60-64,849
2016,PE,male,65+,1292
2016,PE,male,<15,0
2016,PE,male,unknown,3
2016,PI,female,15,12
2016,PI,female,16,256
2016,PI,female,17,348
2016,PI,female,18,451
2016,PI,female,19,514
2016,PI,female,20-24,2409
2016,PI,female,25-29,2412
2016,PI,female,30-34,1705
2016,PI,female,35-39,1044
2016,PI,female,40-44,585
2016,PI,female,45-49,432
2016,PI,female,50-54,263
2016,PI,female,55-59,128
2016,PI,female,60-64,70
2016,PI,female,65+,85
2016,PI,female,<15,5
2016,PI,female,unknown,2
2016,PI,male,15,0
2016,PI,male,16,6
2016,PI,male,17,28
2016,PI,male,18,126
2016,PI,male,19,205
2016,PI,male,20-24,2097
2016,PI,male,25-29,2630
2016,PI,male,30-34,2077
2016,PI,male,35-39,1233
2016,PI,male,40-44,761
2016,PI,male,45-49,517
2016,PI,male,50-54,359
2016,PI,male,55-59,274
2016,PI,male,60-64,160
2016,PI,male,65+,245
2016,PI,male,<15,0
2016,PI,male,unknown,3
2016,PR,female,15,131
2016,PR,female,16,1174
2016,PR,female,17,1351
2016,PR,female,18,2338
2016,PR,female,19,2604
2016,PR,female,20-24,15199
2016,PR,female,25-29,14695
2016,PR,female,30-34,9291
2016,PR,female,35-39,5630
2016,PR,female,40-44,3405
2016,PR,female,45-49,2396
2016,PR,female,50-54,1628
2016,PR,female,55-59,812
2016,PR,female,60-64,467
2016,PR,female,65+,392
2016,PR,female,<15,116
2016,PR,female,unknown,9
2016,PR,male,15,12
2016,PR,male,16,76
2016,PR,male,17,191
2016,PR,male,18,718
2016,PR,male,19,1226
2016,PR,male,20-24,12572
2016,PR,male,25-29,15847
2016,PR,male,30-34,11552
2016,PR,male,35-39,6980
2016,PR,male,40-44,4254
2016,PR,male,45-49,2858
2016,PR,male,50-54,1975
2016,PR,male,55-59,1267
2016,PR,male,60-64,818
2016,PR,male,65+,1280
2016,PR,male,<15,2
2016,PR,male,unknown,10
2016,RJ,female,15,22
2016,RJ,female,16,471
2016,RJ,female,17,752
2016,RJ,female,18,2375
2016,RJ,female,19,3077
2016,RJ,female,20-24,22787
2016,RJ,female,25-29,24191
2016,RJ,female,30-34,18681
2016,RJ,female,35-39,12391
2016,RJ,female,40-44,7561
2016,RJ,female,45-49,5305
2016,RJ,female,50-54,3681
2016,RJ,female,55-59,2108
2016,RJ,female,60-64,1138
2016,RJ,female,65+,838
2016,RJ,female,<15,5
2016,RJ,female,unknown,1
2016,RJ,male,15,3
2016,RJ,male,16,22
2016,RJ,male,17,62
2016,RJ,male,18,420
2016,RJ,male,19,1034
2016,RJ,male,20-24,16500
2016,RJ,male,25-29,24371
2016,RJ,male,30-34,20850
2016,RJ,male,35-39,14505
2016,RJ,male,40-44,9082
2016,RJ,male,45-49,6355
2016,RJ,male,50-54,4524
2016,RJ,male,55-59,3121
2016,RJ,male,60-64,2002
2016,RJ,male,65+,2532
2016,RJ,male,<15,0
2016,RJ,male,unknown,1
2016,RN,female,15,4
2016,RN,female,16,208
2016,RN,female,17,290
2016,RN,female,18,548
2016,RN,female,19,607
2016,RN,female,20-24,3531
2016,RN,female,25-29,3931
2016,RN,female,30-34,2688
2016,RN,female,35-39,1614
2016,RN,female,40-44,987
2016,RN,female,45-49,632
2016,RN,female,50-54,431
2016,RN,female,55-59,200
2016,RN,female,60-64,76
2016,RN,female,65+,88
2016,RN,female,<15,3
2016,RN,female,unknown,0
2016,RN,male,15,0
2016,RN,male,16,14
2016,RN,male,17,38
2016,RN,male,18,146
2016,RN,male,19,232
2016,RN,male,20-24,2988
2016,RN,male,25-29,3882
2016,RN,male,30-34,3148
2016,RN,male,35-39,2014
2016,RN,male,40-44,1183
2016,RN,male,45-49,759
2016,RN,male,50-54,566
2016,RN,male,55-59,346
2016,RN,male,60-64,227
2016,RN,male,65+,295
2016,RN,male,<15,0
2016,RN,male,unknown,0
2016,RO,female,15,17
2016,RO,female,16,471
2016,RO,female,17,486
2016,RO,female,18,721
2016,RO,female,19,754
2016,RO,female,20-24,3031
2016,RO,female,25-29,2639
2016,RO,female,30-34,1871
2016,RO,female,35-39,1415
2016,RO,female,40-44,932
2016,RO,female,45-49,677
2016,RO,female,50-54,435
2016,RO,female,55-59,226
2016,RO,female,60-64,140
2016,RO,female,65+,108
2016,RO,female,<15,10
2016,RO,female,unknown,24
2016,RO,male,15,1
2016,RO,male,16,7
2016,RO,male,17,35
2016,RO,male,18,216
2016,RO,male,19,373
2016,RO,male,20-24,2927
2016,RO,male,25-29,2882
2016,RO,male,30-34,2309
2016,RO,male,35-39,1624
2016,RO,male,40-44,1100
2016,RO,male,45-49,860
2016,RO,male,50-54,650
2016,RO,male,55-59,394
2016,RO,male,60-64,217
2016,RO,male,65+,338
2016,RO,male,<15,0
2016,RO,male,unknown,24
2016,RR,female,15,1
2016,RR,female,16,33
2016,RR,female,17,27
2016,RR,female,18,104
2016,RR,female,19,90
2016,RR,female,20-24,521
2016,RR,female,25-29,479
2016,RR,female,30-34,386
2016,RR,female,35-39,270
2016,RR,female,40-44,173
2016,RR,female,45-49,96
2016,RR,female,50-54,42
2016,RR,female,55-59,40
2016,RR,female,60-64,26
2016,RR,female,65+,22
2016,RR,female,<15,0
2016,RR,female,unknown,3
2016,RR,male,15,0
2016,RR,male,16,3
2016,RR,male,17,9
2016,RR,male,18,19
2016,RR,male,19,39
2016,RR,male,20-24,426
2016,RR,male,25-29,498
2016,RR,male,30-34,433
2016,RR,male,35-39,299
2016,RR,male,40-44,194
2016,RR,male,45-49,149
2016,RR,male,50-54,80
2016,RR,male,55-59,51
2016,RR,male,60-64,50
2016,RR,male,65+,60
2016,RR,male,<15,0
2016,RR,male,unknown,3
2016,RS,female,15,10
2016,RS,female,16,627
2016,RS,female,17,676
2016,RS,female,18,1210
2016,RS,female,19,1255
2016,RS,female,20-24,7733
2016,RS,female,25-29,8825
2016,RS,female,30-34,7216
2016,RS,female,35-39,4398
2016,RS,female,40-44,2509
2016,RS,female,45-49,1789
2016,RS,female,50-54,1284
2016,RS,female,55-59,686
2016,RS,female,60-64,433
2016,RS,female,65+,343
2016,RS,female,<15,0
2016,RS,female,unknown,4
2016,RS,male,15,0
2016,RS,male,16,27
2016,RS,male,17,112
2016,RS,male,18,332
2016,RS,male,19,592
2016,RS,male,20-24,6279
2016,RS,male,25-29,8493
2016,RS,male,30-34,8105
2016,RS,male,35-39,5232
2016,RS,male,40-44,3193
2016,RS,male,45-49,2188
2016,RS,male,50-54,1653
2016,RS,male,55-59,1111
2016,RS,male,60-64,669
2016,RS,male,65+,1009
2016,RS,male,<15,0
2016,RS,male,unknown,3
2016,SC,female,15,3
2016,SC,female,16,434
2016,SC,female,17,563
2016,SC,female,18,1139
2016,SC,female,19,1185
2016,SC,female,20-24,7393
2016,SC,female,25-29,8136
2016,SC,female,30-34,5519
2016,SC,female,35-39,3239
2016,SC,female,40-44,1877
2016,SC,female,45-49,1277
2016,SC,female,50-54,857
2016,SC,female,55-59,448
2016,SC,female,60-64,270
2016,SC,female,65+,321
2016,SC,female,<15,1
2016,SC,female,unknown,27
2016,SC,male,15,0
2016,SC,male,16,18
2016,SC,male,17,66
2016,SC,male,18,270
2016,SC,male,19,545
2016,SC,male,20-24,5772
2016,SC,male,25-29,8259
2016,SC,male,30-34,6687
2016,SC,male,35-39,4081
2016,SC,male,40-44,2385
2016,SC,male,45-49,1580
2016,SC,male,50-54,1134
2016,SC,male,55-59,652
2016,SC,male,60-64,505
2016,SC,male,65+,708
2016,SC,male,<15,0
2016,SC,male,unknown,27
2016,SE,female,15,2
2016,SE,female,16,105
2016,SE,female,17,148
2016,SE,female,18,229
2016,SE,female,19,298
2016,SE,female,20-24,1835
2016,SE,female,25-29,1917
2016,SE,female,30-34,1339
2016,SE,female,35-39,822
2016,SE,female,40-44,452
2016,SE,female,45-49,300
2016,SE,female,50-54,183
2016,SE,female,55-59,99
2016,SE,female,60-64,49
2016,SE,female,65+,31
2016,SE,female,<15,2
2016,SE,female,unknown,0
2016,SE,male,15,0
2016,SE,male,16,3
2016,SE,male,17,4
2016,SE,male,18,75
2016,SE,male,19,149
2016,SE,male,20-24,1413
2016,SE,male,25-29,1955
2016,SE,male,30-34,1625
2016,SE,male,35-39,1016
2016,SE,male,40-44,544
2016,SE,male,45-49,363
2016,SE,male,50-54,246
2016,SE,male,55-59,155
2016,SE,male,60-64,104
2016,SE,male,65+,159
2016,SE,male,<15,0
2016,SE,male,unknown,0
2016,SP,female,15,37
2016,SP,female,16,2452
2016,SP,female,17,3343
2016,SP,female,18,8181
2016,SP,female,19,9246
2016,SP,female,20-24,62364
2016,SP,female,25-29,71873
2016,SP,female,30-34,54141
2016,SP,female,35-39,33151
2016,SP,female,40-44,19784
2016,SP,female,45-49,12852
2016,SP,female,50-54,8267
2016,SP,female,55-59,4604
2016,SP,female,60-64,2404
2016,SP,female,65+,1744
2016,SP,female,<15,8
2016,SP,female,unknown,0
2016,SP,male,15,1
2016,SP,male,16,98
2016,SP,male,17,393
2016,SP,male,18,1990
2016,SP,male,19,3960
2016,SP,male,20-24,48197
2016,SP,male,25-29,73452
2016,SP,male,30-34,62144
2016,SP,male,35-39,38514
2016,SP,male,40-44,23258
2016,SP,male,45-49,15218
2016,SP,male,50-54,10540
2016,SP,male,55-59,6943
2016,SP,male,60-64,4405
2016,SP,male,65+,5338
2016,SP,male,<15,0
2016,SP,male,unknown,0
2016,TO,female,15,1
2016,TO,female,16,166
2016,TO,female,17,182
2016,TO,female,18,314
2016,TO,female,19,340
2016,TO,female,20-24,1566
2016,TO,female,25-29,1381
2016,TO,female,30-34,997
2016,TO,female,35-39,683
2016,TO,female,40-44,431
2016,TO,female,45-49,279
2016,TO,female,50-54,180
2016,TO,female,55-59,108
2016,TO,female,60-64,65
2016,TO,female,65+,56
2016,TO,female,<15,0
2016,TO,female,unknown,1
2016,TO,male,15,0
2016,TO,male,16,8
2016,TO,male,17,17
2016,TO,male,18,86
2016,TO,male,19,149
2016,TO,male,20-24,1314
2016,TO,male,25-29,1541
2016,TO,male,30-34,1187
2016,TO,male,35-39,796
2016,TO,male,40-44,551
2016,TO,male,45-49,365
2016,TO,male,50-54,274
2016,TO,male,55-59,170
2016,TO,male,60-64,119
2016,TO,male,65+,173
2016,TO,male,<15,0
2016,TO,male,unknown,0
2017,AC,female,15,2
2017,AC,female,16,71
2017,AC,female,17,96
2017,AC,female,18,212
2017,AC,female,19,240
2017,AC,female,20-24,1239
2017,AC,female,25-29,1089
2017,AC,female,30-34,931
2017,AC,female,35-39,667
2017,AC,female,40-44,403
2017,AC,female,45-49,245
2017,AC,female,50-54,186
2017,AC,female,55-59,105
2017,AC,female,60-64,69
2017,AC,female,65+,44
2017,AC,female,<15,1
2017,AC,female,unknown,8
2017,AC,male,15,0
2017,AC,male,16,6
2017,AC,male,17,7
2017,AC,male,18,39
2017,AC,male,19,77
2017,AC,male,20-24,984
2017,AC,male,25-29,1133
2017,AC,male,30-34,985
2017,AC,male,35-39,823
2017,AC,male,40-44,532
2017,AC,male,45-49,339
2017,AC,male,50-54,248
2017,AC,male,55-59,155
2017,AC,male,60-64,125
2017,AC,male,65+,147
2017,AC,male,<15,0
2017,AC,male,unknown,8
2017,AL,female,15,19
2017,AL,female,16,369
2017,AL,female,17,464
2017,AL,female,18,653
2017,AL,female,19,711
2017,AL,female,20-24,3688
2017,AL,female,25-29,2982
2017,AL,female,30-34,2133
2017,AL,female,35-39,1382
2017,AL,female,40-44,942
2017,AL,female,45-49,590
2017,AL,female,50-54,410
2017,AL,female,55-59,175
2017,AL,female,60-64,103
2017,AL,female,65+,77
2017,AL,female,<15,5
2017,AL,female,unknown,0
2017,AL,male,15,0
2017,AL,male,16,17
2017,AL,male,17,63
2017,AL,male,18,220
2017,AL,male,19,387
2017,AL,male,20-24,3360
2017,AL,male,25-29,3221
2017,AL,male,30-34,2485
2017,AL,male,35-39,1609
2017,AL,male,40-44,1125
2017,AL,male,45-49,733
2017,AL,male,50-54,548
2017,AL,male,55-59,357
2017,AL,male,60-64,242
2017,AL,male,65+,336
2017,AL,male,<15,0
2017,AL,male,unknown,0
2017,AM,female,15,14
2017,AM,female,16,143
2017,AM,female,17,208
2017,AM,female,18,457
2017,AM,female,19,537
2017,AM,female,20-24,3453
2017,AM,female,25-29,3403
2017,AM,female,30-34,2780
2017,AM,female,35-39,2081
2017,AM,female,40-44,1287
2017,AM,female,45-49,757
2017,AM,female,50-54,506
2017,AM,female,55-59,236
2017,AM,female,60-64,128
2017,AM,female,65+,102
2017,AM,female,<15,4
2017,AM,female,unknown,0
2017,AM,male,15,1
2017,AM,male,16,9
2017,AM,male,17,23
2017,AM,male,18,113
2017,AM,male,19,202
2017,AM,male,20-24,2741
2017,AM,male,25-29,3331
2017,AM,male,30-34,3067
2017,AM,male,35-39,2368
2017,AM,male,40-44,1554
2017,AM,male,45-49,1028
2017,AM,male,50-54,660
2017,AM,male,55-59,448
2017,AM,male,60-64,268
2017,AM,male,65+,283
2017,AM,male,<15,0
2017,AM,male,unknown,0
2017,AP,female,15,2
2017,AP,female,16,12
2017,AP,female,17,26
2017,AP,female,18,60
2017,AP,female,19,78
2017,AP,female,20-24,629
2017,AP,female,25-29,645
2017,AP,female,30-34,580
2017,AP,female,35-39,442
2017,AP,female,40-44,252
2017,AP,female,45-49,161
2017,AP,female,50-54,91
2017,AP,female,55-59,47
2017,AP,female,60-64,16
2017,AP,female,65+,20
2017,AP,female,<15,0
2017,AP,female,unknown,0
2017,AP,male,15,0
2017,AP,male,16,0
2017,AP,male,17,1
2017,AP,male,18,13
2017,AP,male,19,27
2017,AP,male,20-24,483
2017,AP,male,25-29,607
2017,AP,male,30-34,598
2017,AP,male,35-39,440
2017,AP,male,40-44,338
2017,AP,male,45-49,222
2017,AP,male,50-54,131
2017,AP,male,55-59,97
2017,AP,male,60-64,47
2017,AP,male,65+,57
2017,AP,male,<15,0
2017,AP,male,unknown,0
2017,BA,female,15,14
2017,BA,female,16,743
2017,BA,female,17,1047
2017,BA,female,18,2140
2017,BA,female,19,2400
2017,BA,female,20-24,13782
2017,BA,female,25-29,13223
2017,BA,female,30-34,11403
2017,BA,female,35-39,7967
2017,BA,female,40-44,4603
2017,BA,female,45-49,3030
2017,BA,female,50-54,2017
2017,BA,female,55-59,1043
2017,BA,female,60-64,506
2017,BA,female,65+,512
2017,BA,female,<15,2
2017,BA,female,unknown,6
2017,BA,male,15,0
2017,BA,male,16,18
2017,BA,male,17,88
2017,BA,male,18,451
2017,BA,male,19,854
2017,BA,male,20-24,10876
2017,BA,male,25-29,13667
2017,BA,male,30-34,12918
2017,BA,male,35-39,9161
2017,BA,male,40-44,5691
2017,BA,male,45-49,3725
2017,BA,male,50-54,2603
2017,BA,male,55-59,1721
2017,BA,male,60-64,1104
2017,BA,male,65+,1554
2017,BA,male,<15,0
2017,BA,male,unknown,7
2017,CE,female,15,9
2017,CE,female,16,591
2017,CE,female,17,734
2017,CE,female,18,1484
2017,CE,female,19,1623
2017,CE,female,20-24,9364
2017,CE,female,25-29,8794
2017,CE,female,30-34,6338
2017,CE,female,35-39,3855
2017,CE,female,40-44,2438
2017,CE,female,45-49,1560
2017,CE,female,50-54,994
2017,CE,female,55-59,411
2017,CE,female,60-64,224
2017,CE,female,65+,176
2017,CE,female,<15,4
2017,CE,female,unknown,10
2017,CE,male,15,1
2017,CE,male,16,29
2017,CE,male,17,109
2017,CE,male,18,416
2017,CE,male,19,774
2017,CE,male,20-24,7853
2017,CE,male,25-29,9310
2017,CE,male,30-34,7259
2017,CE,male,35-39,4632
2017,CE,male,40-44,2858
2017,CE,male,45-49,1929
2017,CE,male,50-54,1343
2017,CE,male,55-59,832
2017,CE,male,60-64,520
2017,CE,male,65+,732
2017,CE,male,<15,1
2017,CE,male,unknown,11
2017,DF,female,15,0
2017,DF,female,16,118
2017,DF,female,17,156
2017,DF,female,18,475
2017,DF,female,19,637
2017,DF,female,20-24,4337
2017,DF,female,25-29,4846
2017,DF,female,30-34,3984
2017,DF,female,35-39,2518
2017,DF,female,40-44,1366
2017,DF,female,45-49,853
2017,DF,female,50-54,500
2017,DF,female,55-59,213
2017,DF,female,60-64,113
2017,DF,female,65+,68
2017,DF,female,<15,0
2017,DF,female,unknown,0
2017,DF,male,15,0
2017,DF,male,16,4
2017,DF,male,17,16
2017,DF,male,18,112
2017,DF,male,19,250
2017,DF,male,20-24,3273
2017,DF,male,25-29,4919
2017,DF,male,30-34,4179
2017,DF,male,35-39,2893
2017,DF,male,40-44,1711
2017,DF,male,45-49,1144
2017,DF,male,50-54,724
2017,DF,male,55-59,426
2017,DF,male,60-64,255
2017,DF,male,65+,278
2017,DF,male,<15,0
2017,DF,male,unknown,0
2017,ES,female,15,3
2017,ES,female,16,297
2017,ES,female,17,423
2017,ES,female,18,786
2017,ES,female,19,920
2017,ES,female,20-24,5440
2017,ES,female,25-29,5714
2017,ES,female,30-34,3980
2017,ES,female,35-39,2680
2017,ES,female,40-44,1532
2017,ES,female,45-49,1072
2017,ES,female,50-54,738
2017,ES,female,55-59,408
2017,ES,female,60-64,225
2017,ES,female,65+,183
2017,ES,female,<15,3
2017,ES,female,unknown,2
2017,ES,male,15,0
2017,ES,male,16,6
2017,ES,male,17,31
2017,ES,male,18,167
2017,ES,male,19,315
2017,ES,male,20-24,4332
2017,ES,male,25-29,5871
2017,ES,male,30-34,4896
2017,ES,male,35-39,3134
2017,ES,male,40-44,1868
2017,ES,male,45-49,1287
2017,ES,male,50-54,851
2017,ES,male,55-59,625
2017,ES,male,60-64,466
2017,ES,male,65+,554
2017,ES,male,<15,1
2017,ES,male,unknown,2
2017,GO,female,15,3
2017,GO,female,16,567
2017,GO,female,17,702
2017,GO,female,18,1370
2017,GO,female,19,1486
2017,GO,female,20-24,8720
2017,GO,female,25-29,8112
2017,GO,female,30-34,5482
2017,GO,female,35-39,3818
2017,GO,female,40-44,2488
2017,GO,female,45-49,1650
2017,GO,female,50-54,1026
2017,GO,female,55-59,540
2017,GO,female,60-64,301
2017,GO,female,65+,253
2017,GO,female,<15,0
2017,GO,female,unknown,1
2017,GO,male,15,0
2017,GO,male,16,15
2017,GO,male,17,72
2017,GO,male,18,337
2017,GO,male,19,630
2017,GO,male,20-24,7135
2017,GO,male,25-29,8668
2017,GO,male,30-34,6626
2017,GO,male,35-39,4605
2017,GO,male,40-44,2987
2017,GO,male,45-49,1956
2017,GO,male,50-54,1357
2017,GO,male,55-59,807
2017,GO,male,60-64,597
2017,GO,male,65+,725
2017,GO,male,<15,0
2017,GO,male,unknown,2
2017,MA,female,15,15
2017,MA,female,16,487
2017,MA,female,17,582
2017,MA,female,18,990
2017,MA,female,19,1074
2017,MA,female,20-24,5378
2017,MA,female,25-29,4897
2017,MA,female,30-34,3973
2017,MA,female,35-39,2725
2017,MA,female,40-44,1586
2017,MA,female,45-49,1047
2017,MA,female,50-54,662
2017,MA,female,55-59,367
2017,MA,female,60-64,223
2017,MA,female,65+,258
2017,MA,female,<15,3
2017,MA,female,unknown,36
2017,MA,male,15,0
2017,MA,male,16,15
2017,MA,male,17,86
2017,MA,male,18,281
2017,MA,male,19,427
2017,MA,male,20-24,4442
2017,MA,male,25-29,5308
2017,MA,male,30-34,4418
2017,MA,male,35-39,3089
2017,MA,male,40-44,2051
2017,MA,male,45-49,1323
2017,MA,male,50-54,996
2017,MA,male,55-59,640
2017,MA,male,60-64,448
2017,MA,male,65+,756
2017,MA,male,<15,0
2017,MA,male,unknown,23
2017,MG,female,15,16
2017,MG,female,16,1281
2017,MG,female,17,1885
2017,MG,female,18,3466
2017,MG,female,19,4027
2017,MG,female,20-24,24937
2017,MG,female,25-29,27551
2017,MG,female,30-34,18550
2017,MG,female,35-39,11676
2017,MG,female,40-44,6400
2017,MG,female,45-49,4421
2017,MG,female,50-54,2874
2017,MG,female,55-59,1538
2017,MG,female,60-64,851
2017,MG,female,65+,766
2017,MG,female,<15,2
2017,MG,female,unknown,2
2017,MG,male,15,1
2017,MG,male,16,33
2017,MG,male,17,132
2017,MG,male,18,730
2017,MG,male,19,1448
2017,MG,male,20-24,18838
2017,MG,male,25-29,28516
2017,MG,male,30-34,22929
2017,MG,male,35-39,14469
2017,MG,male,40-44,8043
2017,MG,male,45-49,5066
2017,MG,male,50-54,3603
2017,MG,male,55-59,2472
2017,MG,male,60-64,1697
2017,MG,male,65+,2264
2017,MG,male,<15,0
2017,MG,male,unknown,2
2017,MS,female,15,29
2017,MS,female,16,254
2017,MS,female,17,269
2017,MS,female,18,588
2017,MS,female,19,616
2017,MS,female,20-24,3699
2017,MS,female,25-29,3481
2017,MS,female,30-34,2631
2017,MS,female,35-39,1795
2017,MS,female,40-44,1231
2017,MS,female,45-49,820
2017,MS,female,50-54,542
2017,MS,female,55-59,290
2017,MS,female,60-64,126
2017,MS,female,65+,114
2017,MS,female,<15,47
2017,MS,female,unknown,1
2017,MS,male,15,3
2017,MS,male,16,26
2017,MS,male,17,70
2017,MS,male,18,169
2017,MS,male,19,299
2017,MS,male,20-24,2977
2017,MS,male,25-29,3712
2017,MS,male,30-34,3008
2017,MS,male,35-39,2175
2017,MS,male,40-44,1402
2017,MS,male,45-49,980
2017,MS,male,50-54,680
2017,MS,male,55-59,441
2017,MS,male,60-64,274
2017,MS,male,65+,315
2017,MS,male,<15,1
2017,MS,male,unknown,1
2017,MT,female,15,0
2017,MT,female,16,343
2017,MT,female,17,380
2017,MT,female,18,705
2017,MT,female,19,665
2017,MT,female,20-24,3784
2017,MT,female,25-29,3697
2017,MT,female,30-34,2815
2017,MT,female,35-39,1897
2017,MT,female,40-44,1311
2017,MT,female,45-49,850
2017,MT,female,50-54,547
2017,MT,female,55-59,277
2017,MT,female,60-64,139
2017,MT,female,65+,118
2017,MT,female,<15,3
2017,MT,female,unknown,13
2017,MT,male,15,1
2017,MT,male,16,15
2017,MT,male,17,37
2017,MT,male,18,172
2017,MT,male,19,335
2017,MT,male,20-24,3172
2017,MT,male,25-29,3772
2017,MT,male,30-34,3219
2017,MT,male,35-39,2349
2017,MT,male,40-44,1556
2017,MT,male,45-49,1052
2017,MT,male,50-54,739
2017,MT,male,55-59,465
2017,MT,male,60-64,276
2017,MT,male,65+,368
2017,MT,male,<15,0
2017,MT,male,unknown,16
2017,PA,female,15,11
2017,PA,female,16,450
2017,PA,female,17,637
2017,PA,female,18,1167
2017,PA,female,19,1307
2017,PA,female,20-24,7318
2017,PA,female,25-29,7138
2017,PA,female,30-34,5684
2017,PA,female,35-39,4059
2017,PA,female,40-44,2380
2017,PA,female,45-49,1608
2017,PA,female,50-54,927
2017,PA,female,55-59,470
2017,PA,female,60-64,272
2017,PA,female,65+,225
2017,PA,female,<15,2
2017,PA,female,unknown,13
2017,PA,male,15,0
2017,PA,male,16,9
2017,PA,male,17,59
2017,PA,male,18,263
2017,PA,male,19,497
2017,PA,male,20-24,5636
2017,PA,male,25-29,7265
2017,PA,male,30-34,6497
2017,PA,male,35-39,4793
2017,PA,male,40-44,3005
2017,PA,male,45-49,2072
2017,PA,male,50-54,1378
2017,PA,male,55-59,871
2017,PA,male,60-64,579
2017,PA,male,65+,731
2017,PA,male,<15,0
2017,PA,male,unknown,13
2017,PB,female,15,4
2017,PB,female,16,317
2017,PB,female,17,373
2017,PB,female,18,612
2017,PB,female,19,710
2017,PB,female,20-24,3953
2017,PB,female,25-29,3756
2017,PB,female,30-34,2562
2017,PB,female,35-39,1680
2017,PB,female,40-44,1005
2017,PB,female,45-49,666
2017,PB,female,50-54,369
2017,PB,female,55-59,180
2017,PB,female,60-64,98
2017,PB,female,65+,89
2017,PB,female,<15,3
2017,PB,female,unknown,21
2017,PB,male,15,0
2017,PB,male,16,19
2017,PB,male,17,46
2017,PB,male,18,180
2017,PB,male,19,271
2017,PB,male,20-24,3343
2017,PB,male,25-29,4029
2017,PB,male,30-34,3087
2017,PB,male,35-39,1937
2017,PB,male,40-44,1184
2017,PB,male,45-49,781
2017,PB,male,50-54,551
2017,PB,male,55-59,363
2017,PB,male,60-64,255
2017,PB,male,65+,334
2017,PB,male,<15,0
2017,PB,male,unknown,18
2017,PE,female,15,13
2017,PE,female,16,689
2017,PE,female,17,877
2017,PE,female,18,1567
2017,PE,female,19,1785
2017,PE,female,20-24,10584
2017,PE,female,25-29,10364
2017,PE,female,30-34,7664
2017,PE,female,35-39,5286
2017,PE,female,40-44,3509
2017,PE,female,45-49,2455
2017,PE,female,50-54,1479
2017,PE,female,55-59,758
2017,PE,female,60-64,385
2017,PE,female,65+,288
2017,PE,female,<15,3
2017,PE,female,unknown,2
2017,PE,male,15,0
2017,PE,male,16,28
2017,PE,male,17,96
2017,PE,male,18,417
2017,PE,male,19,774
2017,PE,male,20-24,8598
2017,PE,male,25-29,10963
2017,PE,male,30-34,8766
2017,PE,male,35-39,6052
2017,PE,male,40-44,3879
2017,PE,male,45-49,2808
2017,PE,male,50-54,1932
2017,PE,male,55-59,1274
2017,PE,male,60-64,855
2017,PE,male,65+,1263
2017,PE,male,<15,1
2017,PE,male,unknown,2
2017,PI,female,15,5
2017,PI,female,16,206
2017,PI,female,17,253
2017,PI,female,18,357
2017,PI,female,19,431
2017,PI,female,20-24,2255
2017,PI,female,25-29,2299
2017,PI,female,30-34,1653
2017,PI,female,35-39,1008
2017,PI,female,40-44,626
2017,PI,female,45-49,401
2017,PI,female,50-54,243
2017,PI,female,55-59,136
2017,PI,female,60-64,67
2017,PI,female,65+,69
2017,PI,female,<15,2
2017,PI,female,unknown,0
2017,PI,male,15,1
2017,PI,male,16,3
2017,PI,male,17,34
2017,PI,male,18,93
2017,PI,male,19,177
2017,PI,male,20-24,1812
2017,PI,male,25-29,2431
2017,PI,male,30-34,2030
2017,PI,male,35-39,1186
2017,PI,male,40-44,734
2017,PI,male,45-49,471
2017,PI,male,50-54,380
2017,PI,male,55-59,229
2017,PI,male,60-64,164
2017,PI,male,65+,265
2017,PI,male,<15,1
2017,PI,male,unknown,0
2017,PR,female,15,94
2017,PR,female,16,959
2017,PR,female,17,1292
2017,PR,female,18,2181
2017,PR,female,19,2352
2017,PR,female,20-24,14465
2017,PR,female,25-29,14139
2017,PR,female,30-34,9299
2017,PR,female,35-39,5828
2017,PR,female,40-44,3527
2017,PR,female,45-49,2620
2017,PR,female,50-54,1629
2017,PR,female,55-59,946
2017,PR,female,60-64,500
2017,PR,female,65+,402
2017,PR,female,<15,83
2017,PR,female,unknown,20
2017,PR,male,15,9
2017,PR,male,16,62
2017,PR,male,17,179
2017,PR,male,18,595
2017,PR,male,19,1115
2017,PR,male,20-24,11821
2017,PR,male,25-29,15026
2017,PR,male,30-34,11345
2017,PR,male,35-39,7244
2017,PR,male,40-44,4337
2017,PR,male,45-49,2979
2017,PR,male,50-54,2157
2017,PR,male,55-59,1366
2017,PR,male,60-64,908
2017,PR,male,65+,1171
2017,PR,male,<15,2
2017,PR,male,unknown,20
2017,RJ,female,15,14
2017,RJ,female,16,370
2017,RJ,female,17,677
2017,RJ,female,18,1802
2017,RJ,female,19,2666
2017,RJ,female,20-24,19709
2017,RJ,female,25-29,21381
2017,RJ,female,30-34,16278
2017,RJ,female,35-39,11815
2017,RJ,female,40-44,7447
2017,RJ,female,45-49,5186
2017,RJ,female,50-54,3470
2017,RJ,female,55-59,2040
2017,RJ,female,60-64,1137
2017,RJ,female,65+,912
2017,RJ,female,<15,8
2017,RJ,female,unknown,37
2017,RJ,male,15,1
2017,RJ,male,16,15
2017,RJ,male,17,58
2017,RJ,male,18,321
2017,RJ,male,19,788
2017,RJ,male,20-24,14311
2017,RJ,male,25-29,21203
2017,RJ,male,30-34,18191
2017,RJ,male,35-39,13361
2017,RJ,male,40-44,8683
2017,RJ,male,45-49,6092
2017,RJ,male,50-54,4360
2017,RJ,male,55-59,2971
2017,RJ,male,60-64,1997
2017,RJ,male,65+,2558
2017,RJ,male,<15,1
2017,RJ,male,unknown,38
2017,RN,female,15,4
2017,RN,female,16,181
2017,RN,female,17,245
2017,RN,female,18,503
2017,RN,female,19,583
2017,RN,female,20-24,3803
2017,RN,female,25-29,3800
2017,RN,female,30-34,2894
2017,RN,female,35-39,1941
2017,RN,female,40-44,1210
2017,RN,female,45-49,750
2017,RN,female,50-54,483
2017,RN,female,55-59,213
2017,RN,female,60-64,101
2017,RN,female,65+,102
2017,RN,female,<15,0
2017,RN,female,unknown,0
2017,RN,male,15,0
2017,RN,male,16,11
2017,RN,male,17,37
2017,RN,male,18,126
2017,RN,male,19,244
2017,RN,male,20-24,3011
2017,RN,male,25-29,3801
2017,RN,male,30-34,3373
2017,RN,male,35-39,2290
2017,RN,male,40-44,1392
2017,RN,male,45-49,957
2017,RN,male,50-54,617
2017,RN,male,55-59,378
2017,RN,male,60-64,237
2017,RN,male,65+,339
2017,RN,male,<15,0
2017,RN,male,unknown,0
2017,RO,female,15,18
2017,RO,female,16,430
2017,RO,female,17,479
2017,RO,female,18,703
2017,RO,female,19,629
2017,RO,female,20-24,2986
2017,RO,female,25-29,2391
2017,RO,female,30-34,1866
2017,RO,female,35-39,1402
2017,RO,female,40-44,1015
2017,RO,female,45-49,744
2017,RO,female,50-54,428
2017,RO,female,55-59,253
2017,RO,female,60-64,150
2017,RO,female,65+,136
2017,RO,female,<15,15
2017,RO,female,unknown,27
2017,RO,male,15,0
2017,RO,male,16,10
2017,RO,male,17,31
2017,RO,male,18,195
2017,RO,male,19,335
2017,RO,male,20-24,2766
2017,RO,male,25-29,2748
2017,RO,male,30-34,2231
2017,RO,male,35-39,1649
2017,RO,male,40-44,1122
2017,RO,male,45-49,858
2017,RO,male,50-54,656
2017,RO,male,55-59,407
2017,RO,male,60-64,267
2017,RO,male,65+,370
2017,RO,male,<15,0
2017,RO,male,unknown,27
2017,RR,female,15,0
2017,RR,female,16,27
2017,RR,female,17,31
2017,RR,female,18,80
2017,RR,female,19,76
2017,RR,female,20-24,478
2017,RR,female,25-29,466
2017,RR,female,30-34,366
2017,RR,female,35-39,261
2017,RR,female,40-44,172
2017,RR,female,45-49,102
2017,RR,female,50-54,66
2017,RR,female,55-59,34
2017,RR,female,60-64,16
2017,RR,female,65+,18
2017,RR,female,<15,1
2017,RR,female,unknown,27
2017,RR,male,15,0
2017,RR,male,16,2
2017,RR,male,17,5
2017,RR,male,18,11
2017,RR,male,19,32
2017,RR,male,20-24,404
2017,RR,male,25-29,474
2017,RR,male,30-34,411
2017,RR,male,35-39,283
2017,RR,male,40-44,179
2017,RR,male,45-49,147
2017,RR,male,50-54,100
2017,RR,male,55-59,58
2017,RR,male,60-64,42
2017,RR,male,65+,46
2017,RR,male,<15,0
2017,RR,male,unknown,27
2017,RS,female,15,6
2017,RS,female,16,530
2017,RS,female,17,640
2017,RS,female,18,1167
2017,RS,female,19,1199
2017,RS,female,20-24,7403
2017,RS,female,25-29,8612
2017,RS,female,30-34,7125
2017,RS,female,35-39,4669
2017,RS,female,40-44,2835
2017,RS,female,45-49,1992
2017,RS,female,50-54,1339
2017,RS,female,55-59,774
2017,RS,female,60-64,460
2017,RS,female,65+,358
2017,RS,female,<15,2
2017,RS,female,unknown,9
2017,RS,male,15,0
2017,RS,male,16,31
2017,RS,male,17,79
2017,RS,male,18,332
2017,RS,male,19,576
2017,RS,male,20-24,5956
2017,RS,male,25-29,8193
2017,RS,male,30-34,7992
2017,RS,male,35-39,5626
2017,RS,male,40-44,3256
2017,RS,male,45-49,2397
2017,RS,male,50-54,1769
2017,RS,male,55-59,1114
2017,RS,male,60-64,756
2017,RS,male,65+,1037
2017,RS,male,<15,0
2017,RS,male,unknown,6
2017,SC,female,15,2
2017,SC,female,16,383
2017,SC,female,17,517
2017,SC,female,18,1055
2017,SC,female,19,1178
2017,SC,female,20-24,7522
2017,SC,female,25-29,8304
2017,SC,female,30-34,5699
2017,SC,female,35-39,3665
2017,SC,female,40-44,2146
2017,SC,female,45-49,1396
2017,SC,female,50-54,894
2017,SC,female,55-59,467
2017,SC,female,60-64,261
2017,SC,female,65+,216
2017,SC,female,<15,1
2017,SC,female,unknown,42
2017,SC,male,15,0
2017,SC,male,16,16
2017,SC,male,17,59
2017,SC,male,18,275
2017,SC,male,19,561
2017,SC,male,20-24,5755
2017,SC,male,25-29,8217
2017,SC,male,30-34,6879
2017,SC,male,35-39,4605
2017,SC,male,40-44,2663
2017,SC,male,45-49,1743
2017,SC,male,50-54,1157
2017,SC,male,55-59,719
2017,SC,male,60-64,464
2017,SC,male,65+,594
2017,SC,male,<15,0
2017,SC,male,unknown,41
2017,SE,female,15,2
2017,SE,female,16,96
2017,SE,female,17,125
2017,SE,female,18,196
2017,SE,female,19,242
2017,SE,female,20-24,1714
2017,SE,female,25-29,1790
2017,SE,female,30-34,1302
2017,SE,female,35-39,828
2017,SE,female,40-44,491
2017,SE,female,45-49,338
2017,SE,female,50-54,199
2017,SE,female,55-59,95
2017,SE,female,60-64,53
2017,SE,female,65+,47
2017,SE,female,<15,2
2017,SE,female,unknown,2
2017,SE,male,15,0
2017,SE,male,16,5
2017,SE,male,17,16
2017,SE,male,18,58
2017,SE,male,19,105
2017,SE,male,20-24,1264
2017,SE,male,25-29,1823
2017,SE,male,30-34,1490
2017,SE,male,35-39,1035
2017,SE,male,40-44,598
2017,SE,male,45-49,414
2017,SE,male,50-54,283
2017,SE,male,55-59,147
2017,SE,male,60-64,114
2017,SE,male,65+,168
2017,SE,male,<15,0
2017,SE,male,unknown,2
2017,SP,female,15,21
2017,SP,female,16,2077
2017,SP,female,17,2971
2017,SP,female,18,7127
2017,SP,female,19,8571
2017,SP,female,20-24,58881
2017,SP,female,25-29,68682
2017,SP,female,30-34,53170
2017,SP,female,35-39,34993
2017,SP,female,40-44,21009
2017,SP,female,45-49,13954
2017,SP,female,50-54,9024
2017,SP,female,55-59,4815
2017,SP,female,60-64,2390
2017,SP,female,65+,1748
2017,SP,female,<15,13
2017,SP,female,unknown,0
2017,SP,male,15,0
2017,SP,male,16,78
2017,SP,male,17,342
2017,SP,male,18,1749
2017,SP,male,19,3536
2017,SP,male,20-24,45285
2017,SP,male,25-29,68508
2017,SP,male,30-34,60529
2017,SP,male,35-39,40233
2017,SP,male,40-44,24635
2017,SP,male,45-49,16083
2017,SP,male,50-54,11170
2017,SP,male,55-59,7308
2017,SP,male,60-64,4623
2017,SP,male,65+,5367
2017,SP,male,<15,0
2017,SP,male,unknown,0
2017,TO,female,15,1
2017,TO,female,16,146
2017,TO,female,17,136
2017,TO,female,18,249
2017,TO,female,19,305
2017,TO,female,20-24,1576
2017,TO,female,25-29,1361
2017,TO,female,30-34,994
2017,TO,female,35-39,716
2017,TO,female,40-44,450
2017,TO,female,45-49,304
2017,TO,female,50-54,185
2017,TO,female,55-59,92
2017,TO,female,60-64,60
2017,TO,female,65+,55
2017,TO,female,<15,0
2017,TO,female,unknown,0
2017,TO,male,15,0
2017,TO,male,16,2
2017,TO,male,17,17
2017,TO,male,18,77
2017,TO,male,19,130
2017,TO,male,20-24,1286
2017,TO,male,25-29,1451
2017,TO,male,30-34,1158
2017,TO,male,35-39,842
2017,TO,male,40-44,549
2017,TO,male,45-49,402
2017,TO,male,50-54,254
2017,TO,male,55-59,180
2017,TO,male,60-64,135
2017,TO,male,65+,147
2017,TO,male,<15,0
2017,TO,male,unknown,0
2018,AC,female,15,0
2018,AC,female,16,79
2018,AC,female,17,98
2018,AC,female,18,255
2018,AC,female,19,258
2018,AC,female,20-24,1342
2018,AC,female,25-29,1144
2018,AC,female,30-34,885
2018,AC,female,35-39,732
2018,AC,female,40-44,466
2018,AC,female,45-49,309
2018,AC,female,50-54,205
2018,AC,female,55-59,112
2018,AC,female,60-64,51
2018,AC,female,65+,51
2018,AC,female,<15,0
2018,AC,female,unknown,4
2018,AC,male,15,0
2018,AC,male,16,2
2018,AC,male,17,10
2018,AC,male,18,50
2018,AC,male,19,89
2018,AC,male,20-24,1088
2018,AC,male,25-29,1171
2018,AC,male,30-34,1075
2018,AC,male,35-39,833
2018,AC,male,40-44,582
2018,AC,male,45-49,389
2018,AC,male,50-54,267
2018,AC,male,55-59,184
2018,AC,male,60-64,108
2018,AC,male,65+,139
2018,AC,male,<15,0
2018,AC,male,unknown,4
2018,AL,female,15,12
2018,AL,female,16,301
2018,AL,female,17,406
2018,AL,female,18,640
2018,AL,female,19,671
2018,AL,female,20-24,3710
2018,AL,female,25-29,2941
2018,AL,female,30-34,2168
2018,AL,female,35-39,1507
2018,AL,female,40-44,1071
2018,AL,female,45-49,692
2018,AL,female,50-54,449
2018,AL,female,55-59,244
2018,AL,female,60-64,115
2018,AL,female,65+,71
2018,AL,female,<15,3
2018,AL,female,unknown,0
2018,AL,male,15,0
2018,AL,male,16,20
2018,AL,male,17,51
2018,AL,male,18,193
2018,AL,male,19,363
2018,AL,male,20-24,3284
2018,AL,male,25-29,3230
2018,AL,male,30-34,2456
2018,AL,male,35-39,1693
2018,AL,male,40-44,1196
2018,AL,male,45-49,852
2018,AL,male,50-54,601
2018,AL,male,55-59,406
2018,AL,male,60-64,285
2018,AL,male,65+,371
2018,AL,male,<15,0
2018,AL,male,unknown,0
2018,AM,female,15,6
2018,AM,female,16,104
2018,AM,female,17,170
2018,AM,female,18,385
2018,AM,female,19,483
2018,AM,female,20-24,2939
2018,AM,female,25-29,2786
2018,AM,female,30-34,2445
2018,AM,female,35-39,1746
2018,AM,female,40-44,1207
2018,AM,female,45-49,716
2018,AM,female,50-54,442
2018,AM,female,55-59,223
2018,AM,female,60-64,125
2018,AM,female,65+,123
2018,AM,female,<15,5
2018,AM,female,unknown,0
2018,AM,male,15,0
2018,AM,male,16,7
2018,AM,male,17,29
2018,AM,male,18,108
2018,AM,male,19,189
2018,AM,male,20-24,2235
2018,AM,male,25-29,2821
2018,AM,male,30-34,2592
2018,AM,male,35-39,2023
2018,AM,male,40-44,1430
2018,AM,male,45-49,907
2018,AM,male,50-54,647
2018,AM,male,55-59,367
2018,AM,male,60-64,260
2018,AM,male,65+,290
2018,AM,male,<15,0
2018,AM,male,unknown,0
2018,AP,female,15,1
2018,AP,female,16,4
2018,AP,female,17,14
2018,AP,female,18,52
2018,AP,female,19,72
2018,AP,female,20-24,455
2018,AP,female,25-29,427
2018,AP,female,30-34,354
2018,AP,female,35-39,313
2018,AP,female,40-44,177
2018,AP,female,45-49,126
2018,AP,female,50-54,70
2018,AP,female,55-59,37
2018,AP,female,60-64,11
2018,AP,female,65+,12
2018,AP,female,<15,0
2018,AP,female,unknown,0
2018,AP,male,15,0
2018,AP,male,16,0
2018,AP,male,17,4
2018,AP,male,18,11
2018,AP,male,19,29
2018,AP,male,20-24,305
2018,AP,male,25-29,430
2018,AP,male,30-34,380
2018,AP,male,35-39,322
2018,AP,male,40-44,230
2018,AP,male,45-49,166
2018,AP,male,50-54,110
2018,AP,male,55-59,66
2018,AP,male,60-64,37
2018,AP,male,65+,35
2018,AP,male,<15,0
2018,AP,male,unknown,0
2018,BA,female,15,5
2018,BA,female,16,594
2018,BA,female,17,1003
2018,BA,female,18,2171
2018,BA,female,19,2362
2018,BA,female,20-24,14301
2018,BA,female,25-29,13440
2018,BA,female,30-34,11846
2018,BA,female,35-39,8637
2018,BA,female,40-44,5583
2018,BA,female,45-49,3533
2018,BA,female,50-54,2319
2018,BA,female,55-59,1255
2018,BA,female,60-64,676
2018,BA,female,65+,604
2018,BA,female,<15,3
2018,BA,female,unknown,3
2018,BA,male,15,1
2018,BA,male,16,21
2018,BA,male,17,93
2018,BA,male,18,466
2018,BA,male,19,885
2018,BA,male,20-24,11103
2018,BA,male,25-29,13757
2018,BA,male,30-34,13091
2018,BA,male,35-39,9969
2018,BA,male,40-44,6533
2018,BA,male,45-49,4232
2018,BA,male,50-54,3093
2018,BA,male,55-59,2006
2018,BA,male,60-64,1309
2018,BA,male,65+,1774
2018,BA,male,<15,0
2018,BA,male,unknown,2
2018,CE,female,15,8
2018,CE,female,16,542
2018,CE,female,17,661
2018,CE,female,18,1382
2018,CE,female,19,1557
2018,CE,female,20-24,9517
2018,CE,female,25-29,8728
2018,CE,female,30-34,6160
2018,CE,female,35-39,3995
2018,CE,female,40-44,2436
2018,CE,female,45-49,1634
2018,CE,female,50-54,1101
2018,CE,female,55-59,428
2018,CE,female,60-64,216
2018,CE,female,65+,195
2018,CE,female,<15,2
2018,CE,female,unknown,13
2018,CE,male,15,1
2018,CE,male,16,42
2018,CE,male,17,76
2018,CE,male,18,360
2018,CE,male,19,702
2018,CE,male,20-24,7950
2018,CE,male,25-29,9177
2018,CE,male,30-34,7172
2018,CE,male,35-39,4584
2018,CE,male,40-44,2993
2018,CE,male,45-49,1922
2018,CE,male,50-54,1454
2018,CE,male,55-59,888
2018,CE,male,60-64,528
2018,CE,male,65+,712
2018,CE,male,<15,0
2018,CE,male,unknown,14
2018,DF,female,15,1
2018,DF,female,16,88
2018,DF,female,17,128
2018,DF,female,18,453
2018,DF,female,19,557
2018,DF,female,20-24,4392
2018,DF,female,25-29,4644
2018,DF,female,30-34,3718
2018,DF,female,35-39,2473
2018,DF,female,40-44,1506
2018,DF,female,45-49,917
2018,DF,female,50-54,558
2018,DF,female,55-59,258
2018,DF,female,60-64,134
2018,DF,female,65+,93
2018,DF,female,<15,1
2018,DF,female,unknown,0
2018,DF,male,15,0
2018,DF,male,16,3
2018,DF,male,17,18
2018,DF,male,18,79
2018,DF,male,19,226
2018,DF,male,20-24,3253
2018,DF,male,25-29,4692
2018,DF,male,30-34,3961
2018,DF,male,35-39,2922
2018,DF,male,40-44,1744
2018,DF,male,45-49,1166
2018,DF,male,50-54,769
2018,DF,male,55-59,473
2018,DF,male,60-64,282
2018,DF,male,65+,333
2018,DF,male,<15,0
2018,DF,male,unknown,0
2018,ES,female,15,5
2018,ES,female,16,278
2018,ES,female,17,389
2018,ES,female,18,782
2018,ES,female,19,893
2018,ES,female,20-24,5547
2018,ES,female,25-29,5411
2018,ES,female,30-34,4033
2018,ES,female,35-39,2673
2018,ES,female,40-44,1682
2018,ES,female,45-49,1134
2018,ES,female,50-54,858
2018,ES,female,55-59,469
2018,ES,female,60-64,263
2018,ES,female,65+,201
2018,ES,female,<15,1
2018,ES,female,unknown,1
2018,ES,male,15,0
2018,ES,male,16,6
2018,ES,male,17,39
2018,ES,male,18,162
2018,ES,male,19,339
2018,ES,male,20-24,4225
2018,ES,male,25-29,5724
2018,ES,male,30-34,4847
2018,ES,male,35-39,3228
2018,ES,male,40-44,1955
2018,ES,male,45-49,1323
2018,ES,male,50-54,957
2018,ES,male,55-59,723
2018,ES,male,60-64,489
2018,ES,male,65+,602
2018,ES,male,<15,0
2018,ES,male,unknown,1
2018,GO,female,15,5
2018,GO,female,16,491
2018,GO,female,17,615
2018,GO,female,18,1413
2018,GO,female,19,1435
2018,GO,female,20-24,8780
2018,GO,female,25-29,8117
2018,GO,female,30-34,5816
2018,GO,female,35-39,4134
2018,GO,female,40-44,2723
2018,GO,female,45-49,1866
2018,GO,female,50-54,1246
2018,GO,female,55-59,661
2018,GO,female,60-64,327
2018,GO,female,65+,283
2018,GO,female,<15,1
2018,GO,female,unknown,0
2018,GO,male,15,0
2018,GO,male,16,13
2018,GO,male,17,59
2018,GO,male,18,316
2018,GO,male,19,634
2018,GO,male,20-24,7076
2018,GO,male,25-29,8605
2018,GO,male,30-34,6891
2018,GO,male,35-39,4754
2018,GO,male,40-44,3229
2018,GO,male,45-49,2283
2018,GO,male,50-54,1609
2018,GO,male,55-59,988
2018,GO,male,60-64,625
2018,GO,male,65+,831
2018,GO,male,<15,0
2018,GO,male,unknown,0
2018,MA,female,15,5
2018,MA,female,16,390
2018,MA,female,17,486
2018,MA,female,18,954
2018,MA,female,19,978
2018,MA,female,20-24,4994
2018,MA,female,25-29,4524
2018,MA,female,30-34,3618
2018,MA,female,35-39,2599
2018,MA,female,40-44,1581
2018,MA,female,45-49,1064
2018,MA,female,50-54,647
2018,MA,female,55-59,375
2018,MA,female,60-64,222
2018,MA,female,65+,232
2018,MA,female,<15,9
2018,MA,female,unknown,27
2018,MA,male,15,1
2018,MA,male,16,18
2018,MA,male,17,49
2018,MA,male,18,265
2018,MA,male,19,430
2018,MA,male,20-24,4218
2018,MA,male,25-29,4708
2018,MA,male,30-34,4172
2018,MA,male,35-39,2906
2018,MA,male,40-44,1895
2018,MA,male,45-49,1260
2018,MA,male,50-54,930
2018,MA,male,55-59,659
2018,MA,male,60-64,465
2018,MA,male,65+,710
2018,MA,male,<15,1
2018,MA,male,unknown,18
2018,MG,female,15,11
2018,MG,female,16,1136
2018,MG,female,17,1565
2018,MG,female,18,3179
2018,MG,female,19,3739
2018,MG,female,20-24,23755
2018,MG,female,25-29,25912
2018,MG,female,30-34,18500
2018,MG,female,35-39,11347
2018,MG,female,40-44,6506
2018,MG,female,45-49,4355
2018,MG,female,50-54,2910
2018,MG,female,55-59,1676
2018,MG,female,60-64,886
2018,MG,female,65+,801
2018,MG,female,<15,9
2018,MG,female,unknown,1
2018,MG,male,15,0
2018,MG,male,16,22
2018,MG,male,17,111
2018,MG,male,18,688
2018,MG,male,19,1328
2018,MG,male,20-24,17778
2018,MG,male,25-29,26778
2018,MG,male,30-34,21946
2018,MG,male,35-39,14120
2018,MG,male,40-44,8099
2018,MG,male,45-49,5133
2018,MG,male,50-54,3654
2018,MG,male,55-59,2524
2018,MG,male,60-64,1757
2018,MG,male,65+,2349
2018,MG,male,<15,0
2018,MG,male,unknown,1
2018,MS,female,15,38
2018,MS,female,16,232
2018,MS,female,17,283
2018,MS,female,18,559
2018,MS,female,19,631
2018,MS,female,20-24,3693
2018,MS,female,25-29,3391
2018,MS,female,30-34,2711
2018,MS,female,35-39,1956
2018,MS,female,40-44,1312
2018,MS,female,45-49,948
2018,MS,female,50-54,579
2018,MS,female,55-59,325
2018,MS,female,60-64,178
2018,MS,female,65+,126
2018,MS,female,<15,40
2018,MS,female,unknown,1
2018,MS,male,15,5
2018,MS,male,16,27
2018,MS,male,17,62
2018,MS,male,18,180
2018,MS,male,19,304
2018,MS,male,20-24,3031
2018,MS,male,25-29,3603
2018,MS,male,30-34,2953
2018,MS,male,35-39,2245
2018,MS,male,40-44,1514
2018,MS,male,45-49,1108
2018,MS,male,50-54,771
2018,MS,male,55-59,483
2018,MS,male,60-64,314
2018,MS,male,65+,402
2018,MS,male,<15,0
2018,MS,male,unknown,1
2018,MT,female,15,2
2018,MT,female,16,302
2018,MT,female,17,375
2018,MT,female,18,668
2018,MT,female,19,662
2018,MT,female,20-24,4028
2018,MT,female,25-29,3855
2018,MT,female,30-34,2950
2018,MT,female,35-39,2253
2018,MT,female,40-44,1429
2018,MT,female,45-49,944
2018,MT,female,50-54,637
2018,MT,female,55-59,329
2018,MT,female,60-64,183
2018,MT,female,65+,149
2018,MT,female,<15,0
2018,MT,female,unknown,6
2018,MT,male,15,0
2018,MT,male,16,4
2018,MT,male,17,32
2018,MT,male,18,197
2018,MT,male,19,309
2018,MT,male,20-24,3230
2018,MT,male,25-29,3897
2018,MT,male,30-34,3439
2018,MT,male,35-39,2606
2018,MT,male,40-44,1746
2018,MT,male,45-49,1222
2018,MT,male,50-54,836
2018,MT,male,55-59,533
2018,MT,male,60-64,345
2018,MT,male,65+,373
2018,MT,male,<15,0
2018,MT,male,unknown,3
2018,PA,female,15,10
2018,PA,female,16,465
2018,PA,female,17,612
2018,PA,female,18,1214
2018,PA,female,19,1332
2018,PA,female,20-24,7651
2018,PA,female,25-29,7354
2018,PA,female,30-34,6100
2018,PA,female,35-39,4409
2018,PA,female,40-44,2788
2018,PA,female,45-49,1786
2018,PA,female,50-54,1058
2018,PA,female,55-59,538
2018,PA,female,60-64,303
2018,PA,female,65+,315
2018,PA,female,<15,7
2018,PA,female,unknown,10
2018,PA,male,15,2
2018,PA,male,16,11
2018,PA,male,17,55
2018,PA,male,18,257
2018,PA,male,19,488
2018,PA,male,20-24,5930
2018,PA,male,25-29,7414
2018,PA,male,30-34,6713
2018,PA,male,35-39,5238
2018,PA,male,40-44,3449
2018,PA,male,45-49,2346
2018,PA,male,50-54,1513
2018,PA,male,55-59,998
2018,PA,male,60-64,662
2018,PA,male,65+,869
2018,PA,male,<15,0
2018,PA,male,unknown,7
2018,PB,female,15,5
2018,PB,female,16,256
2018,PB,female,17,333
2018,PB,female,18,520
2018,PB,female,19,654
2018,PB,female,20-24,3808
2018,PB,female,25-29,3544
2018,PB,female,30-34,2551
2018,PB,female,35-39,1675
2018,PB,female,40-44,1040
2018,PB,female,45-49,718
2018,PB,female,50-54,417
2018,PB,female,55-59,224
2018,PB,female,60-64,96
2018,PB,female,65+,130
2018,PB,female,<15,3
2018,PB,female,unknown,48
2018,PB,male,15,0
2018,PB,male,16,14
2018,PB,male,17,37
2018,PB,male,18,171
2018,PB,male,19,251
2018,PB,male,20-24,3093
2018,PB,male,25-29,3839
2018,PB,male,30-34,3052
2018,PB,male,35-39,1880
2018,PB,male,40-44,1222
2018,PB,male,45-49,820
2018,PB,male,50-54,578
2018,PB,male,55-59,367
2018,PB,male,60-64,252
2018,PB,male,65+,397
2018,PB,male,<15,0
2018,PB,male,unknown,49
2018,PE,female,15,6
2018,PE,female,16,568
2018,PE,female,17,740
2018,PE,female,18,1535
2018,PE,female,19,1750
2018,PE,female,20-24,10564
2018,PE,female,25-29,10311
2018,PE,female,30-34,7870
2018,PE,female,35-39,5841
2018,PE,female,40-44,3950
2018,PE,female,45-49,2729
2018,PE,female,50-54,1638
2018,PE,female,55-59,879
2018,PE,female,60-64,384
2018,PE,female,65+,293
2018,PE,female,<15,2
2018,PE,female,unknown,3
2018,PE,male,15,1
2018,PE,male,16,19
2018,PE,male,17,89
2018,PE,male,18,368
2018,PE,male,19,728
2018,PE,male,20-24,8616
2018,PE,male,25-29,10702
2018,PE,male,30-34,8653
2018,PE,male,35-39,6514
2018,PE,male,40-44,4412
2018,PE,male,45-49,3071
2018,PE,male,50-54,2193
2018,PE,male,55-59,1464
2018,PE,male,60-64,978
2018,PE,male,65+,1252
2018,PE,male,<15,0
2018,PE,male,unknown,3
2018,PI,female,15,9
2018,PI,female,16,171
2018,PI,female,17,215
2018,PI,female,18,368
2018,PI,female,19,353
2018,PI,female,20-24,2173
2018,PI,female,25-29,2144
2018,PI,female,30-34,1672
2018,PI,female,35-39,1139
2018,PI,female,40-44,680
2018,PI,female,45-49,422
2018,PI,female,50-54,316
2018,PI,female,55-59,124
2018,PI,female,60-64,71
2018,PI,female,65+,82
2018,PI,female,<15,0
2018,PI,female,unknown,0
2018,PI,male,15,0
2018,PI,male,16,7
2018,PI,male,17,15
2018,PI,male,18,94
2018,PI,male,19,163
2018,PI,male,20-24,1844
2018,PI,male,25-29,2185
2018,PI,male,30-34,1946
2018,PI,male,35-39,1252
2018,PI,male,40-44,801
2018,PI,male,45-49,584
2018,PI,male,50-54,381
2018,PI,male,55-59,261
2018,PI,male,60-64,150
2018,PI,male,65+,256
2018,PI,male,<15,0
2018,PI,male,unknown,0
2018,PR,female,15,114
2018,PR,female,16,858
2018,PR,female,17,1069
2018,PR,female,18,2088
2018,PR,female,19,2234
2018,PR,female,20-24,13655
2018,PR,female,25-29,13765
2018,PR,female,30-34,8967
2018,PR,female,35-39,5776
2018,PR,female,40-44,3734
2018,PR,female,45-49,2622
2018,PR,female,50-54,1634
2018,PR,female,55-59,858
2018,PR,female,60-64,507
2018,PR,female,65+,415
2018,PR,female,<15,83
2018,PR,female,unknown,14
2018,PR,male,15,6
2018,PR,male,16,51
2018,PR,male,17,183
2018,PR,male,18,587
2018,PR,male,19,1041
2018,PR,male,20-24,11346
2018,PR,male,25-29,14338
2018,PR,male,30-34,10809
2018,PR,male,35-39,6970
2018,PR,male,40-44,4433
2018,PR,male,45-49,2989
2018,PR,male,50-54,2141
2018,PR,male,55-59,1355
2018,PR,male,60-64,955
2018,PR,male,65+,1169
2018,PR,male,<15,6
2018,PR,male,unknown,14
2018,RJ,female,15,10
2018,RJ,female,16,283
2018,RJ,female,17,530
2018,RJ,female,18,1581
2018,RJ,female,19,2426
2018,RJ,female,20-24,19219
2018,RJ,female,25-29,20201
2018,RJ,female,30-34,15623
2018,RJ,female,35-39,12161
2018,RJ,female,40-44,7779
2018,RJ,female,45-49,5495
2018,RJ,female,50-54,3672
2018,RJ,female,55-59,2257
2018,RJ,female,60-64,1278
2018,RJ,female,65+,855
2018,RJ,female,<15,4
2018,RJ,female,unknown,62
2018,RJ,male,15,0
2018,RJ,male,16,8
2018,RJ,male,17,51
2018,RJ,male,18,262
2018,RJ,male,19,730
2018,RJ,male,20-24,13833
2018,RJ,male,25-29,19975
2018,RJ,male,30-34,17352
2018,RJ,male,35-39,13457
2018,RJ,male,40-44,8796
2018,RJ,male,45-49,6306
2018,RJ,male,50-54,4551
2018,RJ,male,55-59,3194
2018,RJ,male,60-64,2217
2018,RJ,male,65+,2641
2018,RJ,male,<15,1
2018,RJ,male,unknown,62
2018,RN,female,15,0
2018,RN,female,16,145
2018,RN,female,17,192
2018,RN,female,18,461
2018,RN,female,19,523
2018,RN,female,20-24,3248
2018,RN,female,25-29,3242
2018,RN,female,30-34,2471
2018,RN,female,35-39,1632
2018,RN,female,40-44,1052
2018,RN,female,45-49,641
2018,RN,female,50-54,428
2018,RN,female,55-59,186
2018,RN,female,60-64,111
2018,RN,female,65+,112
2018,RN,female,<15,0
2018,RN,female,unknown,1
2018,RN,male,15,0
2018,RN,male,16,7
2018,RN,male,17,19
2018,RN,male,18,121
2018,RN,male,19,195
2018,RN,male,20-24,2646
2018,RN,male,25-29,3327
2018,RN,male,30-34,2812
2018,RN,male,35-39,1889
2018,RN,male,40-44,1178
2018,RN,male,45-49,775
2018,RN,male,50-54,557
2018,RN,male,55-59,351
2018,RN,male,60-64,218
2018,RN,male,65+,349
2018,RN,male,<15,0
2018,RN,male,unknown,1
2018,RO,female,15,10
2018,RO,female,16,423
2018,RO,female,17,428
2018,RO,female,18,677
2018,RO,female,19,671
2018,RO,female,20-24,2887
2018,RO,female,25-29,2310
2018,RO,female,30-34,1800
2018,RO,female,35-39,1498
2018,RO,female,40-44,1033
2018,RO,female,45-49,719
2018,RO,female,50-54,483
2018,RO,female,55-59,270
2018,RO,female,60-64,151
2018,RO,female,65+,136
2018,RO,female,<15,17
2018,RO,female,unknown,4
2018,RO,male,15,2
2018,RO,male,16,7
2018,RO,male,17,39
2018,RO,male,18,175
2018,RO,male,19,334
2018,RO,male,20-24,2813
2018,RO,male,25-29,2718
2018,RO,male,30-34,2068
2018,RO,male,35-39,1641
2018,RO,male,40-44,1131
2018,RO,male,45-49,860
2018,RO,male,50-54,664
2018,RO,male,55-59,414
2018,RO,male,60-64,287
2018,RO,male,65+,360
2018,RO,male,<15,0
2018,RO,male,unknown,4
2018,RR,female,15,0
2018,RR,female,16,27
2018,RR,female,17,28
2018,RR,female,18,87
2018,RR,female,19,80
2018,RR,female,20-24,480
2018,RR,female,25-29,366
2018,RR,female,30-34,310
2018,RR,female,35-39,240
2018,RR,female,40-44,155
2018,RR,female,45-49,115
2018,RR,female,50-54,69
2018,RR,female,55-59,26
2018,RR,female,60-64,18
2018,RR,female,65+,14
2018,RR,female,<15,0
2018,RR,female,unknown,0
2018,RR,male,15,0
2018,RR,male,16,0
2018,RR,male,17,2
2018,RR,male,18,23
2018,RR,male,19,33
2018,RR,male,20-24,400
2018,RR,male,25-29,403
2018,RR,male,30-34,356
2018,RR,male,35-39,258
2018,RR,male,40-44,190
2018,RR,male,45-49,115
2018,RR,male,50-54,90
2018,RR,male,55-59,61
2018,RR,male,60-64,43
2018,RR,male,65+,41
2018,RR,male,<15,0
2018,RR,male,unknown,0
2018,RS,female,15,3
2018,RS,female,16,400
2018,RS,female,17,509
2018,RS,female,18,1016
2018,RS,female,19,1155
2018,RS,female,20-24,6856
2018,RS,female,25-29,8074
2018,RS,female,30-34,6818
2018,RS,female,35-39,4715
2018,RS,female,40-44,2887
2018,RS,female,45-49,1961
2018,RS,female,50-54,1422
2018,RS,female,55-59,904
2018,RS,female,60-64,425
2018,RS,female,65+,372
2018,RS,female,<15,0
2018,RS,female,unknown,30
2018,RS,male,15,0
2018,RS,male,16,24
2018,RS,male,17,57
2018,RS,male,18,317
2018,RS,male,19,553
2018,RS,male,20-24,5414
2018,RS,male,25-29,7634
2018,RS,male,30-34,7439
2018,RS,male,35-39,5534
2018,RS,male,40-44,3368
2018,RS,male,45-49,2367
2018,RS,male,50-54,1737
2018,RS,male,55-59,1192
2018,RS,male,60-64,848
2018,RS,male,65+,1040
2018,RS,male,<15,0
2018,RS,male,unknown,23
2018,SC,female,15,4
2018,SC,female,16,292
2018,SC,female,17,418
2018,SC,female,18,987
2018,SC,female,19,1117
2018,SC,female,20-24,7027
2018,SC,female,25-29,7743
2018,SC,female,30-34,5643
2018,SC,female,35-39,3609
2018,SC,female,40-44,2079
2018,SC,female,45-49,1421
2018,SC,female,50-54,925
2018,SC,female,55-59,514
2018,SC,female,60-64,288
2018,SC,female,65+,274
2018,SC,female,<15,2
2018,SC,female,unknown,43
2018,SC,male,15,0
2018,SC,male,16,6
2018,SC,male,17,45
2018,SC,male,18,231
2018,SC,male,19,479
2018,SC,male,20-24,5373
2018,SC,male,25-29,7809
2018,SC,male,30-34,6421
2018,SC,male,35-39,4485
2018,SC,male,40-44,2637
2018,SC,male,45-49,1772
2018,SC,male,50-54,1221
2018,SC,male,55-59,769
2018,SC,male,60-64,477
2018,SC,male,65+,618
2018,SC,male,<15,0
2018,SC,male,unknown,43
2018,SE,female,15,4
2018,SE,female,16,75
2018,SE,female,17,96
2018,SE,female,18,187
2018,SE,female,19,255
2018,SE,female,20-24,1555
2018,SE,female,25-29,1758
2018,SE,female,30-34,1397
2018,SE,female,35-39,951
2018,SE,female,40-44,528
2018,SE,female,45-49,357
2018,SE,female,50-54,226
2018,SE,female,55-59,107
2018,SE,female,60-64,42
2018,SE,female,65+,41
2018,SE,female,<15,0
2018,SE,female,unknown,1
2018,SE,male,15,0
2018,SE,male,16,3
2018,SE,male,17,8
2018,SE,male,18,65
2018,SE,male,19,87
2018,SE,male,20-24,1207
2018,SE,male,25-29,1691
2018,SE,male,30-34,1566
2018,SE,male,35-39,1026
2018,SE,male,40-44,679
2018,SE,male,45-49,458
2018,SE,male,50-54,295
2018,SE,male,55-59,203
2018,SE,male,60-64,132
2018,SE,male,65+,159
2018,SE,male,<15,0
2018,SE,male,unknown,1
2018,SP,female,15,18
2018,SP,female,16,1622
2018,SP,female,17,2546
2018,SP,female,18,6364
2018,SP,female,19,7824
2018,SP,female,20-24,56076
2018,SP,female,25-29,63882
2018,SP,female,30-34,49898
2018,SP,female,35-39,34157
2018,SP,female,40-44,20887
2018,SP,female,45-49,14107
2018,SP,female,50-54,8942
2018,SP,female,55-59,4946
2018,SP,female,60-64,2631
2018,SP,female,65+,1873
2018,SP,female,<15,2
2018,SP,female,unknown,24
2018,SP,male,15,0
2018,SP,male,16,81
2018,SP,male,17,296
2018,SP,male,18,1560
2018,SP,male,19,3225
2018,SP,male,20-24,42601
2018,SP,male,25-29,63532
2018,SP,male,30-34,56836
2018,SP,male,35-39,39063
2018,SP,male,40-44,23976
2018,SP,male,45-49,15707
2018,SP,male,50-54,11148
2018,SP,male,55-59,7270
2018,SP,male,60-64,4828
2018,SP,male,65+,5650
2018,SP,male,<15,0
2018,SP,male,unknown,26
2018,TO,female,15,2
2018,TO,female,16,114
2018,TO,female,17,133
2018,TO,female,18,242
2018,TO,female,19,278
2018,TO,female,20-24,1510
2018,TO,female,25-29,1319
2018,TO,female,30-34,1064
2018,TO,female,35-39,741
2018,TO,female,40-44,509
2018,TO,female,45-49,316
2018,TO,female,50-54,221
2018,TO,female,55-59,113
2018,TO,female,60-64,72
2018,TO,female,65+,60
2018,TO,female,<15,5
2018,TO,female,unknown,0
2018,TO,male,15,0
2018,TO,male,16,0
2018,TO,male,17,15
2018,TO,male,18,51
2018,TO,male,19,115
2018,TO,male,20-24,1184
2018,TO,male,25-29,1433
2018,TO,male,30-34,1149
2018,TO,male,35-39,860
2018,TO,male,40-44,633
2018,TO,male,45-49,412
2018,TO,male,50-54,306
2018,TO,male,55-59,210
2018,TO,male,60-64,143
2018,TO,male,65+,187
2018,TO,male,<15,1
2018,TO,male,unknown,0
2019,AC,female,15,0
2019,AC,female,16,69
2019,AC,female,17,96
2019,AC,female,18,180
2019,AC,female,19,207
2019,AC,female,20-24,1017
2019,AC,female,25-29,839
2019,AC,female,30-34,620
2019,AC,female,35-39,482
2019,AC,female,40-44,354
2019,AC,female,45-49,222
2019,AC,female,50-54,165
2019,AC,female,55-59,72
2019,AC,female,60-64,49
2019,AC,female,65+,36
2019,AC,female,<15,0
2019,AC,female,unknown,8
2019,AC,male,15,0
2019,AC,male,16,4
2019,AC,male,17,14
2019,AC,male,18,44
2019,AC,male,19,83
2019,AC,male,20-24,885
2019,AC,male,25-29,855
2019,AC,male,30-34,668
2019,AC,male,35-39,632
2019,AC,male,40-44,414
2019,AC,male,45-49,278
2019,AC,male,50-54,200
2019,AC,male,55-59,120
2019,AC,male,60-64,106
2019,AC,male,65+,106
2019,AC,male,<15,0
2019,AC,male,unknown,7
2019,AL,female,15,2
2019,AL,female,16,247
2019,AL,female,17,313
2019,AL,female,18,558
2019,AL,female,19,627
2019,AL,female,20-24,3739
2019,AL,female,25-29,2931
2019,AL,female,30-34,2323
2019,AL,female,35-39,1597
2019,AL,female,40-44,1071
2019,AL,female,45-49,757
2019,AL,female,50-54,457
2019,AL,female,55-59,259
2019,AL,female,60-64,111
2019,AL,female,65+,103
2019,AL,female,<15,1
2019,AL,female,unknown,0
2019,AL,male,15,0
2019,AL,male,16,11
2019,AL,male,17,48
2019,AL,male,18,165
2019,AL,male,19,296
2019,AL,male,20-24,3103
2019,AL,male,25-29,3346
2019,AL,male,30-34,2530
2019,AL,male,35-39,1721
2019,AL,male,40-44,1247
2019,AL,male,45-49,908
2019,AL,male,50-54,615
2019,AL,male,55-59,426
2019,AL,male,60-64,283
2019,AL,male,65+,397
2019,AL,male,<15,0
2019,AL,male,unknown,0
2019,AM,female,15,4
2019,AM,female,16,83
2019,AM,female,17,158
2019,AM,female,18,390
2019,AM,female,19,522
2019,AM,female,20-24,3312
2019,AM,female,25-29,3150
2019,AM,female,30-34,2735
2019,AM,female,35-39,2030
2019,AM,female,40-44,1400
2019,AM,female,45-49,872
2019,AM,female,50-54,518
2019,AM,female,55-59,301
2019,AM,female,60-64,136
2019,AM,female,65+,133
2019,AM,female,<15,3
2019,AM,female,unknown,0
2019,AM,male,15,0
2019,AM,male,16,6
2019,AM,male,17,19
2019,AM,male,18,97
2019,AM,male,19,177
2019,AM,male,20-24,2506
2019,AM,male,25-29,3220
2019,AM,male,30-34,2855
2019,AM,male,35-39,2287
2019,AM,male,40-44,1631
2019,AM,male,45-49,1034
2019,AM,male,50-54,744
2019,AM,male,55-59,498
2019,AM,male,60-64,323
2019,AM,male,65+,350
2019,AM,male,<15,0
2019,AM,male,unknown,0
2019,AP,female,15,1
2019,AP,female,16,14
2019,AP,female,17,21
2019,AP,female,18,69
2019,AP,female,19,66
2019,AP,female,20-24,541
2019,AP,female,25-29,556
2019,AP,female,30-34,483
2019,AP,female,35-39,373
2019,AP,female,40-44,267
2019,AP,female,45-49,170
2019,AP,female,50-54,133
2019,AP,female,55-59,38
2019,AP,female,60-64,35
2019,AP,female,65+,22
2019,AP,female,<15,0
2019,AP,female,unknown,0
2019,AP,male,15,0
2019,AP,male,16,3
2019,AP,male,17,2
2019,AP,male,18,9
2019,AP,male,19,32
2019,AP,male,20-24,374
2019,AP,male,25-29,556
2019,AP,male,30-34,528
2019,AP,male,35-39,404
2019,AP,male,40-44,291
2019,AP,male,45-49,220
2019,AP,male,50-54,165
2019,AP,male,55-59,88
2019,AP,male,60-64,65
2019,AP,male,65+,52
2019,AP,male,<15,0
2019,AP,male,unknown,0
2019,BA,female,15,4
2019,BA,female,16,492
2019,BA,female,17,871
2019,BA,female,18,1874
2019,BA,female,19,2304
2019,BA,female,20-24,13540
2019,BA,female,25-29,13025
2019,BA,female,30-34,11247
2019,BA,female,35-39,8484
2019,BA,female,40-44,5596
2019,BA,female,45-49,3664
2019,BA,female,50-54,2518
2019,BA,female,55-59,1350
2019,BA,female,60-64,695
2019,BA,female,65+,565
2019,BA,female,<15,0
2019,BA,female,unknown,3
2019,BA,male,15,0
2019,BA,male,16,15
2019,BA,male,17,76
2019,BA,male,18,404
2019,BA,male,19,826
2019,BA,male,20-24,10436
2019,BA,male,25-29,13202
2019,BA,male,30-34,12206
2019,BA,male,35-39,9674
2019,BA,male,40-44,6457
2019,BA,male,45-49,4419
2019,BA,male,50-54,3079
2019,BA,male,55-59,2160
2019,BA,male,60-64,1412
2019,BA,male,65+,1863
2019,BA,male,<15,0
2019,BA,male,unknown,3
2019,CE,female,15,3
2019,CE,female,16,385
2019,CE,female,17,553
2019,CE,female,18,1094
2019,CE,female,19,1357
2019,CE,female,20-24,8664
2019,CE,female,25-29,8017
2019,CE,female,30-34,5996
2019,CE,female,35-39,3958
2019,CE,female,40-44,2483
2019,CE,female,45-49,1706
2019,CE,female,50-54,963
2019,CE,female,55-59,499
2019,CE,female,60-64,234
2019,CE,female,65+,197
2019,CE,female,<15,3
2019,CE,female,unknown,11
2019,CE,male,15,0
2019,CE,male,16,21
2019,CE,male,17,76
2019,CE,male,18,287
2019,CE,male,19,553
2019,CE,male,20-24,7040
2019,CE,male,25-29,8448
2019,CE,male,30-34,6832
2019,CE,male,35-39,4484
2019,CE,male,40-44,2955
2019,CE,male,45-49,1979
2019,CE,male,50-54,1344
2019,CE,male,55-59,863
2019,CE,male,60-64,525
2019,CE,male,65+,707
2019,CE,male,<15,0
2019,CE,male,unknown,9
2019,DF,female,15,0
2019,DF,female,16,84
2019,DF,female,17,109
2019,DF,female,18,425
2019,DF,female,19,580
2019,DF,female,20-24,4028
2019,DF,female,25-29,4614
2019,DF,female,30-34,3704
2019,DF,female,35-39,2653
2019,DF,female,40-44,1727
2019,DF,female,45-49,1024
2019,DF,female,50-54,639
2019,DF,female,55-59,298
2019,DF,female,60-64,148
2019,DF,female,65+,97
2019,DF,female,<15,0
2019,DF,female,unknown,0
2019,DF,male,15,0
2019,DF,male,16,5
2019,DF,male,17,24
2019,DF,male,18,87
2019,DF,male,19,220
2019,DF,male,20-24,3046
2019,DF,male,25-29,4575
2019,DF,male,30-34,3874
2019,DF,male,35-39,2944
2019,DF,male,40-44,1940
2019,DF,male,45-49,1287
2019,DF,male,50-54,926
2019,DF,male,55-59,531
2019,DF,male,60-64,332
2019,DF,male,65+,339
2019,DF,male,<15,0
2019,DF,male,unknown,0
2019,ES,female,15,0
2019,ES,female,16,211
2019,ES,female,17,303
2019,ES,female,18,668
2019,ES,female,19,840
2019,ES,female,20-24,5285
2019,ES,female,25-29,5139
2019,ES,female,30-34,3882
2019,ES,female,35-39,2602
2019,ES,female,40-44,1715
2019,ES,female,45-49,1234
2019,ES,female,50-54,798
2019,ES,female,55-59,520
2019,ES,female,60-64,276
2019,ES,female,65+,254
2019,ES,female,<15,0
2019,ES,female,unknown,0
2019,ES,male,15,0
2019,ES,male,16,3
2019,ES,male,17,17
2019,ES,male,18,136
2019,ES,male,19,291
2019,ES,male,20-24,3927
2019,ES,male,25-29,5423
2019,ES,male,30-34,4649
2019,ES,male,35-39,3092
2019,ES,male,40-44,2026
2019,ES,male,45-49,1294
2019,ES,male,50-54,1021
2019,ES,male,55-59,680
2019,ES,male,60-64,523
2019,ES,male,65+,645
2019,ES,male,<15,0
2019,ES,male,unknown,0
2019,GO,female,15,3
2019,GO,female,16,442
2019,GO,female,17,587
2019,GO,female,18,1146
2019,GO,female,19,1380
2019,GO,female,20-24,8379
2019,GO,female,25-29,7781
2019,GO,female,30-34,5721
2019,GO,female,35-39,4184
2019,GO,female,40-44,2939
2019,GO,female,45-49,1951
2019,GO,female,50-54,1308
2019,GO,female,55-59,716
2019,GO,female,60-64,380
2019,GO,female,65+,315
2019,GO,female,<15,0
2019,GO,female,unknown,2
2019,GO,male,15,1
2019,GO,male,16,10
2019,GO,male,17,60
2019,GO,male,18,273
2019,GO,male,19,611
2019,GO,male,20-24,6621
2019,GO,male,25-29,8324
2019,GO,male,30-34,6694
2019,GO,male,35-39,4765
2019,GO,male,40-44,3276
2019,GO,male,45-49,2303
2019,GO,male,50-54,1645
2019,GO,male,55-59,1085
2019,GO,male,60-64,693
2019,GO,male,65+,870
2019,GO,male,<15,1
2019,GO,male,unknown,2
2019,MA,female,15,9
2019,MA,female,16,323
2019,MA,female,17,459
2019,MA,female,18,813
2019,MA,female,19,938
2019,MA,female,20-24,4775
2019,MA,female,25-29,4196
2019,MA,female,30-34,3592
2019,MA,female,35-39,2529
2019,MA,female,40-44,1640
2019,MA,female,45-49,1059
2019,MA,female,50-54,673
2019,MA,female,55-59,381
2019,MA,female,60-64,221
2019,MA,female,65+,194
2019,MA,female,<15,9
2019,MA,female,unknown,37
2019,MA,male,15,1
2019,MA,male,16,12
2019,MA,male,17,62
2019,MA,male,18,198
2019,MA,male,19,402
2019,MA,male,20-24,3871
2019,MA,male,25-29,4437
2019,MA,male,30-34,3947
2019,MA,male,35-39,2985
2019,MA,male,40-44,1933
2019,MA,male,45-49,1318
2019,MA,male,50-54,930
2019,MA,male,55-59,605
2019,MA,male,60-64,437
2019,MA,male,65+,674
2019,MA,male,<15,0
2019,MA,male,unknown,36
2019,MG,female,15,10
2019,MG,female,16,948
2019,MG,female,17,1336
2019,MG,female,18,2887
2019,MG,female,19,3574
2019,MG,female,20-24,22963
2019,MG,female,25-29,24943
2019,MG,female,30-34,18094
2019,MG,female,35-39,11379
2019,MG,female,40-44,7123
2019,MG,female,45-49,4631
2019,MG,female,50-54,3116
2019,MG,female,55-59,1808
2019,MG,female,60-64,956
2019,MG,female,65+,798
2019,MG,female,<15,2
2019,MG,female,unknown,4
2019,MG,male,15,0
2019,MG,male,16,24
2019,MG,male,17,114
2019,MG,male,18,565
2019,MG,male,19,1267
2019,MG,male,20-24,17097
2019,MG,male,25-29,25188
2019,MG,male,30-34,21462
2019,MG,male,35-39,14113
2019,MG,male,40-44,8459
2019,MG,male,45-49,5440
2019,MG,male,50-54,3841
2019,MG,male,55-59,2717
2019,MG,male,60-64,1899
2019,MG,male,65+,2381
2019,MG,male,<15,1
2019,MG,male,unknown,4
2019,MS,female,15,36
2019,MS,female,16,188
2019,MS,female,17,218
2019,MS,female,18,461
2019,MS,female,19,546
2019,MS,female,20-24,3328
2019,MS,female,25-29,3155
2019,MS,female,30-34,2393
2019,MS,female,35-39,1780
2019,MS,female,40-44,1255
2019,MS,female,45-49,842
2019,MS,female,50-54,607
2019,MS,female,55-59,316
2019,MS,female,60-64,189
2019,MS,female,65+,133
2019,MS,female,<15,29
2019,MS,female,unknown,1
2019,MS,male,15,11
2019,MS,male,16,23
2019,MS,male,17,57
2019,MS,male,18,140
2019,MS,male,19,255
2019,MS,male,20-24,2743
2019,MS,male,25-29,3245
2019,MS,male,30-34,2627
2019,MS,male,35-39,2068
2019,MS,male,40-44,1381
2019,MS,male,45-49,1024
2019,MS,male,50-54,712
2019,MS,male,55-59,495
2019,MS,male,60-64,332
2019,MS,male,65+,360
2019,MS,male,<15,3
2019,MS,male,unknown,1
2019,MT,female,15,1
2019,MT,female,16,279
2019,MT,female,17,344
2019,MT,female,18,636
2019,MT,female,19,721
2019,MT,female,20-24,3987
2019,MT,female,25-29,4008
2019,MT,female,30-34,3181
2019,MT,female,35-39,2320
2019,MT,female,40-44,1658
2019,MT,female,45-49,1083
2019,MT,female,50-54,743
2019,MT,female,55-59,389
2019,MT,female,60-64,192
2019,MT,female,65+,142
2019,MT,female,<15,0
2019,MT,female,unknown,1
2019,MT,male,15,1
2019,MT,male,16,7
2019,MT,male,17,42
2019,MT,male,18,154
2019,MT,male,19,313
2019,MT,male,20-24,3294
2019,MT,male,25-29,3924
2019,MT,male,30-34,3613
2019,MT,male,35-39,2791
2019,MT,male,40-44,1895
2019,MT,male,45-49,1300
2019,MT,male,50-54,921
2019,MT,male,55-59,573
2019,MT,male,60-64,421
2019,MT,male,65+,435
2019,MT,male,<15,0
2019,MT,male,unknown,1
2019,PA,female,15,9
2019,PA,female,16,395
2019,PA,female,17,550
2019,PA,female,18,1097
2019,PA,female,19,1317
2019,PA,female,20-24,7434
2019,PA,female,25-29,7210
2019,PA,female,30-34,5838
2019,PA,female,35-39,4658
2019,PA,female,40-44,3039
2019,PA,female,45-49,2000
2019,PA,female,50-54,1223
2019,PA,female,55-59,632
2019,PA,female,60-64,364
2019,PA,female,65+,303
2019,PA,female,<15,4
2019,PA,female,unknown,17
2019,PA,male,15,1
2019,PA,male,16,6
2019,PA,male,17,44
2019,PA,male,18,256
2019,PA,male,19,522
2019,PA,male,20-24,5738
2019,PA,male,25-29,7106
2019,PA,male,30-34,6519
2019,PA,male,35-39,5224
2019,PA,male,40-44,3574
2019,PA,male,45-49,2522
2019,PA,male,50-54,1727
2019,PA,male,55-59,1135
2019,PA,male,60-64,765
2019,PA,male,65+,943
2019,PA,male,<15,0
2019,PA,male,unknown,8
2019,PB,female,15,2
2019,PB,female,16,237
2019,PB,female,17,314
2019,PB,female,18,488
2019,PB,female,19,557
2019,PB,female,20-24,3529
2019,PB,female,25-29,3475
2019,PB,female,30-34,2552
2019,PB,female,35-39,1701
2019,PB,female,40-44,1122
2019,PB,female,45-49,708
2019,PB,female,50-54,449
2019,PB,female,55-59,244
2019,PB,female,60-64,98
2019,PB,female,65+,92
2019,PB,female,<15,1
2019,PB,female,unknown,33
2019,PB,male,15,0
2019,PB,male,16,7
2019,PB,male,17,35
2019,PB,male,18,121
2019,PB,male,19,228
2019,PB,male,20-24,2955
2019,PB,male,25-29,3658
2019,PB,male,30-34,2827
2019,PB,male,35-39,1999
2019,PB,male,40-44,1245
2019,PB,male,45-49,825
2019,PB,male,50-54,606
2019,PB,male,55-59,407
2019,PB,male,60-64,261
2019,PB,male,65+,394
2019,PB,male,<15,0
2019,PB,male,unknown,34
2019,PE,female,15,5
2019,PE,female,16,483
2019,PE,female,17,694
2019,PE,female,18,1433
2019,PE,female,19,1723
2019,PE,female,20-24,10915
2019,PE,female,25-29,9913
2019,PE,female,30-34,8223
2019,PE,female,35-39,6038
2019,PE,female,40-44,4180
2019,PE,female,45-49,2830
2019,PE,female,50-54,1923
2019,PE,female,55-59,966
2019,PE,female,60-64,455
2019,PE,female,65+,310
2019,PE,female,<15,0
2019,PE,female,unknown,4
2019,PE,male,15,0
2019,PE,male,16,15
2019,PE,male,17,71
2019,PE,male,18,343
2019,PE,male,19,715
2019,PE,male,20-24,8681
2019,PE,male,25-29,10599
2019,PE,male,30-34,8897
2019,PE,male,35-39,6429
2019,PE,male,40-44,4596
2019,PE,male,45-49,3322
2019,PE,male,50-54,2398
2019,PE,male,55-59,1577
2019,PE,male,60-64,1053
2019,PE,male,65+,1396
2019,PE,male,<15,0
2019,PE,male,unknown,3
2019,PI,female,15,5
2019,PI,female,16,129
2019,PI,female,17,161
2019,PI,female,18,326
2019,PI,female,19,302
2019,PI,female,20-24,2074
2019,PI,female,25-29,2038
2019,PI,female,30-34,1600
2019,PI,female,35-39,1010
2019,PI,female,40-44,712
2019,PI,female,45-49,446
2019,PI,female,50-54,275
2019,PI,female,55-59,148
2019,PI,female,60-64,81
2019,PI,female,65+,84
2019,PI,female,<15,1
2019,PI,female,unknown,3
2019,PI,male,15,0
2019,PI,male,16,7
2019,PI,male,17,17
2019,PI,male,18,70
2019,PI,male,19,127
2019,PI,male,20-24,1675
2019,PI,male,25-29,2015
2019,PI,male,30-34,1775
2019,PI,male,35-39,1264
2019,PI,male,40-44,813
2019,PI,male,45-49,562
2019,PI,male,50-54,355
2019,PI,male,55-59,294
2019,PI,male,60-64,162
2019,PI,male,65+,258
2019,PI,male,<15,0
2019,PI,male,unknown,1
2019,PR,female,15,100
2019,PR,female,16,753
2019,PR,female,17,949
2019,PR,female,18,1814
2019,PR,female,19,2127
2019,PR,female,20-24,13274
2019,PR,female,25-29,13385
2019,PR,female,30-34,8609
2019,PR,female,35-39,5720
2019,PR,female,40-44,3765
2019,PR,female,45-49,2617
2019,PR,female,50-54,1847
2019,PR,female,55-59,1008
2019,PR,female,60-64,553
2019,PR,female,65+,434
2019,PR,female,<15,91
2019,PR,female,unknown,8
2019,PR,male,15,14
2019,PR,male,16,53
2019,PR,male,17,141
2019,PR,male,18,573
2019,PR,male,19,963
2019,PR,male,20-24,10736
2019,PR,male,25-29,13865
2019,PR,male,30-34,10389
2019,PR,male,35-39,6749
2019,PR,male,40-44,4574
2019,PR,male,45-49,3060
2019,PR,male,50-54,2150
2019,PR,male,55-59,1517
2019,PR,male,60-64,948
2019,PR,male,65+,1312
2019,PR,male,<15,2
2019,PR,male,unknown,8
2019,RJ,female,15,8
2019,RJ,female,16,209
2019,RJ,female,17,453
2019,RJ,female,18,1357
2019,RJ,female,19,2177
2019,RJ,female,20-24,17654
2019,RJ,female,25-29,18027
2019,RJ,female,30-34,13815
2019,RJ,female,35-39,10760
2019,RJ,female,40-44,7591
2019,RJ,female,45-49,5220
2019,RJ,female,50-54,3619
2019,RJ,female,55-59,2157
2019,RJ,female,60-64,1302
2019,RJ,female,65+,958
2019,RJ,female,<15,5
2019,RJ,female,unknown,104
2019,RJ,male,15,1
2019,RJ,male,16,11
2019,RJ,male,17,50
2019,RJ,male,18,239
2019,RJ,male,19,654
2019,RJ,male,20-24,12661
2019,RJ,male,25-29,18040
2019,RJ,male,30-34,15335
2019,RJ,male,35-39,11762
2019,RJ,male,40-44,8158
2019,RJ,male,45-49,5991
2019,RJ,male,50-54,4342
2019,RJ,male,55-59,3208
2019,RJ,male,60-64,2140
2019,RJ,male,65+,2720
2019,RJ,male,<15,0
2019,RJ,male,unknown,104
2019,RN,female,15,0
2019,RN,female,16,119
2019,RN,female,17,164
2019,RN,female,18,385
2019,RN,female,19,470
2019,RN,female,20-24,3063
2019,RN,female,25-29,3300
2019,RN,female,30-34,2530
2019,RN,female,35-39,1842
2019,RN,female,40-44,1148
2019,RN,female,45-49,772
2019,RN,female,50-54,486
2019,RN,female,55-59,223
2019,RN,female,60-64,134
2019,RN,female,65+,100
2019,RN,female,<15,0
2019,RN,female,unknown,8
2019,RN,male,15,0
2019,RN,male,16,7
2019,RN,male,17,22
2019,RN,male,18,94
2019,RN,male,19,204
2019,RN,male,20-24,2484
2019,RN,male,25-29,3099
2019,RN,male,30-34,2901
2019,RN,male,35-39,2075
2019,RN,male,40-44,1337
2019,RN,male,45-49,885
2019,RN,male,50-54,635
2019,RN,male,55-59,431
2019,RN,male,60-64,231
2019,RN,male,65+,331
2019,RN,male,<15,0
2019,RN,male,unknown,8
2019,RO,female,15,14
2019,RO,female,16,368
2019,RO,female,17,408
2019,RO,female,18,609
2019,RO,female,19,593
2019,RO,female,20-24,2534
2019,RO,female,25-29,2193
2019,RO,female,30-34,1732
2019,RO,female,35-39,1343
2019,RO,female,40-44,1026
2019,RO,female,45-49,739
2019,RO,female,50-54,480
2019,RO,female,55-59,316
2019,RO,female,60-64,164
2019,RO,female,65+,173
2019,RO,female,<15,19
2019,RO,female,unknown,5
2019,RO,male,15,0
2019,RO,male,16,8
2019,RO,male,17,30
2019,RO,male,18,168
2019,RO,male,19,315
2019,RO,male,20-24,2506
2019,RO,male,25-29,2381
2019,RO,male,30-34,2012
2019,RO,male,35-39,1578
2019,RO,male,40-44,1130
2019,RO,male,45-49,809
2019,RO,male,50-54,600
2019,RO,male,55-59,485
2019,RO,male,60-64,301
2019,RO,male,65+,388
2019,RO,male,<15,0
2019,RO,male,unknown,5
2019,RR,female,15,0
2019,RR,female,16,24
2019,RR,female,17,21
2019,RR,female,18,67
2019,RR,female,19,83
2019,RR,female,20-24,471
2019,RR,female,25-29,420
2019,RR,female,30-34,326
2019,RR,female,35-39,252
2019,RR,female,40-44,170
2019,RR,female,45-49,105
2019,RR,female,50-54,62
2019,RR,female,55-59,37
2019,RR,female,60-64,16
2019,RR,female,65+,16
2019,RR,female,<15,0
2019,RR,female,unknown,3
2019,RR,male,15,0
2019,RR,male,16,0
2019,RR,male,17,6
2019,RR,male,18,14
2019,RR,male,19,36
2019,RR,male,20-24,399
2019,RR,male,25-29,423
2019,RR,male,30-34,350
2019,RR,male,35-39,260
2019,RR,male,40-44,186
2019,RR,male,45-49,152
2019,RR,male,50-54,103
2019,RR,male,55-59,61
2019,RR,male,60-64,32
2019,RR,male,65+,48
2019,RR,male,<15,0
2019,RR,male,unknown,3
2019,RS,female,15,1
2019,RS,female,16,340
2019,RS,female,17,459
2019,RS,female,18,927
2019,RS,female,19,1153
2019,RS,female,20-24,6593
2019,RS,female,25-29,7630
2019,RS,female,30-34,6692
2019,RS,female,35-39,4708
2019,RS,female,40-44,3082
2019,RS,female,45-49,1992
2019,RS,female,50-54,1435
2019,RS,female,55-59,938
2019,RS,female,60-64,510
2019,RS,female,65+,405
2019,RS,female,<15,0
2019,RS,female,unknown,38
2019,RS,male,15,0
2019,RS,male,16,12
2019,RS,male,17,42
2019,RS,male,18,281
2019,RS,male,19,545
2019,RS,male,20-24,5272
2019,RS,male,25-29,7203
2019,RS,male,30-34,7026
2019,RS,male,35-39,5536
2019,RS,male,40-44,3429
2019,RS,male,45-49,2442
2019,RS,male,50-54,1806
2019,RS,male,55-59,1320
2019,RS,male,60-64,886
2019,RS,male,65+,1070
2019,RS,male,<15,0
2019,RS,male,unknown,33
2019,SC,female,15,0
2019,SC,female,16,264
2019,SC,female,17,371
2019,SC,female,18,911
2019,SC,female,19,1066
2019,SC,female,20-24,7035
2019,SC,female,25-29,7674
2019,SC,female,30-34,5697
2019,SC,female,35-39,3888
2019,SC,female,40-44,2279
2019,SC,female,45-49,1518
2019,SC,female,50-54,996
2019,SC,female,55-59,536
2019,SC,female,60-64,236
2019,SC,female,65+,254
2019,SC,female,<15,0
2019,SC,female,unknown,60
2019,SC,male,15,0
2019,SC,male,16,10
2019,SC,male,17,40
2019,SC,male,18,202
2019,SC,male,19,499
2019,SC,male,20-24,5358
2019,SC,male,25-29,7539
2019,SC,male,30-34,6664
2019,SC,male,35-39,4581
2019,SC,male,40-44,2831
2019,SC,male,45-49,1806
2019,SC,male,50-54,1204
2019,SC,male,55-59,847
2019,SC,male,60-64,493
2019,SC,male,65+,653
2019,SC,male,<15,0
2019,SC,male,unknown,58
2019,SE,female,15,2
2019,SE,female,16,74
2019,SE,female,17,79
2019,SE,female,18,141
2019,SE,female,19,215
2019,SE,female,20-24,1480
2019,SE,female,25-29,1618
2019,SE,female,30-34,1375
2019,SE,female,35-39,878
2019,SE,female,40-44,554
2019,SE,female,45-49,381
2019,SE,female,50-54,218
2019,SE,female,55-59,102
2019,SE,female,60-64,58
2019,SE,female,65+,49
2019,SE,female,<15,0
2019,SE,female,unknown,1
2019,SE,male,15,1
2019,SE,male,16,2
2019,SE,male,17,15
2019,SE,male,18,32
2019,SE,male,19,81
2019,SE,male,20-24,1100
2019,SE,male,25-29,1556
2019,SE,male,30-34,1499
2019,SE,male,35-39,1064
2019,SE,male,40-44,651
2019,SE,male,45-49,423
2019,SE,male,50-54,294
2019,SE,male,55-59,203
2019,SE,male,60-64,130
2019,SE,male,65+,172
2019,SE,male,<15,0
2019,SE,male,unknown,2
2019,SP,female,15,2
2019,SP,female,16,1393
2019,SP,female,17,2056
2019,SP,female,18,5656
2019,SP,female,19,7337
2019,SP,female,20-24,53193
2019,SP,female,25-29,59508
2019,SP,female,30-34,47255
2019,SP,female,35-39,33614
2019,SP,female,40-44,21952
2019,SP,female,45-49,14752
2019,SP,female,50-54,9518
2019,SP,female,55-59,5325
2019,SP,female,60-64,2789
2019,SP,female,65+,1932
2019,SP,female,<15,1
2019,SP,female,unknown,65
2019,SP,male,15,0
2019,SP,male,16,66
2019,SP,male,17,219
2019,SP,male,18,1369
2019,SP,male,19,3084
2019,SP,male,20-24,40589
2019,SP,male,25-29,58804
2019,SP,male,30-34,53549
2019,SP,male,35-39,37698
2019,SP,male,40-44,24576
2019,SP,male,45-49,16258
2019,SP,male,50-54,11425
2019,SP,male,55-59,7751
2019,SP,male,60-64,5053
2019,SP,male,65+,5852
2019,SP,male,<15,0
2019,SP,male,unknown,55
2019,TO,female,15,5
2019,TO,female,16,78
2019,TO,female,17,120
2019,TO,female,18,200
2019,TO,female,19,242
2019,TO,female,20-24,1324
2019,TO,female,25-29,1225
2019,TO,female,30-34,938
2019,TO,female,35-39,712
2019,TO,female,40-44,497
2019,TO,female,45-49,320
2019,TO,female,50-54,204
2019,TO,female,55-59,111
2019,TO,female,60-64,62
2019,TO,female,65+,60
2019,TO,female,<15,0
2019,TO,female,unknown,0
2019,TO,male,15,0
2019,TO,male,16,3
2019,TO,male,17,9
2019,TO,male,18,41
2019,TO,male,19,101
2019,TO,male,20-24,1013
2019,TO,male,25-29,1275
2019,TO,male,30-34,1115
2019,TO,male,35-39,790
2019,TO,male,40-44,561
2019,TO,male,45-49,416
2019,TO,male,50-54,283
2019,TO,male,55-59,179
2019,TO,male,60-64,128
2019,TO,male,65+,184
2019,TO,male,<15,0
2019,TO,male,unknown,0
2020,AC,female,15,2
2020,AC,female,16,49
2020,AC,female,17,66
2020,AC,female,18,114
2020,AC,female,19,125
2020,AC,female,20-24,717
2020,AC,female,25-29,516
2020,AC,female,30-34,371
2020,AC,female,35-39,285
2020,AC,female,40-44,186
2020,AC,female,45-49,130
2020,AC,female,50-54,93
2020,AC,female,55-59,53
2020,AC,female,60-64,24
2020,AC,female,65+,28
2020,AC,female,<15,0
2020,AC,female,unknown,2
2020,AC,male,15,0
2020,AC,male,16,1
2020,AC,male,17,10
2020,AC,male,18,33
2020,AC,male,19,59
2020,AC,male,20-24,618
2020,AC,male,25-29,566
2020,AC,male,30-34,406
2020,AC,male,35-39,342
2020,AC,male,40-44,237
2020,AC,male,45-49,157
2020,AC,male,50-54,112
2020,AC,male,55-59,75
2020,AC,male,60-64,61
2020,AC,male,65+,82
2020,AC,male,<15,0
2020,AC,male,unknown,2
2020,AL,female,15,2
2020,AL,female,16,172
2020,AL,female,17,229
2020,AL,female,18,420
2020,AL,female,19,492
2020,AL,female,20-24,2779
2020,AL,female,25-29,2096
2020,AL,female,30-34,1424
2020,AL,female,35-39,1019
2020,AL,female,40-44,721
2020,AL,female,45-49,526
2020,AL,female,50-54,371
2020,AL,female,55-59,157
2020,AL,female,60-64,84
2020,AL,female,65+,64
2020,AL,female,<15,0
2020,AL,female,unknown,1
2020,AL,male,15,0
2020,AL,male,16,9
2020,AL,male,17,33
2020,AL,male,18,119
2020,AL,male,19,212
2020,AL,male,20-24,2456
2020,AL,male,25-29,2394
2020,AL,male,30-34,1555
2020,AL,male,35-39,1152
2020,AL,male,40-44,779
2020,AL,male,45-49,592
2020,AL,male,50-54,434
2020,AL,male,55-59,317
2020,AL,male,60-64,214
2020,AL,male,65+,290
2020,AL,male,<15,0
2020,AL,male,unknown,1
2020,AM,female,15,4
2020,AM,female,16,83
2020,AM,female,17,111
2020,AM,female,18,336
2020,AM,female,19,406
2020,AM,female,20-24,2897
2020,AM,female,25-29,2723
2020,AM,female,30-34,2197
2020,AM,female,35-39,1666
2020,AM,female,40-44,1151
2020,AM,female,45-49,729
2020,AM,female,50-54,459
2020,AM,female,55-59,272
2020,AM,female,60-64,118
2020,AM,female,65+,87
2020,AM,female,<15,3
2020,AM,female,unknown,0
2020,AM,male,15,1
2020,AM,male,16,8
2020,AM,male,17,25
2020,AM,male,18,75
2020,AM,male,19,174
2020,AM,male,20-24,2154
2020,AM,male,25-29,2735
2020,AM,male,30-34,2349
2020,AM,male,35-39,1867
2020,AM,male,40-44,1416
2020,AM,male,45-49,873
2020,AM,male,50-54,624
2020,AM,male,55-59,408
2020,AM,male,60-64,271
2020,AM,male,65+,262
2020,AM,male,<15,0
2020,AM,male,unknown,0
2020,AP,female,15,0
2020,AP,female,16,7
2020,AP,female,17,15
2020,AP,female,18,27
2020,AP,female,19,39
2020,AP,female,20-24,304
2020,AP,female,25-29,294
2020,AP,female,30-34,222
2020,AP,female,35-39,191
2020,AP,female,40-44,122
2020,AP,female,45-49,89
2020,AP,female,50-54,39
2020,AP,female,55-59,35
2020,AP,female,60-64,18
2020,AP,female,65+,7
2020,AP,female,<15,0
2020,AP,female,unknown,0
2020,AP,male,15,0
2020,AP,male,16,0
2020,AP,male,17,3
2020,AP,male,18,9
2020,AP,male,19,17
2020,AP,male,20-24,219
2020,AP,male,25-29,312
2020,AP,male,30-34,246
2020,AP,male,35-39,174
2020,AP,male,40-44,154
2020,AP,male,45-49,105
2020,AP,male,50-54,82
2020,AP,male,55-59,37
2020,AP,male,60-64,27
2020,AP,male,65+,24
2020,AP,male,<15,0
2020,AP,male,unknown,0
2020,BA,female,15,2
2020,BA,female,16,339
2020,BA,female,17,619
2020,BA,female,18,1455
2020,BA,female,19,1664
2020,BA,female,20-24,10139
2020,BA,female,25-29,9109
2020,BA,female,30-34,7370
2020,BA,female,35-39,5536
2020,BA,female,40-44,3788
2020,BA,female,45-49,2393
2020,BA,female,50-54,1591
2020,BA,female,55-59,843
2020,BA,female,60-64,441
2020,BA,female,65+,395
2020,BA,female,<15,1
2020,BA,female,unknown,12
2020,BA,male,15,0
2020,BA,male,16,15
2020,BA,male,17,57
2020,BA,male,18,297
2020,BA,male,19,611
2020,BA,male,20-24,8048
2020,BA,male,25-29,9787
2020,BA,male,30-34,7876
2020,BA,male,35-39,6270
2020,BA,male,40-44,4390
2020,BA,male,45-49,2957
2020,BA,male,50-54,1991
2020,BA,male,55-59,1336
2020,BA,male,60-64,855
2020,BA,male,65+,1195
2020,BA,male,<15,0
2020,BA,male,unknown,12
2020,CE,female,15,6
2020,CE,female,16,282
2020,CE,female,17,421
2020,CE,female,18,978
2020,CE,female,19,1125
2020,CE,female,20-24,7537
2020,CE,female,25-29,6703
2020,CE,female,30-34,4618
2020,CE,female,35-39,3138
2020,CE,female,40-44,2074
2020,CE,female,45-49,1389
2020,CE,female,50-54,834
2020,CE,female,55-59,439
2020,CE,female,60-64,194
2020,CE,female,65+,151
2020,CE,female,<15,1
2020,CE,female,unknown,12
2020,CE,male,15,1
2020,CE,male,16,14
2020,CE,male,17,50
2020,CE,male,18,245
2020,CE,male,19,474
2020,CE,male,20-24,6140
2020,CE,male,25-29,7135
2020,CE,male,30-34,5470
2020,CE,male,35-39,3559
2020,CE,male,40-44,2298
2020,CE,male,45-49,1562
2020,CE,male,50-54,1098
2020,CE,male,55-59,742
2020,CE,male,60-64,441
2020,CE,male,65+,662
2020,CE,male,<15,0
2020,CE,male,unknown,11
2020,DF,female,15,0
2020,DF,female,16,43
2020,DF,female,17,84
2020,DF,female,18,342
2020,DF,female,19,473
2020,DF,female,20-24,3435
2020,DF,female,25-29,3474
2020,DF,female,30-34,2439
2020,DF,female,35-39,1810
2020,DF,female,40-44,1274
2020,DF,female,45-49,768
2020,DF,female,50-54,447
2020,DF,female,55-59,269
2020,DF,female,60-64,93
2020,DF,female,65+,74
2020,DF,female,<15,0
2020,DF,female,unknown,0
2020,DF,male,15,0
2020,DF,male,16,7
2020,DF,male,17,10
2020,DF,male,18,63
2020,DF,male,19,159
2020,DF,male,20-24,2656
2020,DF,male,25-29,3502
2020,DF,male,30-34,2838
2020,DF,male,35-39,1914
2020,DF,male,40-44,1414
2020,DF,male,45-49,901
2020,DF,male,50-54,656
2020,DF,male,55-59,398
2020,DF,male,60-64,252
2020,DF,male,65+,255
2020,DF,male,<15,0
2020,DF,male,unknown,0
2020,ES,female,15,0
2020,ES,female,16,180
2020,ES,female,17,261
2020,ES,female,18,523
2020,ES,female,19,702
2020,ES,female,20-24,4219
2020,ES,female,25-29,3976
2020,ES,female,30-34,2894
2020,ES,female,35-39,1960
2020,ES,female,40-44,1402
2020,ES,female,45-49,1007
2020,ES,female,50-54,671
2020,ES,female,55-59,408
2020,ES,female,60-64,248
2020,ES,female,65+,168
2020,ES,female,<15,0
2020,ES,female,unknown,1
2020,ES,male,15,0
2020,ES,male,16,7
2020,ES,male,17,24
2020,ES,male,18,113
2020,ES,male,19,247
2020,ES,male,20-24,3334
2020,ES,male,25-29,4192
2020,ES,male,30-34,3405
2020,ES,male,35-39,2366
2020,ES,male,40-44,1586
2020,ES,male,45-49,1071
2020,ES,male,50-54,804
2020,ES,male,55-59,568
2020,ES,male,60-64,394
2020,ES,male,65+,508
2020,ES,male,<15,0
2020,ES,male,unknown,1
2020,GO,female,15,1
2020,GO,female,16,318
2020,GO,female,17,425
2020,GO,female,18,1054
2020,GO,female,19,1067
2020,GO,female,20-24,6498
2020,GO,female,25-29,5795
2020,GO,female,30-34,4164
2020,GO,female,35-39,2940
2020,GO,female,40-44,2150
2020,GO,female,45-49,1526
2020,GO,female,50-54,976
2020,GO,female,55-59,593
2020,GO,female,60-64,305
2020,GO,female,65+,273
2020,GO,female,<15,0
2020,GO,female,unknown,2
2020,GO,male,15,2
2020,GO,male,16,13
2020,GO,male,17,47
2020,GO,male,18,243
2020,GO,male,19,480
2020,GO,male,20-24,5466
2020,GO,male,25-29,6241
2020,GO,male,30-34,4739
2020,GO,male,35-39,3324
2020,GO,male,40-44,2392
2020,GO,male,45-49,1743
2020,GO,male,50-54,1269
2020,GO,male,55-59,851
2020,GO,male,60-64,551
2020,GO,male,65+,724
2020,GO,male,<15,0
2020,GO,male,unknown,2
2020,MA,female,15,3
2020,MA,female,16,265
2020,MA,female,17,395
2020,MA,female,18,717
2020,MA,female,19,775
2020,MA,female,20-24,4420
2020,MA,female,25-29,3478
2020,MA,female,30-34,2667
2020,MA,female,35-39,1910
2020,MA,female,40-44,1266
2020,MA,female,45-49,865
2020,MA,female,50-54,510
2020,MA,female,55-59,293
2020,MA,female,60-64,162
2020,MA,female,65+,144
2020,MA,female,<15,6
2020,MA,female,unknown,11
2020,MA,male,15,0
2020,MA,male,16,10
2020,MA,male,17,50
2020,MA,male,18,197
2020,MA,male,19,364
2020,MA,male,20-24,3674
2020,MA,male,25-29,3920
2020,MA,male,30-34,2952
2020,MA,male,35-39,2194
2020,MA,male,40-44,1450
2020,MA,male,45-49,956
2020,MA,male,50-54,726
2020,MA,male,55-59,487
2020,MA,male,60-64,368
2020,MA,male,65+,528
2020,MA,male,<15,1
2020,MA,male,unknown,10
2020,MG,female,15,1
2020,MG,female,16,703
2020,MG,female,17,1100
2020,MG,female,18,2150
2020,MG,female,19,2589
2020,MG,female,20-24,17622
2020,MG,female,25-29,18202
2020,MG,female,30-34,12704
2020,MG,female,35-39,8155
2020,MG,female,40-44,5387
2020,MG,female,45-49,3533
2020,MG,female,50-54,2383
2020,MG,female,55-59,1425
2020,MG,female,60-64,724
2020,MG,female,65+,679
2020,MG,female,<15,1
2020,MG,female,unknown,2
2020,MG,male,15,0
2020,MG,male,16,21
2020,MG,male,17,70
2020,MG,male,18,454
2020,MG,male,19,984
2020,MG,male,20-24,13435
2020,MG,male,25-29,18747
2020,MG,male,30-34,15128
2020,MG,male,35-39,9885
2020,MG,male,40-44,6365
2020,MG,male,45-49,3990
2020,MG,male,50-54,2883
2020,MG,male,55-59,2056
2020,MG,male,60-64,1395
2020,MG,male,65+,1944
2020,MG,male,<15,0
2020,MG,male,unknown,3
2020,MS,female,15,11
2020,MS,female,16,131
2020,MS,female,17,175
2020,MS,female,18,341
2020,MS,female,19,363
2020,MS,female,20-24,2369
2020,MS,female,25-29,2241
2020,MS,female,30-34,1607
2020,MS,female,35-39,1204
2020,MS,female,40-44,857
2020,MS,female,45-49,633
2020,MS,female,50-54,437
2020,MS,female,55-59,278
2020,MS,female,60-64,113
2020,MS,female,65+,113
2020,MS,female,<15,12
2020,MS,female,unknown,0
2020,MS,male,15,7
2020,MS,male,16,12
2020,MS,male,17,33
2020,MS,male,18,103
2020,MS,male,19,160
2020,MS,male,20-24,1942
2020,MS,male,25-29,2360
2020,MS,male,30-34,1846
2020,MS,male,35-39,1365
2020,MS,male,40-44,1004
2020,MS,male,45-49,666
2020,MS,male,50-54,506
2020,MS,male,55-59,362
2020,MS,male,60-64,230
2020,MS,male,65+,289
2020,MS,male,<15,0
2020,MS,male,unknown,0
2020,MT,female,15,0
2020,MT,female,16,203
2020,MT,female,17,258
2020,MT,female,18,445
2020,MT,female,19,505
2020,MT,female,20-24,2668
2020,MT,female,25-29,2481
2020,MT,female,30-34,1911
2020,MT,female,35-39,1456
2020,MT,female,40-44,1060
2020,MT,female,45-49,751
2020,MT,female,50-54,514
2020,MT,female,55-59,278
2020,MT,female,60-64,154
2020,MT,female,65+,125
2020,MT,female,<15,2
2020,MT,female,unknown,4
2020,MT,male,15,1
2020,MT,male,16,7
2020,MT,male,17,23
2020,MT,male,18,117
2020,MT,male,19,242
2020,MT,male,20-24,2234
2020,MT,male,25-29,2615
2020,MT,male,30-34,2207
2020,MT,male,35-39,1660
2020,MT,male,40-44,1171
2020,MT,male,45-49,839
2020,MT,male,50-54,614
2020,MT,male,55-59,472
2020,MT,male,60-64,283
2020,MT,male,65+,326
2020,MT,male,<15,0
2020,MT,male,unknown,4
2020,PA,female,15,13
2020,PA,female,16,325
2020,PA,female,17,459
2020,PA,female,18,1022
2020,PA,female,19,1146
2020,PA,female,20-24,6800
2020,PA,female,25-29,6201
2020,PA,female,30-34,4916
2020,PA,female,35-39,3806
2020,PA,female,40-44,2702
2020,PA,female,45-49,1739
2020,PA,female,50-54,1107
2020,PA,female,55-59,581
2020,PA,female,60-64,291
2020,PA,female,65+,288
2020,PA,female,<15,6
2020,PA,female,unknown,2
2020,PA,male,15,0
2020,PA,male,16,12
2020,PA,male,17,46
2020,PA,male,18,214
2020,PA,male,19,453
2020,PA,male,20-24,5317
2020,PA,male,25-29,6343
2020,PA,male,30-34,5274
2020,PA,male,35-39,4404
2020,PA,male,40-44,3180
2020,PA,male,45-49,2140
2020,PA,male,50-54,1527
2020,PA,male,55-59,1013
2020,PA,male,60-64,612
2020,PA,male,65+,866
2020,PA,male,<15,0
2020,PA,male,unknown,3
2020,PB,female,15,3
2020,PB,female,16,163
2020,PB,female,17,199
2020,PB,female,18,388
2020,PB,female,19,450
2020,PB,female,20-24,2937
2020,PB,female,25-29,2909
2020,PB,female,30-34,1959
2020,PB,female,35-39,1356
2020,PB,female,40-44,866
2020,PB,female,45-49,590
2020,PB,female,50-54,400
2020,PB,female,55-59,214
2020,PB,female,60-64,105
2020,PB,female,65+,72
2020,PB,female,<15,0
2020,PB,female,unknown,9
2020,PB,male,15,0
2020,PB,male,16,3
2020,PB,male,17,21
2020,PB,male,18,99
2020,PB,male,19,189
2020,PB,male,20-24,2349
2020,PB,male,25-29,3047
2020,PB,male,30-34,2258
2020,PB,male,35-39,1579
2020,PB,male,40-44,982
2020,PB,male,45-49,679
2020,PB,male,50-54,507
2020,PB,male,55-59,348
2020,PB,male,60-64,240
2020,PB,male,65+,310
2020,PB,male,<15,0
2020,PB,male,unknown,9
2020,PE,female,15,0
2020,PE,female,16,334
2020,PE,female,17,474
2020,PE,female,18,1063
2020,PE,female,19,1240
2020,PE,female,20-24,7694
2020,PE,female,25-29,6992
2020,PE,female,30-34,5160
2020,PE,female,35-39,3656
2020,PE,female,40-44,2673
2020,PE,female,45-49,1888
2020,PE,female,50-54,1221
2020,PE,female,55-59,642
2020,PE,female,60-64,296
2020,PE,female,65+,241
2020,PE,female,<15,1
2020,PE,female,unknown,1
2020,PE,male,15,0
2020,PE,male,16,8
2020,PE,male,17,50
2020,PE,male,18,253
2020,PE,male,19,512
2020,PE,male,20-24,6315
2020,PE,male,25-29,7608
2020,PE,male,30-34,5566
2020,PE,male,35-39,4054
2020,PE,male,40-44,2954
2020,PE,male,45-49,2107
2020,PE,male,50-54,1511
2020,PE,male,55-59,1012
2020,PE,male,60-64,710
2020,PE,male,65+,915
2020,PE,male,<15,0
2020,PE,male,unknown,1
2020,PI,female,15,0
2020,PI,female,16,77
2020,PI,female,17,101
2020,PI,female,18,215
2020,PI,female,19,239
2020,PI,female,20-24,1424
2020,PI,female,25-29,1309
2020,PI,female,30-34,943
2020,PI,female,35-39,602
2020,PI,female,40-44,410
2020,PI,female,45-49,245
2020,PI,female,50-54,141
2020,PI,female,55-59,85
2020,PI,female,60-64,48
2020,PI,female,65+,46
2020,PI,female,<15,0
2020,PI,female,unknown,8
2020,PI,male,15,0
2020,PI,male,16,1
2020,PI,male,17,15
2020,PI,male,18,56
2020,PI,male,19,88
2020,PI,male,20-24,1157
2020,PI,male,25-29,1358
2020,PI,male,30-34,1121
2020,PI,male,35-39,694
2020,PI,male,40-44,498
2020,PI,male,45-49,294
2020,PI,male,50-54,206
2020,PI,male,55-59,167
2020,PI,male,60-64,96
2020,PI,male,65+,133
2020,PI,male,<15,0
2020,PI,male,unknown,9
2020,PR,female,15,67
2020,PR,female,16,601
2020,PR,female,17,705
2020,PR,female,18,1503
2020,PR,female,19,1628
2020,PR,female,20-24,10582
2020,PR,female,25-29,10114
2020,PR,female,30-34,6764
2020,PR,female,35-39,4470
2020,PR,female,40-44,3131
2020,PR,female,45-49,2315
2020,PR,female,50-54,1620
2020,PR,female,55-59,949
2020,PR,female,60-64,477
2020,PR,female,65+,436
2020,PR,female,<15,63
2020,PR,female,unknown,8
2020,PR,male,15,6
2020,PR,male,16,43
2020,PR,male,17,112
2020,PR,male,18,475
2020,PR,male,19,771
2020,PR,male,20-24,8637
2020,PR,male,25-29,10802
2020,PR,male,30-34,7948
2020,PR,male,35-39,5271
2020,PR,male,40-44,3502
2020,PR,male,45-49,2617
2020,PR,male,50-54,1915
2020,PR,male,55-59,1306
2020,PR,male,60-64,889
2020,PR,male,65+,1130
2020,PR,male,<15,1
2020,PR,male,unknown,8
2020,RJ,female,15,2
2020,RJ,female,16,125
2020,RJ,female,17,276
2020,RJ,female,18,935
2020,RJ,female,19,1577
2020,RJ,female,20-24,12917
2020,RJ,female,25-29,12443
2020,RJ,female,30-34,9126
2020,RJ,female,35-39,7096
2020,RJ,female,40-44,5332
2020,RJ,female,45-49,3659
2020,RJ,female,50-54,2541
2020,RJ,female,55-59,1557
2020,RJ,female,60-64,866
2020,RJ,female,65+,685
2020,RJ,female,<15,2
2020,RJ,female,unknown,39
2020,RJ,male,15,0
2020,RJ,male,16,2
2020,RJ,male,17,26
2020,RJ,male,18,147
2020,RJ,male,19,464
2020,RJ,male,20-24,9521
2020,RJ,male,25-29,12806
2020,RJ,male,30-34,9909
2020,RJ,male,35-39,7713
2020,RJ,male,40-44,5701
2020,RJ,male,45-49,4121
2020,RJ,male,50-54,2989
2020,RJ,male,55-59,2259
2020,RJ,male,60-64,1518
2020,RJ,male,65+,1960
2020,RJ,male,<15,3
2020,RJ,male,unknown,39
2020,RN,female,15,1
2020,RN,female,16,94
2020,RN,female,17,125
2020,RN,female,18,278
2020,RN,female,19,333
2020,RN,female,20-24,2244
2020,RN,female,25-29,2229
2020,RN,female,30-34,1574
2020,RN,female,35-39,1153
2020,RN,female,40-44,761
2020,RN,female,45-49,507
2020,RN,female,50-54,347
2020,RN,female,55-59,159
2020,RN,female,60-64,76
2020,RN,female,65+,65
2020,RN,female,<15,0
2020,RN,female,unknown,3
2020,RN,male,15,0
2020,RN,male,16,11
2020,RN,male,17,17
2020,RN,male,18,79
2020,RN,male,19,149
2020,RN,male,20-24,1844
2020,RN,male,25-29,2203
2020,RN,male,30-34,1810
2020,RN,male,35-39,1319
2020,RN,male,40-44,857
2020,RN,male,45-49,534
2020,RN,male,50-54,444
2020,RN,male,55-59,268
2020,RN,male,60-64,168
2020,RN,male,65+,243
2020,RN,male,<15,0
2020,RN,male,unknown,3
2020,RO,female,15,10
2020,RO,female,16,335
2020,RO,female,17,334
2020,RO,female,18,497
2020,RO,female,19,486
2020,RO,female,20-24,2185
2020,RO,female,25-29,1764
2020,RO,female,30-34,1336
2020,RO,female,35-39,1110
2020,RO,female,40-44,834
2020,RO,female,45-49,591
2020,RO,female,50-54,405
2020,RO,female,55-59,273
2020,RO,female,60-64,150
2020,RO,female,65+,128
2020,RO,female,<15,7
2020,RO,female,unknown,2
2020,RO,male,15,1
2020,RO,male,16,7
2020,RO,male,17,29
2020,RO,male,18,166
2020,RO,male,19,301
2020,RO,male,20-24,2166
2020,RO,male,25-29,1997
2020,RO,male,30-34,1519
2020,RO,male,35-39,1172
2020,RO,male,40-44,946
2020,RO,male,45-49,656
2020,RO,male,50-54,511
2020,RO,male,55-59,378
2020,RO,male,60-64,246
2020,RO,male,65+,350
2020,RO,male,<15,0
2020,RO,male,unknown,2
2020,RR,female,15,0
2020,RR,female,16,17
2020,RR,female,17,14
2020,RR,female,18,54
2020,RR,female,19,69
2020,RR,female,20-24,432
2020,RR,female,25-29,309
2020,RR,female,30-34,229
2020,RR,female,35-39,212
2020,RR,female,40-44,135
2020,RR,female,45-49,75
2020,RR,female,50-54,44
2020,RR,female,55-59,37
2020,RR,female,60-64,15
2020,RR,female,65+,13
2020,RR,female,<15,0
2020,RR,female,unknown,3
2020,RR,male,15,0
2020,RR,male,16,1
2020,RR,male,17,0
2020,RR,male,18,14
2020,RR,male,19,22
2020,RR,male,20-24,323
2020,RR,male,25-29,351
2020,RR,male,30-34,250
2020,RR,male,35-39,242
2020,RR,male,40-44,153
2020,RR,male,45-49,110
2020,RR,male,50-54,73
2020,RR,male,55-59,49
2020,RR,male,60-64,36
2020,RR,male,65+,31
2020,RR,male,<15,0
2020,RR,male,unknown,3
2020,RS,female,15,0
2020,RS,female,16,243
2020,RS,female,17,321
2020,RS,female,18,695
2020,RS,female,19,868
2020,RS,female,20-24,5170
2020,RS,female,25-29,5575
2020,RS,female,30-34,4408
2020,RS,female,35-39,3348
2020,RS,female,40-44,2234
2020,RS,female,45-49,1549
2020,RS,female,50-54,1096
2020,RS,female,55-59,657
2020,RS,female,60-64,412
2020,RS,female,65+,324
2020,RS,female,<15,0
2020,RS,female,unknown,33
2020,RS,male,15,0
2020,RS,male,16,13
2020,RS,male,17,39
2020,RS,male,18,199
2020,RS,male,19,377
2020,RS,male,20-24,4145
2020,RS,male,25-29,5285
2020,RS,male,30-34,4964
2020,RS,male,35-39,3815
2020,RS,male,40-44,2503
2020,RS,male,45-49,1778
2020,RS,male,50-54,1351
2020,RS,male,55-59,944
2020,RS,male,60-64,652
2020,RS,male,65+,850
2020,RS,male,<15,1
2020,RS,male,unknown,17
2020,SC,female,15,1
2020,SC,female,16,218
2020,SC,female,17,294
2020,SC,female,18,722
2020,SC,female,19,810
2020,SC,female,20-24,5212
2020,SC,female,25-29,5396
2020,SC,female,30-34,4145
2020,SC,female,35-39,2702
2020,SC,female,40-44,1697
2020,SC,female,45-49,1135
2020,SC,female,50-54,738
2020,SC,female,55-59,429
2020,SC,female,60-64,225
2020,SC,female,65+,183
2020,SC,female,<15,0
2020,SC,female,unknown,36
2020,SC,male,15,0
2020,SC,male,16,7
2020,SC,male,17,38
2020,SC,male,18,172
2020,SC,male,19,389
2020,SC,male,20-24,4164
2020,SC,male,25-29,5417
2020,SC,male,30-34,4676
2020,SC,male,35-39,3255
2020,SC,male,40-44,2043
2020,SC,male,45-49,1332
2020,SC,male,50-54,919
2020,SC,male,55-59,610
2020,SC,male,60-64,364
2020,SC,male,65+,524
2020,SC,male,<15,0
2020,SC,male,unknown,33
2020,SE,female,15,0
2020,SE,female,16,32
2020,SE,female,17,47
2020,SE,female,18,105
2020,SE,female,19,145
2020,SE,female,20-24,986
2020,SE,female,25-29,1095
2020,SE,female,30-34,775
2020,SE,female,35-39,533
2020,SE,female,40-44,310
2020,SE,female,45-49,227
2020,SE,female,50-54,170
2020,SE,female,55-59,80
2020,SE,female,60-64,37
2020,SE,female,65+,34
2020,SE,female,<15,0
2020,SE,female,unknown,1
2020,SE,male,15,0
2020,SE,male,16,1
2020,SE,male,17,1
2020,SE,male,18,20
2020,SE,male,19,59
2020,SE,male,20-24,777
2020,SE,male,25-29,1028
2020,SE,male,30-34,854
2020,SE,male,35-39,641
2020,SE,male,40-44,370
2020,SE,male,45-49,263
2020,SE,male,50-54,203
2020,SE,male,55-59,148
2020,SE,male,60-64,89
2020,SE,male,65+,122
2020,SE,male,<15,0
2020,SE,male,unknown,1
2020,SP,female,15,1
2020,SP,female,16,1009
2020,SP,female,17,1513
2020,SP,female,18,4139
2020,SP,female,19,5666
2020,SP,female,20-24,40469
2020,SP,female,25-29,41728
2020,SP,female,30-34,32414
2020,SP,female,35-39,23587
2020,SP,female,40-44,16478
2020,SP,female,45-49,11256
2020,SP,female,50-54,7481
2020,SP,female,55-59,4380
2020,SP,female,60-64,2261
2020,SP,female,65+,1632
2020,SP,female,<15,0
2020,SP,female,unknown,47
2020,SP,male,15,0
2020,SP,male,16,48
2020,SP,male,17,167
2020,SP,male,18,1050
2020,SP,male,19,2339
2020,SP,male,20-24,31697
2020,SP,male,25-29,42417
2020,SP,male,30-34,36218
2020,SP,male,35-39,26144
2020,SP,male,40-44,18111
2020,SP,male,45-49,12184
2020,SP,male,50-54,8631
2020,SP,male,55-59,6042
2020,SP,male,60-64,4114
2020,SP,male,65+,4859
2020,SP,male,<15,1
2020,SP,male,unknown,39
2020,TO,female,15,2
2020,TO,female,16,66
2020,TO,female,17,111
2020,TO,female,18,210
2020,TO,female,19,237
2020,TO,female,20-24,1493
2020,TO,female,25-29,1275
2020,TO,female,30-34,996
2020,TO,female,35-39,802
2020,TO,female,40-44,577
2020,TO,female,45-49,430
2020,TO,female,50-54,273
2020,TO,female,55-59,184
2020,TO,female,60-64,94
2020,TO,female,65+,76
2020,TO,female,<15,1
2020,TO,female,unknown,0
2020,TO,male,15,0
2020,TO,male,16,1
2020,TO,male,17,11
2020,TO,male,18,53
2020,TO,male,19,82
2020,TO,male,20-24,1134
2020,TO,male,25-29,1356
2020,TO,male,30-34,1071
2020,TO,male,35-39,883
2020,TO,male,40-44,715
2020,TO,male,45-49,488
2020,TO,male,50-54,389
2020,TO,male,55-59,252
2020,TO,male,60-64,169
2020,TO,male,65+,221
2020,TO,male,<15,2
2020,TO,male,unknown,0
2021,AC,female,15,0
2021,AC,female,16,59
2021,AC,female,17,69
2021,AC,female,18,146
2021,AC,female,19,162
2021,AC,female,20-24,882
2021,AC,female,25-29,770
2021,AC,female,30-34,550
2021,AC,female,35-39,437
2021,AC,female,40-44,310
2021,AC,female,45-49,216
2021,AC,female,50-54,134
2021,AC,female,55-59,82
2021,AC,female,60-64,41
2021,AC,female,65+,42
2021,AC,female,<15,0
2021,AC,female,unknown,3
2021,AC,male,15,0
2021,AC,male,16,1
2021,AC,male,17,5
2021,AC,male,18,39
2021,AC,male,19,72
2021,AC,male,20-24,728
2021,AC,male,25-29,725
2021,AC,male,30-34,628
2021,AC,male,35-39,539
2021,AC,male,40-44,368
2021,AC,male,45-49,253
2021,AC,male,50-54,182
2021,AC,male,55-59,139
2021,AC,male,60-64,100
2021,AC,male,65+,121
2021,AC,male,<15,0
2021,AC,male,unknown,3
2021,AL,female,15,0
2021,AL,female,16,181
2021,AL,female,17,210
2021,AL,female,18,550
2021,AL,female,19,545
2021,AL,female,20-24,3330
2021,AL,female,25-29,2908
2021,AL,female,30-34,1897
2021,AL,female,35-39,1464
2021,AL,female,40-44,987
2021,AL,female,45-49,730
2021,AL,female,50-54,495
2021,AL,female,55-59,247
2021,AL,female,60-64,106
2021,AL,female,65+,104
2021,AL,female,<15,1
2021,AL,female,unknown,0
2021,AL,male,15,0
2021,AL,male,16,8
2021,AL,male,17,35
2021,AL,male,18,141
2021,AL,male,19,278
2021,AL,male,20-24,2822
2021,AL,male,25-29,3055
2021,AL,male,30-34,2200
2021,AL,male,35-39,1557
2021,AL,male,40-44,1100
2021,AL,male,45-49,825
2021,AL,male,50-54,608
2021,AL,male,55-59,463
2021,AL,male,60-64,284
2021,AL,male,65+,378
2021,AL,male,<15,1
2021,AL,male,unknown,0
2021,AM,female,15,1
2021,AM,female,16,70
2021,AM,female,17,115
2021,AM,female,18,303
2021,AM,female,19,399
2021,AM,female,20-24,2760
2021,AM,female,25-29,2878
2021,AM,female,30-34,2095
2021,AM,female,35-39,1708
2021,AM,female,40-44,1140
2021,AM,female,45-49,720
2021,AM,female,50-54,461
2021,AM,female,55-59,261
2021,AM,female,60-64,142
2021,AM,female,65+,77
2021,AM,female,<15,2
2021,AM,female,unknown,0
2021,AM,male,15,0
2021,AM,male,16,5
2021,AM,male,17,14
2021,AM,male,18,62
2021,AM,male,19,156
2021,AM,male,20-24,2031
2021,AM,male,25-29,2861
2021,AM,male,30-34,2300
2021,AM,male,35-39,1821
2021,AM,male,40-44,1352
2021,AM,male,45-49,906
2021,AM,male,50-54,648
2021,AM,male,55-59,431
2021,AM,male,60-64,273
2021,AM,male,65+,272
2021,AM,male,<15,0
2021,AM,male,unknown,0
2021,AP,female,15,1
2021,AP,female,16,9
2021,AP,female,17,21
2021,AP,female,18,67
2021,AP,female,19,84
2021,AP,female,20-24,511
2021,AP,female,25-29,576
2021,AP,female,30-34,429
2021,AP,female,35-39,392
2021,AP,female,40-44,281
2021,AP,female,45-49,206
2021,AP,female,50-54,128
2021,AP,female,55-59,60
2021,AP,female,60-64,22
2021,AP,female,65+,24
2021,AP,female,<15,0
2021,AP,female,unknown,0
2021,AP,male,15,0
2021,AP,male,16,0
2021,AP,male,17,0
2021,AP,male,18,18
2021,AP,male,19,26
2021,AP,male,20-24,399
2021,AP,male,25-29,540
2021,AP,male,30-34,477
2021,AP,male,35-39,391
2021,AP,male,40-44,322
2021,AP,male,45-49,236
2021,AP,male,50-54,164
2021,AP,male,55-59,113
2021,AP,male,60-64,58
2021,AP,male,65+,67
2021,AP,male,<15,0
2021,AP,male,unknown,0
2021,BA,female,15,0
2021,BA,female,16,401
2021,BA,female,17,696
2021,BA,female,18,1650
2021,BA,female,19,1952
2021,BA,female,20-24,12446
2021,BA,female,25-29,12311
2021,BA,female,30-34,9584
2021,BA,female,35-39,7600
2021,BA,female,40-44,5490
2021,BA,female,45-49,3566
2021,BA,female,50-54,2392
2021,BA,female,55-59,1399
2021,BA,female,60-64,711
2021,BA,female,65+,533
2021,BA,female,<15,0
2021,BA,female,unknown,63
2021,BA,male,15,1
2021,BA,male,16,17
2021,BA,male,17,66
2021,BA,male,18,382
2021,BA,male,19,746
2021,BA,male,20-24,9621
2021,BA,male,25-29,12317
2021,BA,male,30-34,10425
2021,BA,male,35-39,8663
2021,BA,male,40-44,6235
2021,BA,male,45-49,4124
2021,BA,male,50-54,2882
2021,BA,male,55-59,2093
2021,BA,male,60-64,1338
2021,BA,male,65+,1821
2021,BA,male,<15,0
2021,BA,male,unknown,63
2021,CE,female,15,3
2021,CE,female,16,304
2021,CE,female,17,366
2021,CE,female,18,923
2021,CE,female,19,1058
2021,CE,female,20-24,7564
2021,CE,female,25-29,7749
2021,CE,female,30-34,5385
2021,CE,female,35-39,3690
2021,CE,female,40-44,2407
2021,CE,female,45-49,1694
2021,CE,female,50-54,1063
2021,CE,female,55-59,555
2021,CE,female,60-64,251
2021,CE,female,65+,211
2021,CE,female,<15,1
2021,CE,female,unknown,11
2021,CE,male,15,1
2021,CE,male,16,15
2021,CE,male,17,59
2021,CE,male,18,228
2021,CE,male,19,481
2021,CE,male,20-24,5830
2021,CE,male,25-29,8050
2021,CE,male,30-34,6107
2021,CE,male,35-39,4251
2021,CE,male,40-44,2666
2021,CE,male,45-49,1922
2021,CE,male,50-54,1332
2021,CE,male,55-59,943
2021,CE,male,60-64,568
2021,CE,male,65+,772
2021,CE,male,<15,0
2021,CE,male,unknown,10
2021,DF,female,15,0
2021,DF,female,16,64
2021,DF,female,17,94
2021,DF,female,18,384
2021,DF,female,19,508
2021,DF,female,20-24,4373
2021,DF,female,25-29,4777
2021,DF,female,30-34,3515
2021,DF,female,35-39,2503
2021,DF,female,40-44,1778
2021,DF,female,45-49,1087
2021,DF,female,50-54,694
2021,DF,female,55-59,352
2021,DF,female,60-64,157
2021,DF,female,65+,118
2021,DF,female,<15,0
2021,DF,female,unknown,0
2021,DF,male,15,0
2021,DF,male,16,2
2021,DF,male,17,20
2021,DF,male,18,86
2021,DF,male,19,174
2021,DF,male,20-24,3236
2021,DF,male,25-29,4732
2021,DF,male,30-34,3830
2021,DF,male,35-39,2837
2021,DF,male,40-44,1976
2021,DF,male,45-49,1300
2021,DF,male,50-54,944
2021,DF,male,55-59,569
2021,DF,male,60-64,300
2021,DF,male,65+,397
2021,DF,male,<15,0
2021,DF,male,unknown,1
2021,ES,female,15,0
2021,ES,female,16,183
2021,ES,female,17,272
2021,ES,female,18,574
2021,ES,female,19,720
2021,ES,female,20-24,4996
2021,ES,female,25-29,5111
2021,ES,female,30-34,3709
2021,ES,female,35-39,2476
2021,ES,female,40-44,1792
2021,ES,female,45-49,1193
2021,ES,female,50-54,861
2021,ES,female,55-59,540
2021,ES,female,60-64,305
2021,ES,female,65+,241
2021,ES,female,<15,1
2021,ES,female,unknown,2
2021,ES,male,15,1
2021,ES,male,16,4
2021,ES,male,17,23
2021,ES,male,18,138
2021,ES,male,19,263
2021,ES,male,20-24,3785
2021,ES,male,25-29,5226
2021,ES,male,30-34,4389
2021,ES,male,35-39,2976
2021,ES,male,40-44,2006
2021,ES,male,45-49,1257
2021,ES,male,50-54,1016
2021,ES,male,55-59,724
2021,ES,male,60-64,497
2021,ES,male,65+,669
2021,ES,male,<15,0
2021,ES,male,unknown,2
2021,GO,female,15,1
2021,GO,female,16,305
2021,GO,female,17,456
2021,GO,female,18,924
2021,GO,female,19,1065
2021,GO,female,20-24,6827
2021,GO,female,25-29,6554
2021,GO,female,30-34,4439
2021,GO,female,35-39,3199
2021,GO,female,40-44,2287
2021,GO,female,45-49,1659
2021,GO,female,50-54,1062
2021,GO,female,55-59,614
2021,GO,female,60-64,384
2021,GO,female,65+,300
2021,GO,female,<15,1
2021,GO,female,unknown,38
2021,GO,male,15,0
2021,GO,male,16,17
2021,GO,male,17,47
2021,GO,male,18,253
2021,GO,male,19,478
2021,GO,male,20-24,5487
2021,GO,male,25-29,6904
2021,GO,male,30-34,5208
2021,GO,male,35-39,3592
2021,GO,male,40-44,2601
2021,GO,male,45-49,1882
2021,GO,male,50-54,1304
2021,GO,male,55-59,898
2021,GO,male,60-64,596
2021,GO,male,65+,812
2021,GO,male,<15,0
2021,GO,male,unknown,36
2021,MA,female,15,12
2021,MA,female,16,302
2021,MA,female,17,399
2021,MA,female,18,777
2021,MA,female,19,826
2021,MA,female,20-24,4796
2021,MA,female,25-29,4204
2021,MA,female,30-34,3258
2021,MA,female,35-39,2443
2021,MA,female,40-44,1637
2021,MA,female,45-49,1141
2021,MA,female,50-54,690
2021,MA,female,55-59,406
2021,MA,female,60-64,253
2021,MA,female,65+,207
2021,MA,female,<15,12
2021,MA,female,unknown,32
2021,MA,male,15,1
2021,MA,male,16,16
2021,MA,male,17,51
2021,MA,male,18,178
2021,MA,male,19,361
2021,MA,male,20-24,3958
2021,MA,male,25-29,4450
2021,MA,male,30-34,3575
2021,MA,male,35-39,2800
2021,MA,male,40-44,1942
2021,MA,male,45-49,1245
2021,MA,male,50-54,945
2021,MA,male,55-59,646
2021,MA,male,60-64,496
2021,MA,male,65+,700
2021,MA,male,<15,1
2021,MA,male,unknown,30
2021,MG,female,15,7
2021,MG,female,16,834
2021,MG,female,17,1191
2021,MG,female,18,2466
2021,MG,female,19,2974
2021,MG,female,20-24,22734
2021,MG,female,25-29,25687
2021,MG,female,30-34,18254
2021,MG,female,35-39,10982
2021,MG,female,40-44,7428
2021,MG,female,45-49,4857
2021,MG,female,50-54,3242
2021,MG,female,55-59,1862
2021,MG,female,60-64,1071
2021,MG,female,65+,881
2021,MG,female,<15,3
2021,MG,female,unknown,3
2021,MG,male,15,2
2021,MG,male,16,33
2021,MG,male,17,88
2021,MG,male,18,554
2021,MG,male,19,1073
2021,MG,male,20-24,16565
2021,MG,male,25-29,25479
2021,MG,male,30-34,21689
2021,MG,male,35-39,13499
2021,MG,male,40-44,8901
2021,MG,male,45-49,5527
2021,MG,male,50-54,3895
2021,MG,male,55-59,2769
2021,MG,male,60-64,1912
2021,MG,male,65+,2485
2021,MG,male,<15,2
2021,MG,male,unknown,3
2021,MS,female,15,25
2021,MS,female,16,154
2021,MS,female,17,183
2021,MS,female,18,397
2021,MS,female,19,493
2021,MS,female,20-24,2897
2021,MS,female,25-29,3019
2021,MS,female,30-34,2087
2021,MS,female,35-39,1661
2021,MS,female,40-44,1146
2021,MS,female,45-49,849
2021,MS,female,50-54,574
2021,MS,female,55-59,341
2021,MS,female,60-64,187
2021,MS,female,65+,139
2021,MS,female,<15,19
2021,MS,female,unknown,2
2021,MS,male,15,1
2021,MS,male,16,24
2021,MS,male,17,43
2021,MS,male,18,138
2021,MS,male,19,190
2021,MS,male,20-24,2422
2021,MS,male,25-29,3013
2021,MS,male,30-34,2414
2021,MS,male,35-39,1813
2021,MS,male,40-44,1353
2021,MS,male,45-49,925
2021,MS,male,50-54,698
2021,MS,male,55-59,483
2021,MS,male,60-64,304
2021,MS,male,65+,346
2021,MS,male,<15,4
2021,MS,male,unknown,2
2021,MT,female,15,1
2021,MT,female,16,214
2021,MT,female,17,246
2021,MT,female,18,523
2021,MT,female,19,564
2021,MT,female,20-24,3337
2021,MT,female,25-29,3540
2021,MT,female,30-34,2704
2021,MT,female,35-39,2067
2021,MT,female,40-44,1535
2021,MT,female,45-49,1037
2021,MT,female,50-54,690
2021,MT,female,55-59,414
2021,MT,female,60-64,220
2021,MT,female,65+,173
2021,MT,female,<15,2
2021,MT,female,unknown,13
2021,MT,male,15,1
2021,MT,male,16,7
2021,MT,male,17,28
2021,MT,male,18,124
2021,MT,male,19,241
2021,MT,male,20-24,2738
2021,MT,male,25-29,3496
2021,MT,male,30-34,3038
2021,MT,male,35-39,2339
2021,MT,male,40-44,1701
2021,MT,male,45-49,1207
2021,MT,male,50-54,899
2021,MT,male,55-59,602
2021,MT,male,60-64,408
2021,MT,male,65+,438
2021,MT,male,<15,0
2021,MT,male,unknown,13
2021,PA,female,15,9
2021,PA,female,16,377
2021,PA,female,17,556
2021,PA,female,18,1112
2021,PA,female,19,1254
2021,PA,female,20-24,6758
2021,PA,female,25-29,6712
2021,PA,female,30-34,5430
2021,PA,female,35-39,4229
2021,PA,female,40-44,3163
2021,PA,female,45-49,2140
2021,PA,female,50-54,1367
2021,PA,female,55-59,710
2021,PA,female,60-64,368
2021,PA,female,65+,366
2021,PA,female,<15,0
2021,PA,female,unknown,12
2021,PA,male,15,2
2021,PA,male,16,16
2021,PA,male,17,42
2021,PA,male,18,249
2021,PA,male,19,449
2021,PA,male,20-24,5460
2021,PA,male,25-29,6727
2021,PA,male,30-34,5800
2021,PA,male,35-39,4782
2021,PA,male,40-44,3584
2021,PA,male,45-49,2614
2021,PA,male,50-54,1848
2021,PA,male,55-59,1158
2021,PA,male,60-64,767
2021,PA,male,65+,1060
2021,PA,male,<15,0
2021,PA,male,unknown,5
2021,PB,female,15,3
2021,PB,female,16,146
2021,PB,female,17,235
2021,PB,female,18,457
2021,PB,female,19,509
2021,PB,female,20-24,3624
2021,PB,female,25-29,3720
2021,PB,female,30-34,2457
2021,PB,female,35-39,1695
2021,PB,female,40-44,1184
2021,PB,female,45-49,820
2021,PB,female,50-54,550
2021,PB,female,55-59,276
2021,PB,female,60-64,147
2021,PB,female,65+,127
2021,PB,female,<15,0
2021,PB,female,unknown,27
2021,PB,male,15,0
2021,PB,male,16,11
2021,PB,male,17,21
2021,PB,male,18,103
2021,PB,male,19,225
2021,PB,male,20-24,2846
2021,PB,male,25-29,3794
2021,PB,male,30-34,2871
2021,PB,male,35-39,1951
2021,PB,male,40-44,1351
2021,PB,male,45-49,890
2021,PB,male,50-54,704
2021,PB,male,55-59,439
2021,PB,male,60-64,292
2021,PB,male,65+,452
2021,PB,male,<15,0
2021,PB,male,unknown,27
2021,PE,female,15,1
2021,PE,female,16,397
2021,PE,female,17,552
2021,PE,female,18,1194
2021,PE,female,19,1376
2021,PE,female,20-24,9369
2021,PE,female,25-29,9391
2021,PE,female,30-34,6820
2021,PE,female,35-39,4991
2021,PE,female,40-44,3591
2021,PE,female,45-49,2587
2021,PE,female,50-54,1775
2021,PE,female,55-59,920
2021,PE,female,60-64,443
2021,PE,female,65+,329
2021,PE,female,<15,5
2021,PE,female,unknown,1
2021,PE,male,15,0
2021,PE,male,16,12
2021,PE,male,17,71
2021,PE,male,18,322
2021,PE,male,19,585
2021,PE,male,20-24,7657
2021,PE,male,25-29,9503
2021,PE,male,30-34,7492
2021,PE,male,35-39,5359
2021,PE,male,40-44,4027
2021,PE,male,45-49,2882
2021,PE,male,50-54,2079
2021,PE,male,55-59,1459
2021,PE,male,60-64,979
2021,PE,male,65+,1314
2021,PE,male,<15,1
2021,PE,male,unknown,0
2021,PI,female,15,3
2021,PI,female,16,87
2021,PI,female,17,103
2021,PI,female,18,254
2021,PI,female,19,273
2021,PI,female,20-24,1858
2021,PI,female,25-29,1980
2021,PI,female,30-34,1440
2021,PI,female,35-39,958
2021,PI,female,40-44,580
2021,PI,female,45-49,397
2021,PI,female,50-54,243
2021,PI,female,55-59,150
2021,PI,female,60-64,80
2021,PI,female,65+,73
2021,PI,female,<15,1
2021,PI,female,unknown,8
2021,PI,male,15,0
2021,PI,male,16,2
2021,PI,male,17,20
2021,PI,male,18,57
2021,PI,male,19,114
2021,PI,male,20-24,1450
2021,PI,male,25-29,1935
2021,PI,male,30-34,1646
2021,PI,male,35-39,1111
2021,PI,male,40-44,732
2021,PI,male,45-49,431
2021,PI,male,50-54,335
2021,PI,male,55-59,262
2021,PI,male,60-64,154
2021,PI,male,65+,228
2021,PI,male,<15,0
2021,PI,male,unknown,11
2021,PR,female,15,74
2021,PR,female,16,597
2021,PR,female,17,764
2021,PR,female,18,1517
2021,PR,female,19,1671
2021,PR,female,20-24,11574
2021,PR,female,25-29,12030
2021,PR,female,30-34,7774
2021,PR,female,35-39,4916
2021,PR,female,40-44,3509
2021,PR,female,45-49,2505
2021,PR,female,50-54,1679
2021,PR,female,55-59,1066
2021,PR,female,60-64,582
2021,PR,female,65+,448
2021,PR,female,<15,59
2021,PR,female,unknown,10
2021,PR,male,15,9
2021,PR,male,16,55
2021,PR,male,17,123
2021,PR,male,18,470
2021,PR,male,19,838
2021,PR,male,20-24,9325
2021,PR,male,25-29,12393
2021,PR,male,30-34,9124
2021,PR,male,35-39,5979
2021,PR,male,40-44,3935
2021,PR,male,45-49,2750
2021,PR,male,50-54,2146
2021,PR,male,55-59,1395
2021,PR,male,60-64,991
2021,PR,male,65+,1229
2021,PR,male,<15,4
2021,PR,male,unknown,9
2021,RJ,female,15,1
2021,RJ,female,16,145
2021,RJ,female,17,292
2021,RJ,female,18,1002
2021,RJ,female,19,1630
2021,RJ,female,20-24,15478
2021,RJ,female,25-29,16705
2021,RJ,female,30-34,11921
2021,RJ,female,35-39,8957
2021,RJ,female,40-44,6878
2021,RJ,female,45-49,4884
2021,RJ,female,50-54,3297
2021,RJ,female,55-59,2110
2021,RJ,female,60-64,1153
2021,RJ,female,65+,857
2021,RJ,female,<15,2
2021,RJ,female,unknown,51
2021,RJ,male,15,0
2021,RJ,male,16,8
2021,RJ,male,17,20
2021,RJ,male,18,172
2021,RJ,male,19,488
2021,RJ,male,20-24,10935
2021,RJ,male,25-29,16854
2021,RJ,male,30-34,13069
2021,RJ,male,35-39,9784
2021,RJ,male,40-44,7414
2021,RJ,male,45-49,5119
2021,RJ,male,50-54,3974
2021,RJ,male,55-59,2972
2021,RJ,male,60-64,1936
2021,RJ,male,65+,2567
2021,RJ,male,<15,0
2021,RJ,male,unknown,51
2021,RN,female,15,0
2021,RN,female,16,99
2021,RN,female,17,98
2021,RN,female,18,310
2021,RN,female,19,375
2021,RN,female,20-24,2758
2021,RN,female,25-29,2938
2021,RN,female,30-34,2208
2021,RN,female,35-39,1560
2021,RN,female,40-44,1112
2021,RN,female,45-49,738
2021,RN,female,50-54,455
2021,RN,female,55-59,256
2021,RN,female,60-64,110
2021,RN,female,65+,92
2021,RN,female,<15,1
2021,RN,female,unknown,16
2021,RN,male,15,0
2021,RN,male,16,8
2021,RN,male,17,17
2021,RN,male,18,89
2021,RN,male,19,165
2021,RN,male,20-24,2138
2021,RN,male,25-29,2839
2021,RN,male,30-34,2452
2021,RN,male,35-39,1804
2021,RN,male,40-44,1230
2021,RN,male,45-49,793
2021,RN,male,50-54,565
2021,RN,male,55-59,413
2021,RN,male,60-64,247
2021,RN,male,65+,349
2021,RN,male,<15,1
2021,RN,male,unknown,16
2021,RO,female,15,7
2021,RO,female,16,352
2021,RO,female,17,380
2021,RO,female,18,536
2021,RO,female,19,551
2021,RO,female,20-24,2448
2021,RO,female,25-29,1985
2021,RO,female,30-34,1617
2021,RO,female,35-39,1283
2021,RO,female,40-44,1009
2021,RO,female,45-49,730
2021,RO,female,50-54,532
2021,RO,female,55-59,330
2021,RO,female,60-64,159
2021,RO,female,65+,184
2021,RO,female,<15,6
2021,RO,female,unknown,1
2021,RO,male,15,1
2021,RO,male,16,10
2021,RO,male,17,37
2021,RO,male,18,181
2021,RO,male,19,316
2021,RO,male,20-24,2356
2021,RO,male,25-29,2265
2021,RO,male,30-34,1761
2021,RO,male,35-39,1437
2021,RO,male,40-44,1113
2021,RO,male,45-49,803
2021,RO,male,50-54,627
2021,RO,male,55-59,505
2021,RO,male,60-64,324
2021,RO,male,65+,373
2021,RO,male,<15,0
2021,RO,male,unknown,1
2021,RR,female,15,0
2021,RR,female,16,16
2021,RR,female,17,29
2021,RR,female,18,75
2021,RR,female,19,73
2021,RR,female,20-24,474
2021,RR,female,25-29,438
2021,RR,female,30-34,340
2021,RR,female,35-39,283
2021,RR,female,40-44,176
2021,RR,female,45-49,115
2021,RR,female,50-54,78
2021,RR,female,55-59,45
2021,RR,female,60-64,27
2021,RR,female,65+,20
2021,RR,female,<15,0
2021,RR,female,unknown,1
2021,RR,male,15,0
2021,RR,male,16,0
2021,RR,male,17,0
2021,RR,male,18,17
2021,RR,male,19,19
2021,RR,male,20-24,381
2021,RR,male,25-29,461
2021,RR,male,30-34,344
2021,RR,male,35-39,314
2021,RR,male,40-44,233
2021,RR,male,45-49,131
2021,RR,male,50-54,87
2021,RR,male,55-59,81
2021,RR,male,60-64,50
2021,RR,male,65+,71
2021,RR,male,<15,0
2021,RR,male,unknown,1
2021,RS,female,15,0
2021,RS,female,16,264
2021,RS,female,17,355
2021,RS,female,18,740
2021,RS,female,19,888
2021,RS,female,20-24,6094
2021,RS,female,25-29,7006
2021,RS,female,30-34,6188
2021,RS,female,35-39,4360
2021,RS,female,40-44,3001
2021,RS,female,45-49,2014
2021,RS,female,50-54,1469
2021,RS,female,55-59,927
2021,RS,female,60-64,491
2021,RS,female,65+,416
2021,RS,female,<15,1
2021,RS,female,unknown,20
2021,RS,male,15,0
2021,RS,male,16,22
2021,RS,male,17,64
2021,RS,male,18,230
2021,RS,male,19,393
2021,RS,male,20-24,4843
2021,RS,male,25-29,6655
2021,RS,male,30-34,6450
2021,RS,male,35-39,4963
2021,RS,male,40-44,3452
2021,RS,male,45-49,2281
2021,RS,male,50-54,1731
2021,RS,male,55-59,1304
2021,RS,male,60-64,807
2021,RS,male,65+,1021
2021,RS,male,<15,0
2021,RS,male,unknown,18
2021,SC,female,15,0
2021,SC,female,16,223
2021,SC,female,17,304
2021,SC,female,18,677
2021,SC,female,19,896
2021,SC,female,20-24,6600
2021,SC,female,25-29,7324
2021,SC,female,30-34,5719
2021,SC,female,35-39,3752
2021,SC,female,40-44,2447
2021,SC,female,45-49,1499
2021,SC,female,50-54,995
2021,SC,female,55-59,611
2021,SC,female,60-64,321
2021,SC,female,65+,240
2021,SC,female,<15,0
2021,SC,female,unknown,23
2021,SC,male,15,0
2021,SC,male,16,11
2021,SC,male,17,34
2021,SC,male,18,190
2021,SC,male,19,429
2021,SC,male,20-24,4937
2021,SC,male,25-29,7114
2021,SC,male,30-34,6483
2021,SC,male,35-39,4407
2021,SC,male,40-44,2851
2021,SC,male,45-49,1819
2021,SC,male,50-54,1284
2021,SC,male,55-59,867
2021,SC,male,60-64,520
2021,SC,male,65+,662
2021,SC,male,<15,0
2021,SC,male,unknown,23
2021,SE,female,15,1
2021,SE,female,16,38
2021,SE,female,17,54
2021,SE,female,18,152
2021,SE,female,19,167
2021,SE,female,20-24,1566
2021,SE,female,25-29,1643
2021,SE,female,30-34,1315
2021,SE,female,35-39,816
2021,SE,female,40-44,590
2021,SE,female,45-49,372
2021,SE,female,50-54,224
2021,SE,female,55-59,128
2021,SE,female,60-64,71
2021,SE,female,65+,62
2021,SE,female,<15,1
2021,SE,female,unknown,5
2021,SE,male,15,1
2021,SE,male,16,2
2021,SE,male,17,6
2021,SE,male,18,29
2021,SE,male,19,70
2021,SE,male,20-24,1120
2021,SE,male,25-29,1602
2021,SE,male,30-34,1373
2021,SE,male,35-39,1001
2021,SE,male,40-44,687
2021,SE,male,45-49,442
2021,SE,male,50-54,306
2021,SE,male,55-59,223
2021,SE,male,60-64,135
2021,SE,male,65+,203
2021,SE,male,<15,0
2021,SE,male,unknown,5
2021,SP,female,15,2
2021,SP,female,16,890
2021,SP,female,17,1374
2021,SP,female,18,4031
2021,SP,female,19,5308
2021,SP,female,20-24,45843
2021,SP,female,25-29,52092
2021,SP,female,30-34,39805
2021,SP,female,35-39,28037
2021,SP,female,40-44,19288
2021,SP,female,45-49,13397
2021,SP,female,50-54,8551
2021,SP,female,55-59,5066
2021,SP,female,60-64,2698
2021,SP,female,65+,1951
2021,SP,female,<15,0
2021,SP,female,unknown,42
2021,SP,male,15,0
2021,SP,male,16,40
2021,SP,male,17,174
2021,SP,male,18,1012
2021,SP,male,19,2148
2021,SP,male,20-24,34413
2021,SP,male,25-29,51237
2021,SP,male,30-34,44460
2021,SP,male,35-39,31304
2021,SP,male,40-44,21573
2021,SP,male,45-49,14483
2021,SP,male,50-54,10158
2021,SP,male,55-59,7223
2021,SP,male,60-64,4537
2021,SP,male,65+,5571
2021,SP,male,<15,0
2021,SP,male,unknown,42
2021,TO,female,15,0
2021,TO,female,16,75
2021,TO,female,17,100
2021,TO,female,18,216
2021,TO,female,19,239
2021,TO,female,20-24,1497
2021,TO,female,25-29,1428
2021,TO,female,30-34,1030
2021,TO,female,35-39,804
2021,TO,female,40-44,606
2021,TO,female,45-49,438
2021,TO,female,50-54,285
2021,TO,female,55-59,174
2021,TO,female,60-64,95
2021,TO,female,65+,83
2021,TO,female,<15,2
2021,TO,female,unknown,0
2021,TO,male,15,0
2021,TO,male,16,0
2021,TO,male,17,11
2021,TO,male,18,56
2021,TO,male,19,103
2021,TO,male,20-24,1138
2021,TO,male,25-29,1455
2021,TO,male,30-34,1192
2021,TO,male,35-39,922
2021,TO,male,40-44,660
2021,TO,male,45-49,497
2021,TO,male,50-54,366
2021,TO,male,55-59,258
2021,TO,male,60-64,190
2021,TO,male,65+,224
2021,TO,male,<15,0
2021,TO,male,unknown,0
2022,AC,female,15,1
2022,AC,female,16,50
2022,AC,female,17,93
2022,AC,female,18,162
2022,AC,female,19,171
2022,AC,female,20-24,1001
2022,AC,female,25-29,895
2022,AC,female,30-34,628
2022,AC,female,35-39,522
2022,AC,female,40-44,397
2022,AC,female,45-49,261
2022,AC,female,50-54,167
2022,AC,female,55-59,90
2022,AC,female,60-64,66
2022,AC,female,65+,61
2022,AC,female,<15,1
2022,AC,female,unknown,14
2022,AC,male,15,0
2022,AC,male,16,5
2022,AC,male,17,11
2022,AC,male,18,50
2022,AC,male,19,74
2022,AC,male,20-24,802
2022,AC,male,25-29,870
2022,AC,male,30-34,711
2022,AC,male,35-39,601
2022,AC,male,40-44,471
2022,AC,male,45-49,318
2022,AC,male,50-54,237
2022,AC,male,55-59,170
2022,AC,male,60-64,104
2022,AC,male,65+,142
2022,AC,male,<15,0
2022,AC,male,unknown,14
2022,AL,female,15,0
2022,AL,female,16,151
2022,AL,female,17,216
2022,AL,female,18,436
2022,AL,female,19,503
2022,AL,female,20-24,3105
2022,AL,female,25-29,2865
2022,AL,female,30-34,1721
2022,AL,female,35-39,1290
2022,AL,female,40-44,992
2022,AL,female,45-49,739
2022,AL,female,50-54,471
2022,AL,female,55-59,260
2022,AL,female,60-64,106
2022,AL,female,65+,108
2022,AL,female,<15,0
2022,AL,female,unknown,0
2022,AL,male,15,0
2022,AL,male,16,7
2022,AL,male,17,37
2022,AL,male,18,124
2022,AL,male,19,204
2022,AL,male,20-24,2614
2022,AL,male,25-29,2957
2022,AL,male,30-34,2069
2022,AL,male,35-39,1412
2022,AL,male,40-44,1140
2022,AL,male,45-49,761
2022,AL,male,50-54,560
2022,AL,male,55-59,420
2022,AL,male,60-64,280
2022,AL,male,65+,378
2022,AL,male,<15,0
2022,AL,male,unknown,0
2022,AM,female,15,12
2022,AM,female,16,86
2022,AM,female,17,120
2022,AM,female,18,283
2022,AM,female,19,406
2022,AM,female,20-24,2799
2022,AM,female,25-29,2945
2022,AM,female,30-34,2188
2022,AM,female,35-39,1687
2022,AM,female,40-44,1322
2022,AM,female,45-49,910
2022,AM,female,50-54,548
2022,AM,female,55-59,307
2022,AM,female,60-64,184
2022,AM,female,65+,181
2022,AM,female,<15,9
2022,AM,female,unknown,1
2022,AM,male,15,1
2022,AM,male,16,5
2022,AM,male,17,13
2022,AM,male,18,73
2022,AM,male,19,188
2022,AM,male,20-24,2089
2022,AM,male,25-29,2797
2022,AM,male,30-34,2292
2022,AM,male,35-39,1958
2022,AM,male,40-44,1509
2022,AM,male,45-49,1038
2022,AM,male,50-54,755
2022,AM,male,55-59,496
2022,AM,male,60-64,359
2022,AM,male,65+,413
2022,AM,male,<15,0
2022,AM,male,unknown,2
2022,AP,female,15,0
2022,AP,female,16,11
2022,AP,female,17,17
2022,AP,female,18,45
2022,AP,female,19,65
2022,AP,female,20-24,535
2022,AP,female,25-29,601
2022,AP,female,30-34,500
2022,AP,female,35-39,426
2022,AP,female,40-44,307
2022,AP,female,45-49,222
2022,AP,female,50-54,154
2022,AP,female,55-59,82
2022,AP,female,60-64,45
2022,AP,female,65+,46
2022,AP,female,<15,0
2022,AP,female,unknown,0
2022,AP,male,15,0
2022,AP,male,16,0
2022,AP,male,17,1
2022,AP,male,18,10
2022,AP,male,19,35
2022,AP,male,20-24,414
2022,AP,male,25-29,545
2022,AP,male,30-34,484
2022,AP,male,35-39,428
2022,AP,male,40-44,343
2022,AP,male,45-49,291
2022,AP,male,50-54,185
2022,AP,male,55-59,138
2022,AP,male,60-64,89
2022,AP,male,65+,93
2022,AP,male,<15,0
2022,AP,male,unknown,0
2022,BA,female,15,7
2022,BA,female,16,386
2022,BA,female,17,544
2022,BA,female,18,1442
2022,BA,female,19,1797
2022,BA,female,20-24,11870
2022,BA,female,25-29,11890
2022,BA,female,30-34,9162
2022,BA,female,35-39,7459
2022,BA,female,40-44,5703
2022,BA,female,45-49,3948
2022,BA,female,50-54,2638
2022,BA,female,55-59,1562
2022,BA,female,60-64,840
2022,BA,female,65+,718
2022,BA,female,<15,1
2022,BA,female,unknown,258
2022,BA,male,15,1
2022,BA,male,16,12
2022,BA,male,17,56
2022,BA,male,18,335
2022,BA,male,19,664
2022,BA,male,20-24,9050
2022,BA,male,25-29,11865
2022,BA,male,30-34,9796
2022,BA,male,35-39,8331
2022,BA,male,40-44,6525
2022,BA,male,45-49,4389
2022,BA,male,50-54,3235
2022,BA,male,55-59,2355
2022,BA,male,60-64,1453
2022,BA,male,65+,1900
2022,BA,male,<15,0
2022,BA,male,unknown,258
2022,CE,female,15,0
2022,CE,female,16,256
2022,CE,female,17,357
2022,CE,female,18,793
2022,CE,female,19,965
2022,CE,female,20-24,7120
2022,CE,female,25-29,7906
2022,CE,female,30-34,5590
2022,CE,female,35-39,3916
2022,CE,female,40-44,2750
2022,CE,female,45-49,1846
2022,CE,female,50-54,1303
2022,CE,female,55-59,718
2022,CE,female,60-64,299
2022,CE,female,65+,263
2022,CE,female,<15,1
2022,CE,female,unknown,16
2022,CE,male,15,0
2022,CE,male,16,17
2022,CE,male,17,46
2022,CE,male,18,208
2022,CE,male,19,403
2022,CE,male,20-24,5550
2022,CE,male,25-29,7839
2022,CE,male,30-34,6205
2022,CE,male,35-39,4471
2022,CE,male,40-44,3074
2022,CE,male,45-49,2118
2022,CE,male,50-54,1520
2022,CE,male,55-59,1110
2022,CE,male,60-64,649
2022,CE,male,65+,876
2022,CE,male,<15,0
2022,CE,male,unknown,13
2022,DF,female,15,0
2022,DF,female,16,46
2022,DF,female,17,104
2022,DF,female,18,347
2022,DF,female,19,468
2022,DF,female,20-24,4112
2022,DF,female,25-29,4682
2022,DF,female,30-34,3437
2022,DF,female,35-39,2398
2022,DF,female,40-44,1930
2022,DF,female,45-49,1172
2022,DF,female,50-54,793
2022,DF,female,55-59,415
2022,DF,female,60-64,195
2022,DF,female,65+,126
2022,DF,female,<15,2
2022,DF,female,unknown,0
2022,DF,male,15,1
2022,DF,male,16,5
2022,DF,male,17,11
2022,DF,male,18,98
2022,DF,male,19,182
2022,DF,male,20-24,3062
2022,DF,male,25-29,4551
2022,DF,male,30-34,3648
2022,DF,male,35-39,2780
2022,DF,male,40-44,2056
2022,DF,male,45-49,1425
2022,DF,male,50-54,944
2022,DF,male,55-59,650
2022,DF,male,60-64,378
2022,DF,male,65+,436
2022,DF,male,<15,0
2022,DF,male,unknown,0
2022,ES,female,15,0
2022,ES,female,16,142
2022,ES,female,17,240
2022,ES,female,18,520
2022,ES,female,19,635
2022,ES,female,20-24,4754
2022,ES,female,25-29,5060
2022,ES,female,30-34,3602
2022,ES,female,35-39,2529
2022,ES,female,40-44,1896
2022,ES,female,45-49,1320
2022,ES,female,50-54,997
2022,ES,female,55-59,588
2022,ES,female,60-64,386
2022,ES,female,65+,346
2022,ES,female,<15,0
2022,ES,female,unknown,0
2022,ES,male,15,0
2022,ES,male,16,3
2022,ES,male,17,13
2022,ES,male,18,118
2022,ES,male,19,245
2022,ES,male,20-24,3676
2022,ES,male,25-29,4985
2022,ES,male,30-34,4140
2022,ES,male,35-39,2927
2022,ES,male,40-44,2172
2022,ES,male,45-49,1490
2022,ES,male,50-54,1080
2022,ES,male,55-59,779
2022,ES,male,60-64,570
2022,ES,male,65+,817
2022,ES,male,<15,0
2022,ES,male,unknown,0
2022,GO,female,15,2
2022,GO,female,16,266
2022,GO,female,17,356
2022,GO,female,18,877
2022,GO,female,19,1003
2022,GO,female,20-24,6797
2022,GO,female,25-29,6963
2022,GO,female,30-34,4887
2022,GO,female,35-39,3548
2022,GO,female,40-44,2679
2022,GO,female,45-49,1985
2022,GO,female,50-54,1321
2022,GO,female,55-59,734
2022,GO,female,60-64,417
2022,GO,female,65+,339
2022,GO,female,<15,2
2022,GO,female,unknown,37
2022,GO,male,15,0
2022,GO,male,16,9
2022,GO,male,17,51
2022,GO,male,18,244
2022,GO,male,19,387
2022,GO,male,20-24,5389
2022,GO,male,25-29,6988
2022,GO,male,30-34,5663
2022,GO,male,35-39,3929
2022,GO,male,40-44,3072
2022,GO,male,45-49,2211
2022,GO,male,50-54,1578
2022,GO,male,55-59,1074
2022,GO,male,60-64,706
2022,GO,male,65+,876
2022,GO,male,<15,0
2022,GO,male,unknown,36
2022,MA,female,15,15
2022,MA,female,16,264
2022,MA,female,17,345
2022,MA,female,18,708
2022,MA,female,19,775
2022,MA,female,20-24,4635
2022,MA,female,25-29,4434
2022,MA,female,30-34,3496
2022,MA,female,35-39,2939
2022,MA,female,40-44,2120
2022,MA,female,45-49,1523
2022,MA,female,50-54,971
2022,MA,female,55-59,562
2022,MA,female,60-64,326
2022,MA,female,65+,281
2022,MA,female,<15,12
2022,MA,female,unknown,30
2022,MA,male,15,3
2022,MA,male,16,19
2022,MA,male,17,46
2022,MA,male,18,196
2022,MA,male,19,334
2022,MA,male,20-24,3704
2022,MA,male,25-29,4519
2022,MA,male,30-34,3851
2022,MA,male,35-39,3125
2022,MA,male,40-44,2411
2022,MA,male,45-49,1675
2022,MA,male,50-54,1252
2022,MA,male,55-59,848
2022,MA,male,60-64,587
2022,MA,male,65+,840
2022,MA,male,<15,0
2022,MA,male,unknown,26
2022,MG,female,15,4
2022,MG,female,16,681
2022,MG,female,17,969
2022,MG,female,18,2259
2022,MG,female,19,2666
2022,MG,female,20-24,20812
2022,MG,female,25-29,25278
2022,MG,female,30-34,18045
2022,MG,female,35-39,11267
2022,MG,female,40-44,8281
2022,MG,female,45-49,5372
2022,MG,female,50-54,3602
2022,MG,female,55-59,2252
2022,MG,female,60-64,1287
2022,MG,female,65+,1086
2022,MG,female,<15,0
2022,MG,female,unknown,6
2022,MG,male,15,0
2022,MG,male,16,20
2022,MG,male,17,96
2022,MG,male,18,509
2022,MG,male,19,969
2022,MG,male,20-24,15244
2022,MG,male,25-29,24295
2022,MG,male,30-34,20978
2022,MG,male,35-39,13694
2022,MG,male,40-44,9553
2022,MG,male,45-49,6040
2022,MG,male,50-54,4331
2022,MG,male,55-59,3161
2022,MG,male,60-64,2118
2022,MG,male,65+,2854
2022,MG,male,<15,0
2022,MG,male,unknown,5
2022,MS,female,15,16
2022,MS,female,16,124
2022,MS,female,17,162
2022,MS,female,18,388
2022,MS,female,19,441
2022,MS,female,20-24,2830
2022,MS,female,25-29,3134
2022,MS,female,30-34,2312
2022,MS,female,35-39,1743
2022,MS,female,40-44,1354
2022,MS,female,45-49,903
2022,MS,female,50-54,672
2022,MS,female,55-59,421
2022,MS,female,60-64,202
2022,MS,female,65+,184
2022,MS,female,<15,6
2022,MS,female,unknown,1
2022,MS,male,15,0
2022,MS,male,16,9
2022,MS,male,17,26
2022,MS,male,18,128
2022,MS,male,19,198
2022,MS,male,20-24,2307
2022,MS,male,25-29,3090
2022,MS,male,30-34,2542
2022,MS,male,35-39,1940
2022,MS,male,40-44,1491
2022,MS,male,45-49,1054
2022,MS,male,50-54,756
2022,MS,male,55-59,553
2022,MS,male,60-64,365
2022,MS,male,65+,433
2022,MS,male,<15,0
2022,MS,male,unknown,1
2022,MT,female,15,2
2022,MT,female,16,191
2022,MT,female,17,225
2022,MT,female,18,489
2022,MT,female,19,519
2022,MT,female,20-24,3223
2022,MT,female,25-29,3523
2022,MT,female,30-34,2809
2022,MT,female,35-39,2086
2022,MT,female,40-44,1639
2022,MT,female,45-49,1165
2022,MT,female,50-54,797
2022,MT,female,55-59,484
2022,MT,female,60-64,246
2022,MT,female,65+,219
2022,MT,female,<15,0
2022,MT,female,unknown,9
2022,MT,male,15,0
2022,MT,male,16,11
2022,MT,male,17,32
2022,MT,male,18,135
2022,MT,male,19,236
2022,MT,male,20-24,2499
2022,MT,male,25-29,3479
2022,MT,male,30-34,3025
2022,MT,male,35-39,2520
2022,MT,male,40-44,1815
2022,MT,male,45-49,1315
2022,MT,male,50-54,980
2022,MT,male,55-59,665
2022,MT,male,60-64,404
2022,MT,male,65+,501
2022,MT,male,<15,0
2022,MT,male,unknown,9
2022,PA,female,15,3
2022,PA,female,16,328
2022,PA,female,17,485
2022,PA,female,18,1029
2022,PA,female,19,1152
2022,PA,female,20-24,6775
2022,PA,female,25-29,7087
2022,PA,female,30-34,5720
2022,PA,female,35-39,4633
2022,PA,female,40-44,3751
2022,PA,female,45-49,2558
2022,PA,female,50-54,1716
2022,PA,female,55-59,941
2022,PA,female,60-64,483
2022,PA,female,65+,450
2022,PA,female,<15,3
2022,PA,female,unknown,7
2022,PA,male,15,0
2022,PA,male,16,11
2022,PA,male,17,44
2022,PA,male,18,236
2022,PA,male,19,459
2022,PA,male,20-24,5269
2022,PA,male,25-29,6870
2022,PA,male,30-34,6003
2022,PA,male,35-39,5193
2022,PA,male,40-44,4238
2022,PA,male,45-49,2947
2022,PA,male,50-54,2137
2022,PA,male,55-59,1477
2022,PA,male,60-64,990
2022,PA,male,65+,1243
2022,PA,male,<15,0
2022,PA,male,unknown,4
2022,PB,female,15,0
2022,PB,female,16,164
2022,PB,female,17,196
2022,PB,female,18,388
2022,PB,female,19,520
2022,PB,female,20-24,3395
2022,PB,female,25-29,3657
2022,PB,female,30-34,2625
2022,PB,female,35-39,1838
2022,PB,female,40-44,1379
2022,PB,female,45-49,959
2022,PB,female,50-54,660
2022,PB,female,55-59,360
2022,PB,female,60-64,182
2022,PB,female,65+,155
2022,PB,female,<15,2
2022,PB,female,unknown,22
2022,PB,male,15,0
2022,PB,male,16,16
2022,PB,male,17,31
2022,PB,male,18,111
2022,PB,male,19,218
2022,PB,male,20-24,2687
2022,PB,male,25-29,3688
2022,PB,male,30-34,2845
2022,PB,male,35-39,2052
2022,PB,male,40-44,1565
2022,PB,male,45-49,1008
2022,PB,male,50-54,834
2022,PB,male,55-59,559
2022,PB,male,60-64,357
2022,PB,male,65+,509
2022,PB,male,<15,0
2022,PB,male,unknown,22
2022,PE,female,15,2
2022,PE,female,16,327
2022,PE,female,17,452
2022,PE,female,18,956
2022,PE,female,19,1156
2022,PE,female,20-24,8689
2022,PE,female,25-29,8711
2022,PE,female,30-34,6389
2022,PE,female,35-39,4840
2022,PE,female,40-44,3748
2022,PE,female,45-49,2755
2022,PE,female,50-54,1810
2022,PE,female,55-59,1000
2022,PE,female,60-64,491
2022,PE,female,65+,372
2022,PE,female,<15,0
2022,PE,female,unknown,0
2022,PE,male,15,0
2022,PE,male,16,14
2022,PE,male,17,64
2022,PE,male,18,248
2022,PE,male,19,501
2022,PE,male,20-24,6845
2022,PE,male,25-29,8851
2022,PE,male,30-34,6946
2022,PE,male,35-39,5224
2022,PE,male,40-44,4052
2022,PE,male,45-49,2969
2022,PE,male,50-54,2082
2022,PE,male,55-59,1458
2022,PE,male,60-64,1034
2022,PE,male,65+,1410
2022,PE,male,<15,0
2022,PE,male,unknown,0
2022,PI,female,15,1
2022,PI,female,16,70
2022,PI,female,17,117
2022,PI,female,18,214
2022,PI,female,19,267
2022,PI,female,20-24,1847
2022,PI,female,25-29,1884
2022,PI,female,30-34,1397
2022,PI,female,35-39,1040
2022,PI,female,40-44,677
2022,PI,female,45-49,486
2022,PI,female,50-54,296
2022,PI,female,55-59,208
2022,PI,female,60-64,106
2022,PI,female,65+,118
2022,PI,female,<15,2
2022,PI,female,unknown,0
2022,PI,male,15,0
2022,PI,male,16,4
2022,PI,male,17,8
2022,PI,male,18,65
2022,PI,male,19,115
2022,PI,male,20-24,1373
2022,PI,male,25-29,1899
2022,PI,male,30-34,1555
2022,PI,male,35-39,1147
2022,PI,male,40-44,792
2022,PI,male,45-49,580
2022,PI,male,50-54,370
2022,PI,male,55-59,307
2022,PI,male,60-64,206
2022,PI,male,65+,309
2022,PI,male,<15,0
2022,PI,male,unknown,0
2022,PR,female,15,66
2022,PR,female,16,476
2022,PR,female,17,675
2022,PR,female,18,1384
2022,PR,female,19,1632
2022,PR,female,20-24,12021
2022,PR,female,25-29,13086
2022,PR,female,30-34,8954
2022,PR,female,35-39,5590
2022,PR,female,40-44,4011
2022,PR,female,45-49,2936
2022,PR,female,50-54,2033
2022,PR,female,55-59,1219
2022,PR,female,60-64,674
2022,PR,female,65+,588
2022,PR,female,<15,54
2022,PR,female,unknown,16
2022,PR,male,15,9
2022,PR,male,16,38
2022,PR,male,17,93
2022,PR,male,18,436
2022,PR,male,19,708
2022,PR,male,20-24,9514
2022,PR,male,25-29,13090
2022,PR,male,30-34,10395
2022,PR,male,35-39,6593
2022,PR,male,40-44,4704
2022,PR,male,45-49,3166
2022,PR,male,50-54,2409
2022,PR,male,55-59,1674
2022,PR,male,60-64,1119
2022,PR,male,65+,1446
2022,PR,male,<15,3
2022,PR,male,unknown,18
2022,RJ,female,15,5
2022,RJ,female,16,136
2022,RJ,female,17,299
2022,RJ,female,18,1079
2022,RJ,female,19,1562
2022,RJ,female,20-24,14589
2022,RJ,female,25-29,16849
2022,RJ,female,30-34,12365
2022,RJ,female,35-39,9182
2022,RJ,female,40-44,7699
2022,RJ,female,45-49,5408
2022,RJ,female,50-54,3802
2022,RJ,female,55-59,2521
2022,RJ,female,60-64,1418
2022,RJ,female,65+,1209
2022,RJ,female,<15,4
2022,RJ,female,unknown,65
2022,RJ,male,15,3
2022,RJ,male,16,6
2022,RJ,male,17,31
2022,RJ,male,18,203
2022,RJ,male,19,479
2022,RJ,male,20-24,10714
2022,RJ,male,25-29,16213
2022,RJ,male,30-34,13375
2022,RJ,male,35-39,9967
2022,RJ,male,40-44,8244
2022,RJ,male,45-49,5862
2022,RJ,male,50-54,4421
2022,RJ,male,55-59,3310
2022,RJ,male,60-64,2252
2022,RJ,male,65+,3066
2022,RJ,male,<15,0
2022,RJ,male,unknown,46
2022,RN,female,15,0
2022,RN,female,16,90
2022,RN,female,17,117
2022,RN,female,18,257
2022,RN,female,19,341
2022,RN,female,20-24,2554
2022,RN,female,25-29,2787
2022,RN,female,30-34,2152
2022,RN,female,35-39,1639
2022,RN,female,40-44,1177
2022,RN,female,45-49,837
2022,RN,female,50-54,567
2022,RN,female,55-59,296
2022,RN,female,60-64,173
2022,RN,female,65+,123
2022,RN,female,<15,0
2022,RN,female,unknown,5
2022,RN,male,15,0
2022,RN,male,16,7
2022,RN,male,17,18
2022,RN,male,18,66
2022,RN,male,19,175
2022,RN,male,20-24,1924
2022,RN,male,25-29,2903
2022,RN,male,30-34,2297
2022,RN,male,35-39,1758
2022,RN,male,40-44,1256
2022,RN,male,45-49,856
2022,RN,male,50-54,643
2022,RN,male,55-59,481
2022,RN,male,60-64,308
2022,RN,male,65+,418
2022,RN,male,<15,0
2022,RN,male,unknown,5
2022,RO,female,15,8
2022,RO,female,16,238
2022,RO,female,17,283
2022,RO,female,18,519
2022,RO,female,19,425
2022,RO,female,20-24,2278
2022,RO,female,25-29,1992
2022,RO,female,30-34,1523
2022,RO,female,35-39,1294
2022,RO,female,40-44,1099
2022,RO,female,45-49,845
2022,RO,female,50-54,539
2022,RO,female,55-59,363
2022,RO,female,60-64,222
2022,RO,female,65+,216
2022,RO,female,<15,10
2022,RO,female,unknown,17
2022,RO,male,15,0
2022,RO,male,16,13
2022,RO,male,17,27
2022,RO,male,18,147
2022,RO,male,19,276
2022,RO,male,20-24,2145
2022,RO,male,25-29,2047
2022,RO,male,30-34,1771
2022,RO,male,35-39,1350
2022,RO,male,40-44,1179
2022,RO,male,45-49,911
2022,RO,male,50-54,633
2022,RO,male,55-59,533
2022,RO,male,60-64,338
2022,RO,male,65+,484
2022,RO,male,<15,0
2022,RO,male,unknown,17
2022,RR,female,15,0
2022,RR,female,16,16
2022,RR,female,17,29
2022,RR,female,18,69
2022,RR,female,19,66
2022,RR,female,20-24,530
2022,RR,female,25-29,534
2022,RR,female,30-34,378
2022,RR,female,35-39,344
2022,RR,female,40-44,272
2022,RR,female,45-49,175
2022,RR,female,50-54,102
2022,RR,female,55-59,57
2022,RR,female,60-64,36
2022,RR,female,65+,26
2022,RR,female,<15,0
2022,RR,female,unknown,5
2022,RR,male,15,0
2022,RR,male,16,1
2022,RR,male,17,7
2022,RR,male,18,20
2022,RR,male,19,25
2022,RR,male,20-24,401
2022,RR,male,25-29,506
2022,RR,male,30-34,383
2022,RR,male,35-39,391
2022,RR,male,40-44,303
2022,RR,male,45-49,193
2022,RR,male,50-54,164
2022,RR,male,55-59,102
2022,RR,male,60-64,67
2022,RR,male,65+,71
2022,RR,male,<15,0
2022,RR,male,unknown,5
2022,RS,female,15,0
2022,RS,female,16,235
2022,RS,female,17,304
2022,RS,female,18,772
2022,RS,female,19,833
2022,RS,female,20-24,5836
2022,RS,female,25-29,7718
2022,RS,female,30-34,6950
2022,RS,female,35-39,4710
2022,RS,female,40-44,3456
2022,RS,female,45-49,2371
2022,RS,female,50-54,1649
2022,RS,female,55-59,1055
2022,RS,female,60-64,647
2022,RS,female,65+,574
2022,RS,female,<15,2
2022,RS,female,unknown,26
2022,RS,male,15,0
2022,RS,male,16,15
2022,RS,male,17,66
2022,RS,male,18,241
2022,RS,male,19,358
2022,RS,male,20-24,4562
2022,RS,male,25-29,6897
2022,RS,male,30-34,7159
2022,RS,male,35-39,5576
2022,RS,male,40-44,3953
2022,RS,male,45-49,2594
2022,RS,male,50-54,1913
2022,RS,male,55-59,1450
2022,RS,male,60-64,1003
2022,RS,male,65+,1333
2022,RS,male,<15,0
2022,RS,male,unknown,18
2022,SC,female,15,1
2022,SC,female,16,180
2022,SC,female,17,271
2022,SC,female,18,728
2022,SC,female,19,866
2022,SC,female,20-24,6697
2022,SC,female,25-29,8324
2022,SC,female,30-34,6515
2022,SC,female,35-39,4125
2022,SC,female,40-44,2913
2022,SC,female,45-49,1811
2022,SC,female,50-54,1188
2022,SC,female,55-59,697
2022,SC,female,60-64,410
2022,SC,female,65+,331
2022,SC,female,<15,1
2022,SC,female,unknown,39
2022,SC,male,15,1
2022,SC,male,16,17
2022,SC,male,17,45
2022,SC,male,18,220
2022,SC,male,19,371
2022,SC,male,20-24,5131
2022,SC,male,25-29,7661
2022,SC,male,30-34,7144
2022,SC,male,35-39,4923
2022,SC,male,40-44,3515
2022,SC,male,45-49,2145
2022,SC,male,50-54,1471
2022,SC,male,55-59,1001
2022,SC,male,60-64,627
2022,SC,male,65+,786
2022,SC,male,<15,0
2022,SC,male,unknown,39
2022,SE,female,15,1
2022,SE,female,16,45
2022,SE,female,17,55
2022,SE,female,18,153
2022,SE,female,19,174
2022,SE,female,20-24,1452
2022,SE,female,25-29,1655
2022,SE,female,30-34,1253
2022,SE,female,35-39,925
2022,SE,female,40-44,677
2022,SE,female,45-49,428
2022,SE,female,50-54,289
2022,SE,female,55-59,155
2022,SE,female,60-64,70
2022,SE,female,65+,64
2022,SE,female,<15,0
2022,SE,female,unknown,4
2022,SE,male,15,0
2022,SE,male,16,3
2022,SE,male,17,7
2022,SE,male,18,28
2022,SE,male,19,67
2022,SE,male,20-24,1038
2022,SE,male,25-29,1567
2022,SE,male,30-34,1404
2022,SE,male,35-39,1056
2022,SE,male,40-44,762
2022,SE,male,45-49,517
2022,SE,male,50-54,353
2022,SE,male,55-59,236
2022,SE,male,60-64,151
2022,SE,male,65+,207
2022,SE,male,<15,0
2022,SE,male,unknown,4
2022,SP,female,15,0
2022,SP,female,16,787
2022,SP,female,17,1260
2022,SP,female,18,3641
2022,SP,female,19,4667
2022,SP,female,20-24,44145
2022,SP,female,25-29,54765
2022,SP,female,30-34,43566
2022,SP,female,35-39,30116
2022,SP,female,40-44,22230
2022,SP,female,45-49,15369
2022,SP,female,50-54,10119
2022,SP,female,55-59,6117
2022,SP,female,60-64,3362
2022,SP,female,65+,2586
2022,SP,female,<15,0
2022,SP,female,unknown,37
2022,SP,male,15,0
2022,SP,male,16,46
2022,SP,male,17,166
2022,SP,male,18,961
2022,SP,male,19,2050
2022,SP,male,20-24,32999
2022,SP,male,25-29,51647
2022,SP,male,30-34,47344
2022,SP,male,35-39,34438
2022,SP,male,40-44,24605
2022,SP,male,45-49,16492
2022,SP,male,50-54,11569
2022,SP,male,55-59,8331
2022,SP,male,60-64,5333
2022,SP,male,65+,6759
2022,SP,male,<15,0
2022,SP,male,unknown,27
2022,TO,female,15,2
2022,TO,female,16,66
2022,TO,female,17,86
2022,TO,female,18,205
2022,TO,female,19,212
2022,TO,female,20-24,1397
2022,TO,female,25-29,1439
2022,TO,female,30-34,1043
2022,TO,female,35-39,834
2022,TO,female,40-44,645
2022,TO,female,45-49,474
2022,TO,female,50-54,307
2022,TO,female,55-59,207
2022,TO,female,60-64,117
2022,TO,female,65+,112
2022,TO,female,<15,0
2022,TO,female,unknown,0
2022,TO,male,15,0
2022,TO,male,16,3
2022,TO,male,17,10
2022,TO,male,18,55
2022,TO,male,19,95
2022,TO,male,20-24,1108
2022,TO,male,25-29,1397
2022,TO,male,30-34,1118
2022,TO,male,35-39,921
2022,TO,male,40-44,735
2022,TO,male,45-49,530
2022,TO,male,50-54,400
2022,TO,male,55-59,305
2022,TO,male,60-64,192
2022,TO,male,65+,277
2022,TO,male,<15,0
2022,TO,male,unknown,0
