model_id,draw,mean_forecast_error
seasonal_level,1,-0.43884636787432
seasonal_level,2,0.0938695823777976
seasonal_level,3,-0.168869465488885
seasonal_level,4,0.248111954066017
seasonal_level,5,0.299729655844774
seasonal_level,6,0.179772907219879
seasonal_level,7,0.203295576636862
seasonal_level,8,0.359374539903411
seasonal_level,9,-0.294453655526531
seasonal_level,10,0.0883109535780508
seasonal_level,11,0.161080593831617
seasonal_level,12,-0.344740814166592
seasonal_level,13,-0.0309800006475838
seasonal_level,14,-0.284175722885529
seasonal_level,15,-0.148924358500235
seasonal_level,16,-0.204426896628364
seasonal_level,17,-0.303160055817248
seasonal_level,18,0.432165548456507
seasonal_level,19,-0.176466746198782
seasonal_level,20,0.0298256232268702
seasonal_level,21,0.0996707354445006
seasonal_level,22,-0.429249079178145
seasonal_level,23,-0.239223151411754
seasonal_level,24,-0.0289188404793694
seasonal_level,25,-0.265616426194731
seasonal_level,26,0.260404148873872
seasonal_level,27,-0.270409920906888
seasonal_level,28,0.247417982682303
seasonal_level,29,0.206346203661237
seasonal_level,30,-0.278480149492796
seasonal_level,31,0.22440440072831
seasonal_level,32,0.25399421129384
seasonal_level,33,-0.250603786837949
seasonal_level,34,-0.285232949743911
seasonal_level,35,0.426304267554779
seasonal_level,36,-0.241938043254063
seasonal_level,37,-0.083439893268585
seasonal_level,38,-0.225188951669089
seasonal_level,39,-0.283269094454798
seasonal_level,40,-0.128911527391453
seasonal_level,41,-0.0504426188791687
seasonal_level,42,0.185066492907113
seasonal_level,43,-0.297002506247837
seasonal_level,44,0.0850212219794899
seasonal_level,45,-0.196883430017117
seasonal_level,46,0.0613110075034623
seasonal_level,47,0.0575252773891964
seasonal_level,48,-0.383354755251492
seasonal_level,49,0.253647222195426
seasonal_level,50,-0.183290819509701
seasonal_level,51,-0.119711653660859
seasonal_level,52,0.209944656566132
seasonal_level,53,0.295290754711944
seasonal_level,54,0.127679503340498
seasonal_level,55,-0.177640458373653
seasonal_level,56,0.339214047203941
seasonal_level,57,0.282348798093515
seasonal_level,58,0.274060719687455
seasonal_level,59,0.36972705651682
seasonal_level,60,0.362619821823259
seasonal_level,61,-0.30373859506281
seasonal_level,62,0.283580420946074
seasonal_level,63,-0.0595248919700048
seasonal_level,64,0.0463164577236889
seasonal_level,65,0.127909550906244
seasonal_level,66,-0.329227171677198
seasonal_level,67,-0.0919972007107791
seasonal_level,68,0.211163033985819
seasonal_level,69,0.267562252921
seasonal_level,70,0.424443831058883
seasonal_level,71,0.0253422447725423
seasonal_level,72,-0.195766386437212
seasonal_level,73,0.124685738040481
seasonal_level,74,-0.265487447004477
seasonal_level,75,0.0171344775940137
seasonal_level,76,0.0189407747471781
seasonal_level,77,0.144454004374707
seasonal_level,78,-0.265676082504206
seasonal_level,79,-0.1667734369031
seasonal_level,80,0.20821295405347
seasonal_level,81,0.308234316428202
seasonal_level,82,-0.398751794709345
seasonal_level,83,-0.196707776539632
seasonal_level,84,0.187220769486487
seasonal_level,85,0.136314950469865
seasonal_level,86,-0.224187324773586
seasonal_level,87,0.328523440838774
seasonal_level,88,0.211377716703356
seasonal_level,89,-0.26302279442953
seasonal_level,90,0.183587547246117
seasonal_level,91,-0.269227731356998
seasonal_level,92,-0.0959574340858884
seasonal_level,93,-0.0428024959330706
seasonal_level,94,-0.131609243396575
seasonal_level,95,-0.167178122441136
seasonal_level,96,-0.240797743031578
seasonal_level,97,0.338781164022547
seasonal_level,98,-0.0864334749235187
seasonal_level,99,0.205480560674079
seasonal_level,100,-0.218082275091203
seasonal_level,101,0.387932795765034
seasonal_level,102,-0.208282143694029
seasonal_level,103,0.283616286196883
seasonal_level,104,-0.0764118708955621
seasonal_level,105,0.251897249105347
seasonal_level,106,-0.253833574192806
seasonal_level,107,-0.0203479930511309
seasonal_level,108,-0.0108809737267478
seasonal_level,109,-0.311795896818405
seasonal_level,110,0.018739454076238
seasonal_level,111,0.280404308568142
seasonal_level,112,-0.346673086731358
seasonal_level,113,-0.211506084303238
seasonal_level,114,0.199931608584784
seasonal_level,115,-0.355036728608077
seasonal_level,116,-0.330628392276747
seasonal_level,117,-0.0698414195728354
seasonal_level,118,-0.0968997411196506
seasonal_level,119,-0.37796242844703
seasonal_level,120,0.089845243306313
seasonal_level,121,-0.3345026214903
seasonal_level,122,0.449788478369904
seasonal_level,123,-0.286328293082092
seasonal_level,124,0.188451936874463
seasonal_level,125,0.202100117015645
seasonal_level,126,-0.44833240918787
seasonal_level,127,0.129471380548487
seasonal_level,128,0.267501714730275
seasonal_level,129,0.179279288090858
seasonal_level,130,-0.226391179063898
seasonal_level,131,0.0664053633128603
seasonal_level,132,0.117593269818129
seasonal_level,133,0.153566608731451
seasonal_level,134,0.0663111145921279
seasonal_level,135,-0.326172554040099
seasonal_level,136,0.288641546202634
seasonal_level,137,-0.135388214527125
seasonal_level,138,-0.336141227013626
seasonal_level,139,-0.362209988526045
seasonal_level,140,0.0663538366283542
seasonal_level,141,-0.247170721274328
seasonal_level,142,0.229300753108004
seasonal_level,143,-0.145149966527611
seasonal_level,144,-0.235469289169044
seasonal_level,145,0.165965184301953
seasonal_level,146,-0.173050345140955
seasonal_level,147,0.00715135212513888
seasonal_level,148,0.314670478445315
seasonal_level,149,0.264352059482456
seasonal_level,150,-0.254045813811333
seasonal_level,151,-0.0716418125350371
seasonal_level,152,0.369415481859923
seasonal_level,153,0.434556611055738
seasonal_level,154,-0.0253273960310333
seasonal_level,155,0.158943979990881
seasonal_level,156,0.23153641476292
seasonal_level,157,-0.320212508962374
seasonal_level,158,-0.136178023708619
seasonal_level,159,-0.177173603518298
seasonal_level,160,-0.300958199538543
seasonal_level,161,-0.299610136605179
seasonal_level,162,0.281824257518802
seasonal_level,163,0.00365492775415296
seasonal_level,164,0.0507460560130451
seasonal_level,165,0.242040603574513
seasonal_level,166,-0.064698772363661
seasonal_level,167,0.227365960119161
seasonal_level,168,0.246387528239454
seasonal_level,169,0.207531674751932
seasonal_level,170,0.0348909708387198
seasonal_level,171,0.280729003263229
seasonal_level,172,0.342225188617512
seasonal_level,173,-0.16242371741161
seasonal_level,174,0.322660621824459
seasonal_level,175,-0.278404850642758
seasonal_level,176,0.0813733301364253
seasonal_level,177,0.222091088520744
seasonal_level,178,0.189963481385227
seasonal_level,179,0.124532691082914
seasonal_level,180,-0.0579338843953409
seasonal_level,181,-0.139331389685976
seasonal_level,182,0.110923481301724
seasonal_level,183,-0.183805204414727
seasonal_level,184,0.0661121244129592
seasonal_level,185,0.160754618742832
seasonal_level,186,0.256818286056421
seasonal_level,187,0.272968065008773
seasonal_level,188,0.31952404897671
seasonal_level,189,0.179635570605514
seasonal_level,190,-0.148091981466384
seasonal_level,191,-0.0274430532384858
seasonal_level,192,0.120373187482135
seasonal_level,193,0.205357420790298
seasonal_level,194,0.329441603352177
seasonal_level,195,-0.293899426969353
seasonal_level,196,0.243500449041373
seasonal_level,197,0.169852021667196
seasonal_level,198,0.101508808135507
seasonal_level,199,-0.249446908309734
seasonal_level,200,-0.00876532808460547
seasonal_level,201,-0.241921598847005
seasonal_level,202,-0.00696731880631537
seasonal_level,203,-0.113685101081912
seasonal_level,204,-0.156935078803904
seasonal_level,205,0.253666995817789
seasonal_level,206,-0.385995514251354
seasonal_level,207,-0.162916606501614
seasonal_level,208,0.186817214712051
seasonal_level,209,-0.22079878926758
seasonal_level,210,-0.200014847666509
seasonal_level,211,-0.0708397717891574
seasonal_level,212,-0.283364627424043
seasonal_level,213,-0.0885300900525357
seasonal_level,214,-0.171388355243077
seasonal_level,215,-0.270300977257959
seasonal_level,216,0.404237433359206
seasonal_level,217,-0.344782383990854
seasonal_level,218,-0.382001391375654
seasonal_level,219,-0.267843359592862
seasonal_level,220,-0.0259733663129905
seasonal_level,221,0.0815519359804788
seasonal_level,222,-0.240837603637448
seasonal_level,223,-0.244440036995865
seasonal_level,224,0.107752996863367
seasonal_level,225,-0.167311872431302
seasonal_level,226,-0.135676328889779
seasonal_level,227,0.218462024822727
seasonal_level,228,0.26537171574092
seasonal_level,229,-0.102335023450729
seasonal_level,230,0.127082783854578
seasonal_level,231,-0.12268514213461
seasonal_level,232,-0.0618873010843327
seasonal_level,233,-0.213193579998777
seasonal_level,234,0.192119738968528
seasonal_level,235,0.0485988691310283
seasonal_level,236,0.114825741785571
seasonal_level,237,0.276907374044863
seasonal_level,238,-0.105565712113114
seasonal_level,239,-0.215081936028942
seasonal_level,240,0.144781816888242
seasonal_level,241,0.187024839790283
seasonal_level,242,0.0645147756464854
seasonal_level,243,-0.382933906154865
seasonal_level,244,-0.0633764540908001
seasonal_level,245,0.108330519494455
seasonal_level,246,-0.156166524434015
seasonal_level,247,-0.428969147473974
seasonal_level,248,0.173315261942337
seasonal_level,249,-0.206620200543024
seasonal_level,250,-0.113649893659092
seasonal_level,251,0.00764125390798191
seasonal_level,252,0.215309358294262
seasonal_level,253,-0.0672449418309589
seasonal_level,254,0.306337421812774
seasonal_level,255,-0.049586844979738
seasonal_level,256,0.154067383099962
seasonal_level,257,-0.445729975697245
seasonal_level,258,-0.344434339341029
seasonal_level,259,0.134217688807669
seasonal_level,260,0.546682251511382
seasonal_level,261,0.376913301396297
seasonal_level,262,-0.326617626203255
seasonal_level,263,-0.057165347871396
seasonal_level,264,0.201513028641893
seasonal_level,265,0.16312372565169
seasonal_level,266,0.332945250047417
seasonal_level,267,-0.242757333718449
seasonal_level,268,-0.0572252296279373
seasonal_level,269,0.312609801360292
seasonal_level,270,-0.0705260456849262
seasonal_level,271,-0.301835084658184
seasonal_level,272,-0.213077731761976
seasonal_level,273,0.364151484816051
seasonal_level,274,-0.281811726364848
seasonal_level,275,0.0413232474095612
seasonal_level,276,-0.0939047206334213
seasonal_level,277,-0.0747601793237124
seasonal_level,278,-0.302081440766574
seasonal_level,279,0.216233648504616
seasonal_level,280,0.05885278371795
seasonal_level,281,-0.192315433250665
seasonal_level,282,-0.231252141352206
seasonal_level,283,-0.395183238142225
seasonal_level,284,0.393471578424273
seasonal_level,285,-0.041896524003642
seasonal_level,286,0.208550526997383
seasonal_level,287,0.266657465215068
seasonal_level,288,0.170824539283309
seasonal_level,289,0.0758505738199918
seasonal_level,290,0.327816425864733
seasonal_level,291,-0.168011276851345
seasonal_level,292,-0.308365891731892
seasonal_level,293,-0.186629911411763
seasonal_level,294,0.289846011990329
seasonal_level,295,0.194772360916414
seasonal_level,296,0.212469651476555
seasonal_level,297,0.197155604812457
seasonal_level,298,0.0053140437327297
seasonal_level,299,-0.368276282590978
seasonal_level,300,0.0719839830076416
seasonal_level,301,-0.187846834837574
seasonal_level,302,0.159529544580748
seasonal_level,303,0.229129078574486
seasonal_level,304,0.39957855196584
seasonal_level,305,0.201502604436498
seasonal_level,306,-0.350472218435818
seasonal_level,307,-0.358794002561624
seasonal_level,308,-0.150447456423698
seasonal_level,309,-0.225648488162905
seasonal_level,310,-0.333398865528041
seasonal_level,311,-0.393609824862713
seasonal_level,312,-0.237169339591764
seasonal_level,313,-0.101595671966135
seasonal_level,314,0.193437993962064
seasonal_level,315,-0.255637397946012
seasonal_level,316,0.270420926245051
seasonal_level,317,0.279942236934235
seasonal_level,318,-0.295585324844878
seasonal_level,319,-0.0988312326284377
seasonal_level,320,-0.256674808651497
seasonal_level,321,0.245150713087281
seasonal_level,322,0.052976499410278
seasonal_level,323,-0.0128498641329558
seasonal_level,324,0.211591869651415
seasonal_level,325,-0.075120516591619
seasonal_level,326,-0.3812090114914
seasonal_level,327,0.053688237427318
seasonal_level,328,0.241898127043373
seasonal_level,329,-0.146779109345493
seasonal_level,330,-0.0173124856337126
seasonal_level,331,-0.127741712450077
seasonal_level,332,-0.290931703192498
seasonal_level,333,0.35304598755824
seasonal_level,334,0.255925424797187
seasonal_level,335,0.239459652602649
seasonal_level,336,-0.524871219441476
seasonal_level,337,-0.00147049698357312
seasonal_level,338,-0.369341121614762
seasonal_level,339,0.300888959234123
seasonal_level,340,-0.318705363954012
seasonal_level,341,0.0838088867275936
seasonal_level,342,-0.250340621997951
seasonal_level,343,-0.0539312493381422
seasonal_level,344,0.0231813260165146
seasonal_level,345,0.188653488464527
seasonal_level,346,0.411672358623582
seasonal_level,347,0.262209456564743
seasonal_level,348,0.0527819922893039
seasonal_level,349,0.117448186639482
seasonal_level,350,-0.392879121143772
seasonal_level,351,-0.267850924241367
seasonal_level,352,5.63927805223111e-06
seasonal_level,353,-0.0969218740373312
seasonal_level,354,-0.261084809722418
seasonal_level,355,-0.0645631833722341
seasonal_level,356,0.300455895377633
seasonal_level,357,-0.289844603417483
seasonal_level,358,0.269877792587292
seasonal_level,359,-0.117585562470079
seasonal_level,360,0.0273792498731069
seasonal_level,361,-0.494479769559397
seasonal_level,362,-0.0534437862934345
seasonal_level,363,0.201234149322118
seasonal_level,364,0.287224165965947
seasonal_level,365,-0.0709146504569906
seasonal_level,366,-0.0116828744395292
seasonal_level,367,0.310989050912321
seasonal_level,368,-0.34475400675487
seasonal_level,369,0.172380031115083
seasonal_level,370,0.139074898096916
seasonal_level,371,-0.289224367768792
seasonal_level,372,-0.213134556792085
seasonal_level,373,0.152022108405468
seasonal_level,374,0.34012354586187
seasonal_level,375,0.159759418227222
seasonal_level,376,-0.187071961043205
seasonal_level,377,0.0524213296036476
seasonal_level,378,0.247574547685195
seasonal_level,379,-0.2940795148297
seasonal_level,380,0.197590174869559
seasonal_level,381,0.0836078646597066
seasonal_level,382,-0.144799166881769
seasonal_level,383,-0.148511808511152
seasonal_level,384,0.0913982959035365
seasonal_level,385,-0.186676967876889
seasonal_level,386,-0.026369703755587
seasonal_level,387,0.158343030868496
seasonal_level,388,-0.270929010976018
seasonal_level,389,-0.224869809791709
seasonal_level,390,0.179608375921787
seasonal_level,391,-0.213604966607587
seasonal_level,392,-0.35062827587505
seasonal_level,393,-0.0828703944172569
seasonal_level,394,0.263095602762241
seasonal_level,395,-0.28963456299632
seasonal_level,396,0.182450524656958
seasonal_level,397,-0.229494463473744
seasonal_level,398,0.094262016156956
seasonal_level,399,0.113247076788732
seasonal_level,400,-0.439993633268601
seasonal_level,401,0.116458325538712
seasonal_level,402,-0.0508154852714432
seasonal_level,403,-0.00764915084888429
seasonal_level,404,0.0229141915589324
seasonal_level,405,-0.0326109071001494
seasonal_level,406,-0.165958451533921
seasonal_level,407,0.0476634504800977
seasonal_level,408,-0.00384100535255527
seasonal_level,409,-0.215744520147017
seasonal_level,410,-0.35878334000937
seasonal_level,411,-0.0718915708972115
seasonal_level,412,0.267552648648137
seasonal_level,413,-0.197245302555613
seasonal_level,414,-0.404105005143039
seasonal_level,415,0.216698505493917
seasonal_level,416,0.270876839585939
seasonal_level,417,-0.309125225711565
seasonal_level,418,-0.198929123002944
seasonal_level,419,0.0858260488941234
seasonal_level,420,-0.434275342433072
seasonal_level,421,0.180838066318219
seasonal_level,422,-0.060754598237405
seasonal_level,423,-0.339448619684396
seasonal_level,424,0.266126332218486
seasonal_level,425,0.284543179594511
seasonal_level,426,0.0546335363846696
seasonal_level,427,-0.098236740240378
seasonal_level,428,0.364401697843342
seasonal_level,429,0.230668834112152
seasonal_level,430,0.0451817898194834
seasonal_level,431,0.132412483914855
seasonal_level,432,0.128974851084485
seasonal_level,433,0.232065109604518
seasonal_level,434,0.0713179093384933
seasonal_level,435,0.188128869000937
seasonal_level,436,-0.00367489201308787
seasonal_level,437,-0.12182034120642
seasonal_level,438,0.0595718227204654
seasonal_level,439,-0.167010478799744
seasonal_level,440,0.185251833205751
seasonal_level,441,-0.232721077875772
seasonal_level,442,0.206201190230541
seasonal_level,443,-0.352286026061856
seasonal_level,444,0.276786344816028
seasonal_level,445,-0.3538567284272
seasonal_level,446,-0.06967284504932
seasonal_level,447,-0.339615737660166
seasonal_level,448,-0.307152205927111
seasonal_level,449,0.268787680928476
seasonal_level,450,0.165706076737671
seasonal_level,451,-0.304122009909206
seasonal_level,452,-0.0608705559703996
seasonal_level,453,-0.0762428215305976
seasonal_level,454,-0.236584581331145
seasonal_level,455,0.151448285453107
seasonal_level,456,0.291679255405939
seasonal_level,457,0.328664774686026
seasonal_level,458,0.248570483207738
seasonal_level,459,0.0251539782620043
seasonal_level,460,-0.451391803334156
seasonal_level,461,0.331526528624976
seasonal_level,462,-0.152070761265688
seasonal_level,463,0.13403313896395
seasonal_level,464,0.240576226152049
seasonal_level,465,0.171228493486549
seasonal_level,466,0.117102254700044
seasonal_level,467,-0.0449940861800663
seasonal_level,468,0.30608420717988
seasonal_level,469,0.184879605956281
seasonal_level,470,-0.395868263329479
seasonal_level,471,0.101097958168357
seasonal_level,472,0.270339782563265
seasonal_level,473,0.33280431421256
seasonal_level,474,-0.345353642062212
seasonal_level,475,0.222194843615169
seasonal_level,476,0.157526533661737
seasonal_level,477,-0.350814911658943
seasonal_level,478,0.148851902772101
seasonal_level,479,0.108941541921682
seasonal_level,480,-0.0614768613168346
seasonal_level,481,-0.297460262851439
seasonal_level,482,-0.116458252495177
seasonal_level,483,-0.113532990776519
seasonal_level,484,0.0692906655225854
seasonal_level,485,0.39294154748653
seasonal_level,486,-0.273131606346462
seasonal_level,487,0.308694585108723
seasonal_level,488,-0.373037695398143
seasonal_level,489,0.263353624130264
seasonal_level,490,0.0216963554804647
seasonal_level,491,0.1082986682288
seasonal_level,492,0.240249495803672
seasonal_level,493,0.205400909772787
seasonal_level,494,0.266210571103859
seasonal_level,495,0.0964439637831171
seasonal_level,496,0.0132024732538231
seasonal_level,497,-0.377875351381504
seasonal_level,498,0.329341740593699
seasonal_level,499,0.208965270937139
seasonal_level,500,-0.0322711132416661
seasonal_level,501,0.0694146056072214
seasonal_level,502,-0.184100897906539
seasonal_level,503,0.0662242026806175
seasonal_level,504,0.0900416523821918
seasonal_level,505,0.305610653392384
seasonal_level,506,0.367684315607966
seasonal_level,507,0.23793970636173
seasonal_level,508,-0.366708562673501
seasonal_level,509,0.174267921625597
seasonal_level,510,0.165304123547538
seasonal_level,511,-0.111856346989326
seasonal_level,512,0.175347626454712
seasonal_level,513,-0.32591245870858
seasonal_level,514,0.253275212073336
seasonal_level,515,-0.142867381237938
seasonal_level,516,0.121346189760847
seasonal_level,517,0.234803512140805
seasonal_level,518,0.14844306281164
seasonal_level,519,0.088289194005547
seasonal_level,520,0.372616142844634
seasonal_level,521,-0.0142891627155294
seasonal_level,522,-0.228849917121072
seasonal_level,523,-0.273309059031074
seasonal_level,524,0.0651370930063141
seasonal_level,525,-0.150277055963278
seasonal_level,526,0.171242070011643
seasonal_level,527,-0.0719834320071187
seasonal_level,528,0.162932623273645
seasonal_level,529,0.0466613660415668
seasonal_level,530,0.218141479415434
seasonal_level,531,-0.356595487694327
seasonal_level,532,-0.0241177003778414
seasonal_level,533,0.0574358320652134
seasonal_level,534,-0.176033667896834
seasonal_level,535,-0.110626430156015
seasonal_level,536,-0.156848444898163
seasonal_level,537,-0.0309901715270217
seasonal_level,538,0.208485422629325
seasonal_level,539,0.00954540642709123
seasonal_level,540,-0.250190813213019
seasonal_level,541,0.250580165764605
seasonal_level,542,-0.0669745262780381
seasonal_level,543,-0.12842411298679
seasonal_level,544,0.22028498856306
seasonal_level,545,-0.240957368181023
seasonal_level,546,-0.345909620193618
seasonal_level,547,-0.203360199204144
seasonal_level,548,-0.298371084557816
seasonal_level,549,0.133995315974083
seasonal_level,550,-0.1617198631104
seasonal_level,551,-0.335556755196869
seasonal_level,552,-0.150045679728942
seasonal_level,553,-0.0792991134686754
seasonal_level,554,0.0884758498154451
seasonal_level,555,0.0819908616554471
seasonal_level,556,-0.0696154177407709
seasonal_level,557,-0.286033708522886
seasonal_level,558,-0.199417168144962
seasonal_level,559,-0.18492225282218
seasonal_level,560,0.242773900901129
seasonal_level,561,0.3004060379604
seasonal_level,562,0.10025380552294
seasonal_level,563,0.122585244861614
seasonal_level,564,-0.131097401140943
seasonal_level,565,-0.0387647794422671
seasonal_level,566,0.0367026617058173
seasonal_level,567,0.0710840730076061
seasonal_level,568,-0.0229488444240724
seasonal_level,569,0.124282489412806
seasonal_level,570,-0.312351116401463
seasonal_level,571,-0.00622945785425936
seasonal_level,572,-0.230181155929429
seasonal_level,573,-0.0936608221350443
seasonal_level,574,0.230563744849233
seasonal_level,575,-0.123673246031343
seasonal_level,576,0.133481860511564
seasonal_level,577,0.207197853385289
seasonal_level,578,0.249942586286425
seasonal_level,579,-0.333420783245885
seasonal_level,580,0.0148504462522814
seasonal_level,581,0.0467760747417868
seasonal_level,582,0.333324474055479
seasonal_level,583,-0.0802573450050789
seasonal_level,584,0.177004417528405
seasonal_level,585,-0.134305770432332
seasonal_level,586,0.275829520277003
seasonal_level,587,0.066693508202477
seasonal_level,588,-0.338701422872695
seasonal_level,589,-0.115726863020769
seasonal_level,590,0.186158585823647
seasonal_level,591,0.0247153403302611
seasonal_level,592,0.277885153164811
seasonal_level,593,-0.0731025991268467
seasonal_level,594,-0.0608885134581939
seasonal_level,595,0.261799012606654
seasonal_level,596,0.236794664550543
seasonal_level,597,0.449473099679872
seasonal_level,598,-0.308909230987115
seasonal_level,599,0.0813092987461846
seasonal_level,600,0.284433216854547
seasonal_level,601,0.28421407352049
seasonal_level,602,0.105835804425892
seasonal_level,603,-0.0744334695121269
seasonal_level,604,0.251680230114115
seasonal_level,605,0.04542706987888
seasonal_level,606,0.388992664771694
seasonal_level,607,-0.156118387312934
seasonal_level,608,0.195213552170684
seasonal_level,609,-0.170631290236313
seasonal_level,610,0.119394892228441
seasonal_level,611,0.194325333190306
seasonal_level,612,0.123294698742159
seasonal_level,613,-0.21568330221854
seasonal_level,614,-0.0268405917028562
seasonal_level,615,-0.162015779792997
seasonal_level,616,0.0601507029400275
seasonal_level,617,-0.406535897433878
seasonal_level,618,0.101321397839478
seasonal_level,619,0.147635056978934
seasonal_level,620,-0.214933136724689
seasonal_level,621,-0.374028756920878
seasonal_level,622,-0.0319494841416915
seasonal_level,623,0.282260736550119
seasonal_level,624,-0.215226740478649
seasonal_level,625,-0.123005234222688
seasonal_level,626,0.315850881105113
seasonal_level,627,0.470478909571896
seasonal_level,628,-0.26006458188889
seasonal_level,629,0.220542174919204
seasonal_level,630,-0.307829305127638
seasonal_level,631,-0.146273074710008
seasonal_level,632,-0.156382078349583
seasonal_level,633,-0.208328802327673
seasonal_level,634,-0.416197040008463
seasonal_level,635,0.128720148473829
seasonal_level,636,-0.392565052880228
seasonal_level,637,0.0824139763805647
seasonal_level,638,-0.298864169408583
seasonal_level,639,0.327022358632137
seasonal_level,640,-0.220333857526325
seasonal_level,641,-0.106593138839382
seasonal_level,642,-0.22909611765995
seasonal_level,643,0.292145291235459
seasonal_level,644,-0.205001264860416
seasonal_level,645,0.314998613576123
seasonal_level,646,0.185638946147995
seasonal_level,647,0.135385856438264
seasonal_level,648,0.318704318623234
seasonal_level,649,0.188897856421145
seasonal_level,650,0.0157020049031607
seasonal_level,651,-0.0363756603108127
seasonal_level,652,-0.283546751351161
seasonal_level,653,-0.156490882017772
seasonal_level,654,-0.22965520840572
seasonal_level,655,-0.197072723984621
seasonal_level,656,0.322866653418477
seasonal_level,657,-0.193344577027394
seasonal_level,658,0.239951729259165
seasonal_level,659,0.202168412845415
seasonal_level,660,0.307858635166363
seasonal_level,661,-0.0570139115720666
seasonal_level,662,-0.249194549920152
seasonal_level,663,-0.284180654148836
seasonal_level,664,0.459502282289914
seasonal_level,665,0.479159811327897
seasonal_level,666,0.196845884153531
seasonal_level,667,-0.220755990440081
seasonal_level,668,-0.310198607677483
seasonal_level,669,0.0209568789002838
seasonal_level,670,0.368849059008001
seasonal_level,671,-0.174904209066833
seasonal_level,672,-0.177778744831923
seasonal_level,673,0.227980662260615
seasonal_level,674,0.21694672192835
seasonal_level,675,0.22801368688784
seasonal_level,676,0.0219223151454226
seasonal_level,677,0.16177068435366
seasonal_level,678,0.487026431506438
seasonal_level,679,0.0676190417645302
seasonal_level,680,0.156015619218767
seasonal_level,681,0.0418758910463314
seasonal_level,682,0.241868504266985
seasonal_level,683,0.280945065557574
seasonal_level,684,-0.372836024463558
seasonal_level,685,0.278740760033644
seasonal_level,686,-0.27014873459587
seasonal_level,687,-0.496246078012168
seasonal_level,688,-0.223284517963458
seasonal_level,689,-0.374552359773753
seasonal_level,690,-0.308124194518662
seasonal_level,691,0.364103722314641
seasonal_level,692,0.300488255010382
seasonal_level,693,-0.243534792068767
seasonal_level,694,-0.0160344488822132
seasonal_level,695,-0.373626834351136
seasonal_level,696,-0.123657910714826
seasonal_level,697,0.153481335296222
seasonal_level,698,-0.0927913232441121
seasonal_level,699,0.065333494085866
seasonal_level,700,-0.0219224448952492
seasonal_level,701,0.252595097956015
seasonal_level,702,0.0391269241047523
seasonal_level,703,0.230942079141557
seasonal_level,704,-0.317438010442918
seasonal_level,705,0.412805114501523
seasonal_level,706,-0.123712680457324
seasonal_level,707,0.195819041721267
seasonal_level,708,0.199893525808856
seasonal_level,709,-0.0463679481200667
seasonal_level,710,0.280851519947741
seasonal_level,711,0.161053551826078
seasonal_level,712,-0.369186011437411
seasonal_level,713,0.242572973134868
seasonal_level,714,0.182022014944104
seasonal_level,715,0.148370880997166
seasonal_level,716,-0.345643509916667
seasonal_level,717,0.152542264684155
seasonal_level,718,0.0353543172728961
seasonal_level,719,0.041978414329552
seasonal_level,720,-0.298700279425569
seasonal_level,721,0.213112293507014
seasonal_level,722,-0.198747544720449
seasonal_level,723,-0.268541635492665
seasonal_level,724,-0.276237088064017
seasonal_level,725,0.384077294990578
seasonal_level,726,0.332005820855986
seasonal_level,727,0.209941749089593
seasonal_level,728,0.238300593230749
seasonal_level,729,0.158733639330409
seasonal_level,730,-0.0959511707595464
seasonal_level,731,-0.220840551396519
seasonal_level,732,0.313742193606161
seasonal_level,733,0.379921342171258
seasonal_level,734,-0.320820645459362
seasonal_level,735,0.116246342147625
seasonal_level,736,0.108512461365748
seasonal_level,737,-0.223763882050408
seasonal_level,738,0.252078526610725
seasonal_level,739,-0.377406379863159
seasonal_level,740,0.24150236242725
seasonal_level,741,0.364290031325549
seasonal_level,742,0.273752833962895
seasonal_level,743,-0.292695920733592
seasonal_level,744,0.426143958797448
seasonal_level,745,0.136494431547005
seasonal_level,746,0.165016701538945
seasonal_level,747,0.111342682493083
seasonal_level,748,-0.153503970823313
seasonal_level,749,-0.125548339590413
seasonal_level,750,-0.254401153212274
seasonal_level,751,-0.339296635598429
seasonal_level,752,0.189800624166125
seasonal_level,753,-0.0621628401158398
seasonal_level,754,-0.372988428451877
seasonal_level,755,0.0520685889167097
seasonal_level,756,-0.122267831749826
seasonal_level,757,-0.318643760055729
seasonal_level,758,-0.0517578176063305
seasonal_level,759,0.231297739427294
seasonal_level,760,-0.339001684245366
seasonal_level,761,-0.414867773887502
seasonal_level,762,-0.106549949665911
seasonal_level,763,-0.27825838615533
seasonal_level,764,-0.4413214048504
seasonal_level,765,0.129019437188293
seasonal_level,766,-0.231838600018382
seasonal_level,767,0.296781605209395
seasonal_level,768,-0.263422359490385
seasonal_level,769,-0.323958540788026
seasonal_level,770,0.261125389291076
seasonal_level,771,0.294296576114291
seasonal_level,772,0.196364775001581
seasonal_level,773,-0.276160007358564
seasonal_level,774,0.0569099706704691
seasonal_level,775,0.26268422771946
seasonal_level,776,-0.167923673670393
seasonal_level,777,-0.131083728360453
seasonal_level,778,0.378334541565859
seasonal_level,779,0.194511793524685
seasonal_level,780,-0.504826624825601
seasonal_level,781,-0.190687350872332
seasonal_level,782,-0.372872188901058
seasonal_level,783,0.0540120029385367
seasonal_level,784,-0.288619306188366
seasonal_level,785,0.0843885356677714
seasonal_level,786,-0.0607765355465567
seasonal_level,787,0.169923679016537
seasonal_level,788,0.00940565276060035
seasonal_level,789,-0.0247378823558998
seasonal_level,790,-0.0418086851961655
seasonal_level,791,-0.196998407088334
seasonal_level,792,-0.213563422340468
seasonal_level,793,-0.218888089913154
seasonal_level,794,0.25783344835622
seasonal_level,795,-0.393880539841325
seasonal_level,796,0.216699185523979
seasonal_level,797,0.131048770853209
seasonal_level,798,-0.334115327390176
seasonal_level,799,0.120649117267801
seasonal_level,800,-0.303173462891941
seasonal_level,801,-0.300975585803075
seasonal_level,802,-0.232554535127009
seasonal_level,803,-0.102115399877389
seasonal_level,804,-0.183870055108943
seasonal_level,805,0.0625811257092135
seasonal_level,806,0.17513937444766
seasonal_level,807,-0.230508539715594
seasonal_level,808,-0.282461659294443
seasonal_level,809,-0.136984939305405
seasonal_level,810,-0.33944985955447
seasonal_level,811,-0.181968162591061
seasonal_level,812,0.0197870164411776
seasonal_level,813,0.303134903132041
seasonal_level,814,-0.00571167188958791
seasonal_level,815,0.32422141386069
seasonal_level,816,-0.00800338334887485
seasonal_level,817,-0.0204179170184643
seasonal_level,818,-0.0904915506126652
seasonal_level,819,0.00668985922873115
seasonal_level,820,-0.303106111716141
seasonal_level,821,0.0617173596631548
seasonal_level,822,0.0363676168130678
seasonal_level,823,-0.012994045968781
seasonal_level,824,-0.0208631439104723
seasonal_level,825,-0.208711879531013
seasonal_level,826,0.233961701111241
seasonal_level,827,0.153476539171489
seasonal_level,828,0.195117094597019
seasonal_level,829,-0.294315561928584
seasonal_level,830,0.222020888970317
seasonal_level,831,0.328813425277729
seasonal_level,832,0.0661152476794259
seasonal_level,833,0.352336666201918
seasonal_level,834,0.102498256491446
seasonal_level,835,-0.0500391632895436
seasonal_level,836,0.0266327082555102
seasonal_level,837,0.0805244821068859
seasonal_level,838,-0.274659425888345
seasonal_level,839,-0.212728991557176
seasonal_level,840,0.280886983802563
seasonal_level,841,-0.380669733666515
seasonal_level,842,0.203373053356525
seasonal_level,843,-0.0411212109318502
seasonal_level,844,0.303019638016494
seasonal_level,845,-0.0991798953714058
seasonal_level,846,-0.0902978998793011
seasonal_level,847,0.0867634531456698
seasonal_level,848,-0.0915112145631968
seasonal_level,849,0.296794612359177
seasonal_level,850,0.280562338077133
seasonal_level,851,-0.465788587892486
seasonal_level,852,-0.294397835140177
seasonal_level,853,0.394226120121736
seasonal_level,854,-0.0908101809070289
seasonal_level,855,0.198261694767819
seasonal_level,856,0.374767136464009
seasonal_level,857,-0.36543213016527
seasonal_level,858,-0.121159261974777
seasonal_level,859,0.148097809172528
seasonal_level,860,-0.183871272626557
seasonal_level,861,-0.0655654323609468
seasonal_level,862,0.0144894259466405
seasonal_level,863,-0.501260246097044
seasonal_level,864,-0.0829011852685546
seasonal_level,865,0.154519156873119
seasonal_level,866,0.311724280816948
seasonal_level,867,0.193401452307872
seasonal_level,868,0.212791929199249
seasonal_level,869,0.220323421887608
seasonal_level,870,0.218343126194163
seasonal_level,871,0.296863412792201
seasonal_level,872,-0.0365130137809281
seasonal_level,873,-0.280684655502411
seasonal_level,874,0.252527078906908
seasonal_level,875,0.186368847996988
seasonal_level,876,0.0688758117971512
seasonal_level,877,0.159509331503702
seasonal_level,878,0.0843511607606106
seasonal_level,879,0.0978933984138524
seasonal_level,880,0.316102291980394
seasonal_level,881,-0.208203550014143
seasonal_level,882,0.214851395064591
seasonal_level,883,0.272443864032889
seasonal_level,884,-0.341633838352098
seasonal_level,885,0.257764680402433
seasonal_level,886,-0.0103358771857639
seasonal_level,887,0.360783413395587
seasonal_level,888,0.135300569115564
seasonal_level,889,0.124067274015071
seasonal_level,890,-0.0605633194244014
seasonal_level,891,-0.130226221475373
seasonal_level,892,0.156048071091564
seasonal_level,893,0.204913962986506
seasonal_level,894,0.243878396999386
seasonal_level,895,0.0887771610837283
seasonal_level,896,0.280180604422197
seasonal_level,897,-0.241471435698609
seasonal_level,898,-0.0447086656699929
seasonal_level,899,0.315325282045176
seasonal_level,900,-0.207001972602387
seasonal_level,901,0.128963952642319
seasonal_level,902,0.235510601603734
seasonal_level,903,-0.0199668275484551
seasonal_level,904,0.188861315075417
seasonal_level,905,0.0740813471771435
seasonal_level,906,-0.234453785868671
seasonal_level,907,0.364516719351782
seasonal_level,908,-0.0719074358771549
seasonal_level,909,0.198475909375427
seasonal_level,910,-0.000626390499977407
seasonal_level,911,0.121495910037584
seasonal_level,912,-0.425328981856364
seasonal_level,913,-0.0477057181012901
seasonal_level,914,0.220385784158151
seasonal_level,915,0.123783567995165
seasonal_level,916,0.394537847644439
seasonal_level,917,-0.0748879699137121
seasonal_level,918,0.232139377343631
seasonal_level,919,0.128337106677725
seasonal_level,920,-0.378723287295543
seasonal_level,921,-0.00283044850879518
seasonal_level,922,0.285837659134437
seasonal_level,923,0.28583351462803
seasonal_level,924,0.227057472608147
seasonal_level,925,0.300094414623988
seasonal_level,926,0.15065352399093
seasonal_level,927,-0.271609712146906
seasonal_level,928,0.0656490886476373
seasonal_level,929,-0.316134143556771
seasonal_level,930,0.209296386122079
seasonal_level,931,-0.0899644545714802
seasonal_level,932,-0.440467826955461
seasonal_level,933,-0.206808161027678
seasonal_level,934,0.253155683053852
seasonal_level,935,-0.146980879111237
seasonal_level,936,-0.217779249871437
seasonal_level,937,-0.325723697513778
seasonal_level,938,0.0686363079454043
seasonal_level,939,0.017670841650741
seasonal_level,940,-0.296844634867721
seasonal_level,941,-0.221914402488955
seasonal_level,942,-0.226383461172241
seasonal_level,943,0.20293929337911
seasonal_level,944,0.203748296903116
seasonal_level,945,-0.102551395714054
seasonal_level,946,0.337481089815909
seasonal_level,947,-0.151765697912296
seasonal_level,948,0.252861636446228
seasonal_level,949,0.0449781399387715
seasonal_level,950,0.115128697026928
seasonal_level,951,-0.0367943031343006
seasonal_level,952,-0.0744781248651423
seasonal_level,953,-0.033578408016143
seasonal_level,954,-0.171712088735871
seasonal_level,955,-0.365912006058477
seasonal_level,956,0.219116974679288
seasonal_level,957,0.369943082207183
seasonal_level,958,0.177286063064706
seasonal_level,959,0.231003130596107
seasonal_level,960,-0.180810996626741
seasonal_level,961,0.115167646886516
seasonal_level,962,-0.263769531923305
seasonal_level,963,-0.366702535459196
seasonal_level,964,-0.312522083370297
seasonal_level,965,-0.248751517341377
seasonal_level,966,-0.0773430555637615
seasonal_level,967,-0.345840158708102
seasonal_level,968,0.463098710227511
seasonal_level,969,0.308466723906067
seasonal_level,970,-0.205783455318643
seasonal_level,971,-0.341258869442518
seasonal_level,972,0.164103075262651
seasonal_level,973,0.230655115395232
seasonal_level,974,0.118523331945738
seasonal_level,975,-0.409009589703462
seasonal_level,976,0.220413846737139
seasonal_level,977,-0.315242804813114
seasonal_level,978,-0.0781628321789268
seasonal_level,979,-0.220929778762878
seasonal_level,980,0.210642244825596
seasonal_level,981,0.217109024877308
seasonal_level,982,0.186219322433553
seasonal_level,983,-0.201457962502515
seasonal_level,984,-0.0368133326659962
seasonal_level,985,0.112131886074819
seasonal_level,986,-0.0613663400536083
seasonal_level,987,-0.00945808018828309
seasonal_level,988,0.094583518985243
seasonal_level,989,0.361353894430702
seasonal_level,990,-0.307297614038616
seasonal_level,991,-0.433289209204894
seasonal_level,992,0.121550423728166
seasonal_level,993,-0.257654247515246
seasonal_level,994,-0.175422390835517
seasonal_level,995,0.195378912108012
seasonal_level,996,0.124442582624997
seasonal_level,997,-0.00386438869531336
seasonal_level,998,-0.204666506639862
seasonal_level,999,0.19150919964517
seasonal_level,1000,-0.556532592815964
seasonal_level,1001,0.155595576510012
seasonal_level,1002,0.269744561008841
seasonal_level,1003,-0.436504042877959
seasonal_level,1004,0.0367299282418937
seasonal_level,1005,0.048169931956776
seasonal_level,1006,0.121356798667996
seasonal_level,1007,0.248626560842091
seasonal_level,1008,-0.383554466074002
seasonal_level,1009,0.275962121391633
seasonal_level,1010,-0.131456106268921
seasonal_level,1011,0.112261139626531
seasonal_level,1012,0.136120456715005
seasonal_level,1013,-0.310477964243017
seasonal_level,1014,-0.0682158590429497
seasonal_level,1015,-0.147404614003281
seasonal_level,1016,0.218664798863266
seasonal_level,1017,-0.370000496070588
seasonal_level,1018,-0.162659258987926
seasonal_level,1019,-0.203285725599332
seasonal_level,1020,0.310730545050739
seasonal_level,1021,-0.314629696460801
seasonal_level,1022,-0.219417837799382
seasonal_level,1023,-0.312338289822012
seasonal_level,1024,0.301767388460452
seasonal_level,1025,0.196181203479746
seasonal_level,1026,0.0746433173577312
seasonal_level,1027,-0.15986464835068
seasonal_level,1028,-0.416360850300212
seasonal_level,1029,0.335127438086675
seasonal_level,1030,-0.460483757375436
seasonal_level,1031,-0.0152963656394949
seasonal_level,1032,-0.246474254267746
seasonal_level,1033,-0.00518038910802302
seasonal_level,1034,-0.316411227350339
seasonal_level,1035,0.218273964408865
seasonal_level,1036,-0.0839516223801529
seasonal_level,1037,0.0435798318215982
seasonal_level,1038,-0.122471439342524
seasonal_level,1039,-0.218607991903409
seasonal_level,1040,0.0785716779258457
seasonal_level,1041,-0.264728331059419
seasonal_level,1042,-0.0290902990670402
seasonal_level,1043,0.192164521530299
seasonal_level,1044,0.0447171953736089
seasonal_level,1045,0.271430673228751
seasonal_level,1046,0.281759121385905
seasonal_level,1047,-0.2131187022156
seasonal_level,1048,0.433667255557007
seasonal_level,1049,0.229640801588503
seasonal_level,1050,-0.315496101788929
seasonal_level,1051,0.257973913979953
seasonal_level,1052,0.304188399001028
seasonal_level,1053,0.13411239604571
seasonal_level,1054,-0.0139973603479246
seasonal_level,1055,-0.279104635000035
seasonal_level,1056,-0.210328104105489
seasonal_level,1057,-0.180836143414724
seasonal_level,1058,-0.0731755119775637
seasonal_level,1059,-0.0759105334565374
seasonal_level,1060,-0.155109215971594
seasonal_level,1061,0.330167968872964
seasonal_level,1062,-0.101181524266218
seasonal_level,1063,-0.131130326116701
seasonal_level,1064,-0.263652968908283
seasonal_level,1065,0.253920226436877
seasonal_level,1066,-0.378861427477919
seasonal_level,1067,0.176627533995017
seasonal_level,1068,0.0321903614155306
seasonal_level,1069,-0.264780760598088
seasonal_level,1070,-0.202303420174477
seasonal_level,1071,0.307666559958101
seasonal_level,1072,0.189604076511317
seasonal_level,1073,0.116645634088153
seasonal_level,1074,0.255448930400439
seasonal_level,1075,0.00535069834818103
seasonal_level,1076,-0.192600774266315
seasonal_level,1077,0.181025441445146
seasonal_level,1078,0.239028540484909
seasonal_level,1079,-0.114283497673382
seasonal_level,1080,0.252401707486599
seasonal_level,1081,-0.365192830477188
seasonal_level,1082,-0.0732816680187479
seasonal_level,1083,0.241461781613834
seasonal_level,1084,0.212416679979863
seasonal_level,1085,0.158745767585534
seasonal_level,1086,0.0783837141490803
seasonal_level,1087,-0.123237463837555
seasonal_level,1088,0.163604002361542
seasonal_level,1089,0.244948155546565
seasonal_level,1090,0.0747208884282908
seasonal_level,1091,0.090462231984248
seasonal_level,1092,-0.117822021906066
seasonal_level,1093,-0.168535136371582
seasonal_level,1094,0.0426840856037396
seasonal_level,1095,0.269516315396451
seasonal_level,1096,-0.366821174734923
seasonal_level,1097,-0.400484668712149
seasonal_level,1098,0.266482468919743
seasonal_level,1099,0.29934904241406
seasonal_level,1100,-0.299761355532548
seasonal_level,1101,-0.145178546027097
seasonal_level,1102,0.361525769254813
seasonal_level,1103,0.0782042065536333
seasonal_level,1104,0.122335645493965
seasonal_level,1105,0.13935203030697
seasonal_level,1106,0.131493558894038
seasonal_level,1107,-0.472977512941589
seasonal_level,1108,-0.269642881689251
seasonal_level,1109,-0.197580805664865
seasonal_level,1110,-0.125835102815382
seasonal_level,1111,-0.321692755892939
seasonal_level,1112,0.231090040893441
seasonal_level,1113,0.320263066700117
seasonal_level,1114,0.198105854034523
seasonal_level,1115,-0.456299461364397
seasonal_level,1116,0.261101463998945
seasonal_level,1117,-0.346670202396633
seasonal_level,1118,0.416183159753197
seasonal_level,1119,0.266828835420502
seasonal_level,1120,-0.288561068829583
seasonal_level,1121,0.136375786715922
seasonal_level,1122,0.229235577936637
seasonal_level,1123,0.241972425807893
seasonal_level,1124,-0.300823886598989
seasonal_level,1125,0.260881602619294
seasonal_level,1126,-0.0466936104940408
seasonal_level,1127,0.256367132955209
seasonal_level,1128,-0.204930109769877
seasonal_level,1129,0.293622701875288
seasonal_level,1130,-0.0113626627379532
seasonal_level,1131,0.185806563449155
seasonal_level,1132,-0.157240575193034
seasonal_level,1133,0.332814420224641
seasonal_level,1134,-0.433897731133138
seasonal_level,1135,-0.168031582606904
seasonal_level,1136,0.235830419253424
seasonal_level,1137,-0.235962191394114
seasonal_level,1138,-0.180254008424441
seasonal_level,1139,-0.377530738785224
seasonal_level,1140,0.145576527008082
seasonal_level,1141,-0.102698270195573
seasonal_level,1142,0.122932998996104
seasonal_level,1143,0.261952607590939
seasonal_level,1144,-0.3098995419316
seasonal_level,1145,-0.314058282984526
seasonal_level,1146,-0.280321289454991
seasonal_level,1147,0.363544028984133
seasonal_level,1148,-0.190517669355813
seasonal_level,1149,0.271010169642422
seasonal_level,1150,-0.401962925536607
seasonal_level,1151,0.340897888467669
seasonal_level,1152,0.152655926128491
seasonal_level,1153,-0.0457090140798586
seasonal_level,1154,-0.0862787518985329
seasonal_level,1155,-0.204456673533652
seasonal_level,1156,-0.118341164069876
seasonal_level,1157,-0.146081476777714
seasonal_level,1158,0.177327938909889
seasonal_level,1159,0.254347084566122
seasonal_level,1160,0.0467824695985346
seasonal_level,1161,0.318449133183469
seasonal_level,1162,-0.235426706668369
seasonal_level,1163,0.211254839863111
seasonal_level,1164,0.091409066329371
seasonal_level,1165,-0.259994968885906
seasonal_level,1166,-0.0853319862342359
seasonal_level,1167,0.365624951671932
seasonal_level,1168,0.0969848959669548
seasonal_level,1169,0.314529994711379
seasonal_level,1170,-0.25694788649256
seasonal_level,1171,-0.247747377048252
seasonal_level,1172,0.30931490366998
seasonal_level,1173,-0.27899888169239
seasonal_level,1174,0.0898916084465578
seasonal_level,1175,-0.229448334623836
seasonal_level,1176,-0.0134228129603251
seasonal_level,1177,-0.500245815150787
seasonal_level,1178,-0.293778347474601
seasonal_level,1179,-0.259279318397709
seasonal_level,1180,-0.339312681736541
seasonal_level,1181,0.0385853045254061
seasonal_level,1182,-0.0114387913060137
seasonal_level,1183,0.0984912193351943
seasonal_level,1184,0.159586040987573
seasonal_level,1185,0.220830180439947
seasonal_level,1186,0.382323933471862
seasonal_level,1187,-0.308263123471196
seasonal_level,1188,0.2264682182524
seasonal_level,1189,0.072146872923138
seasonal_level,1190,-0.36271324263431
seasonal_level,1191,-0.363202439997461
seasonal_level,1192,-0.252726162514926
seasonal_level,1193,0.197635894616548
seasonal_level,1194,0.19978813440556
seasonal_level,1195,0.299167110702915
seasonal_level,1196,0.315157952371498
seasonal_level,1197,0.182824241251903
seasonal_level,1198,-0.240912360129464
seasonal_level,1199,0.35623286348638
seasonal_level,1200,-0.222799346115305
seasonal_level,1201,0.224803865365179
seasonal_level,1202,-0.050485458743033
seasonal_level,1203,0.263415079866865
seasonal_level,1204,-0.434276099817309
seasonal_level,1205,0.334553100203075
seasonal_level,1206,-0.228752239516645
seasonal_level,1207,-0.386551725912531
seasonal_level,1208,0.191663960755634
seasonal_level,1209,-0.14461563106843
seasonal_level,1210,-0.393862757065402
seasonal_level,1211,0.182886523666242
seasonal_level,1212,-0.222405289562073
seasonal_level,1213,-0.065633463356171
seasonal_level,1214,0.109571758488038
seasonal_level,1215,-0.0579881347950006
seasonal_level,1216,-0.217820789470848
seasonal_level,1217,0.138240787437936
seasonal_level,1218,0.0588389151516937
seasonal_level,1219,-0.344271061821953
seasonal_level,1220,0.241529965979727
seasonal_level,1221,0.0548989812692723
seasonal_level,1222,-0.332823526343073
seasonal_level,1223,-0.0494962620309704
seasonal_level,1224,-0.0475830293554103
seasonal_level,1225,0.193459519917616
seasonal_level,1226,-0.0269230580095519
seasonal_level,1227,-0.125588531949908
seasonal_level,1228,-0.449933802318901
seasonal_level,1229,-0.188059220018103
seasonal_level,1230,-0.258181884482418
seasonal_level,1231,0.162048298598421
seasonal_level,1232,-0.0896844740827654
seasonal_level,1233,-0.0981542774917878
seasonal_level,1234,0.27711214277867
seasonal_level,1235,0.194164211008656
seasonal_level,1236,-0.247261723999051
seasonal_level,1237,0.20775859753603
seasonal_level,1238,0.349294253488505
seasonal_level,1239,0.307236903394127
seasonal_level,1240,0.185037202022946
seasonal_level,1241,-0.362243603131324
seasonal_level,1242,0.206883209033058
seasonal_level,1243,-0.273522758890316
seasonal_level,1244,-0.228315016851789
seasonal_level,1245,-0.398564620418209
seasonal_level,1246,0.0980970566176399
seasonal_level,1247,0.188774181703638
seasonal_level,1248,-0.123277155655678
seasonal_level,1249,-0.132638169633194
seasonal_level,1250,-0.401466994188613
seasonal_level,1251,0.110930992053367
seasonal_level,1252,-0.353842648370389
seasonal_level,1253,-0.264005920683348
seasonal_level,1254,-0.145522334280077
seasonal_level,1255,0.307104703668414
seasonal_level,1256,-0.385768278869212
seasonal_level,1257,0.175852093453131
seasonal_level,1258,-0.263290803884255
seasonal_level,1259,-0.0163074059121007
seasonal_level,1260,0.243993564603659
seasonal_level,1261,0.160467559286147
seasonal_level,1262,0.108375658352497
seasonal_level,1263,0.119185277019622
seasonal_level,1264,-0.132335344707085
seasonal_level,1265,-0.180260044670042
seasonal_level,1266,0.0995796717397933
seasonal_level,1267,0.0551787994812329
seasonal_level,1268,-0.315841055493199
seasonal_level,1269,0.271493734391656
seasonal_level,1270,-0.0936119521911595
seasonal_level,1271,0.392036410539218
seasonal_level,1272,-0.164104818882094
seasonal_level,1273,-0.141083570161038
seasonal_level,1274,0.284879744247614
seasonal_level,1275,0.144059715594484
seasonal_level,1276,-0.255617823243716
seasonal_level,1277,-0.0311746967136222
seasonal_level,1278,0.327075754550068
seasonal_level,1279,-0.0315699537234426
seasonal_level,1280,-0.248711281647037
seasonal_level,1281,0.29998049521592
seasonal_level,1282,0.378829082100345
seasonal_level,1283,-0.187204476918614
seasonal_level,1284,0.288859241066118
seasonal_level,1285,0.241066819330272
seasonal_level,1286,0.128962416788082
seasonal_level,1287,0.262594716258455
seasonal_level,1288,-0.385264982548436
seasonal_level,1289,0.0474676825134823
seasonal_level,1290,-0.167478267539742
seasonal_level,1291,-0.209891310202331
seasonal_level,1292,-0.152438901432115
seasonal_level,1293,0.241019450468971
seasonal_level,1294,0.0028188057021626
seasonal_level,1295,0.031387362083066
seasonal_level,1296,0.263288623590841
seasonal_level,1297,0.162081704624601
seasonal_level,1298,-0.396124611785346
seasonal_level,1299,-0.21013028993818
seasonal_level,1300,0.00209887281692911
seasonal_level,1301,0.301562738454849
seasonal_level,1302,0.287722398982906
seasonal_level,1303,0.185820782172772
seasonal_level,1304,-0.374035559046161
seasonal_level,1305,0.259676021134095
seasonal_level,1306,-0.0720784117457211
seasonal_level,1307,-0.303513601591276
seasonal_level,1308,0.364119296041652
seasonal_level,1309,-0.412729723001309
seasonal_level,1310,0.287459162912885
seasonal_level,1311,-0.0479533474827507
seasonal_level,1312,0.290838909965854
seasonal_level,1313,-0.330619728779089
seasonal_level,1314,0.220335576234445
seasonal_level,1315,-0.0651134717882812
seasonal_level,1316,0.254373497987128
seasonal_level,1317,-0.175811404707668
seasonal_level,1318,0.353407815316089
seasonal_level,1319,-0.161042610033947
seasonal_level,1320,0.0602288482308593
seasonal_level,1321,-0.15952253171233
seasonal_level,1322,-0.127531193965026
seasonal_level,1323,-0.11588760506098
seasonal_level,1324,-0.412472517080671
seasonal_level,1325,-0.161489625621183
seasonal_level,1326,0.0943961884459575
seasonal_level,1327,-0.389956715665575
seasonal_level,1328,-0.131139590972625
seasonal_level,1329,0.0523258576146904
seasonal_level,1330,-0.393276496707886
seasonal_level,1331,0.087830643216346
seasonal_level,1332,0.150680006925626
seasonal_level,1333,-0.229941138468589
seasonal_level,1334,-0.381865222698781
seasonal_level,1335,0.0618169053054144
seasonal_level,1336,-0.241041265043692
seasonal_level,1337,-0.344393951752291
seasonal_level,1338,0.206086233992949
seasonal_level,1339,0.220159763235341
seasonal_level,1340,0.315112361105718
seasonal_level,1341,-0.147009635906141
seasonal_level,1342,-0.133126656863184
seasonal_level,1343,-0.307345861966311
seasonal_level,1344,-0.385284687653987
seasonal_level,1345,0.318758218466063
seasonal_level,1346,-0.35145310565712
seasonal_level,1347,0.168784103323564
seasonal_level,1348,0.261246445614979
seasonal_level,1349,0.39939513680895
seasonal_level,1350,0.20681215482869
seasonal_level,1351,-0.302035108173153
seasonal_level,1352,0.028095010008002
seasonal_level,1353,-0.145456918237203
seasonal_level,1354,-0.23772879468675
seasonal_level,1355,0.016830141905538
seasonal_level,1356,0.162656411247926
seasonal_level,1357,-0.0717108322899905
seasonal_level,1358,0.208932305118952
seasonal_level,1359,0.223273087992385
seasonal_level,1360,-0.204309916719336
seasonal_level,1361,0.222874026141624
seasonal_level,1362,-0.16710145629006
seasonal_level,1363,0.504208683141782
seasonal_level,1364,0.317711904794016
seasonal_level,1365,-0.363409318248762
seasonal_level,1366,0.237982658741753
seasonal_level,1367,0.32018589051989
seasonal_level,1368,0.314327339423794
seasonal_level,1369,0.218941658011955
seasonal_level,1370,0.29895946936272
seasonal_level,1371,0.240384789021967
seasonal_level,1372,0.233487489294402
seasonal_level,1373,0.251660604407262
seasonal_level,1374,-0.0766281465962848
seasonal_level,1375,0.434397356268007
seasonal_level,1376,0.283870107496352
seasonal_level,1377,-0.0679585950206126
seasonal_level,1378,-0.122947310758393
seasonal_level,1379,-0.435797101063609
seasonal_level,1380,0.117055026679462
seasonal_level,1381,-0.0773691905334468
seasonal_level,1382,-0.278618379636423
seasonal_level,1383,-0.26530709195903
seasonal_level,1384,-0.154852472493903
seasonal_level,1385,-0.0137511708685241
seasonal_level,1386,-0.00122105362123145
seasonal_level,1387,0.00568471922680865
seasonal_level,1388,-0.00801543920270446
seasonal_level,1389,0.0780267654869918
seasonal_level,1390,0.138953954750951
seasonal_level,1391,0.159320778233309
seasonal_level,1392,-0.231163711362282
seasonal_level,1393,-0.162955963848599
seasonal_level,1394,-0.296802406831956
seasonal_level,1395,0.361580391851786
seasonal_level,1396,-0.278600653551037
seasonal_level,1397,0.256688364468078
seasonal_level,1398,0.258290401220208
seasonal_level,1399,-0.182820643636756
seasonal_level,1400,0.139414964783488
seasonal_level,1401,-0.0937955733451788
seasonal_level,1402,0.204864283834131
seasonal_level,1403,-0.116416113317449
seasonal_level,1404,0.140188934744306
seasonal_level,1405,0.0828396517799203
seasonal_level,1406,-0.290048861029419
seasonal_level,1407,0.0308532566283282
seasonal_level,1408,0.078726824450625
seasonal_level,1409,0.278940741118623
seasonal_level,1410,0.304156772480874
seasonal_level,1411,0.14908608700393
seasonal_level,1412,-0.0604470512736869
seasonal_level,1413,-0.302602014088766
seasonal_level,1414,0.259457208504839
seasonal_level,1415,0.125381819812236
seasonal_level,1416,-0.311936724712714
seasonal_level,1417,-0.10379106282999
seasonal_level,1418,0.0445004358410642
seasonal_level,1419,0.255512073721633
seasonal_level,1420,-0.36952703973385
seasonal_level,1421,-0.0399269344700762
seasonal_level,1422,0.0124584979459028
seasonal_level,1423,-0.225764509800447
seasonal_level,1424,0.359481123698695
seasonal_level,1425,-0.0946684672314409
seasonal_level,1426,-0.0566154023543903
seasonal_level,1427,-0.179519804487956
seasonal_level,1428,-0.374377940209907
seasonal_level,1429,0.282827649240682
seasonal_level,1430,0.266438817972619
seasonal_level,1431,0.214677198299882
seasonal_level,1432,0.0831346966179393
seasonal_level,1433,0.0100589342188462
seasonal_level,1434,0.320139757119226
seasonal_level,1435,0.265458411283265
seasonal_level,1436,-0.214029386730278
seasonal_level,1437,-0.169517297932201
seasonal_level,1438,0.111690201665112
seasonal_level,1439,0.139772654820492
seasonal_level,1440,0.00272954517290369
seasonal_level,1441,0.2326356883683
seasonal_level,1442,-0.132155919579398
seasonal_level,1443,0.362377550442014
seasonal_level,1444,0.375360203490787
seasonal_level,1445,-0.279892700135475
seasonal_level,1446,0.393355667925287
seasonal_level,1447,0.210717014901586
seasonal_level,1448,-0.12461139372423
seasonal_level,1449,-0.15182805906447
seasonal_level,1450,0.502075515441937
seasonal_level,1451,-0.153124952407205
seasonal_level,1452,-0.343700165002486
seasonal_level,1453,-0.147153273249897
seasonal_level,1454,0.349650989408952
seasonal_level,1455,-0.294614248944283
seasonal_level,1456,-0.190282888364807
seasonal_level,1457,0.325285751829605
seasonal_level,1458,0.253324311385358
seasonal_level,1459,-0.177044172981498
seasonal_level,1460,0.140092321062458
seasonal_level,1461,-0.0188032879075761
seasonal_level,1462,-0.00913586464143575
seasonal_level,1463,0.373971351878057
seasonal_level,1464,0.278342176367471
seasonal_level,1465,-0.359009153638229
seasonal_level,1466,-0.149312706183328
seasonal_level,1467,-0.44104639880923
seasonal_level,1468,0.432412066001273
seasonal_level,1469,0.16509809969752
seasonal_level,1470,-0.116059942018042
seasonal_level,1471,0.227697861301538
seasonal_level,1472,-0.0708453595633826
seasonal_level,1473,0.143449088770544
seasonal_level,1474,-0.0418624475242512
seasonal_level,1475,0.145930927896843
seasonal_level,1476,-0.305977723985459
seasonal_level,1477,0.189055559397888
seasonal_level,1478,0.30592067081127
seasonal_level,1479,-0.363225693372777
seasonal_level,1480,-0.238868069745351
seasonal_level,1481,-0.0974784209385484
seasonal_level,1482,0.289753251595026
seasonal_level,1483,0.0255065289688249
seasonal_level,1484,-0.0884580228106232
seasonal_level,1485,0.215800273051214
seasonal_level,1486,-0.42244318435082
seasonal_level,1487,-0.282111795529128
seasonal_level,1488,-0.263790246379856
seasonal_level,1489,-0.250466502910238
seasonal_level,1490,0.32008021501611
seasonal_level,1491,0.414511057743347
seasonal_level,1492,0.0448877580945961
seasonal_level,1493,0.0102734101676395
seasonal_level,1494,0.196068825387504
seasonal_level,1495,-0.426208051717991
seasonal_level,1496,0.386604165058539
seasonal_level,1497,-0.119254800861656
seasonal_level,1498,0.204606555546941
seasonal_level,1499,0.0595142432156299
seasonal_level,1500,-0.0181049335832952
seasonal_level,1501,-0.231753429012155
seasonal_level,1502,0.227204093778174
seasonal_level,1503,0.0829127292758409
seasonal_level,1504,-0.183599583019501
seasonal_level,1505,-0.256343159002377
seasonal_level,1506,-0.0770661269345186
seasonal_level,1507,0.276191791060177
seasonal_level,1508,-0.208434165017433
seasonal_level,1509,-0.0461969909086886
seasonal_level,1510,-0.0677642590603285
seasonal_level,1511,0.28938977699806
seasonal_level,1512,-0.255358960685315
seasonal_level,1513,0.232826254207666
seasonal_level,1514,0.207343549157518
seasonal_level,1515,0.180235411109115
seasonal_level,1516,0.305390459769162
seasonal_level,1517,-0.186876520692104
seasonal_level,1518,-0.325175134417354
seasonal_level,1519,-0.398347556605296
seasonal_level,1520,0.147100496085897
seasonal_level,1521,-0.165854811001264
seasonal_level,1522,0.153834729857082
seasonal_level,1523,0.280415400927601
seasonal_level,1524,0.309382670254954
seasonal_level,1525,0.171311121195496
seasonal_level,1526,-0.272941416180303
seasonal_level,1527,0.162075808600544
seasonal_level,1528,0.316323955593473
seasonal_level,1529,0.000236110946593963
seasonal_level,1530,0.301604326882094
seasonal_level,1531,0.0755152091128852
seasonal_level,1532,0.307897183026092
seasonal_level,1533,-0.0598435345886861
seasonal_level,1534,0.382120456209849
seasonal_level,1535,0.0432000775990042
seasonal_level,1536,0.074578024424594
seasonal_level,1537,0.339437770620998
seasonal_level,1538,-0.211323584558909
seasonal_level,1539,-0.212536249429889
seasonal_level,1540,-0.143505530749376
seasonal_level,1541,0.161909876351
seasonal_level,1542,0.0502887441793893
seasonal_level,1543,-0.259437892193549
seasonal_level,1544,-0.0505999738683007
seasonal_level,1545,-0.228316659897774
seasonal_level,1546,0.1262544968016
seasonal_level,1547,-0.107567671136601
seasonal_level,1548,-0.266464149541308
seasonal_level,1549,-0.268517457169621
seasonal_level,1550,0.384226539763041
seasonal_level,1551,-0.396221953328139
seasonal_level,1552,0.169134529173158
seasonal_level,1553,-0.265426233764215
seasonal_level,1554,0.322782570615617
seasonal_level,1555,-0.202850382945022
seasonal_level,1556,-0.257627631715052
seasonal_level,1557,-0.16205809114744
seasonal_level,1558,0.241093583357541
seasonal_level,1559,-0.0114800933164239
seasonal_level,1560,-0.153877750767217
seasonal_level,1561,-0.0817953475172596
seasonal_level,1562,-0.246193341241033
seasonal_level,1563,0.214731688570046
seasonal_level,1564,-0.333273417200587
seasonal_level,1565,-0.19952027658728
seasonal_level,1566,-0.102998919635041
seasonal_level,1567,-0.0133327710870876
seasonal_level,1568,-0.244232809212892
seasonal_level,1569,-0.128000257763182
seasonal_level,1570,-0.32124340243901
seasonal_level,1571,-0.280041816913621
seasonal_level,1572,0.036280137833234
seasonal_level,1573,-0.231766069731146
seasonal_level,1574,0.142247011742322
seasonal_level,1575,-0.313421503189466
seasonal_level,1576,0.0836200738528294
seasonal_level,1577,0.355102768095773
seasonal_level,1578,-0.152737768298524
seasonal_level,1579,-0.00173154489879105
seasonal_level,1580,-0.224048630026497
seasonal_level,1581,-0.0736965256457897
seasonal_level,1582,-0.276461215968349
seasonal_level,1583,-0.136678178214051
seasonal_level,1584,0.0339552342501435
seasonal_level,1585,-0.102893187488826
seasonal_level,1586,-0.0958104115702095
seasonal_level,1587,0.289956217057889
seasonal_level,1588,0.0846040374006825
seasonal_level,1589,0.136174112469927
seasonal_level,1590,0.292011306164312
seasonal_level,1591,-0.0552269245872621
seasonal_level,1592,0.28076940904276
seasonal_level,1593,-0.374866400297727
seasonal_level,1594,-0.0420864146464085
seasonal_level,1595,0.118215208142697
seasonal_level,1596,0.198719610952417
seasonal_level,1597,-0.063070584630383
seasonal_level,1598,0.142904489139029
seasonal_level,1599,-0.153840481641462
seasonal_level,1600,0.396750017440788
seasonal_level,1601,0.302420846821742
seasonal_level,1602,-0.14237418629648
seasonal_level,1603,-0.0359593048364705
seasonal_level,1604,0.494128519327459
seasonal_level,1605,0.238148628270991
seasonal_level,1606,0.195764346068802
seasonal_level,1607,-0.314746006269502
seasonal_level,1608,0.385830756714831
seasonal_level,1609,0.404894401303124
seasonal_level,1610,0.222466342825179
seasonal_level,1611,-0.267226466654053
seasonal_level,1612,-0.043036854150226
seasonal_level,1613,0.229742110140316
seasonal_level,1614,0.237537456950625
seasonal_level,1615,-0.216921187723431
seasonal_level,1616,0.102301148863168
seasonal_level,1617,-0.343893660027498
seasonal_level,1618,-0.0213015959718067
seasonal_level,1619,0.296395603810923
seasonal_level,1620,-0.214927199386616
seasonal_level,1621,0.186346388444879
seasonal_level,1622,0.206509920342478
seasonal_level,1623,0.341965508300664
seasonal_level,1624,-0.336766815359111
seasonal_level,1625,0.332914233918842
seasonal_level,1626,-0.440096479690461
seasonal_level,1627,-0.270766765437131
seasonal_level,1628,0.208534077605801
seasonal_level,1629,-0.0174200111145234
seasonal_level,1630,0.158574475703446
seasonal_level,1631,0.155608173004331
seasonal_level,1632,0.209989831369111
seasonal_level,1633,-0.385558700100728
seasonal_level,1634,0.245802737232496
seasonal_level,1635,0.36689974110685
seasonal_level,1636,0.390277268116259
seasonal_level,1637,0.109275904404093
seasonal_level,1638,-0.282857834501541
seasonal_level,1639,0.282371497009539
seasonal_level,1640,0.143873294713033
seasonal_level,1641,-0.364550609602624
seasonal_level,1642,0.207792809918131
seasonal_level,1643,0.338183820432814
seasonal_level,1644,0.227630223935953
seasonal_level,1645,-0.0579792532839631
seasonal_level,1646,0.412967403480536
seasonal_level,1647,-0.254716356010733
seasonal_level,1648,0.161780656523555
seasonal_level,1649,-0.20337865992006
seasonal_level,1650,0.172404130728008
seasonal_level,1651,0.369318271411234
seasonal_level,1652,0.197529696230337
seasonal_level,1653,0.00587813551335525
seasonal_level,1654,0.351573627590735
seasonal_level,1655,-0.235232819494434
seasonal_level,1656,0.0471285730379248
seasonal_level,1657,0.159564259770261
seasonal_level,1658,-0.208521265737464
seasonal_level,1659,0.140533596330458
seasonal_level,1660,-0.371359966822501
seasonal_level,1661,0.316142461424423
seasonal_level,1662,-0.328104580384592
seasonal_level,1663,-0.107242647622109
seasonal_level,1664,-0.309914317261201
seasonal_level,1665,-0.245664994006355
seasonal_level,1666,0.206262696716617
seasonal_level,1667,-0.381069157385181
seasonal_level,1668,-0.300344067275177
seasonal_level,1669,-0.200929704368092
seasonal_level,1670,-0.186980926138047
seasonal_level,1671,0.387402788726459
seasonal_level,1672,0.0919812107886981
seasonal_level,1673,0.197555115704721
seasonal_level,1674,0.344841213305217
seasonal_level,1675,0.389439830248362
seasonal_level,1676,0.016242045091914
seasonal_level,1677,0.335840589313683
seasonal_level,1678,-0.34664268315207
seasonal_level,1679,-0.455623548062471
seasonal_level,1680,-0.0272984308796709
seasonal_level,1681,0.0261121438827709
seasonal_level,1682,-0.268772066808475
seasonal_level,1683,0.342462740635866
seasonal_level,1684,-0.242171072681301
seasonal_level,1685,0.253497152403337
seasonal_level,1686,-0.170491009139327
seasonal_level,1687,0.0536790647591466
seasonal_level,1688,0.0277868731502092
seasonal_level,1689,0.279845470920121
seasonal_level,1690,0.175031780088527
seasonal_level,1691,-0.360963611483599
seasonal_level,1692,-0.151057405854428
seasonal_level,1693,0.0159074385361121
seasonal_level,1694,-0.100378867977572
seasonal_level,1695,0.149525706377413
seasonal_level,1696,-0.377919594126849
seasonal_level,1697,0.267641275572593
seasonal_level,1698,0.350934567704269
seasonal_level,1699,0.0816491417776296
seasonal_level,1700,0.384063361661739
seasonal_level,1701,-0.16687816939107
seasonal_level,1702,0.227891654633119
seasonal_level,1703,-0.187573960157733
seasonal_level,1704,0.253499113579187
seasonal_level,1705,0.0655333501646694
seasonal_level,1706,-0.0719985013066857
seasonal_level,1707,-0.0207084618497646
seasonal_level,1708,0.215714941928059
seasonal_level,1709,0.153665665700242
seasonal_level,1710,-0.00692967895799335
seasonal_level,1711,0.277300918429478
seasonal_level,1712,-0.351905683669543
seasonal_level,1713,-0.178488222557659
seasonal_level,1714,0.245067274458109
seasonal_level,1715,-0.196926534741063
seasonal_level,1716,-0.035769836167634
seasonal_level,1717,0.28779319896203
seasonal_level,1718,0.00105854737443304
seasonal_level,1719,-0.095875539018549
seasonal_level,1720,0.0966630397203438
seasonal_level,1721,0.239659832370396
seasonal_level,1722,-0.363001366187162
seasonal_level,1723,-0.107104215214142
seasonal_level,1724,-0.17337447016524
seasonal_level,1725,0.133883120842269
seasonal_level,1726,0.114310760073174
seasonal_level,1727,-0.407538170881915
seasonal_level,1728,-0.391473886762859
seasonal_level,1729,0.276243775500071
seasonal_level,1730,-0.403752355137619
seasonal_level,1731,0.218919087137874
seasonal_level,1732,-0.170291578055759
seasonal_level,1733,0.0121869606193504
seasonal_level,1734,-0.328821256492351
seasonal_level,1735,-0.0590246495835771
seasonal_level,1736,0.0657732637134553
seasonal_level,1737,0.204755083079442
seasonal_level,1738,-0.410486925603285
seasonal_level,1739,-0.180453296734557
seasonal_level,1740,-0.254528000658715
seasonal_level,1741,-0.188913935732247
seasonal_level,1742,-0.0564645081110173
seasonal_level,1743,0.203190677333702
seasonal_level,1744,-0.00742582117114991
seasonal_level,1745,0.217000048237805
seasonal_level,1746,0.081553506096277
seasonal_level,1747,-0.32457181336694
seasonal_level,1748,0.297384089257602
seasonal_level,1749,-0.439386258009265
seasonal_level,1750,0.246872270114704
seasonal_level,1751,0.316728965164506
seasonal_level,1752,-0.0892310494881405
seasonal_level,1753,0.143190555975459
seasonal_level,1754,-0.30050915598342
seasonal_level,1755,-0.203210007838409
seasonal_level,1756,-0.268921065179188
seasonal_level,1757,-0.189562111698947
seasonal_level,1758,0.1820568294491
seasonal_level,1759,0.0591086284205857
seasonal_level,1760,0.127500374424977
seasonal_level,1761,-0.231595707020963
seasonal_level,1762,-0.0405729734191809
seasonal_level,1763,-0.173129753598788
seasonal_level,1764,0.2174389167499
seasonal_level,1765,0.276771953687684
seasonal_level,1766,0.29985612579801
seasonal_level,1767,-0.0362658309510901
seasonal_level,1768,-0.194671614289812
seasonal_level,1769,0.25228701014138
seasonal_level,1770,0.181888217989197
seasonal_level,1771,0.178644634758891
seasonal_level,1772,0.188608345643682
seasonal_level,1773,-0.36055438017216
seasonal_level,1774,0.36289036939324
seasonal_level,1775,0.16901602927348
seasonal_level,1776,-0.268872610769054
seasonal_level,1777,-0.121255183897678
seasonal_level,1778,0.0216399883126227
seasonal_level,1779,-0.0686616837336471
seasonal_level,1780,-0.347862333052059
seasonal_level,1781,-0.00450421868212766
seasonal_level,1782,0.228675727276854
seasonal_level,1783,0.115700864176413
seasonal_level,1784,-0.110716885604136
seasonal_level,1785,-0.229507048691764
seasonal_level,1786,0.341569816625162
seasonal_level,1787,0.341918386302625
seasonal_level,1788,-0.251180387561852
seasonal_level,1789,-0.250715992489951
seasonal_level,1790,0.406930508494727
seasonal_level,1791,-0.145056582069992
seasonal_level,1792,-0.0932431581110279
seasonal_level,1793,-0.261553357651386
seasonal_level,1794,0.139747181594435
seasonal_level,1795,-0.0220529894381262
seasonal_level,1796,0.246043873627722
seasonal_level,1797,-0.332512789499731
seasonal_level,1798,0.40581182483427
seasonal_level,1799,-0.286762840401449
seasonal_level,1800,0.176596349827487
seasonal_level,1801,-0.237114652027091
seasonal_level,1802,-0.176936757450302
seasonal_level,1803,-0.144437843969844
seasonal_level,1804,-0.308659190017687
seasonal_level,1805,0.189889381297877
seasonal_level,1806,-0.219052089087699
seasonal_level,1807,-0.247746420734011
seasonal_level,1808,0.0926431561275258
seasonal_level,1809,-0.138663894620259
seasonal_level,1810,-0.312575381759794
seasonal_level,1811,0.28635456357023
seasonal_level,1812,0.370210055150771
seasonal_level,1813,-0.225440710906148
seasonal_level,1814,-0.00362932548153723
seasonal_level,1815,-0.135599798041859
seasonal_level,1816,-0.316688219460796
seasonal_level,1817,0.175966870264809
seasonal_level,1818,-0.496066864956919
seasonal_level,1819,0.338721137822934
seasonal_level,1820,-0.182445037127615
seasonal_level,1821,-0.0272454540540371
seasonal_level,1822,0.148618627871318
seasonal_level,1823,0.183917727602674
seasonal_level,1824,0.0563392358334018
seasonal_level,1825,-0.0783875639211746
seasonal_level,1826,-0.344861584407306
seasonal_level,1827,0.143960173838604
seasonal_level,1828,-0.144678454957739
seasonal_level,1829,0.0729857519710704
seasonal_level,1830,0.345636388312856
seasonal_level,1831,-0.226192744694574
seasonal_level,1832,-0.377332311759778
seasonal_level,1833,0.270703563942293
seasonal_level,1834,0.382355523535159
seasonal_level,1835,0.307184184008213
seasonal_level,1836,0.101384355661438
seasonal_level,1837,-0.360247733441443
seasonal_level,1838,-0.404797555322205
seasonal_level,1839,0.00976497943860425
seasonal_level,1840,-0.14432557024928
seasonal_level,1841,0.319667652027225
seasonal_level,1842,0.378273982583509
seasonal_level,1843,0.172866260632123
seasonal_level,1844,0.113550964181104
seasonal_level,1845,-0.0105359959219724
seasonal_level,1846,0.0496667912179412
seasonal_level,1847,0.221521351274114
seasonal_level,1848,-0.184266853163451
seasonal_level,1849,0.264777205656676
seasonal_level,1850,0.287419493741506
seasonal_level,1851,-0.425494861694875
seasonal_level,1852,-0.257647256051067
seasonal_level,1853,-0.0348104980125757
seasonal_level,1854,0.0938905284795695
seasonal_level,1855,-0.236505350995307
seasonal_level,1856,0.167938437832029
seasonal_level,1857,-0.229036360945274
seasonal_level,1858,0.312277472897349
seasonal_level,1859,0.239253080958484
seasonal_level,1860,-0.24870793591673
seasonal_level,1861,-0.152550623252816
seasonal_level,1862,0.380785433136418
seasonal_level,1863,-0.243169084500721
seasonal_level,1864,-0.132014581246932
seasonal_level,1865,-0.277641766525287
seasonal_level,1866,0.108631336241016
seasonal_level,1867,0.0385027727462119
seasonal_level,1868,-0.0820696543821109
seasonal_level,1869,-0.0880304550456525
seasonal_level,1870,0.145708682117417
seasonal_level,1871,-0.363186567545816
seasonal_level,1872,-0.26551701738777
seasonal_level,1873,-0.443792182815649
seasonal_level,1874,-0.145662008615153
seasonal_level,1875,-0.404608459651672
seasonal_level,1876,0.19368236044828
seasonal_level,1877,-0.249114621338178
seasonal_level,1878,-0.196227692644597
seasonal_level,1879,-0.245474573230571
seasonal_level,1880,-0.0557891956319404
seasonal_level,1881,0.272064803192121
seasonal_level,1882,0.0833924549969582
seasonal_level,1883,-0.100190934916231
seasonal_level,1884,0.12267448437474
seasonal_level,1885,0.0896804199685315
seasonal_level,1886,0.323942630998004
seasonal_level,1887,0.110287859983597
seasonal_level,1888,-0.0775322435834684
seasonal_level,1889,0.191264466755069
seasonal_level,1890,-0.421847623812643
seasonal_level,1891,-0.429659585032447
seasonal_level,1892,0.0884061203420383
seasonal_level,1893,-0.198501614078327
seasonal_level,1894,0.181527858221705
seasonal_level,1895,-0.298816984646121
seasonal_level,1896,0.177014157319202
seasonal_level,1897,0.13137305729839
seasonal_level,1898,0.114909692392503
seasonal_level,1899,0.0979131907558649
seasonal_level,1900,0.17928311953658
seasonal_level,1901,-0.0864359120152004
seasonal_level,1902,-0.214032176928594
seasonal_level,1903,-0.272436564909165
seasonal_level,1904,0.218110307938836
seasonal_level,1905,-0.321961921950366
seasonal_level,1906,-0.0972156455614185
seasonal_level,1907,-0.319791438131076
seasonal_level,1908,0.19250889127831
seasonal_level,1909,-0.20297004354799
seasonal_level,1910,-0.0865061762739148
seasonal_level,1911,-0.331803448523588
seasonal_level,1912,-0.149642691851418
seasonal_level,1913,0.279078013635624
seasonal_level,1914,-0.256258652419878
seasonal_level,1915,0.27222614087106
seasonal_level,1916,0.201551603244992
seasonal_level,1917,0.341181127357716
seasonal_level,1918,-0.0970768256768508
seasonal_level,1919,-0.274824329964508
seasonal_level,1920,-0.363899293509583
seasonal_level,1921,0.0152737130591252
seasonal_level,1922,-0.112289526343089
seasonal_level,1923,0.373364498686445
seasonal_level,1924,-0.292555092723262
seasonal_level,1925,0.303913860829064
seasonal_level,1926,0.330335524137174
seasonal_level,1927,0.17188942714515
seasonal_level,1928,-0.274278141556093
seasonal_level,1929,-0.0203146245017081
seasonal_level,1930,-0.0900378298368588
seasonal_level,1931,0.0520736447339682
seasonal_level,1932,0.242008995133894
seasonal_level,1933,-0.329048152790818
seasonal_level,1934,0.0214163784735391
seasonal_level,1935,0.131002997568965
seasonal_level,1936,-0.219850968400639
seasonal_level,1937,-0.368502363817252
seasonal_level,1938,0.0979857187466671
seasonal_level,1939,-0.0562906797282518
seasonal_level,1940,0.179980456594978
seasonal_level,1941,0.0684252634545413
seasonal_level,1942,-0.0144657474173284
seasonal_level,1943,-0.425738218994451
seasonal_level,1944,0.168987555080645
seasonal_level,1945,0.10387690257923
seasonal_level,1946,0.206960825029921
seasonal_level,1947,-0.0779188595261996
seasonal_level,1948,-0.0393473625941786
seasonal_level,1949,0.343499805259038
seasonal_level,1950,0.166211496296539
seasonal_level,1951,0.117609631981059
seasonal_level,1952,0.22452611889935
seasonal_level,1953,0.115731711242366
seasonal_level,1954,0.28221936378881
seasonal_level,1955,-0.384077027268624
seasonal_level,1956,0.16014588663196
seasonal_level,1957,-0.132603053006191
seasonal_level,1958,0.117686485422075
seasonal_level,1959,0.0184853208156384
seasonal_level,1960,-0.422892751244533
seasonal_level,1961,-0.108267170184011
seasonal_level,1962,0.336744593305253
seasonal_level,1963,0.131956430705231
seasonal_level,1964,0.00451162169184046
seasonal_level,1965,-0.155816738327609
seasonal_level,1966,0.273035150553875
seasonal_level,1967,-0.272450219409704
seasonal_level,1968,-0.227922765744057
seasonal_level,1969,0.348368542715134
seasonal_level,1970,-0.116205405586901
seasonal_level,1971,0.185849288311049
seasonal_level,1972,-0.255605238009611
seasonal_level,1973,0.0441088894271428
seasonal_level,1974,-0.281814960293724
seasonal_level,1975,-0.296455549653455
seasonal_level,1976,0.0630464095794053
seasonal_level,1977,0.307732020904002
seasonal_level,1978,-0.496042646308202
seasonal_level,1979,0.255996454339367
seasonal_level,1980,-0.0842171968566496
seasonal_level,1981,0.106646805927256
seasonal_level,1982,-0.352674039548641
seasonal_level,1983,-0.0235353026950177
seasonal_level,1984,-0.0147563711712661
seasonal_level,1985,-0.220376471177658
seasonal_level,1986,-0.142655171387561
seasonal_level,1987,-0.464778163525289
seasonal_level,1988,-0.125329928994201
seasonal_level,1989,-0.132168662213768
seasonal_level,1990,-0.0394573874789922
seasonal_level,1991,-0.15999475883056
seasonal_level,1992,-0.303740624415557
seasonal_level,1993,0.153330997528294
seasonal_level,1994,-0.236491382170447
seasonal_level,1995,-0.214136544100138
seasonal_level,1996,0.268581902373511
seasonal_level,1997,-0.0912969066153654
seasonal_level,1998,-0.0321863543010889
seasonal_level,1999,-0.108755494698335
global_linear,1,0.0146145718643306
global_linear,2,-0.181960702172321
global_linear,3,-0.00681073809019406
global_linear,4,0.148057134499472
global_linear,5,-0.121576572909386
global_linear,6,0.09014407712797
global_linear,7,0.077852409920288
global_linear,8,0.166277084168475
global_linear,9,-0.144252643724704
global_linear,10,-0.0190443452434863
global_linear,11,-0.127151562450448
global_linear,12,0.0324160270733529
global_linear,13,-0.110749313568117
global_linear,14,0.0196035916387321
global_linear,15,-0.0497760187790108
global_linear,16,0.0576989977787112
global_linear,17,0.261811964852816
global_linear,18,-0.0697029066153198
global_linear,19,-0.00418782621898384
global_linear,20,-0.0522157999598922
global_linear,21,-0.164892321217542
global_linear,22,0.0699510417526626
global_linear,23,0.0871133112401319
global_linear,24,-0.0306509580408478
global_linear,25,-0.110237457925453
global_linear,26,-0.199427180527669
global_linear,27,-0.10828958944863
global_linear,28,-0.00918762019743487
global_linear,29,-0.160581177889518
global_linear,30,0.0211796687695885
global_linear,31,-0.0642457798242552
global_linear,32,0.043996612422732
global_linear,33,-0.0720518532941957
global_linear,34,-0.0436117548790052
global_linear,35,0.015771898677853
global_linear,36,0.12569298685009
global_linear,37,-0.046152805485991
global_linear,38,0.114108463946503
global_linear,39,0.0697666924507481
global_linear,40,-0.0840313461117237
global_linear,41,-0.0503466147255655
global_linear,42,0.00581049074239193
global_linear,43,0.00907295288222206
global_linear,44,-0.0283109887875082
global_linear,45,0.0646236776360869
global_linear,46,0.0446708911067188
global_linear,47,0.00314801050510916
global_linear,48,-0.0561027768502841
global_linear,49,-0.0756268456760306
global_linear,50,0.149516344333243
global_linear,51,-0.0652185271214272
global_linear,52,-0.0823712310237218
global_linear,53,0.00943299794982148
global_linear,54,-0.100108990360707
global_linear,55,0.000787496293339333
global_linear,56,-0.0676966146871732
global_linear,57,-0.0206400802872337
global_linear,58,-0.103023266065387
global_linear,59,-0.0381581344333111
global_linear,60,-0.0627944649723515
global_linear,61,0.120861583226011
global_linear,62,0.084101092479757
global_linear,63,0.257409519177887
global_linear,64,-0.156320972303861
global_linear,65,0.0415872452480883
global_linear,66,-0.0301686198030332
global_linear,67,0.0197030847134547
global_linear,68,-0.12730627838611
global_linear,69,-0.0449304661304195
global_linear,70,0.00839637768213386
global_linear,71,-0.0291268548186627
global_linear,72,-0.0707062808267557
global_linear,73,-0.0634090211592128
global_linear,74,-0.114775842742775
global_linear,75,0.202131895709499
global_linear,76,0.150455402707699
global_linear,77,-0.046397928495978
global_linear,78,-0.011574975133127
global_linear,79,0.116032198818446
global_linear,80,0.0154013745231631
global_linear,81,-0.0603573628880341
global_linear,82,0.141786479085377
global_linear,83,-0.280182122632058
global_linear,84,0.0305836544164408
global_linear,85,-0.0543303893209961
global_linear,86,0.0683321134853934
global_linear,87,-0.116859745586407
global_linear,88,-0.0789456255083048
global_linear,89,-0.175622761724698
global_linear,90,0.098792884325803
global_linear,91,-0.0704692102687972
global_linear,92,-0.0467598934297072
global_linear,93,-0.11509081484635
global_linear,94,-0.147294671041634
global_linear,95,-0.0523526251525276
global_linear,96,-0.10010780484727
global_linear,97,0.0679911879768704
global_linear,98,-0.0618271926873536
global_linear,99,-0.0718171589070108
global_linear,100,-0.00835286337346641
global_linear,101,-0.174792652794933
global_linear,102,-0.0703998043106218
global_linear,103,0.156370251106234
global_linear,104,-0.0536509041398109
global_linear,105,-0.121623316571595
global_linear,106,0.051257527061086
global_linear,107,-0.0445698269462091
global_linear,108,-0.0970713737883549
global_linear,109,0.0573353303494505
global_linear,110,-0.0247966880073787
global_linear,111,-0.0926775944316187
global_linear,112,-0.0332684454826776
global_linear,113,-0.0492526461624605
global_linear,114,0.163362598882616
global_linear,115,-0.145174364540697
global_linear,116,0.0841187032323344
global_linear,117,-0.0379375210745021
global_linear,118,-0.188043062058092
global_linear,119,-0.14965844953668
global_linear,120,0.0723827685647516
global_linear,121,-0.159989104783928
global_linear,122,-0.142740469481942
global_linear,123,0.00150287585038722
global_linear,124,0.0899722886070764
global_linear,125,0.0378460403926854
global_linear,126,-0.143499332646578
global_linear,127,0.205804081549288
global_linear,128,-0.144665398411742
global_linear,129,-0.0873058102912425
global_linear,130,0.00405090226777727
global_linear,131,-0.0194090731625346
global_linear,132,-0.0770109873575944
global_linear,133,0.213870601175338
global_linear,134,-0.18242115760415
global_linear,135,-0.0963261266688772
global_linear,136,-0.135723923097158
global_linear,137,0.0443369037449646
global_linear,138,-0.000270216279483648
global_linear,139,-0.130772148597215
global_linear,140,-0.216398485985087
global_linear,141,0.0269219341991741
global_linear,142,-0.039160124927571
global_linear,143,0.0232926812808847
global_linear,144,0.102152278170361
global_linear,145,0.0378691510701798
global_linear,146,0.152554108727346
global_linear,147,0.092708952574287
global_linear,148,0.108015892879702
global_linear,149,0.0678160221423632
global_linear,150,-0.0741432026688157
global_linear,151,-0.0503850231972042
global_linear,152,0.00523481865711014
global_linear,153,0.135346693616505
global_linear,154,0.0106381737741993
global_linear,155,-0.272229826972689
global_linear,156,0.00344779844517292
global_linear,157,0.192259078965239
global_linear,158,0.0385044105368797
global_linear,159,-0.0516405165237289
global_linear,160,0.111290077530741
global_linear,161,-0.16529601617126
global_linear,162,-0.0913967572472766
global_linear,163,-0.0694526830115644
global_linear,164,-0.148338304742484
global_linear,165,-0.102893723260556
global_linear,166,0.217978877092143
global_linear,167,-0.135144645777868
global_linear,168,-0.0259167182278232
global_linear,169,0.00578783622151491
global_linear,170,-0.00160077999122551
global_linear,171,-0.171071908519129
global_linear,172,-0.0136635651309307
global_linear,173,0.125442326136155
global_linear,174,0.000998942069065182
global_linear,175,-0.0496645087693803
global_linear,176,-0.15776028506846
global_linear,177,0.0787923387500585
global_linear,178,-0.15066532526374
global_linear,179,-0.115776502683068
global_linear,180,-0.0636172612365866
global_linear,181,0.139100254922813
global_linear,182,-0.0419892838307276
global_linear,183,0.0875936252038606
global_linear,184,-0.0517203035089041
global_linear,185,0.137033636067931
global_linear,186,-0.0748840194135688
global_linear,187,-0.019944870319029
global_linear,188,-0.0100827037839567
global_linear,189,-0.0584038137169432
global_linear,190,0.0911458730224813
global_linear,191,-0.0390124492774466
global_linear,192,-0.0520701584250777
global_linear,193,0.0287765446743054
global_linear,194,-0.0447893093630448
global_linear,195,-0.111173742947411
global_linear,196,0.0677320865210603
global_linear,197,-0.0569471156267876
global_linear,198,0.147753753788666
global_linear,199,-0.174277562312805
global_linear,200,0.0285182148258825
global_linear,201,0.0944133934546247
global_linear,202,-0.0527198745908265
global_linear,203,0.0561226697528679
global_linear,204,0.0215239401072006
global_linear,205,-0.113306916400026
global_linear,206,-0.0340211718968317
global_linear,207,0.0841294976458669
global_linear,208,0.196738018356389
global_linear,209,0.0174257977159114
global_linear,210,0.161503067245966
global_linear,211,0.136276162065191
global_linear,212,-0.0202387279451794
global_linear,213,0.0734483600225723
global_linear,214,0.108664706820976
global_linear,215,-0.088800913525539
global_linear,216,0.0326761642732079
global_linear,217,0.0716955518999335
global_linear,218,-0.0153762314631729
global_linear,219,0.00503547271281383
global_linear,220,0.0529011733278969
global_linear,221,-0.0706315373308396
global_linear,222,-0.103727699926281
global_linear,223,-0.114370430717541
global_linear,224,0.117449779447822
global_linear,225,-0.0183040891164916
global_linear,226,0.091604750219067
global_linear,227,0.126031739273661
global_linear,228,0.0237080499925263
global_linear,229,0.0436862467176399
global_linear,230,-0.0464675472106763
global_linear,231,-0.000709324088936351
global_linear,232,-0.17736782025237
global_linear,233,-0.0513024060051016
global_linear,234,-0.0729690743415047
global_linear,235,0.0461739613054917
global_linear,236,-0.0543215873291049
global_linear,237,0.0315304348574153
global_linear,238,-0.140123048738797
global_linear,239,0.0398124525815072
global_linear,240,-0.07252985004952
global_linear,241,0.115284285706575
global_linear,242,-0.192792310659584
global_linear,243,0.0776428415680564
global_linear,244,-0.00116226955689343
global_linear,245,0.0288156872345047
global_linear,246,-0.0927511290235398
global_linear,247,-0.0392804068883406
global_linear,248,0.220510905507535
global_linear,249,-0.0160835353966071
global_linear,250,0.0722165885492974
global_linear,251,-0.183534897858701
global_linear,252,-0.0110129771003968
global_linear,253,0.0454467040705578
global_linear,254,-0.0446660197093879
global_linear,255,0.0655632976256643
global_linear,256,-0.0146931624305517
global_linear,257,-0.107450302244996
global_linear,258,0.176296376869435
global_linear,259,0.0654209270642128
global_linear,260,-0.0456236821396328
global_linear,261,0.0529320255623394
global_linear,262,-0.0864716290700678
global_linear,263,0.0175569724112844
global_linear,264,-0.059331697906571
global_linear,265,-0.0345116906924744
global_linear,266,-0.0610043260123806
global_linear,267,0.0979599355608866
global_linear,268,0.100525814684861
global_linear,269,0.0278440777149852
global_linear,270,0.00654362280815827
global_linear,271,-0.199931132717809
global_linear,272,0.0630671610564087
global_linear,273,0.018985233847526
global_linear,274,-0.0871826431882683
global_linear,275,0.0950528793560697
global_linear,276,0.122120786022376
global_linear,277,0.037903839719973
global_linear,278,-0.0512880730732661
global_linear,279,-0.137685006146212
global_linear,280,0.0561634404026599
global_linear,281,-0.105744058084881
global_linear,282,0.0378153537255758
global_linear,283,0.0597061767999376
global_linear,284,-0.00356476523346849
global_linear,285,0.0149602366729485
global_linear,286,0.082656925299073
global_linear,287,0.100150851338134
global_linear,288,-0.0276021350797805
global_linear,289,0.0976521590749092
global_linear,290,-0.00630173868279312
global_linear,291,0.193126693601011
global_linear,292,0.138066528404743
global_linear,293,0.0250730081259668
global_linear,294,0.234049346620068
global_linear,295,0.0453434174809818
global_linear,296,0.155306221919444
global_linear,297,-0.157727095140732
global_linear,298,0.0043944559236424
global_linear,299,-0.0931752804959768
global_linear,300,-0.0212161617284756
global_linear,301,0.142540977068983
global_linear,302,-0.080058407326612
global_linear,303,-0.0873514802918922
global_linear,304,-0.13646031585615
global_linear,305,0.237866569598693
global_linear,306,-0.124956187029835
global_linear,307,0.0147335367125822
global_linear,308,-0.0400447029775473
global_linear,309,-0.109888434259569
global_linear,310,-0.0130519140326051
global_linear,311,-0.0432560023071185
global_linear,312,-0.023711344754207
global_linear,313,0.192401760691952
global_linear,314,-0.0372152869190089
global_linear,315,0.0681523910065603
global_linear,316,-0.0224609143359844
global_linear,317,0.0130184108620011
global_linear,318,-0.0115161191649437
global_linear,319,-0.00251542680313488
global_linear,320,-0.133331218237646
global_linear,321,0.0188822027497428
global_linear,322,0.0557139067596829
global_linear,323,-0.0143069174378775
global_linear,324,-0.10887840360706
global_linear,325,-0.0963953328604106
global_linear,326,0.049178183805114
global_linear,327,-0.0581125997766415
global_linear,328,-0.021532075275001
global_linear,329,-0.00342757065145409
global_linear,330,-0.0614736735188692
global_linear,331,-0.0207559626597845
global_linear,332,-0.0723243970939747
global_linear,333,-0.0269866892890086
global_linear,334,-0.020573221683185
global_linear,335,0.17179073082112
global_linear,336,0.0663550585665688
global_linear,337,-0.126578829719215
global_linear,338,-0.16422352952794
global_linear,339,-0.0205614490177434
global_linear,340,-0.0381677622628625
global_linear,341,0.0741328141032467
global_linear,342,-0.139147419266975
global_linear,343,-0.0680227990498018
global_linear,344,-0.0412613541268957
global_linear,345,-0.0618096060396839
global_linear,346,-0.0913212634990401
global_linear,347,-0.0872390405056776
global_linear,348,0.117237454036965
global_linear,349,-0.109712059938668
global_linear,350,0.0111010375279186
global_linear,351,0.04904403203125
global_linear,352,0.105218735269579
global_linear,353,-0.00837074061321926
global_linear,354,0.0153605156230343
global_linear,355,0.172794815651997
global_linear,356,0.162484187614398
global_linear,357,-0.149205376120679
global_linear,358,0.177385359495168
global_linear,359,-0.0706929947352502
global_linear,360,0.228186488377285
global_linear,361,-0.0367923414583133
global_linear,362,-0.0893271849086374
global_linear,363,0.144000300142317
global_linear,364,-0.0127921576445541
global_linear,365,-0.0669011222959422
global_linear,366,0.0135424042287798
global_linear,367,0.00560241411207111
global_linear,368,-0.210761254492298
global_linear,369,-0.0215601255469974
global_linear,370,0.212811785394116
global_linear,371,-0.169577011643404
global_linear,372,-0.0756506839258186
global_linear,373,-0.123315040958948
global_linear,374,0.112802382506208
global_linear,375,-0.183501832504633
global_linear,376,-0.00408267202841343
global_linear,377,-0.0334908735394398
global_linear,378,-0.0362103428491274
global_linear,379,0.062760893648503
global_linear,380,-0.0210075084708648
global_linear,381,0.0685479665597679
global_linear,382,-0.00119076501466312
global_linear,383,0.00735803559206616
global_linear,384,-0.114914744872531
global_linear,385,-0.0656307480922781
global_linear,386,-0.0259817816805787
global_linear,387,0.0832141172903667
global_linear,388,0.0696601817660631
global_linear,389,-0.158633220977197
global_linear,390,0.110561656567041
global_linear,391,0.0432307867657009
global_linear,392,-0.0321879766334767
global_linear,393,-0.0793727577629696
global_linear,394,-0.10191547563211
global_linear,395,-0.0375500469146515
global_linear,396,-0.143572477534603
global_linear,397,0.0541834665561612
global_linear,398,0.142255315942986
global_linear,399,0.130039753156308
global_linear,400,0.0270873592389777
global_linear,401,-0.069771584778333
global_linear,402,0.097702328347383
global_linear,403,-0.0449060900580891
global_linear,404,-0.112173322276219
global_linear,405,0.0649152248248737
global_linear,406,0.0780839315570179
global_linear,407,-0.129812713391576
global_linear,408,0.0834575591636704
global_linear,409,0.0607300064966155
global_linear,410,-0.126116846768332
global_linear,411,0.100436268344125
global_linear,412,0.0499798979522229
global_linear,413,-0.135348006550584
global_linear,414,0.0622534565334207
global_linear,415,-0.123928981141452
global_linear,416,-0.0941664924074187
global_linear,417,0.0601666621345152
global_linear,418,-0.136655755883012
global_linear,419,0.0389250246222946
global_linear,420,-0.179238493667129
global_linear,421,-0.0417973598886823
global_linear,422,0.131242957581092
global_linear,423,-0.0290297920382635
global_linear,424,-0.13818078294771
global_linear,425,0.107892614960883
global_linear,426,0.128429232347201
global_linear,427,0.0157748374692461
global_linear,428,-0.0186922148082947
global_linear,429,-0.0110123962804106
global_linear,430,-0.0797497604193721
global_linear,431,0.168688440988649
global_linear,432,-0.0518106006857
global_linear,433,0.0341025513257446
global_linear,434,0.149731090680847
global_linear,435,0.00667103454186672
global_linear,436,-0.022146228423907
global_linear,437,0.00647385075058615
global_linear,438,-0.0526502641687324
global_linear,439,0.0450425869836625
global_linear,440,0.166709431431492
global_linear,441,0.0181641109183002
global_linear,442,0.0842548030822498
global_linear,443,0.0446477749529309
global_linear,444,0.0845746636753777
global_linear,445,0.206627012813174
global_linear,446,0.0256438841058152
global_linear,447,0.00558668099440081
global_linear,448,0.157070440761403
global_linear,449,0.15037392976149
global_linear,450,-0.172538314268019
global_linear,451,-0.253825187803248
global_linear,452,0.187865100258997
global_linear,453,0.0925554367792462
global_linear,454,-0.0940948765293449
global_linear,455,-0.0851928960061299
global_linear,456,-0.0169040006900489
global_linear,457,-0.139782092632828
global_linear,458,0.0242458591937949
global_linear,459,-0.0752022029404878
global_linear,460,0.142686700470661
global_linear,461,-0.0771600205005184
global_linear,462,0.0974085683813225
global_linear,463,-0.0989191747465735
global_linear,464,-0.0220204942678937
global_linear,465,0.0850060852420545
global_linear,466,-0.0130297199889056
global_linear,467,0.144445898060218
global_linear,468,-0.117033362358954
global_linear,469,0.0441175460668267
global_linear,470,0.0657901609403115
global_linear,471,-0.0297903258675714
global_linear,472,0.286651806489343
global_linear,473,0.0271462215911823
global_linear,474,0.0259481379148578
global_linear,475,-0.124956091178459
global_linear,476,0.188058341249717
global_linear,477,-0.127484146534115
global_linear,478,0.0278287678907777
global_linear,479,-0.0912231652713424
global_linear,480,-0.0725790291137543
global_linear,481,0.131517743629361
global_linear,482,-0.142303911656149
global_linear,483,-0.0699491888811957
global_linear,484,-0.0879165478602604
global_linear,485,0.0562510072536112
global_linear,486,0.0738289189306061
global_linear,487,-0.0459245356727204
global_linear,488,-0.171896410855555
global_linear,489,-0.104875243252438
global_linear,490,-0.191324873637458
global_linear,491,-0.0976948588183267
global_linear,492,-0.0991291774759079
global_linear,493,-0.0614786293254067
global_linear,494,-0.0856457646577734
global_linear,495,0.0845732610455627
global_linear,496,-0.158420029504555
global_linear,497,0.0983405150582367
global_linear,498,0.221913991914499
global_linear,499,-0.0387157168797915
global_linear,500,0.0506775032673804
global_linear,501,0.0788492423443774
global_linear,502,-0.0285616590784157
global_linear,503,0.0457499481616681
global_linear,504,-0.0710401312369493
global_linear,505,0.112682196865523
global_linear,506,-0.0432853518797073
global_linear,507,-0.0562855749177992
global_linear,508,-0.000126026721918748
global_linear,509,-0.0556185861192568
global_linear,510,-0.0014396672117325
global_linear,511,0.176969792506699
global_linear,512,0.0228539908685788
global_linear,513,-0.0397417527696676
global_linear,514,-0.200889429016366
global_linear,515,-0.0831403620195689
global_linear,516,-0.0534709373921786
global_linear,517,0.0142963699513219
global_linear,518,0.0262201084050867
global_linear,519,-0.0494080033001169
global_linear,520,0.0433504795089717
global_linear,521,0.0112701339285553
global_linear,522,0.00134442666727767
global_linear,523,-0.10267990538018
global_linear,524,0.0496898348589504
global_linear,525,0.0391719140823789
global_linear,526,0.0316769603760892
global_linear,527,0.0952809436103446
global_linear,528,-0.00125335518836126
global_linear,529,0.00380531225382115
global_linear,530,0.0277659057290037
global_linear,531,0.061327619840006
global_linear,532,-0.13742833611413
global_linear,533,0.0167807638862317
global_linear,534,0.0425659549553377
global_linear,535,-0.0170968082031416
global_linear,536,0.0970421398862067
global_linear,537,0.0718174543029967
global_linear,538,0.0572500800993128
global_linear,539,-0.135702415706131
global_linear,540,0.0113046362741844
global_linear,541,0.0225605729376988
global_linear,542,-0.00866744060822603
global_linear,543,0.184682745170643
global_linear,544,-0.0301861741434933
global_linear,545,-0.0504610212023664
global_linear,546,-0.0886762632536276
global_linear,547,-0.114902907441767
global_linear,548,-0.0107907504064514
global_linear,549,0.133873889772586
global_linear,550,0.0770760538445749
global_linear,551,0.0642998531382262
global_linear,552,0.0146487521411072
global_linear,553,-0.128203800895364
global_linear,554,-0.11340711761323
global_linear,555,-0.0328040234649946
global_linear,556,-0.0719393376019809
global_linear,557,0.194422029530439
global_linear,558,-0.0854938816298517
global_linear,559,-0.104387253800037
global_linear,560,-0.142752438293171
global_linear,561,-0.174169242823151
global_linear,562,-0.150232435415249
global_linear,563,-0.00567206847961899
global_linear,564,-0.117944069687313
global_linear,565,0.0248483485540092
global_linear,566,-0.00213480795202396
global_linear,567,0.0927617228681727
global_linear,568,-0.0371422650823871
global_linear,569,0.0560440568995106
global_linear,570,-0.122602745108286
global_linear,571,-0.0284603939218483
global_linear,572,0.119843082596208
global_linear,573,-0.0354665462562134
global_linear,574,-0.127168909066127
global_linear,575,0.00657555149403747
global_linear,576,-0.207014328185256
global_linear,577,-0.00640662402898062
global_linear,578,0.0909265545467717
global_linear,579,-0.0458100314248009
global_linear,580,0.0507263225518623
global_linear,581,0.0942655948384425
global_linear,582,-0.0237877511797781
global_linear,583,0.113058351952413
global_linear,584,-0.100241889114669
global_linear,585,-0.084750243980625
global_linear,586,0.0877612677333852
global_linear,587,0.0742835267634954
global_linear,588,0.0903913671819003
global_linear,589,-0.0378096743304468
global_linear,590,0.0368371863818888
global_linear,591,0.00324663394234441
global_linear,592,0.147355813035188
global_linear,593,0.00823258557213968
global_linear,594,0.224421746007295
global_linear,595,0.0604061344067019
global_linear,596,-0.0399709486224857
global_linear,597,-0.0320795319987361
global_linear,598,0.00168103074607521
global_linear,599,-0.0206390333269878
global_linear,600,-0.139659922928845
global_linear,601,0.0209658107819604
global_linear,602,-0.0440945419936562
global_linear,603,-0.0859891928241972
global_linear,604,0.0364033200386018
global_linear,605,-0.0269555242697376
global_linear,606,0.0815378699831063
global_linear,607,-0.0504529186511586
global_linear,608,-0.117868142593915
global_linear,609,-0.0895833011358516
global_linear,610,-0.0185531135488694
global_linear,611,-0.0374151541444263
global_linear,612,-0.131543979453014
global_linear,613,0.0748010252644156
global_linear,614,0.191865849820112
global_linear,615,0.0442190160107501
global_linear,616,-0.0495412663092338
global_linear,617,0.0247631657949379
global_linear,618,0.21066157248606
global_linear,619,0.24287112517301
global_linear,620,-0.000968358641564156
global_linear,621,0.0456676718394219
global_linear,622,0.00943904213251567
global_linear,623,-0.0238842733305778
global_linear,624,-0.110837425327647
global_linear,625,-0.0911624236440423
global_linear,626,-0.0880430751575056
global_linear,627,0.0853781958047361
global_linear,628,-0.0769686700012813
global_linear,629,-0.00825421676344333
global_linear,630,0.0219241099476566
global_linear,631,-0.0756249328888779
global_linear,632,0.0101492694700728
global_linear,633,-0.0575423500894467
global_linear,634,0.00714908769233613
global_linear,635,0.0638077377476882
global_linear,636,0.0354258839471229
global_linear,637,-0.0554581595716167
global_linear,638,-0.171003148034428
global_linear,639,-0.131876275558057
global_linear,640,0.00540504010798977
global_linear,641,-0.0665381795317096
global_linear,642,0.0705496478516574
global_linear,643,-0.104867214845408
global_linear,644,-0.10485881017739
global_linear,645,0.113250383856468
global_linear,646,0.176059024402202
global_linear,647,-0.134191319820113
global_linear,648,-0.188134523733789
global_linear,649,-0.108567984210479
global_linear,650,-0.0935196203394456
global_linear,651,-0.0396556474985363
global_linear,652,-0.118209074478833
global_linear,653,-0.0110017583570793
global_linear,654,0.0736286727726562
global_linear,655,-0.0685178369620223
global_linear,656,-0.0174278973706681
global_linear,657,-0.12573265260159
global_linear,658,0.0279523589624429
global_linear,659,-0.0521375219160423
global_linear,660,0.0426790481818502
global_linear,661,0.0460645624646663
global_linear,662,-0.105557764399172
global_linear,663,-0.000231769515261604
global_linear,664,-0.0127936548834316
global_linear,665,-0.056820882114069
global_linear,666,-0.190530096698289
global_linear,667,0.00182629437224158
global_linear,668,0.0612896449580675
global_linear,669,-0.159447799167314
global_linear,670,0.105677937005966
global_linear,671,0.0793903966663816
global_linear,672,0.11936457539528
global_linear,673,0.0745661748308712
global_linear,674,-0.0257572637094918
global_linear,675,-0.0348414294382566
global_linear,676,-0.0631028833912574
global_linear,677,-0.0318741216239017
global_linear,678,0.133397150686982
global_linear,679,-0.0179810188012626
global_linear,680,0.041204999175446
global_linear,681,-0.0734603180040789
global_linear,682,0.0535869794968574
global_linear,683,-0.0668605811517571
global_linear,684,-0.105050756701992
global_linear,685,-0.0461295566386086
global_linear,686,0.00419350705464024
global_linear,687,-0.0686403645900269
global_linear,688,-0.0500888283959805
global_linear,689,-0.0247023918589946
global_linear,690,0.0282519920584058
global_linear,691,0.00509705593296831
global_linear,692,-0.0399100717311229
global_linear,693,0.0323383843968603
global_linear,694,-0.0953464110411873
global_linear,695,0.0484142975310054
global_linear,696,0.10028285459245
global_linear,697,0.0373274704115275
global_linear,698,0.0844606437960526
global_linear,699,-0.139555683523078
global_linear,700,0.0292518584860761
global_linear,701,-0.0227188438336604
global_linear,702,-0.103701435375512
global_linear,703,0.152104889491779
global_linear,704,0.0469210877281115
global_linear,705,0.0319152266938906
global_linear,706,-0.104445308584226
global_linear,707,-0.0702491339131871
global_linear,708,-0.0161538325006495
global_linear,709,0.066789287572016
global_linear,710,0.0585528899580714
global_linear,711,-3.66158801261562e-05
global_linear,712,0.0807762061671869
global_linear,713,0.101083959615742
global_linear,714,-0.23971420561274
global_linear,715,-0.131816133748913
global_linear,716,-0.0848935671689093
global_linear,717,-0.135335080002567
global_linear,718,0.0387362284706085
global_linear,719,-0.074996396139903
global_linear,720,0.00638473624039815
global_linear,721,-0.0246057278632567
global_linear,722,-0.00479130033866119
global_linear,723,-0.00899205735927389
global_linear,724,0.123187294753898
global_linear,725,-0.141362754841201
global_linear,726,-0.123573969342424
global_linear,727,-0.149644072882494
global_linear,728,-0.0246558877977729
global_linear,729,0.102610490163364
global_linear,730,0.149345207731577
global_linear,731,0.11160501713531
global_linear,732,-0.106127669233142
global_linear,733,0.102701544760172
global_linear,734,-0.0522312476305894
global_linear,735,-0.0191151199707461
global_linear,736,0.0730760053748497
global_linear,737,0.0535650637429681
global_linear,738,0.258171165395164
global_linear,739,-0.023509176466838
global_linear,740,-0.0545014386970196
global_linear,741,-0.0464553102818934
global_linear,742,0.0369429702507368
global_linear,743,-0.0734495893299968
global_linear,744,0.0734826211952425
global_linear,745,0.142563100841198
global_linear,746,-0.0704394131233285
global_linear,747,0.060328059211634
global_linear,748,0.0207488884260414
global_linear,749,-0.00290916096898819
global_linear,750,0.132126990528863
global_linear,751,-0.075150688810233
global_linear,752,-0.131010573633316
global_linear,753,-0.0193861757991073
global_linear,754,-0.0708640680423874
global_linear,755,0.290669908265683
global_linear,756,0.0273331690727735
global_linear,757,0.0500294857708017
global_linear,758,-0.102761189041918
global_linear,759,0.117031220365599
global_linear,760,0.243222978819545
global_linear,761,-0.134774216985843
global_linear,762,-0.0514578586410242
global_linear,763,0.049189991324839
global_linear,764,0.0692066585395118
global_linear,765,-0.0618894023674793
global_linear,766,-0.114463234012023
global_linear,767,0.0318633185771014
global_linear,768,0.0521457852761191
global_linear,769,-0.0559474608084045
global_linear,770,-0.159493063622703
global_linear,771,0.168979350703575
global_linear,772,0.195555199303509
global_linear,773,0.0943331631878325
global_linear,774,0.0197671316801656
global_linear,775,0.0386948406498187
global_linear,776,-0.0460345244269232
global_linear,777,-0.0105587731539991
global_linear,778,-0.00650104965076981
global_linear,779,-0.0396523425024554
global_linear,780,0.192521292297706
global_linear,781,0.0700987824074636
global_linear,782,-0.126265683424939
global_linear,783,0.0701515416297891
global_linear,784,-0.0346110365911221
global_linear,785,-0.11057168786313
global_linear,786,-0.093058455909946
global_linear,787,-0.143596421632581
global_linear,788,0.0286813591369211
global_linear,789,0.00271831615171111
global_linear,790,0.0246572881325238
global_linear,791,-0.0117559236516499
global_linear,792,0.00352840118133665
global_linear,793,0.0282080513293185
global_linear,794,0.0431183554574088
global_linear,795,-0.0131414806932823
global_linear,796,0.255234173932226
global_linear,797,0.0642092573158276
global_linear,798,-0.106000107671879
global_linear,799,-0.14631186319588
global_linear,800,-0.0305540361762603
global_linear,801,0.254868414103493
global_linear,802,0.142684783849469
global_linear,803,-0.0680038842291054
global_linear,804,0.0444150168866623
global_linear,805,0.00070511025637258
global_linear,806,0.182718546190856
global_linear,807,-0.119547740805522
global_linear,808,0.0933985327344683
global_linear,809,0.181124510248301
global_linear,810,0.102451285587915
global_linear,811,-0.114371313614807
global_linear,812,-0.216908057221363
global_linear,813,-0.0458194783868396
global_linear,814,0.0285486474517998
global_linear,815,0.0510333570565713
global_linear,816,0.129020328839093
global_linear,817,-0.0801653485563876
global_linear,818,0.0540530812351197
global_linear,819,0.102537805427732
global_linear,820,0.0960286083991099
global_linear,821,-0.0774212925884277
global_linear,822,0.0650809248849094
global_linear,823,0.116072609877564
global_linear,824,-0.0279470405327098
global_linear,825,0.106152939598836
global_linear,826,-0.0412507336876784
global_linear,827,0.166641422210782
global_linear,828,0.071840498277516
global_linear,829,-0.168288675594703
global_linear,830,0.0898973138629629
global_linear,831,0.0111382065764788
global_linear,832,-0.0367791660192151
global_linear,833,-0.147455406768827
global_linear,834,0.0322046385510655
global_linear,835,0.0532555738280962
global_linear,836,0.0225866675361338
global_linear,837,-0.106765913170471
global_linear,838,0.0852551804973111
global_linear,839,0.131713374556319
global_linear,840,0.0459096322795958
global_linear,841,0.113078288732014
global_linear,842,0.134426810873057
global_linear,843,0.178041530587815
global_linear,844,-0.015425399061202
global_linear,845,-0.0823090036738406
global_linear,846,-0.125819714307237
global_linear,847,0.182233622443671
global_linear,848,-0.0177055396382532
global_linear,849,0.0837301469427132
global_linear,850,-0.0864748135509483
global_linear,851,0.278799050222192
global_linear,852,-0.0370401320454408
global_linear,853,0.0369221420009357
global_linear,854,0.100639017707114
global_linear,855,0.000907709929092763
global_linear,856,-0.0133468720891073
global_linear,857,-0.0878811027119095
global_linear,858,-0.0280628243007207
global_linear,859,0.143330318553721
global_linear,860,0.0847870902302281
global_linear,861,-0.038058987195542
global_linear,862,0.00566872877896755
global_linear,863,0.12872344873684
global_linear,864,0.0154900842635396
global_linear,865,-0.0696522762452177
global_linear,866,-0.0859012611893372
global_linear,867,-0.179551695429424
global_linear,868,-0.0868038122322175
global_linear,869,0.0920858390100004
global_linear,870,-0.0405101461227405
global_linear,871,0.0934881618428568
global_linear,872,-0.107922624308648
global_linear,873,-0.0685147652839107
global_linear,874,-0.0872557195258965
global_linear,875,-0.0437626216103807
global_linear,876,0.0375732922534488
global_linear,877,0.0978023548360308
global_linear,878,0.0060679107118317
global_linear,879,-0.143321730189084
global_linear,880,0.164666401768096
global_linear,881,-0.183460697489597
global_linear,882,0.0393443100121192
global_linear,883,0.0128307549320429
global_linear,884,0.126976600017835
global_linear,885,-0.10711407430173
global_linear,886,0.0939996467132757
global_linear,887,0.0547309949054237
global_linear,888,0.0210363046895935
global_linear,889,0.00738540592760047
global_linear,890,0.0557375810144096
global_linear,891,0.0899904624771575
global_linear,892,0.0206621292026655
global_linear,893,-0.117267512757862
global_linear,894,-0.251387225894623
global_linear,895,-0.0716157250826477
global_linear,896,-0.072113926077764
global_linear,897,0.115941136332024
global_linear,898,-0.0503754887592915
global_linear,899,0.257971878125259
global_linear,900,0.164231488461111
global_linear,901,-0.0228953598054025
global_linear,902,-0.142844753000817
global_linear,903,0.108925168676263
global_linear,904,0.0143117441348976
global_linear,905,-0.205942696217718
global_linear,906,-0.0568545674569979
global_linear,907,0.0149665861379784
global_linear,908,0.148420447063306
global_linear,909,0.00493747756335476
global_linear,910,-0.0607061475241867
global_linear,911,-0.111790063205548
global_linear,912,-0.0900918780985214
global_linear,913,0.222807417555061
global_linear,914,0.258810262235146
global_linear,915,-0.186842614991124
global_linear,916,0.108550825125051
global_linear,917,0.0660895489118521
global_linear,918,-0.054224589809911
global_linear,919,-0.146829081951223
global_linear,920,-0.0295027613382433
global_linear,921,0.0848867855301417
global_linear,922,-0.137235933963672
global_linear,923,0.0917770584820286
global_linear,924,0.00740811344244463
global_linear,925,-0.0290515929227541
global_linear,926,0.0847446441603991
global_linear,927,-0.00115038857902642
global_linear,928,-0.155619456364727
global_linear,929,0.108082489710373
global_linear,930,-0.0666957272758137
global_linear,931,0.127046181794435
global_linear,932,-0.099276681501031
global_linear,933,-0.0613375063990726
global_linear,934,-0.0190921219783465
global_linear,935,-0.049844842375343
global_linear,936,0.15465445991935
global_linear,937,0.208929917826929
global_linear,938,-0.151831357383088
global_linear,939,-0.0603926531212711
global_linear,940,-0.176886433805207
global_linear,941,-0.0793819981505453
global_linear,942,0.192319077779677
global_linear,943,0.106180906969411
global_linear,944,-0.0292512368195587
global_linear,945,-0.0551464506446496
global_linear,946,-0.120036423373509
global_linear,947,-0.00678402315800053
global_linear,948,-0.0498450614128512
global_linear,949,-0.0604301559977311
global_linear,950,-0.0820694416192047
global_linear,951,-0.0860244310836249
global_linear,952,-0.0254904982745687
global_linear,953,0.0452871396235978
global_linear,954,-0.0296947075035468
global_linear,955,0.0163682535688009
global_linear,956,-0.144799399809249
global_linear,957,0.0684594856813048
global_linear,958,-0.180827421424064
global_linear,959,0.073570344029538
global_linear,960,0.18447273666056
global_linear,961,0.0732224538195991
global_linear,962,0.0770958775952926
global_linear,963,0.0430503767763065
global_linear,964,-0.114586926555541
global_linear,965,-0.0512232234693893
global_linear,966,-0.1545342553014
global_linear,967,0.123988973077507
global_linear,968,0.0382598221775519
global_linear,969,0.079110233147289
global_linear,970,-0.107439597989275
global_linear,971,0.0377878452992118
global_linear,972,-0.0217103989892691
global_linear,973,0.039730572298556
global_linear,974,-0.17558970805879
global_linear,975,-0.178435522535112
global_linear,976,0.0662046741804595
global_linear,977,0.0982512523900227
global_linear,978,-0.0488056994602889
global_linear,979,0.189524809151651
global_linear,980,0.0744101834453508
global_linear,981,0.181684450114297
global_linear,982,-0.0127588776622162
global_linear,983,0.119226597308957
global_linear,984,0.0954929660909582
global_linear,985,-0.160609483828392
global_linear,986,-0.0562351494691192
global_linear,987,0.0609015656905134
global_linear,988,-0.0311309847571068
global_linear,989,-0.0916328873105525
global_linear,990,0.0100456089312978
global_linear,991,0.00688391323474906
global_linear,992,0.029933072754931
global_linear,993,0.103206635148656
global_linear,994,-0.045473590275166
global_linear,995,-0.115395577532288
global_linear,996,-0.129938889715822
global_linear,997,0.183807205505381
global_linear,998,0.0377814543433453
global_linear,999,0.124017956532983
global_linear,1000,-0.100548621255722
global_linear,1001,-0.0219527567833184
global_linear,1002,-0.0635267877351122
global_linear,1003,-0.0641222960340739
global_linear,1004,-0.0214143943761425
global_linear,1005,-0.0343364984220746
global_linear,1006,0.155604305864627
global_linear,1007,-0.113829032083139
global_linear,1008,-0.0571152403902785
global_linear,1009,-0.153957358013537
global_linear,1010,0.0142780318074432
global_linear,1011,0.008125326063302
global_linear,1012,-0.0811549941334568
global_linear,1013,-0.0413439832593122
global_linear,1014,-0.0441403119997664
global_linear,1015,-0.00559489767430351
global_linear,1016,0.0264288271037181
global_linear,1017,-0.0574414656783073
global_linear,1018,-0.00181041568878311
global_linear,1019,-0.00542721309684039
global_linear,1020,0.0448605222146326
global_linear,1021,-0.15209872455871
global_linear,1022,0.0581115150054732
global_linear,1023,0.178604357177118
global_linear,1024,0.161583489151259
global_linear,1025,0.165733301520422
global_linear,1026,0.153489083524192
global_linear,1027,-0.132179222505807
global_linear,1028,-0.0413026907924093
global_linear,1029,-0.0242844278726218
global_linear,1030,-0.0232835868982593
global_linear,1031,0.0832031017160035
global_linear,1032,0.0216083053780366
global_linear,1033,0.140304981594339
global_linear,1034,-0.0441237495548839
global_linear,1035,-0.0459790162232583
global_linear,1036,-0.122270285645728
global_linear,1037,-0.0972059666204806
global_linear,1038,-0.03148417813237
global_linear,1039,-0.005848932416242
global_linear,1040,0.107717988974838
global_linear,1041,0.0407638919019506
global_linear,1042,0.118425765746123
global_linear,1043,0.0589281277485319
global_linear,1044,0.0470134764678273
global_linear,1045,0.112734264893352
global_linear,1046,0.00649427296190404
global_linear,1047,-0.0492373304997988
global_linear,1048,-0.00829559304074194
global_linear,1049,-0.113053113912016
global_linear,1050,0.0386062637036414
global_linear,1051,-0.178201998813201
global_linear,1052,0.0529226167324171
global_linear,1053,-0.0989191419598884
global_linear,1054,-0.0501430131113934
global_linear,1055,0.107543602146322
global_linear,1056,-0.0830386103762451
global_linear,1057,0.154294363968805
global_linear,1058,-0.173058398547296
global_linear,1059,-0.0165844308958611
global_linear,1060,0.0448205031739191
global_linear,1061,-0.0793670660658658
global_linear,1062,-0.00461116971487089
global_linear,1063,-0.0598119695982377
global_linear,1064,0.120273994739487
global_linear,1065,-0.0397568464018357
global_linear,1066,-0.164240692669302
global_linear,1067,-0.0565543946967904
global_linear,1068,0.2493372252559
global_linear,1069,-0.123453282292683
global_linear,1070,0.0919525546462854
global_linear,1071,-0.047715433746542
global_linear,1072,0.0601590848449621
global_linear,1073,0.0877281557728447
global_linear,1074,0.0662915176456845
global_linear,1075,-0.148742874450107
global_linear,1076,0.0660676474900426
global_linear,1077,0.201836016990752
global_linear,1078,0.000361664055526845
global_linear,1079,-0.0175349276745912
global_linear,1080,0.283667772134125
global_linear,1081,-0.155879057553685
global_linear,1082,0.0237582949229932
global_linear,1083,0.0209511635085831
global_linear,1084,0.16968652599423
global_linear,1085,-0.00477080346295307
global_linear,1086,0.151086790424579
global_linear,1087,0.140874962620811
global_linear,1088,0.226273434951752
global_linear,1089,-0.142352219474838
global_linear,1090,0.0238567501393649
global_linear,1091,0.0719996718836242
global_linear,1092,0.015893850072314
global_linear,1093,-0.037871608549285
global_linear,1094,-0.038132867764392
global_linear,1095,0.0670863243140962
global_linear,1096,0.195551012367702
global_linear,1097,-0.166134559429289
global_linear,1098,0.0574889520038443
global_linear,1099,-0.0192834612438603
global_linear,1100,0.105052263938457
global_linear,1101,0.00272175578992388
global_linear,1102,-0.00827959656454317
global_linear,1103,0.0197056063369464
global_linear,1104,0.0200456205182797
global_linear,1105,-0.0251717684292367
global_linear,1106,0.019825328742557
global_linear,1107,-0.11819198599044
global_linear,1108,0.0473880343804808
global_linear,1109,0.0502066315169267
global_linear,1110,-0.0210508560962553
global_linear,1111,0.0725311270696265
global_linear,1112,-0.0128938802743678
global_linear,1113,0.0649978358314926
global_linear,1114,-0.0710317945007072
global_linear,1115,0.0160756337456419
global_linear,1116,-0.119578968225194
global_linear,1117,-0.0661552619414045
global_linear,1118,0.0158774010235738
global_linear,1119,-0.185658822039879
global_linear,1120,-0.0988270032482334
global_linear,1121,-0.0566061923629497
global_linear,1122,0.214808186912967
global_linear,1123,-0.0854494664022729
global_linear,1124,0.102175060270707
global_linear,1125,0.212661864311647
global_linear,1126,-0.123599877519667
global_linear,1127,-0.0243546197812696
global_linear,1128,-0.130734269286712
global_linear,1129,-0.133437833061665
global_linear,1130,0.137618206131788
global_linear,1131,-0.25263240775713
global_linear,1132,-0.0537838644028588
global_linear,1133,-0.0747635500683532
global_linear,1134,-0.0498052659357982
global_linear,1135,-0.0715118553592016
global_linear,1136,0.013613485078919
global_linear,1137,-0.135345452141714
global_linear,1138,0.201163828918141
global_linear,1139,0.0179048566715879
global_linear,1140,-0.130887522719504
global_linear,1141,-0.0677679925685413
global_linear,1142,-0.049229115833441
global_linear,1143,0.0339534840088251
global_linear,1144,0.14166194503205
global_linear,1145,-0.0812601709110608
global_linear,1146,-0.0476516179469746
global_linear,1147,-0.0331207026190559
global_linear,1148,0.174032373381649
global_linear,1149,-0.255773080465524
global_linear,1150,0.0477263707597094
global_linear,1151,0.0482561341787819
global_linear,1152,0.0253144345778115
global_linear,1153,0.0388037453129204
global_linear,1154,0.023645135933231
global_linear,1155,-0.0172132778405931
global_linear,1156,0.0215967566976053
global_linear,1157,-0.209002103648159
global_linear,1158,0.0391234096035168
global_linear,1159,-0.0639882285563583
global_linear,1160,0.0579947341058258
global_linear,1161,-0.168323958393837
global_linear,1162,-0.0631608163919835
global_linear,1163,0.0169074575926252
global_linear,1164,0.0118028697889381
global_linear,1165,0.0734304947832829
global_linear,1166,0.205090147048622
global_linear,1167,-0.0872747144928304
global_linear,1168,-0.107106067900247
global_linear,1169,-0.0619052058348476
global_linear,1170,0.0102930543915477
global_linear,1171,-0.076197308796685
global_linear,1172,-0.121109530976335
global_linear,1173,0.101865720266592
global_linear,1174,-0.0845095414814674
global_linear,1175,-0.0120446855192151
global_linear,1176,0.0493742082962152
global_linear,1177,-0.0701961562965823
global_linear,1178,0.105814627631027
global_linear,1179,-0.0346714628151211
global_linear,1180,0.0158383953655544
global_linear,1181,-0.0703244913615511
global_linear,1182,0.104237394536044
global_linear,1183,0.116602181673594
global_linear,1184,0.0454343837383394
global_linear,1185,-0.0668949903011393
global_linear,1186,-0.147901227958736
global_linear,1187,-0.100251286024731
global_linear,1188,0.27582205358097
global_linear,1189,0.006663715337987
global_linear,1190,-0.101957081967232
global_linear,1191,0.160897328878663
global_linear,1192,0.047909170751782
global_linear,1193,0.0225026093501925
global_linear,1194,0.169334276751643
global_linear,1195,-0.031770951945471
global_linear,1196,-0.196363361232229
global_linear,1197,0.0549087580228873
global_linear,1198,0.0496389019062793
global_linear,1199,0.000177472679499561
global_linear,1200,0.104052172185046
global_linear,1201,-0.0970317406822421
global_linear,1202,0.0745604353818893
global_linear,1203,-0.154291155495081
global_linear,1204,0.0826731007616892
global_linear,1205,-0.0134553880767996
global_linear,1206,0.124157185440525
global_linear,1207,0.0559584010557446
global_linear,1208,0.160321955957865
global_linear,1209,0.063605297091996
global_linear,1210,0.0421415061206224
global_linear,1211,-0.159948601522592
global_linear,1212,0.009275572855584
global_linear,1213,0.0418019594999362
global_linear,1214,-0.176364079074366
global_linear,1215,-0.00702579775346231
global_linear,1216,-0.0266657295519073
global_linear,1217,0.111802577482533
global_linear,1218,0.117822142960736
global_linear,1219,-0.0541264473102009
global_linear,1220,-0.0445156796962352
global_linear,1221,-0.0990085306565565
global_linear,1222,0.0336111434297187
global_linear,1223,0.0277947325546277
global_linear,1224,-0.135168240314408
global_linear,1225,0.104579475431154
global_linear,1226,0.0301970066354536
global_linear,1227,-0.0239962069775608
global_linear,1228,-0.271629823695189
global_linear,1229,0.0239170838344632
global_linear,1230,0.0675072021675535
global_linear,1231,-0.0778968132144759
global_linear,1232,0.162503471519633
global_linear,1233,0.018842306400393
global_linear,1234,-0.119349147563263
global_linear,1235,0.166586285235864
global_linear,1236,0.149852776386287
global_linear,1237,-0.0634650607432038
global_linear,1238,-0.100252520782673
global_linear,1239,0.120469277910013
global_linear,1240,-0.331412242232952
global_linear,1241,0.23535633029009
global_linear,1242,0.0578566425089715
global_linear,1243,0.191234764936717
global_linear,1244,0.0450603644572075
global_linear,1245,0.169917681549425
global_linear,1246,-0.130386634842937
global_linear,1247,0.0986340550894675
global_linear,1248,-0.0830321951241248
global_linear,1249,-0.0999197811811496
global_linear,1250,0.0160270784744811
global_linear,1251,-0.0257903721424813
global_linear,1252,0.015161961275551
global_linear,1253,0.0123072729016958
global_linear,1254,0.11767559037348
global_linear,1255,-0.0301391120278955
global_linear,1256,0.185494450281281
global_linear,1257,0.0762267039231557
global_linear,1258,-0.111496082407337
global_linear,1259,0.0156063255472641
global_linear,1260,-0.0446506798142575
global_linear,1261,-0.177046880356491
global_linear,1262,-0.0270733219752755
global_linear,1263,-0.0991406995725506
global_linear,1264,-0.14288829435852
global_linear,1265,-0.00949574047617367
global_linear,1266,-0.00432305293572721
global_linear,1267,0.111394432361267
global_linear,1268,-0.0961209447194928
global_linear,1269,-0.0521209388799007
global_linear,1270,0.0753638099303045
global_linear,1271,0.183111734073493
global_linear,1272,-0.051549552834981
global_linear,1273,-0.00940053393110022
global_linear,1274,0.174090072383118
global_linear,1275,-0.0725966057080809
global_linear,1276,0.136794015152184
global_linear,1277,0.0850020964335319
global_linear,1278,-0.0475465821838057
global_linear,1279,-0.0983743137128696
global_linear,1280,-0.0199782512607435
global_linear,1281,0.141703064598549
global_linear,1282,0.0779398523637435
global_linear,1283,0.165913974585924
global_linear,1284,-0.159542399357915
global_linear,1285,0.0892976104119484
global_linear,1286,-0.0582013080144777
global_linear,1287,-0.112175317464524
global_linear,1288,-0.105308566379753
global_linear,1289,0.00933985362317428
global_linear,1290,-0.14000815031456
global_linear,1291,0.0235198746946477
global_linear,1292,-0.0129123048210316
global_linear,1293,-0.206671525746126
global_linear,1294,-0.0592202899054257
global_linear,1295,0.0634302956978283
global_linear,1296,0.0114311454626517
global_linear,1297,-0.042676423419372
global_linear,1298,-0.0274683003927733
global_linear,1299,0.185548499409699
global_linear,1300,0.0260935297354301
global_linear,1301,0.0762621137751243
global_linear,1302,-0.103487512553711
global_linear,1303,-0.00589742668975764
global_linear,1304,0.0121086764001372
global_linear,1305,-0.0395545016218633
global_linear,1306,0.136230415117982
global_linear,1307,0.157247258723961
global_linear,1308,0.0932988508785015
global_linear,1309,-0.0355687264558497
global_linear,1310,-0.0643087541840709
global_linear,1311,-0.0937650767945086
global_linear,1312,-0.130703677617706
global_linear,1313,-0.0532072234212307
global_linear,1314,0.00899768105059481
global_linear,1315,-0.0741928260698928
global_linear,1316,-0.035840606721132
global_linear,1317,0.0129989510107462
global_linear,1318,0.019380652806307
global_linear,1319,-0.258357231923338
global_linear,1320,-0.0276284189998144
global_linear,1321,-0.0981875376118315
global_linear,1322,-0.116129447383982
global_linear,1323,-0.181504570937794
global_linear,1324,-0.0548987425446942
global_linear,1325,-0.0756335030727347
global_linear,1326,-0.0445573365495422
global_linear,1327,0.171777251022298
global_linear,1328,-0.0842003565131633
global_linear,1329,-0.0342305281117676
global_linear,1330,0.0358225624354708
global_linear,1331,-0.0456832837020368
global_linear,1332,0.180289432572624
global_linear,1333,-0.0315429288270179
global_linear,1334,-0.0637377272576322
global_linear,1335,-0.101555151796061
global_linear,1336,-0.104678655084004
global_linear,1337,0.133697370672801
global_linear,1338,-0.024317310222101
global_linear,1339,0.0392658645995171
global_linear,1340,-0.0328083074678928
global_linear,1341,-0.0640015502908942
global_linear,1342,0.102663654208678
global_linear,1343,-0.122996408103304
global_linear,1344,0.00893745694591737
global_linear,1345,0.0830477687265295
global_linear,1346,-0.0409981010107625
global_linear,1347,-0.120162151153831
global_linear,1348,0.0850806923306691
global_linear,1349,-0.103740621509613
global_linear,1350,0.0133995665227665
global_linear,1351,0.1007244189209
global_linear,1352,-0.0721681631347713
global_linear,1353,-0.0329091169834985
global_linear,1354,-0.206843971338359
global_linear,1355,0.0038094138990313
global_linear,1356,0.107266521998413
global_linear,1357,0.261712280966704
global_linear,1358,-0.080189306570506
global_linear,1359,0.247003435253486
global_linear,1360,-0.0358444909314496
global_linear,1361,0.0299932495351237
global_linear,1362,0.0476288991549166
global_linear,1363,-0.0292833718271896
global_linear,1364,-0.05953482066663
global_linear,1365,-0.0702562276541385
global_linear,1366,-0.041283890029819
global_linear,1367,0.124630258213096
global_linear,1368,0.0474980833809487
global_linear,1369,0.0232238994571986
global_linear,1370,0.0561606039110287
global_linear,1371,-0.0145709202323043
global_linear,1372,-0.00194656154157613
global_linear,1373,0.109482223080055
global_linear,1374,-0.19596579934133
global_linear,1375,-0.16852478701973
global_linear,1376,-0.0565489280177355
global_linear,1377,0.00933304882107144
global_linear,1378,0.276573799437213
global_linear,1379,-0.015252878275582
global_linear,1380,0.0258824908010222
global_linear,1381,-0.261356095866632
global_linear,1382,0.0191469205634413
global_linear,1383,-0.103600351066218
global_linear,1384,0.00864116880800125
global_linear,1385,0.123334398189635
global_linear,1386,0.00860984087141444
global_linear,1387,-0.125157784273507
global_linear,1388,-0.04679343730711
global_linear,1389,0.118396144421978
global_linear,1390,-0.0907748384275472
global_linear,1391,0.0395883373366731
global_linear,1392,0.203439246275919
global_linear,1393,0.122885063091397
global_linear,1394,-0.0203712763231036
global_linear,1395,-0.0072709566815566
global_linear,1396,-0.0320704305972758
global_linear,1397,0.0409715384631501
global_linear,1398,0.0962134696847021
global_linear,1399,0.0314926531510868
global_linear,1400,0.142734560518741
global_linear,1401,-0.073616545545588
global_linear,1402,-0.0778185231842838
global_linear,1403,-0.153453274935586
global_linear,1404,-0.0463390712812277
global_linear,1405,-0.302257482485848
global_linear,1406,0.0265258857546492
global_linear,1407,0.0085974777274019
global_linear,1408,0.0456287985295078
global_linear,1409,-0.0501664955960157
global_linear,1410,0.121221203917079
global_linear,1411,-0.162749014328965
global_linear,1412,-0.0679742674247047
global_linear,1413,0.170986533484896
global_linear,1414,0.115561754631242
global_linear,1415,-0.0497099664913216
global_linear,1416,0.154613480502526
global_linear,1417,-0.014218691992788
global_linear,1418,0.125813445191865
global_linear,1419,-0.0172550201514407
global_linear,1420,-0.219465390017082
global_linear,1421,0.0635354426146177
global_linear,1422,0.0306445301705069
global_linear,1423,0.0399607332939196
global_linear,1424,-0.0543448010133452
global_linear,1425,0.277032596933548
global_linear,1426,-0.0616269932328925
global_linear,1427,0.0786112648205973
global_linear,1428,0.0846398506105048
global_linear,1429,-0.0662489916317304
global_linear,1430,0.163740153908296
global_linear,1431,-0.181602032853812
global_linear,1432,-0.0540838871643814
global_linear,1433,0.078322595091833
global_linear,1434,0.014839787178064
global_linear,1435,-0.0707889393713386
global_linear,1436,-0.030239838048594
global_linear,1437,0.194276816326998
global_linear,1438,0.045452269610412
global_linear,1439,0.0119098835505899
global_linear,1440,-0.0117603201593077
global_linear,1441,-0.0667041414193541
global_linear,1442,0.00449190484757178
global_linear,1443,0.00761052534170433
global_linear,1444,-0.00470173171382182
global_linear,1445,-0.189984658065297
global_linear,1446,-0.163214550580932
global_linear,1447,-0.056349223177112
global_linear,1448,4.53252866317773e-05
global_linear,1449,-0.0850886287475727
global_linear,1450,0.133401382793077
global_linear,1451,0.0125299853264963
global_linear,1452,-0.0624535741967186
global_linear,1453,-0.118698200457844
global_linear,1454,-0.156056982050339
global_linear,1455,0.0464269215667083
global_linear,1456,-0.0291644427863108
global_linear,1457,0.0785555355154444
global_linear,1458,-0.0221827841579625
global_linear,1459,0.24747090961112
global_linear,1460,0.0440569221564993
global_linear,1461,0.176722837078652
global_linear,1462,0.0816680984871929
global_linear,1463,-0.234428813938118
global_linear,1464,0.101489397044491
global_linear,1465,-0.0164570640880365
global_linear,1466,0.0520706025062934
global_linear,1467,-0.0966925527039428
global_linear,1468,0.0618050173984071
global_linear,1469,0.0494222497452554
global_linear,1470,-0.0373048211023903
global_linear,1471,0.105829739667621
global_linear,1472,0.000601980093650016
global_linear,1473,-0.0678545531287951
global_linear,1474,0.0422823838113808
global_linear,1475,-0.0331120329003364
global_linear,1476,0.0122732848283178
global_linear,1477,-0.118617388167234
global_linear,1478,-0.0538280420466336
global_linear,1479,-0.0629927474204137
global_linear,1480,0.0391666644472813
global_linear,1481,0.00947841041032138
global_linear,1482,0.0413754993426399
global_linear,1483,0.0144755724029831
global_linear,1484,-0.04857181518055
global_linear,1485,-0.120341012524928
global_linear,1486,0.0627405075435596
global_linear,1487,0.00775201445915889
global_linear,1488,-0.0757545310707757
global_linear,1489,0.193230865955297
global_linear,1490,-0.114502205557409
global_linear,1491,-0.118452925615326
global_linear,1492,0.276409417785782
global_linear,1493,-0.0198846652044885
global_linear,1494,-0.00479458204024308
global_linear,1495,-0.0727287264018
global_linear,1496,0.190902378733304
global_linear,1497,-0.214158136928654
global_linear,1498,0.170650959884902
global_linear,1499,0.0588586840272839
global_linear,1500,-0.0368575669479947
global_linear,1501,0.182966997041516
global_linear,1502,0.0193972498550554
global_linear,1503,-0.14110907777296
global_linear,1504,0.066193022924662
global_linear,1505,-0.0434117800474721
global_linear,1506,-0.0117975850820965
global_linear,1507,-0.045412455513314
global_linear,1508,-0.127693313971632
global_linear,1509,0.0483972076768741
global_linear,1510,-0.169367362180334
global_linear,1511,0.225444581871139
global_linear,1512,0.0571524328626862
global_linear,1513,-0.0923777014691417
global_linear,1514,0.130075467611263
global_linear,1515,0.0669003007664338
global_linear,1516,-0.0314748479210571
global_linear,1517,0.142335955863955
global_linear,1518,-0.127374991702564
global_linear,1519,-0.0439474902417839
global_linear,1520,-0.0462133049039129
global_linear,1521,-0.191547994737509
global_linear,1522,0.00681328971983823
global_linear,1523,-0.15440224275019
global_linear,1524,0.0641363910017126
global_linear,1525,-0.0130849502406069
global_linear,1526,0.19442198006089
global_linear,1527,-0.0963262513747045
global_linear,1528,-0.159446385564099
global_linear,1529,-0.170339138517091
global_linear,1530,0.0325415607403136
global_linear,1531,-0.0638099542843345
global_linear,1532,0.040117547596861
global_linear,1533,-0.0763726766980764
global_linear,1534,-0.200768915085485
global_linear,1535,-0.115560276848517
global_linear,1536,0.0177404141824974
global_linear,1537,0.124443163008555
global_linear,1538,-0.0182433002796785
global_linear,1539,0.0264038030117151
global_linear,1540,0.0424964392350423
global_linear,1541,0.010735494629541
global_linear,1542,0.0506527409213069
global_linear,1543,0.255436035509675
global_linear,1544,0.105141438588625
global_linear,1545,-0.0456263620830946
global_linear,1546,0.0983311393228761
global_linear,1547,0.268941779753091
global_linear,1548,-0.000937768290871629
global_linear,1549,0.0397442609516663
global_linear,1550,-0.213970909286577
global_linear,1551,-0.241084838772043
global_linear,1552,0.0732170061415432
global_linear,1553,-0.0436412956332438
global_linear,1554,-0.0853464392533458
global_linear,1555,-0.0249596834832412
global_linear,1556,0.23877404827913
global_linear,1557,-0.0823954612538736
global_linear,1558,-0.0405210189732509
global_linear,1559,-0.0554350678739155
global_linear,1560,-0.144440678006871
global_linear,1561,0.192305157275213
global_linear,1562,-0.0477283763307789
global_linear,1563,0.0026322279941929
global_linear,1564,-0.0700453638009912
global_linear,1565,0.10586789521602
global_linear,1566,-0.0096749740480826
global_linear,1567,-0.0976059379795696
global_linear,1568,-0.105379958777577
global_linear,1569,-0.0729501259158495
global_linear,1570,0.0034136221958964
global_linear,1571,0.0342784227713828
global_linear,1572,-0.0731523340016
global_linear,1573,0.0188949858181674
global_linear,1574,-0.0216095024540426
global_linear,1575,0.0932742902226871
global_linear,1576,0.0882203634074683
global_linear,1577,0.146494914891931
global_linear,1578,-0.181330384532328
global_linear,1579,-0.0994650584111352
global_linear,1580,-0.0686949846770283
global_linear,1581,0.0384350870541388
global_linear,1582,-0.0570354858858346
global_linear,1583,-0.0260903350413066
global_linear,1584,0.0411739919791083
global_linear,1585,0.0969385770854251
global_linear,1586,-0.198371981581604
global_linear,1587,-0.0692674475157501
global_linear,1588,0.168962179580643
global_linear,1589,-0.260634279608643
global_linear,1590,-0.0339910136901862
global_linear,1591,0.0397915359104468
global_linear,1592,-0.162525041534817
global_linear,1593,0.128389941457939
global_linear,1594,0.0257379911172159
global_linear,1595,0.0232216552596132
global_linear,1596,0.024033168805591
global_linear,1597,0.0461046778259338
global_linear,1598,0.047717382683753
global_linear,1599,-0.0403127491433771
global_linear,1600,-0.0667307127239853
global_linear,1601,-0.0191764544589548
global_linear,1602,0.0265199367487107
global_linear,1603,0.0256608021279912
global_linear,1604,0.00352192503888264
global_linear,1605,-0.0742474516066209
global_linear,1606,-0.175459998420047
global_linear,1607,-0.10518579959973
global_linear,1608,-0.00935567541499379
global_linear,1609,0.00605317173365005
global_linear,1610,-0.138215994820071
global_linear,1611,0.0509848214438626
global_linear,1612,0.0438854238410279
global_linear,1613,-0.0706592791460423
global_linear,1614,-0.0451890502047595
global_linear,1615,-0.214105407132466
global_linear,1616,0.150186489338411
global_linear,1617,-0.0716042498551621
global_linear,1618,0.113081412773963
global_linear,1619,-0.13190673850654
global_linear,1620,0.189321872824397
global_linear,1621,0.201878392464612
global_linear,1622,0.0156967354993653
global_linear,1623,0.0174391674230752
global_linear,1624,-0.153504530730129
global_linear,1625,-0.088124027490171
global_linear,1626,0.075384356838117
global_linear,1627,0.186259127207886
global_linear,1628,-0.0272039347868711
global_linear,1629,-0.103059557057653
global_linear,1630,-0.0099604904243901
global_linear,1631,0.0120249144734172
global_linear,1632,-0.0142120003990665
global_linear,1633,0.0325015745608098
global_linear,1634,0.127725039472015
global_linear,1635,-0.0237221459580542
global_linear,1636,-0.0722830182179157
global_linear,1637,-0.0382025570997045
global_linear,1638,-0.0549837188504464
global_linear,1639,0.0826621928950164
global_linear,1640,-0.0904713181964452
global_linear,1641,0.18416683987726
global_linear,1642,-0.15047711363685
global_linear,1643,-0.0363785509580697
global_linear,1644,0.0628375950088926
global_linear,1645,-0.115920050538669
global_linear,1646,-0.143252832922324
global_linear,1647,0.0292102581854457
global_linear,1648,-0.0509093474201968
global_linear,1649,-0.0506509440178965
global_linear,1650,-0.121547266433573
global_linear,1651,0.265671044336265
global_linear,1652,-0.0211665262187332
global_linear,1653,0.0255301289208886
global_linear,1654,-0.0683361332752425
global_linear,1655,0.00352361993011237
global_linear,1656,0.00989623291144426
global_linear,1657,-0.166763135900114
global_linear,1658,0.0948491362092092
global_linear,1659,0.00465699018873966
global_linear,1660,-0.0521957338698818
global_linear,1661,0.153762534773239
global_linear,1662,0.0408030736407354
global_linear,1663,0.00458852036229166
global_linear,1664,0.0804287615392667
global_linear,1665,-0.123547240853378
global_linear,1666,-0.0555830712318587
global_linear,1667,0.0047234154170761
global_linear,1668,0.0234983414956238
global_linear,1669,0.0700686587397742
global_linear,1670,-0.279350894013805
global_linear,1671,-0.124824166288381
global_linear,1672,-0.206333835399789
global_linear,1673,0.0914491709266431
global_linear,1674,0.0430426869600788
global_linear,1675,0.0531172992502323
global_linear,1676,-0.0473583805482483
global_linear,1677,0.112736382436472
global_linear,1678,-0.106348296426554
global_linear,1679,-0.0318216665695923
global_linear,1680,0.121175201123253
global_linear,1681,0.10021995999178
global_linear,1682,-0.0608297574686348
global_linear,1683,0.0789041619145688
global_linear,1684,-0.0394770063908121
global_linear,1685,0.0837494555074674
global_linear,1686,0.0643636288122049
global_linear,1687,-0.143927790903072
global_linear,1688,0.0561740498182726
global_linear,1689,-0.114173475747831
global_linear,1690,-0.0793312877823957
global_linear,1691,-0.0846449756396617
global_linear,1692,-0.0833721782815156
global_linear,1693,-0.0665427898479664
global_linear,1694,-0.0576617363293194
global_linear,1695,-0.0289411443415579
global_linear,1696,0.0680720820130526
global_linear,1697,0.0443719586381475
global_linear,1698,0.00809936239162538
global_linear,1699,-0.126849104494705
global_linear,1700,0.0243492733260308
global_linear,1701,-0.0816074991375562
global_linear,1702,0.00227064956706287
global_linear,1703,-0.211090394074584
global_linear,1704,0.128911466707407
global_linear,1705,0.0113211441665089
global_linear,1706,0.0705184526114768
global_linear,1707,0.158194299980254
global_linear,1708,-0.157977894228648
global_linear,1709,-0.122440397337822
global_linear,1710,0.0465655663197143
global_linear,1711,0.158824444490352
global_linear,1712,0.0779083531259224
global_linear,1713,0.0187975620542993
global_linear,1714,0.0230641465318791
global_linear,1715,0.0971411292873328
global_linear,1716,-0.19602934172577
global_linear,1717,-0.0530505890084901
global_linear,1718,-0.00553178040177915
global_linear,1719,0.062858342266049
global_linear,1720,0.0326792719762447
global_linear,1721,0.0274038691426777
global_linear,1722,-0.00343105643536035
global_linear,1723,0.0558089754787371
global_linear,1724,-0.0283075805541086
global_linear,1725,0.0649350485109383
global_linear,1726,0.0428554488594178
global_linear,1727,0.260154269621869
global_linear,1728,-0.0318921749656775
global_linear,1729,-0.0801104603628306
global_linear,1730,0.0809759352472144
global_linear,1731,-0.0864727968486741
global_linear,1732,-0.0887337098111255
global_linear,1733,-0.102105232397712
global_linear,1734,0.191152444809405
global_linear,1735,0.00982854209167231
global_linear,1736,-0.229867694947269
global_linear,1737,0.0185191314981813
global_linear,1738,-0.0505920128229909
global_linear,1739,0.0607856644464328
global_linear,1740,-0.0802759106972643
global_linear,1741,-0.193093887077383
global_linear,1742,0.0428562479388344
global_linear,1743,-0.052867161216609
global_linear,1744,0.234002373153975
global_linear,1745,0.0132985293095282
global_linear,1746,0.0441285401327122
global_linear,1747,0.000386051420487791
global_linear,1748,-0.0331200791447674
global_linear,1749,0.256715117458253
global_linear,1750,-0.108132116711772
global_linear,1751,0.0784808342092068
global_linear,1752,0.072993669107109
global_linear,1753,-0.142236566726932
global_linear,1754,0.118673497329459
global_linear,1755,0.0522338034596919
global_linear,1756,0.0506938639098597
global_linear,1757,0.107982602093334
global_linear,1758,-0.00698386899982909
global_linear,1759,-0.115309736275497
global_linear,1760,0.0570406412348312
global_linear,1761,-0.0703388847669461
global_linear,1762,-0.0492748835121481
global_linear,1763,-0.118870256758892
global_linear,1764,0.133212540088198
global_linear,1765,0.158985383449759
global_linear,1766,0.186647518456974
global_linear,1767,0.133979026859341
global_linear,1768,-0.0292924140280289
global_linear,1769,-0.0162178809498048
global_linear,1770,0.126884057020809
global_linear,1771,-0.0610140688658252
global_linear,1772,-0.068512533309652
global_linear,1773,0.188141338687083
global_linear,1774,-0.0936361329599945
global_linear,1775,-0.00291996474226834
global_linear,1776,-0.0924259279711315
global_linear,1777,0.0723898898893636
global_linear,1778,0.0437220338549844
global_linear,1779,0.0788704914385049
global_linear,1780,-0.00450414358009788
global_linear,1781,0.0442044383517949
global_linear,1782,-0.00577942801191522
global_linear,1783,-0.0320207433120932
global_linear,1784,-0.0275616209921242
global_linear,1785,0.249308611753812
global_linear,1786,-0.161560218350611
global_linear,1787,0.0163788976599125
global_linear,1788,-0.00363920133820717
global_linear,1789,-0.0619460217054826
global_linear,1790,-0.0928667472314283
global_linear,1791,0.0256298500743188
global_linear,1792,-0.0274405796184647
global_linear,1793,-0.0782326359001087
global_linear,1794,0.0296091455982902
global_linear,1795,-0.0721567851503912
global_linear,1796,-0.0649845278793197
global_linear,1797,-0.0833595741815995
global_linear,1798,-0.10937359894846
global_linear,1799,0.0082013231319135
global_linear,1800,-0.0465227647573713
global_linear,1801,0.0559957831328356
global_linear,1802,-0.0460781504704843
global_linear,1803,-0.189099004569403
global_linear,1804,-0.0345439978384163
global_linear,1805,-0.0408171457547312
global_linear,1806,-0.0745538974282039
global_linear,1807,-0.0633132750138925
global_linear,1808,-0.039431414919768
global_linear,1809,0.295089953500622
global_linear,1810,0.0158774329108855
global_linear,1811,-0.252846454017736
global_linear,1812,0.0604630506736061
global_linear,1813,0.320514530278351
global_linear,1814,-0.0989836535215073
global_linear,1815,-0.0727824443705452
global_linear,1816,0.0309369934484944
global_linear,1817,0.0534969338756784
global_linear,1818,-0.084200714533285
global_linear,1819,0.107152808145411
global_linear,1820,-0.224065528181604
global_linear,1821,0.00306313650403064
global_linear,1822,-0.0982337155727627
global_linear,1823,0.0456420428970784
global_linear,1824,-0.096295659103208
global_linear,1825,-0.0902762687524946
global_linear,1826,-0.11085975104935
global_linear,1827,-0.0275741236339006
global_linear,1828,-0.0306450845638129
global_linear,1829,-0.0396552831478007
global_linear,1830,-0.0272957497403077
global_linear,1831,-0.0231964317468882
global_linear,1832,-0.0394470645516799
global_linear,1833,0.2183982397065
global_linear,1834,-0.0643561576278389
global_linear,1835,-0.0435947289200165
global_linear,1836,-0.213877586240055
global_linear,1837,0.160197495116093
global_linear,1838,-0.11707479069607
global_linear,1839,0.219010097777107
global_linear,1840,-0.0251725869221276
global_linear,1841,0.105629474991911
global_linear,1842,0.170410784527172
global_linear,1843,-0.171909046365463
global_linear,1844,-0.0733318678251811
global_linear,1845,0.117056871336642
global_linear,1846,-0.0437413142647101
global_linear,1847,0.126801468560872
global_linear,1848,0.0600263507080943
global_linear,1849,-0.0890593206019202
global_linear,1850,-0.0498001146811869
global_linear,1851,0.204795580627728
global_linear,1852,0.0228387208352651
global_linear,1853,-0.0808125954065317
global_linear,1854,-0.00604887508369304
global_linear,1855,0.0457068924648777
global_linear,1856,0.0580319043296127
global_linear,1857,0.0371466435957277
global_linear,1858,0.0604103561883568
global_linear,1859,-0.0719974117139633
global_linear,1860,-0.218447917032777
global_linear,1861,0.117261317163647
global_linear,1862,0.0117367901009828
global_linear,1863,-0.0423347540223628
global_linear,1864,-0.113584530565873
global_linear,1865,0.121881970109531
global_linear,1866,0.0122941578458056
global_linear,1867,0.00650995559314745
global_linear,1868,0.0604967095535581
global_linear,1869,0.0154334871810917
global_linear,1870,0.00462301818878489
global_linear,1871,0.0262979011035582
global_linear,1872,-0.0979726452176794
global_linear,1873,-0.0910934857904936
global_linear,1874,-0.00976770601548231
global_linear,1875,-0.13553972625366
global_linear,1876,-0.0901753351427835
global_linear,1877,0.251287003823435
global_linear,1878,0.0322707783243189
global_linear,1879,-0.0805308555052881
global_linear,1880,0.139965408272769
global_linear,1881,0.166269204300503
global_linear,1882,-0.0613756504629907
global_linear,1883,-0.0196668621808665
global_linear,1884,-0.0877202605749379
global_linear,1885,0.0563517391756463
global_linear,1886,0.0534935486292459
global_linear,1887,0.108633171340271
global_linear,1888,0.197627533236003
global_linear,1889,0.0167640879060658
global_linear,1890,-0.0711343235178861
global_linear,1891,0.0965949631600811
global_linear,1892,0.157804258700699
global_linear,1893,0.0538086528054687
global_linear,1894,-0.0042128243513746
global_linear,1895,-0.109227712958353
global_linear,1896,-0.0804545926796904
global_linear,1897,0.223589889039221
global_linear,1898,-0.0307063094651851
global_linear,1899,-0.0166136696031923
global_linear,1900,0.216086038003451
global_linear,1901,0.0409128494266794
global_linear,1902,0.130545470611924
global_linear,1903,-0.0905162486777294
global_linear,1904,0.0228283816654811
global_linear,1905,0.0161724918035503
global_linear,1906,-0.0833062973234213
global_linear,1907,0.113600645678781
global_linear,1908,-0.0278360675714205
global_linear,1909,-0.0545004046461554
global_linear,1910,0.0481167724352029
global_linear,1911,-0.055576715440924
global_linear,1912,-0.0620305243102415
global_linear,1913,-0.0711476695017084
global_linear,1914,-0.0570571924387252
global_linear,1915,-0.0631937262998414
global_linear,1916,-0.159958004708731
global_linear,1917,-0.135180044326151
global_linear,1918,0.0753124635440366
global_linear,1919,0.0396769153489108
global_linear,1920,0.0329599336072963
global_linear,1921,-0.1347298840069
global_linear,1922,0.0896302538294605
global_linear,1923,0.108990381101358
global_linear,1924,-0.00648746948103026
global_linear,1925,-0.0496099108585533
global_linear,1926,0.211465088387695
global_linear,1927,0.0186537136158919
global_linear,1928,0.0957290300672593
global_linear,1929,-0.022991827847265
global_linear,1930,-0.158551138429163
global_linear,1931,-0.0128252040201486
global_linear,1932,0.0713088883720203
global_linear,1933,0.0400865926844132
global_linear,1934,0.0490064395638819
global_linear,1935,-0.134191328909585
global_linear,1936,0.00118930456821135
global_linear,1937,0.00971763968471725
global_linear,1938,-0.14118753712923
global_linear,1939,-0.133215534149028
global_linear,1940,0.206374566344408
global_linear,1941,-0.00681404965807649
global_linear,1942,0.0311591465979169
global_linear,1943,0.0162574430521261
global_linear,1944,-0.0738978553334698
global_linear,1945,-0.0773331160226742
global_linear,1946,0.0340671189268882
global_linear,1947,0.0852782710955028
global_linear,1948,-0.244006649768925
global_linear,1949,-0.0448302097529686
global_linear,1950,0.243483789824241
global_linear,1951,-0.0456094110772245
global_linear,1952,0.251967879016216
global_linear,1953,-0.141899719928839
global_linear,1954,-0.125233697250155
global_linear,1955,-0.0242469412004131
global_linear,1956,-0.0268828699516653
global_linear,1957,0.0685034160523056
global_linear,1958,-0.0486764735736337
global_linear,1959,0.0952881387844868
global_linear,1960,0.081226150514499
global_linear,1961,0.0335549795721034
global_linear,1962,-0.0178590792566051
global_linear,1963,0.0272055552702086
global_linear,1964,0.0818557971720223
global_linear,1965,-0.0985841590090167
global_linear,1966,-0.106032651043688
global_linear,1967,-0.0135863365533015
global_linear,1968,-0.0364620674255507
global_linear,1969,-0.155116338500344
global_linear,1970,-0.0542777498672207
global_linear,1971,0.0564837145102735
global_linear,1972,-0.0321245103389269
global_linear,1973,0.16340073190609
global_linear,1974,-0.00181109985303548
global_linear,1975,0.00348578280521158
global_linear,1976,0.0708937500328878
global_linear,1977,-0.110047973318927
global_linear,1978,0.16921166793849
global_linear,1979,0.0210652364783638
global_linear,1980,0.0993156766357117
global_linear,1981,0.0519770159254994
global_linear,1982,0.118720263078737
global_linear,1983,-0.047008705069515
global_linear,1984,-0.0795247317634494
global_linear,1985,0.107395200547775
global_linear,1986,-0.0064082676749857
global_linear,1987,0.0781278484947598
global_linear,1988,0.17813713031824
global_linear,1989,-0.191609124919403
global_linear,1990,-0.0302963219209434
global_linear,1991,0.0732127079496558
global_linear,1992,0.0122364867135154
global_linear,1993,0.0976935083300656
global_linear,1994,-0.100962893346657
global_linear,1995,-0.0745933576042231
global_linear,1996,0.0188162280039658
global_linear,1997,-0.228441403924813
global_linear,1998,0.028493784108415
global_linear,1999,-0.0513484882560486
global_quadratic,1,0.0597547634788744
global_quadratic,2,-0.0231342906911015
global_quadratic,3,0.143508107643181
global_quadratic,4,0.20867967761668
global_quadratic,5,-0.174101208590677
global_quadratic,6,0.00727535699877506
global_quadratic,7,0.1123050024651
global_quadratic,8,-0.011639227406806
global_quadratic,9,-0.0591254685467163
global_quadratic,10,0.179410472463934
global_quadratic,11,-0.169194036374071
global_quadratic,12,-0.084586131832998
global_quadratic,13,-0.188154170502882
global_quadratic,14,-0.0485740003611458
global_quadratic,15,-0.236288278746979
global_quadratic,16,0.195628424485493
global_quadratic,17,-0.138798786102684
global_quadratic,18,0.0676168512613119
global_quadratic,19,0.170674981202304
global_quadratic,20,-0.0625636189160736
global_quadratic,21,-0.285579197229419
global_quadratic,22,0.183645338968489
global_quadratic,23,0.343687162397138
global_quadratic,24,0.00035693336183081
global_quadratic,25,0.044543247415902
global_quadratic,26,-0.0125797598921285
global_quadratic,27,0.033648707574268
global_quadratic,28,0.0852015039477188
global_quadratic,29,0.123686818895012
global_quadratic,30,-0.0618208711516986
global_quadratic,31,-0.148320173666184
global_quadratic,32,-0.328249045572795
global_quadratic,33,-0.0998111823082439
global_quadratic,34,0.0295757981817412
global_quadratic,35,0.0262511143531246
global_quadratic,36,0.12832198033163
global_quadratic,37,0.0377260625208201
global_quadratic,38,0.0906516089805377
global_quadratic,39,-0.0152647773437919
global_quadratic,40,0.233174442939822
global_quadratic,41,0.0749042123951543
global_quadratic,42,-0.0523917368021107
global_quadratic,43,-0.0329792116768077
global_quadratic,44,-0.0732340910694015
global_quadratic,45,0.00568820807114978
global_quadratic,46,-0.302493705466296
global_quadratic,47,-0.242153775107471
global_quadratic,48,-0.074118410976622
global_quadratic,49,0.102661119758875
global_quadratic,50,0.105565403389675
global_quadratic,51,-0.153292895349433
global_quadratic,52,0.116225923180127
global_quadratic,53,0.135559724095782
global_quadratic,54,-0.133328191741172
global_quadratic,55,-0.0356398787444852
global_quadratic,56,0.165295858546988
global_quadratic,57,-0.0196744044146824
global_quadratic,58,0.053402220001769
global_quadratic,59,-0.228559978758012
global_quadratic,60,-0.0737573893798065
global_quadratic,61,-0.010021002611297
global_quadratic,62,0.252223766267744
global_quadratic,63,0.290315395323199
global_quadratic,64,0.206185848585398
global_quadratic,65,0.00496587388470626
global_quadratic,66,-0.0246483490910269
global_quadratic,67,-0.0943898860754559
global_quadratic,68,0.00135042028644132
global_quadratic,69,0.155095724894916
global_quadratic,70,0.111960172478422
global_quadratic,71,0.0924694846638043
global_quadratic,72,0.21913859413236
global_quadratic,73,-0.0035654195138104
global_quadratic,74,-0.29378177566065
global_quadratic,75,-0.0542069150172765
global_quadratic,76,-0.0852961592741931
global_quadratic,77,0.0568435287030876
global_quadratic,78,-0.17751620077368
global_quadratic,79,-0.263627049643312
global_quadratic,80,0.0423392179105869
global_quadratic,81,0.0550984305048416
global_quadratic,82,0.143896181931675
global_quadratic,83,-0.0848445824157702
global_quadratic,84,0.055790478315096
global_quadratic,85,-0.116407053206437
global_quadratic,86,-0.110205555503241
global_quadratic,87,0.0200668134294375
global_quadratic,88,0.0187886768774271
global_quadratic,89,0.0875819871010639
global_quadratic,90,0.0370593081361953
global_quadratic,91,0.140680713469031
global_quadratic,92,0.191757634745467
global_quadratic,93,0.116224896111796
global_quadratic,94,0.0040424401268669
global_quadratic,95,0.089812420492617
global_quadratic,96,0.386167758820591
global_quadratic,97,-0.231537484698198
global_quadratic,98,0.13608273520511
global_quadratic,99,-0.111291463266699
global_quadratic,100,-0.0137055812817393
global_quadratic,101,-0.0495414589924632
global_quadratic,102,-0.203203608407147
global_quadratic,103,0.111613227482709
global_quadratic,104,-0.171439513002637
global_quadratic,105,-0.21541559379387
global_quadratic,106,0.161507120266081
global_quadratic,107,-0.294996184246404
global_quadratic,108,-0.362728604020248
global_quadratic,109,-0.263305014798046
global_quadratic,110,-0.0452598674036603
global_quadratic,111,0.1243569668036
global_quadratic,112,0.0182914603301985
global_quadratic,113,0.0536645819448713
global_quadratic,114,-0.0339665087625987
global_quadratic,115,0.282873585472956
global_quadratic,116,-0.163039859489047
global_quadratic,117,-0.244502609978087
global_quadratic,118,-0.0229573587415359
global_quadratic,119,0.22158824555352
global_quadratic,120,-0.237590225459742
global_quadratic,121,-0.0958885773694161
global_quadratic,122,-0.22132782627215
global_quadratic,123,-0.0527737065358401
global_quadratic,124,0.0163060849715887
global_quadratic,125,0.0121931330212286
global_quadratic,126,0.129954689531928
global_quadratic,127,0.00952757337023336
global_quadratic,128,0.0165252694561273
global_quadratic,129,0.170567212886608
global_quadratic,130,0.0524918981488843
global_quadratic,131,0.210677745399795
global_quadratic,132,-0.150987088915344
global_quadratic,133,0.095523837302314
global_quadratic,134,0.14754067932687
global_quadratic,135,0.0663171997376851
global_quadratic,136,-0.137481368042141
global_quadratic,137,-0.187044310448539
global_quadratic,138,-0.0619312031488188
global_quadratic,139,0.089301071596988
global_quadratic,140,0.0975485085563109
global_quadratic,141,-0.0423585410266695
global_quadratic,142,0.00738150875443407
global_quadratic,143,0.0693006670043233
global_quadratic,144,0.0845356864171277
global_quadratic,145,0.0438974120027436
global_quadratic,146,0.0420588324559515
global_quadratic,147,-0.181380536660489
global_quadratic,148,-0.135396510765582
global_quadratic,149,0.238427005654117
global_quadratic,150,-0.0288343032871102
global_quadratic,151,0.175567303574838
global_quadratic,152,0.148546239181947
global_quadratic,153,0.2336456246576
global_quadratic,154,-0.141732639404003
global_quadratic,155,0.187606396459855
global_quadratic,156,0.303400701190101
global_quadratic,157,-0.0841922899140378
global_quadratic,158,0.285555514231635
global_quadratic,159,-0.227516746927536
global_quadratic,160,-0.29772953407435
global_quadratic,161,0.0217684733827876
global_quadratic,162,0.0731017599106153
global_quadratic,163,0.0861868555607132
global_quadratic,164,0.181839722564498
global_quadratic,165,-0.143516153391428
global_quadratic,166,0.117720965434815
global_quadratic,167,-0.152831758057047
global_quadratic,168,0.11548798785097
global_quadratic,169,0.0723379235256726
global_quadratic,170,-0.034386682823075
global_quadratic,171,0.0215958576412696
global_quadratic,172,0.127761945027372
global_quadratic,173,-0.0417806866722588
global_quadratic,174,0.0573317944174576
global_quadratic,175,0.090705263251644
global_quadratic,176,0.0346108773643958
global_quadratic,177,-0.136319259382203
global_quadratic,178,0.216062031822108
global_quadratic,179,-0.138778291956415
global_quadratic,180,0.171874216163266
global_quadratic,181,-0.0783946148804544
global_quadratic,182,-0.105343541068663
global_quadratic,183,0.135465919543654
global_quadratic,184,-0.0858684082621384
global_quadratic,185,-0.0986016379968507
global_quadratic,186,-0.0639188604298277
global_quadratic,187,-0.341336357358576
global_quadratic,188,0.0655009254746964
global_quadratic,189,-0.0939080061577678
global_quadratic,190,-0.133695423702235
global_quadratic,191,-0.304525982715097
global_quadratic,192,0.159049987702719
global_quadratic,193,-0.0145230576182588
global_quadratic,194,0.181536409378027
global_quadratic,195,-0.0919022683704886
global_quadratic,196,-0.033583646380262
global_quadratic,197,0.0531744451403113
global_quadratic,198,-0.0931757080834273
global_quadratic,199,-0.0320122412062383
global_quadratic,200,0.0544689925359524
global_quadratic,201,0.175936281335389
global_quadratic,202,0.143108907066719
global_quadratic,203,-0.204136909493212
global_quadratic,204,0.0730987439605952
global_quadratic,205,0.0615172605936728
global_quadratic,206,-0.110435877914654
global_quadratic,207,0.24320637063264
global_quadratic,208,-0.0351721369815442
global_quadratic,209,-0.102133105041186
global_quadratic,210,-0.0130466379459554
global_quadratic,211,0.0600469059489027
global_quadratic,212,0.029632958503667
global_quadratic,213,0.0942412575883065
global_quadratic,214,-0.0742136642362163
global_quadratic,215,0.043226738662136
global_quadratic,216,0.0839020718324456
global_quadratic,217,-0.145351284965173
global_quadratic,218,-0.0192610283089933
global_quadratic,219,0.0904187011135089
global_quadratic,220,-0.0217745911346109
global_quadratic,221,-0.14071694754331
global_quadratic,222,-0.298281173524212
global_quadratic,223,0.177094482644881
global_quadratic,224,0.00223275803056448
global_quadratic,225,0.113779530112193
global_quadratic,226,0.0764471807239939
global_quadratic,227,-0.0705471240524108
global_quadratic,228,-0.159752114242608
global_quadratic,229,0.259865864212969
global_quadratic,230,-0.0846168878220261
global_quadratic,231,0.194928777507758
global_quadratic,232,0.126834260032098
global_quadratic,233,-0.112984976603145
global_quadratic,234,0.12932320444507
global_quadratic,235,-0.0406249483220892
global_quadratic,236,0.103512074195763
global_quadratic,237,-0.00692838655893506
global_quadratic,238,0.155186690635416
global_quadratic,239,-0.0819049283261061
global_quadratic,240,0.0908473164434532
global_quadratic,241,0.128362660406968
global_quadratic,242,0.0739727402668047
global_quadratic,243,0.25516445632478
global_quadratic,244,-0.0910110650291121
global_quadratic,245,0.212762063624099
global_quadratic,246,0.208632726965562
global_quadratic,247,0.0329467308249122
global_quadratic,248,0.0783262074323948
global_quadratic,249,0.0686262962646825
global_quadratic,250,-0.170867156575858
global_quadratic,251,0.0113098137265449
global_quadratic,252,0.0493050471621087
global_quadratic,253,0.190399223759587
global_quadratic,254,-0.110276251865362
global_quadratic,255,0.101181178079229
global_quadratic,256,-0.0102059695334843
global_quadratic,257,0.134780706427956
global_quadratic,258,-0.106443866112639
global_quadratic,259,0.0375515753185682
global_quadratic,260,0.0667355881313911
global_quadratic,261,0.104878296245494
global_quadratic,262,-0.153225407604887
global_quadratic,263,-0.155004752613229
global_quadratic,264,-0.0952853651669455
global_quadratic,265,-0.212227344901272
global_quadratic,266,-0.101656798916755
global_quadratic,267,-0.111472862739887
global_quadratic,268,0.0635483421637003
global_quadratic,269,-0.0741937608233621
global_quadratic,270,-0.0272113861749827
global_quadratic,271,0.0829795444870888
global_quadratic,272,0.206519722765362
global_quadratic,273,0.092076024322654
global_quadratic,274,-0.00245623972769741
global_quadratic,275,0.0923984574810109
global_quadratic,276,0.0546837079315668
global_quadratic,277,0.0382778961962676
global_quadratic,278,0.152467140079859
global_quadratic,279,0.214104223606176
global_quadratic,280,0.137019316261567
global_quadratic,281,-0.0193240894494391
global_quadratic,282,0.164204382321752
global_quadratic,283,-0.146055514392577
global_quadratic,284,-0.00431130678841877
global_quadratic,285,-0.0892943348998433
global_quadratic,286,-0.178155505716384
global_quadratic,287,0.108025758259643
global_quadratic,288,0.0387915252787726
global_quadratic,289,0.0750119477817481
global_quadratic,290,0.0767817658224184
global_quadratic,291,-0.258509303729993
global_quadratic,292,0.222488051928133
global_quadratic,293,-0.0166065321271246
global_quadratic,294,0.197106279346346
global_quadratic,295,-0.0748737982303555
global_quadratic,296,-0.326046072939682
global_quadratic,297,0.045691345269353
global_quadratic,298,0.165657083121478
global_quadratic,299,-0.188462165776442
global_quadratic,300,0.0475296489613895
global_quadratic,301,-0.0159936959845233
global_quadratic,302,-0.126758258184942
global_quadratic,303,0.178988059984243
global_quadratic,304,-0.0541664736383029
global_quadratic,305,0.0337838941926109
global_quadratic,306,0.108724322773948
global_quadratic,307,0.105555502519581
global_quadratic,308,-0.0597646867613685
global_quadratic,309,-0.22601700618417
global_quadratic,310,0.0602956191850756
global_quadratic,311,0.00589605837341001
global_quadratic,312,0.194931588230192
global_quadratic,313,-0.139714020595714
global_quadratic,314,-0.143131798133502
global_quadratic,315,-0.0341767305311486
global_quadratic,316,0.289760084304513
global_quadratic,317,0.108014307437539
global_quadratic,318,0.140187237901453
global_quadratic,319,0.027328498671733
global_quadratic,320,0.000482575758332438
global_quadratic,321,-0.184802341259436
global_quadratic,322,0.184259599411318
global_quadratic,323,-0.0347944417963572
global_quadratic,324,0.0884488386081115
global_quadratic,325,-0.26800926951943
global_quadratic,326,-0.215649074623023
global_quadratic,327,-0.130026438088101
global_quadratic,328,-0.00141290262951473
global_quadratic,329,-0.104892753155824
global_quadratic,330,-0.115436846391718
global_quadratic,331,0.0226859539670349
global_quadratic,332,-0.0372113543525587
global_quadratic,333,-0.172208374278473
global_quadratic,334,0.00675174472808079
global_quadratic,335,0.0276708869459767
global_quadratic,336,0.0845507109661708
global_quadratic,337,0.145319051870318
global_quadratic,338,0.0565776894765143
global_quadratic,339,0.145439520273145
global_quadratic,340,-0.00376480899331651
global_quadratic,341,-0.115738397672384
global_quadratic,342,0.144861790641276
global_quadratic,343,0.117053972911234
global_quadratic,344,0.0404146797126096
global_quadratic,345,-0.00233055096013531
global_quadratic,346,0.0654302077808738
global_quadratic,347,-0.123423929771663
global_quadratic,348,-0.0290012213431433
global_quadratic,349,0.146651361021019
global_quadratic,350,-0.0253841197271608
global_quadratic,351,-0.152890954856026
global_quadratic,352,0.074945849866138
global_quadratic,353,-0.0359665702251671
global_quadratic,354,0.25991734736008
global_quadratic,355,-0.0667939306786834
global_quadratic,356,-0.0579791050590206
global_quadratic,357,0.222445056080555
global_quadratic,358,-0.147923811453757
global_quadratic,359,-0.0234645462993018
global_quadratic,360,0.24910688985587
global_quadratic,361,0.0574465068987321
global_quadratic,362,-0.165589585550547
global_quadratic,363,0.0798925308704697
global_quadratic,364,-0.108462132666526
global_quadratic,365,0.0169217780810781
global_quadratic,366,0.0570004157794516
global_quadratic,367,0.157962682696053
global_quadratic,368,-0.131421439227455
global_quadratic,369,0.13859701753498
global_quadratic,370,-0.142293013014015
global_quadratic,371,0.203069845941052
global_quadratic,372,0.0527621471562177
global_quadratic,373,0.0681930707423627
global_quadratic,374,-0.0207504533567662
global_quadratic,375,-0.0879280092468277
global_quadratic,376,0.111048608335888
global_quadratic,377,0.154454376752795
global_quadratic,378,0.184658213903284
global_quadratic,379,-0.0805163662584342
global_quadratic,380,-0.132109283179645
global_quadratic,381,0.0214689164678319
global_quadratic,382,0.0549324714591289
global_quadratic,383,0.0538710686242855
global_quadratic,384,0.149454989903954
global_quadratic,385,-0.116049711142474
global_quadratic,386,0.0327285319164545
global_quadratic,387,0.302902982418487
global_quadratic,388,-0.165736028828794
global_quadratic,389,0.135020550199416
global_quadratic,390,0.211698861689793
global_quadratic,391,-0.0113742261655669
global_quadratic,392,-0.0397333061817416
global_quadratic,393,-0.146461240803866
global_quadratic,394,0.0215404666533976
global_quadratic,395,0.00232076523457181
global_quadratic,396,0.107800758765856
global_quadratic,397,-0.125631831351166
global_quadratic,398,-0.0662579073931987
global_quadratic,399,0.0676875492266692
global_quadratic,400,-0.108153760672344
global_quadratic,401,0.0369233977206882
global_quadratic,402,0.0574906727484329
global_quadratic,403,-0.259775647680952
global_quadratic,404,0.00674787783942232
global_quadratic,405,0.0361170222790266
global_quadratic,406,0.132624673713538
global_quadratic,407,0.00371189091940731
global_quadratic,408,0.0197587747116247
global_quadratic,409,0.0122913176615308
global_quadratic,410,0.0317279012036291
global_quadratic,411,0.0351744911792628
global_quadratic,412,-0.268437241011218
global_quadratic,413,0.150630276057869
global_quadratic,414,-0.0240603137490361
global_quadratic,415,-0.0525617333589494
global_quadratic,416,-0.0868828090117602
global_quadratic,417,0.0407158499744454
global_quadratic,418,0.229999139770004
global_quadratic,419,0.00326971347992
global_quadratic,420,-0.159120434188952
global_quadratic,421,0.0485363831752173
global_quadratic,422,0.0273626255227886
global_quadratic,423,0.0498189164376018
global_quadratic,424,0.265068259421104
global_quadratic,425,-0.0178317566418515
global_quadratic,426,-0.0381998910812576
global_quadratic,427,-0.0967930376099018
global_quadratic,428,-0.143018869222492
global_quadratic,429,-0.0230514161923632
global_quadratic,430,0.133520702564518
global_quadratic,431,-0.0281192545791275
global_quadratic,432,-0.0215593060719585
global_quadratic,433,0.104549907175197
global_quadratic,434,-0.0686506206154771
global_quadratic,435,-0.0870083966361242
global_quadratic,436,0.279943360004249
global_quadratic,437,-0.0495242392158056
global_quadratic,438,0.20787911972832
global_quadratic,439,0.0946534746389608
global_quadratic,440,-0.016880511188473
global_quadratic,441,-0.154157876494512
global_quadratic,442,-0.0505229512123571
global_quadratic,443,0.0870194671309348
global_quadratic,444,0.22534547355999
global_quadratic,445,-0.0184413020622465
global_quadratic,446,0.00878448685089121
global_quadratic,447,0.121804970560434
global_quadratic,448,-0.0730383796895797
global_quadratic,449,-0.0404291424721439
global_quadratic,450,0.0594808876160095
global_quadratic,451,0.139778689746192
global_quadratic,452,-0.126411933314188
global_quadratic,453,-0.135149591646069
global_quadratic,454,0.0787112124682512
global_quadratic,455,-0.167571729008945
global_quadratic,456,0.106149244027398
global_quadratic,457,-0.00405725477641905
global_quadratic,458,0.00834833262721653
global_quadratic,459,-0.102169902495579
global_quadratic,460,-0.0758431407686026
global_quadratic,461,-0.0745766413684308
global_quadratic,462,0.0613893842955683
global_quadratic,463,0.157192347631822
global_quadratic,464,0.0178040434866376
global_quadratic,465,-0.233041133328881
global_quadratic,466,-0.311332819572972
global_quadratic,467,-0.0677761642721624
global_quadratic,468,-0.11410025550641
global_quadratic,469,0.154247664258151
global_quadratic,470,-0.0608034941215833
global_quadratic,471,-0.0400608373744612
global_quadratic,472,-0.0634516061696688
global_quadratic,473,-0.109304204784086
global_quadratic,474,-0.0180220541365201
global_quadratic,475,0.107275228799091
global_quadratic,476,0.117955459414797
global_quadratic,477,-0.0788119596817074
global_quadratic,478,0.0186852683569949
global_quadratic,479,-0.0366039180683838
global_quadratic,480,0.0337421753029406
global_quadratic,481,0.176787007937022
global_quadratic,482,-0.0468199157542365
global_quadratic,483,-0.0791555317027619
global_quadratic,484,0.0654881442192536
global_quadratic,485,0.113616302809797
global_quadratic,486,-0.0591035801092629
global_quadratic,487,0.0705593623940057
global_quadratic,488,0.00244506342758447
global_quadratic,489,-0.146635296570559
global_quadratic,490,-0.027855829018811
global_quadratic,491,-0.0594819490023791
global_quadratic,492,0.00876485237820557
global_quadratic,493,-0.112987472228264
global_quadratic,494,0.0351168226814389
global_quadratic,495,0.106898430678499
global_quadratic,496,0.206997143646354
global_quadratic,497,0.189745932781212
global_quadratic,498,-0.0341483536363697
global_quadratic,499,-0.021030779565432
global_quadratic,500,-0.139107025088569
global_quadratic,501,0.242653267396313
global_quadratic,502,-0.0634308262832655
global_quadratic,503,-0.00447056517374141
global_quadratic,504,0.155568160074401
global_quadratic,505,0.00744347225938065
global_quadratic,506,-0.2740210633533
global_quadratic,507,0.207801482869072
global_quadratic,508,0.0920719623803
global_quadratic,509,0.0755000750518982
global_quadratic,510,0.0113106210022747
global_quadratic,511,-0.0512262494697572
global_quadratic,512,0.0133330270600736
global_quadratic,513,-0.0610928857332024
global_quadratic,514,-0.0796094654944124
global_quadratic,515,0.116706926671874
global_quadratic,516,-0.0763585532876136
global_quadratic,517,0.162811569368614
global_quadratic,518,-0.175063985730787
global_quadratic,519,0.203429255694581
global_quadratic,520,0.0277465181716942
global_quadratic,521,-0.205732729768216
global_quadratic,522,-0.0641846600524717
global_quadratic,523,-0.255478505813284
global_quadratic,524,-0.0139585635065854
global_quadratic,525,0.0250327906421569
global_quadratic,526,-0.0785505505945399
global_quadratic,527,-0.0892266553470072
global_quadratic,528,-0.0905423718361854
global_quadratic,529,0.299217784097428
global_quadratic,530,0.303518689680723
global_quadratic,531,0.00979902593299305
global_quadratic,532,-0.239176347946011
global_quadratic,533,0.00883093920174094
global_quadratic,534,0.0236025352458447
global_quadratic,535,-0.243994725790527
global_quadratic,536,0.0910182832417157
global_quadratic,537,0.124857209462396
global_quadratic,538,0.134513116040262
global_quadratic,539,0.134277423281182
global_quadratic,540,0.11735146333363
global_quadratic,541,-0.390437570798102
global_quadratic,542,0.0947959775104792
global_quadratic,543,-0.157448265087349
global_quadratic,544,0.189384317335569
global_quadratic,545,0.161545548306647
global_quadratic,546,0.221072550120153
global_quadratic,547,0.00841160626905305
global_quadratic,548,0.107406648079161
global_quadratic,549,0.108322999753621
global_quadratic,550,0.017454207224327
global_quadratic,551,0.00124696448418978
global_quadratic,552,0.127682952774307
global_quadratic,553,-0.0312935818367226
global_quadratic,554,-0.0472222249197755
global_quadratic,555,-0.0485320935354325
global_quadratic,556,0.122071904415612
global_quadratic,557,0.172955803949153
global_quadratic,558,0.272284594574672
global_quadratic,559,-0.297221312845329
global_quadratic,560,0.0153322986776686
global_quadratic,561,0.0182831831129091
global_quadratic,562,0.00960702705923566
global_quadratic,563,-0.0678774194669748
global_quadratic,564,-0.0394099867994114
global_quadratic,565,0.0244233040949095
global_quadratic,566,0.00964080792483853
global_quadratic,567,0.172730291770162
global_quadratic,568,0.0296049241378669
global_quadratic,569,0.131915995538869
global_quadratic,570,0.233141773476379
global_quadratic,571,-0.0713348948058957
global_quadratic,572,0.0741809239831195
global_quadratic,573,0.029676189736468
global_quadratic,574,-0.0668524514723006
global_quadratic,575,-0.212187493202998
global_quadratic,576,0.230041995794902
global_quadratic,577,0.257247346496802
global_quadratic,578,-0.113334946097789
global_quadratic,579,0.0934485342434878
global_quadratic,580,-0.0446440553454715
global_quadratic,581,-0.00350838559664624
global_quadratic,582,-0.0733865994709436
global_quadratic,583,0.08469802692615
global_quadratic,584,-0.02512838137152
global_quadratic,585,0.217356833129487
global_quadratic,586,0.133414820209938
global_quadratic,587,-0.140981556745896
global_quadratic,588,-0.242135396108816
global_quadratic,589,0.118277083047292
global_quadratic,590,0.0771484949801522
global_quadratic,591,-0.0804164862028699
global_quadratic,592,0.152274642406254
global_quadratic,593,-0.0732261934483078
global_quadratic,594,-0.0101243210989036
global_quadratic,595,-0.0899819087749553
global_quadratic,596,-0.15407742471521
global_quadratic,597,0.204986971336808
global_quadratic,598,0.273990639990331
global_quadratic,599,0.135701631981978
global_quadratic,600,0.221734584275194
global_quadratic,601,-0.094162434484985
global_quadratic,602,0.16380848160759
global_quadratic,603,0.0759012872868781
global_quadratic,604,0.0194851014499235
global_quadratic,605,0.20627327765801
global_quadratic,606,0.107795528204647
global_quadratic,607,-0.0474819676511332
global_quadratic,608,-0.0870553550211251
global_quadratic,609,-0.0404644893574953
global_quadratic,610,-0.0269345297214697
global_quadratic,611,0.0676493064570843
global_quadratic,612,0.146302918395206
global_quadratic,613,0.186457407483878
global_quadratic,614,-0.0519461185187341
global_quadratic,615,0.042892701473097
global_quadratic,616,-0.121430853261773
global_quadratic,617,-0.00451700408719565
global_quadratic,618,0.0158366049629857
global_quadratic,619,0.122748988062498
global_quadratic,620,-0.172151476751168
global_quadratic,621,0.137488721324595
global_quadratic,622,0.00908756522245676
global_quadratic,623,-0.24231025824771
global_quadratic,624,0.123741497279152
global_quadratic,625,-0.130482997844278
global_quadratic,626,0.0724178582458442
global_quadratic,627,0.357533524710124
global_quadratic,628,-0.169240309478235
global_quadratic,629,-0.0675910417879605
global_quadratic,630,-0.157904738828221
global_quadratic,631,0.131370416319185
global_quadratic,632,-0.326529177177238
global_quadratic,633,-0.0300292478151386
global_quadratic,634,-0.00442739679539953
global_quadratic,635,0.0210199550833388
global_quadratic,636,-0.0833168995462881
global_quadratic,637,0.0319561457813027
global_quadratic,638,0.219545347114651
global_quadratic,639,-0.0933251704013562
global_quadratic,640,0.230144264593191
global_quadratic,641,0.0589213764416761
global_quadratic,642,-0.0475120821918686
global_quadratic,643,0.297241810854898
global_quadratic,644,0.131369947651266
global_quadratic,645,0.0578650121273761
global_quadratic,646,0.267480697623896
global_quadratic,647,0.142986151560291
global_quadratic,648,-0.20394039498455
global_quadratic,649,-0.179503366249597
global_quadratic,650,0.118951048189275
global_quadratic,651,0.181385167573301
global_quadratic,652,0.204545530336351
global_quadratic,653,0.143963120944915
global_quadratic,654,-0.128601744692844
global_quadratic,655,0.191376775613176
global_quadratic,656,-0.0918028017572281
global_quadratic,657,0.287653756012059
global_quadratic,658,-0.173578445868567
global_quadratic,659,0.325602576402286
global_quadratic,660,0.206831293404442
global_quadratic,661,-0.0223331599638463
global_quadratic,662,0.0516301890917085
global_quadratic,663,-0.00747256062928307
global_quadratic,664,-0.0389510572312745
global_quadratic,665,-0.0776888915547286
global_quadratic,666,0.0310871900847038
global_quadratic,667,-0.129500986023116
global_quadratic,668,-0.101478756596149
global_quadratic,669,-0.214012453452898
global_quadratic,670,0.0852240193285887
global_quadratic,671,-0.176878026838099
global_quadratic,672,-0.199160365846182
global_quadratic,673,-0.141106218508156
global_quadratic,674,-0.0432550047105182
global_quadratic,675,-0.1538009134068
global_quadratic,676,-0.0262246455868332
global_quadratic,677,-0.0223296681343837
global_quadratic,678,-0.110241187381228
global_quadratic,679,0.184079211685212
global_quadratic,680,-0.182275755530152
global_quadratic,681,-0.215535064063037
global_quadratic,682,-0.00163840721134919
global_quadratic,683,0.199791775149344
global_quadratic,684,0.0313624266806881
global_quadratic,685,-0.182386950895984
global_quadratic,686,-0.1247086362938
global_quadratic,687,-0.0196343010039983
global_quadratic,688,0.0320317640613519
global_quadratic,689,0.191540588134349
global_quadratic,690,-0.219174536815925
global_quadratic,691,0.158559544564413
global_quadratic,692,0.114553986520387
global_quadratic,693,-0.107482975783388
global_quadratic,694,-0.0073261215442025
global_quadratic,695,-0.131776154648374
global_quadratic,696,-0.0206276476762577
global_quadratic,697,-0.204515941615268
global_quadratic,698,0.0699587550834864
global_quadratic,699,-0.0529306111762521
global_quadratic,700,-0.133805796439365
global_quadratic,701,0.174730041411728
global_quadratic,702,0.0408990395988328
global_quadratic,703,0.0527841763616284
global_quadratic,704,-0.049013713583661
global_quadratic,705,0.0399519047249282
global_quadratic,706,0.364319394148789
global_quadratic,707,0.121060659774058
global_quadratic,708,-0.126851415180619
global_quadratic,709,0.216222728938587
global_quadratic,710,-0.0580613254250612
global_quadratic,711,0.0239889369570718
global_quadratic,712,-0.253236193106562
global_quadratic,713,0.0361968242689293
global_quadratic,714,0.199695486351247
global_quadratic,715,-0.100596917851963
global_quadratic,716,-0.0884321996637502
global_quadratic,717,0.141103245817376
global_quadratic,718,-0.0714803404542446
global_quadratic,719,-0.0696563844674865
global_quadratic,720,0.157584484664017
global_quadratic,721,0.0382468587461876
global_quadratic,722,-0.325237965432523
global_quadratic,723,0.00666377996021605
global_quadratic,724,-0.159505394388497
global_quadratic,725,0.036157802250249
global_quadratic,726,-0.302451889430029
global_quadratic,727,0.142725256253912
global_quadratic,728,0.0308828228943341
global_quadratic,729,0.0724808836583331
global_quadratic,730,-0.143760485718439
global_quadratic,731,0.0182366699329612
global_quadratic,732,0.185244990429824
global_quadratic,733,-0.0707676280731381
global_quadratic,734,0.206916543115361
global_quadratic,735,0.251228138377896
global_quadratic,736,0.0333438046216914
global_quadratic,737,-0.0567428866141198
global_quadratic,738,-0.066105009823002
global_quadratic,739,-0.235280026327858
global_quadratic,740,0.117686251304743
global_quadratic,741,0.053236096102251
global_quadratic,742,0.124093288307873
global_quadratic,743,0.111668870596731
global_quadratic,744,0.222070640374958
global_quadratic,745,0.0738301657521487
global_quadratic,746,-0.159857608048062
global_quadratic,747,0.0718351138929615
global_quadratic,748,0.0875024960955413
global_quadratic,749,-0.117205950618667
global_quadratic,750,-0.232831070635029
global_quadratic,751,-0.306907055921126
global_quadratic,752,-0.0382257350625768
global_quadratic,753,0.0797532432905085
global_quadratic,754,-0.0620808708872707
global_quadratic,755,-0.0834265005895182
global_quadratic,756,0.283867585360363
global_quadratic,757,0.110448012280125
global_quadratic,758,-0.0673769190473627
global_quadratic,759,0.167022267899567
global_quadratic,760,-0.0806625393982134
global_quadratic,761,-0.00130683697529695
global_quadratic,762,-0.0493364423598948
global_quadratic,763,0.163763473357801
global_quadratic,764,-0.310939616338669
global_quadratic,765,-0.0393097643375961
global_quadratic,766,-0.0707993953846223
global_quadratic,767,-0.178480594477446
global_quadratic,768,0.0374568927638969
global_quadratic,769,-0.0438781904044718
global_quadratic,770,0.0265605999735052
global_quadratic,771,0.0835111915431839
global_quadratic,772,0.146423161939879
global_quadratic,773,-0.0821011153132165
global_quadratic,774,0.0306057634990315
global_quadratic,775,-0.207714019866526
global_quadratic,776,-0.2182109602707
global_quadratic,777,0.01844598518364
global_quadratic,778,0.21203902995627
global_quadratic,779,-0.401940509203974
global_quadratic,780,0.152268836425773
global_quadratic,781,-0.0917215996902885
global_quadratic,782,0.19905884569887
global_quadratic,783,0.0247849664186977
global_quadratic,784,0.224146932551455
global_quadratic,785,-0.106398547780701
global_quadratic,786,-0.112290268537542
global_quadratic,787,-0.0595723634622155
global_quadratic,788,-0.324753808721733
global_quadratic,789,0.190695131009368
global_quadratic,790,-0.00955059889144216
global_quadratic,791,-0.145854317402499
global_quadratic,792,-0.127750809938642
global_quadratic,793,0.32969234433371
global_quadratic,794,0.13351003955391
global_quadratic,795,0.210796139106287
global_quadratic,796,-0.298388336980011
global_quadratic,797,-0.225126712779611
global_quadratic,798,0.0902269359156215
global_quadratic,799,0.05821953050116
global_quadratic,800,-0.332142174885901
global_quadratic,801,-0.120858064100998
global_quadratic,802,0.0480744270559483
global_quadratic,803,0.0264331730116494
global_quadratic,804,0.0475692893519068
global_quadratic,805,-0.0644148629669289
global_quadratic,806,-0.28499428651828
global_quadratic,807,0.0789737386202856
global_quadratic,808,0.0876731298454478
global_quadratic,809,-0.0787563532982745
global_quadratic,810,-0.124392064548881
global_quadratic,811,-0.0638152075207576
global_quadratic,812,-0.0377210599493933
global_quadratic,813,0.121309670416127
global_quadratic,814,0.0333372975289684
global_quadratic,815,-0.35005964862645
global_quadratic,816,0.170549865159414
global_quadratic,817,-0.0926543179857031
global_quadratic,818,0.137004598086564
global_quadratic,819,-0.0509149420856572
global_quadratic,820,-0.00374694236948603
global_quadratic,821,0.269087633207328
global_quadratic,822,-0.227208903448356
global_quadratic,823,-0.135097091530189
global_quadratic,824,0.0247768110298858
global_quadratic,825,-0.0751535220345311
global_quadratic,826,-0.122959694523269
global_quadratic,827,0.0722079175854124
global_quadratic,828,0.0460685195548054
global_quadratic,829,0.0750647909242395
global_quadratic,830,-0.179971949220846
global_quadratic,831,-0.170235096817853
global_quadratic,832,0.0347412431784306
global_quadratic,833,0.280544151416059
global_quadratic,834,0.00904047238895493
global_quadratic,835,-0.111383149238256
global_quadratic,836,-0.181574700345783
global_quadratic,837,-0.0802888757808906
global_quadratic,838,-0.0616674740638112
global_quadratic,839,-0.195275203125681
global_quadratic,840,0.0393980296219191
global_quadratic,841,-0.135872464442467
global_quadratic,842,0.102145815283743
global_quadratic,843,0.0432786418764059
global_quadratic,844,0.198707633322996
global_quadratic,845,0.172831578104443
global_quadratic,846,-0.0859399470727012
global_quadratic,847,0.160238328305721
global_quadratic,848,-0.0653119520437577
global_quadratic,849,0.0743470876881632
global_quadratic,850,0.0454627766257012
global_quadratic,851,-0.150509465407639
global_quadratic,852,0.0227097020760851
global_quadratic,853,0.193577506682069
global_quadratic,854,-0.0566480559510148
global_quadratic,855,-0.204304616178264
global_quadratic,856,-0.225498885158936
global_quadratic,857,-0.155174666072528
global_quadratic,858,0.169855103421281
global_quadratic,859,0.053275041465553
global_quadratic,860,0.173491583754664
global_quadratic,861,-0.0456198381239303
global_quadratic,862,-0.215325166081037
global_quadratic,863,0.110593320754734
global_quadratic,864,0.0218597832552965
global_quadratic,865,-0.108167569606772
global_quadratic,866,-0.0934504678521311
global_quadratic,867,-0.201287235027502
global_quadratic,868,0.0808004583228155
global_quadratic,869,-0.151161741237967
global_quadratic,870,0.0596811552052552
global_quadratic,871,-0.134772991685749
global_quadratic,872,0.00936432316651281
global_quadratic,873,0.242703181937317
global_quadratic,874,-0.0595308300074615
global_quadratic,875,0.0961586505994392
global_quadratic,876,-0.16086812426132
global_quadratic,877,0.210636546630295
global_quadratic,878,0.134321898251087
global_quadratic,879,0.138613786651104
global_quadratic,880,0.0601096962415859
global_quadratic,881,-0.0830890130597624
global_quadratic,882,0.160887461458848
global_quadratic,883,0.0936167911584104
global_quadratic,884,0.0185797632594182
global_quadratic,885,0.00381538494775876
global_quadratic,886,-0.0138451748023698
global_quadratic,887,0.0364792597009949
global_quadratic,888,-0.0759995087366135
global_quadratic,889,-0.130188395081702
global_quadratic,890,-0.210557273141217
global_quadratic,891,0.0632285743906902
global_quadratic,892,0.206884165831916
global_quadratic,893,-0.113680793225153
global_quadratic,894,-0.272919893087725
global_quadratic,895,-0.0184392526619392
global_quadratic,896,-0.0701097957940598
global_quadratic,897,0.113264268286661
global_quadratic,898,0.115269980549506
global_quadratic,899,0.184610405678564
global_quadratic,900,0.0410492576172429
global_quadratic,901,-0.174413119226804
global_quadratic,902,-0.0607337254020344
global_quadratic,903,-0.300514551620537
global_quadratic,904,0.129258836889356
global_quadratic,905,0.201004671037029
global_quadratic,906,-0.000185715356246637
global_quadratic,907,0.0353414414705856
global_quadratic,908,0.247346449387357
global_quadratic,909,0.0623129431434236
global_quadratic,910,-0.0598180206307672
global_quadratic,911,-0.0217425735153451
global_quadratic,912,0.160199478629927
global_quadratic,913,0.136126315193601
global_quadratic,914,-0.106553763229865
global_quadratic,915,-0.00567434013218578
global_quadratic,916,-0.318600693592271
global_quadratic,917,0.118329209269568
global_quadratic,918,0.180499148559259
global_quadratic,919,-0.144536860335144
global_quadratic,920,0.0273445490162739
global_quadratic,921,-0.0624835576325964
global_quadratic,922,0.209574481882228
global_quadratic,923,-0.197848067057839
global_quadratic,924,-0.0868130548969305
global_quadratic,925,0.110128053632255
global_quadratic,926,-0.0025571475270727
global_quadratic,927,-0.0545986545529426
global_quadratic,928,0.00385990490150423
global_quadratic,929,0.0135229133881018
global_quadratic,930,-0.0255490472610376
global_quadratic,931,-0.126021466189572
global_quadratic,932,0.0288666128261402
global_quadratic,933,0.050327440359976
global_quadratic,934,-0.175873355322398
global_quadratic,935,-0.20602101997304
global_quadratic,936,0.227507949474788
global_quadratic,937,0.190204319603905
global_quadratic,938,0.381198733072601
global_quadratic,939,-0.150911534498361
global_quadratic,940,-0.10008441957745
global_quadratic,941,0.305986788824267
global_quadratic,942,0.116830598673795
global_quadratic,943,0.142710986629004
global_quadratic,944,0.00931244336973484
global_quadratic,945,0.0235620565552267
global_quadratic,946,-0.0489564575345352
global_quadratic,947,-0.0308192306907777
global_quadratic,948,-0.0838360467121711
global_quadratic,949,0.140612894861973
global_quadratic,950,0.0430126466085795
global_quadratic,951,0.0520173606527011
global_quadratic,952,-0.0738897888852292
global_quadratic,953,0.246362745059086
global_quadratic,954,-0.113427370031099
global_quadratic,955,-0.221195552989034
global_quadratic,956,-0.0448079040966537
global_quadratic,957,0.018318045749553
global_quadratic,958,-0.000931151434597174
global_quadratic,959,0.171322522829724
global_quadratic,960,-0.126312846651473
global_quadratic,961,0.0946736535419961
global_quadratic,962,0.20710964922545
global_quadratic,963,-0.0335477348530144
global_quadratic,964,0.177268258285287
global_quadratic,965,0.255728687105385
global_quadratic,966,0.00028629173123503
global_quadratic,967,-0.148436815145762
global_quadratic,968,-0.231286064552253
global_quadratic,969,0.176369192956471
global_quadratic,970,0.0468968007714314
global_quadratic,971,-0.195684182601575
global_quadratic,972,0.1486585532531
global_quadratic,973,0.122632165992798
global_quadratic,974,-0.00634475798345295
global_quadratic,975,0.0295764361804756
global_quadratic,976,-0.0970541896962504
global_quadratic,977,-0.14719949394403
global_quadratic,978,0.0109172098906599
global_quadratic,979,0.224963277700856
global_quadratic,980,0.167327789010015
global_quadratic,981,0.130051176909178
global_quadratic,982,-0.341364350674202
global_quadratic,983,-0.0760903289538462
global_quadratic,984,0.00766617403152529
global_quadratic,985,0.164075466720601
global_quadratic,986,0.0153743271518728
global_quadratic,987,0.073011492663453
global_quadratic,988,0.148444192719371
global_quadratic,989,-0.138491930082027
global_quadratic,990,-0.0882856545949237
global_quadratic,991,0.110778239686766
global_quadratic,992,0.0859623136262077
global_quadratic,993,-0.0593362503227877
global_quadratic,994,0.0520248682926413
global_quadratic,995,0.103649844843623
global_quadratic,996,0.0817488945395303
global_quadratic,997,0.0470921961204865
global_quadratic,998,0.077115659698921
global_quadratic,999,-0.0630655860136503
global_quadratic,1000,-0.15456597362093
global_quadratic,1001,0.146334968651641
global_quadratic,1002,-0.0671407011451851
global_quadratic,1003,-0.0189308907328828
global_quadratic,1004,0.188103808877946
global_quadratic,1005,-0.0529195554656944
global_quadratic,1006,0.166796732599778
global_quadratic,1007,-0.00316842399112035
global_quadratic,1008,-0.0466303073055618
global_quadratic,1009,0.296965227472976
global_quadratic,1010,0.0143707236608153
global_quadratic,1011,0.128117671017827
global_quadratic,1012,0.214589582453716
global_quadratic,1013,-0.173529866942681
global_quadratic,1014,-0.0705855432249167
global_quadratic,1015,0.206081600455732
global_quadratic,1016,0.266923861849529
global_quadratic,1017,-0.0558318380055779
global_quadratic,1018,-0.249361824666737
global_quadratic,1019,0.275689181632018
global_quadratic,1020,-0.058394158745877
global_quadratic,1021,0.0563544645894387
global_quadratic,1022,0.123365099808819
global_quadratic,1023,-0.225931385491437
global_quadratic,1024,-0.151294965558589
global_quadratic,1025,0.00936542079419341
global_quadratic,1026,0.0538611010240014
global_quadratic,1027,-0.100172747584847
global_quadratic,1028,0.0116005427983321
global_quadratic,1029,0.144907473055124
global_quadratic,1030,0.151421121546916
global_quadratic,1031,-0.197351894243842
global_quadratic,1032,-0.0370931728898502
global_quadratic,1033,0.137974101307915
global_quadratic,1034,-0.00271006461432351
global_quadratic,1035,0.00926937247329433
global_quadratic,1036,0.086716219007385
global_quadratic,1037,0.365149038204654
global_quadratic,1038,0.091791739782473
global_quadratic,1039,-0.0672423905830968
global_quadratic,1040,-0.212604502389314
global_quadratic,1041,0.0246047126870967
global_quadratic,1042,-0.00340932297984597
global_quadratic,1043,0.0331878051822064
global_quadratic,1044,0.124362197898789
global_quadratic,1045,-0.0506864025261127
global_quadratic,1046,0.048811469893329
global_quadratic,1047,0.00456562100833876
global_quadratic,1048,0.0723560367522277
global_quadratic,1049,0.0426812548569782
global_quadratic,1050,-0.00431755825232028
global_quadratic,1051,-0.0599488637392183
global_quadratic,1052,-0.018378217151505
global_quadratic,1053,0.014968159648315
global_quadratic,1054,0.128312485704973
global_quadratic,1055,0.229204256200662
global_quadratic,1056,0.284425659529931
global_quadratic,1057,0.0607539732196782
global_quadratic,1058,-0.0650035507870227
global_quadratic,1059,0.196322571561199
global_quadratic,1060,0.0331611889644954
global_quadratic,1061,0.0827363019481184
global_quadratic,1062,0.04803017732489
global_quadratic,1063,0.104332015702056
global_quadratic,1064,-0.127279596500865
global_quadratic,1065,0.0188257607863622
global_quadratic,1066,0.0441854014110149
global_quadratic,1067,0.152362243075715
global_quadratic,1068,0.0216256620417337
global_quadratic,1069,0.109040238705892
global_quadratic,1070,-0.042372501197353
global_quadratic,1071,0.18264332471192
global_quadratic,1072,0.0409530315385413
global_quadratic,1073,0.124182486975265
global_quadratic,1074,-0.217737136908919
global_quadratic,1075,0.0425841036967469
global_quadratic,1076,-0.10711453777666
global_quadratic,1077,0.0461038197966873
global_quadratic,1078,0.11022380472168
global_quadratic,1079,-0.173866793278811
global_quadratic,1080,0.172660522034989
global_quadratic,1081,0.280568118001582
global_quadratic,1082,-0.205236329969366
global_quadratic,1083,-0.106131849573676
global_quadratic,1084,0.138152790943033
global_quadratic,1085,0.163438293814425
global_quadratic,1086,0.154165225743632
global_quadratic,1087,-0.072119526959057
global_quadratic,1088,-0.13163931898518
global_quadratic,1089,-0.0949068952061796
global_quadratic,1090,-0.0674940382326146
global_quadratic,1091,0.0327544685402469
global_quadratic,1092,0.0452599673304925
global_quadratic,1093,0.0788616910091609
global_quadratic,1094,-0.23847038502974
global_quadratic,1095,0.263032269647757
global_quadratic,1096,-0.00917769094208036
global_quadratic,1097,0.106740119352588
global_quadratic,1098,0.156496450928805
global_quadratic,1099,0.0725442001078497
global_quadratic,1100,-0.104331229835507
global_quadratic,1101,0.0816020764868114
global_quadratic,1102,0.0389866165349417
global_quadratic,1103,-0.175176693086104
global_quadratic,1104,0.0730135788312601
global_quadratic,1105,-0.206740677963171
global_quadratic,1106,-0.105989056094485
global_quadratic,1107,-0.0548436248436444
global_quadratic,1108,0.00968631870637064
global_quadratic,1109,0.146749445919669
global_quadratic,1110,-0.200861339268291
global_quadratic,1111,0.0689131782447581
global_quadratic,1112,0.154418350978406
global_quadratic,1113,-0.0363956690412313
global_quadratic,1114,0.0382568968230475
global_quadratic,1115,0.0878424606145257
global_quadratic,1116,-0.125427397974001
global_quadratic,1117,0.116563836540625
global_quadratic,1118,0.0920108853497809
global_quadratic,1119,0.0605231334434905
global_quadratic,1120,0.0727157919458626
global_quadratic,1121,-7.59429649314451e-05
global_quadratic,1122,0.232498781423845
global_quadratic,1123,-0.230574880409338
global_quadratic,1124,0.154208677219835
global_quadratic,1125,0.192521778872697
global_quadratic,1126,-0.274179218992957
global_quadratic,1127,-0.0170793283996291
global_quadratic,1128,-0.0431784508912708
global_quadratic,1129,0.166445814200945
global_quadratic,1130,0.0321977612652953
global_quadratic,1131,-0.194090390413241
global_quadratic,1132,0.0485075608738175
global_quadratic,1133,0.0166647851949809
global_quadratic,1134,0.0481043454062906
global_quadratic,1135,-0.105319874190808
global_quadratic,1136,-0.258480103138248
global_quadratic,1137,0.199118460581482
global_quadratic,1138,-0.128592596965154
global_quadratic,1139,0.22020323954914
global_quadratic,1140,-0.00329357305167921
global_quadratic,1141,0.0560876709110515
global_quadratic,1142,0.130146501662577
global_quadratic,1143,0.0457092424876426
global_quadratic,1144,-0.22844102085979
global_quadratic,1145,-0.138982505927616
global_quadratic,1146,-0.00890534369120862
global_quadratic,1147,-0.210697223233934
global_quadratic,1148,0.111326678402784
global_quadratic,1149,0.0570339203887557
global_quadratic,1150,0.022248095792107
global_quadratic,1151,-0.0709743156833271
global_quadratic,1152,0.186489087646552
global_quadratic,1153,-0.12000674225766
global_quadratic,1154,-0.0306117249251781
global_quadratic,1155,0.0125851369989295
global_quadratic,1156,0.0313360861560866
global_quadratic,1157,0.0821884033460218
global_quadratic,1158,-0.0424684092404289
global_quadratic,1159,-0.00418349589234287
global_quadratic,1160,-0.332603364524434
global_quadratic,1161,-0.221756545904208
global_quadratic,1162,-0.1574698925222
global_quadratic,1163,0.125526921057931
global_quadratic,1164,-0.130681760147799
global_quadratic,1165,-0.0424376516440367
global_quadratic,1166,0.0553476045068623
global_quadratic,1167,0.0998203932972679
global_quadratic,1168,-0.121984669678555
global_quadratic,1169,0.0549658468472097
global_quadratic,1170,0.0791816756929844
global_quadratic,1171,-0.0329046831612674
global_quadratic,1172,0.0317830156395008
global_quadratic,1173,0.0331370548163683
global_quadratic,1174,-0.145388236685366
global_quadratic,1175,0.260094213433818
global_quadratic,1176,0.152243516937389
global_quadratic,1177,-0.0660547991447376
global_quadratic,1178,0.0421942790171454
global_quadratic,1179,-0.120521741002146
global_quadratic,1180,-0.116327052348986
global_quadratic,1181,0.0328433606680658
global_quadratic,1182,0.381448277588574
global_quadratic,1183,-0.196730990086718
global_quadratic,1184,0.222025899666145
global_quadratic,1185,-0.0543616354883681
global_quadratic,1186,0.0884050940208032
global_quadratic,1187,0.349433465811738
global_quadratic,1188,0.225359591465981
global_quadratic,1189,0.115322339522216
global_quadratic,1190,-0.219886664633385
global_quadratic,1191,-0.048428699740291
global_quadratic,1192,-0.0477573660581232
global_quadratic,1193,-0.195760641285178
global_quadratic,1194,-0.185081786473146
global_quadratic,1195,0.10177271381646
global_quadratic,1196,0.0655067420071956
global_quadratic,1197,0.0692999813041464
global_quadratic,1198,0.156422449650527
global_quadratic,1199,0.203723092849652
global_quadratic,1200,0.132705755864504
global_quadratic,1201,0.102047503227591
global_quadratic,1202,-0.119615030244964
global_quadratic,1203,-0.0584857332000374
global_quadratic,1204,0.208544851654504
global_quadratic,1205,-0.0992303687749579
global_quadratic,1206,0.0740044820123013
global_quadratic,1207,-0.0820136760080284
global_quadratic,1208,-0.112119737820849
global_quadratic,1209,0.157980883343921
global_quadratic,1210,-0.131536228724661
global_quadratic,1211,-0.230478242190628
global_quadratic,1212,-0.131800322443711
global_quadratic,1213,0.0420935105966039
global_quadratic,1214,0.0351927845117131
global_quadratic,1215,-0.0436210427158702
global_quadratic,1216,-0.107432350510742
global_quadratic,1217,-0.199467192057824
global_quadratic,1218,0.0519420441573599
global_quadratic,1219,0.127446273254435
global_quadratic,1220,0.0502782801223013
global_quadratic,1221,-0.0342766896694577
global_quadratic,1222,-0.0759931902694646
global_quadratic,1223,-0.120695808905497
global_quadratic,1224,-0.0516062516913781
global_quadratic,1225,-0.0257737649027977
global_quadratic,1226,-0.151013637047941
global_quadratic,1227,-0.102412348128297
global_quadratic,1228,0.116421982588746
global_quadratic,1229,-0.0220745024426146
global_quadratic,1230,-0.124864345554869
global_quadratic,1231,-0.13973095734062
global_quadratic,1232,-0.203610508695446
global_quadratic,1233,-0.0987664594605594
global_quadratic,1234,0.0126470148947488
global_quadratic,1235,-0.112418597478441
global_quadratic,1236,0.157549820325136
global_quadratic,1237,-0.178847711607367
global_quadratic,1238,-0.320131652937475
global_quadratic,1239,-0.115254452162008
global_quadratic,1240,-0.166559063228349
global_quadratic,1241,-0.0295644594073519
global_quadratic,1242,0.290178714340646
global_quadratic,1243,-0.189137613609164
global_quadratic,1244,0.0490765735043643
global_quadratic,1245,-0.0994829883040482
global_quadratic,1246,-0.0148720899441009
global_quadratic,1247,-0.207461099883786
global_quadratic,1248,-0.077021592000273
global_quadratic,1249,-0.0900625784960587
global_quadratic,1250,0.136811752173341
global_quadratic,1251,0.255090278396695
global_quadratic,1252,0.150528800538277
global_quadratic,1253,-0.117517837128264
global_quadratic,1254,-0.025247722920013
global_quadratic,1255,0.111254797640985
global_quadratic,1256,-0.00247375223920147
global_quadratic,1257,-0.139023114823961
global_quadratic,1258,-0.0813600753662198
global_quadratic,1259,0.0503943096068271
global_quadratic,1260,-0.189784168199747
global_quadratic,1261,-0.149283728817679
global_quadratic,1262,0.231011241447574
global_quadratic,1263,0.220412064204718
global_quadratic,1264,-0.144054428492132
global_quadratic,1265,-0.0605088569013548
global_quadratic,1266,-0.194008199490101
global_quadratic,1267,-0.0292337374271433
global_quadratic,1268,0.0700187114762834
global_quadratic,1269,-0.0369745389188611
global_quadratic,1270,-0.184707043059471
global_quadratic,1271,-0.0304132459548399
global_quadratic,1272,0.0106457723269221
global_quadratic,1273,0.0025938310106041
global_quadratic,1274,0.103070585551465
global_quadratic,1275,-0.101546809343923
global_quadratic,1276,-0.0549019226791761
global_quadratic,1277,0.108980301461295
global_quadratic,1278,0.163082551381322
global_quadratic,1279,-0.00862846200275473
global_quadratic,1280,-0.0698515255676962
global_quadratic,1281,0.224433252327854
global_quadratic,1282,-0.0833651157468476
global_quadratic,1283,-0.0923395305514478
global_quadratic,1284,0.109344481715048
global_quadratic,1285,0.0590597927737792
global_quadratic,1286,0.0805776093146958
global_quadratic,1287,-0.100148042410462
global_quadratic,1288,-0.195280595898461
global_quadratic,1289,0.194875602442483
global_quadratic,1290,0.259208821803004
global_quadratic,1291,-0.00291346475746905
global_quadratic,1292,0.270411670804078
global_quadratic,1293,-0.0812960517088938
global_quadratic,1294,0.072921792789242
global_quadratic,1295,-0.140912796773381
global_quadratic,1296,0.0548109785094907
global_quadratic,1297,-0.0137162051570693
global_quadratic,1298,-0.0378223666148312
global_quadratic,1299,0.0667916087899746
global_quadratic,1300,0.0457476719620695
global_quadratic,1301,-0.00469912604775521
global_quadratic,1302,-0.0143950974370588
global_quadratic,1303,-0.146189841871927
global_quadratic,1304,0.00864993746029826
global_quadratic,1305,-0.138238411350878
global_quadratic,1306,0.035030693944495
global_quadratic,1307,-0.022163327591526
global_quadratic,1308,0.167741797903232
global_quadratic,1309,0.221226429823536
global_quadratic,1310,0.122353908261135
global_quadratic,1311,0.131771689033403
global_quadratic,1312,0.059516005342395
global_quadratic,1313,-0.0542205155158418
global_quadratic,1314,0.232023449884119
global_quadratic,1315,-0.0640330413781109
global_quadratic,1316,-0.163959317015654
global_quadratic,1317,0.0983599101466653
global_quadratic,1318,-0.0858014700345029
global_quadratic,1319,-0.045409805943455
global_quadratic,1320,0.130333766864883
global_quadratic,1321,-0.185560393468138
global_quadratic,1322,-0.0564519304481834
global_quadratic,1323,0.0199036774053516
global_quadratic,1324,0.228680631573148
global_quadratic,1325,0.109020804603358
global_quadratic,1326,-0.0379643987644721
global_quadratic,1327,0.102808188813172
global_quadratic,1328,-0.0266862333033358
global_quadratic,1329,0.0133103765647542
global_quadratic,1330,-0.164737252847684
global_quadratic,1331,-0.0914978843478866
global_quadratic,1332,-0.21385587575903
global_quadratic,1333,0.0861138905257383
global_quadratic,1334,-0.183001685745758
global_quadratic,1335,-0.086640393475934
global_quadratic,1336,0.118917987313581
global_quadratic,1337,-0.0347925498921929
global_quadratic,1338,0.0731246603681705
global_quadratic,1339,0.189858467859168
global_quadratic,1340,-0.122325314558603
global_quadratic,1341,0.0514906969034934
global_quadratic,1342,0.0396451936506474
global_quadratic,1343,0.113809026213098
global_quadratic,1344,-0.319300574552271
global_quadratic,1345,-0.252970910274848
global_quadratic,1346,-0.198312282413019
global_quadratic,1347,0.110756554086071
global_quadratic,1348,0.0681723900150833
global_quadratic,1349,0.144178079684483
global_quadratic,1350,-0.0564438352183633
global_quadratic,1351,-0.250757663497772
global_quadratic,1352,0.166017349762596
global_quadratic,1353,0.00191596083728355
global_quadratic,1354,-0.173408340982495
global_quadratic,1355,-0.249672169734797
global_quadratic,1356,-0.198608485446523
global_quadratic,1357,0.0570540372216562
global_quadratic,1358,0.0543421840247893
global_quadratic,1359,-0.0660036314166449
global_quadratic,1360,0.0905151266349581
global_quadratic,1361,-0.0256431165608782
global_quadratic,1362,-0.105414088540291
global_quadratic,1363,0.165305041468484
global_quadratic,1364,-0.0302313286530479
global_quadratic,1365,-0.00960301661100734
global_quadratic,1366,0.00218109052045001
global_quadratic,1367,0.067826015580794
global_quadratic,1368,0.121023111576099
global_quadratic,1369,0.0647128532896784
global_quadratic,1370,0.328732387492146
global_quadratic,1371,0.0575686615670795
global_quadratic,1372,0.059164448170043
global_quadratic,1373,-0.0827736696052218
global_quadratic,1374,-0.202005293436542
global_quadratic,1375,0.146676012311267
global_quadratic,1376,0.296496547483623
global_quadratic,1377,0.0165850863915307
global_quadratic,1378,-0.191083055929244
global_quadratic,1379,0.163550741048684
global_quadratic,1380,0.0589506633689485
global_quadratic,1381,-0.105790126946552
global_quadratic,1382,0.026561040025333
global_quadratic,1383,0.00121007316592732
global_quadratic,1384,0.231137195486054
global_quadratic,1385,0.111195987021919
global_quadratic,1386,-0.234697289625514
global_quadratic,1387,-0.0283919870977378
global_quadratic,1388,0.0222836078217045
global_quadratic,1389,-0.116826385892184
global_quadratic,1390,0.0196841091352882
global_quadratic,1391,-0.230486322307669
global_quadratic,1392,-0.168392157859807
global_quadratic,1393,0.102591054304699
global_quadratic,1394,-0.146953144844081
global_quadratic,1395,-0.12294057869269
global_quadratic,1396,-0.0303646932326617
global_quadratic,1397,-0.251598951756147
global_quadratic,1398,-0.126947393643003
global_quadratic,1399,0.12770442790792
global_quadratic,1400,0.051613286250929
global_quadratic,1401,0.366126828498448
global_quadratic,1402,0.135405375895979
global_quadratic,1403,-0.210418515477592
global_quadratic,1404,0.00958427026225905
global_quadratic,1405,0.163183787899348
global_quadratic,1406,0.413859155956613
global_quadratic,1407,-0.127275717172087
global_quadratic,1408,0.169692113383989
global_quadratic,1409,-0.0688001264709938
global_quadratic,1410,-0.119963246078622
global_quadratic,1411,-0.0128529379432667
global_quadratic,1412,-0.340773292488495
global_quadratic,1413,-0.00473050583416927
global_quadratic,1414,-0.0263130745483492
global_quadratic,1415,0.0444948600432455
global_quadratic,1416,-0.0198088354369782
global_quadratic,1417,0.196347991537273
global_quadratic,1418,-0.0279228367423239
global_quadratic,1419,0.0062883864444642
global_quadratic,1420,0.0806364458166676
global_quadratic,1421,0.0496033191242609
global_quadratic,1422,-0.00952756702408308
global_quadratic,1423,-0.145001644809519
global_quadratic,1424,-0.196038653601391
global_quadratic,1425,0.0539230704514567
global_quadratic,1426,0.0140749283148676
global_quadratic,1427,0.146898652965023
global_quadratic,1428,0.179848254945245
global_quadratic,1429,0.0400526548225105
global_quadratic,1430,0.15213809644591
global_quadratic,1431,-0.0213191037937402
global_quadratic,1432,0.0637606408598727
global_quadratic,1433,-0.0182631313326344
global_quadratic,1434,0.174647441907223
global_quadratic,1435,0.0478798565433246
global_quadratic,1436,-0.00451158699153028
global_quadratic,1437,-0.051274187497388
global_quadratic,1438,-0.00567100442073443
global_quadratic,1439,0.101624467529292
global_quadratic,1440,0.0219233443474488
global_quadratic,1441,-0.0710936708126179
global_quadratic,1442,-0.10903242438288
global_quadratic,1443,0.00491981459210085
global_quadratic,1444,0.0333466214479659
global_quadratic,1445,-0.114652784674114
global_quadratic,1446,-0.178094341681616
global_quadratic,1447,0.0102022180166135
global_quadratic,1448,-0.0968663867353001
global_quadratic,1449,-0.0468988808469503
global_quadratic,1450,-0.0168645135345627
global_quadratic,1451,-0.150941659823005
global_quadratic,1452,0.071183693334308
global_quadratic,1453,0.218408223915391
global_quadratic,1454,-0.0719099579432567
global_quadratic,1455,0.050934068188492
global_quadratic,1456,-0.00588147155576439
global_quadratic,1457,0.20609261459042
global_quadratic,1458,0.188879047038105
global_quadratic,1459,0.0545412277948142
global_quadratic,1460,-0.00982405788244023
global_quadratic,1461,-0.149412073155283
global_quadratic,1462,0.14812678673607
global_quadratic,1463,-0.019222517594006
global_quadratic,1464,-0.228462558780924
global_quadratic,1465,-0.0952573683103424
global_quadratic,1466,-0.0655262853832956
global_quadratic,1467,0.0963726522021681
global_quadratic,1468,0.0405810948284332
global_quadratic,1469,-0.213959091287431
global_quadratic,1470,0.307654199791094
global_quadratic,1471,-0.0345106148401939
global_quadratic,1472,0.127674005583307
global_quadratic,1473,-0.0913994098650116
global_quadratic,1474,0.110728658710572
global_quadratic,1475,-0.21479988696938
global_quadratic,1476,-0.0542065363001626
global_quadratic,1477,-0.0992263975823384
global_quadratic,1478,-0.0461587360348605
global_quadratic,1479,0.0785849119762914
global_quadratic,1480,0.0129319633017196
global_quadratic,1481,0.0568644828642846
global_quadratic,1482,-0.0988901336034026
global_quadratic,1483,0.0453682049893006
global_quadratic,1484,-0.0467421575049792
global_quadratic,1485,-0.110510349379012
global_quadratic,1486,-0.0816136706619754
global_quadratic,1487,-0.11920399847819
global_quadratic,1488,-0.160296918812763
global_quadratic,1489,0.260158427037444
global_quadratic,1490,0.153493348922878
global_quadratic,1491,-0.171147823789835
global_quadratic,1492,-0.0883737688786409
global_quadratic,1493,0.0514260135654393
global_quadratic,1494,0.0189946973852691
global_quadratic,1495,-0.148031307145565
global_quadratic,1496,-0.0425055146348695
global_quadratic,1497,0.104864826887283
global_quadratic,1498,-0.0281501304103318
global_quadratic,1499,0.0560238417829281
global_quadratic,1500,-0.000988343855930533
global_quadratic,1501,-0.0281160526338207
global_quadratic,1502,-0.0432409681341008
global_quadratic,1503,0.0137345733429693
global_quadratic,1504,-0.0376992520794544
global_quadratic,1505,-0.0241196277725179
global_quadratic,1506,-0.00795443384855421
global_quadratic,1507,0.040676227355671
global_quadratic,1508,0.00139395260397368
global_quadratic,1509,0.0119859698116089
global_quadratic,1510,0.0215929699379469
global_quadratic,1511,0.184602727927578
global_quadratic,1512,-0.0722214014722621
global_quadratic,1513,0.144744063886639
global_quadratic,1514,-0.0561694969462548
global_quadratic,1515,0.147643199653073
global_quadratic,1516,0.0691014967567962
global_quadratic,1517,-0.000198976817478602
global_quadratic,1518,0.101683916498324
global_quadratic,1519,-0.0547584263526625
global_quadratic,1520,-0.00918011646591044
global_quadratic,1521,-0.0755500807757127
global_quadratic,1522,-0.00416775506150528
global_quadratic,1523,-0.20890662615927
global_quadratic,1524,0.0732378766555429
global_quadratic,1525,0.0132182648899043
global_quadratic,1526,0.0148136313851817
global_quadratic,1527,-0.0719846620124196
global_quadratic,1528,0.0103417217398381
global_quadratic,1529,-0.0201188004555893
global_quadratic,1530,0.146431363414112
global_quadratic,1531,-0.407655512368868
global_quadratic,1532,0.208837876058945
global_quadratic,1533,0.0455646199394577
global_quadratic,1534,-0.175016128769937
global_quadratic,1535,0.0477291245775531
global_quadratic,1536,-0.179275954370786
global_quadratic,1537,0.0330547157051878
global_quadratic,1538,-0.0929736556623633
global_quadratic,1539,0.0856260867634529
global_quadratic,1540,-0.114895352431575
global_quadratic,1541,-0.0132656349966999
global_quadratic,1542,0.0809272141928021
global_quadratic,1543,-0.259482469226429
global_quadratic,1544,-0.206140385874252
global_quadratic,1545,0.063090897474139
global_quadratic,1546,0.246570734510879
global_quadratic,1547,-0.0422233284027819
global_quadratic,1548,0.161234715931391
global_quadratic,1549,-0.0671322516212891
global_quadratic,1550,0.127616250393439
global_quadratic,1551,-0.134425600953185
global_quadratic,1552,0.0783737985159793
global_quadratic,1553,0.0933383342852947
global_quadratic,1554,0.299552518068998
global_quadratic,1555,-0.0687192625780888
global_quadratic,1556,-0.126089701318159
global_quadratic,1557,-0.18802076511284
global_quadratic,1558,0.164579140578254
global_quadratic,1559,0.160252872560106
global_quadratic,1560,-0.0617361036236603
global_quadratic,1561,-0.37980224513553
global_quadratic,1562,0.146424709353348
global_quadratic,1563,-0.33402547762551
global_quadratic,1564,0.088066664432198
global_quadratic,1565,0.0121181505726108
global_quadratic,1566,-0.0464109010352999
global_quadratic,1567,-0.0736621343164658
global_quadratic,1568,0.14398359007887
global_quadratic,1569,0.127078703405279
global_quadratic,1570,0.060102505803583
global_quadratic,1571,-0.135254691621352
global_quadratic,1572,0.203285191874178
global_quadratic,1573,0.246235599124968
global_quadratic,1574,-0.0767367683080114
global_quadratic,1575,0.226206444245916
global_quadratic,1576,0.0769219266018547
global_quadratic,1577,-0.168894276304647
global_quadratic,1578,-0.00455989219183639
global_quadratic,1579,0.0613050945223043
global_quadratic,1580,-0.144558954620244
global_quadratic,1581,-0.0780584017101157
global_quadratic,1582,0.0361986873569113
global_quadratic,1583,-0.0749097776099295
global_quadratic,1584,-0.093606390967597
global_quadratic,1585,-0.0248429276064446
global_quadratic,1586,-0.0638088080491735
global_quadratic,1587,0.300211322870437
global_quadratic,1588,-0.148943313009765
global_quadratic,1589,-0.114320137426294
global_quadratic,1590,0.123314014411947
global_quadratic,1591,-0.0140410593293151
global_quadratic,1592,-0.125708276556962
global_quadratic,1593,-0.160688542763882
global_quadratic,1594,0.126252679026252
global_quadratic,1595,0.0680167534479761
global_quadratic,1596,-0.103853957561703
global_quadratic,1597,-0.0302299120945294
global_quadratic,1598,0.0794898656724807
global_quadratic,1599,-0.0843508997148209
global_quadratic,1600,0.0365942978577702
global_quadratic,1601,-0.0988217316538892
global_quadratic,1602,-0.0600559159969179
global_quadratic,1603,-0.213386958442659
global_quadratic,1604,-0.16238681554564
global_quadratic,1605,-0.347162674878889
global_quadratic,1606,-0.160988888978607
global_quadratic,1607,0.08034377996752
global_quadratic,1608,-0.0790055829373199
global_quadratic,1609,-0.0343551663265117
global_quadratic,1610,-0.0346936451833807
global_quadratic,1611,0.238267854634225
global_quadratic,1612,0.113365111429706
global_quadratic,1613,-0.0134039590209468
global_quadratic,1614,-0.132231651520501
global_quadratic,1615,-0.145631501003879
global_quadratic,1616,0.0989227983146416
global_quadratic,1617,0.0424624177024553
global_quadratic,1618,-0.279915766711736
global_quadratic,1619,0.145103186834332
global_quadratic,1620,0.279097900427299
global_quadratic,1621,-0.225835998485895
global_quadratic,1622,-0.0457085678451019
global_quadratic,1623,-0.339520335367504
global_quadratic,1624,-0.0596245707516273
global_quadratic,1625,-0.0311298789055533
global_quadratic,1626,-0.111540114690344
global_quadratic,1627,-0.173217094773465
global_quadratic,1628,-0.0689622577119987
global_quadratic,1629,-0.284814631626085
global_quadratic,1630,0.177248102665222
global_quadratic,1631,-0.0913807563951907
global_quadratic,1632,0.00361357047191143
global_quadratic,1633,-0.116972684410712
global_quadratic,1634,-0.370934342568647
global_quadratic,1635,0.241802506033544
global_quadratic,1636,0.0293811353715121
global_quadratic,1637,-0.126262593152678
global_quadratic,1638,-0.112548633471857
global_quadratic,1639,-0.042668938440056
global_quadratic,1640,0.138363797065644
global_quadratic,1641,-0.181252517811478
global_quadratic,1642,-0.272497854049319
global_quadratic,1643,-0.0674970838162693
global_quadratic,1644,-0.0487156213436384
global_quadratic,1645,0.196618101842492
global_quadratic,1646,-0.159207090752465
global_quadratic,1647,-0.123392188945513
global_quadratic,1648,-0.115946718347414
global_quadratic,1649,-0.00966586733922092
global_quadratic,1650,-0.216898042758018
global_quadratic,1651,-0.153712414451215
global_quadratic,1652,0.0980488697741289
global_quadratic,1653,-0.154378805815868
global_quadratic,1654,-0.000472718998713854
global_quadratic,1655,0.123588682961163
global_quadratic,1656,-0.0371598344532253
global_quadratic,1657,-0.118561136746188
global_quadratic,1658,-0.0366836384857407
global_quadratic,1659,-0.203503097108278
global_quadratic,1660,0.141653629720327
global_quadratic,1661,-0.0103130057115666
global_quadratic,1662,-0.0260338184150379
global_quadratic,1663,-0.201926103619244
global_quadratic,1664,0.137066692862455
global_quadratic,1665,-0.0992852363341816
global_quadratic,1666,0.365576220959567
global_quadratic,1667,0.0817256683943247
global_quadratic,1668,-0.104539176098385
global_quadratic,1669,0.165306701872041
global_quadratic,1670,0.0991599141018495
global_quadratic,1671,0.171419428008226
global_quadratic,1672,-0.11078534088444
global_quadratic,1673,0.164940470859176
global_quadratic,1674,0.016862595163305
global_quadratic,1675,-0.126297815741423
global_quadratic,1676,-0.237078718185088
global_quadratic,1677,0.149305212928353
global_quadratic,1678,0.0629035597064807
global_quadratic,1679,0.0248961344709464
global_quadratic,1680,0.107294994689193
global_quadratic,1681,0.216159164391807
global_quadratic,1682,-0.0827842925640804
global_quadratic,1683,-0.0421910484339003
global_quadratic,1684,0.148863777094407
global_quadratic,1685,0.149806120693599
global_quadratic,1686,0.00911366810685917
global_quadratic,1687,-0.0723125324986214
global_quadratic,1688,-0.0394418621213924
global_quadratic,1689,0.0298020111583227
global_quadratic,1690,0.0691040784533777
global_quadratic,1691,0.155786564685658
global_quadratic,1692,-0.175248423195721
global_quadratic,1693,0.0533132273967363
global_quadratic,1694,0.117600024959759
global_quadratic,1695,-0.130973201883185
global_quadratic,1696,0.178674389868632
global_quadratic,1697,-0.105917239866657
global_quadratic,1698,-0.00534142413821866
global_quadratic,1699,-0.101752115814926
global_quadratic,1700,0.140793779155952
global_quadratic,1701,0.0106903140137119
global_quadratic,1702,0.240900267039985
global_quadratic,1703,0.158219674157759
global_quadratic,1704,-0.115193351410937
global_quadratic,1705,0.0807131584324929
global_quadratic,1706,-0.0800422033206726
global_quadratic,1707,-0.094503788681054
global_quadratic,1708,-0.0351517912847861
global_quadratic,1709,-0.277519656474049
global_quadratic,1710,0.0655453052156091
global_quadratic,1711,-0.0268155787444027
global_quadratic,1712,0.147058275345938
global_quadratic,1713,-0.0361948400758614
global_quadratic,1714,0.0404850653942521
global_quadratic,1715,-0.0346162939397816
global_quadratic,1716,-0.0142372319266627
global_quadratic,1717,-0.0512027114508094
global_quadratic,1718,-0.182334475892681
global_quadratic,1719,-0.072635086747345
global_quadratic,1720,0.0298052026066523
global_quadratic,1721,0.00727083801341077
global_quadratic,1722,0.0178583275217979
global_quadratic,1723,-0.303632390975832
global_quadratic,1724,0.0792061035635084
global_quadratic,1725,0.00344523399316484
global_quadratic,1726,-0.0830793174496236
global_quadratic,1727,-0.100921652599858
global_quadratic,1728,0.127736955604648
global_quadratic,1729,0.0219888483559284
global_quadratic,1730,0.166657172051893
global_quadratic,1731,0.156422598872375
global_quadratic,1732,0.158543950084529
global_quadratic,1733,-0.0521568460685116
global_quadratic,1734,0.0483533518460636
global_quadratic,1735,0.0669255485977664
global_quadratic,1736,-0.0278622291568983
global_quadratic,1737,-0.118190104742521
global_quadratic,1738,0.297623010248312
global_quadratic,1739,-0.367235750414509
global_quadratic,1740,0.243584858908807
global_quadratic,1741,0.0302032870228623
global_quadratic,1742,-0.0932033852685459
global_quadratic,1743,0.0268908140579001
global_quadratic,1744,-0.059633613680169
global_quadratic,1745,0.00561571788438098
global_quadratic,1746,0.0482731964216674
global_quadratic,1747,0.0677781876305383
global_quadratic,1748,0.0684352577661516
global_quadratic,1749,0.0360100222331813
global_quadratic,1750,0.116395788848644
global_quadratic,1751,-0.135987010050105
global_quadratic,1752,-0.00709453633109547
global_quadratic,1753,0.138516639922876
global_quadratic,1754,-0.13969082861747
global_quadratic,1755,0.148837511591876
global_quadratic,1756,-0.0221131110577018
global_quadratic,1757,-0.0971468337965942
global_quadratic,1758,0.0254939547727062
global_quadratic,1759,-0.0229928231356104
global_quadratic,1760,-0.310676348359231
global_quadratic,1761,0.00762190953231941
global_quadratic,1762,-0.230820036367484
global_quadratic,1763,0.0852563331448737
global_quadratic,1764,-0.0573968921429703
global_quadratic,1765,0.308208983377558
global_quadratic,1766,-0.0763628871901544
global_quadratic,1767,-0.123497292302042
global_quadratic,1768,0.193461542715794
global_quadratic,1769,0.0766635578633972
global_quadratic,1770,0.158717915020726
global_quadratic,1771,0.0292025744263459
global_quadratic,1772,-0.208098106206045
global_quadratic,1773,-0.121653952880621
global_quadratic,1774,0.134976340235466
global_quadratic,1775,-0.175842344207688
global_quadratic,1776,-0.0428712694700918
global_quadratic,1777,-0.163107888956098
global_quadratic,1778,-0.169956116638998
global_quadratic,1779,0.139276417752736
global_quadratic,1780,-0.111261989166221
global_quadratic,1781,0.148130726001008
global_quadratic,1782,0.153073970012601
global_quadratic,1783,-0.0151254592494456
global_quadratic,1784,-0.0663610338853031
global_quadratic,1785,0.121684059182271
global_quadratic,1786,0.0468680870103144
global_quadratic,1787,0.3164597019278
global_quadratic,1788,0.0198985750732765
global_quadratic,1789,0.0484647690299417
global_quadratic,1790,-0.206082056794267
global_quadratic,1791,0.101662152560131
global_quadratic,1792,-0.068146341510832
global_quadratic,1793,-0.033542596268612
global_quadratic,1794,0.0861814755996069
global_quadratic,1795,-0.186175099909864
global_quadratic,1796,-0.148880367048401
global_quadratic,1797,-0.081492144981756
global_quadratic,1798,-0.233695641040981
global_quadratic,1799,-0.152045524976978
global_quadratic,1800,0.136949739823574
global_quadratic,1801,0.183809401429004
global_quadratic,1802,-0.018302763195531
global_quadratic,1803,0.03740024646379
global_quadratic,1804,0.0594087224043438
global_quadratic,1805,0.110943352121476
global_quadratic,1806,-0.262566835889168
global_quadratic,1807,0.012854096960595
global_quadratic,1808,0.0774694584363897
global_quadratic,1809,0.0315283075414058
global_quadratic,1810,-0.0316800277533812
global_quadratic,1811,0.175655735260951
global_quadratic,1812,0.0592189653325231
global_quadratic,1813,-0.0164453917995768
global_quadratic,1814,0.302860505684335
global_quadratic,1815,-0.283644012965361
global_quadratic,1816,0.174437160113434
global_quadratic,1817,-0.053881489811932
global_quadratic,1818,-0.066979807467811
global_quadratic,1819,0.0940060381481468
global_quadratic,1820,0.0979267092902806
global_quadratic,1821,0.14410895029348
global_quadratic,1822,0.0758580489766857
global_quadratic,1823,-0.183517384139354
global_quadratic,1824,0.174147994889545
global_quadratic,1825,-0.0958623523942703
global_quadratic,1826,0.0643913320138777
global_quadratic,1827,0.271947985942995
global_quadratic,1828,-0.0614729720858692
global_quadratic,1829,0.177543834094026
global_quadratic,1830,-0.05307467088645
global_quadratic,1831,-0.0657765537027109
global_quadratic,1832,0.0462382156325584
global_quadratic,1833,-0.0376447541077397
global_quadratic,1834,-0.007463852854482
global_quadratic,1835,-0.168848368079217
global_quadratic,1836,-0.0743522348203826
global_quadratic,1837,-0.14231192402533
global_quadratic,1838,-0.0378494459776576
global_quadratic,1839,-0.107951966653597
global_quadratic,1840,-0.205861278576042
global_quadratic,1841,-0.414651434174455
global_quadratic,1842,-0.0249514922508671
global_quadratic,1843,0.0409742690681503
global_quadratic,1844,-0.0297153501633692
global_quadratic,1845,0.0845863023886941
global_quadratic,1846,-0.00275237352624765
global_quadratic,1847,-0.0580893772445172
global_quadratic,1848,0.178148982024906
global_quadratic,1849,-0.232666470382691
global_quadratic,1850,-0.109536599558738
global_quadratic,1851,0.0726214086597299
global_quadratic,1852,0.0379003438368226
global_quadratic,1853,0.163344647833701
global_quadratic,1854,-0.0798863168739477
global_quadratic,1855,0.0083286841145173
global_quadratic,1856,-0.0657172773196682
global_quadratic,1857,-0.000928969388888312
global_quadratic,1858,-0.0661368629539689
global_quadratic,1859,0.0192687318213561
global_quadratic,1860,-0.075324692695574
global_quadratic,1861,-0.196195656457585
global_quadratic,1862,0.0543239876911222
global_quadratic,1863,-0.0885806161764465
global_quadratic,1864,-0.0842156971209116
global_quadratic,1865,0.32240661120318
global_quadratic,1866,0.131604001196998
global_quadratic,1867,-0.0817894098075485
global_quadratic,1868,0.039476978714515
global_quadratic,1869,-0.0235390419918791
global_quadratic,1870,-0.0606834642037422
global_quadratic,1871,-0.121178257422816
global_quadratic,1872,0.00344060516698382
global_quadratic,1873,-0.0611453078375176
global_quadratic,1874,-0.188619805706898
global_quadratic,1875,0.0931705410567849
global_quadratic,1876,-0.00781245796216693
global_quadratic,1877,0.160521758228005
global_quadratic,1878,0.0481570451793125
global_quadratic,1879,0.0251678835556583
global_quadratic,1880,-0.194201935726156
global_quadratic,1881,0.112346708482165
global_quadratic,1882,-0.241863177134266
global_quadratic,1883,-0.341118337403891
global_quadratic,1884,0.219147414010404
global_quadratic,1885,0.252597267579199
global_quadratic,1886,-0.277640811687788
global_quadratic,1887,0.0338060285592701
global_quadratic,1888,0.0180260460035804
global_quadratic,1889,-0.0270380839967617
global_quadratic,1890,0.0584485632204223
global_quadratic,1891,0.201455051232963
global_quadratic,1892,0.18779695606531
global_quadratic,1893,-0.125500596290622
global_quadratic,1894,-0.00576369444083399
global_quadratic,1895,0.0264770420325592
global_quadratic,1896,0.0827925199303217
global_quadratic,1897,-0.146139735248164
global_quadratic,1898,0.162583006473482
global_quadratic,1899,-0.252530013352621
global_quadratic,1900,-0.200523769065185
global_quadratic,1901,-0.0931596566727837
global_quadratic,1902,0.190450669230599
global_quadratic,1903,-0.178375716793976
global_quadratic,1904,-0.259295496415763
global_quadratic,1905,0.125218348585024
global_quadratic,1906,0.256649932009532
global_quadratic,1907,0.120511764696366
global_quadratic,1908,-0.185063498607299
global_quadratic,1909,0.0395203709202535
global_quadratic,1910,-0.0756866302402483
global_quadratic,1911,0.101346349965849
global_quadratic,1912,-0.0887540202131222
global_quadratic,1913,-0.129738201414822
global_quadratic,1914,-0.174130447300118
global_quadratic,1915,0.13056892143659
global_quadratic,1916,0.0114957366906226
global_quadratic,1917,-0.17826208479949
global_quadratic,1918,0.174389414955061
global_quadratic,1919,0.0687523640830901
global_quadratic,1920,-0.183874210403195
global_quadratic,1921,0.2027100085486
global_quadratic,1922,0.201385514437016
global_quadratic,1923,0.393600769237153
global_quadratic,1924,0.0396976790857305
global_quadratic,1925,-0.0955021152338202
global_quadratic,1926,0.090614137480211
global_quadratic,1927,-0.175580101650535
global_quadratic,1928,0.203351768875468
global_quadratic,1929,0.0713881008481347
global_quadratic,1930,0.107741607502552
global_quadratic,1931,-0.0524504709678801
global_quadratic,1932,-0.0178621869612228
global_quadratic,1933,-0.179549108133767
global_quadratic,1934,0.119838161566025
global_quadratic,1935,-0.0506209956174792
global_quadratic,1936,-0.115430791553376
global_quadratic,1937,0.211023283985958
global_quadratic,1938,-0.157322244761977
global_quadratic,1939,0.0532928550279467
global_quadratic,1940,-0.0130083834209736
global_quadratic,1941,0.145563853647654
global_quadratic,1942,0.118521758674956
global_quadratic,1943,-0.233794832859778
global_quadratic,1944,0.162339321640308
global_quadratic,1945,-0.123464002813928
global_quadratic,1946,-0.125348443137464
global_quadratic,1947,0.228878100582075
global_quadratic,1948,-0.239272058554717
global_quadratic,1949,-0.0367639156973996
global_quadratic,1950,0.0184610780717425
global_quadratic,1951,0.125903117849855
global_quadratic,1952,0.108809574029381
global_quadratic,1953,-0.0402576585406411
global_quadratic,1954,0.0564201307643062
global_quadratic,1955,0.0686187001968503
global_quadratic,1956,-0.199504292921182
global_quadratic,1957,-0.18873240731314
global_quadratic,1958,0.0912819289093424
global_quadratic,1959,-0.0243639869203613
global_quadratic,1960,2.04487392728344e-05
global_quadratic,1961,-0.135964192680346
global_quadratic,1962,0.153782232170375
global_quadratic,1963,0.129501921056052
global_quadratic,1964,-0.0413950487575416
global_quadratic,1965,0.256899377987778
global_quadratic,1966,-0.21752637845487
global_quadratic,1967,-0.146343308840265
global_quadratic,1968,-0.113190367704331
global_quadratic,1969,-0.118527318341539
global_quadratic,1970,-0.0769727038393204
global_quadratic,1971,0.0193200892652149
global_quadratic,1972,0.0500673768589547
global_quadratic,1973,-0.0495964758733741
global_quadratic,1974,0.143422822207119
global_quadratic,1975,0.197544342705463
global_quadratic,1976,0.0117114624519198
global_quadratic,1977,-0.117594503385962
global_quadratic,1978,-0.0173699216628676
global_quadratic,1979,-0.187780348208076
global_quadratic,1980,0.040680995220888
global_quadratic,1981,0.20645594415007
global_quadratic,1982,0.0362088482252968
global_quadratic,1983,0.204696581491263
global_quadratic,1984,-0.159785761302704
global_quadratic,1985,0.266331410135418
global_quadratic,1986,0.00845735300665821
global_quadratic,1987,-0.0758047378530084
global_quadratic,1988,0.141663926358137
global_quadratic,1989,-0.169952008531792
global_quadratic,1990,0.168986563814773
global_quadratic,1991,-0.0888240807302188
global_quadratic,1992,0.117756730957274
global_quadratic,1993,0.182671649416297
global_quadratic,1994,-0.239403521602099
global_quadratic,1995,0.0682149331217807
global_quadratic,1996,-0.123456288692747
global_quadratic,1997,0.0173480024517424
global_quadratic,1998,-0.117696619212141
global_quadratic,1999,-0.092912555231823
local_linear_12,1,-0.0588476798412249
local_linear_12,2,0.129258215975444
local_linear_12,3,0.0528571909498279
local_linear_12,4,-0.0644644128944695
local_linear_12,5,0.00270693874353167
local_linear_12,6,-0.0459196866979695
local_linear_12,7,-0.0578010376616618
local_linear_12,8,0.0949299566751224
local_linear_12,9,-0.00948568485370741
local_linear_12,10,0.097605972027701
local_linear_12,11,0.155050464943697
local_linear_12,12,0.045165295534817
local_linear_12,13,0.123363193691102
local_linear_12,14,0.024882452796045
local_linear_12,15,-0.137731948096163
local_linear_12,16,-0.0593458820418737
local_linear_12,17,-0.00378853422287939
local_linear_12,18,-0.00230337305345518
local_linear_12,19,0.112591443872679
local_linear_12,20,0.0718522783180555
local_linear_12,21,0.0580720368576415
local_linear_12,22,-0.185398375573269
local_linear_12,23,0.126656816664827
local_linear_12,24,0.0432825310569654
local_linear_12,25,0.137446732718555
local_linear_12,26,0.0635160521990317
local_linear_12,27,0.0383900930553137
local_linear_12,28,-0.00345614284747538
local_linear_12,29,0.0281333649785648
local_linear_12,30,-0.158098530996464
local_linear_12,31,0.137078731748232
local_linear_12,32,-0.131502439193409
local_linear_12,33,-0.108115642578994
local_linear_12,34,0.0812247190055428
local_linear_12,35,0.0869737113515046
local_linear_12,36,0.0950317634619141
local_linear_12,37,0.136685921138728
local_linear_12,38,-0.0921003186884925
local_linear_12,39,-0.0125476553259665
local_linear_12,40,-0.134279423897555
local_linear_12,41,-0.079099791920469
local_linear_12,42,-0.0330756057455259
local_linear_12,43,0.000368624011746791
local_linear_12,44,0.064984419373789
local_linear_12,45,0.0908032379432555
local_linear_12,46,0.0347866943244934
local_linear_12,47,0.0841563632724422
local_linear_12,48,-0.152568992991743
local_linear_12,49,0.029626846852054
local_linear_12,50,-0.0490471205346754
local_linear_12,51,-0.123147195151701
local_linear_12,52,-0.104583785440428
local_linear_12,53,0.0155223056982911
local_linear_12,54,0.0573387397578407
local_linear_12,55,-0.00958271184791659
local_linear_12,56,-0.115831961081527
local_linear_12,57,-0.0253046907300509
local_linear_12,58,0.106601980467613
local_linear_12,59,0.0537808337072982
local_linear_12,60,0.0341793053875179
local_linear_12,61,-0.0153930246452407
local_linear_12,62,-0.131809817555484
local_linear_12,63,0.0107752974425592
local_linear_12,64,-0.122640094122886
local_linear_12,65,0.00912877669552969
local_linear_12,66,-0.0567423781684896
local_linear_12,67,0.00483111458547381
local_linear_12,68,0.149895179659665
local_linear_12,69,0.0789310122446321
local_linear_12,70,0.0140092531994392
local_linear_12,71,0.0365955401781569
local_linear_12,72,-0.172413843407861
local_linear_12,73,-0.043932696784737
local_linear_12,74,-0.00353634317835727
local_linear_12,75,-0.0155208340041616
local_linear_12,76,0.154792298037369
local_linear_12,77,0.000165333966061295
local_linear_12,78,-0.0633986607429235
local_linear_12,79,-0.0567326265087183
local_linear_12,80,-0.0244484703026962
local_linear_12,81,-0.0366298987781475
local_linear_12,82,0.109892298259906
local_linear_12,83,0.0233854076082611
local_linear_12,84,-0.0787392393546155
local_linear_12,85,0.118204383946328
local_linear_12,86,-0.042546610206375
local_linear_12,87,0.124193446869605
local_linear_12,88,0.0789279469154055
local_linear_12,89,-0.0267372747175309
local_linear_12,90,0.0294211230946061
local_linear_12,91,-0.0272676944380053
local_linear_12,92,-0.144168383062382
local_linear_12,93,-0.0238057829479921
local_linear_12,94,0.0597433379285451
local_linear_12,95,-0.00721019667893567
local_linear_12,96,0.146168548239437
local_linear_12,97,-0.011747607884305
local_linear_12,98,0.0464967239536076
local_linear_12,99,0.025935744624238
local_linear_12,100,-0.0875383951405591
local_linear_12,101,-0.0146496638636998
local_linear_12,102,-0.0918252974955855
local_linear_12,103,-0.113006616399365
local_linear_12,104,-0.0886977882982736
local_linear_12,105,0.0593012270878628
local_linear_12,106,-0.228063468755048
local_linear_12,107,0.129278535521631
local_linear_12,108,-0.00906427006420903
local_linear_12,109,-0.126404604335934
local_linear_12,110,-0.0812493849085388
local_linear_12,111,-0.0123149522586828
local_linear_12,112,0.0284110134305671
local_linear_12,113,-0.0366199221596997
local_linear_12,114,-0.0237068507984445
local_linear_12,115,0.0232304310113974
local_linear_12,116,-0.0723118508932362
local_linear_12,117,-0.112170465098112
local_linear_12,118,-0.0813177940043707
local_linear_12,119,0.0938456980248707
local_linear_12,120,0.0521906721978767
local_linear_12,121,-0.0320907936610588
local_linear_12,122,0.0378708023172705
local_linear_12,123,0.150705945811538
local_linear_12,124,-0.0599283579477389
local_linear_12,125,0.185041728581365
local_linear_12,126,-0.0641817812235604
local_linear_12,127,0.0476082868981056
local_linear_12,128,-0.0769751336155577
local_linear_12,129,-0.0211679210942606
local_linear_12,130,0.039194205601144
local_linear_12,131,-0.0472590746538172
local_linear_12,132,0.164197374025811
local_linear_12,133,0.0747180069592393
local_linear_12,134,-0.0510604594447882
local_linear_12,135,0.0576259479038506
local_linear_12,136,0.103852496136163
local_linear_12,137,0.101030567395836
local_linear_12,138,-0.0920772774245992
local_linear_12,139,0.0299840566402573
local_linear_12,140,-0.108289750080256
local_linear_12,141,-0.0932508167572852
local_linear_12,142,0.0718493482627759
local_linear_12,143,-0.172325359379973
local_linear_12,144,-0.0753856914411335
local_linear_12,145,0.0147242601951678
local_linear_12,146,0.0178997106502316
local_linear_12,147,-0.0494781511686598
local_linear_12,148,0.122395521500645
local_linear_12,149,-0.144743465556472
local_linear_12,150,0.119424967356705
local_linear_12,151,-0.0565588260086309
local_linear_12,152,0.0363195929941407
local_linear_12,153,-0.0479489114373433
local_linear_12,154,-0.132893345590534
local_linear_12,155,0.0969094613535386
local_linear_12,156,0.0969636713351925
local_linear_12,157,0.0494500911755657
local_linear_12,158,-0.0480745370922267
local_linear_12,159,-0.0805073012482168
local_linear_12,160,0.103953562377107
local_linear_12,161,0.0328635891757371
local_linear_12,162,-0.0448250540416343
local_linear_12,163,0.0387603497639185
local_linear_12,164,0.0627974455746584
local_linear_12,165,0.0632228926215695
local_linear_12,166,0.0341677032427109
local_linear_12,167,-0.0253381567784163
local_linear_12,168,0.0893887662080116
local_linear_12,169,0.0374138959531424
local_linear_12,170,-0.0664298307797949
local_linear_12,171,-0.0483107845694102
local_linear_12,172,-0.0339939463940423
local_linear_12,173,0.00676488758677637
local_linear_12,174,0.0734638313186634
local_linear_12,175,0.0710602518016072
local_linear_12,176,-0.016181359520532
local_linear_12,177,-0.0558517066312456
local_linear_12,178,0.0244858010062042
local_linear_12,179,-0.0394275581292349
local_linear_12,180,-0.00056045376687397
local_linear_12,181,0.0664972968835862
local_linear_12,182,-0.0540928550573009
local_linear_12,183,-0.0656291696792758
local_linear_12,184,0.0930771986936033
local_linear_12,185,-0.0750771910467651
local_linear_12,186,-0.0339247983159033
local_linear_12,187,-0.0969924665922598
local_linear_12,188,0.0303441683009984
local_linear_12,189,0.118499263575872
local_linear_12,190,0.109754740970314
local_linear_12,191,0.00890968290737841
local_linear_12,192,-0.0218911351178373
local_linear_12,193,0.0829722972458139
local_linear_12,194,-0.0911945075901999
local_linear_12,195,0.0685077588333624
local_linear_12,196,-0.014048254040682
local_linear_12,197,0.0194312024667627
local_linear_12,198,0.167273825006336
local_linear_12,199,0.0132481270284955
local_linear_12,200,0.00685139972683935
local_linear_12,201,0.143714700867034
local_linear_12,202,0.0656008500493919
local_linear_12,203,-0.00342456189874459
local_linear_12,204,0.032522075986502
local_linear_12,205,0.0907427979503875
local_linear_12,206,-0.117513101978507
local_linear_12,207,0.100831147940511
local_linear_12,208,0.072175087964711
local_linear_12,209,-0.00708841217310378
local_linear_12,210,0.140939560999824
local_linear_12,211,-0.0183439904897294
local_linear_12,212,-0.0997275734646769
local_linear_12,213,0.0494700613518508
local_linear_12,214,0.0150348489932911
local_linear_12,215,-0.0811538672568505
local_linear_12,216,0.0107097115879311
local_linear_12,217,0.145055049836156
local_linear_12,218,-0.107767769122294
local_linear_12,219,0.111192325933564
local_linear_12,220,0.160557414425967
local_linear_12,221,-0.075960968232334
local_linear_12,222,0.00124609599881135
local_linear_12,223,0.0983485187082197
local_linear_12,224,0.00840317794985671
local_linear_12,225,-0.150089664744638
local_linear_12,226,-0.158744781254028
local_linear_12,227,-0.0179450607283706
local_linear_12,228,0.0110436759849553
local_linear_12,229,0.0161033832075557
local_linear_12,230,-0.135064865089464
local_linear_12,231,-0.0735601385258325
local_linear_12,232,0.0370093957462618
local_linear_12,233,-0.104286129140339
local_linear_12,234,-0.0638423078391425
local_linear_12,235,0.0559321087369679
local_linear_12,236,-0.0852510595802659
local_linear_12,237,0.0164126366771929
local_linear_12,238,-0.0320449414267081
local_linear_12,239,0.0130795939209489
local_linear_12,240,0.0450077964853204
local_linear_12,241,-0.00671695396780455
local_linear_12,242,0.111090089225763
local_linear_12,243,-0.122545153317264
local_linear_12,244,-0.0241308530814539
local_linear_12,245,0.0566872000422049
local_linear_12,246,-0.0465144842868218
local_linear_12,247,-0.0425779771144983
local_linear_12,248,-0.0291701736769573
local_linear_12,249,0.0551392966746332
local_linear_12,250,-0.123281277794223
local_linear_12,251,-0.152937570580178
local_linear_12,252,-0.00423780416535902
local_linear_12,253,0.0764590491881435
local_linear_12,254,0.0687542964111575
local_linear_12,255,-0.0144765138844113
local_linear_12,256,-0.0456313696884765
local_linear_12,257,-0.14814975767876
local_linear_12,258,0.07759363934523
local_linear_12,259,-0.0197845890651639
local_linear_12,260,0.0160200433502628
local_linear_12,261,0.0613257992127778
local_linear_12,262,0.128309102072646
local_linear_12,263,-0.0978983553583793
local_linear_12,264,-0.16261292925409
local_linear_12,265,0.000450581055044808
local_linear_12,266,0.0980208035104869
local_linear_12,267,0.00244326964076495
local_linear_12,268,0.0672085199598893
local_linear_12,269,0.0191317677471658
local_linear_12,270,-0.021139601342119
local_linear_12,271,0.0582492180299011
local_linear_12,272,-0.151130469243509
local_linear_12,273,0.0178352876976427
local_linear_12,274,-0.0570818515529075
local_linear_12,275,0.0184196246993042
local_linear_12,276,-0.0634056412171147
local_linear_12,277,0.123584855003274
local_linear_12,278,-0.00636568594393694
local_linear_12,279,0.153775612408296
local_linear_12,280,0.108340950774393
local_linear_12,281,-0.0416405525419827
local_linear_12,282,0.033339104384698
local_linear_12,283,0.0700182640080274
local_linear_12,284,0.0279867563612388
local_linear_12,285,0.00905184234890003
local_linear_12,286,-0.000163039840460399
local_linear_12,287,0.0403681255021417
local_linear_12,288,0.0331707847320786
local_linear_12,289,0.0521617580043034
local_linear_12,290,0.0267266061201887
local_linear_12,291,0.119378711496642
local_linear_12,292,-0.0559830699941678
local_linear_12,293,0.110402644443775
local_linear_12,294,-0.0251107585107343
local_linear_12,295,0.0248489467763783
local_linear_12,296,-0.00235781642574828
local_linear_12,297,-0.165924841859076
local_linear_12,298,-0.0826266242021229
local_linear_12,299,0.00244326964076495
local_linear_12,300,-0.0242131043597128
local_linear_12,301,0.0916046752905562
local_linear_12,302,-0.123260064415911
local_linear_12,303,0.0100373148998874
local_linear_12,304,0.0150436175114494
local_linear_12,305,0.124044163375928
local_linear_12,306,0.00821415775176634
local_linear_12,307,-0.0954109805340109
local_linear_12,308,-0.00420548945113364
local_linear_12,309,-0.0698426385181404
local_linear_12,310,-0.165989122943001
local_linear_12,311,-0.00538032105223577
local_linear_12,312,0.0157471313414449
local_linear_12,313,0.0332871494188168
local_linear_12,314,-0.08660854187625
local_linear_12,315,-0.0305261044348741
local_linear_12,316,-0.0333222763731393
local_linear_12,317,-0.00766038343752662
local_linear_12,318,-0.0536406956100765
local_linear_12,319,0.0148746657372693
local_linear_12,320,-0.0698725388917536
local_linear_12,321,-0.167984476459621
local_linear_12,322,-2.71181331899702e-05
local_linear_12,323,0.060923406281279
local_linear_12,324,-0.0528651499033993
local_linear_12,325,-0.0309492336612207
local_linear_12,326,0.104952489721452
local_linear_12,327,0.133720483921839
local_linear_12,328,-0.141293816674457
local_linear_12,329,0.0295274142892827
local_linear_12,330,0.00987477059089533
local_linear_12,331,-0.00173520925405798
local_linear_12,332,0.146521225324027
local_linear_12,333,-0.0389665467270118
local_linear_12,334,0.193248338659436
local_linear_12,335,0.112425956961644
local_linear_12,336,0.0317548025460731
local_linear_12,337,0.104952489721452
local_linear_12,338,-0.064654890515075
local_linear_12,339,-0.0198711899133297
local_linear_12,340,0.0350555086448159
local_linear_12,341,-0.0614009844303899
local_linear_12,342,-0.0536232191198884
local_linear_12,343,0.0662128868721847
local_linear_12,344,0.0264626117020497
local_linear_12,345,-0.134984451518708
local_linear_12,346,0.00849013972094515
local_linear_12,347,0.0914398796948896
local_linear_12,348,-0.15803151384435
local_linear_12,349,-0.00377917444211562
local_linear_12,350,0.0366138058669518
local_linear_12,351,0.0652396474377627
local_linear_12,352,-0.0684137879602442
local_linear_12,353,0.030931107558585
local_linear_12,354,0.0272915561202982
local_linear_12,355,0.00319236604557371
local_linear_12,356,0.0476283312245795
local_linear_12,357,0.0067010432872987
local_linear_12,358,0.0410549389441108
local_linear_12,359,0.065504867787839
local_linear_12,360,0.0895128139571201
local_linear_12,361,-0.0294569567092677
local_linear_12,362,0.0459659434822412
local_linear_12,363,0.0918720416000249
local_linear_12,364,0.100619944069073
local_linear_12,365,-0.0848834052110486
local_linear_12,366,-0.206176448271467
local_linear_12,367,-0.0691886599638417
local_linear_12,368,0.0220721255098641
local_linear_12,369,0.159204301614353
local_linear_12,370,-0.0957037608266482
local_linear_12,371,0.129024066007072
local_linear_12,372,0.0392456219953588
local_linear_12,373,0.181978612043476
local_linear_12,374,0.132163499050979
local_linear_12,375,-0.0598600603454239
local_linear_12,376,-0.0350665338668111
local_linear_12,377,-0.0212314997957271
local_linear_12,378,0.06706516170473
local_linear_12,379,0.137837450993935
local_linear_12,380,-0.136591136517784
local_linear_12,381,-0.00396079001623602
local_linear_12,382,0.0206144012845953
local_linear_12,383,-0.00506217780225941
local_linear_12,384,0.110467621530431
local_linear_12,385,-0.0759996464345288
local_linear_12,386,-0.0781511299096147
local_linear_12,387,0.0477534747675389
local_linear_12,388,0.0624388807267617
local_linear_12,389,-0.100946198578099
local_linear_12,390,-0.0707779401806154
local_linear_12,391,-0.0791769723928765
local_linear_12,392,-0.0689931112039464
local_linear_12,393,0.0298270922877798
local_linear_12,394,-0.0937427869452743
local_linear_12,395,0.0765034820266859
local_linear_12,396,0.0157389523296523
local_linear_12,397,0.0116312153841512
local_linear_12,398,0.00291277094591743
local_linear_12,399,-0.000518441783707561
local_linear_12,400,-0.0711844559245529
local_linear_12,401,-0.0242788282083521
local_linear_12,402,0.159938295402863
local_linear_12,403,0.102108657065041
local_linear_12,404,0.00597034306818204
local_linear_12,405,-0.0531690349289488
local_linear_12,406,0.159698212839706
local_linear_12,407,-0.123537675120907
local_linear_12,408,-0.170984446545221
local_linear_12,409,-0.0186185220371472
local_linear_12,410,0.0404900915386592
local_linear_12,411,-0.0870723814924069
local_linear_12,412,-0.0768478816304101
local_linear_12,413,-0.132893345590534
local_linear_12,414,0.0125194471536325
local_linear_12,415,-0.0251765893948936
local_linear_12,416,-0.01786528767498
local_linear_12,417,0.0080199093420994
local_linear_12,418,-0.0389606346277616
local_linear_12,419,-0.0335553192186137
local_linear_12,420,0.0254339717831013
local_linear_12,421,0.192388116903277
local_linear_12,422,-0.0389149578537171
local_linear_12,423,-0.0998539015333074
local_linear_12,424,0.0462206546891511
local_linear_12,425,-0.0814766769035093
local_linear_12,426,-0.0802794840637751
local_linear_12,427,0.0209765615016604
local_linear_12,428,-0.0740426428382384
local_linear_12,429,-0.103459587222204
local_linear_12,430,0.0638407252825501
local_linear_12,431,0.00183095378718493
local_linear_12,432,-0.109663852947741
local_linear_12,433,0.136263003894687
local_linear_12,434,-0.00951679174105724
local_linear_12,435,-0.0939387298293826
local_linear_12,436,-0.112012599852237
local_linear_12,437,-0.00449812053016233
local_linear_12,438,-0.0741014802157499
local_linear_12,439,0.1454419451879
local_linear_12,440,0.0544186381665715
local_linear_12,441,-0.0883965877571085
local_linear_12,442,-0.0902220624817079
local_linear_12,443,0.0028350505060241
local_linear_12,444,0.0363499698009078
local_linear_12,445,-0.0654080683611277
local_linear_12,446,0.160231354364043
local_linear_12,447,0.011713087382111
local_linear_12,448,0.0509446551525731
local_linear_12,449,0.036652450602267
local_linear_12,450,0.116557046350156
local_linear_12,451,-0.00264069479289179
local_linear_12,452,-0.0148082690916918
local_linear_12,453,-0.111970049055513
local_linear_12,454,-0.0731783528964298
local_linear_12,455,-0.0459901861195151
local_linear_12,456,-0.0508863934877798
local_linear_12,457,-0.0376331958688544
local_linear_12,458,-0.0896467432516988
local_linear_12,459,0.150814630537685
local_linear_12,460,-0.0403122376966089
local_linear_12,461,-0.0685127714395858
local_linear_12,462,-0.0695166155216838
local_linear_12,463,-0.0947561561750335
local_linear_12,464,-0.0906384009557399
local_linear_12,465,0.0742743522147459
local_linear_12,466,-0.0566051989725015
local_linear_12,467,0.090278558820966
local_linear_12,468,-0.0681089706976318
local_linear_12,469,-0.0300422197294357
local_linear_12,470,0.0521034498225275
local_linear_12,471,-0.00476600803836558
local_linear_12,472,-0.0635732607254595
local_linear_12,473,0.0567326265087183
local_linear_12,474,-0.0868701128901839
local_linear_12,475,0.0288712627780618
local_linear_12,476,-0.0502128503160657
local_linear_12,477,0.0173287715377404
local_linear_12,478,-0.0985781193808115
local_linear_12,479,0.154236906938468
local_linear_12,480,-0.104186144019307
local_linear_12,481,0.0908555508292809
local_linear_12,482,0.198273192363681
local_linear_12,483,0.0741282172890427
local_linear_12,484,0.0712726627219267
local_linear_12,485,0.142419478511948
local_linear_12,486,0.045181685967831
local_linear_12,487,0.026597389196831
local_linear_12,488,-0.104445704035583
local_linear_12,489,0.081504959729652
local_linear_12,490,-0.116198489638314
local_linear_12,491,0.00709992967065295
local_linear_12,492,-0.221508760780324
local_linear_12,493,0.1219092786856
local_linear_12,494,0.069799405363432
local_linear_12,495,-0.147013428183121
local_linear_12,496,0.0651848503713752
local_linear_12,497,0.00462576171126046
local_linear_12,498,0.148169867199313
local_linear_12,499,-0.080597962453241
local_linear_12,500,0.0547532747752758
local_linear_12,501,-0.0710675095853282
local_linear_12,502,0.0369520856850123
local_linear_12,503,-0.0745378638404398
local_linear_12,504,-0.0239845147235721
local_linear_12,505,-0.0274910337591194
local_linear_12,506,-0.0176416095311692
local_linear_12,507,0.192219787715684
local_linear_12,508,0.0370641086445215
local_linear_12,509,-0.00629113293634524
local_linear_12,510,-0.053698556439886
local_linear_12,511,0.117907024585501
local_linear_12,512,0.0287364880081225
local_linear_12,513,-0.0355014776021096
local_linear_12,514,0.186669667805068
local_linear_12,515,0.14043938490491
local_linear_12,516,0.0610890436194375
local_linear_12,517,-0.00397055304472893
local_linear_12,518,-0.0241933381049986
local_linear_12,519,-0.0643417178309319
local_linear_12,520,-0.150880229259542
local_linear_12,521,-0.124345298410752
local_linear_12,522,0.14056194057005
local_linear_12,523,0.113066898596787
local_linear_12,524,-0.00243725022163262
local_linear_12,525,0.160559610577362
local_linear_12,526,-0.0573892699422967
local_linear_12,527,0.0602128201179871
local_linear_12,528,-0.135235562143448
local_linear_12,529,0.102032552367453
local_linear_12,530,-0.0423999148675434
local_linear_12,531,0.0251581008730491
local_linear_12,532,-0.0533870383778631
local_linear_12,533,0.0577454473163043
local_linear_12,534,-0.0803521797589684
local_linear_12,535,-0.206373112478609
local_linear_12,536,0.0019795046784162
local_linear_12,537,0.0392638876841541
local_linear_12,538,-0.0353483125786044
local_linear_12,539,-0.00230317230433652
local_linear_12,540,0.0639730504118502
local_linear_12,541,-0.0298554679096865
local_linear_12,542,-0.0391256799873381
local_linear_12,543,0.0496742188102228
local_linear_12,544,-0.0404093849671329
local_linear_12,545,0.00300087671888694
local_linear_12,546,-0.0263023492949455
local_linear_12,547,-0.019382104277095
local_linear_12,548,-0.00441682867998239
local_linear_12,549,-0.00126798411525897
local_linear_12,550,0.0129006379774565
local_linear_12,551,0.0798466635476629
local_linear_12,552,0.0223059695553044
local_linear_12,553,0.0626961786993411
local_linear_12,554,-0.0940539813383475
local_linear_12,555,-0.0818360596872199
local_linear_12,556,0.0254591242446039
local_linear_12,557,-0.00600882994079832
local_linear_12,558,0.0254027159341028
local_linear_12,559,0.0363195929941407
local_linear_12,560,-0.0336914638811881
local_linear_12,561,0.0672919254118757
local_linear_12,562,-0.0149960004063588
local_linear_12,563,-0.0416072372186465
local_linear_12,564,-0.0936310843618902
local_linear_12,565,0.151162588162515
local_linear_12,566,-0.0242131043597128
local_linear_12,567,-0.111144886292149
local_linear_12,568,-0.0143165213674221
local_linear_12,569,0.023203312878208
local_linear_12,570,0.167811266930319
local_linear_12,571,-0.0624457862597945
local_linear_12,572,-0.0475436300361564
local_linear_12,573,-0.147261679455979
local_linear_12,574,0.0250382296381642
local_linear_12,575,-0.00737557774765503
local_linear_12,576,-0.0962036301961836
local_linear_12,577,0.0451417676702922
local_linear_12,578,0.0433181708981308
local_linear_12,579,0.00233906729745392
local_linear_12,580,-0.120898277689369
local_linear_12,581,-0.0101006665976599
local_linear_12,582,-0.0368731991305585
local_linear_12,583,0.124193446869605
local_linear_12,584,-0.101478750277151
local_linear_12,585,-0.107029010332843
local_linear_12,586,0.0267110491359661
local_linear_12,587,-0.154575863699386
local_linear_12,588,-0.15200408018155
local_linear_12,589,-0.0984134406945515
local_linear_12,590,-0.104764993218191
local_linear_12,591,0.0903829615511498
local_linear_12,592,-0.0178104906085924
local_linear_12,593,-0.0541111207460968
local_linear_12,594,-0.0038702517890723
local_linear_12,595,-0.11054347951444
local_linear_12,596,-0.0463355810079875
local_linear_12,597,-0.122035285152877
local_linear_12,598,-0.0798290716651066
local_linear_12,599,-0.113603824376879
local_linear_12,600,-0.114089812349593
local_linear_12,601,-0.0201298458637593
local_linear_12,602,-0.0267844545998983
local_linear_12,603,0.0568179809660627
local_linear_12,604,0.0888703244243046
local_linear_12,605,-0.0258981378207104
local_linear_12,606,0.0471711086727265
local_linear_12,607,0.0898648579884102
local_linear_12,608,-0.024482281304962
local_linear_12,609,-0.0373295069965346
local_linear_12,610,0.0615087484383029
local_linear_12,611,-0.00706069423415556
local_linear_12,612,-0.00112958660247031
local_linear_12,613,0.103837155493129
local_linear_12,614,-0.0386427338562202
local_linear_12,615,-0.0895113460977853
local_linear_12,616,0.0683356594917812
local_linear_12,617,0.000138215832870436
local_linear_12,618,-0.000497737651972289
local_linear_12,619,0.0751339855192272
local_linear_12,620,0.0160200433502628
local_linear_12,621,0.0444013487398811
local_linear_12,622,-0.0898466477440429
local_linear_12,623,0.0185262056638897
local_linear_12,624,0.138870511995358
local_linear_12,625,0.045298966002564
local_linear_12,626,0.116919085331435
local_linear_12,627,-0.0894136040216817
local_linear_12,628,0.100330461603816
local_linear_12,629,0.0222598987157448
local_linear_12,630,0.0186207655878849
local_linear_12,631,0.00234856446808962
local_linear_12,632,-0.00579095684143323
local_linear_12,633,0.0249416492097057
local_linear_12,634,0.132022228475803
local_linear_12,635,0.0921018831783851
local_linear_12,636,0.0384700579383104
local_linear_12,637,-0.00522629473719653
local_linear_12,638,0.0727190454088399
local_linear_12,639,0.0401889281695086
local_linear_12,640,0.00996620102780425
local_linear_12,641,0.00539367161962397
local_linear_12,642,0.0505630514006639
local_linear_12,643,0.0979836841728015
local_linear_12,644,0.114686026334752
local_linear_12,645,-0.0580202211942454
local_linear_12,646,0.127816311253458
local_linear_12,647,-0.114406365705908
local_linear_12,648,-0.0764846772746415
local_linear_12,649,0.0307482783836871
local_linear_12,650,0.0353288993904627
local_linear_12,651,-0.0610848396084573
local_linear_12,652,0.130882308628042
local_linear_12,653,0.038751265015559
local_linear_12,654,0.0826518703667295
local_linear_12,655,-0.0758550534711979
local_linear_12,656,-0.0320907936610588
local_linear_12,657,-0.0157779463770096
local_linear_12,658,-0.127692678734116
local_linear_12,659,-0.091247252051871
local_linear_12,660,-0.0701558112022817
local_linear_12,661,-0.0234809718306093
local_linear_12,662,0.07134315766233
local_linear_12,663,-0.0582198755757236
local_linear_12,664,0.148515939386939
local_linear_12,665,0.157855857038756
local_linear_12,666,0.00966884315377007
local_linear_12,667,0.0881284999479825
local_linear_12,668,-0.0100802965549152
local_linear_12,669,-0.0407028202683494
local_linear_12,670,0.164526077215628
local_linear_12,671,0.151301617843538
local_linear_12,672,0.122289539646706
local_linear_12,673,-0.00170625805102838
local_linear_12,674,0.105224495942087
local_linear_12,675,-0.00021694390761103
local_linear_12,676,-0.105135122749755
local_linear_12,677,-0.0126126085587709
local_linear_12,678,-0.00370295977207658
local_linear_12,679,-0.0100704838145912
local_linear_12,680,-0.0773680889821599
local_linear_12,681,0.0622206448219602
local_linear_12,682,-0.00463269567008743
local_linear_12,683,0.106156253800994
local_linear_12,684,-0.135380508800875
local_linear_12,685,0.0114439553146456
local_linear_12,686,0.0858448307142628
local_linear_12,687,0.01283474203047
local_linear_12,688,0.0574843777441432
local_linear_12,689,-0.0265843821490665
local_linear_12,690,-0.0203929197916143
local_linear_12,691,0.0478642810809644
local_linear_12,692,-0.0251330643883971
local_linear_12,693,-0.0418496269309454
local_linear_12,694,0.0696601400494581
local_linear_12,695,0.0138924409519134
local_linear_12,696,-0.0295187897540951
local_linear_12,697,-0.0415183508725162
local_linear_12,698,-0.00458685317638737
local_linear_12,699,-0.0610922236459214
local_linear_12,700,-0.0660612069737644
local_linear_12,701,-0.00269031817203066
local_linear_12,702,-0.105024548961745
local_linear_12,703,0.0826694719798935
local_linear_12,704,0.0430417331460156
local_linear_12,705,-0.0827252431667767
local_linear_12,706,0.0543817006344612
local_linear_12,707,0.127314355400419
local_linear_12,708,-0.0103094795222975
local_linear_12,709,-0.0886659845164951
local_linear_12,710,0.0852402891445898
local_linear_12,711,0.128424799550789
local_linear_12,712,-0.021459281228279
local_linear_12,713,-0.0157347591958098
local_linear_12,714,0.0354653220025405
local_linear_12,715,-0.0234365263772297
local_linear_12,716,0.0707123492385149
local_linear_12,717,0.0263340127932598
local_linear_12,718,0.135516593587652
local_linear_12,719,-0.0915741803199903
local_linear_12,720,-0.135909598901594
local_linear_12,721,0.0156176189529547
local_linear_12,722,-0.0356988715802441
local_linear_12,723,0.083604994253928
local_linear_12,724,0.045181685967831
local_linear_12,725,-0.029145252184556
local_linear_12,726,0.0997317810471075
local_linear_12,727,-0.088059971376568
local_linear_12,728,-0.065724683683059
local_linear_12,729,0.097591090845872
local_linear_12,730,0.0376423641477783
local_linear_12,731,0.111434954074292
local_linear_12,732,-0.100280605878928
local_linear_12,733,0.111473374725974
local_linear_12,734,-0.030572495608029
local_linear_12,735,0.0101536664335313
local_linear_12,736,-0.0999921344773818
local_linear_12,737,0.0666222041755722
local_linear_12,738,0.057482083618542
local_linear_12,739,0.134288961912444
local_linear_12,740,0.00837307323523066
local_linear_12,741,-0.0348276785573131
local_linear_12,742,-0.0274910337591194
local_linear_12,743,-0.0157347591958098
local_linear_12,744,-0.0335304356789354
local_linear_12,745,0.159690740788345
local_linear_12,746,0.117221284716343
local_linear_12,747,-0.0739188152048467
local_linear_12,748,-0.149026950567336
local_linear_12,749,0.119424967356705
local_linear_12,750,-0.0425511804604029
local_linear_12,751,-0.061773988388539
local_linear_12,752,0.199962685169576
local_linear_12,753,0.114070274390965
local_linear_12,754,-0.0147693178181984
local_linear_12,755,0.117184093041907
local_linear_12,756,0.186243550740192
local_linear_12,757,0.033482924896331
local_linear_12,758,0.168015987898025
local_linear_12,759,0.104765765473224
local_linear_12,760,0.0762176905203592
local_linear_12,761,0.0944115148914149
local_linear_12,762,0.0582458149646528
local_linear_12,763,-0.223075430947216
local_linear_12,764,0.0898059695428343
local_linear_12,765,0.112170055288684
local_linear_12,766,-0.0295218921487903
local_linear_12,767,0.00110336102090614
local_linear_12,768,-0.0425469635020435
local_linear_12,769,-0.00600882994079832
local_linear_12,770,0.0103787798119358
local_linear_12,771,0.0910870216540476
local_linear_12,772,-0.116754930173999
local_linear_12,773,0.0153785206885129
local_linear_12,774,-0.0123261870565123
local_linear_12,775,0.167571184367162
local_linear_12,776,-0.0201589123229586
local_linear_12,777,0.0653222120037693
local_linear_12,778,-0.209275688331915
local_linear_12,779,0.0284575750986008
local_linear_12,780,0.0423061061866787
local_linear_12,781,0.000173800500088935
local_linear_12,782,-0.100070640281086
local_linear_12,783,0.0283593187588747
local_linear_12,784,0.0960891744874868
local_linear_12,785,-0.0520636350939882
local_linear_12,786,0.0754780971243555
local_linear_12,787,0.0360239231952747
local_linear_12,788,0.0381121341108367
local_linear_12,789,-0.0570505256315711
local_linear_12,790,-0.0333883237424552
local_linear_12,791,-0.0285305405325606
local_linear_12,792,0.0303123645192196
local_linear_12,793,0.0122274148913935
local_linear_12,794,-0.0376490273901347
local_linear_12,795,0.0392973360614946
local_linear_12,796,-0.058347127560873
local_linear_12,797,-0.111549924723316
local_linear_12,798,0.0802467144182512
local_linear_12,799,-0.131663696290172
local_linear_12,800,-0.0975255699219805
local_linear_12,801,-0.0768804612632987
local_linear_12,802,-0.156595823925285
local_linear_12,803,0.0491797695262433
local_linear_12,804,-0.0927268537294657
local_linear_12,805,0.180909823228775
local_linear_12,806,0.154840347881034
local_linear_12,807,-0.0471295867005699
local_linear_12,808,-0.0666424837016117
local_linear_12,809,0.131102040273291
local_linear_12,810,-0.0495052693018507
local_linear_12,811,0.0495048882419532
local_linear_12,812,0.0637640720529875
local_linear_12,813,-0.105531453617595
local_linear_12,814,-0.105631755584571
local_linear_12,815,-0.0449426899382122
local_linear_12,816,-0.184879047278169
local_linear_12,817,-0.0549287699247986
local_linear_12,818,0.0597640606185624
local_linear_12,819,-0.189471426429845
local_linear_12,820,-0.000113462884632061
local_linear_12,821,-0.0677516320434026
local_linear_12,822,0.127790497399382
local_linear_12,823,-0.209554959467626
local_linear_12,824,0.00407314365234068
local_linear_12,825,0.0856357338586801
local_linear_12,826,0.0257929492973584
local_linear_12,827,-0.0647666717946865
local_linear_12,828,-0.13105066957218
local_linear_12,829,0.0978427276210398
local_linear_12,830,0.0223711970941147
local_linear_12,831,0.0658704884420012
local_linear_12,832,-0.00760912644029392
local_linear_12,833,0.08592553728579
local_linear_12,834,-0.158345851984255
local_linear_12,835,0.155376056020399
local_linear_12,836,0.0720525640669605
local_linear_12,837,-0.140020170561328
local_linear_12,838,-0.0301941640663467
local_linear_12,839,0.0550024086120349
local_linear_12,840,-0.0124411606573291
local_linear_12,841,0.129918775607553
local_linear_12,842,-0.129699806100496
local_linear_12,843,0.0543743449675006
local_linear_12,844,-0.219829620862485
local_linear_12,845,-0.0242321032572835
local_linear_12,846,0.113990561811794
local_linear_12,847,0.0263417925652032
local_linear_12,848,-0.000511773318589093
local_linear_12,849,0.0571683259301992
local_linear_12,850,-0.0961899252632312
local_linear_12,851,0.0203113449273182
local_linear_12,852,-0.00589723846927785
local_linear_12,853,0.142832974284083
local_linear_12,854,0.0711559403050499
local_linear_12,855,0.0367435019462429
local_linear_12,856,0.0424382695490643
local_linear_12,857,0.0119294596443347
local_linear_12,858,0.00528195068856441
local_linear_12,859,0.0440531717903084
local_linear_12,860,0.020547353306168
local_linear_12,861,0.0410549389441108
local_linear_12,862,-0.137623705990807
local_linear_12,863,-0.0223285922582592
local_linear_12,864,0.0357678640961971
local_linear_12,865,-0.151270802807974
local_linear_12,866,0.0176027238787659
local_linear_12,867,0.124515875571113
local_linear_12,868,0.199130754867197
local_linear_12,869,-0.0498913501712849
local_linear_12,870,0.0418880993441849
local_linear_12,871,0.0364656518059251
local_linear_12,872,0.106165351210867
local_linear_12,873,-0.0188312827415601
local_linear_12,874,-0.0995751410014079
local_linear_12,875,0.00911418758056737
local_linear_12,876,0.0815722416174423
local_linear_12,877,0.0856043295901652
local_linear_12,878,0.147977653406234
local_linear_12,879,0.117184093041907
local_linear_12,880,-0.0182510915917587
local_linear_12,881,0.164728160541859
local_linear_12,882,0.12951484152573
local_linear_12,883,-0.0469275033743406
local_linear_12,884,-0.0315842772954404
local_linear_12,885,-0.0523802479088481
local_linear_12,886,0.169596155555539
local_linear_12,887,-0.0527090731914601
local_linear_12,888,0.00158016765751394
local_linear_12,889,-0.158098530996464
local_linear_12,890,0.00831129059414722
local_linear_12,891,-0.0874952079593608
local_linear_12,892,0.0214764177259763
local_linear_12,893,-0.100447369500923
local_linear_12,894,0.116526492004506
local_linear_12,895,0.188090459470953
local_linear_12,896,0.0243242676540879
local_linear_12,897,4.25507967240317e-05
local_linear_12,898,0.0318526093506349
local_linear_12,899,-0.0809945153913182
local_linear_12,900,-0.12885317154937
local_linear_12,901,0.122630342463116
local_linear_12,902,-0.0196955492120455
local_linear_12,903,-0.00836967016998328
local_linear_12,904,-0.0884694183467157
local_linear_12,905,0.116292693021116
local_linear_12,906,-0.0254231130646601
local_linear_12,907,0.0245035518879068
local_linear_12,908,0.119663261417785
local_linear_12,909,0.062514220172389
local_linear_12,910,0.0519093203936822
local_linear_12,911,0.0225210039954783
local_linear_12,912,-0.0369574317451953
local_linear_12,913,-0.0911818564042806
local_linear_12,914,0.029428661083224
local_linear_12,915,0.011605262677393
local_linear_12,916,0.105668582456626
local_linear_12,917,0.00883581693528098
local_linear_12,918,-0.0389671215783265
local_linear_12,919,0.0201980588063616
local_linear_12,920,0.0180450043619785
local_linear_12,921,-0.0708615715406256
local_linear_12,922,0.022441064658838
local_linear_12,923,-0.032857472256057
local_linear_12,924,-0.0311233338254124
local_linear_12,925,-0.0920247613750347
local_linear_12,926,-0.0196575348631036
local_linear_12,927,0.0787919825636084
local_linear_12,928,0.164163328153405
local_linear_12,929,0.0200931315581769
local_linear_12,930,0.162042476908148
local_linear_12,931,-0.160878992269864
local_linear_12,932,0.0617666370671535
local_linear_12,933,0.0206647774704762
local_linear_12,934,0.113674672037908
local_linear_12,935,0.0805818324103299
local_linear_12,936,-0.0642908500694984
local_linear_12,937,0.0522018509268583
local_linear_12,938,-0.123079831067521
local_linear_12,939,0.0190270183583309
local_linear_12,940,0.00273047158078269
local_linear_12,941,0.0888941479432107
local_linear_12,942,0.0590111930592684
local_linear_12,943,0.00155304952432515
local_linear_12,944,0.0971007520108591
local_linear_12,945,0.0495107652519954
local_linear_12,946,-0.0265373411457756
local_linear_12,947,-0.0852936328593446
local_linear_12,948,0.0709007155376347
local_linear_12,949,0.0219523273813801
local_linear_12,950,0.18776621815748
local_linear_12,951,-0.21610966744235
local_linear_12,952,0.0684697374090773
local_linear_12,953,-0.0431201648909993
local_linear_12,954,-0.0107222609346985
local_linear_12,955,0.164197374025811
local_linear_12,956,0.113928460109062
local_linear_12,957,0.0910870216540476
local_linear_12,958,0.0155900693915975
local_linear_12,959,-0.0229749391478655
local_linear_12,960,-0.0969924665922598
local_linear_12,961,-0.0552284242887815
local_linear_12,962,0.1706398052616
local_linear_12,963,-0.00957724966887123
local_linear_12,964,0.018785898919574
local_linear_12,965,0.0330020369070908
local_linear_12,966,0.0455375098152283
local_linear_12,967,0.0108916911291438
local_linear_12,968,-0.017914113861338
local_linear_12,969,-0.0426334622677903
local_linear_12,970,0.179510705289659
local_linear_12,971,-0.204819764704619
local_linear_12,972,-0.0955650290232611
local_linear_12,973,0.105766850737879
local_linear_12,974,-0.122504906818678
local_linear_12,975,-0.140754099028555
local_linear_12,976,-0.00835473876958925
local_linear_12,977,-0.093094340208346
local_linear_12,978,-0.0647577961066359
local_linear_12,979,0.0101128340187288
local_linear_12,980,0.0643016155324476
local_linear_12,981,-0.112462367103447
local_linear_12,982,0.103321366372287
local_linear_12,983,-0.0522416973409445
local_linear_12,984,-0.0343042856474414
local_linear_12,985,-0.0671472910520909
local_linear_12,986,0.206479214481662
local_linear_12,987,-0.0472444753476046
local_linear_12,988,-0.0972297017881131
local_linear_12,989,-0.0244399215304959
local_linear_12,990,0.004058454404543
local_linear_12,991,0.0166513357570495
local_linear_12,992,0.142324588523004
local_linear_12,993,-0.0201068086802293
local_linear_12,994,-0.0408988371966608
local_linear_12,995,-0.0204151279630137
local_linear_12,996,0.0576502924118018
local_linear_12,997,-0.0307614594022173
local_linear_12,998,0.0405108382475934
local_linear_12,999,0.0228642493032177
local_linear_12,1000,-0.0157779463770096
local_linear_12,1001,-0.141613039887246
local_linear_12,1002,-0.0741562772821374
local_linear_12,1003,-0.0169557762351902
local_linear_12,1004,0.144822279246418
local_linear_12,1005,0.00655419371110326
local_linear_12,1006,0.0796643914573606
local_linear_12,1007,0.1797751267162
local_linear_12,1008,-0.0399615950605513
local_linear_12,1009,0.146044061072006
local_linear_12,1010,-0.0671472910520906
local_linear_12,1011,0.0691369519597291
local_linear_12,1012,-0.0933964829034837
local_linear_12,1013,0.16455319534882
local_linear_12,1014,0.0852908967076977
local_linear_12,1015,0.0880841306085225
local_linear_12,1016,-0.174327126318109
local_linear_12,1017,0.0247511392090072
local_linear_12,1018,0.0135304300240412
local_linear_12,1019,-0.0568400461496985
local_linear_12,1020,-0.0654080683611277
local_linear_12,1021,-0.0530144943470183
local_linear_12,1022,-0.0614715756667227
local_linear_12,1023,-0.0966946156257323
local_linear_12,1024,-0.00558315571306315
local_linear_12,1025,-0.0868701128901839
local_linear_12,1026,0.0209402939315053
local_linear_12,1027,0.0801993112134409
local_linear_12,1028,-0.0794256845673781
local_linear_12,1029,-0.0633467670358631
local_linear_12,1030,5.9211894646675e-16
local_linear_12,1031,0.180776789884647
local_linear_12,1032,-0.0552772436438813
local_linear_12,1033,0.0347736275556117
local_linear_12,1034,-0.0300448855453984
local_linear_12,1035,-0.120925388691203
local_linear_12,1036,0.135570135937213
local_linear_12,1037,0.0209749597383887
local_linear_12,1038,0.00600481720119402
local_linear_12,1039,0.00074754046070602
local_linear_12,1040,0.0296114093771918
local_linear_12,1041,-0.0417913795173271
local_linear_12,1042,0.0180357244197869
local_linear_12,1043,-0.089051758941844
local_linear_12,1044,0.10356510203481
local_linear_12,1045,0.192201522026888
local_linear_12,1046,0.0863825305258838
local_linear_12,1047,0.0333887408726138
local_linear_12,1048,-0.0271897493335039
local_linear_12,1049,-0.00636182745799789
local_linear_12,1050,0.00707190189255661
local_linear_12,1051,-0.0102143599942928
local_linear_12,1052,-0.133005457567023
local_linear_12,1053,-0.0722608719161449
local_linear_12,1054,0.011778970175999
local_linear_12,1055,-0.221481827923129
local_linear_12,1056,0.0516647489840484
local_linear_12,1057,0.139709751665258
local_linear_12,1058,-0.166856459277988
local_linear_12,1059,0.123901408359589
local_linear_12,1060,-0.00613331710823169
local_linear_12,1061,-0.10479669491755
local_linear_12,1062,0.154942547237499
local_linear_12,1063,0.105399768136304
local_linear_12,1064,-0.0402967213125557
local_linear_12,1065,-0.0346907115412055
local_linear_12,1066,-0.042434828926762
local_linear_12,1067,-0.0681732517815622
local_linear_12,1068,0.112497770486417
local_linear_12,1069,0.0871669422333419
local_linear_12,1070,0.0738850425224416
local_linear_12,1071,-0.0111281681449113
local_linear_12,1072,-0.12978087435482
local_linear_12,1073,-0.101478750277151
local_linear_12,1074,0.0371224317540169
local_linear_12,1075,0.0718522783180555
local_linear_12,1076,-0.0586405907564508
local_linear_12,1077,0.0376260341055253
local_linear_12,1078,-0.0727085821800596
local_linear_12,1079,-0.0446449922859875
local_linear_12,1080,0.0187186190869827
local_linear_12,1081,0.123197045876888
local_linear_12,1082,-0.0441554848177459
local_linear_12,1083,0.00966884315377007
local_linear_12,1084,-0.0343609691901134
local_linear_12,1085,0.064984419373789
local_linear_12,1086,0.0947561561750347
local_linear_12,1087,-0.0972297017881131
local_linear_12,1088,0.0884452685725317
local_linear_12,1089,0.0234570444528179
local_linear_12,1090,0.0882135794401767
local_linear_12,1091,-0.114250706124128
local_linear_12,1092,-0.0266609191598854
local_linear_12,1093,0.00355762758311418
local_linear_12,1094,-0.0963318657627023
local_linear_12,1095,-0.072120545040652
local_linear_12,1096,-0.0191775867833511
local_linear_12,1097,-0.0996982457303105
local_linear_12,1098,0.0642209089609196
local_linear_12,1099,-0.0463316083035753
local_linear_12,1100,-0.0190678865699828
local_linear_12,1101,0.150989595730726
local_linear_12,1102,0.0420368856577067
local_linear_12,1103,-0.0462853847247571
local_linear_12,1104,0.0147897251254188
local_linear_12,1105,-0.00190823859483746
local_linear_12,1106,-0.0132305351459395
local_linear_12,1107,0.0512639679858253
local_linear_12,1108,-0.0817593085744181
local_linear_12,1109,-0.197498200390294
local_linear_12,1110,0.111090089225763
local_linear_12,1111,0.0336721659165861
local_linear_12,1112,0.0276825288754716
local_linear_12,1113,0.0455532412200137
local_linear_12,1114,0.0182756681302611
local_linear_12,1115,-0.0362120311497881
local_linear_12,1116,0.0811112561209102
local_linear_12,1117,-0.10555949249266
local_linear_12,1118,-0.0442447448867016
local_linear_12,1119,-0.00626970336636627
local_linear_12,1120,-0.069967060373628
local_linear_12,1121,0.0384361084504471
local_linear_12,1122,-0.0113125808851141
local_linear_12,1123,-0.019950378701951
local_linear_12,1124,0.130997930689568
local_linear_12,1125,-1.1842378929335e-15
local_linear_12,1126,0.0144166180876661
local_linear_12,1127,-0.0802540397504841
local_linear_12,1128,-0.0214227995125314
local_linear_12,1129,-0.0413290309430696
local_linear_12,1130,0.142457891393097
local_linear_12,1131,-0.101497592094664
local_linear_12,1132,0.0881573276675507
local_linear_12,1133,0.120921674117804
local_linear_12,1134,-0.152074035260164
local_linear_12,1135,-0.0201379814975485
local_linear_12,1136,-0.063223371387729
local_linear_12,1137,-0.0703918296297967
local_linear_12,1138,-0.0160970352923805
local_linear_12,1139,-0.0605064134516523
local_linear_12,1140,-0.152055769571367
local_linear_12,1141,-0.069512141978711
local_linear_12,1142,0.143889666060075
local_linear_12,1143,-0.0126656977922674
local_linear_12,1144,0.0822231952932346
local_linear_12,1145,-0.022222731491938
local_linear_12,1146,0.136263003894687
local_linear_12,1147,-0.0221994223727992
local_linear_12,1148,0.0687458453901044
local_linear_12,1149,-0.185650315474967
local_linear_12,1150,0.0326905780755276
local_linear_12,1151,-0.0150994927021462
local_linear_12,1152,0.100294677091717
local_linear_12,1153,0.00426719686336252
local_linear_12,1154,0.0494125602265593
local_linear_12,1155,0.0891261790428975
local_linear_12,1156,0.0108129398107482
local_linear_12,1157,0.0525849426486837
local_linear_12,1158,0.109555815003151
local_linear_12,1159,-0.16163229105161
local_linear_12,1160,0.140769806029385
local_linear_12,1161,3.53668903564734e-05
local_linear_12,1162,-0.0387430661259532
local_linear_12,1163,0.00711122441861149
local_linear_12,1164,-0.170466157706487
local_linear_12,1165,-0.0398336438329698
local_linear_12,1166,0.148515939386939
local_linear_12,1167,-0.0188743478019049
local_linear_12,1168,0.0103349708358265
local_linear_12,1169,-0.0692802818346854
local_linear_12,1170,-0.0485337103982276
local_linear_12,1171,0.131503786692096
local_linear_12,1172,-0.186472650302257
local_linear_12,1173,0.039672442359957
local_linear_12,1174,-0.083899326442278
local_linear_12,1175,-0.169663616377457
local_linear_12,1176,0.0929272972271438
local_linear_12,1177,0.195272774911599
local_linear_12,1178,-0.060234193780538
local_linear_12,1179,0.00610995168599319
local_linear_12,1180,-0.105971999393336
local_linear_12,1181,-0.072239675287008
local_linear_12,1182,-0.0845725690818281
local_linear_12,1183,-0.146036548178011
local_linear_12,1184,-0.0417719159049064
local_linear_12,1185,-0.0197692129645738
local_linear_12,1186,-0.163491056235849
local_linear_12,1187,0.0774989482238618
local_linear_12,1188,-0.00116340927767874
local_linear_12,1189,0.0420235703977717
local_linear_12,1190,-0.115005005472494
local_linear_12,1191,0.112187374267103
local_linear_12,1192,-0.041673680854327
local_linear_12,1193,0.0113809188397545
local_linear_12,1194,0.101779691166447
local_linear_12,1195,0.0659855243278062
local_linear_12,1196,-0.168643855122995
local_linear_12,1197,-0.126156207504376
local_linear_12,1198,-0.0202426894209908
local_linear_12,1199,0.0538814324231322
local_linear_12,1200,0.0263571463613322
local_linear_12,1201,-0.112634269212415
local_linear_12,1202,-0.0688200352811883
local_linear_12,1203,-0.096738437523998
local_linear_12,1204,0.192489877266758
local_linear_12,1205,-0.0923475050990229
local_linear_12,1206,0.103808241299556
local_linear_12,1207,0.00761278499421921
local_linear_12,1208,0.02074702648782
local_linear_12,1209,-0.0638013833620512
local_linear_12,1210,0.0234627061418138
local_linear_12,1211,-0.094854104140615
local_linear_12,1212,-0.150973108950832
local_linear_12,1213,0.00453245113993006
local_linear_12,1214,0.0449412586407263
local_linear_12,1215,-0.0876279436782408
local_linear_12,1216,-0.0422754963131394
local_linear_12,1217,-0.0500583881354399
local_linear_12,1218,0.197273257747182
local_linear_12,1219,-0.0994509189215688
local_linear_12,1220,-0.0912767972099037
local_linear_12,1221,-0.132839659794185
local_linear_12,1222,-0.0267260959885469
local_linear_12,1223,0.0212593890882233
local_linear_12,1224,0.0339188965128162
local_linear_12,1225,0.118770455503277
local_linear_12,1226,-0.136948168109652
local_linear_12,1227,0.0148746657372693
local_linear_12,1228,-0.127490251397249
local_linear_12,1229,-0.11731734961256
local_linear_12,1230,-0.0662368260165893
local_linear_12,1231,0.0979836841728015
local_linear_12,1232,0.0849592214635493
local_linear_12,1233,-0.0326625314299299
local_linear_12,1234,-0.0335304356789354
local_linear_12,1235,0.0441591704358961
local_linear_12,1236,0.0490968759127911
local_linear_12,1237,0.00965283608871973
local_linear_12,1238,0.0790101783451839
local_linear_12,1239,0.096391946719421
local_linear_12,1240,-0.141502058106214
local_linear_12,1241,0.0177825231253938
local_linear_12,1242,0.125537010457144
local_linear_12,1243,-0.144315116245961
local_linear_12,1244,-0.0396431602006793
local_linear_12,1245,0.100281597464733
local_linear_12,1246,0.0027159817603805
local_linear_12,1247,0.0657788675078412
local_linear_12,1248,0.0507516148431944
local_linear_12,1249,-0.0821119305972709
local_linear_12,1250,0.0312411910845893
local_linear_12,1251,0.0755248225628877
local_linear_12,1252,0.0912485890375689
local_linear_12,1253,-0.0720146822288375
local_linear_12,1254,-0.164772595193263
local_linear_12,1255,0.00175873724083964
local_linear_12,1256,-0.139712975004985
local_linear_12,1257,-0.0484882335747606
local_linear_12,1258,0.00553866489031455
local_linear_12,1259,0.115945985020176
local_linear_12,1260,0.0729173703319853
local_linear_12,1261,0.137974537680026
local_linear_12,1262,-0.014740285713585
local_linear_12,1263,-0.0195859284469453
local_linear_12,1264,-0.00718429214652142
local_linear_12,1265,0.1094065091164
local_linear_12,1266,-0.0809995415809037
local_linear_12,1267,-0.012329809909503
local_linear_12,1268,0.117030801084051
local_linear_12,1269,-0.0379180048877084
local_linear_12,1270,-0.0881134359031399
local_linear_12,1271,-0.0757669623706224
local_linear_12,1272,0.0377974985400857
local_linear_12,1273,0.0605687551810421
local_linear_12,1274,0.0413654781525323
local_linear_12,1275,0.0445862578966144
local_linear_12,1276,-0.0789264780608644
local_linear_12,1277,0.130394309484935
local_linear_12,1278,0.00375346376618306
local_linear_12,1279,-0.103808811381329
local_linear_12,1280,-0.114968333811439
local_linear_12,1281,-0.0795467686695617
local_linear_12,1282,-0.112882129231933
local_linear_12,1283,0.0211374230517064
local_linear_12,1284,-0.0261123783553051
local_linear_12,1285,0.0114359033595906
local_linear_12,1286,-0.0578182914310158
local_linear_12,1287,-0.049057035568949
local_linear_12,1288,0.125923785449114
local_linear_12,1289,0.021986289669145
local_linear_12,1290,0.0591570482635187
local_linear_12,1291,-0.00787038466500167
local_linear_12,1292,-0.10458989877133
local_linear_12,1293,0.0305355176792741
local_linear_12,1294,-0.108289750080256
local_linear_12,1295,0.0473374137252938
local_linear_12,1296,-0.0563410812764091
local_linear_12,1297,0.124677191741382
local_linear_12,1298,-0.120613076969566
local_linear_12,1299,-0.0896041924549733
local_linear_12,1300,-0.0560383221975706
local_linear_12,1301,-0.175375654080109
local_linear_12,1302,-0.0901999553109978
local_linear_12,1303,0.0945162560482838
local_linear_12,1304,0.040748170264646
local_linear_12,1305,0.0303123645192196
local_linear_12,1306,0.120150225610227
local_linear_12,1307,-0.0604960848896165
local_linear_12,1308,0.0110496954040885
local_linear_12,1309,-0.0553320407102689
local_linear_12,1310,0.0635743477192958
local_linear_12,1311,0.115561421604223
local_linear_12,1312,-0.0316250532029123
local_linear_12,1313,0.0108415795056276
local_linear_12,1314,0.0548550815620675
local_linear_12,1315,0.00311037698167649
local_linear_12,1316,0.00197962492344406
local_linear_12,1317,-0.135691130815081
local_linear_12,1318,0.0478995480010388
local_linear_12,1319,0.0111044604611938
local_linear_12,1320,0.0514564284711619
local_linear_12,1321,0.00443530386940871
local_linear_12,1322,0.0879087977237374
local_linear_12,1323,-0.126702260636023
local_linear_12,1324,0.0266758041765085
local_linear_12,1325,-0.0926759151490177
local_linear_12,1326,-0.0205179703330917
local_linear_12,1327,0.0624936777931492
local_linear_12,1328,0.0732513962571696
local_linear_12,1329,0.121065115060935
local_linear_12,1330,-0.0691464076429427
local_linear_12,1331,0.090275399706794
local_linear_12,1332,0.140782066511752
local_linear_12,1333,-0.0320059289455165
local_linear_12,1334,0.0728716732926804
local_linear_12,1335,-0.12105787410255
local_linear_12,1336,-0.0300720036785878
local_linear_12,1337,-0.0411856640026465
local_linear_12,1338,0.0505644389266629
local_linear_12,1339,0.229760345076668
local_linear_12,1340,-0.112120202215492
local_linear_12,1341,0.0774979743090848
local_linear_12,1342,0.1612596136979
local_linear_12,1343,-0.0553870421003258
local_linear_12,1344,-0.00265310830369595
local_linear_12,1345,0.0821295224798281
local_linear_12,1346,0.090911931896235
local_linear_12,1347,0.127331372717528
local_linear_12,1348,-0.112091959294408
local_linear_12,1349,0.0895859267661763
local_linear_12,1350,-0.084892641775235
local_linear_12,1351,0.00631141751856953
local_linear_12,1352,-0.12460111512993
local_linear_12,1353,0.0212401714926882
local_linear_12,1354,-0.0796185068941793
local_linear_12,1355,0.135524520816536
local_linear_12,1356,-0.0334860095846438
local_linear_12,1357,-0.100529498054188
local_linear_12,1358,0.00153895890267345
local_linear_12,1359,-0.133050525366715
local_linear_12,1360,-0.0499339009680086
local_linear_12,1361,-0.0209637579919105
local_linear_12,1362,0.0947130127675114
local_linear_12,1363,-0.134031269830304
local_linear_12,1364,0.0521061858907137
local_linear_12,1365,0.0477467020992635
local_linear_12,1366,-0.00528321342342508
local_linear_12,1367,0.0270479714483516
local_linear_12,1368,-0.0186342852771828
local_linear_12,1369,-0.0353932396712085
local_linear_12,1370,0.00832705784009846
local_linear_12,1371,-0.0684308557484237
local_linear_12,1372,0.118429585327656
local_linear_12,1373,-0.120485518716718
local_linear_12,1374,-0.100496412574136
local_linear_12,1375,0.133290959704055
local_linear_12,1376,-0.0404167102993635
local_linear_12,1377,-0.100858478824181
local_linear_12,1378,0.102524421816905
local_linear_12,1379,-0.167042910230518
local_linear_12,1380,0.0464898604663399
local_linear_12,1381,-0.01529656476432
local_linear_12,1382,0.133990558651289
local_linear_12,1383,0.0100460093231503
local_linear_12,1384,0.00429120315034422
local_linear_12,1385,-0.0873882848195091
local_linear_12,1386,-0.0458409353795727
local_linear_12,1387,-0.044652468385738
local_linear_12,1388,0.0587028875637362
local_linear_12,1389,0.0431775586187335
local_linear_12,1390,-0.111674965818434
local_linear_12,1391,-0.0391836119016965
local_linear_12,1392,-0.143540677533899
local_linear_12,1393,0.115959937010249
local_linear_12,1394,0.158687364994168
local_linear_12,1395,0.0472472971636589
local_linear_12,1396,0.0451113130057423
local_linear_12,1397,0.166330237420705
local_linear_12,1398,-0.058385209541784
local_linear_12,1399,-0.00598101166552419
local_linear_12,1400,0.0363499698009078
local_linear_12,1401,0.0273031567737077
local_linear_12,1402,0.12930202495155
local_linear_12,1403,0.0585015610754264
local_linear_12,1404,0.0734797244492646
local_linear_12,1405,0.139394177520185
local_linear_12,1406,-0.0465385739791226
local_linear_12,1407,-0.0215483189557692
local_linear_12,1408,0.0498120837982941
local_linear_12,1409,-0.0613073286944994
local_linear_12,1410,0.0784861342307191
local_linear_12,1411,-0.00847165119910069
local_linear_12,1412,-0.0670583780116291
local_linear_12,1413,0.0252367468218277
local_linear_12,1414,0.00285513621189389
local_linear_12,1415,0.0111203292145176
local_linear_12,1416,-0.144315116245961
local_linear_12,1417,0.140526505676973
local_linear_12,1418,-0.0513745132715856
local_linear_12,1419,-0.14800942371862
local_linear_12,1420,-0.0547179078849194
local_linear_12,1421,-0.0231286219913474
local_linear_12,1422,-0.0424764270128373
local_linear_12,1423,-0.0214435691712638
local_linear_12,1424,-0.0643637457433816
local_linear_12,1425,-0.0857463829132052
local_linear_12,1426,0.0352041101962
local_linear_12,1427,0.0269719560758857
local_linear_12,1428,0.00212452913761367
local_linear_12,1429,-0.00616330442405329
local_linear_12,1430,-0.0643637457433816
local_linear_12,1431,-0.0578585111792573
local_linear_12,1432,-0.0246167775356968
local_linear_12,1433,-0.14315362923718
local_linear_12,1434,-0.151130469243509
local_linear_12,1435,0.0613520813547739
local_linear_12,1436,0.00074754046070602
local_linear_12,1437,-0.000518441783707561
local_linear_12,1438,0.0715124947691326
local_linear_12,1439,-0.03787080231727
local_linear_12,1440,0.165892226680013
local_linear_12,1441,-0.114433484044815
local_linear_12,1442,-0.104092396262911
local_linear_12,1443,-0.097192975621826
local_linear_12,1444,0.0255498812489148
local_linear_12,1445,0.0274026025478135
local_linear_12,1446,-0.0293623414631004
local_linear_12,1447,-0.144829596749992
local_linear_12,1448,-0.021235146271627
local_linear_12,1449,-0.193300846572949
local_linear_12,1450,-0.017732649808052
local_linear_12,1451,-0.0234789609552131
local_linear_12,1452,0.0909518713118015
local_linear_12,1453,-0.0218309506266783
local_linear_12,1454,0.157824401675837
local_linear_12,1455,0.164163328153405
local_linear_12,1456,-0.0339232148742479
local_linear_12,1457,-0.15275612961063
local_linear_12,1458,-0.0664651606606928
local_linear_12,1459,-0.0388364665279288
local_linear_12,1460,0.00254101656734296
local_linear_12,1461,0.203450361258461
local_linear_12,1462,-0.00646452383272086
local_linear_12,1463,-0.143763521107199
local_linear_12,1464,-0.176318983868726
local_linear_12,1465,0.171881469328812
local_linear_12,1466,0.0767706032187524
local_linear_12,1467,0.0537154444015719
local_linear_12,1468,-0.0617666797116823
local_linear_12,1469,-0.00906063056774009
local_linear_12,1470,-0.00021694390761103
local_linear_12,1471,0.0223059695553044
local_linear_12,1472,-0.116723382694662
local_linear_12,1473,-0.0420960291513287
local_linear_12,1474,-0.045200940798512
local_linear_12,1475,-0.00279823587822984
local_linear_12,1476,0.0319429549429776
local_linear_12,1477,-0.104904283334545
local_linear_12,1478,0.0562239237166328
local_linear_12,1479,-0.0603313679252793
local_linear_12,1480,0.0189255692972846
local_linear_12,1481,-0.0782497726471689
local_linear_12,1482,0.100791789111795
local_linear_12,1483,-0.0702071429367856
local_linear_12,1484,-0.124952505033578
local_linear_12,1485,-0.00500616370475004
local_linear_12,1486,-0.0221084970948005
local_linear_12,1487,-0.130084169150022
local_linear_12,1488,0.0779571428898602
local_linear_12,1489,-0.151992460395867
local_linear_12,1490,0.046679915290432
local_linear_12,1491,0.0225392696842738
local_linear_12,1492,-0.015117758390943
local_linear_12,1493,-0.0316332214210275
local_linear_12,1494,-0.0635972202597017
local_linear_12,1495,0.000640473347221319
local_linear_12,1496,-0.110895202958997
local_linear_12,1497,0.0725881070522287
local_linear_12,1498,0.119125959833275
local_linear_12,1499,-0.00263484261490188
local_linear_12,1500,-0.0771749831110871
local_linear_12,1501,0.0275208991418525
local_linear_12,1502,0.0110545439355943
local_linear_12,1503,0.116875759487508
local_linear_12,1504,0.0918608670970936
local_linear_12,1505,0.0747180069592393
local_linear_12,1506,-0.00873866966475874
local_linear_12,1507,-0.0815654790815102
local_linear_12,1508,-0.10222910423198
local_linear_12,1509,-0.0907122492568118
local_linear_12,1510,-0.0436062084874657
local_linear_12,1511,-0.132327365848371
local_linear_12,1512,0.137790404413777
local_linear_12,1513,-0.0873882848195091
local_linear_12,1514,-0.0534353566224362
local_linear_12,1515,0.0341568465648807
local_linear_12,1516,0.0632270570058789
local_linear_12,1517,0.0388513515445531
local_linear_12,1518,0.0640449305236146
local_linear_12,1519,-0.103935790176475
local_linear_12,1520,0.0337734158483306
local_linear_12,1521,-0.106948879398447
local_linear_12,1522,0.0198249486052825
local_linear_12,1523,0.0968261302477573
local_linear_12,1524,-0.100390291417713
local_linear_12,1525,-0.0330756057455259
local_linear_12,1526,-0.0409180877592169
local_linear_12,1527,-0.0402993863657096
local_linear_12,1528,0.179510705289659
local_linear_12,1529,0.143963453643896
local_linear_12,1530,0.114551650792209
local_linear_12,1531,0.115295591829993
local_linear_12,1532,-0.0329209478919381
local_linear_12,1533,-0.0435940172476945
local_linear_12,1534,0.00509704241689709
local_linear_12,1535,0.122395521500645
local_linear_12,1536,-0.00321403977234377
local_linear_12,1537,0.196834135009001
local_linear_12,1538,-0.010719858982184
local_linear_12,1539,-0.107360606706941
local_linear_12,1540,0.105344191138443
local_linear_12,1541,0.0457791061695433
local_linear_12,1542,0.0135937808353563
local_linear_12,1543,-0.137623705990807
local_linear_12,1544,0.020787435869325
local_linear_12,1545,0.14954652631579
local_linear_12,1546,-0.0362800094404194
local_linear_12,1547,-0.0654498854454569
local_linear_12,1548,0.106608575713886
local_linear_12,1549,0.0277278685566443
local_linear_12,1550,-0.0253708612478706
local_linear_12,1551,-0.116580220029006
local_linear_12,1552,0.0952572573382007
local_linear_12,1553,-0.118296510634494
local_linear_12,1554,0.194171189962197
local_linear_12,1555,-0.0337932834881597
local_linear_12,1556,0.0558576955212526
local_linear_12,1557,-0.161409407055273
local_linear_12,1558,0.176377372088842
local_linear_12,1559,0.0639332512797471
local_linear_12,1560,-0.00122769096574752
local_linear_12,1561,-0.0470182359527446
local_linear_12,1562,0.0287863486241043
local_linear_12,1563,0.0595060558840418
local_linear_12,1564,-0.0664651606606928
local_linear_12,1565,0.0737254960672192
local_linear_12,1566,-0.0323296118501606
local_linear_12,1567,0.104830225491281
local_linear_12,1568,0.07164144532985
local_linear_12,1569,0.149847702838035
local_linear_12,1570,0.11662707548749
local_linear_12,1571,-0.0843746613847571
local_linear_12,1572,-0.0459179829055918
local_linear_12,1573,0.0426540538511947
local_linear_12,1574,-0.0350508965470654
local_linear_12,1575,0.00407314365234068
local_linear_12,1576,0.0521906721978767
local_linear_12,1577,-0.190918755621416
local_linear_12,1578,-0.021677117863903
local_linear_12,1579,-0.130213933514574
local_linear_12,1580,0.048462522898828
local_linear_12,1581,-0.155249687349412
local_linear_12,1582,0.0710693766607428
local_linear_12,1583,-0.0260335245545831
local_linear_12,1584,-0.0530692914134058
local_linear_12,1585,0.0472042775874299
local_linear_12,1586,-0.0201571526494956
local_linear_12,1587,-0.0389719293757225
local_linear_12,1588,0.0926429466742856
local_linear_12,1589,0.131530644320437
local_linear_12,1590,0.118444466509485
local_linear_12,1591,-0.00166676777220154
local_linear_12,1592,0.0883224233274381
local_linear_12,1593,-0.0223780059131267
local_linear_12,1594,0.152675274619586
local_linear_12,1595,-0.114406365705908
local_linear_12,1596,-0.0389622180694171
local_linear_12,1597,-0.0120889518606591
local_linear_12,1598,-0.0773769082104678
local_linear_12,1599,-0.100062401961301
local_linear_12,1600,-0.0298270922877792
local_linear_12,1601,0.193669001805191
local_linear_12,1602,-0.0909565575381371
local_linear_12,1603,0.0819642672172396
local_linear_12,1604,-0.194674727882432
local_linear_12,1605,-0.00374164983497612
local_linear_12,1606,-0.0647657714680827
local_linear_12,1607,-0.0158459246676411
local_linear_12,1608,0.0881857180705732
local_linear_12,1609,-0.0936185173440973
local_linear_12,1610,0.200691940025309
local_linear_12,1611,-0.0089857786131781
local_linear_12,1612,0.0148296645409861
local_linear_12,1613,0.0876261108141157
local_linear_12,1614,0.0229634125457405
local_linear_12,1615,0.0423061061866787
local_linear_12,1616,0.106970344720313
local_linear_12,1617,-0.0398209228728064
local_linear_12,1618,-0.00353909187895921
local_linear_12,1619,-0.0102181269431719
local_linear_12,1620,-0.012144511187494
local_linear_12,1621,-0.0675676291299725
local_linear_12,1622,0.173361293839454
local_linear_12,1623,-0.0485028407096312
local_linear_12,1624,-0.0251921057789464
local_linear_12,1625,-0.108729936161631
local_linear_12,1626,0.0983900019747835
local_linear_12,1627,-0.160878992269864
local_linear_12,1628,0.0805818324103299
local_linear_12,1629,0.0633727975128728
local_linear_12,1630,0.0217835662239769
local_linear_12,1631,0.123617663205663
local_linear_12,1632,-0.102830590090821
local_linear_12,1633,-0.00609343764279273
local_linear_12,1634,0.0583966572347201
local_linear_12,1635,0.0227824182717677
local_linear_12,1636,-0.037519630190484
local_linear_12,1637,-0.0467712124251293
local_linear_12,1638,-0.00374609985061654
local_linear_12,1639,-0.0388929869932827
local_linear_12,1640,0.0719327670292603
local_linear_12,1641,-0.0465627144067806
local_linear_12,1642,-0.107041577350635
local_linear_12,1643,-0.0529418031329643
local_linear_12,1644,-0.180948020409842
local_linear_12,1645,-0.17391896240406
local_linear_12,1646,-0.027907869806785
local_linear_12,1647,-0.0264307105286168
local_linear_12,1648,1.82656887961485e-05
local_linear_12,1649,0.00342455681127015
local_linear_12,1650,-0.0910559461992874
local_linear_12,1651,0.155407460288913
local_linear_12,1652,-0.0574267057389326
local_linear_12,1653,0.114088540079761
local_linear_12,1654,-0.0338116510183003
local_linear_12,1655,0.0352714925096326
local_linear_12,1656,-0.172211579687395
local_linear_12,1657,-0.0972973638507349
local_linear_12,1658,-0.0185637249707596
local_linear_12,1659,0.127452331608593
local_linear_12,1660,0.0749102968662359
local_linear_12,1661,0.0483649683941918
local_linear_12,1662,0.172383657485817
local_linear_12,1663,0.0840263828379237
local_linear_12,1664,-0.0334158590058028
local_linear_12,1665,-0.116723382694662
local_linear_12,1666,-0.0494783868016094
local_linear_12,1667,-0.018708675802638
local_linear_12,1668,-0.0333887408726146
local_linear_12,1669,0.0600259750130796
local_linear_12,1670,-0.0504952215968727
local_linear_12,1671,-0.0553319040013574
local_linear_12,1672,-0.0278396498362552
local_linear_12,1673,0.0177719918809567
local_linear_12,1674,0.0187264496739887
local_linear_12,1675,0.0693791331033043
local_linear_12,1676,-0.00369563443984422
local_linear_12,1677,-0.00621103754812117
local_linear_12,1678,-0.0115167583506339
local_linear_12,1679,-0.0647657714680827
local_linear_12,1680,-0.0759570956378045
local_linear_12,1681,-0.0523593488782757
local_linear_12,1682,-0.115264516375232
local_linear_12,1683,0.0625902625149874
local_linear_12,1684,-0.0109306919703875
local_linear_12,1685,-0.127347088731595
local_linear_12,1686,-0.0284509905179344
local_linear_12,1687,0.156923959387971
local_linear_12,1688,0.0182855467820093
local_linear_12,1689,0.080539531505137
local_linear_12,1690,0.105816780416574
local_linear_12,1691,0.0339439103928614
local_linear_12,1692,0.0185827527977456
local_linear_12,1693,0.0177326498080512
local_linear_12,1694,0.0347881696735331
local_linear_12,1695,-0.0106463414175296
local_linear_12,1696,0.0576660457211933
local_linear_12,1697,-0.083899326442278
local_linear_12,1698,-0.0336028905976971
local_linear_12,1699,-0.0425281216845302
local_linear_12,1700,0.116557046350158
local_linear_12,1701,0.012147297248483
local_linear_12,1702,-0.106695830248224
local_linear_12,1703,-0.156523369006522
local_linear_12,1704,0.0528519177070036
local_linear_12,1705,0.00268251571201509
local_linear_12,1706,0.0353302558284228
local_linear_12,1707,0.139365741749068
local_linear_12,1708,-0.0638423078391425
local_linear_12,1709,-0.0924900739543029
local_linear_12,1710,0.0796260832339465
local_linear_12,1711,0.0775713941805056
local_linear_12,1712,-0.0629284221041522
local_linear_12,1713,-0.00435239541388732
local_linear_12,1714,-0.0178987537233454
local_linear_12,1715,-0.0145978906391144
local_linear_12,1716,-0.0623189389244576
local_linear_12,1717,-0.0631561180437543
local_linear_12,1718,-0.0611174192413468
local_linear_12,1719,-0.164210238509808
local_linear_12,1720,-0.0789096812266109
local_linear_12,1721,0.0546885626746138
local_linear_12,1722,0.0466356009733326
local_linear_12,1723,0.13949939164765
local_linear_12,1724,-0.00669979442621838
local_linear_12,1725,-0.0258035389705222
local_linear_12,1726,-0.194720743277565
local_linear_12,1727,-0.0343532812329557
local_linear_12,1728,0.00709992967065295
local_linear_12,1729,-0.0242863878927449
local_linear_12,1730,0.0550935970181185
local_linear_12,1731,-0.049444488765794
local_linear_12,1732,-0.139745415241666
local_linear_12,1733,0.0524487053125995
local_linear_12,1734,-0.0143372444827774
local_linear_12,1735,-0.0832370164853655
local_linear_12,1736,0.0341568465648807
local_linear_12,1737,0.0371638522748124
local_linear_12,1738,-0.00951574736046072
local_linear_12,1739,-0.0312680997171491
local_linear_12,1740,0.227154676497847
local_linear_12,1741,-0.101716713661631
local_linear_12,1742,-0.0513400769375195
local_linear_12,1743,0.0738883171622916
local_linear_12,1744,-0.0315294802290529
local_linear_12,1745,-0.0671813934849297
local_linear_12,1746,-0.0457516595403108
local_linear_12,1747,0.0528519177070036
local_linear_12,1748,0.0430335975122255
local_linear_12,1749,0.0458626086147603
local_linear_12,1750,0.0740252635649205
local_linear_12,1751,0.0851294081915812
local_linear_12,1752,-0.0540470156810503
local_linear_12,1753,-0.171141921830147
local_linear_12,1754,0.16737098108438
local_linear_12,1755,0.0982272872021991
local_linear_12,1756,0.0736523394551568
local_linear_12,1757,0.00335827983567564
local_linear_12,1758,-0.084136928123684
local_linear_12,1759,-0.0358233587476754
local_linear_12,1760,0.181349516849532
local_linear_12,1761,0.0100373148998874
local_linear_12,1762,0.129642440539372
local_linear_12,1763,0.0750025452434064
local_linear_12,1764,-0.0461078184049392
local_linear_12,1765,-0.125318974915491
local_linear_12,1766,0.163671468765867
local_linear_12,1767,0.0741565001151849
local_linear_12,1768,-0.00935454842120098
local_linear_12,1769,-0.0782325701793101
local_linear_12,1770,0.13790337506953
local_linear_12,1771,0.0926608972258528
local_linear_12,1772,-0.018307378910556
local_linear_12,1773,-0.000447830508940742
local_linear_12,1774,0.0460018611288315
local_linear_12,1775,-0.0400929283983296
local_linear_12,1776,-0.0777720363272187
local_linear_12,1777,0.0386969550954683
local_linear_12,1778,-0.0445053741554764
local_linear_12,1779,-0.0308770386808268
local_linear_12,1780,0.0873010201506362
local_linear_12,1781,-0.0191010554846859
local_linear_12,1782,-0.0967355079084775
local_linear_12,1783,0.00915137095846053
local_linear_12,1784,0.0510903956595676
local_linear_12,1785,0.00822978579908747
local_linear_12,1786,-0.0094188450505263
local_linear_12,1787,-0.0252179879182849
local_linear_12,1788,0.0351746290366893
local_linear_12,1789,0.145807225782899
local_linear_12,1790,0.0580445848232246
local_linear_12,1791,-0.0680941080740851
local_linear_12,1792,-0.012144511187494
local_linear_12,1793,-0.0769026786967976
local_linear_12,1794,-0.172211579687395
local_linear_12,1795,-0.153022875619763
local_linear_12,1796,0.154277423086892
local_linear_12,1797,0.0509093882324997
local_linear_12,1798,-0.0954756926346718
local_linear_12,1799,-0.0782537343298158
local_linear_12,1800,-0.00896751292438225
local_linear_12,1801,-0.027574950143556
local_linear_12,1802,0.120241887871974
local_linear_12,1803,0.102385392135881
local_linear_12,1804,-0.02023129584766
local_linear_12,1805,0.0896755930139976
local_linear_12,1806,-0.00803002104673448
local_linear_12,1807,0.191672228088056
local_linear_12,1808,-0.191847109031127
local_linear_12,1809,-0.0912767972099037
local_linear_12,1810,0.196212768168859
local_linear_12,1811,-0.0223643806051529
local_linear_12,1812,0.0570590249860121
local_linear_12,1813,0.071711355218637
local_linear_12,1814,0.0633964447637044
local_linear_12,1815,0.0694584521488304
local_linear_12,1816,0.034841491390881
local_linear_12,1817,0.0835846386566702
local_linear_12,1818,0.0613583882199791
local_linear_12,1819,0.0599518473776571
local_linear_12,1820,-0.177958500393291
local_linear_12,1821,0.0498120837982941
local_linear_12,1822,0.0556975159040084
local_linear_12,1823,0.00947561227193135
local_linear_12,1824,-0.00503741975351376
local_linear_12,1825,-0.00884960159436362
local_linear_12,1826,-0.0139708441530836
local_linear_12,1827,-0.0137381142115807
local_linear_12,1828,0.0355979331566498
local_linear_12,1829,-0.0439293569568176
local_linear_12,1830,0.094964654193384
local_linear_12,1831,0.0594512226251345
local_linear_12,1832,-0.0493391214876366
local_linear_12,1833,0.16645850191664
local_linear_12,1834,0.085442321903258
local_linear_12,1835,0.000368624011746791
local_linear_12,1836,0.125836449950387
local_linear_12,1837,-0.00369563443984422
local_linear_12,1838,-0.048069768404658
local_linear_12,1839,-0.0421347358696037
local_linear_12,1840,-0.0358182740356243
local_linear_12,1841,-0.0850003890178395
local_linear_12,1842,-0.00397779351153164
local_linear_12,1843,-0.176158680367676
local_linear_12,1844,-0.0402014951873024
local_linear_12,1845,0.0556975159040084
local_linear_12,1846,-0.0218911351178373
local_linear_12,1847,-0.000192373395777305
local_linear_12,1848,0.106492020256481
local_linear_12,1849,-0.000239900126751162
local_linear_12,1850,0.0936185173440967
local_linear_12,1851,0.00160067098512743
local_linear_12,1852,-0.0374342757331402
local_linear_12,1853,0.0700895974244758
local_linear_12,1854,-0.00881564156844128
local_linear_12,1855,-0.0479043833794505
local_linear_12,1856,-0.0741885551102156
local_linear_12,1857,-0.0307614594022173
local_linear_12,1858,0.123958626482178
local_linear_12,1859,-0.0241539024813976
local_linear_12,1860,0.193418703832127
local_linear_12,1861,0.0305355176792741
local_linear_12,1862,-0.0179829863379804
local_linear_12,1863,0.0878961895919561
local_linear_12,1864,0.158675945475719
local_linear_12,1865,0.169200747906918
local_linear_12,1866,-0.110086684502167
local_linear_12,1867,-0.0375306975654238
local_linear_12,1868,-0.135530326385073
local_linear_12,1869,0.0896755930139976
local_linear_12,1870,0.0415945401575438
local_linear_12,1871,0.0424121893362465
local_linear_12,1872,-0.0524686938414488
local_linear_12,1873,-0.00170429237934074
local_linear_12,1874,-0.0958054267236473
local_linear_12,1875,-0.0452571253909007
local_linear_12,1876,0.0666249479322003
local_linear_12,1877,0.00917288441288762
local_linear_12,1878,0.0474364011970133
local_linear_12,1879,-0.0973572918624791
local_linear_12,1880,0.0303754929472883
local_linear_12,1881,-0.0209820236807072
local_linear_12,1882,0.0819900338291865
local_linear_12,1883,-0.0471943625531551
local_linear_12,1884,-0.0668435467617385
local_linear_12,1885,0.014252760788463
local_linear_12,1886,0.0163647635137429
local_linear_12,1887,-0.106038554646407
local_linear_12,1888,-0.0939754900125592
local_linear_12,1889,0.102683995752678
local_linear_12,1890,-0.0240237827443958
local_linear_12,1891,0.0639332039977655
local_linear_12,1892,0.0520793313806944
local_linear_12,1893,0.0618547501987772
local_linear_12,1894,0.00196979306209203
local_linear_12,1895,-0.0541030640214973
local_linear_12,1896,0.0689546798694292
local_linear_12,1897,-0.0584114086448008
local_linear_12,1898,0.062295791997571
local_linear_12,1899,0.111144383423611
local_linear_12,1900,0.0116331098842766
local_linear_12,1901,0.0734367838363562
local_linear_12,1902,0.0576629810713145
local_linear_12,1903,0.116591678345868
local_linear_12,1904,-0.0469634388863556
local_linear_12,1905,0.0169094226190876
local_linear_12,1906,0.0130582760560225
local_linear_12,1907,0.0796862761643527
local_linear_12,1908,0.00712700052186044
local_linear_12,1909,-0.0843903118718261
local_linear_12,1910,0.0297630435496004
local_linear_12,1911,-0.116513725070834
local_linear_12,1912,-0.144198900915419
local_linear_12,1913,0.105572313775037
local_linear_12,1914,0.0799666924395292
local_linear_12,1915,-0.0729156712648319
local_linear_12,1916,0.165273342170752
local_linear_12,1917,-0.181282500582483
local_linear_12,1918,0.147977653406234
local_linear_12,1919,-0.00335649584171479
local_linear_12,1920,-0.123918072982416
local_linear_12,1921,0.0241554495361337
local_linear_12,1922,0.029626846852054
local_linear_12,1923,0.0334293498168051
local_linear_12,1924,0.0489411868317019
local_linear_12,1925,-0.13226929553301
local_linear_12,1926,-0.0533590897530404
local_linear_12,1927,0.0414455704341489
local_linear_12,1928,-0.0631765294386361
local_linear_12,1929,-0.123199233522901
local_linear_12,1930,0.0508589094440808
local_linear_12,1931,-0.0536406956100765
local_linear_12,1932,-0.0666211526835892
local_linear_12,1933,-0.0775064620863833
local_linear_12,1934,0.128273848305667
local_linear_12,1935,0.0104853964163644
local_linear_12,1936,0.157204735734354
local_linear_12,1937,0.120068087371886
local_linear_12,1938,-0.0470132809839076
local_linear_12,1939,-0.0899668217119256
local_linear_12,1940,-0.0884694183467157
local_linear_12,1941,0.14914759655443
local_linear_12,1942,0.018480190268759
local_linear_12,1943,-0.0285908373317758
local_linear_12,1944,-0.0484354614760617
local_linear_12,1945,-0.113387014260873
local_linear_12,1946,-0.0464274236639692
local_linear_12,1947,0.0749769272647021
local_linear_12,1948,-0.0927190605987078
local_linear_12,1949,-0.112012599852237
local_linear_12,1950,-0.00321403977234377
local_linear_12,1951,0.024882452796045
local_linear_12,1952,0.023751265427701
local_linear_12,1953,-0.0272067102516009
local_linear_12,1954,-0.00531411285348741
local_linear_12,1955,0.0201379814975476
local_linear_12,1956,0.112783594193515
local_linear_12,1957,-0.0990847596957432
local_linear_12,1958,-0.00745269926732946
local_linear_12,1959,0.0294466663819183
local_linear_12,1960,0.00667980554417339
local_linear_12,1961,0.020535575610294
local_linear_12,1962,0.121580984030163
local_linear_12,1963,-0.0983915003632475
local_linear_12,1964,-0.115831961081527
local_linear_12,1965,-0.0781937031886931
local_linear_12,1966,-0.13772966707934
local_linear_12,1967,0.183124005968986
local_linear_12,1968,-0.172948786938779
local_linear_12,1969,-0.00721019667893567
local_linear_12,1970,-0.0698793091982154
local_linear_12,1971,0.0605996689742773
local_linear_12,1972,-0.139700213650369
local_linear_12,1973,0.046953366304581
local_linear_12,1974,-0.0954756926346718
local_linear_12,1975,-0.0814259765570894
local_linear_12,1976,-0.0852540738036725
local_linear_12,1977,0.166067501919536
local_linear_12,1978,-0.0973002382773194
local_linear_12,1979,0.0870298670144767
local_linear_12,1980,-0.0680941080740851
local_linear_12,1981,0.0249416492097057
local_linear_12,1982,-0.0343609691901134
local_linear_12,1983,0.063387831110432
local_linear_12,1984,-0.168511369711646
local_linear_12,1985,-0.0203157977825465
local_linear_12,1986,-0.012630986431749
local_linear_12,1987,0.127898560354262
local_linear_12,1988,-0.0146692394106693
local_linear_12,1989,0.072449259807611
local_linear_12,1990,-0.139993275261184
local_linear_12,1991,-0.022620234544398
local_linear_12,1992,0.166330237420705
local_linear_12,1993,-0.077358642521672
local_linear_12,1994,0.0489597093849522
local_linear_12,1995,0.00730201299688164
local_linear_12,1996,0.040787808625231
local_linear_12,1997,0.0207591754362587
local_linear_12,1998,-0.0789215990002322
local_linear_12,1999,0.0859074672586383
local_linear_16,1,0.214515809514644
local_linear_16,2,0.0850708589780347
local_linear_16,3,0.194298293734807
local_linear_16,4,-0.0904716209824545
local_linear_16,5,-0.104161348688645
local_linear_16,6,-0.010895295411298
local_linear_16,7,-0.016960661987382
local_linear_16,8,-0.178093320270101
local_linear_16,9,0.10840151858373
local_linear_16,10,-0.0973643606396817
local_linear_16,11,-0.0829209442160348
local_linear_16,12,0.0668380518482996
local_linear_16,13,0.0087101015211631
local_linear_16,14,0.0507737912485222
local_linear_16,15,-0.0653940818858659
local_linear_16,16,-0.0695899525672257
local_linear_16,17,-0.0685433057752644
local_linear_16,18,0.0144126397338455
local_linear_16,19,0.0248266343046855
local_linear_16,20,0.0564314141773945
local_linear_16,21,0.0110014391098897
local_linear_16,22,-0.063524038583443
local_linear_16,23,0.107842746371312
local_linear_16,24,-0.149564961172675
local_linear_16,25,-0.125014997395431
local_linear_16,26,-0.0399527160135082
local_linear_16,27,-0.00959407143186623
local_linear_16,28,0.147701520975588
local_linear_16,29,-0.229920175467337
local_linear_16,30,0.0398774471133502
local_linear_16,31,0.0538302830199238
local_linear_16,32,0.0120195717748824
local_linear_16,33,-0.0652528887748831
local_linear_16,34,-0.0756955520745655
local_linear_16,35,0.0644888378990078
local_linear_16,36,0.147835207567603
local_linear_16,37,0.0313242521449526
local_linear_16,38,0.0156702033556918
local_linear_16,39,-0.0301511408109162
local_linear_16,40,-0.0670877509152004
local_linear_16,41,-0.12427626652025
local_linear_16,42,0.188187101314065
local_linear_16,43,-0.0220756807920539
local_linear_16,44,-0.0518437971812933
local_linear_16,45,0.07330121311502
local_linear_16,46,0.0286085535792748
local_linear_16,47,0.0107821667729257
local_linear_16,48,-0.0315051197565648
local_linear_16,49,0.0121616918501208
local_linear_16,50,0.0492915568364272
local_linear_16,51,-0.0149290376661548
local_linear_16,52,-0.030392443599793
local_linear_16,53,0.156237150076876
local_linear_16,54,-0.0769120171918537
local_linear_16,55,-0.0360577412397631
local_linear_16,56,-0.1026199956125
local_linear_16,57,-0.0375761923701813
local_linear_16,58,0.225411479980995
local_linear_16,59,-0.0379583810542045
local_linear_16,60,0.0342203724740064
local_linear_16,61,0.0262309798395437
local_linear_16,62,-0.0648499873729884
local_linear_16,63,0.0383117849378933
local_linear_16,64,0.045619566083948
local_linear_16,65,-0.0398038650906673
local_linear_16,66,0.124575461643063
local_linear_16,67,0.0241323546116131
local_linear_16,68,0.0296783863859795
local_linear_16,69,0.0719799565183511
local_linear_16,70,0.00828455195823648
local_linear_16,71,0.0528341974701302
local_linear_16,72,0.147652559251498
local_linear_16,73,-0.103667627912374
local_linear_16,74,-0.0490888486766835
local_linear_16,75,0.0235940206338713
local_linear_16,76,0.0243408857315464
local_linear_16,77,-0.100902760780615
local_linear_16,78,-0.0440185656536682
local_linear_16,79,0.00144587626593988
local_linear_16,80,0.160393738901774
local_linear_16,81,-0.0366359606817879
local_linear_16,82,-0.211079056816109
local_linear_16,83,-0.167389687637492
local_linear_16,84,-0.148577675736995
local_linear_16,85,-0.036535974688434
local_linear_16,86,-0.159033860720817
local_linear_16,87,0.00416554434700138
local_linear_16,88,-0.182999172931718
local_linear_16,89,-0.17462662443705
local_linear_16,90,-0.0382468239541991
local_linear_16,91,-0.0896344263093812
local_linear_16,92,-0.226058459564864
local_linear_16,93,-0.0407903524116149
local_linear_16,94,0.12885502596248
local_linear_16,95,-0.000429604029793455
local_linear_16,96,-0.041333690473541
local_linear_16,97,-0.123181989188212
local_linear_16,98,0.0532329206684133
local_linear_16,99,-0.0603619408195536
local_linear_16,100,0.0650710244075177
local_linear_16,101,0.14512344171157
local_linear_16,102,-0.117412574043624
local_linear_16,103,0.110740212100799
local_linear_16,104,0.0475765247755199
local_linear_16,105,0.0616148078028879
local_linear_16,106,-0.106505428307766
local_linear_16,107,0.081936616131259
local_linear_16,108,-0.057681778184854
local_linear_16,109,-0.133217959212104
local_linear_16,110,-0.153033387839034
local_linear_16,111,0.10352295699523
local_linear_16,112,-0.163688218801386
local_linear_16,113,0.0392938307132763
local_linear_16,114,0.0478283980249395
local_linear_16,115,-0.1297816970429
local_linear_16,116,0.158485506248002
local_linear_16,117,0.158339830538488
local_linear_16,118,-0.109380157867946
local_linear_16,119,0.189854993311504
local_linear_16,120,0.0676959204394304
local_linear_16,121,-0.0941427656427101
local_linear_16,122,-0.227904640644216
local_linear_16,123,-0.0744366925121873
local_linear_16,124,0.067686270953887
local_linear_16,125,-0.0392023245698126
local_linear_16,126,-0.0992539262692829
local_linear_16,127,-0.154775548613152
local_linear_16,128,-0.104911037362006
local_linear_16,129,-0.112995628366903
local_linear_16,130,-0.0247317541346925
local_linear_16,131,-0.0381944448355386
local_linear_16,132,0.0246800000885121
local_linear_16,133,-0.194032150249335
local_linear_16,134,0.0305137535423923
local_linear_16,135,0.115068124092826
local_linear_16,136,-0.0123901511883
local_linear_16,137,0.162227577351688
local_linear_16,138,-0.0701072885452012
local_linear_16,139,-0.132790491848003
local_linear_16,140,-0.0751907792849638
local_linear_16,141,-0.0165900459039268
local_linear_16,142,-0.0410699731197009
local_linear_16,143,-0.109466012279114
local_linear_16,144,0.0745475776203506
local_linear_16,145,-0.109682387087828
local_linear_16,146,-0.0628879532678273
local_linear_16,147,0.0107709406277513
local_linear_16,148,0.0527898286536509
local_linear_16,149,-0.0342802273955677
local_linear_16,150,0.0660370554569972
local_linear_16,151,-0.01083534258685
local_linear_16,152,-0.136453659721618
local_linear_16,153,-0.0617601226303748
local_linear_16,154,-0.0811438609043031
local_linear_16,155,-0.0440223862687589
local_linear_16,156,0.0832734037680372
local_linear_16,157,-0.0799994498288807
local_linear_16,158,-0.0276615354113992
local_linear_16,159,0.16699671176498
local_linear_16,160,-0.150622249629021
local_linear_16,161,-0.147518277189591
local_linear_16,162,-0.210613038337774
local_linear_16,163,0.0200215771316096
local_linear_16,164,0.158730951551746
local_linear_16,165,0.119919052352312
local_linear_16,166,-0.0391090809984208
local_linear_16,167,-0.0752435682900453
local_linear_16,168,-0.0866092886221604
local_linear_16,169,-0.0489068512845341
local_linear_16,170,0.0335876133816987
local_linear_16,171,0.115282764534624
local_linear_16,172,-0.228454253684422
local_linear_16,173,0.0477740020329553
local_linear_16,174,-0.0972915203840661
local_linear_16,175,-0.144364464439082
local_linear_16,176,0.0264163682901864
local_linear_16,177,-0.0206843848424686
local_linear_16,178,-0.0784811533382127
local_linear_16,179,-0.255470511093553
local_linear_16,180,0.0343763142950069
local_linear_16,181,-0.0569733872423308
local_linear_16,182,-0.0168643234667902
local_linear_16,183,0.124101041873467
local_linear_16,184,-0.128352524211175
local_linear_16,185,0.12365645635389
local_linear_16,186,-0.0541598384671843
local_linear_16,187,0.022438844626626
local_linear_16,188,-0.141636007115108
local_linear_16,189,0.128301449116896
local_linear_16,190,-0.0714121767891474
local_linear_16,191,0.167688026186639
local_linear_16,192,0.120507903308385
local_linear_16,193,0.0921063838069841
local_linear_16,194,-0.157179471266571
local_linear_16,195,-0.00732065832428811
local_linear_16,196,0.0119359390415665
local_linear_16,197,-0.0488803037504013
local_linear_16,198,0.0692973025030937
local_linear_16,199,0.190789200765964
local_linear_16,200,-0.110185685472234
local_linear_16,201,0.212863162796277
local_linear_16,202,0.0261710828829746
local_linear_16,203,0.0655980044070785
local_linear_16,204,0.203721989486048
local_linear_16,205,-0.0503474733112611
local_linear_16,206,-0.0800605318994346
local_linear_16,207,-0.0609433986432434
local_linear_16,208,0.00125125461079397
local_linear_16,209,0.0657661457526644
local_linear_16,210,0.0311492542218896
local_linear_16,211,-0.025462960849534
local_linear_16,212,0.089830081463651
local_linear_16,213,-0.0520279959550489
local_linear_16,214,0.0189880392049142
local_linear_16,215,-0.111755601763378
local_linear_16,216,0.0212265132382748
local_linear_16,217,-0.203194067338048
local_linear_16,218,-0.119297794299955
local_linear_16,219,-0.0154269947689582
local_linear_16,220,0.174419701761873
local_linear_16,221,-0.11611928178841
local_linear_16,222,-0.0279127869214385
local_linear_16,223,0.20175278547529
local_linear_16,224,-0.037995612308135
local_linear_16,225,-0.154042730298012
local_linear_16,226,-0.172599061739101
local_linear_16,227,0.0521613004430774
local_linear_16,228,-0.0762392525715831
local_linear_16,229,0.106032766648745
local_linear_16,230,0.0297576424906563
local_linear_16,231,-0.0246267508557804
local_linear_16,232,0.12169389956044
local_linear_16,233,0.0323696874309786
local_linear_16,234,0.0991372058440089
local_linear_16,235,0.192744748321909
local_linear_16,236,0.317804862778312
local_linear_16,237,-0.0312409276498133
local_linear_16,238,0.084722519393243
local_linear_16,239,0.165789176324725
local_linear_16,240,0.0665719329022485
local_linear_16,241,0.179553914058411
local_linear_16,242,0.0882549998166864
local_linear_16,243,-0.0891053778955522
local_linear_16,244,0.0457301152430535
local_linear_16,245,0.00325492128776942
local_linear_16,246,-0.125618932075105
local_linear_16,247,-0.228094871530784
local_linear_16,248,0.107132024936585
local_linear_16,249,-0.0791509525588241
local_linear_16,250,-0.102348054652667
local_linear_16,251,-0.0510537587987262
local_linear_16,252,0.0585641008905859
local_linear_16,253,-0.0597574688370003
local_linear_16,254,-0.0852387723844468
local_linear_16,255,-0.0907932887558059
local_linear_16,256,0.0368474647675295
local_linear_16,257,-0.0769535984928294
local_linear_16,258,0.00367969642184048
local_linear_16,259,-0.0922399043757277
local_linear_16,260,-0.209241940958589
local_linear_16,261,0.0802670279135119
local_linear_16,262,0.042421190389442
local_linear_16,263,0.11856969069365
local_linear_16,264,-0.0120944901618317
local_linear_16,265,0.0368958331691539
local_linear_16,266,0.100496385159858
local_linear_16,267,-0.151414320677236
local_linear_16,268,0.121668184332717
local_linear_16,269,-0.0329949931348764
local_linear_16,270,0.0189650957911385
local_linear_16,271,0.182104668615201
local_linear_16,272,-0.0436679869874131
local_linear_16,273,-0.0433344133768978
local_linear_16,274,0.0909121998727279
local_linear_16,275,-0.157988707834701
local_linear_16,276,0.101267103842725
local_linear_16,277,0.146108939824293
local_linear_16,278,-0.0906290850970978
local_linear_16,279,-0.0268387211213274
local_linear_16,280,-0.0570476857311014
local_linear_16,281,0.0479728589829446
local_linear_16,282,-0.028305978521851
local_linear_16,283,0.108752914864665
local_linear_16,284,-0.000489775591250149
local_linear_16,285,0.0445871386663352
local_linear_16,286,0.071710860144071
local_linear_16,287,-0.00940845330551721
local_linear_16,288,0.174771993768745
local_linear_16,289,0.0348689079963508
local_linear_16,290,-0.186366013347284
local_linear_16,291,-0.043768023552485
local_linear_16,292,-0.02322444088982
local_linear_16,293,0.0694399050096678
local_linear_16,294,0.229828024194397
local_linear_16,295,-0.054194325386191
local_linear_16,296,-0.00817656107903394
local_linear_16,297,0.114184177860062
local_linear_16,298,0.112936451962108
local_linear_16,299,0.21063177539773
local_linear_16,300,-0.0589073178099673
local_linear_16,301,0.171508436402111
local_linear_16,302,-0.111071373941364
local_linear_16,303,-0.00114716871276362
local_linear_16,304,0.0228265456255912
local_linear_16,305,-0.0845087746845309
local_linear_16,306,-0.060720855500436
local_linear_16,307,-0.161990994715598
local_linear_16,308,0.0838032894125114
local_linear_16,309,0.122128323249123
local_linear_16,310,-0.110403421208858
local_linear_16,311,0.0357846481377756
local_linear_16,312,-0.0889342788410372
local_linear_16,313,-0.118943792364965
local_linear_16,314,0.229402964838559
local_linear_16,315,0.0461408757502498
local_linear_16,316,0.183156351649953
local_linear_16,317,-0.0659770237686012
local_linear_16,318,-0.245593236181828
local_linear_16,319,0.155137072409499
local_linear_16,320,0.0145649646664901
local_linear_16,321,0.114439012653227
local_linear_16,322,0.124772527568355
local_linear_16,323,0.135646517753641
local_linear_16,324,-0.236576331811941
local_linear_16,325,-0.044262551577669
local_linear_16,326,0.0032881024623966
local_linear_16,327,0.208930644437202
local_linear_16,328,-0.16609741272029
local_linear_16,329,0.124124295640626
local_linear_16,330,-0.147381286722304
local_linear_16,331,0.121239599356776
local_linear_16,332,0.176732694306184
local_linear_16,333,-0.0656564783813618
local_linear_16,334,0.197596162436661
local_linear_16,335,-0.0937094601877278
local_linear_16,336,-0.111770315346597
local_linear_16,337,0.0515837090788616
local_linear_16,338,0.0274462728979499
local_linear_16,339,0.228721140131883
local_linear_16,340,0.154662482959948
local_linear_16,341,0.0458403863714064
local_linear_16,342,-0.0244950318709967
local_linear_16,343,0.124776009248913
local_linear_16,344,0.13187925528651
local_linear_16,345,0.183616642110485
local_linear_16,346,0.0420397936430724
local_linear_16,347,-0.16369186586154
local_linear_16,348,-0.148403654130296
local_linear_16,349,-0.00189229924486334
local_linear_16,350,-0.0128970886213956
local_linear_16,351,-0.0787108518737334
local_linear_16,352,0.0255986129790176
local_linear_16,353,0.127251026344731
local_linear_16,354,0.149707928818674
local_linear_16,355,0.0441247228698523
local_linear_16,356,-0.0798021497526721
local_linear_16,357,0.158952546429611
local_linear_16,358,0.0314371800615962
local_linear_16,359,-0.111331836015403
local_linear_16,360,0.143192706270464
local_linear_16,361,0.106934703284847
local_linear_16,362,0.194783468328891
local_linear_16,363,0.0155694148025181
local_linear_16,364,-0.10998314504247
local_linear_16,365,0.107578190703643
local_linear_16,366,-0.0433055476870979
local_linear_16,367,-0.218434785820051
local_linear_16,368,-0.027380323257951
local_linear_16,369,-0.1342778642918
local_linear_16,370,0.0743304043666158
local_linear_16,371,0.106515911405291
local_linear_16,372,0.0717083062679812
local_linear_16,373,-0.289690375666086
local_linear_16,374,0.0192287845897559
local_linear_16,375,0.0238919201729143
local_linear_16,376,-0.032178497857851
local_linear_16,377,-0.000609030742839245
local_linear_16,378,-0.0284605707528748
local_linear_16,379,-0.0177041035002044
local_linear_16,380,0.0996681465654066
local_linear_16,381,0.0031755175227195
local_linear_16,382,-0.118777985885357
local_linear_16,383,0.0607798585188473
local_linear_16,384,0.0922715356755723
local_linear_16,385,-0.085651074363672
local_linear_16,386,-0.21021704031215
local_linear_16,387,0.123890471719382
local_linear_16,388,-0.0545717663650788
local_linear_16,389,-0.118111150142798
local_linear_16,390,0.00137836405291184
local_linear_16,391,0.194267100842732
local_linear_16,392,0.00213991360487883
local_linear_16,393,0.0428881069864945
local_linear_16,394,-0.130571892157202
local_linear_16,395,-0.121596722453557
local_linear_16,396,-0.155972389711674
local_linear_16,397,-0.0294281690473447
local_linear_16,398,0.174404741487661
local_linear_16,399,0.032460468833782
local_linear_16,400,0.0378389288484427
local_linear_16,401,-0.0543932788333027
local_linear_16,402,-0.211190992522589
local_linear_16,403,-0.169568410986828
local_linear_16,404,-0.257918685947792
local_linear_16,405,0.106780456389332
local_linear_16,406,0.0463045076125278
local_linear_16,407,0.0178406493978338
local_linear_16,408,0.0157157565076427
local_linear_16,409,-0.0280029559654
local_linear_16,410,-0.18343057690634
local_linear_16,411,0.230588980058245
local_linear_16,412,-0.0631488214892212
local_linear_16,413,-0.131031519025779
local_linear_16,414,-0.00463455450386855
local_linear_16,415,0.0185290721740022
local_linear_16,416,0.164331219564366
local_linear_16,417,0.0599736813339652
local_linear_16,418,-0.106017124965544
local_linear_16,419,-0.0126593781584106
local_linear_16,420,-0.0308309934170916
local_linear_16,421,-0.0218248472388147
local_linear_16,422,-0.224758134425011
local_linear_16,423,-0.0522635324026458
local_linear_16,424,-0.0706242661409752
local_linear_16,425,-0.0780081700065323
local_linear_16,426,-0.00253185617777607
local_linear_16,427,0.0320607961045649
local_linear_16,428,0.0192095945330187
local_linear_16,429,0.0840485550296772
local_linear_16,430,0.208886457871339
local_linear_16,431,-0.0551236161891081
local_linear_16,432,0.0520815308751219
local_linear_16,433,-0.0333150275716676
local_linear_16,434,0.230865614257252
local_linear_16,435,0.120774084333127
local_linear_16,436,-0.127170499798564
local_linear_16,437,0.150694185657243
local_linear_16,438,0.228048317394144
local_linear_16,439,-0.0434385252896714
local_linear_16,440,0.108138281529914
local_linear_16,441,-0.178196011563149
local_linear_16,442,-0.0140181014064037
local_linear_16,443,-0.0571863046239649
local_linear_16,444,0.103378901085983
local_linear_16,445,-0.0693474031715044
local_linear_16,446,0.0213583647564353
local_linear_16,447,0.0340738103318288
local_linear_16,448,-0.00791033916980766
local_linear_16,449,-0.163397246692586
local_linear_16,450,0.067638233656071
local_linear_16,451,-0.0830157050092977
local_linear_16,452,0.0504451502638868
local_linear_16,453,-0.0586414675357497
local_linear_16,454,0.10144952695965
local_linear_16,455,0.220309677227893
local_linear_16,456,0.0796304008194942
local_linear_16,457,0.0272306840693399
local_linear_16,458,0.0115207867640459
local_linear_16,459,-0.054686487805971
local_linear_16,460,0.211974798208266
local_linear_16,461,-0.11995114510132
local_linear_16,462,-0.0441980807066085
local_linear_16,463,0.0763301190356162
local_linear_16,464,0.0216297974541607
local_linear_16,465,-0.0943601624473664
local_linear_16,466,-0.0253693158302735
local_linear_16,467,0.00458073054349839
local_linear_16,468,0.0295083397218937
local_linear_16,469,0.205797346992396
local_linear_16,470,-0.113189575181841
local_linear_16,471,-0.0626177693113643
local_linear_16,472,0.133653273545936
local_linear_16,473,-0.0199338243016189
local_linear_16,474,0.181052755079905
local_linear_16,475,0.0932665595687106
local_linear_16,476,-0.00674025300646175
local_linear_16,477,0.0691173030003952
local_linear_16,478,-0.245064673247004
local_linear_16,479,0.056574015957717
local_linear_16,480,-0.0448863646941723
local_linear_16,481,0.173933026101339
local_linear_16,482,0.0510574751712346
local_linear_16,483,0.0509992922244059
local_linear_16,484,-0.0720885743133352
local_linear_16,485,-0.0778386373397633
local_linear_16,486,-0.0836131862800021
local_linear_16,487,0.130465629272267
local_linear_16,488,0.0516738136925354
local_linear_16,489,0.105003540418237
local_linear_16,490,-0.0552845806618629
local_linear_16,491,-0.248273949343212
local_linear_16,492,0.199035403216344
local_linear_16,493,-0.167312617101384
local_linear_16,494,0.137987546638416
local_linear_16,495,0.00782977190360246
local_linear_16,496,0.169201277597775
local_linear_16,497,0.0193129450782878
local_linear_16,498,-0.230465085626539
local_linear_16,499,-0.0034856667357559
local_linear_16,500,-0.00613413187434671
local_linear_16,501,-0.109308450783121
local_linear_16,502,0.134973178947671
local_linear_16,503,0.148107953670272
local_linear_16,504,-0.00588408210138495
local_linear_16,505,0.111341399606511
local_linear_16,506,-0.0741294091133404
local_linear_16,507,-0.226731372659609
local_linear_16,508,-0.0894879643733957
local_linear_16,509,-0.0438369939347941
local_linear_16,510,-0.100295412280925
local_linear_16,511,-0.0368700953677719
local_linear_16,512,0.0199692594545358
local_linear_16,513,-0.057045338991126
local_linear_16,514,-0.0387618512473556
local_linear_16,515,-0.0627102259537145
local_linear_16,516,-0.0134861373039783
local_linear_16,517,-0.0195590746716195
local_linear_16,518,0.0693583816035911
local_linear_16,519,-0.0632613659333696
local_linear_16,520,0.133653695064075
local_linear_16,521,0.206676470076228
local_linear_16,522,0.120684132505161
local_linear_16,523,-0.0144839758296209
local_linear_16,524,0.0976029881198327
local_linear_16,525,-0.047789024265002
local_linear_16,526,-0.0433674201762075
local_linear_16,527,-0.215546083024709
local_linear_16,528,-0.116279440991752
local_linear_16,529,-0.00172155896234856
local_linear_16,530,0.0563776408513708
local_linear_16,531,-0.0703572098237177
local_linear_16,532,0.181617691380934
local_linear_16,533,0.0823824195293996
local_linear_16,534,-0.00965917820086926
local_linear_16,535,0.189032533093166
local_linear_16,536,0.0984732313045814
local_linear_16,537,0.197706433378349
local_linear_16,538,0.118794192231009
local_linear_16,539,0.0244142783509966
local_linear_16,540,0.0543767430118551
local_linear_16,541,-0.182151438892333
local_linear_16,542,0.0551921385748108
local_linear_16,543,-0.123211012214342
local_linear_16,544,-0.112988026996832
local_linear_16,545,-0.10941016493294
local_linear_16,546,0.0978526587126603
local_linear_16,547,0.0428653486527336
local_linear_16,548,-0.110099538911863
local_linear_16,549,0.0721747314225893
local_linear_16,550,0.0288536757156175
local_linear_16,551,0.0957091902263517
local_linear_16,552,0.0841900822814645
local_linear_16,553,-0.0163987529155989
local_linear_16,554,0.031756995053339
local_linear_16,555,0.102197148479005
local_linear_16,556,-0.150506340027625
local_linear_16,557,0.0348363312920471
local_linear_16,558,0.0114583769652003
local_linear_16,559,-0.0515049093005618
local_linear_16,560,-0.116782131261797
local_linear_16,561,0.115632485452443
local_linear_16,562,0.154186817466411
local_linear_16,563,-0.0819629686149555
local_linear_16,564,0.0535586667869333
local_linear_16,565,0.02121884449181
local_linear_16,566,-0.0646742731264457
local_linear_16,567,-0.0946272292350843
local_linear_16,568,0.0301021780676057
local_linear_16,569,-0.132283811732347
local_linear_16,570,0.0285728395518419
local_linear_16,571,-0.041659572296419
local_linear_16,572,0.0121043184713431
local_linear_16,573,-0.242857894374544
local_linear_16,574,0.0725972211138422
local_linear_16,575,-0.111919130254787
local_linear_16,576,-0.183778242814607
local_linear_16,577,0.142365086319225
local_linear_16,578,0.20472344019322
local_linear_16,579,-0.163834629327853
local_linear_16,580,0.197161393763989
local_linear_16,581,-0.0720244109875301
local_linear_16,582,0.0543923507276508
local_linear_16,583,0.154684792289935
local_linear_16,584,-0.111596497110833
local_linear_16,585,0.157362129679437
local_linear_16,586,-0.175821586434054
local_linear_16,587,0.246043165522672
local_linear_16,588,-0.0796924934670293
local_linear_16,589,-0.0381284398481722
local_linear_16,590,0.0842001250758724
local_linear_16,591,0.125888195357878
local_linear_16,592,0.187003986680104
local_linear_16,593,-0.042957295151302
local_linear_16,594,0.0416781519240382
local_linear_16,595,-0.00626641708859873
local_linear_16,596,-0.121748285926687
local_linear_16,597,0.173809930257866
local_linear_16,598,0.190301686837232
local_linear_16,599,-0.0301006705459746
local_linear_16,600,0.192688363272452
local_linear_16,601,-0.0592182568423943
local_linear_16,602,0.249671715253301
local_linear_16,603,0.0673715503766668
local_linear_16,604,-0.0999760318810153
local_linear_16,605,-0.181101021392907
local_linear_16,606,0.156297510050138
local_linear_16,607,0.127654375456519
local_linear_16,608,0.0771628170330899
local_linear_16,609,-0.157546052055771
local_linear_16,610,-0.00814213559063859
local_linear_16,611,-0.215714969821421
local_linear_16,612,0.0726777340370435
local_linear_16,613,0.168373355437127
local_linear_16,614,0.0391802832475173
local_linear_16,615,-0.0675186568282985
local_linear_16,616,-0.0443761073721154
local_linear_16,617,0.141609737874708
local_linear_16,618,-0.0253513967349252
local_linear_16,619,0.0809325029388868
local_linear_16,620,-0.036048260475007
local_linear_16,621,0.0237019981655644
local_linear_16,622,-0.0153023155948248
local_linear_16,623,-0.0308623485546485
local_linear_16,624,-0.0569856204515424
local_linear_16,625,0.0969078246862498
local_linear_16,626,-0.0241212487174488
local_linear_16,627,-0.0758084529311169
local_linear_16,628,-0.191287433756039
local_linear_16,629,0.222684753287676
local_linear_16,630,0.125736132321187
local_linear_16,631,-0.101363311727539
local_linear_16,632,0.183423377509435
local_linear_16,633,0.0775562874786126
local_linear_16,634,-0.159159285771946
local_linear_16,635,0.0280945723656109
local_linear_16,636,0.118181302372379
local_linear_16,637,-0.0664624786074161
local_linear_16,638,0.247766023374672
local_linear_16,639,0.157193506402536
local_linear_16,640,-0.109405968892697
local_linear_16,641,-0.0350270706446745
local_linear_16,642,-0.000508923083336832
local_linear_16,643,-0.0825966223740435
local_linear_16,644,0.0728323863362569
local_linear_16,645,0.00280710626002427
local_linear_16,646,-0.12546249697111
local_linear_16,647,-0.0601576756170677
local_linear_16,648,-0.0383841770336687
local_linear_16,649,-0.171204644776156
local_linear_16,650,0.00426758121938479
local_linear_16,651,0.106067247393918
local_linear_16,652,-0.132181455575902
local_linear_16,653,0.111064241138974
local_linear_16,654,0.101871692724814
local_linear_16,655,-0.0226242279045481
local_linear_16,656,-0.0507031365180035
local_linear_16,657,-0.180060187304288
local_linear_16,658,-0.106443869168012
local_linear_16,659,0.0531780067259886
local_linear_16,660,-0.128084553975619
local_linear_16,661,-0.143135441577402
local_linear_16,662,0.00105525465360815
local_linear_16,663,0.187081226264945
local_linear_16,664,-0.140092383864378
local_linear_16,665,-0.0466198796003058
local_linear_16,666,-0.0605016369950494
local_linear_16,667,-0.0562115891571449
local_linear_16,668,0.0693066838100209
local_linear_16,669,0.0626006683396142
local_linear_16,670,-0.018550435191312
local_linear_16,671,-0.100812070814978
local_linear_16,672,-0.0897906625434415
local_linear_16,673,0.109619443828594
local_linear_16,674,-0.0383817858713199
local_linear_16,675,-0.00775100176039612
local_linear_16,676,0.0420288890043998
local_linear_16,677,-0.116287288639384
local_linear_16,678,0.0350958594095596
local_linear_16,679,-0.0260331699113576
local_linear_16,680,0.0321808881047758
local_linear_16,681,0.031685964954708
local_linear_16,682,0.0801622276906437
local_linear_16,683,-0.00148032368602961
local_linear_16,684,0.170448546741819
local_linear_16,685,0.125904892111724
local_linear_16,686,0.0430942252939855
local_linear_16,687,-0.0615105713267576
local_linear_16,688,-0.00403716599484749
local_linear_16,689,-0.0371408945141335
local_linear_16,690,0.012346571544974
local_linear_16,691,0.109393479078343
local_linear_16,692,0.180092980853712
local_linear_16,693,0.214969493008761
local_linear_16,694,0.0988992599518035
local_linear_16,695,-0.00649166825055669
local_linear_16,696,-0.0324324969034227
local_linear_16,697,-0.0142287088756721
local_linear_16,698,-0.00368519062723098
local_linear_16,699,-0.0514376884911683
local_linear_16,700,-0.0892058165539182
local_linear_16,701,-0.0155609993130099
local_linear_16,702,0.113843809461798
local_linear_16,703,0.235650004921615
local_linear_16,704,-0.0995754781176735
local_linear_16,705,-0.216179185226484
local_linear_16,706,-0.130631743894954
local_linear_16,707,0.0289061419694265
local_linear_16,708,0.125758167569907
local_linear_16,709,-0.176356706650844
local_linear_16,710,-0.164925448936071
local_linear_16,711,0.173581089336824
local_linear_16,712,-0.199914340405548
local_linear_16,713,0.209773929051456
local_linear_16,714,-0.0507028778520177
local_linear_16,715,-0.0905307996078717
local_linear_16,716,0.137581602984913
local_linear_16,717,0.0453766152994088
local_linear_16,718,-0.268101561663813
local_linear_16,719,0.0560147040514867
local_linear_16,720,-0.0619690658305103
local_linear_16,721,0.103824063408142
local_linear_16,722,0.0862781698956028
local_linear_16,723,0.065207984566318
local_linear_16,724,0.0324056617967393
local_linear_16,725,0.00243977582448955
local_linear_16,726,0.0254522706966309
local_linear_16,727,0.00864928372567775
local_linear_16,728,0.209041622140912
local_linear_16,729,-0.00183448949403608
local_linear_16,730,0.0163688218623485
local_linear_16,731,0.083065767527611
local_linear_16,732,-0.153992206924581
local_linear_16,733,0.140341004560947
local_linear_16,734,0.0790792097322874
local_linear_16,735,0.0793140168922912
local_linear_16,736,-0.0320826241467863
local_linear_16,737,0.178138272926478
local_linear_16,738,-0.130146798757752
local_linear_16,739,0.0997399488334404
local_linear_16,740,0.0816550662886047
local_linear_16,741,0.214974824980942
local_linear_16,742,0.0117819678852313
local_linear_16,743,0.0481333315232059
local_linear_16,744,0.0317422373600786
local_linear_16,745,0.145810920135237
local_linear_16,746,0.0203645772536509
local_linear_16,747,-0.0350848691964245
local_linear_16,748,-0.143049666815135
local_linear_16,749,0.047232882077938
local_linear_16,750,0.127313120762825
local_linear_16,751,0.148312841151607
local_linear_16,752,-0.0771446986621047
local_linear_16,753,-0.0251774701311049
local_linear_16,754,0.118797232591933
local_linear_16,755,0.0718970880647154
local_linear_16,756,0.130530686301838
local_linear_16,757,0.00518470223096035
local_linear_16,758,-0.142580815233181
local_linear_16,759,-0.084632520787516
local_linear_16,760,-0.0249060522300055
local_linear_16,761,-0.00309813524573007
local_linear_16,762,-0.0426243673963483
local_linear_16,763,0.0319491501095663
local_linear_16,764,0.0502252875158717
local_linear_16,765,-0.0394929802173181
local_linear_16,766,0.18620753319471
local_linear_16,767,-0.213418863421924
local_linear_16,768,0.205181293141469
local_linear_16,769,0.0567072316551484
local_linear_16,770,-0.100727851332176
local_linear_16,771,-0.140510426218973
local_linear_16,772,-0.0186159265258157
local_linear_16,773,0.166502469542381
local_linear_16,774,0.225136528129966
local_linear_16,775,-0.243230950084369
local_linear_16,776,-0.044724586589236
local_linear_16,777,-0.030404256037538
local_linear_16,778,0.101898139331039
local_linear_16,779,0.15024565446535
local_linear_16,780,0.162508393997825
local_linear_16,781,0.252731687710762
local_linear_16,782,-0.150164174290269
local_linear_16,783,-0.143844244501035
local_linear_16,784,0.182625861924087
local_linear_16,785,0.144663033937168
local_linear_16,786,0.0160570975903367
local_linear_16,787,0.114906377219809
local_linear_16,788,0.0193894870824349
local_linear_16,789,0.0329520049622681
local_linear_16,790,-0.0450768149785414
local_linear_16,791,0.070800346194714
local_linear_16,792,-0.160078376807729
local_linear_16,793,0.19146869863398
local_linear_16,794,-0.0622175258389843
local_linear_16,795,0.0133453817577213
local_linear_16,796,0.0994079513715989
local_linear_16,797,-0.148452825548213
local_linear_16,798,0.0395891262939318
local_linear_16,799,-0.174866735298406
local_linear_16,800,-0.0311102538249492
local_linear_16,801,0.154186086522124
local_linear_16,802,0.0725178215552367
local_linear_16,803,-0.00166862999585179
local_linear_16,804,-0.0205775508649101
local_linear_16,805,-0.0165562710551071
local_linear_16,806,0.0620748598887815
local_linear_16,807,0.1970832589294
local_linear_16,808,-0.0778124521468436
local_linear_16,809,0.25955452017256
local_linear_16,810,0.018003513868118
local_linear_16,811,0.00238093061389311
local_linear_16,812,0.128150297947839
local_linear_16,813,0.11601578625241
local_linear_16,814,0.0728931513688093
local_linear_16,815,-0.0597551592934561
local_linear_16,816,0.0200665946559845
local_linear_16,817,-0.0459379359026002
local_linear_16,818,0.0018573916141588
local_linear_16,819,0.152282495425028
local_linear_16,820,0.153938319379249
local_linear_16,821,0.0667039076030693
local_linear_16,822,0.183766564371381
local_linear_16,823,-0.0706436247943053
local_linear_16,824,-0.111527090147145
local_linear_16,825,-0.251584022230337
local_linear_16,826,-0.232125394393375
local_linear_16,827,0.00822690942992388
local_linear_16,828,0.0634854267475671
local_linear_16,829,-0.0212242392211571
local_linear_16,830,-0.0433779247233727
local_linear_16,831,0.0765799839335459
local_linear_16,832,-0.0137055206966471
local_linear_16,833,-0.143423249329455
local_linear_16,834,-0.0292830025491237
local_linear_16,835,0.198724852631978
local_linear_16,836,-0.187137192013199
local_linear_16,837,0.00773773904486349
local_linear_16,838,0.0814617044329544
local_linear_16,839,-0.0401613608597401
local_linear_16,840,-0.0400810590957853
local_linear_16,841,0.172018819606373
local_linear_16,842,-0.159014430831186
local_linear_16,843,-0.0300280176958238
local_linear_16,844,0.178819943919538
local_linear_16,845,-0.0922860606179974
local_linear_16,846,-0.262809275628451
local_linear_16,847,-0.177409884121642
local_linear_16,848,0.132159616200642
local_linear_16,849,0.0829581830866539
local_linear_16,850,-0.0378545836613802
local_linear_16,851,0.0472539027294271
local_linear_16,852,-0.0507669016360189
local_linear_16,853,-0.0118681751401484
local_linear_16,854,-0.0214410584063674
local_linear_16,855,0.0635666337854186
local_linear_16,856,-0.188529818215918
local_linear_16,857,0.0425363276950419
local_linear_16,858,0.102746694153073
local_linear_16,859,0.147412119332803
local_linear_16,860,0.0670234116372142
local_linear_16,861,0.175656768787472
local_linear_16,862,0.0135121309278725
local_linear_16,863,0.109915169931199
local_linear_16,864,0.0190490052155129
local_linear_16,865,-0.213490147685857
local_linear_16,866,0.119606098227282
local_linear_16,867,0.282330269050529
local_linear_16,868,0.0019514305488831
local_linear_16,869,-0.170758596630476
local_linear_16,870,0.0261183749298472
local_linear_16,871,-0.177637683959732
local_linear_16,872,0.105617925176755
local_linear_16,873,0.0735196058258024
local_linear_16,874,-0.0447124484321663
local_linear_16,875,0.209032126924942
local_linear_16,876,0.0903855927579388
local_linear_16,877,-0.167585110527001
local_linear_16,878,0.0520455909217625
local_linear_16,879,-0.0805802772222594
local_linear_16,880,0.130300062945169
local_linear_16,881,-0.13403721348272
local_linear_16,882,0.00739182966805825
local_linear_16,883,0.0436450801310876
local_linear_16,884,0.107107806266675
local_linear_16,885,0.0546377538663461
local_linear_16,886,0.101461176641082
local_linear_16,887,0.0381065324872516
local_linear_16,888,0.00604092092522901
local_linear_16,889,0.17713685618869
local_linear_16,890,0.0869084696955378
local_linear_16,891,0.0280818272803645
local_linear_16,892,0.0446277294036195
local_linear_16,893,-0.150001639968452
local_linear_16,894,0.0279183052105439
local_linear_16,895,0.0230224137513394
local_linear_16,896,-0.024310645334429
local_linear_16,897,-0.198932523431695
local_linear_16,898,0.0344762316138795
local_linear_16,899,-0.090044591110732
local_linear_16,900,-0.121668090464767
local_linear_16,901,0.110884106746976
local_linear_16,902,-0.0507685905445179
local_linear_16,903,-0.0315708726551058
local_linear_16,904,-0.0457979844225855
local_linear_16,905,-0.0837288638547073
local_linear_16,906,0.0924272583562387
local_linear_16,907,-0.0695932163497111
local_linear_16,908,0.166372486024229
local_linear_16,909,0.0506173060739658
local_linear_16,910,0.134241947629976
local_linear_16,911,0.128668800908031
local_linear_16,912,-0.0615456798280715
local_linear_16,913,0.00438808927143904
local_linear_16,914,-0.0264320951820665
local_linear_16,915,-0.179091099119869
local_linear_16,916,0.136218066711881
local_linear_16,917,-0.00148423099119318
local_linear_16,918,0.0307998028047433
local_linear_16,919,-0.172711618104027
local_linear_16,920,0.0226277400728
local_linear_16,921,-0.09030270563304
local_linear_16,922,-0.199489927682495
local_linear_16,923,0.0998044629177054
local_linear_16,924,-0.0826231038059004
local_linear_16,925,0.237882659653265
local_linear_16,926,0.144568971969471
local_linear_16,927,-0.160792622307853
local_linear_16,928,0.0281492760859488
local_linear_16,929,-0.0310079504183796
local_linear_16,930,-0.151123987648814
local_linear_16,931,0.0451749407072336
local_linear_16,932,0.0366344443007799
local_linear_16,933,-0.0108669253609538
local_linear_16,934,-0.00775763409085902
local_linear_16,935,-0.0446706862319009
local_linear_16,936,-0.0850286616297519
local_linear_16,937,0.0759970281478995
local_linear_16,938,-0.107120206229056
local_linear_16,939,-0.113058756321615
local_linear_16,940,-0.0428064094383848
local_linear_16,941,-0.118999577240158
local_linear_16,942,-0.0961132247479997
local_linear_16,943,0.0962522845712129
local_linear_16,944,0.0245409676366224
local_linear_16,945,0.0760582908211405
local_linear_16,946,0.0401072394652173
local_linear_16,947,-0.0576542022541696
local_linear_16,948,0.162803892710014
local_linear_16,949,0.0405081964181182
local_linear_16,950,0.0402099713141559
local_linear_16,951,-0.130485816814896
local_linear_16,952,-0.119801237005037
local_linear_16,953,-0.0777302188413224
local_linear_16,954,0.190426756094247
local_linear_16,955,-0.0111832145416593
local_linear_16,956,-0.0222883470492127
local_linear_16,957,0.170018534926655
local_linear_16,958,0.00869951293511188
local_linear_16,959,0.141633018278894
local_linear_16,960,-0.136251938108575
local_linear_16,961,0.0463876138013616
local_linear_16,962,0.0743051248859574
local_linear_16,963,-0.0133421696183585
local_linear_16,964,0.019634275612594
local_linear_16,965,-0.168419876342163
local_linear_16,966,-0.13614938733278
local_linear_16,967,0.0231098676447547
local_linear_16,968,-0.0498137110938695
local_linear_16,969,-0.0808158593671777
local_linear_16,970,0.146586863442658
local_linear_16,971,-0.0511630898420169
local_linear_16,972,-0.0290303133157946
local_linear_16,973,-0.273679766902694
local_linear_16,974,0.156824112260501
local_linear_16,975,0.0960283395283126
local_linear_16,976,0.199298488222336
local_linear_16,977,-0.183395524328634
local_linear_16,978,0.00258077477660409
local_linear_16,979,-0.168451321959005
local_linear_16,980,0.124338672142341
local_linear_16,981,-0.0487596874063027
local_linear_16,982,0.0415422080807704
local_linear_16,983,0.0661417619805427
local_linear_16,984,-0.239755304774739
local_linear_16,985,-0.200629480996541
local_linear_16,986,0.20942374047055
local_linear_16,987,0.0330400572828908
local_linear_16,988,-0.0371908981818905
local_linear_16,989,-0.126198336488568
local_linear_16,990,-0.0492809341848487
local_linear_16,991,0.0331206666449644
local_linear_16,992,0.036478671471469
local_linear_16,993,0.091694793903127
local_linear_16,994,0.0554363895432743
local_linear_16,995,0.05058615570159
local_linear_16,996,-0.0282698652666585
local_linear_16,997,0.160982190882925
local_linear_16,998,-0.0560355488835687
local_linear_16,999,-0.0940951967273029
local_linear_16,1000,0.170417973365254
local_linear_16,1001,-0.0818071589127009
local_linear_16,1002,-0.0396014081669727
local_linear_16,1003,-0.00314298591861858
local_linear_16,1004,0.00208340810705554
local_linear_16,1005,0.0929562400191202
local_linear_16,1006,-0.00627828722673248
local_linear_16,1007,0.0473276051255806
local_linear_16,1008,0.0105081463964124
local_linear_16,1009,-0.0325211329049638
local_linear_16,1010,-0.000257653291495371
local_linear_16,1011,0.158239587610249
local_linear_16,1012,0.0585403259546527
local_linear_16,1013,-0.00316694047329206
local_linear_16,1014,0.150992391875428
local_linear_16,1015,0.163518921447066
local_linear_16,1016,-0.192782834392599
local_linear_16,1017,-0.224388000816646
local_linear_16,1018,-0.00371339242862175
local_linear_16,1019,0.0222829657561876
local_linear_16,1020,0.0543197421339083
local_linear_16,1021,-0.0662821727574627
local_linear_16,1022,0.00838871305306969
local_linear_16,1023,0.0106645302827566
local_linear_16,1024,0.125458205480839
local_linear_16,1025,-0.0499615932758394
local_linear_16,1026,0.00399715887470808
local_linear_16,1027,-0.197878859340565
local_linear_16,1028,-0.202740822014796
local_linear_16,1029,-0.178325752305761
local_linear_16,1030,0.132443563472965
local_linear_16,1031,0.017307799608919
local_linear_16,1032,0.152062985985358
local_linear_16,1033,0.0996949007407639
local_linear_16,1034,-0.0260785644874989
local_linear_16,1035,0.0731877285187587
local_linear_16,1036,-0.101957503336811
local_linear_16,1037,0.248190975944568
local_linear_16,1038,-0.075076881446454
local_linear_16,1039,0.014447725289872
local_linear_16,1040,0.110613499872839
local_linear_16,1041,-0.0173025060829716
local_linear_16,1042,0.0634149639256032
local_linear_16,1043,-0.285520934230051
local_linear_16,1044,0.0842883986375457
local_linear_16,1045,-0.272904448591427
local_linear_16,1046,0.157671291801717
local_linear_16,1047,0.116706976744044
local_linear_16,1048,-0.123081529927483
local_linear_16,1049,0.177206876905136
local_linear_16,1050,0.0851202104011074
local_linear_16,1051,-0.0361914909000332
local_linear_16,1052,-0.0825886706481193
local_linear_16,1053,0.0852331305383525
local_linear_16,1054,0.0517746732328686
local_linear_16,1055,-0.162278537069046
local_linear_16,1056,-0.0604145976195009
local_linear_16,1057,0.0362321914473821
local_linear_16,1058,0.0231978773048054
local_linear_16,1059,-0.194910201351303
local_linear_16,1060,-0.0450049059176951
local_linear_16,1061,-0.109939516514021
local_linear_16,1062,0.175253539066226
local_linear_16,1063,-0.116881003295074
local_linear_16,1064,-0.18410809090718
local_linear_16,1065,-0.23999940180657
local_linear_16,1066,-0.0580145196870635
local_linear_16,1067,0.102181570460107
local_linear_16,1068,0.0493907314765719
local_linear_16,1069,-0.0741842611173776
local_linear_16,1070,0.0465082576579015
local_linear_16,1071,0.000417217290038074
local_linear_16,1072,0.02880215008448
local_linear_16,1073,-0.15318135224411
local_linear_16,1074,-0.0736083159706172
local_linear_16,1075,-0.0591540268468567
local_linear_16,1076,0.0739453353728402
local_linear_16,1077,-0.170048716634674
local_linear_16,1078,0.0662464957007207
local_linear_16,1079,0.104536799648377
local_linear_16,1080,-0.0305452536512526
local_linear_16,1081,-0.121295388690985
local_linear_16,1082,0.00148315118180638
local_linear_16,1083,-0.00233114397872658
local_linear_16,1084,0.0436877631094026
local_linear_16,1085,0.0373976194443927
local_linear_16,1086,0.0649902481215531
local_linear_16,1087,0.204141024199323
local_linear_16,1088,0.0175708130242486
local_linear_16,1089,-0.253301172490273
local_linear_16,1090,-0.105096565851172
local_linear_16,1091,-0.0555243271568709
local_linear_16,1092,-0.155754908474083
local_linear_16,1093,0.00546784032879947
local_linear_16,1094,0.0159390280823952
local_linear_16,1095,-0.205488322493389
local_linear_16,1096,-0.260282637158325
local_linear_16,1097,0.104397691957179
local_linear_16,1098,0.308976696393021
local_linear_16,1099,0.0135543314624345
local_linear_16,1100,-0.165207796741751
local_linear_16,1101,-0.0453065779077816
local_linear_16,1102,0.0264054581957097
local_linear_16,1103,-0.153766057132423
local_linear_16,1104,0.0371676453538138
local_linear_16,1105,0.0182031565452728
local_linear_16,1106,0.180450100946807
local_linear_16,1107,0.0865953080304716
local_linear_16,1108,0.0600205155519384
local_linear_16,1109,-0.177522147682107
local_linear_16,1110,-0.131435337403465
local_linear_16,1111,0.0846135326153886
local_linear_16,1112,-0.102576526596758
local_linear_16,1113,0.0501679369820011
local_linear_16,1114,0.00415509027485387
local_linear_16,1115,0.182955508602543
local_linear_16,1116,0.0760603163838391
local_linear_16,1117,0.111259594837479
local_linear_16,1118,-0.192434785620548
local_linear_16,1119,0.00131329637840386
local_linear_16,1120,-0.0381134462488684
local_linear_16,1121,0.0135638287938609
local_linear_16,1122,0.201942352763862
local_linear_16,1123,-0.210860165096209
local_linear_16,1124,0.129769561830111
local_linear_16,1125,0.0174049161618714
local_linear_16,1126,0.168644187790118
local_linear_16,1127,-0.212724164284494
local_linear_16,1128,0.024852679102603
local_linear_16,1129,0.0576229101300028
local_linear_16,1130,0.0160404449341417
local_linear_16,1131,0.00602108502851599
local_linear_16,1132,0.0759439573423115
local_linear_16,1133,0.0150615259752893
local_linear_16,1134,0.174156089520101
local_linear_16,1135,-0.0791002929780881
local_linear_16,1136,0.0993649085810888
local_linear_16,1137,0.149316266250623
local_linear_16,1138,0.0263196872158075
local_linear_16,1139,-0.140061168902656
local_linear_16,1140,-0.142685465366749
local_linear_16,1141,-0.0313377558798432
local_linear_16,1142,0.0312358016326166
local_linear_16,1143,-0.06707604601945
local_linear_16,1144,-0.131979126598922
local_linear_16,1145,0.0540773380563276
local_linear_16,1146,0.144243732227146
local_linear_16,1147,-0.0149962494247478
local_linear_16,1148,-0.0652262343955279
local_linear_16,1149,0.0273435214325305
local_linear_16,1150,-0.0432059484394796
local_linear_16,1151,-0.00382128948677322
local_linear_16,1152,-0.276805521019877
local_linear_16,1153,0.0826209314974822
local_linear_16,1154,-0.08272404777755
local_linear_16,1155,-0.0429660025671881
local_linear_16,1156,0.202445569230706
local_linear_16,1157,0.0375292055562501
local_linear_16,1158,-0.0753097583082492
local_linear_16,1159,0.0814074339810228
local_linear_16,1160,-0.0656340845742003
local_linear_16,1161,-0.145643302851775
local_linear_16,1162,-0.138601188967553
local_linear_16,1163,-0.131136513701677
local_linear_16,1164,-0.186088141982179
local_linear_16,1165,-0.167014417844089
local_linear_16,1166,-0.00689530047338227
local_linear_16,1167,-0.0651566343125536
local_linear_16,1168,-0.0496591618439363
local_linear_16,1169,-0.07224913129716
local_linear_16,1170,0.00739109585742111
local_linear_16,1171,-0.121759913494108
local_linear_16,1172,-0.108401039129594
local_linear_16,1173,-0.0387955634165553
local_linear_16,1174,0.277761186430869
local_linear_16,1175,0.186955912009299
local_linear_16,1176,-0.0249066544396994
local_linear_16,1177,0.137048281698558
local_linear_16,1178,-0.107937212496005
local_linear_16,1179,-0.0070667120862676
local_linear_16,1180,-0.156972438692816
local_linear_16,1181,-0.0961287361604303
local_linear_16,1182,-0.0256389052543522
local_linear_16,1183,-0.144335231074981
local_linear_16,1184,0.0414077814530926
local_linear_16,1185,-0.0522593487625818
local_linear_16,1186,0.062109713008784
local_linear_16,1187,0.225125354925803
local_linear_16,1188,-0.0819993958853885
local_linear_16,1189,-0.0317831306810564
local_linear_16,1190,0.00850138880161329
local_linear_16,1191,-0.0477606880879599
local_linear_16,1192,0.131054166333091
local_linear_16,1193,0.24734975692398
local_linear_16,1194,-0.16848985081117
local_linear_16,1195,-0.108009756397752
local_linear_16,1196,0.107855197827457
local_linear_16,1197,-0.0970636226914185
local_linear_16,1198,-0.121404337479576
local_linear_16,1199,0.0844406723728894
local_linear_16,1200,-0.106949900784687
local_linear_16,1201,-0.0419241227131849
local_linear_16,1202,0.0455249284811587
local_linear_16,1203,-0.232357182453144
local_linear_16,1204,-0.157568074856574
local_linear_16,1205,0.192843645155786
local_linear_16,1206,0.0886135398941124
local_linear_16,1207,0.0274501090819476
local_linear_16,1208,-0.0942634257608035
local_linear_16,1209,0.0361030832546175
local_linear_16,1210,0.0480761193193728
local_linear_16,1211,-0.130065973418086
local_linear_16,1212,-0.143197482535055
local_linear_16,1213,-0.0533080463116985
local_linear_16,1214,-0.177681902528252
local_linear_16,1215,0.0249560580250196
local_linear_16,1216,0.174079405139178
local_linear_16,1217,-0.0623318146210051
local_linear_16,1218,0.141776665172175
local_linear_16,1219,0.0528200451479188
local_linear_16,1220,0.146886141945192
local_linear_16,1221,-0.0111041597502233
local_linear_16,1222,-0.121779357436585
local_linear_16,1223,0.0686839535544224
local_linear_16,1224,-0.285117368279647
local_linear_16,1225,-0.0862191638514993
local_linear_16,1226,-0.0094667293367469
local_linear_16,1227,-0.141618052357087
local_linear_16,1228,-0.201642319657622
local_linear_16,1229,0.192278263771755
local_linear_16,1230,0.0734972917076098
local_linear_16,1231,0.116941633696393
local_linear_16,1232,0.192409207298816
local_linear_16,1233,-0.0106878879720851
local_linear_16,1234,0.19321410813562
local_linear_16,1235,-0.0966291152343312
local_linear_16,1236,0.0368239670302728
local_linear_16,1237,0.026244714308372
local_linear_16,1238,0.106517786316838
local_linear_16,1239,-0.0796080286860971
local_linear_16,1240,0.0941663418445611
local_linear_16,1241,-0.244411527589282
local_linear_16,1242,0.04045070155522
local_linear_16,1243,-0.263181336094294
local_linear_16,1244,-0.0640285858908802
local_linear_16,1245,0.235320454977273
local_linear_16,1246,-0.105243702246089
local_linear_16,1247,0.126070727010908
local_linear_16,1248,0.0176273746148471
local_linear_16,1249,-0.13403231872955
local_linear_16,1250,-0.133700850687803
local_linear_16,1251,0.140937766309335
local_linear_16,1252,-0.0557404877117751
local_linear_16,1253,-0.0234556282501108
local_linear_16,1254,-0.0812228219482547
local_linear_16,1255,-0.0496070045703974
local_linear_16,1256,-0.148877084109085
local_linear_16,1257,0.118668012088461
local_linear_16,1258,-0.00235773880046549
local_linear_16,1259,-0.103934584572372
local_linear_16,1260,0.173739115181481
local_linear_16,1261,-0.177823254422167
local_linear_16,1262,-0.180487151615571
local_linear_16,1263,-0.115171989049606
local_linear_16,1264,-0.0370878325897082
local_linear_16,1265,0.184674399110496
local_linear_16,1266,0.0194071298790366
local_linear_16,1267,-0.00885754182398024
local_linear_16,1268,-0.0223074056295761
local_linear_16,1269,0.0910337020789846
local_linear_16,1270,-0.00178536130349016
local_linear_16,1271,0.127898525680894
local_linear_16,1272,-0.0134870312168349
local_linear_16,1273,0.0417764658246268
local_linear_16,1274,-0.130062960696934
local_linear_16,1275,-0.0592018029630571
local_linear_16,1276,0.244195945200744
local_linear_16,1277,-0.0249443579550087
local_linear_16,1278,0.173261359934748
local_linear_16,1279,0.093296411967066
local_linear_16,1280,0.168456361627901
local_linear_16,1281,0.139428582804005
local_linear_16,1282,-0.000226579198350526
local_linear_16,1283,0.0622520071801708
local_linear_16,1284,0.0315201403657971
local_linear_16,1285,-0.143379868224764
local_linear_16,1286,0.16424146636761
local_linear_16,1287,0.0469884713310043
local_linear_16,1288,0.201436059739918
local_linear_16,1289,-0.220806821949416
local_linear_16,1290,-0.0956928526033902
local_linear_16,1291,0.014943214862619
local_linear_16,1292,0.1147902126198
local_linear_16,1293,0.235070658181864
local_linear_16,1294,0.156316675732224
local_linear_16,1295,0.0356046110851533
local_linear_16,1296,-0.0333283220967987
local_linear_16,1297,0.104529263930682
local_linear_16,1298,0.0621859652593594
local_linear_16,1299,0.121235003246072
local_linear_16,1300,-0.114780515001427
local_linear_16,1301,-0.0057777952323533
local_linear_16,1302,-0.0648274798301503
local_linear_16,1303,0.0841537008242123
local_linear_16,1304,-0.0556575068793759
local_linear_16,1305,-0.170597534785101
local_linear_16,1306,-0.0543119206191382
local_linear_16,1307,0.0217181295421905
local_linear_16,1308,0.0815320279574496
local_linear_16,1309,-0.153096800394468
local_linear_16,1310,-0.0302066407332872
local_linear_16,1311,0.0880769047443855
local_linear_16,1312,-0.185673303822958
local_linear_16,1313,-0.0557689305630179
local_linear_16,1314,-0.0204865452337542
local_linear_16,1315,-0.0302842825116375
local_linear_16,1316,0.0158290602414999
local_linear_16,1317,-0.0989407957997764
local_linear_16,1318,-0.191603812390691
local_linear_16,1319,0.0597370810390311
local_linear_16,1320,-0.172864339113421
local_linear_16,1321,-0.0141273504436799
local_linear_16,1322,-0.015662118702578
local_linear_16,1323,0.0481314485474386
local_linear_16,1324,0.0382566352702582
local_linear_16,1325,0.0590975498126888
local_linear_16,1326,0.131598683713881
local_linear_16,1327,-0.0557548986613501
local_linear_16,1328,-0.166397409789431
local_linear_16,1329,0.0921522134429331
local_linear_16,1330,-0.120799284103442
local_linear_16,1331,-0.182964812094416
local_linear_16,1332,0.1561937203222
local_linear_16,1333,0.173046589470649
local_linear_16,1334,0.0219482218129722
local_linear_16,1335,-0.00448908329370153
local_linear_16,1336,-0.102909540420582
local_linear_16,1337,0.0384146687310828
local_linear_16,1338,-0.103915275085551
local_linear_16,1339,-0.130381056981716
local_linear_16,1340,-0.0409979762471912
local_linear_16,1341,0.208704446944018
local_linear_16,1342,0.00654432208549771
local_linear_16,1343,-0.0753695716081143
local_linear_16,1344,0.178288702072905
local_linear_16,1345,0.258350686127879
local_linear_16,1346,-0.268097895009858
local_linear_16,1347,-0.0631248168480288
local_linear_16,1348,-0.155164293460161
local_linear_16,1349,-0.0532277798841809
local_linear_16,1350,0.215985127764844
local_linear_16,1351,0.0466146250485429
local_linear_16,1352,-0.082468484692181
local_linear_16,1353,0.0804579211696253
local_linear_16,1354,0.198494652986772
local_linear_16,1355,-0.00972912854961253
local_linear_16,1356,-0.113037802887718
local_linear_16,1357,-0.00847246714222679
local_linear_16,1358,-0.153813725868299
local_linear_16,1359,-0.225380633728351
local_linear_16,1360,0.0480637828570139
local_linear_16,1361,0.0144832551611488
local_linear_16,1362,-0.0806742567472263
local_linear_16,1363,-0.0516582435433195
local_linear_16,1364,-0.0629253241273921
local_linear_16,1365,0.204423482486153
local_linear_16,1366,-0.0837845519037384
local_linear_16,1367,0.165348342039758
local_linear_16,1368,-0.0426648721295531
local_linear_16,1369,-0.0108425096246198
local_linear_16,1370,0.110862691853277
local_linear_16,1371,-0.0567433576235793
local_linear_16,1372,-0.0297414614155545
local_linear_16,1373,0.155757516420381
local_linear_16,1374,-0.0516579655998829
local_linear_16,1375,0.00292099041587128
local_linear_16,1376,0.194860009865755
local_linear_16,1377,0.172596750000273
local_linear_16,1378,-0.0852643625885283
local_linear_16,1379,-0.158846349763267
local_linear_16,1380,0.0236189961056385
local_linear_16,1381,0.135018124143482
local_linear_16,1382,0.109959523884228
local_linear_16,1383,0.149891719509852
local_linear_16,1384,-0.0308665636762561
local_linear_16,1385,-0.235987572184141
local_linear_16,1386,-0.102047676764566
local_linear_16,1387,0.0725470380395699
local_linear_16,1388,0.0119118279679033
local_linear_16,1389,-0.157506169675487
local_linear_16,1390,0.128227741415365
local_linear_16,1391,-0.0462479091683135
local_linear_16,1392,-0.146773315962581
local_linear_16,1393,-0.0831094608768132
local_linear_16,1394,0.00330384044977479
local_linear_16,1395,0.0904508553276049
local_linear_16,1396,0.0282929959841794
local_linear_16,1397,-0.184009352074585
local_linear_16,1398,0.0963900577337699
local_linear_16,1399,-0.00438043681308879
local_linear_16,1400,0.0507905875534895
local_linear_16,1401,0.0893733557923901
local_linear_16,1402,0.0705433165128335
local_linear_16,1403,-0.111801161126075
local_linear_16,1404,0.0375276225429676
local_linear_16,1405,0.00875952404246375
local_linear_16,1406,-0.276569362383091
local_linear_16,1407,-0.128945073206125
local_linear_16,1408,0.0215106650856104
local_linear_16,1409,0.0480387491171825
local_linear_16,1410,0.0520691395553484
local_linear_16,1411,0.142331325474633
local_linear_16,1412,0.035732361214183
local_linear_16,1413,0.0112059864445285
local_linear_16,1414,-0.0363674704681642
local_linear_16,1415,0.015917334202985
local_linear_16,1416,0.238161082179616
local_linear_16,1417,-0.154738347896815
local_linear_16,1418,-0.0969178131783129
local_linear_16,1419,0.0299107471944119
local_linear_16,1420,0.114233037505537
local_linear_16,1421,0.113305974919268
local_linear_16,1422,0.00599714271022508
local_linear_16,1423,0.270877135719499
local_linear_16,1424,0.0255516580764785
local_linear_16,1425,0.0580405297652075
local_linear_16,1426,-0.0281275229457674
local_linear_16,1427,-0.0760434713490345
local_linear_16,1428,0.0768565561775552
local_linear_16,1429,-0.126565597518105
local_linear_16,1430,0.125962407470233
local_linear_16,1431,0.188755661383258
local_linear_16,1432,-0.162919164694146
local_linear_16,1433,-0.119266105950125
local_linear_16,1434,-0.0741207956511104
local_linear_16,1435,-0.198037927572157
local_linear_16,1436,0.0924625140521765
local_linear_16,1437,-0.0796351166644864
local_linear_16,1438,-0.00543398666886012
local_linear_16,1439,-0.0422873685368046
local_linear_16,1440,-0.270089628765742
local_linear_16,1441,-0.120665845960272
local_linear_16,1442,0.0545836600807057
local_linear_16,1443,0.00863329075746163
local_linear_16,1444,0.135347432970819
local_linear_16,1445,-0.189106938767591
local_linear_16,1446,-0.186476588400505
local_linear_16,1447,0.0698668475760886
local_linear_16,1448,0.193646043460181
local_linear_16,1449,0.0770434166273735
local_linear_16,1450,-0.078763639223513
local_linear_16,1451,-0.198477958035006
local_linear_16,1452,0.112155095798827
local_linear_16,1453,0.0553048404818182
local_linear_16,1454,0.00371447817374726
local_linear_16,1455,-0.163011606880851
local_linear_16,1456,0.0146837004417915
local_linear_16,1457,0.0810762271447419
local_linear_16,1458,-0.170700863715376
local_linear_16,1459,0.193335065368553
local_linear_16,1460,0.108623612545772
local_linear_16,1461,0.0533416416556284
local_linear_16,1462,0.143841279011242
local_linear_16,1463,0.0552691482772501
local_linear_16,1464,-0.0391200867557533
local_linear_16,1465,-0.035456121078201
local_linear_16,1466,-0.297209301849987
local_linear_16,1467,0.073303533364023
local_linear_16,1468,-0.016128708822257
local_linear_16,1469,-0.0154851655800936
local_linear_16,1470,-0.161043856392937
local_linear_16,1471,-0.0818025901506377
local_linear_16,1472,-0.035798093433737
local_linear_16,1473,0.129268382678091
local_linear_16,1474,-0.156492752364898
local_linear_16,1475,-0.123063755275445
local_linear_16,1476,-0.114644669277048
local_linear_16,1477,0.0467669964289487
local_linear_16,1478,-0.0215789229881986
local_linear_16,1479,-0.07917113439752
local_linear_16,1480,0.111082323187677
local_linear_16,1481,0.176753758185714
local_linear_16,1482,0.171816126598518
local_linear_16,1483,-0.111309322564852
local_linear_16,1484,0.0138616212261636
local_linear_16,1485,0.214540030555611
local_linear_16,1486,-0.0684231777340214
local_linear_16,1487,-0.208126121102414
local_linear_16,1488,-0.0815089877985793
local_linear_16,1489,0.0229371185106763
local_linear_16,1490,0.0394199427699992
local_linear_16,1491,0.0454255586864699
local_linear_16,1492,-0.00900884145116828
local_linear_16,1493,0.0299648110778739
local_linear_16,1494,-0.03635327949191
local_linear_16,1495,0.0840189697273669
local_linear_16,1496,-0.101999134342039
local_linear_16,1497,0.144124568687398
local_linear_16,1498,0.0348016316533929
local_linear_16,1499,0.0593163241895824
local_linear_16,1500,0.0521155406973598
local_linear_16,1501,-0.0111061148686602
local_linear_16,1502,-0.118750879963965
local_linear_16,1503,-0.12946744308869
local_linear_16,1504,-0.0657069698384921
local_linear_16,1505,0.00206002423091108
local_linear_16,1506,-0.0996574840687338
local_linear_16,1507,-0.0161886225825413
local_linear_16,1508,-0.00715994044350736
local_linear_16,1509,0.0101911087887121
local_linear_16,1510,-0.0385116647112579
local_linear_16,1511,-0.0844899126978887
local_linear_16,1512,0.0861473570780837
local_linear_16,1513,0.0743717544841249
local_linear_16,1514,0.0497799559566525
local_linear_16,1515,-0.0407365864705191
local_linear_16,1516,0.102367314639389
local_linear_16,1517,0.138027660552173
local_linear_16,1518,0.0405279963507965
local_linear_16,1519,-0.085261468969434
local_linear_16,1520,0.0254529025160763
local_linear_16,1521,0.0769076551534592
local_linear_16,1522,-0.0674081076787575
local_linear_16,1523,-0.130592294806708
local_linear_16,1524,-0.10426232246636
local_linear_16,1525,0.00950772812639133
local_linear_16,1526,0.0894580921253603
local_linear_16,1527,0.0161446961131277
local_linear_16,1528,0.0126354798513484
local_linear_16,1529,-0.201125703468282
local_linear_16,1530,0.125487104760704
local_linear_16,1531,-0.000301052895005149
local_linear_16,1532,-0.00259356685458142
local_linear_16,1533,0.029204144766197
local_linear_16,1534,0.114313994616433
local_linear_16,1535,-0.064826201211823
local_linear_16,1536,0.0380892232936369
local_linear_16,1537,0.0648043351790584
local_linear_16,1538,-0.00394117887343715
local_linear_16,1539,0.230647075551831
local_linear_16,1540,0.00625600916486787
local_linear_16,1541,-0.00823933570164481
local_linear_16,1542,0.044676885591272
local_linear_16,1543,-0.0443552634051697
local_linear_16,1544,-0.065153540517534
local_linear_16,1545,-0.08058853587813
local_linear_16,1546,-0.12287197307261
local_linear_16,1547,-0.108749343308528
local_linear_16,1548,-0.0767775569232413
local_linear_16,1549,-0.00567703021485233
local_linear_16,1550,-0.120917522080373
local_linear_16,1551,0.0642780316098698
local_linear_16,1552,0.0240481018387468
local_linear_16,1553,0.137876552220731
local_linear_16,1554,-0.00116257251734275
local_linear_16,1555,-0.0544328967009819
local_linear_16,1556,-0.157988282867674
local_linear_16,1557,0.155773956549705
local_linear_16,1558,-0.0380963762457511
local_linear_16,1559,-0.0794591948678622
local_linear_16,1560,0.133976272761224
local_linear_16,1561,0.0493401228084653
local_linear_16,1562,-0.127059896664436
local_linear_16,1563,0.215726891111218
local_linear_16,1564,0.0339018523702297
local_linear_16,1565,0.0614947783396271
local_linear_16,1566,-0.0863764191765458
local_linear_16,1567,0.160601154270931
local_linear_16,1568,0.00415219600463216
local_linear_16,1569,-0.011003630174167
local_linear_16,1570,0.0327548886420592
local_linear_16,1571,0.212049388196018
local_linear_16,1572,0.218692466975547
local_linear_16,1573,-0.145469187915875
local_linear_16,1574,0.046749151118795
local_linear_16,1575,0.110680786863954
local_linear_16,1576,-0.0836288625710842
local_linear_16,1577,-0.000106484756174474
local_linear_16,1578,0.114294038061144
local_linear_16,1579,-0.154962898168476
local_linear_16,1580,0.0539465829957102
local_linear_16,1581,0.146900926296377
local_linear_16,1582,-0.221488071953175
local_linear_16,1583,-0.0073253355059452
local_linear_16,1584,-0.000988088950203192
local_linear_16,1585,0.0524212862181406
local_linear_16,1586,-0.0168462343385481
local_linear_16,1587,0.160177945982976
local_linear_16,1588,-0.0419245783266889
local_linear_16,1589,-0.0855470997477772
local_linear_16,1590,-0.0474162966641375
local_linear_16,1591,0.127429983857108
local_linear_16,1592,-0.0214221985792632
local_linear_16,1593,0.00185857800132538
local_linear_16,1594,-0.136721964083806
local_linear_16,1595,-0.00897741949645899
local_linear_16,1596,-0.261494395525727
local_linear_16,1597,0.138342738014363
local_linear_16,1598,0.048276869492016
local_linear_16,1599,-0.154373442888195
local_linear_16,1600,-0.0255000479897577
local_linear_16,1601,0.0310537394378105
local_linear_16,1602,0.142430560011444
local_linear_16,1603,0.0768757516868789
local_linear_16,1604,0.0730441765467799
local_linear_16,1605,-0.0998745055984737
local_linear_16,1606,-0.0186074938652861
local_linear_16,1607,0.0618335088586578
local_linear_16,1608,0.200365758912482
local_linear_16,1609,0.124085205040032
local_linear_16,1610,-0.0792283998342424
local_linear_16,1611,0.081790724014768
local_linear_16,1612,0.0399912863375024
local_linear_16,1613,0.0126597703636172
local_linear_16,1614,0.117714550966993
local_linear_16,1615,-0.00230257486122495
local_linear_16,1616,-0.15306915795615
local_linear_16,1617,0.0869041239524012
local_linear_16,1618,-0.052132313399504
local_linear_16,1619,0.212837968190774
local_linear_16,1620,0.171245376164003
local_linear_16,1621,-0.0506098425232121
local_linear_16,1622,-0.00463617850711036
local_linear_16,1623,-0.137651309503677
local_linear_16,1624,-0.285045098060323
local_linear_16,1625,-0.0467163179454682
local_linear_16,1626,-0.0878717530721227
local_linear_16,1627,0.0975650756913072
local_linear_16,1628,-0.00982419514292143
local_linear_16,1629,0.0727364174262295
local_linear_16,1630,0.0770065078767148
local_linear_16,1631,-0.131725524028721
local_linear_16,1632,0.126570155420574
local_linear_16,1633,-0.108729073735034
local_linear_16,1634,0.0282102527103053
local_linear_16,1635,0.0677181314076103
local_linear_16,1636,-0.116802149750494
local_linear_16,1637,0.113527031171646
local_linear_16,1638,-0.195521697332434
local_linear_16,1639,-0.0574099286996569
local_linear_16,1640,0.131875301206913
local_linear_16,1641,-0.0621094665495029
local_linear_16,1642,-0.0486300708148522
local_linear_16,1643,0.0422914664885334
local_linear_16,1644,-0.0232468527991641
local_linear_16,1645,0.00924801671254164
local_linear_16,1646,-0.0368870777395888
local_linear_16,1647,0.185499215477961
local_linear_16,1648,0.113940852850433
local_linear_16,1649,-0.0632909673304436
local_linear_16,1650,0.0509150876754309
local_linear_16,1651,-0.111130688795741
local_linear_16,1652,0.160200549305726
local_linear_16,1653,-0.0316754513043046
local_linear_16,1654,0.0397825748815407
local_linear_16,1655,0.0951250698207338
local_linear_16,1656,0.0732556578376954
local_linear_16,1657,0.129554267527448
local_linear_16,1658,0.150728075551696
local_linear_16,1659,-0.165921065218102
local_linear_16,1660,0.181259493950415
local_linear_16,1661,0.182116414105212
local_linear_16,1662,0.0206226306755598
local_linear_16,1663,0.0580199166596742
local_linear_16,1664,-0.266615710430897
local_linear_16,1665,-0.0283484844753229
local_linear_16,1666,0.0453749917297867
local_linear_16,1667,0.0782280280293675
local_linear_16,1668,-0.0332496867994626
local_linear_16,1669,-0.124314847759856
local_linear_16,1670,-0.138839539485538
local_linear_16,1671,0.00444414293942064
local_linear_16,1672,-0.0861197828578006
local_linear_16,1673,0.167614258085101
local_linear_16,1674,-0.0220765755230818
local_linear_16,1675,0.0909420011825066
local_linear_16,1676,-0.0471553207498543
local_linear_16,1677,0.158694920935606
local_linear_16,1678,-0.0417763816880195
local_linear_16,1679,0.0375409552253337
local_linear_16,1680,0.128186740810805
local_linear_16,1681,-0.0152564232400607
local_linear_16,1682,-0.0891635177885111
local_linear_16,1683,-0.00860297479629975
local_linear_16,1684,-0.0472033182975432
local_linear_16,1685,0.0181041466605446
local_linear_16,1686,-0.125640509156015
local_linear_16,1687,0.184043166287736
local_linear_16,1688,0.134654401285726
local_linear_16,1689,-0.12347204599308
local_linear_16,1690,-0.184151844803258
local_linear_16,1691,0.181506718456878
local_linear_16,1692,0.156142063405539
local_linear_16,1693,0.188530671745447
local_linear_16,1694,-0.200417203966727
local_linear_16,1695,0.0290977509185897
local_linear_16,1696,-0.0218067050730933
local_linear_16,1697,0.092977141603528
local_linear_16,1698,-0.161450883189425
local_linear_16,1699,-0.0566563290442585
local_linear_16,1700,-0.00673215390684057
local_linear_16,1701,0.0337209075354004
local_linear_16,1702,-0.131597422320606
local_linear_16,1703,0.030870139462869
local_linear_16,1704,-0.0581947568256312
local_linear_16,1705,-0.13192700761206
local_linear_16,1706,-0.0363676952989251
local_linear_16,1707,0.187276477979614
local_linear_16,1708,0.109720978364588
local_linear_16,1709,0.0321091731906303
local_linear_16,1710,0.112301888641039
local_linear_16,1711,-0.00612775256128906
local_linear_16,1712,-0.126637944954685
local_linear_16,1713,0.0154344585930314
local_linear_16,1714,0.157612226277267
local_linear_16,1715,-0.108201333632218
local_linear_16,1716,-0.150783709062428
local_linear_16,1717,-0.105243214464304
local_linear_16,1718,0.031403711621936
local_linear_16,1719,-0.0303152444519098
local_linear_16,1720,0.12801151618823
local_linear_16,1721,0.121706839717105
local_linear_16,1722,0.0643907855938994
local_linear_16,1723,0.0937512561404249
local_linear_16,1724,0.137189175790451
local_linear_16,1725,-0.046921531138356
local_linear_16,1726,0.0145083332778017
local_linear_16,1727,0.0357802845630602
local_linear_16,1728,0.0311294683576306
local_linear_16,1729,-0.0153010500010578
local_linear_16,1730,0.0424431946109864
local_linear_16,1731,0.152347307332894
local_linear_16,1732,0.247692487566195
local_linear_16,1733,-0.071893228705837
local_linear_16,1734,0.130303518599092
local_linear_16,1735,-0.21440381719998
local_linear_16,1736,0.116457351841224
local_linear_16,1737,-0.119728024671616
local_linear_16,1738,-0.0103424669341473
local_linear_16,1739,0.0385417605173772
local_linear_16,1740,-0.0545911379311569
local_linear_16,1741,0.0122840918418824
local_linear_16,1742,-0.177116756798887
local_linear_16,1743,0.04853400891023
local_linear_16,1744,-0.123454670022015
local_linear_16,1745,0.200276250035445
local_linear_16,1746,-0.0558556614407744
local_linear_16,1747,-0.134153258252504
local_linear_16,1748,-0.18538622848276
local_linear_16,1749,-0.00258598823314552
local_linear_16,1750,-0.0181796354934377
local_linear_16,1751,0.111678717650952
local_linear_16,1752,0.121550417789617
local_linear_16,1753,-0.0945135432153587
local_linear_16,1754,0.0635704877340677
local_linear_16,1755,-0.00846114982033382
local_linear_16,1756,0.0696259924768666
local_linear_16,1757,0.180502392510857
local_linear_16,1758,-0.0631055945455111
local_linear_16,1759,0.129100664085366
local_linear_16,1760,0.277852715716782
local_linear_16,1761,-0.0922876592280666
local_linear_16,1762,0.0505807613349762
local_linear_16,1763,0.0490418885040433
local_linear_16,1764,-0.0170433678893192
local_linear_16,1765,0.00563398046439427
local_linear_16,1766,-0.012204384308473
local_linear_16,1767,-0.00854755480995391
local_linear_16,1768,0.178883196330723
local_linear_16,1769,-0.0757704874618259
local_linear_16,1770,-0.0493887186896389
local_linear_16,1771,0.00133722882513284
local_linear_16,1772,-0.0272718687921459
local_linear_16,1773,0.0116115531852827
local_linear_16,1774,-0.160272085926153
local_linear_16,1775,-0.00334190938873006
local_linear_16,1776,-0.134844856719435
local_linear_16,1777,0.0907715036585965
local_linear_16,1778,0.102946983531473
local_linear_16,1779,-0.0975567699613838
local_linear_16,1780,0.0886954191594812
local_linear_16,1781,-0.0390225602812556
local_linear_16,1782,0.242548931673189
local_linear_16,1783,-0.077819309063378
local_linear_16,1784,0.00673327559731677
local_linear_16,1785,0.0363188153441868
local_linear_16,1786,-0.0127786017390156
local_linear_16,1787,-0.166462478252442
local_linear_16,1788,0.054730820457098
local_linear_16,1789,-0.0632128713050599
local_linear_16,1790,0.0275737619341276
local_linear_16,1791,0.025602174585169
local_linear_16,1792,0.00535103528811032
local_linear_16,1793,-0.105110099679113
local_linear_16,1794,-0.0247599625328944
local_linear_16,1795,0.238452613625628
local_linear_16,1796,-0.0393537769792912
local_linear_16,1797,0.0190736040834798
local_linear_16,1798,0.133661840229606
local_linear_16,1799,0.0980373342904179
local_linear_16,1800,0.298389498430222
local_linear_16,1801,0.0808337148119123
local_linear_16,1802,0.149273159869932
local_linear_16,1803,-0.220304225275002
local_linear_16,1804,0.00429750391241128
local_linear_16,1805,-0.00556233270983153
local_linear_16,1806,0.00196115461293337
local_linear_16,1807,0.179266270591175
local_linear_16,1808,-0.0280489728299758
local_linear_16,1809,-0.0924951378930432
local_linear_16,1810,0.0257690864896768
local_linear_16,1811,-0.212818957103488
local_linear_16,1812,-0.00396785473506078
local_linear_16,1813,-0.0866938543001658
local_linear_16,1814,0.0514068935057169
local_linear_16,1815,0.184473054379418
local_linear_16,1816,0.0219201967195734
local_linear_16,1817,-0.0236311646883252
local_linear_16,1818,-0.00224339690583205
local_linear_16,1819,-0.0353649449252724
local_linear_16,1820,0.0672166581651451
local_linear_16,1821,0.0751488632350714
local_linear_16,1822,-0.128641577572966
local_linear_16,1823,-0.0456207456056295
local_linear_16,1824,-0.000775041954533447
local_linear_16,1825,0.0142195671301734
local_linear_16,1826,0.198663287870422
local_linear_16,1827,-0.0886561928895689
local_linear_16,1828,0.152737096361819
local_linear_16,1829,-0.0782842673885729
local_linear_16,1830,-0.0152129272999542
local_linear_16,1831,-0.0610171643440847
local_linear_16,1832,-0.0329728352627618
local_linear_16,1833,0.0238498588427187
local_linear_16,1834,-0.139202501088074
local_linear_16,1835,-0.158699616178588
local_linear_16,1836,-0.0362002935642695
local_linear_16,1837,-0.103262631064797
local_linear_16,1838,0.073872505513496
local_linear_16,1839,0.0544793663418274
local_linear_16,1840,-0.16646919401733
local_linear_16,1841,0.150917443752739
local_linear_16,1842,0.071131695224242
local_linear_16,1843,-0.0510580373092422
local_linear_16,1844,-0.11905477388808
local_linear_16,1845,0.110354340239507
local_linear_16,1846,-0.0159560083621585
local_linear_16,1847,0.0195902302902068
local_linear_16,1848,-0.150544549500307
local_linear_16,1849,-0.10409344604287
local_linear_16,1850,0.139327124549033
local_linear_16,1851,-0.018602993665574
local_linear_16,1852,0.0222042553921217
local_linear_16,1853,0.158632931712585
local_linear_16,1854,-0.190028338719314
local_linear_16,1855,-0.268654173423287
local_linear_16,1856,0.146394989442815
local_linear_16,1857,-0.206195581472031
local_linear_16,1858,-0.133764456497678
local_linear_16,1859,-0.0508154017918887
local_linear_16,1860,-0.116167802123857
local_linear_16,1861,-0.136434166452267
local_linear_16,1862,-0.0112729883509989
local_linear_16,1863,0.0710100821455647
local_linear_16,1864,-0.230132955703278
local_linear_16,1865,0.261854261187529
local_linear_16,1866,0.175411121206706
local_linear_16,1867,0.0206789672662821
local_linear_16,1868,-0.0282560095266208
local_linear_16,1869,-0.0798272340644486
local_linear_16,1870,-0.0460282936245274
local_linear_16,1871,0.11305083500608
local_linear_16,1872,0.0365489873519997
local_linear_16,1873,0.114797172160476
local_linear_16,1874,0.0288823392072395
local_linear_16,1875,-0.194058669808022
local_linear_16,1876,-0.0195590449273686
local_linear_16,1877,-0.124778091140997
local_linear_16,1878,0.027493792800174
local_linear_16,1879,0.12089519296804
local_linear_16,1880,-0.0778475080721828
local_linear_16,1881,-0.0283846132244676
local_linear_16,1882,0.0232944849447003
local_linear_16,1883,-0.0773165527624761
local_linear_16,1884,0.146726312751806
local_linear_16,1885,-0.0230880873861018
local_linear_16,1886,-0.137931642340799
local_linear_16,1887,0.0339978651473576
local_linear_16,1888,0.0319823916241792
local_linear_16,1889,-0.00887192630002964
local_linear_16,1890,0.134452060343056
local_linear_16,1891,0.0491617315878529
local_linear_16,1892,-0.0165854768327508
local_linear_16,1893,0.0775446106889689
local_linear_16,1894,0.0659974145552583
local_linear_16,1895,-0.1354959937086
local_linear_16,1896,-0.0709741451654784
local_linear_16,1897,0.0559743037085028
local_linear_16,1898,0.114903011708112
local_linear_16,1899,-0.157011817650527
local_linear_16,1900,-0.0721111838445173
local_linear_16,1901,0.167898680659296
local_linear_16,1902,0.044045561424786
local_linear_16,1903,-0.102050458531325
local_linear_16,1904,-0.086475562556223
local_linear_16,1905,-0.0347888476997268
local_linear_16,1906,0.0899433349489322
local_linear_16,1907,0.0671428474043928
local_linear_16,1908,-0.169872051111878
local_linear_16,1909,-0.0138472279941556
local_linear_16,1910,0.0152683021016804
local_linear_16,1911,-0.0242946053914469
local_linear_16,1912,0.282644001187137
local_linear_16,1913,-0.0446013861869566
local_linear_16,1914,-0.00927562637356072
local_linear_16,1915,-0.0894315444899556
local_linear_16,1916,-0.00890415362879882
local_linear_16,1917,-0.180470261693631
local_linear_16,1918,-0.000372168337762583
local_linear_16,1919,0.0279407004672532
local_linear_16,1920,0.0347119169562988
local_linear_16,1921,-0.120927915986254
local_linear_16,1922,-0.027958065034008
local_linear_16,1923,-0.124062900724579
local_linear_16,1924,0.0767416786132014
local_linear_16,1925,-0.170168156368983
local_linear_16,1926,-0.0908090460807743
local_linear_16,1927,0.196389757041351
local_linear_16,1928,-0.00638680960735509
local_linear_16,1929,0.142060724745218
local_linear_16,1930,0.021322474911987
local_linear_16,1931,-0.207117442393153
local_linear_16,1932,-0.00794509299159104
local_linear_16,1933,0.231977346381095
local_linear_16,1934,-0.108317373372844
local_linear_16,1935,-0.00233560992933561
local_linear_16,1936,-0.0141509648288813
local_linear_16,1937,0.155935677408
local_linear_16,1938,0.0491319787752798
local_linear_16,1939,-0.0692244919142609
local_linear_16,1940,-0.060238878144531
local_linear_16,1941,-0.0261409443629305
local_linear_16,1942,-0.14359157161877
local_linear_16,1943,-0.323741165899929
local_linear_16,1944,0.146016978021888
local_linear_16,1945,-0.114272713878464
local_linear_16,1946,-0.133752590294113
local_linear_16,1947,-0.10989373142119
local_linear_16,1948,0.0246322704934586
local_linear_16,1949,-0.0710674800595153
local_linear_16,1950,0.00101596458994635
local_linear_16,1951,-0.0834318411657306
local_linear_16,1952,-0.0357457165170665
local_linear_16,1953,-0.080005569775409
local_linear_16,1954,-0.0180879050163811
local_linear_16,1955,-0.146697424058486
local_linear_16,1956,-0.0759556423836486
local_linear_16,1957,0.201931106267475
local_linear_16,1958,0.00367741372019588
local_linear_16,1959,0.0653496512412192
local_linear_16,1960,0.00303549310313637
local_linear_16,1961,0.158001561981479
local_linear_16,1962,-0.0321670164638229
local_linear_16,1963,0.175756009329696
local_linear_16,1964,0.0854910066578825
local_linear_16,1965,-0.0921610073410528
local_linear_16,1966,0.0597848294217753
local_linear_16,1967,0.0189540338123357
local_linear_16,1968,-0.043801250359745
local_linear_16,1969,0.0405682532027525
local_linear_16,1970,-0.0551233678276818
local_linear_16,1971,0.17098106325182
local_linear_16,1972,0.0628055413641153
local_linear_16,1973,0.0199119324511517
local_linear_16,1974,-0.268509739256505
local_linear_16,1975,0.0583889424470202
local_linear_16,1976,-0.0207193085338918
local_linear_16,1977,0.183773105169267
local_linear_16,1978,0.11075560329764
local_linear_16,1979,0.00517293633462076
local_linear_16,1980,0.0968818812342196
local_linear_16,1981,-0.0886618418104392
local_linear_16,1982,0.0333726265776374
local_linear_16,1983,0.0694030225591495
local_linear_16,1984,-0.144848691513443
local_linear_16,1985,0.13056833693439
local_linear_16,1986,0.0253457280360333
local_linear_16,1987,-0.108243454663829
local_linear_16,1988,0.114016299522408
local_linear_16,1989,-0.214406549276251
local_linear_16,1990,-0.20605619938479
local_linear_16,1991,0.0683287993553184
local_linear_16,1992,-0.133748478507269
local_linear_16,1993,-0.215132829789924
local_linear_16,1994,-0.00137355944746087
local_linear_16,1995,-0.1093897466684
local_linear_16,1996,0.0136893979434237
local_linear_16,1997,0.0120055041646057
local_linear_16,1998,-0.151804082254595
local_linear_16,1999,-0.0785669989620151
