geography_level,geography_value,population,population_se,unweighted_n,year,quarter,population_cv,ci_lower,ci_upper
Brazil,Brazil,198275511.000007,658824.116411855,564773,2013,1,0.00332277099218688,196984239.459694,199566782.540321
UF,11,1621317.00000121,38039.1663665338,9689,2013,1,0.0234618932426573,1546761.60392088,1695872.39608154
UF,12,784143.99999953,14527.7747800369,11183,2013,1,0.0185269220704942,755670.084655149,812617.915343912
UF,13,3572985.00000084,68911.9746674139,17259,2013,1,0.0192869476550833,3437920.01154917,3708049.98845251
UF,14,443346.00000062,9671.92828635879,6040,2013,1,0.0218157562859375,424389.368898303,462302.631102938
UF,15,7894009.00000013,171829.823530008,20765,2013,1,0.021767117763611,7557228.73441144,8230789.26558882
UF,16,713914.0000005,25400.32502815,4902,2013,1,0.0355789703355477,664130.277749715,763697.722251285
UF,17,1423812.99999994,32991.4388351978,8379,2013,1,0.0231711880950653,1359150.9680848,1488475.03191508
UF,21,6706663.9999988,77774.7207475612,37368,2013,1,0.011596632953071,6554228.34842592,6859099.65157168
UF,22,3222175.00000166,74672.5248238786,13619,2013,1,0.0231745714692219,3075819.54071219,3368530.45929113
UF,23,8682275.99999903,102844.310989563,30244,2013,1,0.0118453169410388,8480704.85444465,8883847.14555341
UF,24,3268893.00000028,66921.1746290727,12277,2013,1,0.0204721214885489,3137729.90792418,3400056.09207638
UF,25,3855091.99999982,63756.3986821569,15016,2013,1,0.0165382301335895,3730131.75479882,3980052.24520082
UF,26,9029184.99999945,135945.442518847,22418,2013,1,0.0150562251763427,8762736.82880015,9295633.17119875
UF,27,3152762.99999753,35884.1124680064,22623,2013,1,0.0113817982728275,3082431.43194305,3223094.56805201
UF,28,2139660.00000085,34719.7463579032,11554,2013,1,0.0162267586242157,2071610.54758699,2207709.45241471
UF,29,14323539,227203.053370383,27512,2013,1,0.0158622148737392,13878229.1982165,14768848.8017835
UF,31,20182172.000001,195996.678228224,42303,2013,1,0.00971137686410635,19798025.5695841,20566318.4304178
UF,32,3740032.00000125,41450.6852571828,21583,2013,1,0.0110829760967737,3658790.14976267,3821273.85023983
UF,33,16798197.0000014,155553.153267491,39383,2013,1,0.0092601100741632,16493318.4219155,17103075.5780874
UF,35,43443275.9999998,420306.527187241,43576,2013,1,0.00967483500063952,42619490.3442457,44267061.6557539
UF,41,10878219.0000019,129533.368769696,30714,2013,1,0.0119075897230671,10624338.2624171,11132099.7375866
UF,42,6614534.00000149,58505.5817836458,32500,2013,1,0.00884500431680185,6499865.16681098,6729202.833192
UF,43,10966839.0000007,123803.414384041,29528,2013,1,0.0112888877445938,10724188.7666449,11209489.2333565
UF,50,2512008.99999956,42776.9302084263,11772,2013,1,0.0170289717148441,2428167.75742186,2595850.24257726
UF,51,3162396.00000015,53936.7720753048,14014,2013,1,0.0170556666765649,3056681.86929021,3268110.13071009
UF,52,6416955.9999997,97526.4936865226,18897,2013,1,0.0151982487781632,6225807.58483564,6608104.41516376
UF,53,2727106.00000034,46714.3384576809,9655,2013,1,0.0171296379596815,2635547.57906167,2818664.42093901
region,Central-West,14818466.9999997,128190.044575568,54338,2013,1,0.00865069541778984,14567219.1294551,15069714.8705444
region,North,16453528.0000028,194318.142924342,78217,2013,1,0.0118101201714495,16072671.4383284,16834384.5616772
region,Northeast,54380246.9999974,321466.46568149,192631,2013,1,0.00591145651989233,53750184.3050243,55010309.6949705
region,South,28459592.000004,188491.596995239,92742,2013,1,0.00662313068280149,28090155.2585049,28829028.7415031
region,Southeast,84163677.0000034,490904.489154914,146845,2013,1,0.00583273576741299,83201521.8814107,85125832.1185961
Brazil,Brazil,198658323.000002,656080.557366003,572716,2013,2,0.0033025576147947,197372428.736608,199944217.263397
UF,11,1624980.00000053,38293.5127405299,10377,2013,2,0.0235655286468249,1549926.09418757,1700033.90581349
UF,12,786796.00000129,13708.9494507755,11546,2013,2,0.0174237660724673,759926.95281189,813665.04719069
UF,13,3587125.00000002,69273.7570850616,17312,2013,2,0.0193117767251103,3451350.93103952,3722899.06896052
UF,14,446027.0000007,10599.7096089822,6179,2013,2,0.0237647263707479,425251.950920512,466802.049080888
UF,15,7914132.00000039,163105.351545706,21423,2013,2,0.0206093797204416,7594451.38528506,8233812.61471572
UF,16,716675.00000039,25007.1233679864,4808,2013,2,0.0348932547779298,667661.938842187,765688.061158593
UF,17,1427412.99999957,31196.8182235846,8507,2013,2,0.0218554953777176,1366268.3598491,1488557.64015004
UF,21,6716518.00000165,75407.6790627099,37859,2013,2,0.0112271982391309,6568721.66488098,6864314.33512232
UF,22,3226246.99999963,73235.5854398597,13671,2013,2,0.0226999313567337,3082707.8901508,3369786.10984846
UF,23,8696410.00000154,103446.873920066,30888,2013,2,0.0118953538207201,8493657.85280495,8899162.14719813
UF,24,3274527.00000037,67539.9000294579,12300,2013,2,0.0206258491774385,3142151.2284232,3406902.77157754
UF,25,3861407.99999877,62943.4510315663,15433,2013,2,0.0163006475957957,3738041.10291424,3984774.8970833
UF,26,9043150.99999973,130232.27412705,22502,2013,2,0.0144012053018969,8787900.43308596,9298401.56691349
UF,27,3155111.99999936,35801.8424279574,23322,2013,2,0.0113472492982704,3084941.67826039,3225282.32173833
UF,28,2144199.00000028,34685.8568598828,11502,2013,2,0.0161766034122198,2076215.969782,2212182.03021856
UF,29,14339064.0000006,212608.433494662,28139,2013,2,0.0148272183940774,13922359.1275416,14755768.8724596
UF,31,20212279.9999998,196752.882387401,42588,2013,2,0.00973432400438758,19826651.436666,20597908.5633335
UF,32,3749420.00000035,41683.0392260585,21550,2013,2,0.0111171965866866,3667722.74435111,3831117.25564959
UF,33,16817702.9999983,156141.984817301,39314,2013,2,0.00928438234503946,16511670.3332818,17123735.6667148
UF,35,43529931.0000008,429604.141714665,44766,2013,2,0.00986916661353443,42687922.3546308,44371939.6453707
UF,41,10901529.0000024,123799.486327005,31317,2013,2,0.0113561580514969,10658886.4654969,11144171.5345079
UF,42,6642061.00000036,60323.608369827,32417,2013,2,0.00908206178320611,6523828.900178,6760293.09982272
UF,43,10977229.9999984,127418.471549942,29792,2013,2,0.0116075249903629,10727494.3847953,11226965.6152014
UF,50,2520107.00000008,41773.0568901196,12235,2013,2,0.0165759060587976,2438233.3129713,2601980.68702886
UF,51,3174451.99999899,54838.9343674892,14226,2013,2,0.0172750869654059,3066969.66368816,3281934.33630982
UF,52,6439052.99999828,97822.5457959069,18781,2013,2,0.0151920702929348,6247324.33336228,6630781.66663428
UF,53,2734772.99999992,42901.2890960473,9962,2013,2,0.0156873309397338,2650688.01848133,2818857.98151851
region,Central-West,14868384.9999973,127130.122616955,55204,2013,2,0.00855036526273552,14619214.5383179,15117555.4616767
region,North,16503148.0000029,186460.422253071,80152,2013,2,0.0112984760394222,16137692.2878447,16868603.712161
region,Northeast,54456636.0000019,308094.486624847,195616,2013,2,0.00565761143646178,53852781.9023818,55060490.097622
region,South,28520820.0000011,187618.542350456,93526,2013,2,0.00657830112705205,28153094.4141623,28888545.5858399
region,Southeast,84309333.9999991,499388.8369677,148218,2013,2,0.00592329239568782,83330549.8652611,85288118.1347372
Brazil,Brazil,199049610.000004,643687.316895086,571446,2013,3,0.00323380345681197,197788006.041584,200311213.958423
UF,11,1628707.00000072,36176.7542427039,10524,2013,3,0.0222119474176067,1557801.86460746,1699612.13539398
UF,12,789485.00000079,14652.154593724,11804,2013,3,0.0185591298045047,760767.304701178,818202.695300402
UF,13,3601631.00000026,68908.9561403191,17198,2013,3,0.0191327085257524,3466571.92775298,3736690.07224754
UF,14,448885.00000203,10967.0164833552,6207,2013,3,0.0244316840244285,427390.042676797,470379.957327263
UF,15,7934703.00000022,105673.385632071,21322,2013,3,0.0133178753674925,7727586.97003695,8141819.02996349
UF,16,719471.99999986,26989.1254244328,4996,2013,3,0.0375124055202121,666574.286193738,772369.713805983
UF,17,1431107.99999975,32010.9803015331,8488,2013,3,0.0223679696441769,1368367.63149892,1493848.36850058
UF,21,6726482.00000076,74345.7682549958,37699,2013,3,0.0110526971238438,6580766.97181801,6872197.02818351
UF,22,3230404.00000007,74715.6941265898,13658,2013,3,0.0231289009444602,3083963.93043204,3376844.0695681
UF,23,8710898.99999892,97323.6626522686,30245,2013,3,0.0111726312809138,8520148.12635695,8901649.87364089
UF,24,3280265.00000034,67798.6800319171,12339,2013,3,0.0206686594015758,3147382.02893843,3413147.97106225
UF,25,3867928.99999938,64144.5834704029,15536,2013,3,0.0165837024077777,3742207.92659407,3993650.07340469
UF,26,9057358.00000034,127337.169001317,22935,2013,3,0.014058974924179,8807781.73486447,9306934.26513621
UF,27,3157487.99999937,35451.361179893,22957,2013,3,0.0112277105027478,3088004.60888386,3226971.39111488
UF,28,2148817.99999924,34469.6254749179,11508,2013,3,0.0160412028728957,2081258.77550782,2216377.22449066
UF,29,14354892.0000001,219119.712769739,28464,2013,3,0.0152644626493698,13925425.2546687,14784358.7453316
UF,31,20243137.0000005,201228.371708328,42858,2013,3,0.00994057253617965,19848736.6387846,20637537.3612165
UF,32,3759054.99999944,39960.6534745964,21539,2013,3,0.0106305051334983,3680733.55839055,3837376.44160833
UF,33,16837330.000001,157383.90530814,39617,2013,3,0.00934731963489045,16528863.2138508,17145796.7861513
UF,35,43617830.0000021,425399.24088935,44239,2013,3,0.00975287493415719,42784062.8088083,44451597.1911959
UF,41,10925469.999998,123683.586721634,31129,2013,3,0.0113206650809216,10683054.6245449,11167885.3754512
UF,42,6670743.00000074,59856.5828460381,31491,2013,3,0.00897300088551328,6553426.25338487,6788059.74661661
UF,43,10987718.0000002,129159.220518241,29515,2013,3,0.0117548721689288,10734570.5795132,11240865.4204872
UF,50,2528407.99999996,40762.619905802,12337,2013,3,0.0161218521321727,2448514.73306909,2608301.26693083
UF,51,3187011.99999987,54849.2539933797,14346,2013,3,0.0172102439505662,3079509.43759396,3294514.56240578
UF,52,6461796.00000018,95246.536619753,18476,2013,3,0.0147399479370364,6275116.21857329,6648475.78142707
UF,53,2742584.99999927,43895.9151660698,10019,2013,3,0.0160053070975308,2656550.58720535,2828619.41279319
region,Central-West,14919800.9999993,125175.021276371,55178,2013,3,0.00838985863661164,14674462.4665336,15165139.533465
region,North,16553991.0000036,138968.136817961,80539,2013,3,0.00839484187335429,16281618.4568418,16826363.5431655
region,Northeast,54534534.9999985,309783.746094609,195341,2013,3,0.00568050586833861,53927370.0146572,55141699.9853399
region,South,28583930.999999,188580.339323091,92135,2013,3,0.00659742494211513,28214320.3267333,28953541.6732646
region,Southeast,84457352.0000032,497819.163156441,148253,2013,3,0.00589432596887979,83481644.3694027,85433059.6306037
Brazil,Brazil,199436407.000013,650834.412729317,569242,2013,4,0.00326336812079289,198160794.991164,200712019.008861
UF,11,1632358.00000009,37784.6320513992,10071,2013,4,0.0231472704219277,1558301.48201025,1706414.51798993
UF,12,792114.99999939,13637.1994763008,11314,2013,4,0.0172161863824209,765386.580175852,818843.419822928
UF,13,3616016.00000046,72740.4871879727,16890,2013,4,0.0201161961639449,3473447.26489414,3758584.73510678
UF,14,451828.00000029,11101.1210056613,6119,2013,4,0.0245693516241893,430070.202641173,473585.797359407
UF,15,7955023.00000128,109842.03269973,21497,2013,4,0.0138078837358123,7739736.57192114,8170309.42808142
UF,16,722217.00000012,26654.4693414995,4948,2013,4,0.0369064551810537,669975.200063754,774458.799936486
UF,17,1434762.99999949,29743.9830035305,8500,2013,4,0.0207309381434711,1376465.8645558,1493060.13544318
UF,21,6736216.00000719,71649.4003491498,38047,2013,4,0.0106364463890519,6595785.75580896,6876646.24420542
UF,22,3234529.9999997,77829.5940350629,13513,2013,4,0.0240621030057134,3081986.7987596,3387073.2012398
UF,23,8725254.00000196,95816.7190262351,30029,2013,4,0.0109815392223783,8537456.68159374,8913051.31841017
UF,24,3285908.99999978,63387.4245497482,12272,2013,4,0.0192906816803972,3161671.93080952,3410146.06919004
UF,25,3874413.00000104,63394.0829174031,15627,2013,4,0.0163622419492672,3750162.88064998,3998663.1193521
UF,26,9071361.00000004,131762.440987048,22791,2013,4,0.0145251016894871,8813111.36115034,9329610.63884974
UF,27,3159808.99999961,35982.2141666404,23219,2013,4,0.0113874649279893,3089285.15614899,3230332.84385023
UF,28,2153376.99999912,37597.9259188569,11634,2013,4,0.0174599830493556,2079686.41930476,2227067.58069348
UF,29,14370478.0000005,215762.260287123,28499,2013,4,0.0150142716398936,13947591.7406148,14793364.2593862
UF,31,20273732.0000019,203246.429984575,42460,2013,4,0.010025111804011,19875376.3172458,20672087.682758
UF,32,3768596.99999967,41254.7159696893,21470,2013,4,0.0109469693813621,3687739.24250665,3849454.75749269
UF,33,16856407.9999988,156288.262054093,40003,2013,4,0.00927174176456242,16550088.6351664,17162727.3648312
UF,35,43704019.0000004,431264.366906663,43125,2013,4,0.00986784228943931,42858756.3730478,44549281.6269529
UF,41,10949281.0000015,133850.426571509,31008,2013,4,0.012224585940528,10686938.984606,11211623.015397
UF,42,6699651.99999984,58198.3076648853,31699,2013,4,0.00868676577005593,6585585.41301548,6813718.5869842
UF,43,10997986.0000013,127096.634180875,29670,2013,4,0.0115563553345913,10748881.1744505,11247090.8255521
UF,50,2536650.9999985,41431.0605928823,12284,2013,4,0.0163329762718272,2455447.61339515,2617854.38660185
UF,51,3199666.00000117,56975.8348808138,14011,2013,4,0.0178068069857269,3087995.41564567,3311336.58435667
UF,52,6484463.99999938,99837.1706913406,18789,2013,4,0.0153963644013368,6288786.74112597,6680141.25887279
UF,53,2750284.00000018,45303.4248909981,9753,2013,4,0.0164722715512271,2661490.91883751,2839077.08116285
region,Central-West,14971064.9999992,130317.456623136,54837,2013,4,0.00870462165671868,14715647.478461,15226482.5215374
region,North,16604320.0000011,143834.983231278,79339,2013,4,0.00866250368767091,16322408.6131509,16886231.3868513
region,Northeast,54611347.000009,308272.150626364,195631,2013,4,0.00564483697181675,54007144.6873446,55215549.3126734
region,South,28646919.0000027,193536.906373277,92377,2013,4,0.00675594141112555,28267593.6338317,29026244.3661736
region,Southeast,84602756.0000008,503414.379920268,147058,2013,4,0.00595033074242006,83616081.9460575,85589430.0539441
Brazil,Brazil,199818833.000246,871570.769131391,573480,2014,1,0.0043618049212124,198110585.68277,201527080.317721
UF,11,1635956.00000013,46112.5836527879,9900,2014,1,0.0281869339106824,1545576.99680658,1726335.00319368
UF,12,794685.99999931,21355.8262799674,11339,2014,1,0.0268732886699727,752829.34963048,836542.65036814
UF,13,3630279.00000084,97460.9736683332,16891,2014,1,0.0268466896534152,3439259.0017127,3821298.99828898
UF,14,454851.00000017,12266.0780720842,6611,2014,1,0.026967244376905,430809.928747328,478892.071253012
UF,15,7975118.00000254,132295.210811448,21946,2014,1,0.0165884957202396,7715824.15148497,8234411.84852011
UF,16,724899.00000047,33769.2398572056,4953,2014,1,0.046584751609788,658712.506095053,791085.493905888
UF,17,1438389.00000042,47289.0489974406,8572,2014,1,0.0328763978293958,1345704.16710229,1531073.83289855
UF,21,6745722.00021209,86918.5922556023,39058,2014,1,0.0128849947052176,6575364.68980419,6916079.31061999
UF,22,3238640.00000092,83848.3503366238,13618,2014,1,0.0258899878765778,3074300.25317804,3402979.7468238
UF,23,8739486.0000024,143099.973330989,29998,2014,1,0.0163739576138631,8459015.20608502,9019956.79391978
UF,24,3291467.0000006,74988.69632518,12317,2014,1,0.0227827580605142,3144491.85595564,3438442.14404556
UF,25,3880877.0000004,68599.5714648282,15751,2014,1,0.0176763065319568,3746424.31057446,4015329.68942635
UF,26,9085138.00000196,161091.493918445,22748,2014,1,0.0177313205279227,8769404.47370605,9400871.52629786
UF,27,3162086.0000006,47982.9721534937,23058,2014,1,0.0151744677891381,3068041.10270856,3256130.89729264
UF,28,2157859.00000015,47354.7161276452,11546,2014,1,0.021945231883845,2065045.46189185,2250672.53810845
UF,29,14385831.0000026,319573.491945218,28661,2014,1,0.0222144617120249,13759478.4653762,15012183.5346289
UF,31,20304074.0000032,242273.380168809,42533,2014,1,0.0119322545893386,19829226.9004596,20778921.0995468
UF,32,3778068.00000035,54142.1325949227,21407,2014,1,0.0143306400506602,3671951.37006811,3884184.62993259
UF,33,16874958.0000024,186178.692587993,40337,2014,1,0.0110328388721303,16510054.4678412,17239861.5321637
UF,35,43788542.000005,608534.065577656,43726,2014,1,0.0138971072747201,42595837.1481071,44981246.8519029
UF,41,10972980.0000003,159150.011081662,31121,2014,1,0.0145038094557411,10661051.7101411,11284908.2898595
UF,42,6728785.00000097,81494.032014664,31968,2014,1,0.0121112551544822,6569059.63229727,6888510.36770467
UF,43,11007969.000001,147300.102568307,29600,2014,1,0.0133812243265124,10719266.104048,11296671.8959539
UF,50,2544833.00000089,51329.8969066492,12385,2014,1,0.0201702417827147,2444228.2507337,2645437.74926808
UF,51,3212423.00000358,81549.8854818759,14001,2014,1,0.0253857868287536,3052588.16151574,3372257.83849142
UF,52,6507046.00000076,125346.580729641,19293,2014,1,0.0192632080255198,6261371.21618542,6752720.7838161
UF,53,2757871.00000179,56942.9889660587,10142,2014,1,0.0206474447013735,2646264.79245625,2869477.20754733
region,Central-West,15022173.000007,168045.861096176,55821,2014,1,0.0111865214903395,14692809.1645075,15351536.8355065
region,North,16654178.0000039,181962.024241727,80212,2014,1,0.0109259084562255,16297538.9859361,17010817.0140717
region,Northeast,54687106.0002217,421917.902684937,196755,2014,1,0.00771512580466824,53860162.1065265,55514049.8939168
region,South,28709734.0000022,231662.089039044,92689,2014,1,0.00806911304155678,28255684.6489024,29163783.3511021
region,Southeast,84745642.000011,683084.164508732,148003,2014,1,0.00806040462244233,83406821.6391643,86084462.3608577
Brazil,Brazil,200184547.000122,897537.287043816,572622,2014,2,0.00448354930734623,198425406.242734,201943687.75751
UF,11,1639363.99999996,42483.8455938312,9958,2014,2,0.0259148337976387,1556097.19271129,1722630.80728863
UF,12,797123.99999971,20862.7381874538,11787,2014,2,0.0261725129182679,756233.784533412,838014.215466008
UF,13,3643981.0000011,95187.8721641065,17009,2014,2,0.026121945247266,3457416.19879445,3830545.80120775
UF,14,457855.00000083,12389.6881928565,6539,2014,2,0.0270602880668203,433571.65736315,482138.34263851
UF,15,7994331.00000512,135523.953188053,21660,2014,2,0.0169525071188529,7728708.93271404,8259953.0672962
UF,16,727447.00000198,34964.8538600417,4790,2014,2,0.0480651564443135,658917.145711592,795976.854292368
UF,17,1441868.00000087,45721.6430149297,8605,2014,2,0.0317100060580456,1352255.22637761,1531480.77362413
UF,21,6754695.0000595,89222.2686262088,38724,2014,2,0.0132089263283424,6579822.56693317,6929567.43318583
UF,22,3242563.00000215,77893.2071593936,13731,2014,2,0.0240221106449873,3089895.11932942,3395230.88067488
UF,23,8753139.0000035,139937.537047042,30660,2014,2,0.0159871261095004,8478866.46730606,9027411.53270094
UF,24,3296746.00000116,76654.6661370098,11889,2014,2,0.0232516142089754,3146505.61512568,3446986.38487664
UF,25,3887111.00000036,73907.4811497708,15509,2014,2,0.0190134732838254,3742254.99875874,4031967.00124198
UF,26,9098271.00000938,154364.846675523,22433,2014,2,0.0169663935791057,8795721.46004631,9400820.53997245
UF,27,3164227.0000001,52694.9198677893,22709,2014,2,0.0166533310877467,3060946.85489101,3267507.14510919
UF,28,2162142.00000094,43856.4971744688,11605,2014,2,0.020283819089796,2076184.8450509,2248099.15495098
UF,29,14400487.0000041,295637.4909211,28681,2014,2,0.0205296870113501,13821048.1653189,14979925.8346892
UF,31,20333197.000005,241145.280392765,42434,2014,2,0.0118596834719452,19860560.9353934,20805833.0646166
UF,32,3787146.00000096,53508.1091596944,21249,2014,2,0.0141288741336301,3682272.03316712,3892019.9668348
UF,33,16892385.0000032,201945.434418258,40422,2014,2,0.0119548207324318,16496579.2217011,17288190.7783053
UF,35,43868732.000007,652684.285995832,44245,2014,2,0.0148781206166553,42589494.3061799,45147969.6938341
UF,41,10995734.0000021,162237.454980789,30949,2014,2,0.0147545816387298,10677754.4312963,11313713.5687079
UF,42,6757164.00000112,81625.4284282677,31652,2014,2,0.0120798353315465,6597181.10005906,6917146.89994318
UF,43,11017413.0000034,148461.39968083,29917,2014,2,0.0134751597022626,10726434.0035345,11308391.9964722
UF,50,2552691.99999967,51491.7321267343,12288,2014,2,0.0201715413088382,2451770.05952969,2653613.94046965
UF,51,3224829.00000332,81014.6681478038,14247,2014,2,0.0251221593913105,3066043.16821416,3383614.83179248
UF,52,6528801.00000465,126508.852917608,19044,2014,2,0.0193770422651139,6280848.20456066,6776753.79544864
UF,53,2765103.00000069,59359.0602438877,9886,2014,2,0.0214672148718774,2648761.37976653,2881444.62023485
region,Central-West,15071425.0000083,169536.906991005,55465,2014,2,0.0112488969683299,14739138.7682556,15403711.231761
region,North,16701970.0000096,182027.794292305,80348,2014,2,0.0108985822805454,16345202.0790114,17058737.9210078
region,Northeast,54759381.0000812,401097.134965116,195941,2014,2,0.00732472003225385,53973245.0612473,55545516.938915
region,South,28770311.0000066,234572.994097643,92518,2014,2,0.00815330060553009,28310556.3798295,29230065.6201837
region,Southeast,84881460.0000162,726493.56478211,148350,2014,2,0.00855891928322123,83457558.7780431,86305361.2219892
Brazil,Brazil,200558258.000103,896778.300526782,576414,2014,3,0.00447141049921925,198800604.828953,202315911.171252
UF,11,1642830.00000133,42864.4209897935,9937,2014,3,0.0260918177716251,1558817.27864317,1726842.72135949
UF,12,799593.00000089,21162.7475414213,11680,2014,3,0.0264668994618483,758114.777005791,841071.222995989
UF,13,3658028.0000023,98182.3329295676,17128,2014,3,0.0268402354846671,3465594.16354223,3850461.83646237
UF,14,461037.00000052,13086.3871456452,6669,2014,3,0.0283846787690152,435388.152507308,486685.847493733
UF,15,8013966.00000761,137219.304486304,21654,2014,3,0.0171225214190045,7745021.10523082,8282910.8947844
UF,16,730026.00000221,35796.5824193412,4718,2014,3,0.0490346678326976,659865.987690682,800186.012313739
UF,17,1445429.99999974,49048.8007041702,8534,2014,3,0.0339337087954305,1349296.11713468,1541563.8828648
UF,21,6763753.00004922,89082.9121680706,38958,2014,3,0.0131706335472958,6589153.70056186,6938352.29953658
UF,22,3246587.00000118,78793.6829751376,13728,2014,3,0.0242696970619019,3092154.21916064,3401019.78084172
UF,23,8767124.99999986,142913.371085528,31231,2014,3,0.0163010532056438,8487019.93976302,9047230.0602367
UF,24,3302116.00000154,74821.2693232678,11780,2014,3,0.022658582958089,3155469.00685036,3448762.99315272
UF,25,3893522.00000022,75118.7499005311,15667,2014,3,0.0192932645302959,3746291.95563151,4040752.04436893
UF,26,9111640.00000851,153513.021030553,22640,2014,3,0.0168480121065374,8810760.00763069,9412519.99238633
UF,27,3166393.00000045,51461.5801946224,22571,2014,3,0.0162524298767131,3065530.15623147,3267255.84376943
UF,28,2166504.99999915,44055.9344344026,11890,2014,3,0.0203350255062508,2080156.95520246,2252853.04479584
UF,29,14415381.0000028,291190.536982864,28929,2014,3,0.0201999889550478,13844658.0348775,14986103.9651281
UF,31,20363021.0000055,240273.003532467,42408,2014,3,0.0117994772746343,19892094.5666246,20833947.4333864
UF,32,3796452.99999945,54344.1918483793,21326,2014,3,0.0143144645405559,3689940.34120769,3902965.65879121
UF,33,16909898.0000058,209026.878447422,40684,2014,3,0.0123612146239646,16500212.846448,17319583.1535635
UF,35,43949988.0000041,649252.788838622,44874,2014,3,0.0147725362027075,42677475.9170182,45222500.08299
UF,41,11019143.0000018,164589.071825747,30809,2014,3,0.0149366490502683,10696554.3469744,11341731.6530291
UF,42,6786702.00000094,81619.8601868126,32795,2014,3,0.0120264393790683,6626730.01361159,6946673.98639029
UF,43,11026945.0000012,148652.365050437,29969,2014,3,0.0134808294636838,10735591.7182856,11318298.2817168
UF,50,2560747.00000077,51993.6513420954,12299,2014,3,0.0203040953839172,2458841.31594553,2662652.68405601
UF,51,3237752.0000028,84187.9407002322,14557,2014,3,0.0260019731900897,3072746.66829775,3402757.33170785
UF,52,6551207.00000272,125255.360726385,19178,2014,3,0.0191194326062866,6305711.00410843,6796702.99589701
UF,53,2772470.00000025,60060.8052749223,9801,2014,3,0.0216632841022326,2654752.98477893,2890187.01522157
region,Central-West,15122176.0000065,170549.567165086,55835,2014,3,0.0112781101850033,14787904.9907841,15456447.009229
region,North,16750910.0000146,186044.516676621,80320,2014,3,0.0111065319243228,16386269.4478073,17115550.5522219
region,Northeast,54833022.000063,398443.077906036,197394,2014,3,0.0072664803684462,54052087.9174779,55613956.0826481
region,South,28832790.0000039,236323.697026904,93573,2014,3,0.00819635203623626,28369604.0651378,29295975.93487
region,Southeast,85019360.0000148,725193.648029523,149292,2014,3,0.00852974720145385,83598006.5680597,86440713.4319699
Brazil,Brazil,200927626.000149,873747.997676056,574987,2014,4,0.00434857075191545,199215111.39314,202640140.607158
UF,11,1646231.00000088,48344.1885747884,9854,2014,4,0.0293665886347436,1551478.13153248,1740983.86846928
UF,12,802007.00000063,21426.6855870738,11659,2014,4,0.0267163323849504,760011.467941902,844002.532059358
UF,13,3671947.00000628,92047.8717382034,16994,2014,4,0.0250678650149488,3491536.48654584,3852357.51346672
UF,14,464295.99999983,12690.885297533,6577,2014,4,0.0273336089424368,439422.321884736,489169.678114924
UF,15,8033368.00001151,141074.398171195,21928,2014,4,0.0175610526208924,7756867.2604553,8309868.73956772
UF,16,732548.00001421,35115.3105223085,4569,2014,4,0.0479358492844529,663723.256084545,801372.743943875
UF,17,1448969.99999977,48144.7492857484,8528,2014,4,0.0332268779103474,1354608.02535499,1543331.97464455
UF,21,6772590.00002997,91233.8939520373,38726,2014,4,0.0134710493255362,6593774.85371463,6951405.14634531
UF,22,3250591.00000067,85751.7754107128,13687,2014,4,0.0263803644970084,3082520.60858531,3418661.39141603
UF,23,8780985.00000683,151020.735742397,30905,2014,4,0.0171986099215839,8484989.79703299,9076980.20298067
UF,24,3307402.00000187,74898.4638801043,12231,2014,4,0.0226457091941234,3160603.70829949,3454200.29170425
UF,25,3899917.00000156,74269.3628551618,15928,2014,4,0.0190438316649129,3754351.72365071,4045482.27635241
UF,26,9124794.00000947,163781.341127046,22477,2014,4,0.0179490453293385,8803788.47006079,9445799.52995815
UF,27,3168504.00000175,49897.0804863544,22902,2014,4,0.0157478357251014,3070707.5193148,3266300.4806887
UF,28,2170803.00000156,45059.1595052968,11839,2014,4,0.020756908621033,2082488.67019753,2259117.32980559
UF,29,14430064.0000054,315398.902243873,28780,2014,4,0.0218570688420894,13811893.5108439,15048234.4891668
UF,31,20392575.0000096,256067.625565203,42033,2014,4,0.0125569049305977,19890691.6762951,20894458.323724
UF,32,3805679.0000025,54242.5799959857,21333,2014,4,0.014253062330257,3699365.49678184,3911992.50322316
UF,33,16926878.0000071,198922.085943137,40095,2014,4,0.0117518473248908,16536997.875829,17316758.1241853
UF,35,44029653.0000168,595880.855744438,44320,2014,4,0.0135336259802958,42861747.9836808,45197558.0163528
UF,41,11042399.0000046,160562.324224305,30700,2014,4,0.0145405291209127,10727702.6272509,11357095.3727583
UF,42,6816448.00000419,78499.3378232629,33448,2014,4,0.0115161646979797,6662592.12506035,6970303.87494803
UF,43,11036215.0000042,148382.716902531,30181,2014,4,0.0134450730528967,10745390.2189471,11327039.7810614
UF,50,2568743.00000063,54111.8363331592,12117,2014,4,0.0210654924736129,2462685.74965031,2674800.25035095
UF,51,3250758.00000381,88789.657161667,14417,2014,4,0.0273135241570006,3076733.46976728,3424782.53024034
UF,52,6573533.00000347,125616.115913114,19111,2014,4,0.0191093763297526,6327329.93693596,6819736.06307098
UF,53,2779728.00000027,66436.5407954766,9648,2014,4,0.023900374711292,2649514.77278371,2909941.22721683
region,Central-West,15172762.0000082,176082.130212577,55293,2014,4,0.011605146789522,14827647.3664704,15517876.6335459
region,North,16799367.0000331,186770.234303008,80109,2014,4,0.0111176947502034,16433304.0674151,17165429.9326511
region,Northeast,54905650.000059,424771.483153973,197475,2014,4,0.00773638929970807,54073113.1914176,55738186.8087005
region,South,28895062.000013,232292.566980474,94329,2014,4,0.00803917870051187,28439776.9348549,29350347.0651711
region,Southeast,85154785.000036,680556.29955641,147781,2014,4,0.00799199128453113,83820919.1634536,86488650.8366184
Brazil,Brazil,201292586.000284,888227.977770402,572982,2015,1,0.00441262142545652,199551691.153793,203033480.846775
UF,11,1649568.00000136,47761.3541552052,9824,2015,1,0.0289538558914611,1555957.4660043,1743178.53399842
UF,12,804368.00000077,22309.2416908379,11391,2015,1,0.0277351183672356,760642.689764328,848093.310237212
UF,13,3685762.00000676,87312.0851015051,16947,2015,1,0.0236890187433005,3514633.45779271,3856890.54222081
UF,14,467628.99999989,14845.006512676,6560,2015,1,0.0317452649700499,438533.321884783,496724.678114998
UF,15,8052532.00001427,142462.036660207,21794,2015,1,0.0176915828040117,7773311.53899604,8331752.4610325
UF,16,735022.00013438,35372.223819466,4629,2015,1,0.0481240341282289,665693.715395137,804350.284873623
UF,17,1452467.00000096,45160.155013281,8618,2015,1,0.0310920351465825,1363954.72263868,1540979.27736324
UF,21,6781228.00000616,94344.8410120617,38324,2015,1,0.0139126484188374,6596315.50949536,6966140.49051696
UF,22,3254539.00000196,100415.597828207,13637,2015,1,0.0308540158308585,3057728.04477262,3451349.9552313
UF,23,8794728.00000497,157029.542106098,30682,2015,1,0.0178549628943623,8486955.7529682,9102500.24704174
UF,24,3312592.00000085,80464.3985171579,12004,2015,1,0.0242904645417055,3154884.67686954,3470299.32313216
UF,25,3906289.00000297,76100.0980684581,15830,2015,1,0.0194814306029073,3757135.54856883,4055442.45143711
UF,26,9137743.00001459,162108.873470435,22345,2015,1,0.0177405813963225,8820015.44643818,9455470.553591
UF,27,3170564.00000288,49308.9367988509,22899,2015,1,0.0155521026539146,3073920.25976117,3267207.74024459
UF,28,2175044.00000095,44401.7912362047,11665,2015,1,0.0204142036833211,2088018.08832892,2262069.91167298
UF,29,14444503.0000086,301656.442090495,28541,2015,1,0.0208838228695245,13853267.2378068,15035738.7622105
UF,31,20421891.0000124,252330.862455098,41766,2015,1,0.0123559009523136,19927331.5974125,20916450.4026123
UF,32,3814819.00000244,52994.1383055393,21162,2015,1,0.0138916520824462,3710952.39753185,3918685.60247303
UF,33,16943349.0000115,199669.264866621,40159,2015,1,0.0117845217534317,16552004.4320533,17334693.5679697
UF,35,44107695.000022,612314.214587536,44744,2015,1,0.0138822537561129,42907581.1922085,45307808.8078355
UF,41,11065495.0000089,169420.964048416,30432,2015,1,0.0153107442593647,10733436.012248,11397553.9877699
UF,42,6846375.00000401,82363.4408979786,33685,2015,1,0.0120302263457567,6684945.62220118,7007804.37780684
UF,43,11045232.0000047,168971.043250174,29883,2015,1,0.0152980981522256,10714054.8408041,11376409.1592052
UF,50,2576678.00000201,53405.7229355653,11920,2015,1,0.0207265800909247,2472004.70647998,2681351.29352404
UF,51,3263831.0000057,94709.4749084616,14600,2015,1,0.0290178857018933,3078203.84019042,3449458.15982098
UF,52,6595766.00000606,126518.100825327,19037,2015,1,0.0191817145764738,6347795.07899601,6843736.92101611
UF,53,2786877.00000171,63325.7291363237,9904,2015,1,0.0227228288640958,2662760.85159978,2910993.14840364
region,Central-West,15223152.0000155,178434.956459774,55461,2015,1,0.0117212884992275,14873425.9117714,15572878.0882596
region,North,16847348.0001584,184955.911900174,79763,2015,1,0.0109783398490039,16484841.0741063,17209854.9262105
region,Northeast,54977230.000044,421410.784137474,195927,2015,1,0.00766518764472378,54151280.0404377,55803179.9596502
region,South,28957102.0000176,253058.121609842,94000,2015,1,0.00873906931742301,28461117.1956669,29453086.8043682
region,Southeast,85287754.0000484,693740.409346615,147831,2015,1,0.00813411511981217,83928047.7831089,86647460.2169878
Brazil,Brazil,201641520.000115,932034.57710598,574034,2015,2,0.00462223542604445,199814765.796641,203468274.203588
UF,11,1652730.00000109,49728.342017416,9895,2015,2,0.0300886061349302,1555264.24063606,1750195.75936612
UF,12,806600.00000001,27144.4426094976,11583,2015,2,0.0336529166991039,753397.87010498,859802.12989504
UF,13,3699022.00000173,88000.130900824,16643,2015,2,0.0237901074664554,3526544.9128013,3871499.08720216
UF,14,470923.0000006,14325.5600822702,6605,2015,2,0.0304201750227785,442845.418180986,499000.581820214
UF,15,8070865.00001378,139175.312133357,21681,2015,2,0.0172441630646925,7798086.40069528,8343643.59933228
UF,16,737368.0000053,39772.332630107,4642,2015,2,0.0539382406475751,659415.660469143,815320.339541457
UF,17,1455816.0000009,45996.664933789,8607,2015,2,0.031595108814411,1365664.19332172,1545967.80668008
UF,21,6789354.00000483,97089.8964258205,38354,2015,2,0.014300314348869,6599061.2997475,6979646.70026216
UF,22,3258338.00000182,109800.086116295,13502,2015,2,0.0336981878848154,3043133.78571449,3473542.21428915
UF,23,8807898.000002,157580.496658781,30584,2015,2,0.0178908176115056,8499045.90188486,9116750.09811914
UF,24,3317536.00000243,108820.577820249,12138,2015,2,0.0328016268158564,3104251.5866979,3530820.41330696
UF,25,3912419.00000314,81185.1705736764,15672,2015,2,0.0207506329392663,3753298.98959999,4071539.01040629
UF,26,9150056.00000714,170259.216092744,22420,2015,2,0.0186074507186198,8816354.06842934,9483757.93158494
UF,27,3172501.00000179,50642.1733021384,23098,2015,2,0.0159628549532718,3073244.16423076,3271757.83577282
UF,28,2179080.00000114,47194.8435363699,11831,2015,2,0.0216581509335799,2086579.80641385,2271580.19358843
UF,29,14458268.000006,306017.957567327,28535,2015,2,0.0211656027933083,13858483.8245515,15058052.1754604
UF,31,20449993.0000087,264686.808911565,41890,2015,2,0.0129431246705783,19931216.3873592,20968769.6126582
UF,32,3823589.00000374,54966.289432458,21015,2015,2,0.0143755747368256,3715857.05235232,3931320.94765516
UF,33,16958805.0000083,204615.349380912,39769,2015,2,0.0120654344088992,16557766.2845376,17359843.7154789
UF,35,44181657.000019,652271.708049612,44953,2015,2,0.014763405275844,42903227.9441074,45460086.0559307
UF,41,11087716.0000062,171936.131294705,30554,2015,2,0.0155069025302063,10750727.3750275,11424704.624985
UF,42,6875515.00000167,86268.6098057309,33789,2015,2,0.0125472215253272,6706431.6317861,7044598.36821724
UF,43,11053746.000006,168273.069012377,30324,2015,2,0.0152231713133525,10723936.8451737,11383555.1548383
UF,50,2584286.00000126,59765.000380102,12020,2015,2,0.023126310470309,2467148.75172024,2701423.24828228
UF,51,3276562.00000201,97700.8622658242,14748,2015,2,0.0298181027142976,3085071.82870249,3468052.17130153
UF,52,6617188.00000339,136409.637324698,19054,2015,2,0.0206144418633154,6349830.02370281,6884545.97630397
UF,53,2793689.00000065,69546.2389713985,10128,2015,2,0.0248940519046259,2657380.87635649,2929997.12364481
region,Central-West,15271725.0000073,191210.831984074,55950,2015,2,0.0125205785190594,14896958.6558646,15646491.34415
region,North,16893324.0000234,185003.439454251,79656,2015,2,0.0109512751578076,16530723.921677,17255924.0783698
region,Northeast,55045450.0000303,438376.828648527,196134,2015,2,0.00796390671069609,54186247.2042223,55904652.7958383
region,South,29016977.0000139,255578.035122832,94667,2015,2,0.00880787943977451,28516053.2559337,29517900.7440942
region,Southeast,85414044.0000397,735123.270009861,147627,2015,2,0.00860658546982648,83973228.8666231,86854859.1334563
Brazil,Brazil,201998021.000118,1007040.9656629,573151,2015,3,0.00498540015727338,200024256.976462,203971785.023774
UF,11,1655948.00000054,58497.6367507915,9984,2015,3,0.0353257691369369,1541294.73878828,1770601.2612128
UF,12,808864.00000136,28934.9635832441,11831,2015,3,0.0357723468756126,752152.513484224,865575.486518497
UF,13,3712608.00000332,96705.854997945,16133,2015,3,0.0260479573921778,3523068.0071132,3902147.99289345
UF,14,474401.00000078,14341.2812992963,6668,2015,3,0.0302302931470901,446292.605162002,502509.394839559
UF,15,8089596.0000217,139841.787051805,21669,2015,3,0.0172866218599087,7815511.13386644,8363680.86617696
UF,16,739738.00000588,39985.5193186575,4653,2015,3,0.0540536234698497,661367.822238181,818108.177773579
UF,17,1459259.00000132,61700.2400157748,8547,2015,3,0.0422818978781141,1338328.75173292,1580189.24826972
UF,21,6797543.00000522,97367.7785782791,38403,2015,3,0.0143239665535333,6606705.66073712,6988380.33927332
UF,22,3262228.00000146,120499.730683568,13313,2015,3,0.0369378629217559,3026052.86771489,3498403.13228803
UF,23,8821373.00000303,157875.628458765,30077,2015,3,0.0178969451193948,8511942.45418722,9130803.54581884
UF,24,3322552.0000022,108198.950623062,12063,2015,3,0.0325650134664529,3110485.95361597,3534618.04638843
UF,25,3918739.00000131,79721.4635854762,15565,2015,3,0.0203436522783093,3762487.80257896,4074990.19742366
UF,26,9162591.0000044,165858.84408322,22410,2015,3,0.0181017404447214,8837513.63908384,9487668.36092496
UF,27,3174458.0000035,49727.11809163,22948,2015,3,0.0156647585482546,3076994.63948893,3271921.36051806
UF,28,2183191.00000066,63726.4667478907,11726,2015,3,0.0291895975880587,2058289.4203128,2308092.57968852
UF,29,14472265.0000055,295873.760456,28933,2015,3,0.0204441917319706,13892363.0855413,15052166.9144697
UF,31,20478785.0000087,269843.070398257,41681,2015,3,0.0131767128957183,19949902.3005504,21007667.699467
UF,32,3832585.00000206,58192.3090383906,21212,2015,3,0.0151835664540667,3718530.17010959,3946639.82989453
UF,33,16974281.0000073,195899.495966716,40155,2015,3,0.0115409598772774,16590325.043323,17358236.9566916
UF,35,44256572.0000161,757667.469630882,44791,2015,3,0.0171198860506097,42771571.047282,45741572.9527502
UF,41,11110538.0000054,162004.01797052,30602,2015,3,0.0145811137111849,10793015.9594324,11428060.0405784
UF,42,6905808.00000359,87830.57915399,33719,2015,3,0.0127183638980326,6733663.22812047,7077952.77188671
UF,43,11062318.000004,166346.178195954,30300,2015,3,0.0150371900532867,10736285.481774,11388350.5182339
UF,50,2592099.00000115,67540.6712748118,11964,2015,3,0.0260563625366091,2459721.71681086,2724476.28319144
UF,51,3289799.00000192,94815.5696042268,14685,2015,3,0.0288210828698566,3103963.89840399,3475634.10159985
UF,52,6639256.00000356,135736.989039533,18941,2015,3,0.0204446084078488,6373216.39011617,6905295.60989095
UF,53,2800626.00000204,67348.8040725342,10178,2015,3,0.0240477679177745,2668624.76961803,2932627.23038605
region,Central-West,15321780.0000087,191081.464614298,55768,2015,3,0.0124712314505357,14947267.2112515,15696292.7887659
region,North,16940414.0000349,196922.287063221,79485,2015,3,0.0116244081793288,16554453.4096377,17326374.5904321
region,Northeast,55114940.0000273,434249.001447716,195438,2015,3,0.00787897077357793,54263827.5968673,55966052.4031873
region,South,29078664.000013,248255.037156385,94621,2015,3,0.00853736049071148,28592093.0682058,29565234.9318202
region,Southeast,85542223.0000342,829842.294975409,147839,2015,3,0.00970096714665783,83915761.9890343,87168684.011034
Brazil,Brazil,202350226.000119,1057781.68473299,562871,2015,4,0.00522747963094624,200277011.994537,204423440.005702
UF,11,1659107.00000078,56142.4256024811,9535,2015,4,0.033838942034754,1549069.8678152,1769144.13218636
UF,12,811067.00000122,26680.6942935345,11526,2015,4,0.032895795653743,758773.800103369,863360.199899071
UF,13,3726093.00000285,98002.6347223291,15828,2015,4,0.0263017146169605,3534011.36555705,3918174.63444865
UF,14,477945.00000131,15161.1526809733,6454,2015,4,0.031721542606224,448229.68678249,507660.313220131
UF,15,8108100.00002114,142524.062741461,21111,2015,4,0.017577985316053,7828757.97011755,8387442.02992473
UF,16,742058.00000294,43183.5905001154,4723,2015,4,0.0581943601442803,657419.717899588,826696.282106292
UF,17,1462668.00000195,59207.5776931347,8266,2015,4,0.0404791638930063,1346623.28011155,1578712.71989235
UF,21,6805546.00000681,105908.552617797,38058,2015,4,0.0155620948881531,6597969.05122116,7013122.94879246
UF,22,3266084.0000013,116948.895787568,13114,2015,4,0.0358070691958691,3036868.37622594,3495299.62377666
UF,23,8834738.00000337,200653.45748363,29780,2015,4,0.0227118741363415,8441464.44996202,9228011.55004472
UF,24,3327486.00000087,108419.92054259,11929,2015,4,0.0325831334955465,3114986.8605307,3539985.13947104
UF,25,3925030.0000011,80245.8407479314,15303,2015,4,0.0204446439257557,3767751.04222602,4082308.95777618
UF,26,9174923.00000552,161673.896175181,22161,2015,4,0.0176212809824217,8858047.9862619,9491798.01374914
UF,27,3176359.00000335,45110.5408661846,22381,2015,4,0.0142019654787563,3087943.96458251,3264774.03542419
UF,28,2187242.00000025,68909.281235264,11459,2015,4,0.0315051015092322,2052182.29057859,2322301.70942191
UF,29,14486033.0000045,313751.293069537,28391,2015,4,0.0216588829439667,13871091.7654853,15100974.2345237
UF,31,20507322.0000084,392167.536425411,41102,2015,4,0.0191232934473478,19738687.7527088,21275956.247308
UF,32,3841484.00000434,57900.7464313876,20507,2015,4,0.0150724944920562,3728000.62232083,3954967.37768785
UF,33,16989271.0000068,238028.346734535,39719,2015,4,0.014010509734905,16522744.0131075,17455797.9869061
UF,35,44329928.0000142,738738.994638712,44076,2015,4,0.0166645656324656,42882026.176547,45777829.8234814
UF,41,11133203.0000061,164371.406978952,30336,2015,4,0.0147640716673235,10811040.9622392,11455365.0377731
UF,42,6936268.00000481,87442.7142116312,33014,2015,4,0.0126065939510369,6764883.42943959,7107652.57057004
UF,43,11070644.0000057,177709.259729869,29762,2015,4,0.0160522964815577,10722340.2512159,11418947.7487955
UF,50,2599848.00000181,66945.6225595913,11771,2015,4,0.0257498217432499,2468636.9908624,2731059.00914122
UF,51,3303110.00000204,100764.083174393,13992,2015,4,0.0305058212334228,3105616.02604503,3500603.97395905
UF,52,6661211.00000541,139858.601724768,18515,2015,4,0.0209959723126402,6387093.17769673,6935328.82231409
UF,53,2807458.0000005,69483.1666682848,10058,2015,4,0.0247494946204974,2671273.49579887,2943642.50420213
region,Central-West,15371627.0000098,197543.554095109,54336,2015,4,0.0128511805611067,14984448.7486053,15758805.2514142
region,North,16987038.0000322,198448.170988677,77443,2015,4,0.0116823292553005,16598086.7320965,17375989.2679678
region,Northeast,55183441.0000271,463369.74698003,192576,2015,4,0.00839689839167155,54275252.9844208,56091629.0156334
region,South,29140115.0000167,257380.591138251,93112,2015,4,0.00883251803014859,28635658.3110661,29644571.6889673
region,Southeast,85668005.0000337,871516.30455906,145404,2015,4,0.0101731831453145,83959864.4311585,87376145.5689089
Brazil,Brazil,202698169.000255,1138055.33688876,566932,2016,1,0.00561453190476196,200467621.527539,204928716.472971
UF,11,1662196.00000159,62741.387273764,9716,2016,1,0.0377460824558018,1539225.14060493,1785166.85939825
UF,12,813229.00000115,29625.8306105643,11535,2016,1,0.0364298747468701,755163.43899236,871294.56100994
UF,13,3739461.00000492,97276.6639952655,16126,2016,1,0.0260135522191935,3548802.242038,3930119.75797184
UF,14,481560.00000121,15152.9951606461,6593,2016,1,0.0314664738778303,451860.675228434,511259.324773986
UF,15,8126387.00005646,151745.051757943,21244,2016,1,0.0186731264160676,7828972.16377873,8423801.83633419
UF,16,744330.00004193,41493.6673581996,4754,2016,1,0.0557463320783284,663003.906433374,825656.093650487
UF,17,1466034.00000186,56404.0737670828,8567,2016,1,0.0384739192726848,1355484.04683704,1576583.95316668
UF,21,6813315.00000602,111643.888733548,38682,2016,1,0.016386133436286,6594496.99899427,7032133.00101777
UF,22,3269892.00000247,113776.689966534,13150,2016,1,0.0347952439916816,3046893.78538788,3492890.21461706
UF,23,8847979.00000681,174962.988555618,29948,2016,1,0.0197743449159953,8505057.8438103,9190900.15620331
UF,24,3332327.00000294,109927.36484673,11935,2016,1,0.0329881685820849,3116873.32398795,3547780.67601793
UF,25,3931293.00000087,81742.2923307975,15531,2016,1,0.0207927245134818,3771081.05101876,4091504.94898298
UF,26,9187053.00000979,162166.912680163,22390,2016,1,0.0176516792359846,8869211.69167262,9504894.30834696
UF,27,3178214.00000487,44783.1064535236,22532,2016,1,0.0140906516847056,3090440.72424014,3265987.2757696
UF,28,2191232.00000232,63090.595437911,11394,2016,1,0.0287922937588736,2067576.70518083,2314887.29482381
UF,29,14499580.0000072,355648.935632534,28261,2016,1,0.0245282232749056,13802520.8950275,15196639.104987
UF,31,20535588.0000138,375489.213645195,41446,2016,1,0.0182848045863085,19799642.6646859,21271533.3353416
UF,32,3850315.00000791,62195.5973193287,20862,2016,1,0.0161533789622929,3728413.86926507,3972216.13075075
UF,33,17003768.0000135,259733.588272052,39694,2016,1,0.0152750606966553,16494699.5214249,17512836.4786021
UF,35,44401749.0000268,835452.937309112,44422,2016,1,0.0188157664084045,42764291.3321227,46039206.6679308
UF,41,11155726.0000122,165876.989632426,30220,2016,1,0.0148692240766979,10830613.0744687,11480838.9255557
UF,42,6966904.00000667,91717.8785468464,33494,2016,1,0.0131647972394565,6787140.26131643,7146667.73869691
UF,43,11078731.0000084,174332.748603732,29614,2016,1,0.0157358048140712,10737045.0914192,11420416.9085975
UF,50,2607532.0000016,69415.4567175541,11874,2016,1,0.0266211332085326,2471480.2048648,2743583.7951384
UF,51,3316501.0000052,101900.955982027,13876,2016,1,0.0307254410542517,3116778.79629023,3516223.20372017
UF,52,6683089.00000452,149027.917744065,18930,2016,1,0.0222992567873875,6390999.64853515,6975178.35147389
UF,53,2814184.00000203,71705.2835202282,10142,2016,1,0.0254799556532823,2673644.22680115,2954723.77320291
region,Central-West,15421306.0000133,206284.459941135,54822,2016,1,0.0133765882047186,15016995.8879584,15825616.1120683
region,North,17033197.0001091,206000.579703468,78535,2016,1,0.0120940642970399,16629443.283096,17436950.7171223
region,Northeast,55250885.0000433,483277.964710114,193823,2016,1,0.00874697237355989,54303677.5946897,56198092.405397
region,South,29201361.0000272,257525.245695217,93328,2016,1,0.00881894668179941,28696620.7933548,29706101.2066997
region,Southeast,85791420.000062,954098.312138164,146424,2016,1,0.0111211390618954,83921421.6705607,87661418.3295632
Brazil,Brazil,203034480.000136,1154316.4608658,570653,2016,2,0.00568532231995779,200772061.310078,205296898.690195
UF,11,1665166.00000007,59081.4093757272,9966,2016,2,0.0354807925310298,1549368.56546778,1780963.43453236
UF,12,815291.00000209,27619.5924735845,11852,2016,2,0.0338769745692197,761157.593486191,869424.406517989
UF,13,3752427.00000219,98222.0166803639,16811,2016,2,0.0261755969350787,3559915.38481978,3944938.6151846
UF,14,485161.00000095,15857.7625879574,6679,2016,2,0.0326855674465309,454080.356453167,516241.643548733
UF,15,8144061.0000279,157705.129474057,21424,2016,2,0.0193644337233619,7834964.62608152,8453157.37397428
UF,16,746503.00000534,36417.110458504,4971,2016,2,0.0487836089851528,675126.775085655,817879.224925025
UF,17,1469308.00000346,61748.5731280057,8680,2016,2,0.0420256155468154,1348283.02057583,1590332.97943109
UF,21,6820732.00000482,115317.120946622,39482,2016,2,0.0169068541245339,6594714.59614859,7046749.40386105
UF,22,3273597.00000111,107781.414163082,13128,2016,2,0.0329244602078527,3062349.31003867,3484844.68996355
UF,23,8860797.00000378,173460.047789459,30418,2016,2,0.0195761225304433,8520821.55357985,9200772.44642771
UF,24,3336988.00000224,109976.501001784,11929,2016,2,0.0329568164469605,3121438.01889301,3552537.98111147
UF,25,3937398.00000049,82670.5732983375,15455,2016,2,0.0209962450578598,3775366.65375447,4099429.34624651
UF,26,9198730.0000054,155874.781528087,22287,2016,2,0.0169452502169317,8893221.0421123,9504238.9578985
UF,27,3179971.00000209,47469.4243276185,22311,2016,2,0.0149276280593714,3086932.63795311,3273009.36205107
UF,28,2195079.00000137,65194.8023958518,11420,2016,2,0.0297004355632809,2067299.53532629,2322858.46467645
UF,29,14512637.0000052,345312.248811636,28169,2016,2,0.0237939010540615,13835837.4289139,15189436.5710966
UF,31,20562975.0000097,400621.843920574,41438,2016,2,0.0194826791318078,19777770.6145053,21348179.385514
UF,32,3858871.00000166,59861.0796189062,21315,2016,2,0.0155125889460623,3741545.43987292,3976196.5601304
UF,33,17017479.0000073,263612.688891204,39655,2016,2,0.0154907015834185,16500807.6239128,17534150.3761019
UF,35,44470534.0000157,845385.061915409,44581,2016,2,0.0190100047351604,42813609.7255933,46127458.274438
UF,41,11177613.0000094,199571.349277211,30300,2016,2,0.0178545588648528,10786460.34308,11568765.6569388
UF,42,6997023.00000485,91479.2589361817,33451,2016,2,0.013074025758686,6817726.94715752,7176319.05285218
UF,43,11086416.0000046,158535.510812472,29489,2016,2,0.0142999785334058,10775692.1085415,11397139.8914677
UF,50,2614993.00000153,73454.1693468177,11955,2016,2,0.0280896236994802,2471025.47356746,2758960.5264356
UF,51,3329656.00000821,82862.1816436605,14279,2016,2,0.0248861088483183,3167249.10830622,3492062.8917102
UF,52,6704411.00000369,158914.360596238,18854,2016,2,0.0237029562471856,6392944.57660885,7015877.42339853
UF,53,2820663.00000121,72217.75632621,10354,2016,2,0.0256031139934756,2679118.79855755,2962207.20144487
region,Central-West,15469723.0000146,206714.378971761,55442,2016,2,0.0133625132765186,15064570.2621434,15874875.7378859
region,North,17077917.000042,210148.728516742,80383,2016,2,0.0123052904236638,16666033.0607523,17489800.9393317
region,Northeast,55315929.0000265,473258.617950917,194599,2016,2,0.00855555762157931,54388359.1534695,56243498.8465835
region,South,29261052.0000188,270796.392990031,93240,2016,2,0.00925449956446736,28730300.822615,29791803.1774226
region,Southeast,85909859.0000343,973780.654631028,146989,2016,2,0.0113349115685388,84001283.9881157,87818434.011953
Brazil,Brazil,203374066.000086,1140823.08854006,572023,2016,3,0.00560948163636352,201138093.833816,205610038.166356
UF,11,1668143.00000107,88079.8847713179,9977,2016,3,0.052801159595587,1495509.59808685,1840776.40191529
UF,12,817350.00000188,24230.9480481767,12032,2016,3,0.0296457430086511,769858.214516193,864841.785487567
UF,13,3765580.00000068,100499.26347509,16889,2016,3,0.0266889200269471,3568605.0631167,3962554.93688466
UF,14,488903.00000035,18238.4400862088,6783,2016,3,0.0373048234234515,453156.314297189,524649.685703511
UF,15,8161910.00000739,169713.106843082,21748,2016,3,0.0207933077971857,7829278.42289055,8494541.57712423
UF,16,748675.00000146,43736.3134060441,5069,2016,3,0.058418290187276,662953.400909057,834396.599093863
UF,17,1472618.00000084,64568.7534185228,8539,2016,3,0.0438462339985563,1346065.56877389,1599170.43122779
UF,21,6828102.00000245,118572.248949038,39743,2016,3,0.0173653306510353,6595704.66249642,7060499.33750848
UF,22,3277340.99999937,114601.947582586,13319,2016,3,0.0349679656717468,3052725.31017935,3501956.68981939
UF,23,8873795.00000162,190431.263958578,30331,2016,3,0.0214599575444941,8500556.58111237,9247033.41889087
UF,24,3341666.00000037,94436.417248207,11865,2016,3,0.0282602801261995,3156574.02336489,3526757.97663585
UF,25,3943608.00000089,80678.0393335599,15421,2016,3,0.0204579256694737,3785481.94856381,4101734.05143797
UF,26,9210458.00000381,166848.311894558,22642,2016,3,0.0181150939393556,8883441.31780917,9537474.68219845
UF,27,3181717.00000105,47716.7350116599,22685,2016,3,0.0149971650563655,3088193.91791836,3275240.08208375
UF,28,2198950.00000108,68913.8987733223,11338,2016,3,0.0313394569104747,2063881.24037113,2334018.75963103
UF,29,14525752.0000017,334650.458563324,28194,2016,3,0.0230384257257926,13869849.1538078,15181654.8461957
UF,31,20590715.000004,383254.156476093,41721,2016,3,0.0186129600878852,19839550.6563856,21341879.3436224
UF,32,3867540.00000398,62687.9931896721,21241,2016,3,0.0162087510897386,3744673.79108913,3990406.20891883
UF,33,17031027.0000043,267648.599365174,39142,2016,3,0.0157153528888837,16506445.384736,17555608.6152726
UF,35,44539346.0000091,828081.550554079,44589,2016,3,0.0185921353796688,42916335.984661,46162356.0153572
UF,41,11199829.0000136,187853.950200443,30209,2016,3,0.0167729302117216,10831642.0232671,11568015.97676
UF,42,7027967.00000294,93474.5811290247,33498,2016,3,0.0133003728004109,6844760.18752009,7211173.8124858
UF,43,11094050.0000026,158023.378670923,29442,2016,3,0.0142439757050749,10784329.8690922,11403770.1309129
UF,50,2622553.0000008,78003.7073013176,11951,2016,3,0.0297434245566415,2469668.54302961,2775437.45697199
UF,51,3343182.00001462,83343.8902223506,14212,2016,3,0.024929510335359,3179830.97684735,3506533.02318189
UF,52,6726105.00000303,162704.003393108,19174,2016,3,0.0241899291481525,6407211.01321206,7044998.986794
UF,53,2827184.00000094,73522.6638972755,10269,2016,3,0.0260056168601871,2683082.22671484,2971285.77328704
region,Central-West,15519024.0000194,211917.335810077,55606,2016,3,0.0136553262505305,15103673.654132,15934374.3459068
region,North,17123179.0000137,231651.624779885,81037,2016,3,0.0135285407446655,16669150.1584849,17577207.8415424
region,Northeast,55381389.0000124,475120.547524331,195538,2016,3,0.00857906520770407,54450169.8385497,56312608.161475
region,South,29321846.0000191,262674.68878773,93149,2016,3,0.00895832713900617,28807013.0703449,29836678.9296933
region,Southeast,86028628.0000214,952978.677650522,146693,2016,3,0.0110774599084654,84160824.1137917,87896431.886251
Brazil,Brazil,203709432.00013,1150705.26121172,570556,2016,4,0.00564875788967388,201454091.131335,205964772.868926
UF,11,1671054.0000015,82731.6210890228,9804,2016,4,0.0495086460933928,1508903.0022844,1833204.9977186
UF,12,819362.00000089,26626.3718191078,12072,2016,4,0.0324964689832807,767175.270196467,871548.729805314
UF,13,3778617.0000041,99608.1272843612,16494,2016,4,0.0263610012034173,3583388.65795927,3973845.34204893
UF,14,492709.00000058,18232.1551462478,6719,2016,4,0.0370039011794514,456974.632553388,528443.367447772
UF,15,8179552.0000045,168947.055003565,21888,2016,4,0.0206548054225307,7848421.85690341,8510682.14310559
UF,16,750798.00000093,45960.3727243911,5206,2016,4,0.0612153638186758,660717.324745087,840878.675256774
UF,17,1475904.00000076,59224.61669094,8506,2016,4,0.040127688989873,1359825.88428833,1591982.11571319
UF,21,6835269.00000346,117190.982999398,39624,2016,4,0.017145043303978,6605578.89401179,7064959.10599513
UF,22,3281050.00000077,114128.612126116,13443,2016,4,0.0347841733975676,3057362.03062804,3504737.9693735
UF,23,8886658.0000036,173637.003495016,30128,2016,4,0.019539066710449,8546335.72676991,9226980.27323729
UF,24,3346262.00000061,87716.4540992443,11826,2016,4,0.0262132654583617,3174340.90911453,3518183.09088669
UF,25,3949777.00000059,84656.7846735224,15308,2016,4,0.0214333074179909,3783852.75099352,4115701.24900766
UF,26,9221994.00000496,173449.313954661,22821,2016,4,0.0188082223816853,8882039.59151064,9561948.40849928
UF,27,3183424.00000238,48339.3688918437,22739,2016,4,0.0151847095742847,3088680.57793897,3278167.42206579
UF,28,2202759.00000204,50739.9671154195,11245,2016,4,0.0230347337658693,2103310.49187907,2302207.50812501
UF,29,14538652.0000051,340830.940003758,28135,2016,4,0.0234430908727741,13870635.6327808,15206668.3672294
UF,31,20618195.0000075,400523.349756838,41899,2016,4,0.0194257232389495,19833183.6595167,21403206.3404982
UF,32,3876132.00000288,60775.0261094395,21224,2016,4,0.0156792973276953,3757015.1376689,3995248.86233686
UF,33,17044101.0000058,267645.14319198,38573,2016,4,0.0157030953519865,16519526.1587124,17568675.8412991
UF,35,44606662.0000124,832279.241114072,44166,2016,4,0.01865818251798,42975424.6623485,46237899.3376763
UF,41,11221887.0000172,202362.294204895,29888,2016,4,0.0180328223056056,10825264.1915467,11618509.8084877
UF,42,7059050.000004,99134.2701981076,33782,2016,4,0.0140435710468195,6864750.40078205,7253349.59922595
UF,43,11101444.0000017,161359.532850698,29613,2016,4,0.0145350039914333,10785185.1270521,11417702.8729513
UF,50,2630053.00000078,70732.5560390935,11924,2016,4,0.0268939660299897,2491419.7376297,2768686.26237186
UF,51,3356760.00003499,85637.838349793,14212,2016,4,0.0255120527976085,3188912.92115553,3524607.07891445
UF,52,6747705.00000506,160457.91595761,18989,2016,4,0.023779628178394,6433213.26369379,7062196.73631633
UF,53,2833602.00000123,76723.8932452676,10328,2016,4,0.0270764536604768,2683225.93248681,2983978.06751565
region,Central-West,15568120.0000421,209690.80196618,55453,2016,4,0.0134692436829632,15157133.580299,15979106.4197851
region,North,17167996.0000133,227970.817834592,80689,2016,4,0.013278825195114,16721181.4075313,17614810.5924952
region,Northeast,55445845.0000235,472156.177677317,195269,2016,4,0.00851562777476142,54520435.8966979,56371254.1033491
region,South,29382381.0000229,277155.192059207,93283,2016,4,0.0094327002314411,28839166.8054586,29925595.1945872
region,Southeast,86145090.0000285,963553.431503782,145862,2016,4,0.0111852391297457,84256559.9771011,88033620.0229559
Brazil,Brazil,204040641.000135,1095000.82257498,572379,2017,1,0.00536658195743591,201894478.824846,206186803.175424
UF,11,1673918.00000069,83742.0198917923,9865,2017,1,0.0500275520615453,1509786.65702014,1838049.34298124
UF,12,821330.00000146,25381.4110018914,11860,2017,1,0.030902817383812,771583.348560944,871076.651441976
UF,13,3791547.00000488,107517.171147434,16836,2017,1,0.0283570719675362,3580817.21683628,4002276.78317348
UF,14,496575.00000034,18557.1938280257,6806,2017,1,0.0373703747228777,460203.568443281,532946.431557399
UF,15,8196977.00000338,174902.957459435,22185,2017,1,0.0213374952082167,7854173.50259335,8539780.49741341
UF,16,752877.00000249,45984.3917061899,5151,2017,1,0.0610782261990177,662749.248407376,843004.751597605
UF,17,1479150.00000055,53366.3734003194,8723,2017,1,0.0360790814997124,1374553.83015041,1583746.16985069
UF,21,6842256.00000694,113130.98534884,39339,2017,1,0.016534164367531,6620523.34318769,7063988.65682619
UF,22,3284713.00000028,111403.558184019,13476,2017,1,0.0339157662127586,3066366.03820999,3503059.96179057
UF,23,8899396.00000328,150798.150481942,30010,2017,1,0.0169447623728494,8603837.05612342,9194954.94388314
UF,24,3350776.00000211,89233.1095080009,11968,2017,1,0.02663058035152,3175882.31913791,3525669.68086631
UF,25,3955924.00000081,87982.9512592121,15380,2017,1,0.0222408092923914,3783480.58427921,4128367.41572241
UF,26,9233339.00000363,178945.473854294,22580,2017,1,0.0193803643356129,8882612.31605276,9584065.6839545
UF,27,3185060.00000311,48480.0397512249,22769,2017,1,0.0152210758199775,3090040.86812164,3280079.13188458
UF,28,2206507.00000216,46562.5097610213,11199,2017,1,0.0211023621320829,2115246.15784076,2297767.84216356
UF,29,14551325.0000047,321867.400445894,28059,2017,1,0.0221194565062488,13920476.4873332,15182173.5126762
UF,31,20645385.0000077,279677.66201809,41825,2017,1,0.0135467399623687,20097226.8551718,21193543.1448435
UF,32,3884649.00000332,61555.0209838737,21007,2017,1,0.0158457098656329,3764003.37580732,4005294.62419932
UF,33,17056710.0000057,259146.013462945,38858,2017,1,0.0151932004157225,16548793.1468812,17564626.8531302
UF,35,44672495.0000115,817534.67420922,44850,2017,1,0.0183006271355341,43070156.4824487,46274833.5175742
UF,41,11243802.0000077,199877.65592831,29852,2017,1,0.0177766965238424,10852048.9930739,11635555.0069415
UF,42,7090286.00000472,105037.958572325,34031,2017,1,0.0148143472029555,6884415.38419335,7296156.61581609
UF,43,11108589.0000033,167192.709921264,29583,2017,1,0.0150507602649818,10780897.31008,11436280.6899267
UF,50,2637492.00000033,72940.5592580704,12119,2017,1,0.0276552722275788,2494531.1308423,2780452.86915836
UF,51,3370414.00004454,81578.1196912557,14422,2017,1,0.0242041837264436,3210523.82352318,3530304.1765659
UF,52,6769229.00000438,163367.810977719,19374,2017,1,0.0241338874748681,6449033.9742549,7089424.02575386
UF,53,2839920.00000106,70643.156064028,10252,2017,1,0.0248750514324353,2701461.95836132,2978378.0416408
region,Central-West,15617055.0000503,208937.339792531,56167,2017,1,0.0133787925951377,15207545.3390313,16026564.6610693
region,North,17212374.0000138,234765.483137682,81426,2017,1,0.0136393435988257,16752242.1082508,17672505.8917768
region,Northeast,55509296.000027,451432.708172373,194780,2017,1,0.0081325605025175,54624504.1505658,56394087.8494883
region,South,29442677.0000158,280958.097109254,93466,2017,1,0.00954254591418789,28892009.2485167,29993344.7515148
region,Southeast,86259239.0000281,904172.668835075,146540,2017,1,0.0104820385539777,84487093.1333059,88031384.8667503
Brazil,Brazil,204357094.000189,1056700.03493444,568313,2017,2,0.0051708507605489,202285999.989255,206428188.011123
UF,11,1676626.00000131,80333.5967453747,9830,2017,2,0.0479138440804997,1519175.04363181,1834076.95637081
UF,12,823189.00000171,24503.7373374978,11763,2017,2,0.0297668425324523,775162.557333585,871215.442669835
UF,13,3803951.00001383,109615.687882458,16699,2017,2,0.0288162723131973,3589108.19962363,4018793.80040403
UF,14,500369.00000062,17769.302593294,6642,2017,2,0.0355123970375303,465541.80688737,535196.193113871
UF,15,8213629.00000367,177831.727445188,21685,2017,2,0.0216508107981391,7865085.21890256,8562172.78110478
UF,16,754842.00000066,50065.6223609918,5102,2017,2,0.0663259627325295,656715.183309533,852968.816691787
UF,17,1482277.00000073,58000.9396003371,8538,2017,2,0.0391296226011121,1368597.24731459,1595956.75268687
UF,21,6848804.0000515,109513.496373531,39034,2017,2,0.0159901635924619,6634161.49133832,7063446.50876468
UF,22,3288231.00000168,112442.399121566,13369,2017,2,0.0341954075372164,3067847.94738813,3508614.05261523
UF,23,8911608.00000219,177650.549416655,29989,2017,2,0.0199347356186011,8563419.3213118,9259796.67869259
UF,24,3355055.00000339,92975.8529951976,12016,2017,2,0.0277121695456866,3172825.67670091,3537284.32330587
UF,25,3961845.00000106,94155.2303050582,15280,2017,2,0.023765500746504,3777304.13964707,4146385.86035505
UF,26,9244124.0000059,177297.924601425,22141,2017,2,0.0191795268649914,8896626.45325341,9591621.54675839
UF,27,3186610.00000667,48997.0888742533,22616,2017,2,0.0153759289257709,3090577.47046583,3282642.52954752
UF,28,2210087.0000007,48212.2643568969,11005,2017,2,0.0218146454672968,2115592.69824806,2304581.30175334
UF,29,14563369.0000038,351537.666943581,28078,2017,2,0.0241384851914065,13874367.8335852,15252370.1664225
UF,31,20671454.0000075,281901.336427701,41646,2017,2,0.0136372282485595,20118937.5334155,21223970.4665995
UF,32,3892812.00000271,81358.5524985587,20784,2017,2,0.0208996870381878,3733352.16727122,4052271.8327342
UF,33,17068470.0000053,238541.423955017,38991,2017,2,0.013975559845431,16600937.4002326,17536002.599778
UF,35,44734787.0000132,743873.556457098,44240,2017,2,0.0166285257255585,43276821.6203056,46192752.3797209
UF,41,11264852.0000042,208638.33168894,30026,2017,2,0.0185211782355297,10855928.3840993,11673775.615909
UF,42,7120624.00000416,109829.045836355,33962,2017,2,0.015424076013042,6905363.02570851,7335884.97429982
UF,43,11115304.0000024,179145.186259651,29240,2017,2,0.0161169848579591,10764185.8869298,11466422.1130751
UF,50,2644629.00000074,66338.8032944413,12048,2017,2,0.0250843514513464,2514607.33476615,2774650.66523533
UF,51,3383680.00002728,86140.7133828401,14312,2017,2,0.0254577009002464,3214847.30419433,3552512.69586023
UF,52,6789930.00002151,149706.424042986,19102,2017,2,0.0220483015351428,6496510.80064298,7083349.19940004
UF,53,2845936.00000052,89636.1666723412,10175,2017,2,0.0314961990263747,2670252.3416105,3021619.65839054
region,Central-West,15664175.0000501,205591.13575272,55637,2017,2,0.0131249258739808,15261223.778434,16067126.2216661
region,North,17254883.0000225,238495.421082261,80259,2017,2,0.0138219089101879,16787440.5642236,17722325.4358215
region,Northeast,55569733.0000769,483160.797096443,193528,2017,2,0.00869467551869962,54622755.2390262,56516710.7611276
region,South,29500780.0000108,296117.156745896,93228,2017,2,0.0100376043191329,28920401.0375844,30081158.9624371
region,Southeast,86367523.0000287,834468.367574831,145661,2017,2,0.00966183049587463,84731995.0533441,88003050.9467133
Brazil,Brazil,204680115.000276,1049187.2379421,566671,2017,3,0.00512598518884302,202623745.80087,206736484.199681
UF,11,1679379.00000228,79714.7749800977,9631,2017,3,0.0474668165911265,1523140.91200557,1835617.08799899
UF,12,825061.00000031,22771.3390845379,11906,2017,3,0.0275995824363646,780429.995514867,869692.004485754
UF,13,3816667.00000281,115541.798898667,16486,2017,3,0.0302729577661825,3590209.23545245,4043124.76455317
UF,14,504349.00000122,21595.7524410742,6689,2017,3,0.0428190646576516,462022.102997672,546675.897004768
UF,15,8230631.00000443,176471.757005862,21603,2017,3,0.0214408539279391,7884752.71198444,8576509.28802442
UF,16,756829.00000088,50734.6102393654,5022,2017,3,0.0670357640091835,657390.991162047,856267.008839713
UF,17,1485463.00000041,62936.9753636175,8413,2017,3,0.0423685917209652,1362108.79499184,1608817.20500898
UF,21,6855403.00002814,102986.811336651,39143,2017,3,0.0150227216891886,6653552.55892568,7057253.4411306
UF,22,3291823.0000011,116132.550264518,13421,2017,3,0.0352790992299644,3064207.38404986,3519438.61595234
UF,23,8924089.00000465,202044.171670204,29592,2017,3,0.0226403133888623,8528089.70024482,9320088.29976448
UF,24,3359410.00000268,97972.7231427735,12036,2017,3,0.029163669555873,3167386.99117553,3551433.00882983
UF,25,3967926.00000096,91783.0687098133,15155,2017,3,0.0231312450660096,3788034.49093916,4147817.50906276
UF,26,9255081.00000328,202235.348274975,22380,2017,3,0.0218512780466107,8858707.00098341,9651454.99902315
UF,27,3188158.00010497,50242.1880395692,21937,2017,3,0.0157590019183224,3089685.12104293,3286630.87916701
UF,28,2213717.9999994,48162.8325557944,10933,2017,3,0.0217565347328826,2119320.58279661,2308115.41720219
UF,29,14575598.0000049,315278.220103294,27800,2017,3,0.021630551288749,13957664.0434926,15193531.9565173
UF,31,20698120.0000122,255066.814014031,41504,2017,3,0.012323187517218,20198198.2308934,21198041.7691311
UF,32,3901170.00000092,82074.0978179975,20825,2017,3,0.021038328967458,3740307.72421403,4062032.27578781
UF,33,17080185.0000059,231579.889202508,39652,2017,3,0.013558394666242,16626296.7576253,17534073.2423866
UF,35,44797763.000016,745638.532097184,44355,2017,3,0.0166445483471333,43336338.3316202,46259187.6684118
UF,41,11286452.0000055,210298.500446381,29911,2017,3,0.0186328263697287,10874274.5131278,11698629.4868832
UF,42,7152103.00000404,110553.237392613,33868,2017,3,0.0154574448092471,6935422.63634021,7368783.36366787
UF,43,11122011.0000031,180362.488667627,29186,2017,3,0.0162167155443001,10768507.0180526,11475514.9819537
UF,50,2651946.00000089,72185.1286252246,12116,2017,3,0.0272196826878075,2510465.74767606,2793426.25232572
UF,51,3397449.00001858,85207.5697559791,14044,2017,3,0.0250798672049273,3230445.23208668,3564452.76795048
UF,52,6811274.00004464,150715.468578022,18992,2017,3,0.0221273536458868,6515877.10971864,7106670.89037064
UF,53,2852057.00000137,93704.6192413145,10071,2017,3,0.032855100456011,2668399.32110335,3035714.67889939
region,Central-West,15712726.0000655,209682.452470903,55223,2017,3,0.0133447533209724,15301755.9450325,16123696.0550985
region,North,17298379.0000123,241591.820256531,79750,2017,3,0.0139661537220545,16824867.7333501,17771890.2666746
region,Northeast,55631206.0001501,477578.385283645,192397,2017,3,0.00858472105174848,54695169.5651994,56567242.4351009
region,South,29560566.0000127,298291.979286007,92965,2017,3,0.0100908750964335,28975924.463735,30145207.5362904
region,Southeast,86477238.0000351,825470.352450647,146336,2017,3,0.00954552170653637,84859345.8389263,88095130.161144
Brazil,Brazil,204999096.000229,1049246.50058839,561288,2017,4,0.00511829818306722,202942610.648171,207055581.352287
UF,11,1682069.00000014,98401.1186271962,9501,2017,4,0.0585000488251005,1489206.35145238,1874931.6485479
UF,12,826893.00000022,22939.6001989463,11693,2017,4,0.0277419209002134,781932.209790538,871853.790209903
UF,13,3829278.00000435,112651.752179408,16176,2017,4,0.0294185358647974,3608484.62293738,4050071.37707132
UF,14,508383.00000024,24818.3731739393,6745,2017,4,0.0488182594105774,459739.882424444,557026.117576036
UF,15,8247435.00000205,197405.35399491,21107,2017,4,0.0239353634184278,7860527.61581665,8634342.38418745
UF,16,758770.00000112,54542.5074808086,4893,2017,4,0.0718827938383542,651868.649712229,865671.350290011
UF,17,1488621.00000079,60108.2292120738,8295,2017,4,0.0403784638346778,1370811.03557065,1606430.96443093
UF,21,6861794.00000623,106461.131678211,38350,2017,4,0.0155150579685305,6653134.01616356,7070453.9838489
UF,22,3295384.00000132,93925.6904047487,13353,2017,4,0.0285021989560886,3111293.02958495,3479474.97041769
UF,23,8936460.00000136,214738.857960734,29518,2017,4,0.0240295215287374,8515579.57231706,9357340.42768566
UF,24,3363678.00000314,91966.1172591021,12066,2017,4,0.0273409396675354,3183427.72237731,3543928.27762897
UF,25,3973982.00000079,88659.5618613021,14972,2017,4,0.0223100058986892,3800212.45186754,4147751.54813404
UF,26,9265847.00000209,205400.534832168,22234,2017,4,0.022167486127509,8863269.34932578,9668424.6506784
UF,27,3189663.00004361,55842.3441413771,21516,2017,4,0.017507286550527,3080214.01671422,3299111.983373
UF,28,2217293.00000026,49640.5710979891,11000,2017,4,0.0223879167516351,2119999.2684762,2314586.73152432
UF,29,14587638.0000068,320454.073069404,27678,2017,4,0.0219675092752682,13959559.5580916,15215716.441922
UF,31,20724545.0000249,269709.60168643,41430,2017,4,0.0130140180006898,20195923.8944349,21253166.1056149
UF,32,3909451.00000031,86051.7389063623,20914,2017,4,0.0220112079436104,3740792.6909368,4078109.30906382
UF,33,17091448.0000044,240432.902332408,39734,2017,4,0.014067439009986,16620208.1707344,17562687.8292743
UF,35,44859309.0000088,727610.148465709,43850,2017,4,0.016219825153026,43433219.3142302,46285398.6857875
UF,41,11307894.0000052,204602.781834788,29613,2017,4,0.0180938008292874,10906879.9164723,11708908.0835381
UF,42,7183704.00000322,109074.593515568,33455,2017,4,0.0151836146806047,6969921.72508436,7397486.27492208
UF,43,11128491.000004,189468.185618252,28618,2017,4,0.0170255055800632,10757140.1799761,11499841.820032
UF,50,2659207.00000107,70323.8942132384,11719,2017,4,0.0264454381374636,2521374.70009052,2797039.29991162
UF,51,3411275.00002205,84344.1471439019,14111,2017,4,0.0247251092753755,3245963.50931326,3576586.49073084
UF,52,6832504.0000803,148558.421882627,18781,2017,4,0.0217428957057151,6541334.84359024,7123673.15657036
UF,53,2858080.0000002,87389.0283098372,9966,2017,4,0.0305761309374934,2686800.65186897,3029359.34813143
region,Central-West,15761066.0001036,204366.905921534,54577,2017,4,0.0129665662157744,15360514.2248655,16161617.7753417
region,North,17341449.0000089,262815.776633793,78410,2017,4,0.015155352740919,16826339.5432378,17856558.4567801
region,Northeast,55691739.0000656,482752.33399943,190687,2017,4,0.00866829340701431,54745561.8119741,56637916.1881571
region,South,29620089.0000125,299429.054446279,91686,2017,4,0.010108985643026,29033218.8373729,30206959.1626521
region,Southeast,86584753.0000384,816928.809435031,145928,2017,4,0.00943501922832382,84983601.9556126,88185904.0444642
Brazil,Brazil,205313945.00022,1031803.38163358,560741,2018,1,0.00502549099444987,203291647.533092,207336242.467349
UF,11,1684707.99999948,93843.8012707901,9537,2018,1,0.0557033036412358,1500777.5293364,1868638.47066256
UF,12,828672.00000101,21886.4423462017,11242,2018,1,0.0264114659915805,785775.361252743,871568.638749278
UF,13,3841778.00000489,108376.158149579,16249,2018,1,0.0282098960818249,3629364.6332489,4054191.36676088
UF,14,512471.00000014,23708.2913704777,6699,2018,1,0.0462626985145915,466003.602779022,558938.397221258
UF,15,8264033.00000117,198764.152777591,21379,2018,1,0.024051713343541,7874462.41913947,8653603.58086286
UF,16,760665.00000012,51562.6385498619,4882,2018,1,0.0677862640582303,659604.085494534,861725.914505706
UF,17,1491757.00000091,42221.2013580215,8243,2018,1,0.028303002002334,1409004.96595517,1574509.03404665
UF,21,6868008.00000747,105414.9637701,38333,2018,1,0.0153486955417037,6661398.46758648,7074617.53242846
UF,22,3298905.00000022,94776.4864684344,13206,2018,1,0.0287296804450046,3113146.49994084,3484663.5000596
UF,23,8948690.00000218,204694.306606263,29249,2018,1,0.0228742203167406,8547496.5312135,9349883.46879085
UF,24,3367867.00000141,111446.395121578,11893,2018,1,0.0330910915192111,3149436.0793563,3586297.92064652
UF,25,3980003.00000035,98902.6900997653,14864,2018,1,0.0248499034045343,3786157.28943068,4173848.71057002
UF,26,9276431.00000044,206598.038013216,22628,2018,1,0.0222712849384861,8871506.2862179,9681355.71378298
UF,27,3191115.00008885,55755.5677990605,21742,2018,1,0.0174721273904288,3081836.09526511,3300393.90491259
UF,28,2220820.00000042,47633.790331216,11088,2018,1,0.0214487398038594,2127459.4865041,2314180.51349674
UF,29,14599437.0000031,300394.855892039,27681,2018,1,0.0205757835656249,14010673.9013136,15188200.0986926
UF,31,20750678.0000269,273706.228887103,41264,2018,1,0.0131902306462829,20214223.6490639,21287132.3509899
UF,32,3917661.00000029,81447.5959801677,20839,2018,1,0.020789852919934,3758026.64525179,4077295.35474879
UF,33,17102277.0000045,250274.731612087,39849,2018,1,0.0146340005843679,16611747.5398043,17592806.4602046
UF,35,44919416.0000052,709998.344359363,43968,2018,1,0.01580604575,43527844.8159777,46310987.1840326
UF,41,11329171.000006,206430.631486283,29528,2018,1,0.0182211594728487,10924574.3969871,11733767.603025
UF,42,7215424.00000186,105567.949470215,33556,2018,1,0.0146308726237278,7008514.62111849,7422333.37888523
UF,43,11134750.000001,185591.795363785,28302,2018,1,0.0166678008364596,10770996.7652618,11498503.2347401
UF,50,2666408.00000201,66323.4984656624,11814,2018,1,0.0248737246758982,2536416.33168061,2796399.66832341
UF,51,3425156.00001619,84606.2196651561,13979,2018,1,0.0247014208009084,3259330.8566044,3590981.14342798
UF,52,6853639.00004414,143855.237724076,18694,2018,1,0.0209896140901425,6571687.9151175,7135590.08497078
UF,53,2864005.00000031,88569.7786804255,10033,2018,1,0.0309251480637834,2690411.42366799,3037598.57633263
region,Central-West,15809208.0000627,200239.741237606,54520,2018,1,0.0126660197801694,15416745.3189633,16201670.681162
region,North,17384084.0000077,256011.081983236,78231,2018,1,0.0147267513193748,16882311.4996774,17885856.500338
region,Northeast,55751276.0001044,471692.884517839,190684,2018,1,0.00846066526830625,54826774.9346857,56675777.0655232
region,South,29679345.0000089,296989.077370742,91386,2018,1,0.0100065913641508,29097257.1045604,30261432.8954573
region,Southeast,86690032.0000368,805160.791953437,145920,2018,1,0.00928781283588747,85111945.8460443,88268118.1540293
Brazil,Brazil,205614584.00026,1059177.88485982,556186,2018,2,0.00515127800885215,203538633.492714,207690534.507807
UF,11,1687211.00000149,100567.873990652,9568,2018,2,0.0596059852564755,1490101.58897805,1884320.41102493
UF,12,830356.99999965,21699.2251915366,11217,2018,2,0.0261324047265763,787827.300131814,872886.699867486
UF,13,3853770.00000939,101188.538601433,15973,2018,2,0.0262570258736734,3655444.10870234,4052095.89131644
UF,14,516474.99999996,24191.4166586556,6684,2018,2,0.0468394726921099,469060.694613993,563889.305385927
UF,15,8279880.00000427,192629.140645775,20809,2018,2,0.0232647261368131,7902333.82196565,8657426.17804289
UF,16,762456.00000079,54358.2811005886,4836,2018,2,0.0712936629792831,655915.726782132,868996.273219448
UF,17,1494748.00000191,44559.274657008,8090,2018,2,0.029810559811387,1407413.42649695,1582082.57350687
UF,21,6873846.00000957,104898.414949353,37815,2018,2,0.0152605128117806,6668248.8846735,7079443.11534564
UF,22,3302269.00000081,92123.3091419475,13248,2018,2,0.0278969730030851,3121710.63194594,3482827.36805568
UF,23,8960422.00000134,207442.544458196,28793,2018,2,0.0231509793242065,8553842.08400193,9367001.91600075
UF,24,3371845.00000448,105661.598280893,11701,2018,2,0.0313364339940752,3164752.07282499,3578937.92718397
UF,25,3985798.00000185,99868.9567648905,14897,2018,2,0.0250562012336913,3790058.44156908,4181537.55843462
UF,26,9286476.00000265,200789.106748177,22722,2018,2,0.0216216686230729,8892936.58228825,9680015.41771705
UF,27,3192460.00007019,57386.09909195,21544,2018,2,0.0179755107630756,3079985.31263672,3304934.68750366
UF,28,2224170.0000015,48463.0660683953,10966,2018,2,0.0217892814255937,2129184.13592706,2319155.86407594
UF,29,14610646.000004,322195.357085526,27355,2018,2,0.022052095238324,13979154.7041304,15242137.2958777
UF,31,20775684.0000296,278776.620601844,40868,2018,2,0.0134184087802571,20229291.8639182,21322076.136141
UF,32,3925517.00000016,82670.2607075676,20664,2018,2,0.0210597128244673,3763486.26642079,4087547.73357953
UF,33,17112337.0000057,216381.469402301,40043,2018,2,0.0126447643826924,16688237.1130553,17536436.886956
UF,35,44976270.0000143,745113.639124131,43567,2018,2,0.0165668171043062,43515874.1029414,46436665.8970872
UF,41,11349589.0000223,216752.670723394,29057,2018,2,0.0190978431662124,10924761.5718515,11774416.428193
UF,42,7246202.00000407,106143.128810387,33367,2018,2,0.0146481051467137,7038165.29032932,7454238.70967882
UF,43,11140577.0000032,198027.295445726,28382,2018,2,0.0177753176918636,10752450.6329737,11528703.3670327
UF,50,2673303.00000139,66966.2422437805,12011,2018,2,0.0250500007832055,2542051.5770236,2804554.42297918
UF,51,3438627.00003442,76862.2332967534,13699,2018,2,0.022352594013827,3287979.79100147,3589274.20906737
UF,52,6874003.00003104,151762.789342861,18358,2018,2,0.0220777892215316,6576553.39872569,7171452.60133639
UF,53,2869646.00000022,86719.4675496229,9952,2018,2,0.0302195697830381,2699678.96684447,3039613.03315597
region,Central-West,15855579.0000671,202347.450660573,54020,2018,2,0.012761908641729,15458985.2844089,16252172.7157253
region,North,17424897.0000175,251903.624716395,77177,2018,2,0.0144565345044015,16931174.9679982,17918619.0320367
region,Northeast,55807932.0000964,483144.822317245,189041,2018,2,0.00865727872368411,54860985.5490376,56754878.4511552
region,South,29736368.0000295,312190.476794106,90806,2018,2,0.0104986081956544,29124485.9091967,30348250.0908624
region,Southeast,86789808.0000497,828592.814179043,145142,2018,2,0.0095471211801571,85165795.9264101,88413820.0736894
Brazil,Brazil,205921474.0002,1046783.95730736,559761,2018,3,0.00508341328843802,203869815.144284,207973132.856117
UF,11,1689742.00000032,93473.1316593898,9530,2018,3,0.0553179903555526,1506538.02842575,1872945.97157489
UF,12,832053.00000014,21755.2883329203,11111,2018,3,0.0261465175090007,789413.418394332,874692.581605948
UF,13,3866059.00000267,107934.555776759,16294,2018,3,0.0279184967887671,3654511.15799289,4077606.84201245
UF,14,520658.99999971,22812.4373925202,6669,2018,3,0.0438145453982988,475947.444310796,565370.555688624
UF,15,8296075.00000268,196146.734080704,21018,2018,3,0.0236433173616006,7911634.46551935,8680515.53448601
UF,16,764266.00000014,57686.0581665169,4858,2018,3,0.0754790323872923,651203.403583684,877328.596416596
UF,17,1497829.00000065,45089.461496885,8097,2018,3,0.0301032103777303,1409455.27938445,1586202.72061685
UF,21,6879687.00000621,103078.775126632,38643,2018,3,0.0149830617478002,6677656.31318751,7081717.68682491
UF,22,3305711.00000126,96372.2171157989,13264,2018,3,0.029153249366252,3116824.92534402,3494597.0746585
UF,23,8972408.00000516,190996.716625991,28683,2018,3,0.0212871189791951,8598061.31425281,9346754.6857575
UF,24,3375876.00000376,113685.247420791,11733,2018,3,0.0336757770192578,3153057.00948549,3598694.99052203
UF,25,3991753.00000191,94344.1335689632,14982,2018,3,0.0236347623635325,3806841.89605411,4176664.10394971
UF,26,9296692.00000339,190100.314296648,22855,2018,3,0.0204481674015423,8924102.23053222,9669281.76947456
UF,27,3193815.00002967,56873.5874465177,21824,2018,3,0.0178074144701523,3082344.81696291,3305285.18309643
UF,28,2227587.00000056,48367.4580656955,10877,2018,3,0.0217129378406694,2132788.52416805,2322385.47583307
UF,29,14622045.0000049,263408.635366512,27560,2018,3,0.0180144867127973,14105773.5614697,15138316.4385401
UF,31,20801295.0000479,278920.338442458,40722,2018,3,0.0134087968293231,20254621.182145,21347968.8179509
UF,32,3933575.00000215,84998.8373512979,20700,2018,3,0.0216085462591285,3766980.34006583,4100169.65993847
UF,33,17122309.0000061,218451.197053239,40599,2018,3,0.0127582790996916,16694152.5214021,17550465.4786101
UF,35,45033650.0000125,753777.513794051,44027,2018,3,0.0167380950421261,43556273.22062,46511026.779405
UF,41,11370557.0000388,210131.108114344,29259,2018,3,0.0184802827261345,10958707.5961032,11782406.4039744
UF,42,7278120.00000524,103070.353749447,33283,2018,3,0.0141616727601871,7076105.81878252,7480134.18122796
UF,43,11146388.0000038,210106.282272331,28523,2018,3,0.0188497190544829,10734587.2538244,11558188.7461832
UF,50,2680377.00000147,64052.4525500108,12119,2018,3,0.0238968072588206,2554836.49988199,2805917.50012095
UF,51,3452617.00000542,84376.4818309455,14040,2018,3,0.0244384134790546,3287242.13447457,3617991.86553627
UF,52,6894947.00001277,152310.68073225,18591,2018,3,0.0220901887617074,6596423.55131678,7193470.44870876
UF,53,2875382.00000104,83431.9041489872,9900,2018,3,0.0290159374124749,2711858.47270743,3038905.52729465
region,Central-West,15903323.0000207,203424.515383192,54650,2018,3,0.0127913213724532,15504618.2762971,16302027.7237443
region,North,17466683.0000063,255372.427404707,77577,2018,3,0.0146205451489911,16966162.2396485,17967203.7603641
region,Northeast,55865574.0000568,435102.274787712,190421,2018,3,0.00778837920446802,55012789.2118814,56718358.7882322
region,South,29795065.0000478,314520.635681824,91065,2018,3,0.0105561318856435,29178615.8817168,30411514.1183788
region,Southeast,86890829.0000687,837211.337323774,146048,2018,3,0.00963520945718118,85249924.9314655,88531733.0686719
Brazil,Brazil,206224278.000275,1040593.52595567,554211,2018,4,0.0050459312358668,204184752.166856,208263803.833694
UF,11,1692217.00000179,99316.6520883409,9371,2018,4,0.0586902578618675,1497559.93884355,1886874.06116003
UF,12,833705.00000189,20668.8082870513,10841,2018,4,0.0247915129296387,793194.880155907,874215.119847874
UF,13,3878253.00000207,118120.857814624,16018,2018,4,0.0304572336602488,3646740.37286243,4109765.62714171
UF,14,524895.00000013,22719.0746072748,6534,2018,4,0.0432830844402579,480366.432007793,569423.567992467
UF,15,8312060.00000765,193255.800122194,20849,2018,4,0.023250048739063,7933285.59196468,8690834.40805062
UF,16,766033.00000131,63580.4571450745,4931,2018,4,0.0829996320588875,641417.593876372,890648.406126249
UF,17,1500863.00000019,45718.3804406692,8045,2018,4,0.0304613948379455,1411256.62090498,1590469.3790954
UF,21,6885348.00000639,105170.81888958,38203,2018,4,0.0152745829098954,6679216.98275823,7091479.01725455
UF,22,3309097.00000246,94329.2091798831,13140,2018,4,0.0285060272273109,3124215.14731974,3493978.85268518
UF,23,8984278.00000765,187133.394763234,28426,2018,4,0.0208289853411788,8617503.28596699,9351052.71404831
UF,24,3379840.00001389,115052.059649797,11458,2018,4,0.0340406822954116,3154342.10675313,3605337.89327465
UF,25,3997670.00000423,94713.1449281958,14692,2018,4,0.0236920868726272,3812035.64708244,4183304.35292602
UF,26,9306714.00000655,231047.205485817,22469,2018,4,0.0248258628647721,8853869.79852572,9759558.20148737
UF,27,3195124.00003083,56197.2236823527,21521,2018,4,0.0175884327750067,3084979.46558228,3305268.53447938
UF,28,2230936.0000016,49875.7435024111,10838,2018,4,0.0223564205796918,2133181.33903472,2328690.66096848
UF,29,14633220.0000119,266563.550980537,27223,2018,4,0.0182163290772857,14110765.040499,15155674.9595249
UF,31,20826626.0000464,273841.430857494,40677,2018,4,0.0131486219062504,20289906.6580908,21363345.342002
UF,32,3941550.00000392,84854.2538280321,20356,2018,4,0.0215281434531968,3775238.71856596,4107861.28144188
UF,33,17131862.0000123,223367.240390585,40650,2018,4,0.0130381181211023,16694070.2535207,17569653.746504
UF,35,45089684.0000332,731573.25882658,43119,2018,4,0.0162248477684173,43655826.7606805,46523541.2393859
UF,41,11391356.0000241,221039.496593224,29226,2018,4,0.0194041426317249,10958126.5475405,11824585.4525077
UF,42,7310126.00000981,104484.315891372,33163,2018,4,0.0142930937019733,7105340.50391341,7514911.49610621
UF,43,11151953.0000087,200723.895340983,28505,2018,4,0.0179989904316155,10758541.3943038,11545364.6057136
UF,50,2687391.00000164,58595.93761207,11989,2018,4,0.0218040239072149,2572545.07264163,2802236.92736165
UF,51,3466646.00000756,86365.1162278016,13753,2018,4,0.0249131628172052,3297373.48268045,3635918.51733467
UF,52,6915807.00002498,146811.026758896,18384,2018,4,0.0212283290667837,6628062.6750442,7203551.32500576
UF,53,2881024.00000171,86784.7195361252,9830,2018,4,0.0301228728174682,2710929.0753025,3051118.92470092
region,Central-West,15950868.0000359,199943.697896794,53956,2018,4,0.0125349728865128,15558985.5532224,16342750.4468494
region,North,17508026.000015,261228.136963997,76589,2018,4,0.0149204791541761,16996028.2598171,18020023.740213
region,Northeast,55922227.0000856,455269.173293724,187970,2018,4,0.0081411130728579,55029915.8171585,56814538.1830126
region,South,29853435.0000426,316331.334967517,90894,2018,4,0.0105961453000991,29233436.9763248,30473433.0237604
region,Southeast,86989722.0000959,816873.142389098,144802,2018,4,0.00939045583325577,85388680.0610752,88590763.9391166
Brazil,Brazil,206523118.000219,1084009.26887165,553308,2019,1,0.00524885194145917,204398498.874323,208647737.126115
UF,11,1694643.00000238,101360.612198925,9380,2019,1,0.0598123688580917,1495979.85064156,1893306.14936321
UF,12,835318.00000158,22795.2594098254,10672,2019,1,0.0272893190494905,790640.112540075,879995.887463086
UF,13,3890334.00000107,112821.280136718,16104,2019,1,0.0290004097685924,3669208.3542434,4111459.64575874
UF,14,529176.00000092,22979.0476864021,6470,2019,1,0.0434242060984666,484137.894136544,574214.105865297
UF,15,8327853.00000951,193025.549347817,20598,2019,1,0.0231783089047797,7949529.87519173,8706176.12482729
UF,16,767758.99999965,55467.4879728998,4986,2019,1,0.0722459625649782,659044.721259858,876473.278739442
UF,17,1503873.00000186,47401.5459540983,8186,2019,1,0.0315196469077107,1410967.67712031,1596778.32288341
UF,21,6890844.00001632,103118.30444287,38035,2019,1,0.0149645390960274,6688735.83716146,7092952.16287118
UF,22,3312461.00000224,96740.3358064919,13163,2019,1,0.0292049735246472,3122853.42596921,3502068.57403527
UF,23,8996018.00000515,177976.853620057,28207,2019,1,0.0197839592606368,8647189.77682808,9344846.22318222
UF,24,3383718.00001542,113138.302993664,11481,2019,1,0.0334360910079233,3161971.00087586,3605464.99915498
UF,25,4003550.00000174,95950.4528066614,14583,2019,1,0.0239663430721784,3815490.56820037,4191609.43180311
UF,26,9316555.00000656,235395.25950413,22418,2019,1,0.0252663414216911,8855188.76924701,9777921.23076611
UF,27,3196378.00001137,65436.6737009267,21282,2019,1,0.0204721324263569,3068124.47628945,3324631.52373329
UF,28,2234237.00000214,50267.2770990042,10826,2019,1,0.0224986324633224,2135714.9472872,2332759.05271708
UF,29,14644183.0000066,269584.294206382,27059,2019,1,0.0184089678615912,14115807.4925645,15172558.5074488
UF,31,20851666.0000478,295492.918855125,40829,2019,1,0.0141711899113695,20272510.5214051,21430821.4786905
UF,32,3949448.00000164,86581.5110878474,20504,2019,1,0.0219224334863534,3779751.3565424,4119144.64346088
UF,33,17141005.0000103,224773.769838042,40534,2019,1,0.0131132200146903,16700456.5064585,17581553.4935622
UF,35,45144367.0000208,779931.362716759,43033,2019,1,0.0172763827371065,43615729.6186827,46673004.3813589
UF,41,11411986.00001,229195.566917144,29156,2019,1,0.0200837581571642,10962770.9434361,11861201.0565838
UF,42,7342222.0000069,104883.989227876,33310,2019,1,0.0142850473913451,7136653.15856538,7547790.84144842
UF,43,11157335.0000075,205592.373684097,28372,2019,1,0.0184266559786866,10754381.3520905,11560288.6479244
UF,50,2694350.00000224,58473.306524933,11948,2019,1,0.021702194044903,2579744.4251564,2808955.57484808
UF,51,3480716.00000638,88038.6930777205,13787,2019,1,0.0252932710044598,3308163.33232807,3653268.66768469
UF,52,6936551.00001969,143682.009075101,18458,2019,1,0.0207137537192032,6654939.43700614,7218162.56303324
UF,53,2886572.00000101,92902.5552521981,9927,2019,1,0.032184388697793,2704486.33763496,3068657.66236706
region,Central-West,15998189.0000293,201110.277109443,54120,2019,1,0.0125708151784601,15604020.0999739,16392357.9000847
region,North,17548956.000017,258133.079869769,76396,2019,1,0.0147093126149225,17043024.4602538,18054887.5397801
region,Northeast,55977944.0000675,456694.624445558,187054,2019,1,0.00815847442423049,55082838.9842212,56873049.0159139
region,South,29911543.0000243,325268.324937867,90838,2019,1,0.0108743412179573,29274028.7978345,30549057.2022142
region,Southeast,87086486.0000806,868117.849898389,144900,2019,1,0.00996845652834799,85385006.2799434,88787965.7202178
Brazil,Brazil,206808477.000358,1107723.78765838,551348,2019,2,0.00535627844528085,204637378.27173,208979575.728987
UF,11,1696943.00000748,106473.841073099,9314,2019,2,0.0627445005946752,1488258.10620856,1905627.8938064
UF,12,836837.00000203,23161.1705384092,10997,2019,2,0.0276770393019824,791441.939906958,882232.060097102
UF,13,3901924.00000252,122028.837638437,16609,2019,2,0.0312740170332273,3662751.8731559,4141096.12684914
UF,14,533357.00000025,23389.3699359587,6594,2019,2,0.0438531226475846,487514.677304687,579199.322695813
UF,15,8342942.00000753,187766.179138565,20705,2019,2,0.0225059911885275,7974927.05138125,8710956.94863382
UF,16,769387.00000235,44918.9187745273,5027,2019,2,0.0583827368728483,681347.536979796,857426.463024904
UF,17,1506761.00000111,46644.6536040003,8170,2019,2,0.0309569026567358,1415339.15886592,1598182.8411363
UF,21,6895980.00000294,106590.657990292,37753,2019,2,0.0154569267878165,6687066.14925354,7104893.85075234
UF,22,3315687.00000146,101745.612690995,13082,2019,2,0.0306861331274486,3116269.26354215,3515104.73646077
UF,23,9007266.00000122,182669.359658315,28316,2019,2,0.020280222617861,8649240.63399193,9365291.36601051
UF,24,3387404.00000822,106097.70835434,11492,2019,2,0.031321244337576,3179456.31279148,3595351.68722496
UF,25,4009220.00000174,90478.5753956855,14534,2019,2,0.0225676254721981,3831885.2508537,4186554.74914978
UF,26,9325898.00000392,232856.97624226,22377,2019,2,0.0249688529986241,8869506.71302019,9782289.28698765
UF,27,3197544.00005485,64953.8461529525,21101,2019,2,0.0203136676623803,3070236.80093771,3324851.19917199
UF,28,2237374.0000004,52820.924208873,10600,2019,2,0.0236084464237376,2133846.89092089,2340901.10907991
UF,29,14654583.0000044,274946.036028891,26774,2019,2,0.018761778211554,14115698.6716957,15193467.3283131
UF,31,20875642.0000669,289373.468816019,40558,2019,2,0.0138617757870676,20308480.4231061,21442803.5770277
UF,32,3957017.00000058,89362.5175046664,20227,2019,2,0.0225833039141993,3781869.6841236,4132164.31587756
UF,33,17149455.0000075,234669.741412653,39129,2019,2,0.0136838016958877,16689510.7585774,17609399.2414377
UF,35,45196003.0000134,813662.20555398,42777,2019,2,0.0180029682172058,43601254.3815462,46790751.6184807
UF,41,11431788.0000062,218832.404514904,29155,2019,2,0.0191424477531236,11002884.3685067,11860691.6315057
UF,42,7373346.00000308,107263.261989474,33103,2019,2,0.0145474336874235,7163113.86963943,7583578.13036673
UF,43,11162315.0000041,200094.95730323,28548,2019,2,0.0179259371647509,10770136.0902017,11554493.9098066
UF,50,2701017.0000008,60979.3444745844,12082,2019,2,0.0225764386061126,2581499.68102975,2820534.31897185
UF,51,3494372.00000229,91577.5159391883,13845,2019,2,0.0262071456442326,3314883.36696784,3673860.63303674
UF,52,6956564.00015079,141302.495746005,18486,2019,2,0.0203121103669774,6679616.197563,7233511.80273858
UF,53,2891851.00000026,92727.8306988083,9993,2019,2,0.032065217294667,2710107.79146607,3073594.20853445
region,Central-West,16043804.0001541,201667.468294465,54406,2019,2,0.0125698037879624,15648543.0254436,16439064.9748647
region,North,17588151.0000233,258381.093536202,77416,2019,2,0.0146906342534733,17081733.3624062,18094568.6376403
region,Northeast,56030956.0000791,459730.002970606,186029,2019,2,0.0082049287713377,55129901.7516443,56932010.248514
region,South,29967449.0000134,315326.847218214,90806,2019,2,0.0105223119664965,29349419.7361071,30585478.2639197
region,Southeast,87178117.0000885,899354.622087992,142691,2019,2,0.0103162886861514,85415414.3314664,88940819.6687106
Brazil,Brazil,207099464.000631,1102439.46994419,550227,2019,3,0.00532323671267844,204938722.344405,209260205.656857
UF,11,1699265.00000499,97798.5412808613,9429,2019,3,0.057553437092257,1507583.38135395,1890946.61865603
UF,12,838370.00000061,22389.0566508915,10755,2019,3,0.026705460179724,794488.255317036,882251.744684185
UF,13,3913804.00000094,116558.909800443,16736,2019,3,0.0297814887512033,3685352.73471482,4142255.26528706
UF,14,537724.00000056,25120.6728549063,6522,2019,3,0.0467166666447473,488488.385937531,586959.614063589
UF,15,8358352.00000693,182766.443030503,20409,2019,3,0.0218663252074513,8000136.35408465,8716567.64592921
UF,16,771031.00000097,57120.8167877026,5216,2019,3,0.0740836837787724,659076.256329562,882985.743672378
UF,17,1509712.00000186,48102.8723299544,8096,2019,3,0.0318622838858637,1415432.10268222,1603991.8973215
UF,21,6901120.0000022,114341.983319483,37730,2019,3,0.0165686125323783,6677013.83077513,7125226.16922927
UF,22,3318961.00000067,102560.041435138,12933,2019,3,0.0309012493473462,3117947.01253486,3519974.98746648
UF,23,9018762.00000516,175436.768823704,28824,2019,3,0.0194524224969684,8674912.25154662,9362611.7484637
UF,24,3391139.00000689,109281.104851627,11503,2019,3,0.0322254867321586,3176951.97030695,3605326.02970683
UF,25,4015026.00000144,87753.6094774854,14464,2019,3,0.0218562991814882,3843032.08591218,4187019.9140907
UF,26,9335385.00000463,229903.405523278,22372,2019,3,0.0246270941716023,8884782.6052559,9785987.39475336
UF,27,3198702.00001215,66048.3258556286,20999,2019,3,0.0206484773684381,3069249.66009595,3328154.33992835
UF,28,2240565.00000025,52697.7011970744,10496,2019,3,0.0235198270066115,2137279.40358593,2343850.59641457
UF,29,14665132.0000037,267606.852801197,26951,2019,3,0.0182478311685929,14140632.2064973,15189631.7935102
UF,31,20900127.0002129,293775.497655649,40412,2019,3,0.0140561584938051,20324337.6052675,21475916.3951583
UF,32,3964778.00000085,88276.6696760806,20316,2019,3,0.0222652238476055,3791758.90676059,4137797.09324111
UF,33,17157789.000013,232649.670520811,38615,2019,3,0.0135594201864025,16701804.0247771,17613773.9752489
UF,35,45248077.0000158,808297.111817612,42952,2019,3,0.0178636787551729,43663843.7720456,46832310.2279861
UF,41,11452094.0000055,218100.367077129,28953,2019,3,0.0190445840801712,11024625.1355194,11879562.8644916
UF,42,7405588.00000584,109226.371547433,32959,2019,3,0.0147491828531843,7191508.24561088,7619667.7544008
UF,43,11167232.0000044,208729.744196444,28512,2019,3,0.0186912696177854,10758129.2188771,11576334.7811317
UF,50,2707851.00000245,63157.4159843574,12009,2019,3,0.0233238150785624,2584064.7393165,2831637.2606884
UF,51,3508534.00000387,96353.1901126353,13615,2019,3,0.027462521415648,3319685.21758756,3697382.78242018
UF,52,6977126.0003122,139513.010427223,18402,2019,3,0.019995770525139,6703685.52450008,7250566.47612432
UF,53,2897218.00000019,95486.2807939472,10047,2019,3,0.0329579205962205,2710068.32862637,3084367.67137401
region,Central-West,16090729.0003187,204583.250382405,54073,2019,3,0.0127143556005668,15689753.1977291,16491704.8029084
region,North,17628258.0000169,251521.567520243,77163,2019,3,0.0142680897636058,17135284.7863421,18121231.2136916
region,Northeast,56084792.0000371,453455.840799279,186272,2019,3,0.00808518360554817,55196034.8834912,56973549.116583
region,South,30024914.0000158,321039.369038922,90424,2019,3,0.0106924325924382,29395688.39908,30654139.6009515
region,Southeast,87270771.0002426,895302.688255799,142295,2019,3,0.010258906596039,85516009.9759993,89025532.0244858
Brazil,Brazil,207386528.000716,1120446.1670097,542802,2019,4,0.00540269504394145,205190493.866762,209582562.134671
UF,11,1701540.00000982,106680.755586451,9274,2019,4,0.0626965899043429,1492449.56121686,1910630.43880278
UF,12,839859.00000081,21666.7153153393,10386,2019,4,0.0257980390938459,797393.018319463,882324.981682157
UF,13,3925581.00000055,121087.352701191,16278,2019,4,0.0308457149912775,3688254.14972292,4162907.85027818
UF,14,542131.00000044,23873.5620451365,6275,2019,4,0.0440365189319871,495339.67820929,588922.32179159
UF,15,8373560.00000916,188145.34273586,19886,2019,4,0.0224689788734605,8004801.90438793,8742318.09563039
UF,16,772635.00000114,59719.2262729118,5098,2019,4,0.077292934274041,655587.467321635,889682.532680645
UF,17,1512634.00000208,44649.5490019223,7788,2019,4,0.0295177478503464,1425122.49203236,1600145.5079718
UF,21,6906092.00000331,115448.693574526,36744,2019,4,0.0167169353629333,6679816.71853504,7132367.28147158
UF,22,3322204.0000006,104580.990122948,12893,2019,4,0.0314794004591315,3117229.02589208,3527178.97410912
UF,23,9030134.00000367,182283.669263072,28481,2019,4,0.0201861533021546,8672864.57327824,9387403.4267291
UF,24,3394795.00001092,107718.559248016,11169,2019,4,0.0317305048604318,3183670.50341826,3605919.49660358
UF,25,4020801.00000213,88217.853880003,14418,2019,4,0.0219403680709282,3847897.18360391,4193704.81640035
UF,26,9344694.00000659,234523.438423562,22004,2019,4,0.0250969628779066,8885036.50716591,9804351.49284727
UF,27,3199819.00000183,69746.7180304279,20817,2019,4,0.0217970822819628,3063117.94462232,3336520.05538134
UF,28,2243706.00000022,53238.3580046548,10442,2019,4,0.0237278672003594,2139360.73571505,2348051.26428539
UF,29,14675470.0000061,270904.087631626,26634,2019,4,0.0184596532602713,14144507.7449834,15206432.2550288
UF,31,20924363.0003304,298375.9066855,39953,2019,4,0.0142597366849728,20339556.9693723,21509169.0312885
UF,32,3972446.00000133,73087.3612282458,20270,2019,4,0.0183985789179315,3829197.4042689,4115694.59573376
UF,33,17165720.0000147,228611.687427152,38547,2019,4,0.0133179201004651,16717649.3262126,17613790.6738169
UF,35,45298842.0000171,825945.444068896,42568,2019,4,0.0182332573549801,43680018.6764471,46917665.3235871
UF,41,11472210.0000078,227185.722277781,28878,2019,4,0.0198031349040531,11026934.1665416,11917485.833474
UF,42,7437899.00000425,109758.026147708,32873,2019,4,0.0147565900192575,7222777.22174054,7653020.77826796
UF,43,11171945.0000034,191156.844905531,28244,2019,4,0.0171104355513272,10797284.4685903,11546605.5314166
UF,50,2714624.00000005,59900.6311950887,11825,2019,4,0.0220659034897973,2597220.92020646,2832027.07979364
UF,51,3522733.00000273,99747.4324940164,13155,2019,4,0.0283153541565424,3327231.62476412,3718234.37524134
UF,52,6997597.00027361,146163.925753401,18053,2019,4,0.0208877312808506,6711120.96995796,7284073.03058926
UF,53,2902494.00000168,102318.561062822,9849,2019,4,0.0352519457620802,2701953.30536859,3103034.69463477
region,Central-West,16137448.0002781,213003.795826109,52882,2019,4,0.013199348237865,15719968.2318886,16554927.7686676
region,North,17667940.000024,260846.626046537,74985,2019,4,0.0147638392504267,17156690.007484,18179189.992564
region,Northeast,56137715.0000354,461484.337196198,183602,2019,4,0.00822057572517703,55233222.3197015,57042207.6803693
region,South,30082054.0000155,316545.598713606,89995,2019,4,0.0105227388632918,29461636.0270721,30702471.9729588
region,Southeast,87361371.0003636,910395.037479971,141338,2019,4,0.0104210250715523,85577029.5151988,89145712.4855283
Brazil,Brazil,207669673.000696,1177699.2890584,487937,2020,1,0.00567102202281817,205361424.809523,209977921.191869
UF,11,1703765.00000167,112744.542670941,8189,2020,1,0.0661737637942033,1482789.75691319,1924740.24309015
UF,12,841308.00000047,29772.3433453653,9396,2020,1,0.0353881614644681,782955.279308193,899660.720692747
UF,13,3937252.00000247,120043.792260842,14137,2020,1,0.0304892326578962,3701970.49060361,4172533.50940133
UF,14,546577.00000038,27371.2868277263,5645,2020,1,0.0500776410783975,492930.263607521,600223.736393239
UF,15,8388575.00000757,207321.221962826,17840,2020,1,0.0247147128043367,7982232.8717296,8794917.12828554
UF,16,774201.0000073,55956.6512138301,4668,2020,1,0.0722766454878029,664527.978932724,883874.021081877
UF,17,1515531.0000014,47007.1145743426,7011,2020,1,0.0310169271194711,1423398.74841854,1607663.25158426
UF,21,6910891.00001255,120488.415330375,33223,2020,1,0.0174345703513709,6674738.04541071,7147043.95461439
UF,22,3325411.00000163,123730.761471418,11225,2020,1,0.0372076598866598,3082903.16373793,3567918.83626532
UF,23,9041379.00000287,215026.431255422,24692,2020,1,0.0237824817713485,8619934.93901806,9462823.06098768
UF,24,3398378.00000558,112424.110591951,9905,2020,1,0.0330816967952849,3178030.79225141,3618725.20775975
UF,25,4026531.00000258,103160.092663197,12965,2020,1,0.0256200915038606,3824340.9337409,4228721.06626426
UF,26,9353824.00000794,211273.396299865,19349,2020,1,0.0225868475074671,8939735.75236875,9767912.24764713
UF,27,3200886.00000244,86091.0238018907,17860,2020,1,0.026895998108594,3032150.69395855,3369621.30604633
UF,28,2246793.00000191,81736.2394326395,9550,2020,1,0.036379069826446,2086592.91448219,2406993.08552163
UF,29,14685616.0000058,272281.271614903,23452,2020,1,0.0185406776000949,14151954.5139758,15219277.4860358
UF,31,20948298.0001487,301313.004150329,37546,2020,1,0.0143836508411419,20357735.3639405,21538860.6363569
UF,32,3980044.00000324,96345.1634006954,18101,2020,1,0.0242070598718549,3791210.94965325,4168877.05035323
UF,33,17173274.0000295,298419.192611818,34868,2020,1,0.017376954016532,16588383.1302149,17758164.8698442
UF,35,45348339.0000194,857649.332477955,38468,2020,1,0.0189124751069182,43667377.1969977,47029300.803041
UF,41,11492167.0000136,217019.419671426,25839,2020,1,0.0188841164308845,11066816.7535119,11917517.2465154
UF,42,7470264.00000623,124823.164409767,29612,2020,1,0.016709337770347,7225615.09332676,7714912.9066857
UF,43,11176433.0000054,202438.798661533,25719,2020,1,0.0181130060602908,10779660.2455553,11573205.7544556
UF,50,2721338.00000131,60922.6889921931,10682,2020,1,0.0223870349777072,2601931.72373528,2840744.27626734
UF,51,3536963.00000418,97053.9911645972,12575,2020,1,0.0274399226580777,3346740.6727657,3727185.32724266
UF,52,7017954.00039951,154472.604120692,16643,2020,1,0.0220110596495644,6715193.25972484,7320714.74107418
UF,53,2907681.00000066,111103.987863506,8777,2020,1,0.0382105147928815,2689921.18524941,3125440.81475191
region,Central-West,16183936.0004057,222119.185974601,48677,2020,1,0.0137246703131447,15748590.3956201,16619281.6051912
region,North,17707209.0000213,277633.442591405,66886,2020,1,0.0156791193118617,17163057.4516382,18251360.5484043
region,Northeast,56189709.0000433,481882.067662194,162221,2020,1,0.00857598439710414,55245237.5026297,57134180.4974569
region,South,30138864.0000253,321962.292965054,81170,2020,1,0.010682628680523,29507829.5014339,30769898.4986167
region,Southeast,87449955.0002008,961607.14899577,128983,2020,1,0.0109960851208393,85565239.6208929,89334670.3795088
Brazil,Brazil,207942967.000589,1261342.31340655,369156,2020,2,0.00606580896483498,205470781.494135,210415152.507042
UF,11,1705895.00000591,113593.797984436,6133,2020,2,0.0665889741068723,1483255.2470893,1928534.75292252
UF,12,842692.00000118,36284.9612330432,6415,2020,2,0.0430583905305763,771574.782803983,913809.217198377
UF,13,3948572.00000527,117595.191084242,10390,2020,2,0.0297817011020908,3718089.66072505,4179054.33928549
UF,14,550959.00000113,27469.7789008131,5544,2020,2,0.0498581181190557,497119.222692258,604798.777310002
UF,15,8403098.00001607,232823.742419136,11757,2020,2,0.0277068936264566,7946771.85012873,8859424.14990341
UF,16,775694.00000479,59648.2420438486,3979,2020,2,0.076896613926987,658785.593857719,892602.406151861
UF,17,1518328.00000437,67166.7463190244,5278,2020,2,0.0442373099348962,1386683.59626034,1649972.4037484
UF,21,6915424.00001724,158713.801312167,21380,2020,2,0.0229506970666978,6604350.66559595,7226497.33443853
UF,22,3328505.00000545,108167.287470128,8656,2020,2,0.0324972585199513,3116501.01225861,3540508.98775229
UF,23,9052262.00001378,261368.984238675,15819,2020,2,0.0288733340062712,8539988.20423016,9564535.7957974
UF,24,3401822.0000068,153386.662676539,7145,2020,2,0.045089561616167,3101189.66545199,3702454.33456161
UF,25,4032108.00000605,122804.669787662,8593,2020,2,0.0304566915835284,3791415.2700889,4272800.7299232
UF,26,9362586.00001927,208129.854673355,15309,2020,2,0.0222299538474655,8954658.98075194,9770513.0192866
UF,27,3201884.00000511,76939.7038115841,14374,2020,2,0.0240295100670297,3051084.95155323,3352683.04845699
UF,28,2249763.00000332,68072.2907707861,6943,2020,2,0.0302575385810353,2116343.76174744,2383182.2382592
UF,29,14695319.0000211,300778.356884648,16456,2020,2,0.0204676303307344,14105804.253198,15284833.7468441
UF,31,20971455.0001297,317336.827066415,35597,2020,2,0.0151318459813328,20349486.2481114,21593423.7521481
UF,32,3987411.0000082,92834.4901943745,12696,2020,2,0.023281896497297,3805458.74270409,4169363.25731231
UF,33,17180275.0000505,299590.801511992,25772,2020,2,0.0174380678720866,16593087.8189875,17767462.1811135
UF,35,45395542.0000658,908906.474343496,31992,2020,2,0.0200219324254831,43614118.0450372,47176965.9550943
UF,41,11511534.0000258,246150.809534998,18948,2020,2,0.0213829720291358,11029087.2785719,11993980.7214798
UF,42,7501980.00001615,133485.351862742,22548,2020,2,0.0177933494707336,7240353.51790152,7763606.48213078
UF,43,11180625.0000172,218687.948355246,20940,2020,2,0.0195595459426382,10752004.4973879,11609245.5026464
UF,50,2727847.00000518,69007.191841927,8114,2020,2,0.025297310238366,2592595.38932076,2863098.6106896
UF,51,3550921.0000125,108997.379863934,9380,2020,2,0.0306955237425869,3337290.06106996,3764551.93895504
UF,52,7037798.00011636,166745.471046296,12995,2020,2,0.0236928469733771,6710982.88228045,7364613.11795227
UF,53,2912668.0000044,126383.511950987,6003,2020,2,0.0433909776022518,2664960.86834078,3160375.13166802
region,Central-West,16229234.0001384,245803.306630785,36492,2020,2,0.0151457121530621,15747468.3718612,16710999.6284156
region,North,17745238.0000387,301724.406519332,49496,2020,2,0.0170031197394294,17153869.0300041,18336606.9700733
region,Northeast,56239673.0000981,536797.582992174,114675,2020,2,0.00954482048626489,55187569.0704453,57291776.9297509
region,South,30194139.0000592,355292.807346956,62436,2020,2,0.0117669461396551,29497777.893693,30890500.1064253
region,Southeast,87534683.0002542,1012514.95388283,106057,2020,2,0.0115670145727253,85550190.1568356,89519175.8436728
Brazil,Brazil,208218462.00418,1175053.82779706,368210,2020,3,0.0056433700282229,205915398.821801,210521525.186558
UF,11,1708023.00007947,114251.638916215,6260,2020,3,0.0668911594931091,1484093.90262901,1931952.09752993
UF,12,844064.00001673,33383.3084640354,6221,2020,3,0.0395506839094828,778633.91774243,909494.082291031
UF,13,3960043.00006059,106570.693514397,11119,2020,3,0.0269114990702794,3751168.27896492,4168917.72115626
UF,14,555473.00001066,28284.1924081681,5264,2020,3,0.0509191129139046,500037.001558849,610908.998462471
UF,15,8417734.00019178,247160.214057972,12806,2020,3,0.02936184655542,7933308.88222694,8902159.11815661
UF,16,777183.00002401,63419.0872796116,3830,2020,3,0.0816012281247175,652883.873023569,901482.127024451
UF,17,1521159.0000313,73852.916373306,4926,2020,3,0.0485504252821607,1376409.94378637,1665908.05627623
UF,21,6919906.00013673,132083.375664877,25183,2020,3,0.0190874522951998,6661027.3408771,7178784.65939636
UF,22,3331627.00004361,109861.554769809,8905,2020,3,0.0329753465103898,3116302.30940921,3546951.69067801
UF,23,9063266.00015183,207538.172242515,17758,2020,3,0.022898828329549,8656498.65713923,9470033.34316443
UF,24,3405266.00007371,110145.428907186,7320,2020,3,0.0323456167314983,3189384.92635391,3621147.07379351
UF,25,4037774.00006854,118291.013715378,8553,2020,3,0.0292960957481449,3805927.87349167,4269620.12664541
UF,26,9371371.00021294,218104.447668617,15054,2020,3,0.0232734834277355,8943894.13791445,9798847.86251143
UF,27,3202858.00005372,73652.5920338465,14489,2020,3,0.0229958967998616,3058501.57229936,3347214.42780808
UF,28,2252737.00003693,69914.7560249781,6515,2020,3,0.0310354719720198,2115706.59624007,2389767.40383379
UF,29,14705047.0002112,307061.881883323,16800,2020,3,0.0208813941144773,14103216.7706948,15306877.2297276
UF,31,20994849.0006227,365961.464736013,35771,2020,3,0.0174310119937113,20277577.7100106,21712120.2912348
UF,32,3994859.00007081,88425.8662361202,12518,2020,3,0.0221349154587316,3821547.48694626,4168170.51319536
UF,33,17187063.0003779,302276.277364592,24365,2020,3,0.0175874305783336,16594612.3833625,17779513.6173933
UF,35,45442546.0007093,784900.062672479,29204,2020,3,0.0172723610745804,43904170.146408,46980921.8550106
UF,41,11531146.000177,259754.993175086,17746,2020,3,0.022526381434343,11022035.5687494,12040256.4316046
UF,42,7534453.00016233,141843.115579439,20844,2020,3,0.0188259340892276,7256445.60217168,7812460.39815298
UF,43,11184691.0002043,209292.566803742,20543,2020,3,0.0187124138521055,10774485.107037,11594896.8933716
UF,50,2734441.00005418,70506.3970262841,7665,2020,3,0.025784574260292,2596251.00120298,2872630.99890538
UF,51,3565228.0001047,113327.649032797,9418,2020,3,0.03178692892277,3343109.88954782,3787346.11066158
UF,52,7057975.00024265,153869.152915953,12635,2020,3,0.0218007506275756,6756397.0021957,7359552.9982896
UF,53,2917680.00004995,105901.912115492,6498,2020,3,0.0362966165287761,2710116.06640966,3125243.93369024
region,Central-West,16275324.0004515,229576.216681344,36216,2020,3,0.0141057847250829,15825362.8840491,16725285.1168539
region,North,17783679.0004145,311243.519082022,50426,2020,3,0.0175016383884778,17173652.9125923,18393705.0882368
region,Northeast,56289852.0009892,500881.002372907,120577,2020,3,0.00889824692315953,55308143.275798,57271560.7261804
region,South,30250290.0005436,362235.534764972,59133,2020,3,0.0119746136238186,29540321.3984837,30960258.6026036
region,Southeast,87619317.0017808,921512.877681041,101858,2020,3,0.010517234203758,85813184.9502361,89425449.0533255
Brazil,Brazil,208490099.017056,1198950.81359263,335566,2020,4,0.0057506366932779,206140198.60318,210839999.430933
UF,11,1710107.00026898,109872.445036905,5892,2020,4,0.0642488715733128,1494760.96510329,1925453.03543467
UF,12,845403.00007944,35860.5833352073,6315,2020,4,0.0424183298756186,775117.548277837,915688.451881044
UF,13,3971418.00026723,109332.264473622,10635,2020,4,0.0275297801607047,3757130.69955072,4185705.30098374
UF,14,560024.0000457,28506.7469168715,4402,2020,4,0.0509027236592454,504151.802772234,615896.197319166
UF,15,8432195.00083354,238949.105295043,11959,2020,4,0.0283377110315194,7963863.36031719,8900526.64134989
UF,16,778635.00009659,59455.6616362551,3548,2020,4,0.0763588351780739,662104.04461253,895165.95558065
UF,17,1523972.00020223,83424.1303036629,3979,2020,4,0.0547412487188692,1360463.70936547,1687480.29103899
UF,21,6924216.00061349,186131.23348998,22685,2020,4,0.0268811997594368,6559405.48657511,7289026.51465187
UF,22,3334706.0002273,125642.326776772,7412,2020,4,0.0376771825666816,3088451.56481101,3580960.43564359
UF,23,9074140.00063835,234586.302292788,16213,2020,4,0.025852180181955,8614359.29687806,9533920.70439864
UF,24,3408632.00032652,117647.335966646,5409,2020,4,0.0345145313296877,3178047.45895481,3639216.54169823
UF,25,4043394.0003303,150600.261011869,7960,2020,4,0.0372460019972249,3748222.9126847,4338565.0879759
UF,26,9379989.00093132,207458.636076711,14952,2020,4,0.0221171513160743,8973377.54593917,9786600.45592347
UF,27,3203783.00023957,76715.3015828561,12654,2020,4,0.0239452239983543,3053423.77207404,3354142.2284051
UF,28,2255667.00017435,79093.5750169182,5477,2020,4,0.0350643845083537,2100646.44173267,2410687.55861603
UF,29,14714557.0010073,281792.980826781,15990,2020,4,0.0191506262001289,14162252.9074906,15266861.094524
UF,31,21017961.0015722,382414.694594105,33510,2020,4,0.0181946619163248,20268441.9730089,21767480.0301355
UF,32,4002237.00033051,91391.950711489,11515,2020,4,0.022835217080833,3823112.06845913,4181361.93220189
UF,33,17193477.0015008,302746.478331076,21526,2020,4,0.0176082172503357,16600104.8075255,17786849.195476
UF,35,45488316.0031386,788081.829445086,25919,2020,4,0.0173249286562006,43943704.0005558,47032928.0057214
UF,41,11550596.0007883,278293.615129956,15907,2020,4,0.0240934420276636,11005150.5380061,12096041.4635705
UF,42,7566951.00068324,161887.029873615,17840,2020,4,0.0213939577326453,7249658.25256679,7884243.74879969
UF,43,11188542.0008594,203260.096334245,19645,2020,4,0.018166808179174,10790159.5325502,11586924.4691687
UF,50,2740975.00026895,77779.8606176137,7295,2020,4,0.0283767128886552,2588529.27473588,2893420.72580202
UF,51,3579557.00047814,114026.892395298,8987,2020,4,0.0318550290944011,3356068.39811433,3803045.60284195
UF,52,7078045.00093821,159969.415636107,11564,2020,4,0.0226007909832309,6764510.70766352,7391579.2942129
UF,53,2922604.00021564,104946.597228202,6376,2020,4,0.0359085928919752,2716912.44934833,3128295.55108295
region,Central-West,16321181.0019009,235914.902275715,34222,2020,4,0.0144545239862384,15858796.2900243,16783565.7137776
region,North,17821754.0017937,306095.203714043,46730,2020,4,0.0171753691406152,17221818.4266737,18421689.5769137
region,Northeast,56339084.0044885,525899.513871837,108752,2020,4,0.00933454143184045,55308339.8978126,57369828.1111644
region,South,30306089.002331,380414.958549782,53392,2020,4,0.0125524266268908,29560489.3843931,31051688.6202688
region,Southeast,87701991.0065421,931301.179715636,92470,2020,4,0.0106189285901863,85876674.2355398,89527307.7775444
Brazil,Brazil,208757908.04246,1233293.36531336,319898,2021,1,0.00590776836613306,206340697.464074,211175118.620846
UF,11,1712142.00043356,109329.972326601,6252,2021,1,0.0638556686880622,1497859.19224266,1926424.80862446
UF,12,846701.00026017,32785.3130911805,6061,2021,1,0.0387212405336789,782442.967379587,910959.033140754
UF,13,3982685.00069983,129899.915092195,10912,2021,1,0.0326161659958969,3728085.84552432,4237284.15587534
UF,14,564602.0001203,32956.7790191393,4118,2021,1,0.0583717007947495,500007.900196342,629196.100044258
UF,15,8446464.00220995,251195.45002584,11498,2021,1,0.0297397171124055,7954129.96707897,8938798.03734093
UF,16,780050.00026049,66392.0965591454,3354,2021,1,0.0851126165463424,649923.88214646,910176.118374521
UF,17,1526751.00040143,84328.5517827974,3601,2021,1,0.0552339915026254,1361470.07603873,1692031.92476413
UF,21,6928374.0013467,187539.557908867,21711,2021,1,0.0270683363618093,6560803.22216876,7295944.78052464
UF,22,3337735.00063206,107291.716533199,7043,2021,1,0.0321450673923727,3127447.10038751,3548022.90087661
UF,23,9084891.00194491,210434.520673581,14998,2021,1,0.023163131030249,8672446.92032074,9497335.08356908
UF,24,3411932.00081726,130287.67279257,5353,2021,1,0.0381858937286446,3156572.85451429,3667291.14712024
UF,25,4048973.00093121,133416.020485827,8310,2021,1,0.03295058288982,3787482.40581833,4310463.59604409
UF,26,9388431.00210946,219186.874270953,14539,2021,1,0.0233464861404109,8958832.62265448,9818029.38156444
UF,27,3204670.00070394,87978.7599170848,12266,2021,1,0.027453297811556,3032234.79986196,3377105.20154592
UF,28,2258549.00045903,78427.0530151647,5745,2021,1,0.0347245302179519,2104834.80113569,2412263.19978237
UF,29,14723873.0027495,347944.234737623,15225,2021,1,0.0236312982781533,14041914.8340354,15405831.1714636
UF,31,21040797.0043072,402410.569581379,32207,2021,1,0.0191252531688321,20252086.7809295,21829507.227685
UF,32,4009535.000826,92939.7276200287,11507,2021,1,0.023179677344351,3827376.48195778,4191693.51969422
UF,33,17199516.0032632,340301.282366113,17557,2021,1,0.0197855150285363,16532537.7459328,17866494.2605935
UF,35,45532877.0076771,781579.695133947,24763,2021,1,0.0171651726510093,44001008.9541668,47064745.0611874
UF,41,11569864.0021479,291952.588069919,13277,2021,1,0.0252338824393891,10997647.4443376,12142080.5599582
UF,42,7599495.00176113,165431.287554607,19117,2021,1,0.0217687211474275,7275255.63623801,7923734.36728425
UF,43,11192185.0022844,207563.719805296,18185,2021,1,0.0185454153735782,10785367.5869688,11599002.4175999
UF,50,2747451.00067181,69272.3873414095,6622,2021,1,0.025213329491398,2611679.61635954,2883222.38498408
UF,51,3593909.0010964,129813.076399196,8104,2021,1,0.0361203014209857,3339480.04663163,3848337.95556117
UF,52,7098013.00182177,157569.539401444,11084,2021,1,0.0221991054906496,6789182.37953438,7406843.62410917
UF,53,2927443.00052336,95535.820483473,6489,2021,1,0.0326345621302937,2740196.23314227,3114689.76790445
region,Central-West,16366816.0041133,235807.869238571,32299,2021,1,0.0144076813217249,15904641.0731346,16828990.9350921
region,North,17859395.0043857,324969.209836097,45796,2021,1,0.0181959808692453,17222467.0570225,18496322.9517489
region,Northeast,56387428.0116941,555642.99608058,105190,2021,1,0.00985402270813533,55298387.7511142,57476468.272274
region,South,30361544.0061934,395123.540822298,50579,2021,1,0.0130139475364526,29587116.0967377,31135971.915649
region,Southeast,87782725.0160735,946381.638284361,86034,2021,1,0.0107809553429912,85927851.0894061,89637598.9427408
Brazil,Brazil,209013375.075902,1177643.13908113,356239,2021,2,0.00563429559784618,206705236.936663,211321513.215142
UF,11,1714064.00071353,123557.834509749,6878,2021,2,0.0720847263919636,1471895.09506666,1956232.9063604
UF,12,847924.00042075,28110.4132095563,6679,2021,2,0.033152043338327,792828.602939481,903019.397902019
UF,13,3993500.00124242,126891.309066001,11495,2021,2,0.0317744607553585,3744797.60552192,4242202.39696292
UF,14,569062.00020916,32845.7374424983,4103,2021,2,0.0577190840900039,504685.537776205,633438.462642116
UF,15,8460103.00452768,228150.474624547,12162,2021,2,0.0269678128626147,8012936.29120785,8907269.71784751
UF,16,781380.0003889,68410.6530670721,3405,2021,2,0.0875510673846572,647297.584218574,915462.416559226
UF,17,1529409.00120705,71767.9264219846,4307,2021,2,0.0469252674499388,1388746.45017484,1670071.55223926
UF,21,6932248.00254932,169127.3583742,23277,2021,2,0.0243971880855971,6600764.47133549,7263731.53376315
UF,22,3340627.00100946,101145.536284567,8328,2021,2,0.0302774108734686,3142385.39269472,3538868.6093242
UF,23,9095169.00343916,190433.087385482,17061,2021,2,0.0209378283474968,8721927.01069885,9468410.99617947
UF,24,3415062.00137996,110288.830887063,6859,2021,2,0.0322948253479723,3198899.86494429,3631224.13781563
UF,25,4054323.00135697,141874.477196047,9250,2021,2,0.0349933829022901,3776254.13572727,4332391.86698667
UF,26,9396447.00346359,225067.9929717,14563,2021,2,0.023952457017928,8955321.84316634,9837572.16376084
UF,27,3205475.00114948,73367.9045018241,13165,2021,2,0.022888309681253,3061676.55070473,3349273.45159423
UF,28,2261286.00076548,62968.0299846104,6385,2021,2,0.0278461149820477,2137870.92981821,2384701.07171275
UF,29,14732687.0047162,358331.288322385,16977,2021,2,0.0243221951438781,14030370.5850705,15435003.4243619
UF,31,21062618.0075592,407559.086741466,33628,2021,2,0.0193498779019396,20263816.8759739,21861419.1391445
UF,32,4016533.0014594,91600.5857228132,12538,2021,2,0.0228058840023299,3836999.15247991,4196066.85043889
UF,33,17205023.0062791,318059.192746187,18750,2021,2,0.0184864148469961,16581638.4435447,17828407.5690135
UF,35,45574817.0142237,740772.648600357,27998,2021,2,0.016253990627525,44122929.3022347,47026704.7262128
UF,41,11588335.0041824,240294.114654728,21152,2021,2,0.0207358619308125,11117367.1937622,12059302.8146026
UF,42,7631002.00312763,156462.122613059,21792,2021,2,0.0205034833628575,7324341.87786134,7937662.12839392
UF,43,11195516.0037689,198745.471929749,20314,2021,2,0.0177522386518712,10805982.0366962,11585049.9708416
UF,50,2753657.00118127,71801.7113110562,7418,2021,2,0.0260750381330189,2612928.23298326,2894385.76937928
UF,51,3607828.00181637,124511.35897089,8786,2021,2,0.0345114453649688,3363790.22256729,3851865.78106545
UF,52,7117237.00297714,151818.637192859,11915,2021,2,0.0213311200862573,6819677.94189718,7414796.0640571
UF,53,2932043.00078788,83560.2681787449,7054,2021,2,0.0284989913709625,2768267.88461903,3095818.11695673
region,Central-West,16410765.0067627,225143.912369788,35173,2021,2,0.0137192819638213,15969491.0471794,16852038.9663459
region,North,17895442.0087095,308454.453603121,49029,2021,2,0.0172364814153794,17290882.3887764,18500001.6286426
region,Northeast,56433324.0198296,543871.283478364,115865,2021,2,0.00963741358363468,55367355.8919865,57499292.1476728
region,South,30414853.011079,348885.969856717,63258,2021,2,0.011470907642711,29731049.0754485,31098656.9467095
region,Southeast,87858991.0295214,907530.91170514,92914,2021,2,0.0103294028427916,86080263.1277226,89637718.9313203
Brazil,Brazil,209273750.044357,1114844.43640098,434822,2021,3,0.00532720628442258,207088695.100647,211458804.988068
UF,11,1716008.00039581,58200.3830063591,7656,2021,3,0.0339161489881951,1601937.34581691,1830078.65497471
UF,12,849154.00025771,22788.7933201366,8772,2021,3,0.0268370558381877,804488.786099115,893819.214416305
UF,13,4004572.0006002,122251.313979017,13669,2021,3,0.0305279350603994,3764963.82813863,4244180.17306177
UF,14,573700.00010215,28892.3475693851,5198,2021,3,0.0503614215866143,517072.039437342,630327.960766958
UF,15,8474020.00356938,206879.726856853,15380,2021,3,0.0244134102550752,8068543.18979846,8879496.8173403
UF,16,782724.00030615,47071.3580613138,4051,2021,3,0.0601378749634643,690465.833802586,874982.166809714
UF,17,1532130.00071247,52308.7004040571,6045,2021,3,0.0341411632039922,1429606.83184242,1634653.16958252
UF,21,6936098.00117223,178670.887300854,28981,2021,3,0.0257595678824979,6585909.49697674,7286286.50536772
UF,22,3343592.00053942,105585.123128301,9860,2021,3,0.0315783513991143,3136648.96190472,3550535.03917412
UF,23,9105683.00179915,171916.530475645,21007,2021,3,0.018880135673697,8768732.7937198,9442633.20987849
UF,24,3418231.00087368,110496.411930422,8850,2021,3,0.0323256128395593,3201662.01306915,3634799.98867821
UF,25,4059825.00067756,137548.207246519,10953,2021,3,0.033880329133291,3790235.46833633,4329414.53301879
UF,26,9404565.00179977,206753.598945965,17920,2021,3,0.0219843872530413,8999335.39419164,9809794.6094079
UF,27,3206273.00057479,71991.6405316647,17564,2021,3,0.0224533720362423,3065171.97794477,3347374.02320481
UF,28,2264072.00036513,63993.5507358768,7453,2021,3,0.0282648037366111,2138646.94567997,2389497.05505029
UF,29,14741603.0024354,356443.063138206,21584,2021,3,0.0241793964387265,14042987.4361454,15440218.5687254
UF,31,21084872.0038458,380652.507984338,35196,2021,3,0.0180533468694953,20338806.7975717,21830937.21012
UF,32,4023695.00077534,84428.7877004174,14991,2021,3,0.0209828994702999,3858217.61762414,4189172.38392654
UF,33,17210360.0076054,263060.381990029,27237,2021,3,0.0152850017009395,16694771.1331455,17725948.8820652
UF,35,45617025.0066486,719374.587493509,34206,2021,3,0.0157698707311286,44207076.723768,47026973.2895292
UF,41,11607252.002084,232166.101262491,25232,2021,3,0.0200018144881155,11152214.8051784,12062289.1989896
UF,42,7663575.00158974,144447.736545373,26457,2021,3,0.0188486100175713,7380462.64031248,7946687.362867
UF,43,11198734.0017946,182016.87345182,23055,2021,3,0.0162533437639159,10841987.4852504,11555480.5183387
UF,50,2760013.00066007,66467.4851187358,9742,2021,3,0.0240823087075459,2629739.1236844,2890286.87763574
UF,51,3622232.00098588,111284.417323923,11271,2021,3,0.0307226089586846,3404118.55099047,3840345.45098129
UF,52,7137027.0017489,151523.1526268,14364,2021,3,0.0212305701785449,6840047.07977641,7434006.92372139
UF,53,2936715.00043817,78897.7698704088,8128,2021,3,0.0268659947794175,2782078.21303164,3091351.7878447
region,Central-West,16455987.003833,214444.099917957,43505,2021,3,0.0130313727075749,16035684.2912967,16876289.7163693
region,North,17932308.0059439,259688.081114257,60771,2021,3,0.0144815759927936,17423328.7197456,18441287.2921421
region,Northeast,56479942.0102371,531819.934555473,144172,2021,3,0.00941608499631743,55437594.092248,57522289.9282263
region,South,30469561.0054683,328475.858153507,74744,2021,3,0.0107804591636406,29825760.1536966,31113361.8572401
region,Southeast,87935952.0188751,859491.19467946,111630,2021,3,0.00977405912993326,86251380.2322741,89620523.8054762
Brazil,Brazil,209530328.012653,1111475.12287997,461795,2021,4,0.00530460260059754,207351876.802096,211708779.22321
UF,11,1717906.0001188,60328.892745261,7836,2021,4,0.0351176913877063,1599663.54311091,1836148.45712669
UF,12,850346.00006655,22190.8454268854,9450,2021,4,0.0260962542602055,806852.742243359,893839.257889741
UF,13,4015556.00014541,119112.456040489,14626,2021,4,0.0296627555526995,3782099.87619594,4249012.12409488
UF,14,578361.00002783,28853.0541972676,5463,2021,4,0.0498876207003571,521810.052957203,634911.947098457
UF,15,8487754.00082761,243985.768084572,16676,2021,4,0.0287456219938493,8009550.68264151,8965957.31901372
UF,16,784035.00030767,42231.3002268852,4233,2021,4,0.0538640497048127,701263.172842677,866806.827772663
UF,17,1534822.00017686,47303.1352778121,6614,2021,4,0.0308199486796262,1442109.55867652,1627534.4416772
UF,21,6939803.00030394,167386.381151196,29750,2021,4,0.0241197597603081,6611731.7217451,7267874.27886278
UF,22,3346501.00014495,106835.433895379,10606,2021,4,0.0319245187408435,3137107.3974373,3555894.6028526
UF,23,9116051.00051029,152930.670311814,22531,2021,4,0.0167759779210596,8816312.39456757,9415789.60645301
UF,24,3421325.00030679,101794.586090997,9316,2021,4,0.0297529717527183,3221811.27774727,3620838.72286631
UF,25,4065285.00018294,127589.783898291,12576,2021,4,0.0313852002731788,3815213.61894704,4315356.38141884
UF,26,9412510.00052282,227386.307670252,18812,2021,4,0.0241578821863267,8966841.02691158,9858178.97413406
UF,27,3207017.00016003,69596.9825496252,19202,2021,4,0.0217014697914455,3070609.4209301,3343424.57938996
UF,28,2266802.0001008,68898.8089102076,8409,2021,4,0.0303947185978942,2131762.81605909,2401841.18414251
UF,29,14750334.000735,355710.046362547,22572,2021,4,0.024115389274902,14053155.1209253,15447512.8805447
UF,31,21106876.0010106,349329.922619829,35068,2021,4,0.0165505270700933,20422201.9339535,21791550.0680676
UF,32,4030774.00024132,81725.3463154728,15656,2021,4,0.0202753481863731,3870595.26483893,4190952.73564371
UF,33,17215352.0020935,264338.823062504,31997,2021,4,0.0153548311431773,16697257.4291753,17733446.5750117
UF,35,45658055.0019582,721524.82910138,35750,2021,4,0.0158027938130618,44243892.3229681,47072217.6809484
UF,41,11625995.0005842,226407.926215823,26231,2021,4,0.0194742838100692,11182243.6193868,12069746.3817816
UF,42,7696179.00043332,140635.259940825,28887,2021,4,0.0182733873436295,7420538.95599288,7971819.04487377
UF,43,11201746.0005091,197729.56239874,23751,2021,4,0.0176516734435644,10814203.1795287,11589288.8214895
UF,50,2766307.00019073,69653.1480604873,10091,2021,4,0.0251791099309241,2629789.33858234,2902824.66179912
UF,51,3636658.00027995,115208.490627905,11790,2021,4,0.0316797704428176,3410853.50793604,3862462.49262386
UF,52,7156674.00058961,147092.755543576,16190,2021,4,0.0205532284314554,6868377.49733745,7444970.50384177
UF,53,2941304.00012388,79425.007380949,7712,2021,4,0.0270033316439252,2785633.84618539,3096974.15406237
region,Central-West,16500943.0011842,214637.293773385,45783,2021,4,0.0130075774310584,16080261.6356492,16921624.3667191
region,North,17968780.0016707,287580.265656251,64898,2021,4,0.0160044402363161,17405133.03832,18532426.9650214
region,Northeast,56525628.0029676,526579.573296945,153774,2021,4,0.00931576688133919,55493551.0043111,57557705.0016241
region,South,30523920.0015266,331867.1499838,78869,2021,4,0.0108723633782031,29873472.3399064,31174367.6631468
region,Southeast,88011057.0053036,848046.885175463,118471,2021,4,0.00963568571985631,86348915.6531583,89673198.3574489
Brazil,Brazil,209783159.008356,1084001.74841583,475193,2022,1,0.00516724866543103,207658554.622282,211907763.394429
UF,11,1719763.00005832,59667.2578168,7804,2022,1,0.0346950468260897,1602817.32368113,1836708.67643551
UF,12,851506.00006512,22011.3912147207,9652,2022,1,0.025849954331546,808364.466034646,894647.534095594
UF,13,4026432.00007846,121649.54344292,14655,2022,1,0.0302127400737302,3788003.2761946,4264860.72396232
UF,14,583049.00001898,29164.9186628331,5526,2022,1,0.0500213852727363,525886.809827787,640211.190210173
UF,15,8501321.00058381,239099.201384702,17425,2022,1,0.0281249468604094,8032695.17713751,8969946.82403012
UF,16,785310.00053122,42796.4172916693,4143,2022,1,0.0544962082014998,701430.563972201,869189.437090239
UF,17,1537485.00007941,45315.3940755187,6799,2022,1,0.0294737145879005,1448668.45974615,1626301.54041267
UF,21,6943343.00017225,185759.803884538,31207,2022,1,0.0267536551024384,6579260.47478333,7307425.52556117
UF,22,3349366.00007711,105157.850491817,11386,2022,1,0.031396345006606,3143260.4004215,3555471.59973272
UF,23,9126312.0002723,149856.964318329,23171,2022,1,0.0164203200935775,8832597.74737587,9420026.25316873
UF,24,3424355.00012648,106713.120914249,9721,2022,1,0.0311629842438378,3215201.12645668,3633508.87379628
UF,25,4070694.00009943,115058.743941926,12937,2022,1,0.0282651419976829,3845183.00586684,4296204.99433202
UF,26,9420301.00028469,204004.994490974,19218,2022,1,0.0216558891785739,9020458.55841609,9820143.44215329
UF,27,3207718.00008396,69881.3534017622,19747,2022,1,0.0217853793257179,3070753.06422559,3344682.93594233
UF,28,2269479.00005729,66995.032078046,8819,2022,1,0.029520005285951,2138171.15004121,2400786.85007337
UF,29,14758844.0004171,344933.69697728,23260,2022,1,0.0233713221013469,14082786.3772874,15434901.6235468
UF,31,21128569.0006668,352115.068468043,35540,2022,1,0.0166653533638237,20438436.1480556,21818701.8532781
UF,32,4037784.00014881,82657.0848941342,16611,2022,1,0.0204709030723505,3875779.09068924,4199788.90960838
UF,33,17219994.0018408,258387.140595136,32675,2022,1,0.0150050656560923,16713564.512206,17726423.4914755
UF,35,45697945.0011773,689668.93550853,37039,2022,1,0.0150919026116111,44346218.7263245,47049671.2760301
UF,41,11644544.0003264,231447.273888185,26402,2022,1,0.0198760272520502,11190915.6791856,12098172.3214672
UF,42,7728776.00023272,139362.866427137,29384,2022,1,0.0180316865727433,7455629.80125327,8001922.19921217
UF,43,11204561.000314,193749.371838443,24804,2022,1,0.0172920091945605,10824819.2094834,11584302.7911446
UF,50,2772546.00009649,72715.5281627111,10437,2022,1,0.0262269870942377,2630026.18378077,2915065.81641221
UF,51,3651107.00017919,113115.327858189,12015,2022,1,0.0309811045944798,3429405.0314777,3872808.96888068
UF,52,7176244.00029437,153721.694962877,16294,2022,1,0.0214209125214488,6874955.01452468,7477532.98606406
UF,53,2945811.00007288,78925.3462156878,8522,2022,1,0.02679239985652,2791120.16402278,3100501.83612298
region,Central-West,16545708.0006429,218957.062480235,47268,2022,1,0.0132334658916818,16116560.044021,16974855.9572649
region,North,18004866.0014153,284160.752524146,66004,2022,1,0.0157824419521817,17447921.1606482,18561810.8421824
region,Northeast,56570412.0015906,512461.924157118,159466,2022,1,0.0090588331607468,55566005.0867946,57574818.9163867
region,South,30577881.0008731,332458.521047141,80590,2022,1,0.0108725166743126,29926274.2732673,31229487.728479
region,Southeast,88084292.0038338,820502.510755361,121865,2022,1,0.00931496969652261,86476136.6335286,89692447.374139
Brazil,Brazil,210024222.007494,1091818.27778994,482118,2022,2,0.00519853504207237,207884297.505363,212164146.509625
UF,11,1721516.00006654,60932.5919626132,8024,2022,2,0.035394728808944,1602090.31433514,1840941.68579794
UF,12,852595.00004075,21670.4113205829,9785,2022,2,0.0254170049314706,810121.774322239,895068.225759262
UF,13,4036869.00007893,119967.338365671,14803,2022,2,0.0297179171192639,3801737.33756108,4272000.66259678
UF,14,587602.00002459,25696.0439594408,5503,2022,2,0.0437303548292304,537238.679318928,637965.320730252
UF,15,8514274.00045332,224107.740333282,17914,2022,2,0.0263214151108303,8075030.90074343,8953517.1001632
UF,16,786511.00003342,43858.2880210825,4257,2022,2,0.0557630955183321,700550.335088514,872471.664978326
UF,17,1540035.00013416,44931.4680222599,7056,2022,2,0.029175614851835,1451970.94103802,1628099.0592303
UF,21,6946637.00016242,172673.875846291,31787,2022,2,0.0248571900103969,6608202.42243275,7285071.57789209
UF,22,3352100.00007548,106861.110415135,11392,2022,2,0.0318788551692159,3142656.07231386,3561543.9278371
UF,23,9136108.00028227,152959.78693045,23537,2022,2,0.0167423356779193,8836312.32681567,9435903.67374887
UF,24,3427230.00015595,108599.71380437,9773,2022,2,0.0316873141865087,3214378.47236803,3640081.52794387
UF,25,4075895.00009481,117415.076625699,13195,2022,2,0.028807188758044,3845765.67866643,4306024.32152319
UF,26,9427674.00028523,191843.1088205,19535,2022,2,0.020348933237901,9051668.41631485,9803679.58425561
UF,27,3208352.00008508,69561.6334255464,19818,2022,2,0.0216814219336599,3072013.70386523,3344690.29630493
UF,28,2272025.00005947,73451.0591239404,8937,2022,2,0.0323284555064393,2128063.56955022,2415986.43056872
UF,29,14766900.0003866,362018.591547112,23282,2022,2,0.0245155443280332,14057356.5992204,15476443.4015529
UF,31,21149279.0006736,347864.282005255,35711,2022,2,0.0164480444933454,20467477.5364354,21831080.4649118
UF,32,4044496.00012412,84841.9010797769,16957,2022,2,0.0209771257227534,3878208.92962785,4210783.07062039
UF,33,17224157.0017333,258780.755609063,33356,2022,2,0.0150242914984473,16716956.0408475,17731357.9626191
UF,35,45735442.0010845,706989.70402066,37377,2022,2,0.0154582457955451,44349767.6437634,47121116.3584056
UF,41,11662324.000299,228347.004453175,26317,2022,2,0.019579888575152,11214772.0955931,12109875.9050048
UF,42,7760318.00024143,131355.670955213,30174,2022,2,0.0169265835435,7502865.61600412,8017770.38447874
UF,43,11207085.0002963,191416.653448689,25302,2022,2,0.017079968024123,10831915.2534957,11582254.7470969
UF,50,2778529.0000969,67056.1756225173,10622,2022,2,0.0241336965063812,2647101.31093577,2909956.68925803
UF,51,3665098.00014233,120256.184551419,12267,2022,2,0.0328111784587339,3429400.20950335,3900795.79078131
UF,52,7195077.00031666,155537.865554919,16637,2022,2,0.0216172621291021,6890228.38559679,7499925.61503653
UF,53,2950094.00006672,78494.1709612069,8800,2022,2,0.0266073457182828,2796248.25198643,3103939.74814702
region,Central-West,16588798.0006226,222061.800200417,48326,2022,2,0.0133862501787099,16153564.8698877,17024031.1313576
region,North,18039402.0008317,270927.115593585,67342,2022,2,0.0150186306387038,17508394.611833,18570409.3898305
region,Northeast,56612921.0015873,517984.147202481,161256,2022,2,0.00914957465607468,55597690.7285078,57628151.2746669
region,South,30629727.0008367,325633.232260358,81793,2022,2,0.0106312809203772,29991497.593437,31267956.4082363
region,Southeast,88153374.0036155,833672.374460543,123401,2022,2,0.00945706711607376,86519406.1747668,89787341.8324642
Brazil,Brazil,210269942.008257,1047717.05911001,487786,2022,3,0.0049827238696288,208216454.306414,212323429.710101
UF,11,1723294.00008676,62618.4980248853,8265,2022,3,0.0363365148498937,1600563.99919199,1846024.00098153
UF,12,853698.00003497,24918.2556780203,9841,2022,3,0.0291886073025819,804859.11634849,902536.883721451
UF,13,4047559.00009074,114147.625401951,15091,2022,3,0.0282015964188273,3823833.76538215,4271284.23479933
UF,14,592346.00002006,27672.9120041369,5829,2022,3,0.0467174793164801,538108.089144606,646583.910895514
UF,15,8527503.00045543,239295.422574243,17768,2022,3,0.0280616052039458,8058492.59054462,8996513.41036624
UF,16,787722.00004581,41316.9790273576,4383,2022,3,0.0524512188626886,706742.209202192,868701.790889428
UF,17,1542653.00014252,44927.3728429513,7183,2022,3,0.0291234469701226,1454596.96745033,1630709.03283471
UF,21,6949943.00018127,175267.42671276,32337,2022,3,0.0252185416064835,6606425.15616125,7293460.84420129
UF,22,3354886.00008743,93603.4173289343,11409,2022,3,0.0279006253346596,3171426.67329285,3538345.32688201
UF,23,9146167.00032139,154451.757886117,23764,2022,3,0.0168870476430935,8843447.1175157,9448886.88312708
UF,24,3430134.00014658,113004.582132902,9955,2022,3,0.0329446552607194,3208649.08907809,3651618.91121507
UF,25,4081222.00011402,114514.930804577,13121,2022,3,0.0280589810604221,3856776.86004495,4305667.14018309
UF,26,9435142.00034101,184064.250809878,19876,2022,3,0.0195083710243286,9074382.6979123,9795901.30276972
UF,27,3208972.00009066,71838.4592595922,20207,2022,3,0.0223867516630131,3068171.20723701,3349772.79294431
UF,28,2274611.00006139,70974.653174475,9102,2022,3,0.0312029851137445,2135503.2360242,2413718.76409858
UF,29,14775027.0004428,337293.381103092,23342,2022,3,0.0228286135174564,14113944.121257,15436109.8796286
UF,31,21170434.0006344,338424.126986036,35628,2022,3,0.0159856962297464,20507134.9002423,21833733.1010264
UF,32,4051371.00014827,82298.0909302626,17156,2022,3,0.0203136397351047,3890069.70592855,4212672.29436799
UF,33,17228137.0019223,247059.655319904,34068,2022,3,0.0143404742655771,16743908.9754624,17712365.0283822
UF,35,45773098.0011872,655679.678775357,38070,2022,3,0.0143245641524712,44487989.4453927,47058206.5569817
UF,41,11680517.0003412,234727.390389531,26218,2022,3,0.0200956336421302,11220459.7689927,12140574.2316898
UF,42,7792919.00025065,127136.580366546,30991,2022,3,0.0163143721065825,7543735.88161464,8042102.11888666
UF,43,11209500.0003183,193049.289080214,25637,2022,3,0.0172219357754343,10831130.3464801,11587869.6541566
UF,50,2784652.00010481,69346.781328521,10486,2022,3,0.0249032127985511,2648734.80625713,2920569.19395249
UF,51,3679549.00015334,121138.739265808,12406,2022,3,0.0329221704238099,3442121.43405977,3916976.56624691
UF,52,7214444.00046244,156742.670651601,16374,2022,3,0.0217262301352057,6907234.01114468,7521653.9897802
UF,53,2954442.0000716,80517.3768528826,9279,2022,3,0.0272529895157635,2796630.84131031,3112253.15883289
region,Central-West,16633087.0007922,224799.650822239,48545,2022,3,0.0135152092219281,16192487.7814434,17073686.220141
region,North,18074775.0008763,281647.522723213,68360,2022,3,0.0155823529039536,17522756.0000039,18626794.0017487
region,Northeast,56656104.0017866,497055.288736247,163113,2022,3,0.00877319924293724,55681893.5375384,57630314.4660348
region,South,30682936.0009102,329436.922461273,82846,2022,3,0.0107368122285136,30037251.4977084,31328620.504112
region,Southeast,88223040.0038922,782469.283705611,124922,2022,3,0.00886921697179206,86689428.3888204,89756651.6189641
Brazil,Brazil,210512722.012065,1105975.22524236,478091,2022,4,0.00525372155502782,208345050.402796,212680393.621333
UF,11,1725079.00016844,64954.8687208502,8073,2022,4,0.0376532719455212,1597769.79685505,1852388.20348183
UF,12,854825.00008788,23369.9183255775,9531,2022,4,0.0273388334725529,809020.801848106,900629.198327655
UF,13,4058180.00014228,110681.379247897,14588,2022,4,0.0272736495778936,3841248.48305718,4275111.51722738
UF,14,597187.00006592,28340.7212998036,5711,2022,4,0.0474570298694969,541640.207022418,652733.793109422
UF,15,8540643.00058138,226830.57918771,17776,2022,4,0.0265589580517847,8096063.23478111,8985222.76638165
UF,16,788896.00004495,38047.7402510088,4437,2022,4,0.0482290951517575,714323.799459838,863468.200630062
UF,17,1545292.00012526,48730.4390175906,7172,2022,4,0.0315347772548105,1449782.09469996,1640801.90555056
UF,21,6953293.00029138,180116.484659422,31872,2022,4,0.0259037674166577,6600271.17733695,7306314.82324581
UF,22,3357623.00012985,95349.6543661572,11165,2022,4,0.0283979631907661,3170741.11163384,3544504.88862586
UF,23,9156320.00051825,163265.296594488,23272,2022,4,0.01783088583462,8836325.8992678,9476314.1017687
UF,24,3432969.00026946,107635.306535238,9779,2022,4,0.0313534163946104,3222007.67599547,3643930.32454345
UF,25,4086523.0001738,110908.155876086,12772,2022,4,0.0271399808275567,3869147.00906492,4303898.99128268
UF,26,9442466.00056202,179050.804471835,19522,2022,4,0.01896229273806,9091532.8723943,9793399.12872974
UF,27,3209600.00013005,72665.3062517163,20239,2022,4,0.0226399882380272,3067178.61695111,3352021.38330899
UF,28,2277150.00009858,68315.8793770804,8894,2022,4,0.0300006057458327,2143253.33694732,2411046.66324984
UF,29,14782957.0006968,340969.043182646,22937,2022,4,0.0230650094677657,14114669.9562157,15451244.0451779
UF,31,21191330.000928,347266.672126725,35102,2022,4,0.0163872051500079,20510699.8305285,21871960.1713275
UF,32,4058205.00021227,84528.1949632634,17086,2022,4,0.0208289613163559,3892532.78240609,4223877.21801845
UF,33,17231815.0023588,254608.492134522,33552,2022,4,0.0147754889487653,16732791.5276171,17730838.4771006
UF,35,45809618.0018086,737165.567277602,36908,2022,4,0.0160919387550557,44364800.0393015,47254435.9643158
UF,41,11698555.0005186,230977.324999738,25730,2022,4,0.0197440901880188,11245847.7622737,12151262.2387635
UF,42,7825511.00038121,132632.985667325,30287,2022,4,0.0169487955049663,7565555.12531124,8085466.87545118
UF,43,11211658.0004895,194482.259553277,24868,2022,4,0.0173464316825206,10830479.7761331,11592836.2248459
UF,50,2790781.00015923,71973.9530633997,10184,2022,4,0.025789896469588,2649714.64432999,2931847.35598847
UF,51,3693837.00018392,129108.625305825,12095,2022,4,0.0349524424871471,3440788.74449103,3946885.25587681
UF,52,7233698.00082503,161404.016344193,15611,2022,4,0.0223127944138371,6917351.9418303,7550044.05981976
UF,53,2958711.00011297,84278.598299922,8928,2022,4,0.028484903830318,2793527.9827776,3123894.01744834
region,Central-West,16677027.0012812,234528.091433347,46818,2022,4,0.0140629436778708,16217360.3887089,17136693.6138534
region,North,18110102.0012161,270357.633753486,67288,2022,4,0.0149285538941377,17580210.7761138,18639993.2263184
region,Northeast,56698901.0028702,500341.308565752,160452,2022,4,0.00882453274606545,55718250.0581037,57679551.9476367
region,South,30735724.0013893,329795.971521806,80885,2022,4,0.0107300537806397,30089335.7749602,31382112.2278185
region,Southeast,88290968.0053077,857891.435532749,122648,2022,4,0.00971663868812919,86609531.6890182,89972404.3215973
Brazil,Brazil,210751905.02021,1070632.27068299,473335,2023,1,0.00508005975357766,208653504.328985,212850305.711435
UF,11,1726822.00021758,60101.7618652246,8096,2023,1,0.0348048390961267,1609024.71155434,1844619.28888082
UF,12,855916.00015573,23850.4985016596,9390,2023,1,0.0278654663510439,809169.882079151,902662.118232309
UF,13,4068706.00022514,113764.639596277,14415,2023,1,0.0279608896759762,3845731.40390226,4291680.59654802
UF,14,602050.00011827,28090.9964591948,5661,2023,1,0.0466589094820636,546992.658768406,657107.341468134
UF,15,8553610.00103653,200566.931248989,17409,2023,1,0.0234482202514124,8160506.03929879,8946713.96277427
UF,16,790044.00007414,40531.6463228285,4353,2023,1,0.0513030240328702,710603.433047281,869484.567100999
UF,17,1547898.00015841,46884.408233684,7178,2023,1,0.0302890812113498,1456006.24858392,1639789.7517329
UF,21,6956504.00049074,184412.302241893,30991,2023,1,0.026509336044209,6595062.52979051,7317945.47119097
UF,22,3360325.00020938,100401.475115088,11141,2023,1,0.0298785013678237,3163541.72498911,3557108.27542965
UF,23,9166352.00080229,165358.259355087,22790,2023,1,0.0180397020909314,8842255.76792009,9490448.23368449
UF,24,3435738.00035255,100725.05277058,9588,2023,1,0.0293168608200754,3238320.52458132,3633155.47612378
UF,25,4091790.00030081,109332.273982354,12465,2023,1,0.0267199132835057,3877502.68094753,4306077.31965409
UF,26,9449640.00090242,175377.597584325,19418,2023,1,0.0185591829495703,9105906.22594198,9793373.77586286
UF,27,3210182.00022195,76430.8556085388,19916,2023,1,0.023808885478535,3060380.27592163,3359983.72452227
UF,28,2279641.00014838,71598.2967322681,8874,2023,1,0.0314077070589658,2139310.91719872,2419971.08309804
UF,29,14790705.0010823,335337.988744524,22639,2023,1,0.0226722112786366,14133454.6204949,15447955.3816697
UF,31,21211932.0015949,346900.109913535,34748,2023,1,0.0163540082010188,20532020.2799313,21891843.7232584
UF,32,4064955.00034808,80971.5383329921,16930,2023,1,0.0199194181303504,3906253.70144261,4223656.29925355
UF,33,17235145.0046453,243379.749067571,33293,2023,1,0.0141211315020543,16758129.4619065,17712160.5473841
UF,35,45845091.0027461,693711.069489576,36933,2023,1,0.0151316325110582,44485442.2908698,47204739.7146225
UF,41,11716404.0007946,232839.478292191,25307,2023,1,0.019872947217969,11260047.0091628,12172760.9924264
UF,42,7858093.00059692,133797.820481323,30224,2023,1,0.0170267545155242,7595854.09124357,8120331.90995027
UF,43,11213617.0007452,202555.8494276,24894,2023,1,0.0180633821731328,10816614.8310092,11610619.1704812
UF,50,2796850.00022554,71262.0062774316,10175,2023,1,0.0254793808290344,2657179.03445571,2936520.96599537
UF,51,3708134.00028329,120539.642614114,12142,2023,1,0.0325068194959798,3471880.6420503,3944387.35851628
UF,52,7252859.00155286,170932.90109775,15508,2023,1,0.0235676580864392,6917836.67162832,7587881.3314774
UF,53,2962902.00018085,85025.1375938304,8857,2023,1,0.0286965743681839,2796255.79271638,3129548.20764532
region,Central-West,16720745.0022425,236760.236696888,46682,2023,1,0.0141596703176284,16256703.4653455,17184786.5391396
region,North,18145046.0019858,248959.075677753,66502,2023,1,0.0137204984572928,17657095.180033,18632996.8239386
region,Northeast,56740877.0045108,497702.370864216,157822,2023,1,0.00877149591509925,55765398.2825968,57716355.7264249
region,South,30788114.0021367,336370.259616198,80425,2023,1,0.0109253285080357,30128840.4078186,31447387.5964548
region,Southeast,88357123.0093344,816924.002870891,121904,2023,1,0.00924570623224783,86755981.3856011,89958264.6330676
Brazil,Brazil,210979726.011476,1130972.45963463,474575,2023,2,0.00536057412252544,208763060.723086,213196391.299867
UF,11,1728472.00016829,59780.049615573,7938,2023,2,0.0345854891544397,1611305.25592775,1845638.74440883
UF,12,856947.00007984,22845.93054514,9472,2023,2,0.0266596773697923,812169.799018062,901724.201141618
UF,13,4078801.00014308,116224.809373336,14386,2023,2,0.0284948467378672,3851004.55966131,4306597.44062485
UF,14,606769.0000296,28996.6058313667,5812,2023,2,0.0477885419821252,549936.696926217,663601.303132983
UF,15,8565997.00076302,194645.194834624,17361,2023,2,0.0227230052517279,8184499.42912338,8947494.57240266
UF,16,791123.00005097,42283.3435648337,4296,2023,2,0.0534472434275195,708249.169517963,873996.830583978
UF,17,1550383.00010687,48914.4425195841,7222,2023,2,0.0315499089684371,1454512.45444463,1646253.54576911
UF,21,6959471.00031184,152311.096716719,30802,2023,2,0.0218854416822621,6660946.73630127,7257995.26432241
UF,22,3362883.0001241,96349.6799460512,11057,2023,2,0.0286509164733045,3174041.09750788,3551724.90274032
UF,23,9175950.00041145,172272.275786943,22433,2023,2,0.0187743259040446,8838302.54433429,9513597.45648861
UF,24,3438364.00019511,101438.863374916,9520,2023,2,0.0295020723137979,3239547.4813476,3637180.51904262
UF,25,4096825.00017331,110627.017867564,12445,2023,2,0.0270031104240195,3880000.02943582,4313649.9709108
UF,26,9456422.0005069,172874.239977449,19340,2023,2,0.0182811469251459,9117594.71629636,9795249.28471743
UF,27,3210696.00013526,77664.8695215756,19867,2023,2,0.0241894185928234,3058475.65300897,3362916.34726155
UF,28,2282003.00009024,74430.3623777128,8852,2023,2,0.0326162421235947,2136122.17047366,2427883.82970682
UF,29,14797993.0006948,344446.484108635,22946,2023,2,0.0232765675786212,14122890.2972404,15473095.7041491
UF,31,21231576.0010521,338696.579801474,35028,2023,2,0.0159524935777113,20567742.9029543,21895409.0991499
UF,32,4071426.00022455,92853.1132537933,17078,2023,2,0.0228060422192795,3889437.2423947,4253414.7580544
UF,33,17238077.0016358,248952.859479125,33795,2023,2,0.0144420319885739,16750138.3632085,17726015.6400632
UF,35,45878350.0017495,784101.351615876,37053,2023,2,0.0170908795016816,44341539.5923532,47415160.4111458
UF,41,11733480.000494,233092.642911218,25267,2023,2,0.0198656019272548,11276626.8153267,12190333.1856612
UF,42,7889583.00037652,139539.53255562,30339,2023,2,0.0176865535921176,7616090.54214795,8163075.45860509
UF,43,11215331.0004878,197789.471053275,24921,2023,2,0.0176356338519721,10827670.7607022,11602991.2402735
UF,50,2802660.00014713,69512.2923566505,10262,2023,2,0.0248022565537744,2666418.41064528,2938901.58964898
UF,51,3721972.00017208,127113.040713542,12594,2023,2,0.0341520679649564,3472835.01840816,3971108.981936
UF,52,7271290.00103727,180231.834202075,15497,2023,2,0.024786775685795,6918042.09713361,7624537.90494093
UF,53,2966882.00011492,85273.3395467814,8992,2023,2,0.0287417361201013,2799749.32576177,3134014.67446807
region,Central-West,16762804.0014714,246464.48102196,47345,2023,2,0.0147030580922097,16279742.4952,17245865.5077428
region,North,18178492.0013417,245991.577173597,66487,2023,2,0.0135320122898776,17696357.3695812,18660626.6331021
region,Northeast,56780607.002643,494760.994989192,157262,2023,2,0.00871355593233025,55810893.2715089,57750320.733777
region,South,30838394.0013583,336041.866714122,80527,2023,2,0.0108968666364182,30179764.045301,31497023.9574156
region,Southeast,88419429.004662,894499.597349722,122954,2023,2,0.0101165502584569,86666242.009671,90172615.999653
Brazil,Brazil,211211755.014922,964392.476922886,479873,2023,3,0.00456599812285426,209321580.493191,213101929.536652
UF,11,1730138.0002826,50639.0345610036,8035,2023,3,0.0292687835032421,1630887.31633115,1829388.68423405
UF,12,857983.00010843,23958.436827477,9600,2023,3,0.0279241393179692,811025.326800697,904940.673416163
UF,13,4089141.0002107,110076.68733444,14309,2023,3,0.0269192691885089,3873394.65749772,4304887.34292368
UF,14,611663.00012301,25289.8462929275,5851,2023,3,0.0413460455967445,562095.812214318,661230.188031702
UF,15,8578639.00067377,185817.239730484,17644,2023,3,0.0216604568295612,8214443.90309538,8942834.09825217
UF,16,792207.00025946,39825.9816791364,4316,2023,3,0.0502721910638164,714149.510519401,870264.489999519
UF,17,1552943.00013361,43210.7289251626,7427,2023,3,0.0278250579199912,1468251.52769457,1637634.47257265
UF,21,6962408.00056141,129820.92391435,31052,2023,3,0.0186459805147704,6707963.66524957,7216852.33587325
UF,22,3365499.00023055,83682.9717624813,11129,2023,3,0.0248649521978015,3201483.3894568,3529514.6110043
UF,23,9185740.0006583,154230.026974947,22902,2023,3,0.0167901581107123,8883454.70245276,9488025.29886384
UF,24,3441017.00029714,89452.4494861735,9671,2023,3,0.0259959336087119,3265693.42097535,3616340.57961893
UF,25,4101994.00048568,104027.742981737,12516,2023,3,0.0253602864776057,3898103.37084849,4305884.63012287
UF,26,9463283.0004998,174096.568891805,19614,2023,3,0.0183970582812127,9122059.99563987,9804506.00535973
UF,27,3211190.00017154,76408.2394859056,19909,2023,3,0.0237943689043077,3061432.60265705,3360947.39768603
UF,28,2284409.00012538,62514.4352631417,9043,2023,3,0.027365692947152,2161882.95849576,2406935.041755
UF,29,14805356.0010765,318792.259226168,23276,2023,3,0.0215322251760099,14180534.654443,15430177.3477099
UF,31,21251600.0015692,328640.930787085,35473,2023,3,0.0154642911951485,20607475.6133808,21895724.3897576
UF,32,4078038.00035904,82997.3670052097,17215,2023,3,0.0203522789630461,3915366.15021718,4240709.8505009
UF,33,17240812.0012722,240492.066061942,34627,2023,3,0.0139489988084202,16769456.2132232,17712167.7893212
UF,35,45911685.0024333,596796.468941585,38111,2023,3,0.0129987925494339,44741985.4172071,47081384.5876594
UF,41,11750958.0006842,208877.273101941,25403,2023,3,0.0177753399416268,11341566.0682155,12160349.933153
UF,42,7922101.00064012,126599.700647719,30240,2023,3,0.0159805713960841,7673970.14691704,8170231.8543632
UF,43,11216902.0006692,187909.625543159,25070,2023,3,0.0167523640245719,10848605.9022562,11585198.0990822
UF,50,2808616.00023367,64156.7385611831,10368,2023,3,0.0228428302608279,2682871.1032882,2934360.89717914
UF,51,3736282.00024776,103326.504618062,12656,2023,3,0.0276548998740486,3533765.77254795,3938798.22794757
UF,52,7290230.00075876,152415.160726383,15441,2023,3,0.0209067698427237,6991501.77503717,7588958.22648035
UF,53,2970921.00015631,78356.1811663949,8975,2023,3,0.0263743738599149,2817345.70710408,3124496.29320854
region,Central-West,16806049.0013965,210148.81871099,47440,2023,3,0.0125043559431207,16394164.8853293,17217933.1174637
region,North,18212714.0017916,232112.245322253,67182,2023,3,0.0127445171158686,17757782.3605892,18667645.6429939
region,Northeast,56820896.0041063,456235.814923212,159112,2023,3,0.0080293667824288,55926690.2383995,57715101.769813
region,South,30889961.0019936,308167.530402483,80713,2023,3,0.00997630040331208,30285963.7412001,31493958.2627871
region,Southeast,88482135.0056337,727252.283254089,125426,2023,3,0.0082191990869997,87056746.7227811,89907523.2884862
Brazil,Brazil,211440222.010616,968783.065358103,473206,2023,4,0.00458182958826756,209541442.093682,213339001.927551
UF,11,1731763.00051532,52514.4174199352,7737,2023,4,0.0303242518776002,1628836.63370314,1834689.3673275
UF,12,858988.00004925,22525.7687952059,9479,2023,4,0.0262236128955403,814838.30448657,903137.69561193
UF,13,4099394.00018513,118410.826682519,13778,2023,4,0.028884958771265,3867313.04450778,4331474.95586248
UF,14,616571.00008207,24851.7557691932,5920,2023,4,0.0403063974236305,567862.453821866,665279.546342274
UF,15,8591121.00040261,195226.008185713,17350,2023,4,0.022724159999209,8208485.05551309,8973756.94529213
UF,16,793266.00023299,45179.7064321783,4279,2023,4,0.0569540436863657,704715.402793828,881816.597672152
UF,17,1555466.00007891,46608.3378757163,7339,2023,4,0.0299642280019955,1464115.33646323,1646816.66369459
UF,21,6965226.00042707,115991.170689045,30268,2023,4,0.0166528940599964,6737887.48335191,7192564.51750224
UF,22,3368062.00021645,83379.3806680143,10788,2023,4,0.0247558924576376,3204641.41705389,3531482.58337901
UF,23,9195400.00045629,153560.048242012,22493,2023,4,0.016699659420405,8894427.83643771,9496372.16447487
UF,24,3443604.00022973,88535.8773730491,9532,2023,4,0.02571023769491,3270076.8692389,3617131.13122056
UF,25,4107106.00023529,100738.348680781,12631,2023,4,0.0245278180487697,3909662.46495892,4304549.53551166
UF,26,9469998.0003825,185214.481289548,19383,2023,4,0.0195580274971617,9106984.28763972,9833011.71312528
UF,27,3211643.00012407,73243.123436389,19706,2023,4,0.0228054996877173,3068089.11607353,3355196.88417461
UF,28,2286762.00009385,62103.2367193249,8881,2023,4,0.0271577176447641,2165041.89280061,2408482.10738709
UF,29,14812537.0007518,304846.526677408,23139,2023,4,0.0205803048229979,14215048.787652,15410025.2138517
UF,31,21271323.0010762,325904.357899397,35429,2023,4,0.0153213017301702,20632562.1971887,21910083.8049636
UF,32,4084583.00022462,86221.8329253426,16931,2023,4,0.0211090906759885,3915591.31300992,4253574.68743932
UF,33,17243238.0007713,248088.889489262,34711,2023,4,0.0143876045484128,16756992.7124078,17729483.2891348
UF,35,45943998.001799,591769.643841551,37498,2023,4,0.0128802383244571,44784150.8127255,47103845.1908725
UF,41,11768236.0004732,228185.818323087,24738,2023,4,0.0193899764003638,11321000.0147772,12215471.9861693
UF,42,7954587.00039954,122967.857011082,29381,2023,4,0.0154587355704207,7713574.42940175,8195599.57139733
UF,43,11218290.000484,196552.564984753,24850,2023,4,0.0175207241902529,10833054.0520449,11603525.9489231
UF,50,2814510.00015507,63545.9350769055,10085,2023,4,0.0225779745225294,2689962.25604041,2939057.74426973
UF,51,3750587.00015918,123508.106416775,12693,2023,4,0.0329303403471332,3508515.55978356,3992658.4405348
UF,52,7309078.00047786,153585.87847804,15336,2023,4,0.0210130304353024,7008055.21012696,7610100.79082876
UF,53,2974885.00013303,75860.3532184339,8851,2023,4,0.0255002641161059,2826201.43997041,3123568.56029565
region,Central-West,16849060.0009251,220535.152467249,46965,2023,4,0.0130888697918543,16416819.0447643,17281300.957086
region,North,18246569.0015463,245422.075205453,65882,2023,4,0.0134503136005819,17765550.5731325,18727587.42996
region,Northeast,56860338.0029171,445455.669780959,156821,2023,4,0.0078342072071064,55987260.9334372,57733415.0723969
region,South,30941113.0013568,325304.122850849,78969,2023,4,0.0105136529134096,30303528.6365467,31578697.3661669
region,Southeast,88543142.0038711,724836.025202387,124569,2023,4,0.00818624693904241,87122489.4997772,89963794.5079649
Brazil,Brazil,211665115.003759,988173.086219133,481349,2024,1,0.00466856848943475,209728331.344278,213601898.663241
UF,11,1733350.00022161,52121.2120162218,7702,2024,1,0.030069640874352,1631194.30183924,1835505.69860398
UF,12,859966.00001692,21065.4140055351,9660,2024,1,0.0244956358799308,818678.547246646,901253.452787194
UF,13,4109547.00006773,119462.318463674,14033,2024,1,0.0290694615396065,3875405.15836927,4343688.84176619
UF,14,621490.00002177,27667.0631857493,5909,2024,1,0.0445173103103511,567263.552619708,675716.447423833
UF,15,8603454.00018977,195155.28851569,17531,2024,1,0.0226833651358379,8220956.66330649,8985951.33707305
UF,16,794290.00008803,43360.5576537586,4300,2024,1,0.0545903355814036,709304.868737091,879275.13143897
UF,17,1557963.00003481,42393.2266623769,7327,2024,1,0.0272106761594657,1474873.80258811,1641052.19748151
UF,21,6967909.00014078,117346.243335406,30930,2024,1,0.0168409552037828,6737914.58948231,7197903.41079925
UF,22,3370573.00005586,106057.866571157,11178,2024,1,0.0314658268992836,3162703.40129924,3578442.59881248
UF,23,9204951.00015189,156387.929119408,22440,2024,1,0.0169895449869127,8898436.29146105,9511465.70884273
UF,24,3446133.0000543,92924.5971942547,9879,2024,1,0.026964889977488,3264004.13627567,3628261.86383293
UF,25,4112177.00007815,100278.155505632,12804,2024,1,0.0243856612941821,3915635.42685101,4308718.57330529
UF,26,9476554.00013392,190063.823418237,19774,2024,1,0.0200562169978192,9104035.75147019,9849072.24879765
UF,27,3212053.00004507,71581.1355069064,19776,2024,1,0.0222851663736252,3071756.55247905,3352349.44761109
UF,28,2289073.00003922,59721.9805646622,8927,2024,1,0.0260900288298534,2172020.06904708,2406125.93103136
UF,29,14819509.0002739,293097.666074498,23068,2024,1,0.0197778257072539,14245048.1308152,15393969.8697327
UF,31,21290792.0003445,329250.230046251,35649,2024,1,0.0154644425646976,20645473.4075524,21936110.5931367
UF,32,4091056.00006605,85082.9757730687,17292,2024,1,0.0207973138895422,3924296.43185334,4257815.56827876
UF,33,17245377.0002956,244227.435197239,34762,2024,1,0.0141619075763349,16766700.0232724,17724053.9773188
UF,35,45975283.0006523,625182.815273623,38507,2024,1,0.0135982374543459,44749947.1989626,47200618.8023419
UF,41,11785337.000161,218572.974945724,26139,2024,1,0.0185461794552619,11356941.8412736,12213732.1590484
UF,42,7987009.00013525,116603.501103825,30117,2024,1,0.0145991448240324,7758470.33750048,8215547.66277002
UF,43,11219449.0001682,191326.750111449,25787,2024,1,0.0170531324763436,10844455.4606706,11594442.5396657
UF,50,2820342.0000555,63849.6412151013,10407,2024,1,0.0226389711651441,2695199.0028481,2945484.9972629
UF,51,3764901.00005815,136114.163558926,12828,2024,1,0.0361534509292074,3498122.14169686,4031679.85841944
UF,52,7327803.00016198,158557.571434164,15772,2024,1,0.0216378048687525,7017035.87067488,7638570.12964908
UF,53,2978774.0000471,75726.6358664124,8851,2024,1,0.0254220816568209,2830352.52107855,3127195.47901565
region,Central-West,16891820.0003227,231254.987067063,47858,2024,1,0.0136903535002531,16438568.554426,17345071.4462194
region,North,18280060.0006406,244873.405093621,66462,2024,1,0.0133956565287553,17800116.9458855,18760003.0553958
region,Northeast,56898932.0009731,445967.889258679,158776,2024,1,0.00783789560849845,56024850.9997648,57773013.0021815
region,South,30991795.0004644,313011.896186875,82043,2024,1,0.0100998311386025,30378302.9572056,31605287.0437233
region,Southeast,88602508.0013585,752426.354780575,126210,2024,1,0.00849215639323707,87127779.4449698,90077236.5577471
Brazil,Brazil,211881671.003029,998247.870658355,479986,2024,2,0.00471134603542033,209925141.128895,213838200.877163
UF,11,1734866.00010048,60065.1984600563,7804,2024,2,0.0346223849315034,1617140.37439452,1852591.62580644
UF,12,860894.00002004,21491.2614780231,9769,2024,2,0.0249638880948443,818771.901540782,903016.098499298
UF,13,4119400.00006591,113474.399193593,13965,2024,2,0.0275463415040484,3896994.26447915,4341805.73565267
UF,14,626311.00001155,28649.2644922899,6002,2024,2,0.0457428729365468,570159.4734231,682462.526600001
UF,15,8615344.00019132,203571.431508433,17757,2024,2,0.0236289382645559,8216351.32615353,9014336.67422911
UF,16,795271.00005953,44861.3158304716,4337,2024,2,0.0564100989814962,707344.436732729,883197.563386331
UF,17,1560373.00002865,44031.8212782903,7379,2024,2,0.0282187792774432,1474072.2161495,1646673.7839078
UF,21,6970411.00011307,113573.932586257,30890,2024,2,0.0162937210710264,6747810.18266143,7193011.81756471
UF,22,3373002.00004287,113783.68377042,11363,2024,2,0.0337336544031027,3149990.07782455,3596013.92226119
UF,23,9214174.00012884,165932.735573129,21573,2024,2,0.018008422195067,8888951.8145493,9539396.18570838
UF,24,3448546.00004488,137519.329913652,9829,2024,2,0.0398774816725259,3179013.06623604,3718078.93385372
UF,25,4117093.00005982,99506.8422349534,12828,2024,2,0.0241691995380011,3922063.173064,4312122.82705564
UF,26,9482830.0001165,186194.573555635,19925,2024,2,0.019634916322801,9117895.34183066,9847764.65840234
UF,27,3212415.00003375,73944.3198854831,19840,2024,2,0.0230182961680562,3067486.79619689,3357343.20387061
UF,28,2291294.00003214,66835.9674680227,8975,2024,2,0.0291695292996382,2160297.91092293,2422290.08914135
UF,29,14826148.0002146,286402.081236413,22797,2024,2,0.019317362893738,14264810.2358939,15387485.7645353
UF,31,21309507.0002742,329886.188588178,35637,2024,2,0.0154807048602266,20662941.9516442,21956072.0489042
UF,32,4097319.00005189,83186.8123606209,17433,2024,2,0.0203027424419645,3934275.84383638,4260362.1562674
UF,33,17247175.0002348,246503.869747274,34673,2024,2,0.0142924200481481,16764036.2934804,17730313.7069892
UF,35,46004939.0005551,615242.177734255,38517,2024,2,0.0133733940550781,44799086.4904259,47210791.5106842
UF,41,11801866.0001305,232624.879633838,25997,2024,2,0.0197108558622226,11345929.6141403,12257802.3861208
UF,42,8018672.00011349,114521.730747289,30512,2024,2,0.0142818824296177,7794213.53240161,8243130.46782537
UF,43,11220407.0001415,194576.722008803,24084,2024,2,0.017341324784952,10839043.6327744,11601770.3675086
UF,50,2825995.00004659,66046.3684959885,10420,2024,2,0.0233710139242637,2696546.49648479,2955443.50360839
UF,51,3778886.0000507,175872.267292268,12912,2024,2,0.0465407708223822,3434182.69027845,4123589.30982295
UF,52,7346025.00012715,153232.313191256,15802,2024,2,0.0208592147710638,7045695.18500453,7646354.81524977
UF,53,2982508.00003887,74763.3554107178,8966,2024,2,0.0250672774087256,2835974.5160705,3129041.48400725
region,Central-West,16933414.0002633,253698.400295003,48100,2024,2,0.0149821176220612,16436174.2727497,17430653.7277769
region,North,18312459.0004775,251317.825913366,67013,2024,2,0.013723871049039,17819885.1130144,18805032.8879406
region,Northeast,56935913.0007865,456970.453848556,158020,2024,2,0.0080260494609482,56040267.3692444,57831558.6323286
region,South,31040945.0003855,324175.35715366,80593,2024,2,0.0104434757752908,30405572.9756889,31676317.0250821
region,Southeast,88658940.0011159,745004.723633029,126260,2024,2,0.00840304117806565,87198757.5744829,90119122.4277489
Brazil,Brazil,212099586.002079,1001645.92955829,479778,2024,3,0.00472252656612197,210136396.054884,214062775.949275
UF,11,1736380.00008653,61775.0587779176,7708,2024,3,0.0355769237003646,1615303.10973897,1857456.89043409
UF,12,861811.00000949,22149.6379273022,9861,2024,3,0.0257012708436749,818398.507401375,905223.492617605
UF,13,4129371.00005021,112965.926141686,13825,2024,3,0.0273566909198307,3907961.85333229,4350780.14676813
UF,14,631247.00000872,27515.6951273814,5923,2024,3,0.043589427160844,577317.228549468,685176.771467972
UF,15,8627345.0001228,218971.106429298,17498,2024,3,0.025381053664387,8198169.51786649,9056520.48237911
UF,16,796239.00002126,50905.2963742624,4353,2024,3,0.0639321816350407,696466.452505368,896011.547537152
UF,17,1562819.00001898,42157.115533784,7342,2024,3,0.0269750467157566,1480192.57188067,1645445.42815729
UF,21,6972851.00007543,112533.107367898,31230,2024,3,0.0161387511889586,6752290.16256597,7193411.83758489
UF,22,3375432.00002621,117864.636216264,11400,2024,3,0.0349183856215585,3144421.55799142,3606442.442061
UF,23,9223476.00008617,158844.251465776,22667,2024,3,0.0172217341341043,8912146.98806203,9534805.01211031
UF,24,3450956.00003524,128289.715881996,9775,2024,3,0.0371751236123226,3199512.77731965,3702399.22275083
UF,25,4122071.0000436,100907.967350319,12799,2024,3,0.0244799197658778,3924295.01828383,4319846.98180337
UF,26,9489095.00008793,183660.322887131,19578,2024,3,0.0193548829351407,9129127.38184016,9849062.6183357
UF,27,3212739.0000245,72057.6619998657,19697,2024,3,0.0224287319945119,3071508.5776946,3353969.4223544
UF,28,2293509.00002063,66576.4371005502,9053,2024,3,0.0290281996277108,2163021.58108456,2423996.4189567
UF,29,14832741.0001409,276443.992041355,22597,2024,3,0.0186374178608477,14290920.7319974,15374561.2682845
UF,31,21328380.0001891,329325.4425603,35416,2024,3,0.0154407152609518,20682913.9935782,21973846.0068
UF,32,4103652.00003502,84578.9146284891,17287,2024,3,0.020610645012727,3937880.37351169,4269423.62655835
UF,33,17248737.0001562,247124.343013614,34350,2024,3,0.0143270978629552,16764382.1881464,17733091.812166
UF,35,46034244.0003898,623106.465502145,38203,2024,3,0.0135357162701937,44812977.7694715,47255510.231308
UF,41,11818595.0000937,239574.333400882,25637,2024,3,0.0202709656603836,11349037.9350078,12288152.0651797
UF,42,8051005.00008125,117794.323885381,30242,2024,3,0.0146310086609302,7820132.36768266,8281877.63247984
UF,43,11221197.0001009,181890.213192898,25508,2024,3,0.0162095196431595,10864698.7331025,11577695.2670993
UF,50,2831711.00003143,65475.3936784296,10580,2024,3,0.0231222019753085,2703381.58654813,2960040.41351473
UF,51,3793184.00003581,177635.467778324,12670,2024,3,0.0468301742748697,3445024.88081337,4141343.11925825
UF,52,7364546.00008126,155497.101466354,15898,2024,3,0.0211142820568489,7059777.28150684,7669314.71865568
UF,53,2986253.00002608,74756.0269478037,8681,2024,3,0.0250333869726211,2839733.87958108,3132772.12047108
region,Central-West,16975694.0001746,256142.926350949,47829,2024,3,0.015088804401653,16473663.089632,17477724.9107171
region,North,18345212.000318,264851.73909421,66510,2024,3,0.0144371043021808,17826112.1304505,18864311.8701854
region,Northeast,56972870.0005407,445202.270426042,158796,2024,3,0.00781428547345108,56100289.5846702,57845450.4164112
region,South,31090797.0002759,323040.885368166,81387,2024,3,0.0103902413748126,30457648.4994203,31723945.5011314
region,Southeast,88715013.0007701,751625.537204369,125256,2024,3,0.00847236010885604,87241854.017989,90188171.9835512
Brazil,Brazil,212313960.002344,971924.75889996,469334,2024,4,0.004577771329258,210409022.479217,214218897.52547
UF,11,1737855.00006794,63784.9873931412,7509,2024,4,0.0367032850212748,1612838.72202304,1862871.27811284
UF,12,862706.00001099,22268.2713945788,9297,2024,4,0.0258121206926753,819060.990079652,906351.009942328
UF,13,4139259.00007822,119256.732635066,13366,2024,4,0.0288111308407645,3905520.09919957,4372997.90095687
UF,14,636191.00001353,25884.2554584403,5756,2024,4,0.0406862961876069,585458.791548353,686923.208478707
UF,15,8639192.00017754,207391.169439911,16693,2024,4,0.0240058525653382,8232712.77736367,9045671.22299141
UF,16,797186.00006913,50506.9997561295,4254,2024,4,0.0633566065532381,698194.099579943,896177.900558317
UF,17,1565232.0000187,44694.7348043581,7209,2024,4,0.0285547029474379,1477631.92950359,1652832.07053381
UF,21,6975156.00008428,114542.135365296,30460,2024,4,0.0164214442463957,6750657.54005599,7199654.46011257
UF,22,3377811.00002684,112760.671715472,11279,2024,4,0.0333827652626437,3156804.14459197,3598817.85546171
UF,23,9232651.00008734,153482.746958265,22328,2024,4,0.0166239086646743,8931830.34380087,9533471.65637381
UF,24,3453316.0000372,126999.992129066,9483,2024,4,0.036776244087624,3204400.58942736,3702231.41064704
UF,25,4126985.00004146,98010.6614325543,12747,2024,4,0.0237487321692639,3934887.63353271,4319082.36655022
UF,26,9495219.0001028,170960.513434572,19279,2024,4,0.0180049047244431,9160142.55099256,9830295.44921304
UF,27,3213022.00002689,69952.5115245087,19703,2024,4,0.0217715631962443,3075917.59681073,3350126.40324305
UF,28,2295691.00002169,64064.8250660349,8956,2024,4,0.0279065540900015,2170126.2502164,2421255.74982698
UF,29,14839161.0001799,254138.603511396,22272,2024,4,0.0171262110781273,14341058.4902163,15337263.5101435
UF,31,21346936.0002021,317590.169013218,34880,2024,4,0.0148775528727032,20724470.7070922,21969401.293312
UF,32,4109921.00004161,71645.0481977876,16303,2024,4,0.0174322202779718,3969499.28590331,4250342.71417991
UF,33,17250027.0001667,232800.462924129,33474,2024,4,0.0134956578863256,16793746.4772511,17706307.5230822
UF,35,46062574.0004131,616190.469791157,37460,2024,4,0.0133772478669045,44854862.8720056,47270285.1288206
UF,41,11835098.0000994,221004.758242987,25314,2024,4,0.0186736736984461,11401936.6335311,12268259.3666676
UF,42,8083248.00008494,114840.43765537,29676,2024,4,0.0142072144333767,7858164.8783116,8308331.12185828
UF,43,11221790.0001081,177571.905350285,25158,2024,4,0.0158238485436436,10873755.4609554,11569824.5392608
UF,50,2837378.00002908,66070.7106038576,10173,2024,4,0.0232858331188796,2707881.78681255,2966874.21324561
UF,51,3807474.00003736,175252.296400344,12276,2024,4,0.0460284945868637,3463985.81088475,4150962.18918997
UF,52,7382955.00008947,157428.925162855,15558,2024,4,0.0213232946917525,7074399.97664542,7691510.02353352
UF,53,2989926.00002744,79591.0433969045,8471,2024,4,0.0266197368751515,2833930.42147754,3145921.57857734
region,Central-West,17017733.0001834,257288.372959667,46478,2024,4,0.0151188394457061,16513457.0555415,17522008.9448252
region,North,18377621.000436,258881.74738391,64084,2024,4,0.0140867932458596,17870222.0993088,18885019.9015633
region,Northeast,57009012.0006084,421827.564126284,156507,2024,4,0.00739931371064248,56182245.1672346,57835778.8339822
region,South,31140136.0002924,305881.040368063,80148,2024,4,0.00982272654060312,30540620.1776174,31739651.8229675
region,Southeast,88769458.0008234,734767.499951,122117,2024,4,0.00827725567440306,87329340.163909,90209575.8377379
