year,quarter,geography_value,age,sex,persons_married,opposite_sex_people,same_sex_people,population,population_se,population_cv,unweighted_n,precision_pass,geography_level,geography,formal_marriage_rate_100k,offset_log_population,fixed_denominator_simplification,period,period_index,trend_2018q4,calendar_quarter,treated_age,partial_2019q1,post_full,pandemic,short_run_clean,full_dynamic,exclude_pandemic,post_pandemic,event_time
2013,1,1,15,combined,17,17,0,351144.84996324,9753.93195908083,0.0277775167715031,1783,TRUE,region,North,4.84130694264195,12.7689540952778,TRUE,2013Q1,1,-23,1,1,0,0,0,1,1,1,0,-24
2013,1,1,16,combined,377,377,0,332037.36928787,10055.6900196108,0.0302848141496168,1673,TRUE,region,North,113.541436859521,12.7130027996604,TRUE,2013Q1,1,-23,1,0,0,0,0,1,1,1,0,-24
2013,1,1,17,combined,461,461,0,336859.59513096,10366.8861941809,0.0307750954523074,1668,TRUE,region,North,136.852269213462,12.7274214908605,TRUE,2013Q1,1,-23,1,0,0,0,0,1,1,1,0,-24
2013,1,1,18,combined,825,825,0,353692.59187332,11176.4273707625,0.031599269047641,1699,TRUE,region,North,233.253401104733,12.776183430313,TRUE,2013Q1,1,-23,1,0,0,0,0,1,1,1,0,-24
2013,1,1,19,combined,1034,1034,0,308451.06807917,9955.56934438982,0.0322760086596119,1475,TRUE,region,North,335.223348856942,12.6393184973621,TRUE,2013Q1,1,-23,1,0,0,0,0,1,1,1,0,-24
2013,1,1,15,female,17,17,0,172705.51232325,7162.53142166412,0.0414725119384616,857,TRUE,region,North,9.84334534046683,12.0593431821155,TRUE,2013Q1,1,-23,1,1,0,0,0,1,1,1,0,-24
2013,1,1,16,female,365,365,0,167760.39524333,7195.22545671285,0.0428898933283774,825,TRUE,region,North,217.572210336404,12.0302920215776,TRUE,2013Q1,1,-23,1,0,0,0,0,1,1,1,0,-24
2013,1,1,17,female,423,423,0,173317.42678969,7322.32441110194,0.0422480563364648,823,TRUE,region,North,244.060858642498,12.0628800291575,TRUE,2013Q1,1,-23,1,0,0,0,0,1,1,1,0,-24
2013,1,1,18,female,684,684,0,177904.88857862,7968.16339607245,0.0447888951210644,824,TRUE,region,North,384.475100973814,12.0890043526391,TRUE,2013Q1,1,-23,1,0,0,0,0,1,1,1,0,-24
2013,1,1,19,female,726,726,0,159465.04357442,6824.07317135004,0.0427935365543944,731,TRUE,region,North,455.272192404467,11.9795800146446,TRUE,2013Q1,1,-23,1,0,0,0,0,1,1,1,0,-24
2013,1,1,15,male,0,0,0,178439.33763999,6972.72021113155,0.0390761381618629,926,TRUE,region,North,0,12.0920039772873,TRUE,2013Q1,1,-23,1,1,0,0,0,1,1,1,0,-24
2013,1,1,16,male,12,12,0,164276.97404454,6971.54468224675,0.0424377471206438,848,TRUE,region,North,7.30473644878951,12.0093091484009,TRUE,2013Q1,1,-23,1,0,0,0,0,1,1,1,0,-24
2013,1,1,17,male,38,38,0,163542.16834127,6865.57024679833,0.041980428145429,845,TRUE,region,North,23.2355975131159,12.0048261464105,TRUE,2013Q1,1,-23,1,0,0,0,0,1,1,1,0,-24
2013,1,1,18,male,141,141,0,175787.7032947,7279.66728757567,0.0414116980376702,875,TRUE,region,North,80.2103886434081,12.0770323146577,TRUE,2013Q1,1,-23,1,0,0,0,0,1,1,1,0,-24
2013,1,1,19,male,308,308,0,148986.02450475,6907.06968345941,0.0463605207697799,744,TRUE,region,North,206.730799767182,11.9116077852584,TRUE,2013Q1,1,-23,1,0,0,0,0,1,1,1,0,-24
2013,1,2,15,combined,59,59,0,1042299.33300129,20866.3990623671,0.0200195840117085,3919,TRUE,region,Northeast,5.66056200286631,13.8569397277975,TRUE,2013Q1,1,-23,1,1,0,0,0,1,1,1,0,-24
2013,1,2,16,combined,1547,1547,0,1075870.47178783,22123.1029248448,0.0205629799357554,4058,TRUE,region,Northeast,143.790543617139,13.8886406330783,TRUE,2013Q1,1,-23,1,0,0,0,0,1,1,1,0,-24
2013,1,2,17,combined,2022,2022,0,1068533.49235518,22474.2449919083,0.0210327941545119,3963,TRUE,region,Northeast,189.231316984109,13.8817976984585,TRUE,2013Q1,1,-23,1,0,0,0,0,1,1,1,0,-24
2013,1,2,18,combined,3246,3244,2,1025675.84755718,20327.6208794984,0.0198187574835773,3795,TRUE,region,Northeast,316.474255266018,13.8408623167405,TRUE,2013Q1,1,-23,1,0,0,0,0,1,1,1,0,-24
2013,1,2,19,combined,3922,3920,2,959653.60059475,21155.8039341212,0.0220452504122423,3420,TRUE,region,Northeast,408.689135076378,13.7743276656144,TRUE,2013Q1,1,-23,1,0,0,0,0,1,1,1,0,-24
2013,1,2,15,female,56,56,0,541892.37674328,14686.4842302189,0.027102215975953,1977,TRUE,region,Northeast,10.3341553421649,13.2028226938105,TRUE,2013Q1,1,-23,1,1,0,0,0,1,1,1,0,-24
2013,1,2,16,female,1483,1483,0,532221.93589533,15195.4684720359,0.0285509999629634,1952,TRUE,region,Northeast,278.64315616853,13.184815854067,TRUE,2013Q1,1,-23,1,0,0,0,0,1,1,1,0,-24
2013,1,2,17,female,1814,1814,0,501475.89768201,14638.7371367117,0.0291913075072538,1867,TRUE,region,Northeast,361.732240449624,13.1253108247746,TRUE,2013Q1,1,-23,1,0,0,0,0,1,1,1,0,-24
2013,1,2,18,female,2605,2605,0,507633.20955165,14293.5827053153,0.0281573042038358,1853,TRUE,region,Northeast,513.165795890458,13.1375144373309,TRUE,2013Q1,1,-23,1,0,0,0,0,1,1,1,0,-24
2013,1,2,19,female,2742,2741,1,473524.94898227,14446.07236886,0.0305075210924122,1692,TRUE,region,Northeast,579.061357990383,13.0679598807846,TRUE,2013Q1,1,-23,1,0,0,0,0,1,1,1,0,-24
2013,1,2,15,male,3,3,0,500406.95625801,14562.6226308041,0.0291015591383898,1942,TRUE,region,Northeast,0.599512049639294,13.1231769588732,TRUE,2013Q1,1,-23,1,1,0,0,0,1,1,1,0,-24
2013,1,2,16,male,64,64,0,543648.5358925,14357.2931736702,0.0264091452947629,2106,TRUE,region,Northeast,11.7723116636251,13.2060582433155,TRUE,2013Q1,1,-23,1,0,0,0,0,1,1,1,0,-24
2013,1,2,17,male,208,208,0,567057.59467317,16243.4033605172,0.0286450680020947,2096,TRUE,region,Northeast,36.6805774146951,13.248216155458,TRUE,2013Q1,1,-23,1,0,0,0,0,1,1,1,0,-24
2013,1,2,18,male,641,639,2,518042.63800553,14409.4083384179,0.0278151010771898,1942,TRUE,region,Northeast,123.73498877773,13.1578128306061,TRUE,2013Q1,1,-23,1,0,0,0,0,1,1,1,0,-24
2013,1,2,19,male,1180,1179,1,486128.65161248,14982.6459846461,0.0308203310686356,1728,TRUE,region,Northeast,242.73409849141,13.0942285831037,TRUE,2013Q1,1,-23,1,0,0,0,0,1,1,1,0,-24
2013,1,3,15,combined,34,34,0,1426154.17267205,36635.5847574672,0.0256883760952903,2571,TRUE,region,Southeast,2.3840339741318,14.1704919895906,TRUE,2013Q1,1,-23,1,1,0,0,0,1,1,1,0,-24
2013,1,3,16,combined,1545,1544,1,1363531.72573764,34536.9782189766,0.0253290609723751,2475,TRUE,region,Southeast,113.308694681394,14.1255887488648,TRUE,2013Q1,1,-23,1,0,0,0,0,1,1,1,0,-24
2013,1,3,17,combined,2048,2048,0,1375493.75014919,35095.270221978,0.0255146707996103,2523,TRUE,region,Southeast,148.891988769696,14.1343233156427,TRUE,2013Q1,1,-23,1,0,0,0,0,1,1,1,0,-24
2013,1,3,18,combined,4427,4425,2,1366650.99692134,35529.6900505537,0.0259976322635344,2476,TRUE,region,Southeast,323.930543348135,14.1278737772734,TRUE,2013Q1,1,-23,1,0,0,0,0,1,1,1,0,-24
2013,1,3,19,combined,5414,5410,4,1259230.23121485,35092.4298650084,0.0278681602419541,2247,TRUE,region,Southeast,429.945205077932,14.0460111646281,TRUE,2013Q1,1,-23,1,0,0,0,0,1,1,1,0,-24
2013,1,3,15,female,31,31,0,716912.94537915,25795.6771916418,0.0359816032865739,1270,TRUE,region,Southeast,4.32409544280236,13.4827096971185,TRUE,2013Q1,1,-23,1,1,0,0,0,1,1,1,0,-24
2013,1,3,16,female,1498,1497,1,681357.86671126,24396.538421542,0.0358057631877032,1225,TRUE,region,Southeast,219.855097179763,13.4318429488826,TRUE,2013Q1,1,-23,1,0,0,0,0,1,1,1,0,-24
2013,1,3,17,female,1907,1907,0,684006.4669678,24798.0399524877,0.0362541016058186,1238,TRUE,region,Southeast,278.798533653304,13.4357226511913,TRUE,2013Q1,1,-23,1,0,0,0,0,1,1,1,0,-24
2013,1,3,18,female,3645,3643,2,663787.52537382,24607.4119454392,0.0370712178292011,1183,TRUE,region,Southeast,549.121497567655,13.4057173853433,TRUE,2013Q1,1,-23,1,0,0,0,0,1,1,1,0,-24
2013,1,3,19,female,3859,3857,2,622451.89029739,25056.4630207569,0.0402544572702408,1089,TRUE,region,Southeast,619.967592701225,13.3414216196716,TRUE,2013Q1,1,-23,1,0,0,0,0,1,1,1,0,-24
2013,1,3,15,male,3,3,0,709241.2272929,25756.7482401751,0.0363159208024128,1301,TRUE,region,Southeast,0.422987255189703,13.4719509836033,TRUE,2013Q1,1,-23,1,1,0,0,0,1,1,1,0,-24
2013,1,3,16,male,47,47,0,682173.85902638,24322.1501312186,0.0356538876554606,1250,TRUE,region,Southeast,6.88973923261731,13.4330398295963,TRUE,2013Q1,1,-23,1,0,0,0,0,1,1,1,0,-24
2013,1,3,17,male,141,141,0,691487.28318139,24819.8637788458,0.0358934493555033,1285,TRUE,region,Southeast,20.3908305227665,13.4466000397246,TRUE,2013Q1,1,-23,1,0,0,0,0,1,1,1,0,-24
2013,1,3,18,male,782,782,0,702863.47154752,24918.724044556,0.0354531499406159,1293,TRUE,region,Southeast,111.259160798077,13.4629179436069,TRUE,2013Q1,1,-23,1,0,0,0,0,1,1,1,0,-24
2013,1,3,19,male,1555,1553,2,636778.34091746,24562.0046166014,0.0385722990848163,1158,TRUE,region,Southeast,244.198004247378,13.3641769005555,TRUE,2013Q1,1,-23,1,0,0,0,0,1,1,1,0,-24
2013,1,4,15,combined,20,20,0,454125.61593063,13743.7933381599,0.0302642988107928,1472,TRUE,region,South,4.40406779498981,13.0261291258245,TRUE,2013Q1,1,-23,1,1,0,0,0,1,1,1,0,-24
2013,1,4,16,combined,669,669,0,474919.83887406,13406.3609923108,0.028228681758367,1580,TRUE,region,South,140.865877826049,13.07090130851,TRUE,2013Q1,1,-23,1,0,0,0,0,1,1,1,0,-24
2013,1,4,17,combined,938,938,0,466008.63694671,13489.0754398765,0.0289459773283538,1521,TRUE,region,South,201.283823009329,13.0519594471564,TRUE,2013Q1,1,-23,1,0,0,0,0,1,1,1,0,-24
2013,1,4,18,combined,1721,1721,0,481484.18690196,13894.6708797223,0.0288580004446783,1554,TRUE,region,South,357.436453120823,13.0846286683559,TRUE,2013Q1,1,-23,1,0,0,0,0,1,1,1,0,-24
2013,1,4,19,combined,1861,1860,1,438763.79642249,12959.6644231155,0.0295367679119917,1401,TRUE,region,South,424.146206950955,12.9917164981054,TRUE,2013Q1,1,-23,1,0,0,0,0,1,1,1,0,-24
2013,1,4,15,female,20,20,0,219212.01575184,9443.02216311795,0.0430771193391514,707,TRUE,region,South,9.12358746914726,12.2977946489398,TRUE,2013Q1,1,-23,1,1,0,0,0,1,1,1,0,-24
2013,1,4,16,female,645,645,0,244611.38620151,9771.02188161317,0.039945082006787,787,TRUE,region,South,263.683555379818,12.4074260514441,TRUE,2013Q1,1,-23,1,0,0,0,0,1,1,1,0,-24
2013,1,4,17,female,845,845,0,232233.94672439,9548.36115948724,0.0411152688664376,739,TRUE,region,South,363.857227558048,12.3555005336171,TRUE,2013Q1,1,-23,1,0,0,0,0,1,1,1,0,-24
2013,1,4,18,female,1326,1326,0,246595.39612373,10087.1887016779,0.0409058273602829,766,TRUE,region,South,537.722934346542,12.4155042001291,TRUE,2013Q1,1,-23,1,0,0,0,0,1,1,1,0,-24
2013,1,4,19,female,1243,1243,0,228121.34104409,9862.76680990438,0.043234739743171,704,TRUE,region,South,544.885451887537,12.3376329639315,TRUE,2013Q1,1,-23,1,0,0,0,0,1,1,1,0,-24
2013,1,4,15,male,0,0,0,234913.60017879,9643.49793077895,0.0410512542630116,765,TRUE,region,South,0,12.3669730667096,TRUE,2013Q1,1,-23,1,1,0,0,0,1,1,1,0,-24
2013,1,4,16,male,24,24,0,230308.45267255,9288.57815835261,0.0403310345346248,793,TRUE,region,South,10.42080727889,12.3471747880121,TRUE,2013Q1,1,-23,1,0,0,0,0,1,1,1,0,-24
2013,1,4,17,male,93,93,0,233774.69022232,9355.55606559902,0.040019542135643,782,TRUE,region,South,39.7818942296777,12.3621130681924,TRUE,2013Q1,1,-23,1,0,0,0,0,1,1,1,0,-24
2013,1,4,18,male,395,395,0,234888.79077823,9283.73951181297,0.0395239784795785,788,TRUE,region,South,168.164687080764,12.3668674503864,TRUE,2013Q1,1,-23,1,0,0,0,0,1,1,1,0,-24
2013,1,4,19,male,618,617,1,210642.4553784,9001.230205332,0.0427322696612234,697,TRUE,region,South,293.388148599872,12.257917450855,TRUE,2013Q1,1,-23,1,0,0,0,0,1,1,1,0,-24
2013,1,5,15,combined,27,27,0,257031.9956908,9368.38416053678,0.0364483189548378,956,TRUE,region,Central-West,10.5045287951155,12.4569558529796,TRUE,2013Q1,1,-23,1,1,0,0,0,1,1,1,0,-24
2013,1,5,16,combined,441,441,0,246157.95331472,9020.46717207671,0.0366450364516307,923,TRUE,region,Central-West,179.153260766744,12.4137286955103,TRUE,2013Q1,1,-23,1,0,0,0,0,1,1,1,0,-24
2013,1,5,17,combined,598,598,0,271089.67555141,9433.8736834131,0.0347998265305535,993,TRUE,region,Central-West,220.591211665895,12.5102049512183,TRUE,2013Q1,1,-23,1,0,0,0,0,1,1,1,0,-24
2013,1,5,18,combined,976,976,0,253745.56692196,9025.42078272811,0.0355687821159213,946,TRUE,region,Central-West,384.637261584227,12.4440873389272,TRUE,2013Q1,1,-23,1,0,0,0,0,1,1,1,0,-24
2013,1,5,19,combined,1216,1216,0,233453.49993478,9050.55583308568,0.0387681308509581,866,TRUE,region,Central-West,520.874606865913,12.3607381925111,TRUE,2013Q1,1,-23,1,0,0,0,0,1,1,1,0,-24
2013,1,5,15,female,25,25,0,126965.23430708,6760.3591114701,0.0532457498965377,470,TRUE,region,Central-West,19.6904295387938,11.751668582352,TRUE,2013Q1,1,-23,1,1,0,0,0,1,1,1,0,-24
2013,1,5,16,female,428,428,0,127403.00353281,6458.85863887688,0.0506962823463854,465,TRUE,region,Central-West,335.941844487032,11.7551105974531,TRUE,2013Q1,1,-23,1,0,0,0,0,1,1,1,0,-24
2013,1,5,17,female,543,543,0,136006.40268118,6961.11121883421,0.0511822317303115,489,TRUE,region,Central-West,399.245909968574,11.8204572421481,TRUE,2013Q1,1,-23,1,0,0,0,0,1,1,1,0,-24
2013,1,5,18,female,755,755,0,125503.42129928,6493.12316893034,0.051736622808446,459,TRUE,region,Central-West,601.577225691401,11.7400882985312,TRUE,2013Q1,1,-23,1,0,0,0,0,1,1,1,0,-24
2013,1,5,19,female,821,821,0,125066.58680889,6534.36287070402,0.0522470712396506,438,TRUE,region,Central-West,656.450312547941,11.7366015689242,TRUE,2013Q1,1,-23,1,0,0,0,0,1,1,1,0,-24
2013,1,5,15,male,2,2,0,130066.76138372,6541.51174256752,0.0502934929183706,486,TRUE,region,Central-West,1.53767186844888,11.775803146722,TRUE,2013Q1,1,-23,1,1,0,0,0,1,1,1,0,-24
2013,1,5,16,male,13,13,0,118754.94978191,6299.49856543785,0.05304619788065,458,TRUE,region,Central-West,10.9469121277674,11.6848174034022,TRUE,2013Q1,1,-23,1,0,0,0,0,1,1,1,0,-24
2013,1,5,17,male,55,55,0,135083.27287023,6411.12018509345,0.0474605037979232,504,TRUE,region,Central-West,40.7156258738539,11.8136467033312,TRUE,2013Q1,1,-23,1,0,0,0,0,1,1,1,0,-24
2013,1,5,18,male,221,221,0,128242.14562268,6355.20717344345,0.0495563072700143,487,TRUE,region,Central-West,172.330242079883,11.7616755184495,TRUE,2013Q1,1,-23,1,0,0,0,0,1,1,1,0,-24
2013,1,5,19,male,395,395,0,108386.91312589,5828.25381498461,0.0537726709516597,428,TRUE,region,Central-West,364.435141299035,11.5934626330786,TRUE,2013Q1,1,-23,1,0,0,0,0,1,1,1,0,-24
2013,2,1,15,combined,23,23,0,349502.74608523,10022.0254177968,0.0286750977783529,1783,TRUE,region,North,6.5807780504223,12.7642666978075,TRUE,2013Q2,2,-22,2,1,0,0,0,1,1,1,0,-23
2013,2,1,16,combined,398,398,0,338376.58556073,10129.2575286713,0.0299348653568506,1682,TRUE,region,North,117.620431490692,12.731914712715,TRUE,2013Q2,2,-22,2,0,0,0,0,1,1,1,0,-23
2013,2,1,17,combined,509,509,0,345590.61761774,10503.645385585,0.0303933175558695,1740,TRUE,region,North,147.284091075357,12.7530101674467,TRUE,2013Q2,2,-22,2,0,0,0,0,1,1,1,0,-23
2013,2,1,18,combined,966,966,0,331181.26366481,10300.7506874716,0.031103059917958,1653,TRUE,region,North,291.68316749274,12.7104211288327,TRUE,2013Q2,2,-22,2,0,0,0,0,1,1,1,0,-23
2013,2,1,19,combined,1081,1081,0,342232.18135549,10956.0683512152,0.0320135538037983,1615,TRUE,region,North,315.867431203708,12.7432446785535,TRUE,2013Q2,2,-22,2,0,0,0,0,1,1,1,0,-23
2013,2,1,15,female,21,21,0,175541.12731491,7247.74273022061,0.0412880037919467,884,TRUE,region,North,11.9630085104372,12.0756286381086,TRUE,2013Q2,2,-22,2,1,0,0,0,1,1,1,0,-23
2013,2,1,16,female,382,382,0,168048.24764839,6904.24964050144,0.0410849249374341,828,TRUE,region,North,227.315669961203,12.032006405538,TRUE,2013Q2,2,-22,2,0,0,0,0,1,1,1,0,-23
2013,2,1,17,female,476,476,0,178941.47058492,7550.39848436017,0.0421947939719037,859,TRUE,region,North,266.008767248901,12.0948140513808,TRUE,2013Q2,2,-22,2,0,0,0,0,1,1,1,0,-23
2013,2,1,18,female,762,762,0,165447.9981791,7453.78425967213,0.0450521272043636,804,TRUE,region,North,460.567675877905,12.0164122140266,TRUE,2013Q2,2,-22,2,0,0,0,0,1,1,1,0,-23
2013,2,1,19,female,750,750,0,171813.44400859,7586.84851734304,0.0441574788347979,773,TRUE,region,North,436.519973351156,12.0541645393041,TRUE,2013Q2,2,-22,2,0,0,0,0,1,1,1,0,-23
2013,2,1,15,male,2,2,0,173961.61877032,7031.4764082887,0.0404196998050029,899,TRUE,region,North,1.14967888557107,12.0665899720852,TRUE,2013Q2,2,-22,2,1,0,0,0,1,1,1,0,-23
2013,2,1,16,male,16,16,0,170328.33791234,7026.93493168909,0.041255231030937,854,TRUE,region,North,9.39362186944749,12.0454832527629,TRUE,2013Q2,2,-22,2,0,0,0,0,1,1,1,0,-23
2013,2,1,17,male,33,33,0,166649.14703282,6850.87467574593,0.0411095694020967,881,TRUE,region,North,19.8020815513091,12.0236459654079,TRUE,2013Q2,2,-22,2,0,0,0,0,1,1,1,0,-23
2013,2,1,18,male,204,204,0,165733.26548571,6721.6744274666,0.0405571833015392,849,TRUE,region,North,123.089350470554,12.0181349405722,TRUE,2013Q2,2,-22,2,0,0,0,0,1,1,1,0,-23
2013,2,1,19,male,331,331,0,170418.7373469,7179.65189482137,0.0421294747666547,842,TRUE,region,North,194.227468852926,12.0460138482881,TRUE,2013Q2,2,-22,2,0,0,0,0,1,1,1,0,-23
2013,2,2,15,combined,49,49,0,1044705.85379691,21010.9181725574,0.0201118028545496,3942,TRUE,region,Northeast,4.69031544352058,13.859245924138,TRUE,2013Q2,2,-22,2,1,0,0,0,1,1,1,0,-23
2013,2,2,16,combined,1374,1373,1,1073261.35753877,20524.0271938261,0.0191230468232754,4060,TRUE,region,Northeast,128.021007217747,13.8862125684103,TRUE,2013Q2,2,-22,2,0,0,0,0,1,1,1,0,-23
2013,2,2,17,combined,1719,1719,0,1041653.10881452,21665.8988302348,0.0207995335941466,3906,TRUE,region,Northeast,165.026147904109,13.8563195368618,TRUE,2013Q2,2,-22,2,0,0,0,0,1,1,1,0,-23
2013,2,2,18,combined,3096,3095,1,1029405.63076215,20926.21601117,0.0203284452560033,3821,TRUE,region,Northeast,300.756077825977,13.8444921361316,TRUE,2013Q2,2,-22,2,0,0,0,0,1,1,1,0,-23
2013,2,2,19,combined,3681,3679,2,968028.70456485,20872.0827191015,0.021561429553356,3465,TRUE,region,Northeast,380.257319090005,13.7830170192951,TRUE,2013Q2,2,-22,2,0,0,0,0,1,1,1,0,-23
2013,2,2,15,female,44,44,0,530691.63218888,14945.2738914494,0.0281618796772928,1931,TRUE,region,Northeast,8.2910672283485,13.1819364011938,TRUE,2013Q2,2,-22,2,1,0,0,0,1,1,1,0,-23
2013,2,2,16,female,1313,1312,1,544226.25249973,14515.6457047318,0.0266720791914371,2014,TRUE,region,Northeast,241.259952817262,13.2071203447038,TRUE,2013Q2,2,-22,2,0,0,0,0,1,1,1,0,-23
2013,2,2,17,female,1546,1546,0,496122.40982996,14290.2989370682,0.0288039779173975,1863,TRUE,region,Northeast,311.616643265494,13.1145779692704,TRUE,2013Q2,2,-22,2,0,0,0,0,1,1,1,0,-23
2013,2,2,18,female,2434,2434,0,517263.69023425,14409.6611809036,0.0278574766660656,1887,TRUE,region,Northeast,470.553036285561,13.1563080626026,TRUE,2013Q2,2,-22,2,0,0,0,0,1,1,1,0,-23
2013,2,2,19,female,2527,2526,1,466162.27210185,13876.0693393356,0.0297666074021192,1679,TRUE,region,Northeast,542.085911115494,13.0522890758866,TRUE,2013Q2,2,-22,2,0,0,0,0,1,1,1,0,-23
2013,2,2,15,male,5,5,0,514014.22160803,14094.9751482305,0.0274213719304033,2011,TRUE,region,Northeast,0.972735731777638,13.1500062125527,TRUE,2013Q2,2,-22,2,1,0,0,0,1,1,1,0,-23
2013,2,2,16,male,61,61,0,529035.10503904,14199.8987864799,0.0268411276515044,2046,TRUE,region,Northeast,11.5304257541659,13.178810069771,TRUE,2013Q2,2,-22,2,0,0,0,0,1,1,1,0,-23
2013,2,2,17,male,173,173,0,545530.69898456,15549.4963766334,0.0285034305229329,2043,TRUE,region,Northeast,31.7122391685782,13.2095143594537,TRUE,2013Q2,2,-22,2,0,0,0,0,1,1,1,0,-23
2013,2,2,18,male,662,661,1,512141.9405279,14346.9219931535,0.028013565884421,1934,TRUE,region,Northeast,129.261040272865,13.1463570931947,TRUE,2013Q2,2,-22,2,0,0,0,0,1,1,1,0,-23
2013,2,2,19,male,1154,1153,1,501866.432463,15273.3109960545,0.0304330196405008,1786,TRUE,region,Northeast,229.941658846665,13.1260892924799,TRUE,2013Q2,2,-22,2,0,0,0,0,1,1,1,0,-23
2013,2,3,15,combined,34,34,0,1386558.61194531,35464.6858374135,0.0255774876964323,2532,TRUE,region,Southeast,2.45211415565757,14.1423354164552,TRUE,2013Q2,2,-22,2,1,0,0,0,1,1,1,0,-23
2013,2,3,16,combined,1509,1509,0,1342065.96129863,33519.8586886665,0.0249763123835072,2462,TRUE,region,Southeast,112.438586739793,14.1097207467952,TRUE,2013Q2,2,-22,2,0,0,0,0,1,1,1,0,-23
2013,2,3,17,combined,2121,2121,0,1376823.25633148,35188.4187652772,0.0255576876722987,2514,TRUE,region,Southeast,154.050274081756,14.1352894153198,TRUE,2013Q2,2,-22,2,0,0,0,0,1,1,1,0,-23
2013,2,3,18,combined,4566,4559,7,1343689.28000967,34677.8399234629,0.025807930776387,2436,TRUE,region,Southeast,339.810703853136,14.1109295828676,TRUE,2013Q2,2,-22,2,0,0,0,0,1,1,1,0,-23
2013,2,3,19,combined,5967,5957,10,1313946.38230609,33864.5275321279,0.0257731426397268,2334,TRUE,region,Southeast,454.128119712723,14.0885456722521,TRUE,2013Q2,2,-22,2,0,0,0,0,1,1,1,0,-23
2013,2,3,15,female,33,33,0,691149.309896,24946.3420861746,0.0360939984009076,1254,TRUE,region,Southeast,4.77465571150836,13.4461111574054,TRUE,2013Q2,2,-22,2,1,0,0,0,1,1,1,0,-23
2013,2,3,16,female,1469,1469,0,683420.58238997,24179.412176976,0.0353799882532348,1205,TRUE,region,Southeast,214.948164842037,13.4348657358422,TRUE,2013Q2,2,-22,2,0,0,0,0,1,1,1,0,-23
2013,2,3,17,female,1951,1951,0,710677.32519396,26259.2079636948,0.0369495508478874,1253,TRUE,region,Southeast,274.526839514336,13.473973773415,TRUE,2013Q2,2,-22,2,0,0,0,0,1,1,1,0,-23
2013,2,3,18,female,3719,3714,5,667364.59620444,24440.413158771,0.0366222800816421,1199,TRUE,region,Southeast,557.266600768364,13.4110917965511,TRUE,2013Q2,2,-22,2,0,0,0,0,1,1,1,0,-23
2013,2,3,19,female,4286,4277,9,645926.31393891,24442.3964742715,0.0378408433699192,1116,TRUE,region,Southeast,663.543179385839,13.3784407111488,TRUE,2013Q2,2,-22,2,0,0,0,0,1,1,1,0,-23
2013,2,3,15,male,1,1,0,695409.30204931,25163.5944849414,0.0361853003846605,1278,TRUE,region,Southeast,0.143800204721606,13.4522558750113,TRUE,2013Q2,2,-22,2,1,0,0,0,1,1,1,0,-23
2013,2,3,16,male,40,40,0,658645.37890866,23592.3134121892,0.0358194472589794,1257,TRUE,region,Southeast,6.07307077235976,13.3979405486289,TRUE,2013Q2,2,-22,2,0,0,0,0,1,1,1,0,-23
2013,2,3,17,male,170,170,0,666145.93113752,23230.8907267797,0.034873575955212,1261,TRUE,region,Southeast,25.5199337042719,13.4092640413423,TRUE,2013Q2,2,-22,2,0,0,0,0,1,1,1,0,-23
2013,2,3,18,male,847,845,2,676324.68380523,24398.2175155344,0.0360747110075324,1237,TRUE,region,Southeast,125.235707091821,13.4244285412043,TRUE,2013Q2,2,-22,2,0,0,0,0,1,1,1,0,-23
2013,2,3,19,male,1681,1680,1,668020.06836718,23826.8707530068,0.0356678966415576,1218,TRUE,region,Southeast,251.639146726357,13.4120734945334,TRUE,2013Q2,2,-22,2,0,0,0,0,1,1,1,0,-23
2013,2,4,15,combined,31,31,0,469938.0597782,13301.6900553735,0.0283051984800968,1542,TRUE,region,South,6.59661403348162,13.0603561772955,TRUE,2013Q2,2,-22,2,1,0,0,0,1,1,1,0,-23
2013,2,4,16,combined,749,749,0,455186.9608953,12903.5145971815,0.0283477245740999,1524,TRUE,region,South,164.547771431502,13.0284635166021,TRUE,2013Q2,2,-22,2,0,0,0,0,1,1,1,0,-23
2013,2,4,17,combined,966,966,0,470211.1184155,13447.4666209203,0.0285987848739841,1539,TRUE,region,South,205.439633851107,13.0609370609495,TRUE,2013Q2,2,-22,2,0,0,0,0,1,1,1,0,-23
2013,2,4,18,combined,1782,1782,0,469331.46660191,13371.3758400695,0.0284902607039795,1536,TRUE,region,South,379.689010179133,13.0590645496134,TRUE,2013Q2,2,-22,2,0,0,0,0,1,1,1,0,-23
2013,2,4,19,combined,1971,1970,1,435103.68355635,13232.0559706916,0.0304112708551177,1390,TRUE,region,South,452.995475443898,12.9833396346724,TRUE,2013Q2,2,-22,2,0,0,0,0,1,1,1,0,-23
2013,2,4,15,female,29,29,0,216943.92232164,8794.23851855291,0.0405369204375065,725,TRUE,region,South,13.3675097645763,12.2873941766448,TRUE,2013Q2,2,-22,2,1,0,0,0,1,1,1,0,-23
2013,2,4,16,female,729,729,0,232627.79134838,9444.78900039108,0.0406004327584691,747,TRUE,region,South,313.376142968344,12.3571949932208,TRUE,2013Q2,2,-22,2,0,0,0,0,1,1,1,0,-23
2013,2,4,17,female,843,843,0,248896.29811858,10014.2853673854,0.0402347702359735,790,TRUE,region,South,338.695274446539,12.4247916152783,TRUE,2013Q2,2,-22,2,0,0,0,0,1,1,1,0,-23
2013,2,4,18,female,1389,1389,0,239367.44169477,9892.52253732832,0.0413277698390694,760,TRUE,region,South,580.279419024408,12.3857550632531,TRUE,2013Q2,2,-22,2,0,0,0,0,1,1,1,0,-23
2013,2,4,19,female,1313,1312,1,222659.4387586,9626.15267566916,0.0432326279511803,688,TRUE,region,South,589.689800405682,12.3133987026588,TRUE,2013Q2,2,-22,2,0,0,0,0,1,1,1,0,-23
2013,2,4,15,male,2,2,0,252994.13745656,9986.3617268284,0.0394727001472242,817,TRUE,region,South,0.790532152288868,12.4411215953327,TRUE,2013Q2,2,-22,2,1,0,0,0,1,1,1,0,-23
2013,2,4,16,male,20,20,0,222559.16954692,8632.35438125286,0.0387867837520529,777,TRUE,region,South,8.98637429350382,12.3129482757831,TRUE,2013Q2,2,-22,2,0,0,0,0,1,1,1,0,-23
2013,2,4,17,male,123,123,0,221314.82029692,9008.42318097415,0.040704111766615,749,TRUE,region,South,55.5769377915952,12.3073414930554,TRUE,2013Q2,2,-22,2,0,0,0,0,1,1,1,0,-23
2013,2,4,18,male,393,393,0,229964.02490714,9088.73305447563,0.039522412508416,776,TRUE,region,South,170.896295696118,12.3456781622243,TRUE,2013Q2,2,-22,2,0,0,0,0,1,1,1,0,-23
2013,2,4,19,male,658,658,0,212444.24479775,9134.82969893684,0.0429987157695579,702,TRUE,region,South,309.728324542953,12.2664348554973,TRUE,2013Q2,2,-22,2,0,0,0,0,1,1,1,0,-23
2013,2,5,15,combined,24,24,0,257463.26478015,9061.30841119688,0.0351945681219199,969,TRUE,region,Central-West,9.32171819560115,12.4586323278609,TRUE,2013Q2,2,-22,2,1,0,0,0,1,1,1,0,-23
2013,2,5,16,combined,451,451,0,255447.91537351,9262.17460372775,0.0362585640606415,963,TRUE,region,Central-West,176.552624960966,12.4507738141209,TRUE,2013Q2,2,-22,2,0,0,0,0,1,1,1,0,-23
2013,2,5,17,combined,613,613,0,261591.91257442,9684.99218824338,0.0370232859759688,964,TRUE,region,Central-West,234.334461630425,12.4745409828519,TRUE,2013Q2,2,-22,2,0,0,0,0,1,1,1,0,-23
2013,2,5,18,combined,1115,1115,0,265214.48418232,9688.85777863333,0.0365321592766886,972,TRUE,region,Central-West,420.414444345921,12.4882941518745,TRUE,2013Q2,2,-22,2,0,0,0,0,1,1,1,0,-23
2013,2,5,19,combined,1307,1307,0,237610.88861678,9158.45625772219,0.038543924948208,881,TRUE,region,Central-West,550.058967250418,12.3783896929323,TRUE,2013Q2,2,-22,2,0,0,0,0,1,1,1,0,-23
2013,2,5,15,female,19,19,0,128070.14977114,6430.08319781373,0.0502075090042779,484,TRUE,region,Central-West,14.8356194116684,11.7603334378669,TRUE,2013Q2,2,-22,2,1,0,0,0,1,1,1,0,-23
2013,2,5,16,female,433,433,0,131610.73884428,6848.79661064692,0.0520382810003849,479,TRUE,region,Central-West,329.000508470908,11.7876038967043,TRUE,2013Q2,2,-22,2,0,0,0,0,1,1,1,0,-23
2013,2,5,17,female,561,561,0,123743.10061068,6665.37457891258,0.0538646158534781,440,TRUE,region,Central-West,453.358609273107,11.7259629262357,TRUE,2013Q2,2,-22,2,0,0,0,0,1,1,1,0,-23
2013,2,5,18,female,896,896,0,128185.81856952,6794.26353031319,0.0530032386275897,471,TRUE,region,Central-West,698.985277777873,11.7612361977674,TRUE,2013Q2,2,-22,2,0,0,0,0,1,1,1,0,-23
2013,2,5,19,female,898,898,0,122236.26300683,6274.1748264871,0.0513282611244139,437,TRUE,region,Central-West,734.6428775803,11.7137110329811,TRUE,2013Q2,2,-22,2,0,0,0,0,1,1,1,0,-23
2013,2,5,15,male,5,5,0,129393.11500901,6405.49080243373,0.049504108483575,485,TRUE,region,Central-West,3.86419323752414,11.7706104525933,TRUE,2013Q2,2,-22,2,1,0,0,0,1,1,1,0,-23
2013,2,5,16,male,18,18,0,123837.17652923,6468.69557072437,0.052235489794113,484,TRUE,region,Central-West,14.5352151143008,11.7267228892196,TRUE,2013Q2,2,-22,2,0,0,0,0,1,1,1,0,-23
2013,2,5,17,male,52,52,0,137848.81196374,6799.70605110282,0.0493272735124582,524,TRUE,region,Central-West,37.722486874735,11.8339127980887,TRUE,2013Q2,2,-22,2,0,0,0,0,1,1,1,0,-23
2013,2,5,18,male,219,219,0,137028.6656128,6834.62415558552,0.0498773313234913,501,TRUE,region,Central-West,159.820574053334,11.8279454209727,TRUE,2013Q2,2,-22,2,0,0,0,0,1,1,1,0,-23
2013,2,5,19,male,409,409,0,115374.62560995,6068.0290837447,0.0525941388902881,444,TRUE,region,Central-West,354.497358355655,11.6559397268157,TRUE,2013Q2,2,-22,2,0,0,0,0,1,1,1,0,-23
2013,3,1,15,combined,17,17,0,353581.09224778,10457.6218058145,0.0295763038100636,1816,TRUE,region,North,4.8079493990835,12.775868136166,TRUE,2013Q3,3,-21,3,1,0,0,0,1,1,1,0,-22
2013,3,1,16,combined,441,440,1,341677.42447728,10260.6041811621,0.0300300910920861,1745,TRUE,region,North,129.06910682632,12.7416223676658,TRUE,2013Q3,3,-21,3,0,0,0,0,1,1,1,0,-22
2013,3,1,17,combined,576,576,0,351973.24738117,10256.5575008724,0.0291401621492132,1731,TRUE,region,North,163.648801232958,12.7713104499339,TRUE,2013Q3,3,-21,3,0,0,0,0,1,1,1,0,-22
2013,3,1,18,combined,1039,1039,0,334197.89851323,10390.4288278949,0.031090646811723,1645,TRUE,region,North,310.893636561532,12.7194886070124,TRUE,2013Q3,3,-21,3,0,0,0,0,1,1,1,0,-22
2013,3,1,19,combined,1279,1278,1,335960.19076965,10558.8354929703,0.0314288293168934,1593,TRUE,region,North,380.699867168769,12.7247479520738,TRUE,2013Q3,3,-21,3,0,0,0,0,1,1,1,0,-22
2013,3,1,15,female,17,17,0,174923.46015448,7249.42339747834,0.0414434026806705,900,TRUE,region,North,9.71853631581882,12.0721037866854,TRUE,2013Q3,3,-21,3,1,0,0,0,1,1,1,0,-22
2013,3,1,16,female,422,422,0,166824.17703258,6913.82948575368,0.0414438099365144,845,TRUE,region,North,252.960936182281,12.0246957046416,TRUE,2013Q3,3,-21,3,0,0,0,0,1,1,1,0,-22
2013,3,1,17,female,537,537,0,180982.76384008,7779.00122678028,0.0429820003945457,853,TRUE,region,North,296.713338113515,12.1061570783107,TRUE,2013Q3,3,-21,3,0,0,0,0,1,1,1,0,-22
2013,3,1,18,female,834,834,0,169598.82778987,7311.01485782734,0.0431076968697305,812,TRUE,region,North,491.748681797089,12.0411910906997,TRUE,2013Q3,3,-21,3,0,0,0,0,1,1,1,0,-22
2013,3,1,19,female,898,898,0,176359.55278011,7933.56321101797,0.0449851629013244,788,TRUE,region,North,509.18704762177,12.0802801036335,TRUE,2013Q3,3,-21,3,0,0,0,0,1,1,1,0,-22
2013,3,1,15,male,0,0,0,178657.6320933,7166.19008977328,0.0401113011843283,916,TRUE,region,North,0,12.0932265834643,TRUE,2013Q3,3,-21,3,1,0,0,0,1,1,1,0,-22
2013,3,1,16,male,19,18,1,174853.2474447,7303.30841050395,0.0417682171605862,900,TRUE,region,North,10.8662551469106,12.0717023150654,TRUE,2013Q3,3,-21,3,0,0,0,0,1,1,1,0,-22
2013,3,1,17,male,39,39,0,170990.48354109,6805.55184713038,0.039800763798033,878,TRUE,region,North,22.8082868662267,12.0493631821297,TRUE,2013Q3,3,-21,3,0,0,0,0,1,1,1,0,-22
2013,3,1,18,male,205,205,0,164599.07072336,7034.96171964907,0.0427399844284216,833,TRUE,region,North,124.545053079031,12.0112679215431,TRUE,2013Q3,3,-21,3,0,0,0,0,1,1,1,0,-22
2013,3,1,19,male,381,380,1,159600.63798954,6581.4654345101,0.0412370872536326,805,TRUE,region,North,238.720850241821,11.9804299614181,TRUE,2013Q3,3,-21,3,0,0,0,0,1,1,1,0,-22
2013,3,2,15,combined,83,83,0,1037930.04289569,21239.6777256564,0.0204634964283338,3961,TRUE,region,Northeast,7.99668538049451,13.8527389443825,TRUE,2013Q3,3,-21,3,1,0,0,0,1,1,1,0,-22
2013,3,2,16,combined,1398,1398,0,1048965.21710555,19942.2493671203,0.0190113542774542,3989,TRUE,region,Northeast,133.274199868853,13.8633147286834,TRUE,2013Q3,3,-21,3,0,0,0,0,1,1,1,0,-22
2013,3,2,17,combined,1805,1805,0,1051196.23512888,21866.0146230957,0.0208010777553963,3923,TRUE,region,Northeast,171.709138568091,13.8654393452077,TRUE,2013Q3,3,-21,3,0,0,0,0,1,1,1,0,-22
2013,3,2,18,combined,3120,3118,2,1043227.24532599,20811.640862096,0.0199492880916782,3878,TRUE,region,Northeast,299.071943718749,13.8578295868821,TRUE,2013Q3,3,-21,3,0,0,0,0,1,1,1,0,-22
2013,3,2,19,combined,3609,3609,0,970626.9222742,21815.6305444143,0.022475814387365,3455,TRUE,region,Northeast,371.821543085168,13.785697453333,TRUE,2013Q3,3,-21,3,0,0,0,0,1,1,1,0,-22
2013,3,2,15,female,67,67,0,526266.76562289,14783.6655512698,0.0280915811466298,1950,TRUE,region,Northeast,12.7311858503356,13.1735635221371,TRUE,2013Q3,3,-21,3,1,0,0,0,1,1,1,0,-22
2013,3,2,16,female,1336,1336,0,531814.06624882,14679.8347009686,0.0276033215979291,1991,TRUE,region,Northeast,251.215619290319,13.1840492077023,TRUE,2013Q3,3,-21,3,0,0,0,0,1,1,1,0,-22
2013,3,2,17,female,1626,1626,0,508784.22628109,14418.9626097578,0.0283400346648949,1857,TRUE,region,Northeast,319.585379422057,13.1397792887215,TRUE,2013Q3,3,-21,3,0,0,0,0,1,1,1,0,-22
2013,3,2,18,female,2471,2469,2,516858.94558171,14103.0932251845,0.0272861548508401,1892,TRUE,region,Northeast,478.080145680551,13.1555252837345,TRUE,2013Q3,3,-21,3,0,0,0,0,1,1,1,0,-22
2013,3,2,19,female,2524,2524,0,489032.6222194,14413.7120493404,0.0294739274936832,1722,TRUE,region,Northeast,516.120987705321,13.100184478337,TRUE,2013Q3,3,-21,3,0,0,0,0,1,1,1,0,-22
2013,3,2,15,male,16,16,0,511663.2772728,14356.6135184454,0.0280587139162441,2011,TRUE,region,Northeast,3.12705654493734,13.1454220260908,TRUE,2013Q3,3,-21,3,1,0,0,0,1,1,1,0,-22
2013,3,2,16,male,62,62,0,517151.15085673,14184.4513286364,0.0274280571649855,1998,TRUE,region,Northeast,11.9887580057182,13.1560904721863,TRUE,2013Q3,3,-21,3,0,0,0,0,1,1,1,0,-22
2013,3,2,17,male,179,179,0,542412.00884779,15326.5660950087,0.0282563177898032,2066,TRUE,region,Northeast,33.0007442829737,13.2037811555693,TRUE,2013Q3,3,-21,3,0,0,0,0,1,1,1,0,-22
2013,3,2,18,male,649,649,0,526368.29974428,14679.2244362619,0.0278877440822203,1986,TRUE,region,Northeast,123.297698648512,13.1737564363294,TRUE,2013Q3,3,-21,3,0,0,0,0,1,1,1,0,-22
2013,3,2,19,male,1085,1085,0,481594.3000548,15024.2695530164,0.0311969422215064,1733,TRUE,region,Northeast,225.293364119247,13.0848573374723,TRUE,2013Q3,3,-21,3,0,0,0,0,1,1,1,0,-22
2013,3,3,15,combined,43,43,0,1373279.39904926,34216.9602774817,0.024916240861962,2512,TRUE,region,Southeast,3.13119093097657,14.1327121593495,TRUE,2013Q3,3,-21,3,1,0,0,0,1,1,1,0,-22
2013,3,3,16,combined,1640,1640,0,1352643.33427266,33891.9600675022,0.0250560951351795,2492,TRUE,region,Southeast,121.244082489924,14.1175712613687,TRUE,2013Q3,3,-21,3,0,0,0,0,1,1,1,0,-22
2013,3,3,17,combined,2165,2165,0,1370978.47883004,35473.1121944454,0.0258743027277257,2481,TRUE,region,Southeast,157.916410317947,14.131035260996,TRUE,2013Q3,3,-21,3,0,0,0,0,1,1,1,0,-22
2013,3,3,18,combined,4732,4725,7,1317393.72222666,34596.0097122931,0.0262609492732506,2478,TRUE,region,Southeast,359.194060223846,14.0911658899023,TRUE,2013Q3,3,-21,3,0,0,0,0,1,1,1,0,-22
2013,3,3,19,combined,6021,6010,11,1320249.58779859,36223.4139892349,0.0274367925004502,2320,TRUE,region,Southeast,456.050132917635,14.0933313583545,TRUE,2013Q3,3,-21,3,0,0,0,0,1,1,1,0,-22
2013,3,3,15,female,37,37,0,676289.97374959,23485.4065491375,0.0347268294085837,1230,TRUE,region,Southeast,5.47102595575371,13.424377218301,TRUE,2013Q3,3,-21,3,1,0,0,0,1,1,1,0,-22
2013,3,3,16,female,1604,1604,0,684569.51701103,24736.1705271124,0.0361339059254575,1229,TRUE,region,Southeast,234.307832899629,13.4365454773721,TRUE,2013Q3,3,-21,3,0,0,0,0,1,1,1,0,-22
2013,3,3,17,female,1999,1999,0,688662.4944075,25737.8203936038,0.037373634549022,1229,TRUE,region,Southeast,290.272813785201,13.4425065815157,TRUE,2013Q3,3,-21,3,0,0,0,0,1,1,1,0,-22
2013,3,3,18,female,3880,3879,1,667860.54128846,24659.4997704903,0.0369231272788123,1224,TRUE,region,Southeast,580.959610596932,13.4118346601969,TRUE,2013Q3,3,-21,3,0,0,0,0,1,1,1,0,-22
2013,3,3,19,female,4345,4339,6,654565.05755526,24357.0160138869,0.0372109933653625,1131,TRUE,region,Southeast,663.799564282911,13.3917262597822,TRUE,2013Q3,3,-21,3,0,0,0,0,1,1,1,0,-22
2013,3,3,15,male,6,6,0,696989.42529967,24752.2327730862,0.0355130678811145,1282,TRUE,region,Southeast,0.860845198249644,13.4545255178911,TRUE,2013Q3,3,-21,3,1,0,0,0,1,1,1,0,-22
2013,3,3,16,male,36,36,0,668073.81726163,23227.1174231651,0.0347672919114999,1263,TRUE,region,Southeast,5.38862608739264,13.4121539512962,TRUE,2013Q3,3,-21,3,0,0,0,0,1,1,1,0,-22
2013,3,3,17,male,166,166,0,682315.98442254,24153.8988340608,0.0353998724718471,1252,TRUE,region,Southeast,24.3289038788223,13.4332481497936,TRUE,2013Q3,3,-21,3,0,0,0,0,1,1,1,0,-22
2013,3,3,18,male,852,846,6,649533.1809382,23470.2815686848,0.0361340763758733,1254,TRUE,region,Southeast,131.171127973686,13.3840092006827,TRUE,2013Q3,3,-21,3,0,0,0,0,1,1,1,0,-22
2013,3,3,19,male,1676,1671,5,665684.53024333,25603.8573993138,0.038462449157343,1189,TRUE,region,Southeast,251.770910071677,13.4085711589882,TRUE,2013Q3,3,-21,3,0,0,0,0,1,1,1,0,-22
2013,3,4,15,combined,38,38,0,457874.92169907,13053.023513079,0.0285078367355046,1503,TRUE,region,South,8.29920971845119,13.0343513290717,TRUE,2013Q3,3,-21,3,1,0,0,0,1,1,1,0,-22
2013,3,4,16,combined,752,751,1,442471.25018089,13022.664931272,0.0294316634718033,1446,TRUE,region,South,169.954544999832,13.0001307699768,TRUE,2013Q3,3,-21,3,0,0,0,0,1,1,1,0,-22
2013,3,4,17,combined,908,908,0,456874.16999265,12928.8806900041,0.028298559076369,1482,TRUE,region,South,198.741811123752,13.032163292779,TRUE,2013Q3,3,-21,3,0,0,0,0,1,1,1,0,-22
2013,3,4,18,combined,1681,1679,2,488211.06014676,14135.049672735,0.0289527436524807,1574,TRUE,region,South,344.318295348466,13.0985030916347,TRUE,2013Q3,3,-21,3,0,0,0,0,1,1,1,0,-22
2013,3,4,19,combined,1993,1992,1,438791.12162982,13150.1045585664,0.0299689394573947,1400,TRUE,region,South,454.202444342383,12.9917787738828,TRUE,2013Q3,3,-21,3,0,0,0,0,1,1,1,0,-22
2013,3,4,15,female,35,35,0,218788.35609336,8944.03127251017,0.0408798321456085,728,TRUE,region,South,15.9971950175744,12.2958601309903,TRUE,2013Q3,3,-21,3,1,0,0,0,1,1,1,0,-22
2013,3,4,16,female,725,725,0,218546.44665272,9094.64848917474,0.0416142592500098,701,TRUE,region,South,331.737262766874,12.2947538414209,TRUE,2013Q3,3,-21,3,0,0,0,0,1,1,1,0,-22
2013,3,4,17,female,798,798,0,232350.36315174,9787.7730847317,0.0421250604129232,727,TRUE,region,South,343.446848619235,12.3560016974632,TRUE,2013Q3,3,-21,3,0,0,0,0,1,1,1,0,-22
2013,3,4,18,female,1277,1277,0,248081.54749167,9907.00873055091,0.0399344845705768,777,TRUE,region,South,514.750094439361,12.4215127916284,TRUE,2013Q3,3,-21,3,0,0,0,0,1,1,1,0,-22
2013,3,4,19,female,1333,1332,1,223281.64878109,9307.59146562524,0.0416854296644441,686,TRUE,region,South,597.003832279518,12.3161892525483,TRUE,2013Q3,3,-21,3,0,0,0,0,1,1,1,0,-22
2013,3,4,15,male,3,3,0,239086.56560571,9555.71962705504,0.0399676142523787,775,TRUE,region,South,1.25477564680378,12.3845809645224,TRUE,2013Q3,3,-21,3,1,0,0,0,1,1,1,0,-22
2013,3,4,16,male,27,26,1,223924.80352817,9116.11066889672,0.040710589114126,745,TRUE,region,South,12.0576191536564,12.3190655759429,TRUE,2013Q3,3,-21,3,0,0,0,0,1,1,1,0,-22
2013,3,4,17,male,110,110,0,224523.80684091,8841.9164971513,0.0393807526317973,755,TRUE,region,South,48.992577467717,12.321737024377,TRUE,2013Q3,3,-21,3,0,0,0,0,1,1,1,0,-22
2013,3,4,18,male,404,402,2,240129.51265509,9583.6928574474,0.03991051641875,797,TRUE,region,South,168.242543589503,12.3889336928358,TRUE,2013Q3,3,-21,3,0,0,0,0,1,1,1,0,-22
2013,3,4,19,male,660,660,0,215509.47284873,9138.99876947555,0.0424064828736804,714,TRUE,region,South,306.251039119411,12.2807601450945,TRUE,2013Q3,3,-21,3,0,0,0,0,1,1,1,0,-22
2013,3,5,15,combined,26,26,0,241165.14616023,8945.81228221565,0.0370941341427175,918,TRUE,region,Central-West,10.7809940258638,12.3932372315705,TRUE,2013Q3,3,-21,3,1,0,0,0,1,1,1,0,-22
2013,3,5,16,combined,536,536,0,256049.2297512,9110.99279800125,0.0355829728792947,973,TRUE,region,Central-West,209.33474415089,12.4531250086893,TRUE,2013Q3,3,-21,3,0,0,0,0,1,1,1,0,-22
2013,3,5,17,combined,711,711,0,255790.29014704,9451.22505446339,0.03694911581292,959,TRUE,region,Central-West,277.962075726676,12.452113208638,TRUE,2013Q3,3,-21,3,0,0,0,0,1,1,1,0,-22
2013,3,5,18,combined,1254,1254,0,267263.82232441,10010.4060449021,0.0374551480924018,967,TRUE,region,Central-West,469.199306173909,12.4959915481276,TRUE,2013Q3,3,-21,3,0,0,0,0,1,1,1,0,-22
2013,3,5,19,combined,1460,1460,0,252634.71083156,9142.86298565868,0.036190050668669,944,TRUE,region,Central-West,577.909502298531,12.4396998936764,TRUE,2013Q3,3,-21,3,0,0,0,0,1,1,1,0,-22
2013,3,5,15,female,23,23,0,119603.84160213,6394.45814626894,0.0534636518410547,442,TRUE,region,Central-West,19.2301515502412,11.691940240402,TRUE,2013Q3,3,-21,3,1,0,0,0,1,1,1,0,-22
2013,3,5,16,female,516,516,0,129365.18381134,6552.65481517007,0.0506523828291092,484,TRUE,region,Central-West,398.870843605425,11.7703945662012,TRUE,2013Q3,3,-21,3,0,0,0,0,1,1,1,0,-22
2013,3,5,17,female,636,636,0,122693.11807845,6177.08174628241,0.0503457882807476,460,TRUE,region,Central-West,518.366482130922,11.7174415417459,TRUE,2013Q3,3,-21,3,0,0,0,0,1,1,1,0,-22
2013,3,5,18,female,998,998,0,127083.64005117,7139.18288386631,0.0561770412068125,456,TRUE,region,Central-West,785.309580051498,11.7526007317501,TRUE,2013Q3,3,-21,3,0,0,0,0,1,1,1,0,-22
2013,3,5,19,female,1008,1008,0,128180.808562,6590.24456631952,0.051413660439908,466,TRUE,region,Central-West,786.38917269151,11.7611971130583,TRUE,2013Q3,3,-21,3,0,0,0,0,1,1,1,0,-22
2013,3,5,15,male,3,3,0,121561.3045581,6433.93141978221,0.0529274627577489,476,TRUE,region,Central-West,2.46789059306792,11.7081739787772,TRUE,2013Q3,3,-21,3,1,0,0,0,1,1,1,0,-22
2013,3,5,16,male,20,20,0,126684.04593986,6663.03289138696,0.0525956748693523,489,TRUE,region,Central-West,15.7873075900137,11.7494514384111,TRUE,2013Q3,3,-21,3,0,0,0,0,1,1,1,0,-22
2013,3,5,17,male,75,75,0,133097.17206859,6865.03997261468,0.0515791572872553,499,TRUE,region,Central-West,56.3498073132235,11.7988347574902,TRUE,2013Q3,3,-21,3,0,0,0,0,1,1,1,0,-22
2013,3,5,18,male,256,256,0,140180.18227324,7118.06970458993,0.0507780029185249,511,TRUE,region,Central-West,182.622105242383,11.8506838903334,TRUE,2013Q3,3,-21,3,0,0,0,0,1,1,1,0,-22
2013,3,5,19,male,452,452,0,124453.90226956,6299.02862997982,0.0506133477143729,478,TRUE,region,Central-West,363.186683388195,11.7316906634276,TRUE,2013Q3,3,-21,3,0,0,0,0,1,1,1,0,-22
2013,4,1,15,combined,24,24,0,330815.388106,9998.23262892752,0.0302229974432867,1697,TRUE,region,North,7.25480157903353,12.7093157589034,TRUE,2013Q4,4,-20,4,1,0,0,0,1,1,1,0,-21
2013,4,1,16,combined,525,525,0,358221.94396026,10176.4515879624,0.0284082305943027,1765,TRUE,region,North,146.55718580385,12.7889080284863,TRUE,2013Q4,4,-20,4,0,0,0,0,1,1,1,0,-21
2013,4,1,17,combined,693,693,0,330070.46165283,10232.2001257302,0.0310000479124742,1633,TRUE,region,North,209.955170338417,12.7070614308106,TRUE,2013Q4,4,-20,4,0,0,0,0,1,1,1,0,-21
2013,4,1,18,combined,1212,1211,1,343587.41270798,10254.6404522369,0.0298457978172572,1627,TRUE,region,North,352.748661671752,12.7471968348589,TRUE,2013Q4,4,-20,4,0,0,0,0,1,1,1,0,-21
2013,4,1,19,combined,1564,1564,0,324934.58865357,9787.23321922775,0.0301206259997837,1535,TRUE,region,North,481.327643966972,12.6913791753739,TRUE,2013Q4,4,-20,4,0,0,0,0,1,1,1,0,-21
2013,4,1,15,female,20,20,0,168828.31538311,6828.70979097746,0.0404476569909589,844,TRUE,region,North,11.8463540636625,12.036637592237,TRUE,2013Q4,4,-20,4,1,0,0,0,1,1,1,0,-21
2013,4,1,16,female,512,512,0,176978.67133332,7236.25506617483,0.0408877239932836,867,TRUE,region,North,289.300397693519,12.0837845033535,TRUE,2013Q4,4,-20,4,0,0,0,0,1,1,1,0,-21
2013,4,1,17,female,636,636,0,158212.28501247,7130.6535002825,0.0450701631653982,755,TRUE,region,North,401.991539373742,11.9716929862468,TRUE,2013Q4,4,-20,4,0,0,0,0,1,1,1,0,-21
2013,4,1,18,female,977,977,0,167743.79055532,7309.46675504902,0.0435751852921104,793,TRUE,region,North,582.435866487586,12.0301930380852,TRUE,2013Q4,4,-20,4,0,0,0,0,1,1,1,0,-21
2013,4,1,19,female,1095,1095,0,163604.81833983,7217.11627696052,0.0441131034537721,744,TRUE,region,North,669.295691356432,12.005209154672,TRUE,2013Q4,4,-20,4,0,0,0,0,1,1,1,0,-21
2013,4,1,15,male,4,4,0,161987.07272289,6980.1593636315,0.0430908420425154,853,TRUE,region,North,2.46933285030884,11.9952718130236,TRUE,2013Q4,4,-20,4,1,0,0,0,1,1,1,0,-21
2013,4,1,16,male,13,13,0,181243.27262694,7347.46032024536,0.0405392167872014,898,TRUE,region,North,7.17268001817557,12.1075954554871,TRUE,2013Q4,4,-20,4,0,0,0,0,1,1,1,0,-21
2013,4,1,17,male,57,57,0,171858.17664036,7122.91316278915,0.0414464606923822,878,TRUE,region,North,33.1668827834019,12.0544248612471,TRUE,2013Q4,4,-20,4,0,0,0,0,1,1,1,0,-21
2013,4,1,18,male,235,234,1,175843.62215266,7434.58083370975,0.0422795023367715,834,TRUE,region,North,133.641469120775,12.0773503685646,TRUE,2013Q4,4,-20,4,0,0,0,0,1,1,1,0,-21
2013,4,1,19,male,469,469,0,161329.77031374,6810.44047083939,0.0422144062908851,791,TRUE,region,North,290.708899596107,11.9912058119546,TRUE,2013Q4,4,-20,4,0,0,0,0,1,1,1,0,-21
2013,4,2,15,combined,77,77,0,1020816.87661324,20531.7327528147,0.0201130420383847,3877,TRUE,region,Northeast,7.54297874222677,13.8361137241684,TRUE,2013Q4,4,-20,4,1,0,0,0,1,1,1,0,-21
2013,4,2,16,combined,1888,1887,1,1032880.7171058,20251.5405242569,0.019606853133054,3928,TRUE,region,Northeast,182.789742196979,13.8478622691263,TRUE,2013Q4,4,-20,4,0,0,0,0,1,1,1,0,-21
2013,4,2,17,combined,2409,2409,0,1017208.16415112,20279.8442790344,0.019936769083994,3855,TRUE,region,Northeast,236.824681997156,13.8325723386001,TRUE,2013Q4,4,-20,4,0,0,0,0,1,1,1,0,-21
2013,4,2,18,combined,4255,4253,2,1050155.13849105,21017.6638424553,0.0200138656395618,3873,TRUE,region,Northeast,405.178229772216,13.8644484621635,TRUE,2013Q4,4,-20,4,0,0,0,0,1,1,1,0,-21
2013,4,2,19,combined,4984,4972,12,940445.73038653,20927.7193652163,0.0222529792937811,3399,TRUE,region,Northeast,529.961468159523,13.75410922312,TRUE,2013Q4,4,-20,4,0,0,0,0,1,1,1,0,-21
2013,4,2,15,female,71,71,0,501617.87664565,13985.106130723,0.0278799994614272,1891,TRUE,region,Northeast,14.1542004991492,13.1255939069115,TRUE,2013Q4,4,-20,4,1,0,0,0,1,1,1,0,-21
2013,4,2,16,female,1804,1804,0,508121.02804857,14224.1276859912,0.0279935820420948,1922,TRUE,region,Northeast,355.033525561465,13.1384749423751,TRUE,2013Q4,4,-20,4,0,0,0,0,1,1,1,0,-21
2013,4,2,17,female,2166,2166,0,500234.80512594,14373.207723822,0.0287329221728252,1858,TRUE,region,Northeast,432.99666032928,13.1228328774238,TRUE,2013Q4,4,-20,4,0,0,0,0,1,1,1,0,-21
2013,4,2,18,female,3347,3346,1,519449.29793178,15090.5626309969,0.0290510790775556,1838,TRUE,region,Northeast,644.336225561627,13.160524486937,TRUE,2013Q4,4,-20,4,0,0,0,0,1,1,1,0,-21
2013,4,2,19,female,3438,3435,3,476325.7173957,14301.8231726622,0.0300253012809324,1680,TRUE,region,Northeast,721.775011182933,13.0738571794436,TRUE,2013Q4,4,-20,4,0,0,0,0,1,1,1,0,-21
2013,4,2,15,male,6,6,0,519198.99996759,14745.6004081249,0.0284006718214891,1986,TRUE,region,Northeast,1.15562626283459,13.1600425182677,TRUE,2013Q4,4,-20,4,1,0,0,0,1,1,1,0,-21
2013,4,2,16,male,84,83,1,524759.68905723,14741.715884526,0.0280923176683228,2006,TRUE,region,Northeast,16.0073271159437,13.170695701652,TRUE,2013Q4,4,-20,4,0,0,0,0,1,1,1,0,-21
2013,4,2,17,male,243,243,0,516973.35902518,14314.0273479804,0.0276881334368396,1997,TRUE,region,Northeast,47.0043563672619,13.1557466222309,TRUE,2013Q4,4,-20,4,0,0,0,0,1,1,1,0,-21
2013,4,2,18,male,908,907,1,530705.84055927,14646.8414115259,0.0275987944585097,2035,TRUE,region,Northeast,171.092897534937,13.1819631741432,TRUE,2013Q4,4,-20,4,0,0,0,0,1,1,1,0,-21
2013,4,2,19,male,1546,1537,9,464120.01299083,14356.1922479326,0.0309320689608278,1719,TRUE,region,Northeast,333.103498389876,13.0478984464517,TRUE,2013Q4,4,-20,4,0,0,0,0,1,1,1,0,-21
2013,4,3,15,combined,55,55,0,1357444.75466081,35324.1724339636,0.0260225488460414,2441,TRUE,region,Southeast,4.05173026829685,14.1211146335796,TRUE,2013Q4,4,-20,4,1,0,0,0,1,1,1,0,-21
2013,4,3,16,combined,2001,1998,3,1360988.82801539,34242.1677900598,0.0251597713994406,2519,TRUE,region,Southeast,147.025453759079,14.1237220729411,TRUE,2013Q4,4,-20,4,0,0,0,0,1,1,1,0,-21
2013,4,3,17,combined,3086,3085,1,1308313.8675516,34252.7543004787,0.0261808386733528,2373,TRUE,region,Southeast,235.876120901721,14.0842497421153,TRUE,2013Q4,4,-20,4,0,0,0,0,1,1,1,0,-21
2013,4,3,18,combined,6331,6322,9,1339890.25408202,35078.9755798176,0.0261804841649891,2457,TRUE,region,Southeast,472.501384401625,14.1080982686343,TRUE,2013Q4,4,-20,4,0,0,0,0,1,1,1,0,-21
2013,4,3,19,combined,8306,8295,11,1351197.05985531,37055.9502562188,0.0274245344052087,2334,TRUE,region,Southeast,614.714185426768,14.1165014685226,TRUE,2013Q4,4,-20,4,0,0,0,0,1,1,1,0,-21
2013,4,3,15,female,48,48,0,644692.26110214,24717.7166164419,0.0383403339977828,1165,TRUE,region,Southeast,7.44541278003572,13.3765283673522,TRUE,2013Q4,4,-20,4,1,0,0,0,1,1,1,0,-21
2013,4,3,16,female,1936,1936,0,691963.35059878,25404.6936343118,0.0367139294477493,1232,TRUE,region,Southeast,279.78360390398,13.4472882716348,TRUE,2013Q4,4,-20,4,0,0,0,0,1,1,1,0,-21
2013,4,3,17,female,2857,2857,0,678147.37153146,25128.923904768,0.0370552551844585,1193,TRUE,region,Southeast,421.294857126415,13.4271199054436,TRUE,2013Q4,4,-20,4,0,0,0,0,1,1,1,0,-21
2013,4,3,18,female,5163,5161,2,681835.47651178,25613.2325441677,0.0375651215381211,1218,TRUE,region,Southeast,757.22079267766,13.4325436709371,TRUE,2013Q4,4,-20,4,0,0,0,0,1,1,1,0,-21
2013,4,3,19,female,5998,5996,2,692145.8711069,26706.6951928915,0.0385853565089991,1160,TRUE,region,Southeast,866.580333768057,13.4475520087826,TRUE,2013Q4,4,-20,4,0,0,0,0,1,1,1,0,-21
2013,4,3,15,male,7,7,0,712752.49355867,25060.5351375573,0.0351602209238633,1276,TRUE,region,Southeast,0.98210810390154,13.4768895052727,TRUE,2013Q4,4,-20,4,1,0,0,0,1,1,1,0,-21
2013,4,3,16,male,65,62,3,669025.47741661,24091.8802276398,0.0360104077361429,1287,TRUE,region,Southeast,9.71562402242026,13.4135774212202,TRUE,2013Q4,4,-20,4,0,0,0,0,1,1,1,0,-21
2013,4,3,17,male,229,228,1,630166.49602014,23461.8768796664,0.0372312349638413,1180,TRUE,region,Southeast,36.3396025409579,13.3537393428491,TRUE,2013Q4,4,-20,4,0,0,0,0,1,1,1,0,-21
2013,4,3,18,male,1168,1161,7,658054.77757024,23772.2442907441,0.0361250234798374,1239,TRUE,region,Southeast,177.492822757499,13.3970434554295,TRUE,2013Q4,4,-20,4,0,0,0,0,1,1,1,0,-21
2013,4,3,19,male,2308,2299,9,659051.18874841,24649.8308619308,0.0374019974210847,1174,TRUE,region,Southeast,350.200415294459,13.3985564868692,TRUE,2013Q4,4,-20,4,0,0,0,0,1,1,1,0,-21
2013,4,4,15,combined,42,42,0,468363.16959767,13456.6377671807,0.0287312039901433,1542,TRUE,region,South,8.9674002411587,13.0569992773786,TRUE,2013Q4,4,-20,4,1,0,0,0,1,1,1,0,-21
2013,4,4,16,combined,869,867,2,477394.67720324,13783.3221133249,0.028871964375625,1537,TRUE,region,South,182.029679319203,13.0760988432714,TRUE,2013Q4,4,-20,4,0,0,0,0,1,1,1,0,-21
2013,4,4,17,combined,1251,1250,1,459759.82696036,13294.0279065659,0.0289151577127945,1505,TRUE,region,South,272.098588576305,13.0384595168121,TRUE,2013Q4,4,-20,4,0,0,0,0,1,1,1,0,-21
2013,4,4,18,combined,2240,2235,5,486555.82507414,13911.3433909335,0.0285914640705693,1547,TRUE,region,South,460.378826963725,13.0951069223789,TRUE,2013Q4,4,-20,4,0,0,0,0,1,1,1,0,-21
2013,4,4,19,combined,2800,2796,4,437632.8353333,13424.7861651658,0.030675911589087,1394,TRUE,region,South,639.805739865823,12.9891355623145,TRUE,2013Q4,4,-20,4,0,0,0,0,1,1,1,0,-21
2013,4,4,15,female,39,39,0,229076.15952379,9366.22837278696,0.0408869626252585,758,TRUE,region,South,17.0249056388383,12.3418098015855,TRUE,2013Q4,4,-20,4,1,0,0,0,1,1,1,0,-21
2013,4,4,16,female,832,831,1,232809.43104678,9798.35006863124,0.0420874275778905,742,TRUE,region,South,357.373838447645,12.3579755053882,TRUE,2013Q4,4,-20,4,0,0,0,0,1,1,1,0,-21
2013,4,4,17,female,1113,1113,0,229699.37860296,9633.35700427287,0.0419389772095306,738,TRUE,region,South,484.54636959373,12.3445266834187,TRUE,2013Q4,4,-20,4,0,0,0,0,1,1,1,0,-21
2013,4,4,18,female,1693,1693,0,249565.61601617,9710.82676223168,0.038910916164038,765,TRUE,region,South,678.378707381832,12.4274771496427,TRUE,2013Q4,4,-20,4,0,0,0,0,1,1,1,0,-21
2013,4,4,19,female,1910,1910,0,209110.04907275,9113.31937815823,0.0435814510998832,655,TRUE,region,South,913.394649596924,12.2506159429552,TRUE,2013Q4,4,-20,4,0,0,0,0,1,1,1,0,-21
2013,4,4,15,male,3,3,0,239287.01007388,9772.86095540822,0.0408415858110762,784,TRUE,region,South,1.25372455407159,12.3854189894055,TRUE,2013Q4,4,-20,4,1,0,0,0,1,1,1,0,-21
2013,4,4,16,male,37,36,1,244585.24615646,9391.41088236865,0.0383972910465785,795,TRUE,region,South,15.1276500040118,12.4073191821677,TRUE,2013Q4,4,-20,4,0,0,0,0,1,1,1,0,-21
2013,4,4,17,male,138,137,1,230060.4483574,9119.80641598958,0.0396409138602647,767,TRUE,region,South,59.9842350066259,12.3460973723197,TRUE,2013Q4,4,-20,4,0,0,0,0,1,1,1,0,-21
2013,4,4,18,male,547,542,5,236990.20905797,9614.39127370572,0.040568727762732,782,TRUE,region,South,230.811223035041,12.3757741072722,TRUE,2013Q4,4,-20,4,0,0,0,0,1,1,1,0,-21
2013,4,4,19,male,890,886,4,228522.78626055,9555.05563251141,0.0418122664652672,739,TRUE,region,South,389.457880574442,12.3393912053973,TRUE,2013Q4,4,-20,4,0,0,0,0,1,1,1,0,-21
2013,4,5,15,combined,24,24,0,241529.5162124,9184.46656330064,0.0380262698627022,920,TRUE,region,Central-West,9.93667373510346,12.3947469649477,TRUE,2013Q4,4,-20,4,1,0,0,0,1,1,1,0,-21
2013,4,5,16,combined,657,655,2,253112.12447155,9012.80470261717,0.0356079532793389,949,TRUE,region,Central-West,259.568758854081,12.441587849264,TRUE,2013Q4,4,-20,4,0,0,0,0,1,1,1,0,-21
2013,4,5,17,combined,807,807,0,261837.30685741,9816.68784289734,0.0374915551978361,980,TRUE,region,Central-West,308.206653087626,12.4754786236708,TRUE,2013Q4,4,-20,4,0,0,0,0,1,1,1,0,-21
2013,4,5,18,combined,1610,1609,1,264955.85548308,9597.33162056466,0.0362223797736659,954,TRUE,region,Central-West,607.64839375396,12.4873185080091,TRUE,2013Q4,4,-20,4,0,0,0,0,1,1,1,0,-21
2013,4,5,19,combined,1711,1706,5,246207.6335269,9199.38469403177,0.0373643357935393,887,TRUE,region,Central-West,694.94189740996,12.4139304976414,TRUE,2013Q4,4,-20,4,0,0,0,0,1,1,1,0,-21
2013,4,5,15,female,19,19,0,122020.64810271,6356.15269325116,0.0520907960421658,463,TRUE,region,Central-West,15.5711351278899,11.7119455561383,TRUE,2013Q4,4,-20,4,1,0,0,0,1,1,1,0,-21
2013,4,5,16,female,630,630,0,122467.36249071,6511.79936840758,0.053171712331941,452,TRUE,region,Central-West,514.422771248781,11.7155998448212,TRUE,2013Q4,4,-20,4,0,0,0,0,1,1,1,0,-21
2013,4,5,17,female,719,719,0,132392.92399563,6972.45777178039,0.0526648823921325,480,TRUE,region,Central-West,543.080383981649,11.7935294769151,TRUE,2013Q4,4,-20,4,0,0,0,0,1,1,1,0,-21
2013,4,5,18,female,1287,1287,0,132979.23014913,6733.84419570736,0.0506383153832044,465,TRUE,region,Central-West,967.82031190637,11.7979482307167,TRUE,2013Q4,4,-20,4,0,0,0,0,1,1,1,0,-21
2013,4,5,19,female,1157,1156,1,123557.03470235,6337.61292680224,0.0512930157483109,433,TRUE,region,Central-West,936.409653070117,11.7244581478966,TRUE,2013Q4,4,-20,4,0,0,0,0,1,1,1,0,-21
2013,4,5,15,male,5,5,0,119508.86810969,6345.68669014961,0.0530980402586132,457,TRUE,region,Central-West,4.18378993884437,11.6911458577232,TRUE,2013Q4,4,-20,4,1,0,0,0,1,1,1,0,-21
2013,4,5,16,male,27,25,2,130644.76198084,6423.31861065281,0.0491662927258793,497,TRUE,region,Central-West,20.6667298333474,11.78023717815,TRUE,2013Q4,4,-20,4,0,0,0,0,1,1,1,0,-21
2013,4,5,17,male,88,88,0,129444.38286178,6512.82772390329,0.0503137145074704,500,TRUE,region,Central-West,67.9828649605954,11.7710065918997,TRUE,2013Q4,4,-20,4,0,0,0,0,1,1,1,0,-21
2013,4,5,18,male,323,322,1,131976.62533395,6460.86330596701,0.0489546030565535,489,TRUE,region,Central-West,244.740308507427,11.7903801050844,TRUE,2013Q4,4,-20,4,0,0,0,0,1,1,1,0,-21
2013,4,5,19,male,554,550,4,122650.59882455,6300.9469346973,0.0513731444859126,454,TRUE,region,Central-West,451.689600629255,11.71709493206,TRUE,2013Q4,4,-20,4,0,0,0,0,1,1,1,0,-21
2014,1,1,15,combined,17,17,0,340924.81536656,10688.1819191968,0.031350554249637,1730,TRUE,region,North,4.98643666690021,12.7394172491597,TRUE,2014Q1,5,-19,1,1,0,0,0,1,1,1,0,-20
2014,1,1,16,combined,391,389,2,347533.97437796,10339.718553194,0.0297516770028045,1740,TRUE,region,North,112.506986029161,12.7586177072021,TRUE,2014Q1,5,-19,1,0,0,0,0,1,1,1,0,-20
2014,1,1,17,combined,486,486,0,350562.97258733,10743.3194406648,0.0306459046754815,1732,TRUE,region,North,138.634150781264,12.7672956343327,TRUE,2014Q1,5,-19,1,0,0,0,0,1,1,1,0,-20
2014,1,1,18,combined,934,933,1,341742.72964243,10389.8558486571,0.0304025658703204,1667,TRUE,region,North,273.305009583454,12.7418134804533,TRUE,2014Q1,5,-19,1,0,0,0,0,1,1,1,0,-20
2014,1,1,19,combined,1043,1043,0,328970.83421481,10560.1461564432,0.0321005543900213,1587,TRUE,region,North,317.049382961088,12.7037243760149,TRUE,2014Q1,5,-19,1,0,0,0,0,1,1,1,0,-20
2014,1,1,15,female,16,16,0,165981.55129226,7312.14336502602,0.0440539524308386,815,TRUE,region,North,9.63962553394096,12.0196319243689,TRUE,2014Q1,5,-19,1,1,0,0,0,1,1,1,0,-20
2014,1,1,16,female,376,376,0,167789.29629406,7429.92638908453,0.0442812894099226,842,TRUE,region,North,224.090575683111,12.0304642825067,TRUE,2014Q1,5,-19,1,0,0,0,0,1,1,1,0,-20
2014,1,1,17,female,444,444,0,169777.28746849,7270.90768687438,0.0428261506311546,819,TRUE,region,North,261.51907986067,12.0422427834208,TRUE,2014Q1,5,-19,1,0,0,0,0,1,1,1,0,-20
2014,1,1,18,female,753,753,0,166950.16640987,7382.80952119104,0.0442216361921193,800,TRUE,region,North,451.032793912497,12.025450642136,TRUE,2014Q1,5,-19,1,0,0,0,0,1,1,1,0,-20
2014,1,1,19,female,745,745,0,165200.00481867,7248.21937065428,0.0438754186394256,773,TRUE,region,North,450.968509848254,12.0149121692377,TRUE,2014Q1,5,-19,1,0,0,0,0,1,1,1,0,-20
2014,1,1,15,male,1,1,0,174943.2640743,7175.83945830825,0.0410180951880526,915,TRUE,region,North,0.571613891675927,12.07221699505,TRUE,2014Q1,5,-19,1,1,0,0,0,1,1,1,0,-20
2014,1,1,16,male,15,13,2,179744.6780839,7430.35324795314,0.041338376897506,898,TRUE,region,North,8.3451705830191,12.0992926678232,TRUE,2014Q1,5,-19,1,0,0,0,0,1,1,1,0,-20
2014,1,1,17,male,42,42,0,180785.68511884,7627.4977103832,0.0421908278045867,913,TRUE,region,North,23.2319278887547,12.105067548578,TRUE,2014Q1,5,-19,1,0,0,0,0,1,1,1,0,-20
2014,1,1,18,male,181,180,1,174792.56323256,7153.52929933068,0.0409258218258003,867,TRUE,region,North,103.551316287513,12.0713551968624,TRUE,2014Q1,5,-19,1,0,0,0,0,1,1,1,0,-20
2014,1,1,19,male,298,298,0,163770.82939614,7224.83352194524,0.0441155091452173,814,TRUE,region,North,181.961586870381,12.0062233478271,TRUE,2014Q1,5,-19,1,0,0,0,0,1,1,1,0,-20
2014,1,2,15,combined,52,51,1,1023818.40347474,22571.0598299072,0.0220459602535989,3908,TRUE,region,Northeast,5.0790257162322,13.8390497284982,TRUE,2014Q1,5,-19,1,1,0,0,0,1,1,1,0,-20
2014,1,2,16,combined,1518,1516,2,983641.38576945,20401.8287733193,0.0207411248331729,3854,TRUE,region,Northeast,154.324535543261,13.7990166642518,TRUE,2014Q1,5,-19,1,0,0,0,0,1,1,1,0,-20
2014,1,2,17,combined,2023,2018,5,1014182.14543079,21386.8084655795,0.0210877390830965,3900,TRUE,region,Northeast,199.471072244197,13.829593077604,TRUE,2014Q1,5,-19,1,0,0,0,0,1,1,1,0,-20
2014,1,2,18,combined,3579,3573,6,989430.02831978,20888.2096909562,0.0211113561273533,3805,TRUE,region,Northeast,361.723406159175,13.8048843273453,TRUE,2014Q1,5,-19,1,0,0,0,0,1,1,1,0,-20
2014,1,2,19,combined,4071,4063,8,969790.57110914,21614.489584965,0.0222877910230089,3503,TRUE,region,Northeast,419.781354993382,13.7848354210954,TRUE,2014Q1,5,-19,1,0,0,0,0,1,1,1,0,-20
2014,1,2,15,female,44,44,0,487835.94520859,14283.7473075759,0.0292798172169713,1882,TRUE,region,Northeast,9.01942557373184,13.0977344504636,TRUE,2014Q1,5,-19,1,1,0,0,0,1,1,1,0,-20
2014,1,2,16,female,1457,1457,0,487091.1484834,13934.6932600256,0.0286079788216487,1873,TRUE,region,Northeast,299.12266000655,13.0962065477621,TRUE,2014Q1,5,-19,1,0,0,0,0,1,1,1,0,-20
2014,1,2,17,female,1825,1825,0,491514.25799811,14881.437583994,0.0302767159687384,1858,TRUE,region,Northeast,371.301538114692,13.1052462273004,TRUE,2014Q1,5,-19,1,0,0,0,0,1,1,1,0,-20
2014,1,2,18,female,2843,2841,2,496046.21729123,14771.5657592461,0.0297786078077755,1833,TRUE,region,Northeast,573.132079410832,13.1144243813887,TRUE,2014Q1,5,-19,1,0,0,0,0,1,1,1,0,-20
2014,1,2,19,female,2833,2831,2,506368.44671818,15725.1149189894,0.031054689566274,1745,TRUE,region,Northeast,559.474038787553,13.1350198388625,TRUE,2014Q1,5,-19,1,0,0,0,0,1,1,1,0,-20
2014,1,2,15,male,8,7,1,535982.45826615,16417.6668865988,0.0306309779982507,2026,TRUE,region,Northeast,1.49258616147237,13.191856712402,TRUE,2014Q1,5,-19,1,1,0,0,0,1,1,1,0,-20
2014,1,2,16,male,61,59,2,496550.23728605,14863.4139241941,0.029933353783963,1981,TRUE,region,Northeast,12.2847590071454,13.1154399402008,TRUE,2014Q1,5,-19,1,0,0,0,0,1,1,1,0,-20
2014,1,2,17,male,198,193,5,522667.88743268,15254.4523555736,0.02918574628815,2042,TRUE,region,Northeast,37.8825645808406,13.1667015268709,TRUE,2014Q1,5,-19,1,0,0,0,0,1,1,1,0,-20
2014,1,2,18,male,736,732,4,493383.81102855,14191.9543421867,0.0287645318410447,1972,TRUE,region,Northeast,149.173925764948,13.1090426714904,TRUE,2014Q1,5,-19,1,0,0,0,0,1,1,1,0,-20
2014,1,2,19,male,1238,1232,6,463422.12439096,14211.5804469234,0.0306665989794954,1758,TRUE,region,Northeast,267.143050545333,13.0463936334552,TRUE,2014Q1,5,-19,1,0,0,0,0,1,1,1,0,-20
2014,1,3,15,combined,36,36,0,1364572.34448896,38045.8082326976,0.0278811221598851,2471,TRUE,region,Southeast,2.63818918398806,14.1263516367716,TRUE,2014Q1,5,-19,1,1,0,0,0,1,1,1,0,-20
2014,1,3,16,combined,1500,1500,0,1366405.61968273,39120.0122876589,0.0286298678255892,2501,TRUE,region,Southeast,109.777066077077,14.1276942147735,TRUE,2014Q1,5,-19,1,0,0,0,0,1,1,1,0,-20
2014,1,3,17,combined,2102,2101,1,1318427.6308952,36619.1268514941,0.0277748478516262,2417,TRUE,region,Southeast,159.432338244668,14.0919503958176,TRUE,2014Q1,5,-19,1,0,0,0,0,1,1,1,0,-20
2014,1,3,18,combined,4471,4463,8,1342628.21825202,36854.0291832597,0.0274491692355761,2406,TRUE,region,Southeast,333.003577551858,14.1101396078825,TRUE,2014Q1,5,-19,1,0,0,0,0,1,1,1,0,-20
2014,1,3,19,combined,5954,5946,8,1346353.27966328,37135.1234564903,0.0275820054196903,2358,TRUE,region,Southeast,442.231625973317,14.112910221066,TRUE,2014Q1,5,-19,1,0,0,0,0,1,1,1,0,-20
2014,1,3,15,female,33,33,0,686224.05041385,27340.1330845704,0.039841409038465,1237,TRUE,region,Southeast,4.80892501218782,13.4389594574863,TRUE,2014Q1,5,-19,1,1,0,0,0,1,1,1,0,-20
2014,1,3,16,female,1465,1465,0,652294.20300983,24965.8279991405,0.0382738768548649,1164,TRUE,region,Southeast,224.59190856521,13.3882509707446,TRUE,2014Q1,5,-19,1,0,0,0,0,1,1,1,0,-20
2014,1,3,17,female,1938,1937,1,693355.1951046,26910.2927380217,0.038811698431079,1220,TRUE,region,Southeast,279.510417414213,13.4492976939132,TRUE,2014Q1,5,-19,1,0,0,0,0,1,1,1,0,-20
2014,1,3,18,female,3649,3643,6,673008.70722176,26661.2940457743,0.0396150803989364,1159,TRUE,region,Southeast,542.192093630318,13.4195135464656,TRUE,2014Q1,5,-19,1,0,0,0,0,1,1,1,0,-20
2014,1,3,19,female,4298,4292,6,688499.22313817,27026.7650805614,0.0392546050486066,1183,TRUE,region,Southeast,624.256332550351,13.4422694688106,TRUE,2014Q1,5,-19,1,0,0,0,0,1,1,1,0,-20
2014,1,3,15,male,3,3,0,678348.29407511,25936.2739779896,0.0382344500672067,1234,TRUE,region,Southeast,0.442250688356242,13.4274161430951,TRUE,2014Q1,5,-19,1,1,0,0,0,1,1,1,0,-20
2014,1,3,16,male,35,35,0,714111.4166729,30455.1246230264,0.0426475811924688,1337,TRUE,region,Southeast,4.90119597346135,13.4787942749082,TRUE,2014Q1,5,-19,1,0,0,0,0,1,1,1,0,-20
2014,1,3,17,male,164,164,0,625072.4357906,23752.6426362954,0.0379998241423856,1197,TRUE,region,Southeast,26.2369592081869,13.3456228192679,TRUE,2014Q1,5,-19,1,0,0,0,0,1,1,1,0,-20
2014,1,3,18,male,822,820,2,669619.51103026,24852.7975405866,0.0371148049469895,1247,TRUE,region,Southeast,122.756279717013,13.4144649360696,TRUE,2014Q1,5,-19,1,0,0,0,0,1,1,1,0,-20
2014,1,3,19,male,1656,1654,2,657854.05652511,24231.8742844719,0.0368347265538934,1175,TRUE,region,Southeast,251.727565342875,13.3967383871125,TRUE,2014Q1,5,-19,1,0,0,0,0,1,1,1,0,-20
2014,1,4,15,combined,31,31,0,462457.49830802,14615.1390359451,0.0316032048121548,1540,TRUE,region,South,6.70331870786371,13.0443099361617,TRUE,2014Q1,5,-19,1,1,0,0,0,1,1,1,0,-20
2014,1,4,16,combined,635,633,2,465963.29246843,14435.7635266486,0.0309804736982081,1514,TRUE,region,South,136.276829154525,13.0518621384782,TRUE,2014Q1,5,-19,1,0,0,0,0,1,1,1,0,-20
2014,1,4,17,combined,844,841,3,462575.06093707,13521.3358017668,0.0292305767076497,1524,TRUE,region,South,182.456874845404,13.0445641166844,TRUE,2014Q1,5,-19,1,0,0,0,0,1,1,1,0,-20
2014,1,4,18,combined,1609,1600,9,481312.23781226,14012.053502314,0.0291121903860245,1555,TRUE,region,South,334.294429602184,13.0842714815465,TRUE,2014Q1,5,-19,1,0,0,0,0,1,1,1,0,-20
2014,1,4,19,combined,1932,1929,3,426187.95561612,13325.3832203869,0.0312664472207408,1393,TRUE,region,South,453.321116784494,12.9626357383133,TRUE,2014Q1,5,-19,1,0,0,0,0,1,1,1,0,-20
2014,1,4,15,female,28,28,0,226115.13594819,9544.32262858484,0.0422100121186568,767,TRUE,region,South,12.3830719613638,12.3287995996265,TRUE,2014Q1,5,-19,1,1,0,0,0,1,1,1,0,-20
2014,1,4,16,female,608,608,0,224921.94908639,10561.4472079947,0.046956054092961,713,TRUE,region,South,270.315992934275,12.3235087280559,TRUE,2014Q1,5,-19,1,0,0,0,0,1,1,1,0,-20
2014,1,4,17,female,764,763,1,225824.23413387,9707.75920270444,0.0429881196760735,722,TRUE,region,South,338.316214347082,12.327512250598,TRUE,2014Q1,5,-19,1,0,0,0,0,1,1,1,0,-20
2014,1,4,18,female,1224,1220,4,244452.91613312,9989.61408321882,0.0408651868066849,764,TRUE,region,South,500.709919669543,12.4067779973,TRUE,2014Q1,5,-19,1,0,0,0,0,1,1,1,0,-20
2014,1,4,19,female,1282,1281,1,214786.95072203,9329.94850116223,0.0434381533412462,681,TRUE,region,South,596.870524810942,12.2774018889429,TRUE,2014Q1,5,-19,1,0,0,0,0,1,1,1,0,-20
2014,1,4,15,male,3,3,0,236342.36235983,10421.0677078453,0.0440931012273598,773,TRUE,region,South,1.26934501713769,12.3730367207419,TRUE,2014Q1,5,-19,1,1,0,0,0,1,1,1,0,-20
2014,1,4,16,male,27,25,2,241041.34338204,9908.51202444053,0.0411071058823962,801,TRUE,region,South,11.2013979100698,12.392723747063,TRUE,2014Q1,5,-19,1,0,0,0,0,1,1,1,0,-20
2014,1,4,17,male,80,78,2,236750.8268032,9330.1464815022,0.0394091400122455,802,TRUE,region,South,33.790800682821,12.3747635033472,TRUE,2014Q1,5,-19,1,0,0,0,0,1,1,1,0,-20
2014,1,4,18,male,385,380,5,236859.32167914,10196.5162049288,0.043048828024347,791,TRUE,region,South,162.543740001729,12.3752216644664,TRUE,2014Q1,5,-19,1,0,0,0,0,1,1,1,0,-20
2014,1,4,19,male,650,648,2,211401.00489409,9423.19567638428,0.0445749805262525,712,TRUE,region,South,307.472521393947,12.2615121059268,TRUE,2014Q1,5,-19,1,0,0,0,0,1,1,1,0,-20
2014,1,5,15,combined,15,15,0,250798.76964857,9494.83428316602,0.0378583766438352,951,TRUE,region,Central-West,5.98089058451867,12.4324061820214,TRUE,2014Q1,5,-19,1,1,0,0,0,1,1,1,0,-20
2014,1,5,16,combined,430,428,2,252988.37087885,9149.45135255565,0.0361655016820402,970,TRUE,region,Central-West,169.968286884584,12.4410988017475,TRUE,2014Q1,5,-19,1,0,0,0,0,1,1,1,0,-20
2014,1,5,17,combined,559,558,1,273439.3022255,10174.3349971568,0.0372087513182953,1038,TRUE,region,Central-West,204.432938297584,12.5188349465085,TRUE,2014Q1,5,-19,1,0,0,0,0,1,1,1,0,-20
2014,1,5,18,combined,1157,1156,1,266855.63362438,10468.4403095291,0.0392288525722647,1002,TRUE,region,Central-West,433.567762571041,12.4944630931165,TRUE,2014Q1,5,-19,1,0,0,0,0,1,1,1,0,-20
2014,1,5,19,combined,1398,1393,5,251398.18106311,9364.74671805621,0.0372506542348662,920,TRUE,region,Central-West,556.089942293199,12.4347933398818,TRUE,2014Q1,5,-19,1,0,0,0,0,1,1,1,0,-20
2014,1,5,15,female,12,12,0,125248.39317163,6666.70361195919,0.0532278574051141,467,TRUE,region,Central-West,9.58096123720821,11.7380541898958,TRUE,2014Q1,5,-19,1,1,0,0,0,1,1,1,0,-20
2014,1,5,16,female,411,411,0,118815.18892115,6260.98039394569,0.0526951179457426,456,TRUE,region,Central-West,345.91536968624,11.6853245306098,TRUE,2014Q1,5,-19,1,0,0,0,0,1,1,1,0,-20
2014,1,5,17,female,506,506,0,139067.03464077,7105.16428080251,0.0510916501466804,514,TRUE,region,Central-West,363.853303773299,11.8427113594638,TRUE,2014Q1,5,-19,1,0,0,0,0,1,1,1,0,-20
2014,1,5,18,female,938,938,0,135555.30415768,7476.49729390161,0.0551545905219971,486,TRUE,region,Central-West,691.968496421877,11.817134984797,TRUE,2014Q1,5,-19,1,0,0,0,0,1,1,1,0,-20
2014,1,5,19,female,945,943,2,124795.32955013,6548.12219497631,0.0524708914875371,451,TRUE,region,Central-West,757.239877010298,11.7344303107407,TRUE,2014Q1,5,-19,1,0,0,0,0,1,1,1,0,-20
2014,1,5,15,male,3,3,0,125550.37647694,6669.23872372256,0.0531200217065658,484,TRUE,region,Central-West,2.38947909531041,11.7404623632028,TRUE,2014Q1,5,-19,1,1,0,0,0,1,1,1,0,-20
2014,1,5,16,male,19,17,2,134173.1819577,6797.38089254036,0.0506612483460617,514,TRUE,region,Central-West,14.1608030179906,11.806886647169,TRUE,2014Q1,5,-19,1,0,0,0,0,1,1,1,0,-20
2014,1,5,17,male,53,52,1,134372.26758473,6918.5764148394,0.0514881272690945,524,TRUE,region,Central-West,39.4426625022014,11.8083693434041,TRUE,2014Q1,5,-19,1,0,0,0,0,1,1,1,0,-20
2014,1,5,18,male,219,218,1,131300.3294667,6623.54007862196,0.0504457232173343,516,TRUE,region,Central-West,166.793183908607,11.7852425695543,TRUE,2014Q1,5,-19,1,0,0,0,0,1,1,1,0,-20
2014,1,5,19,male,453,450,3,126602.85151298,6502.07095820405,0.0513580135083879,469,TRUE,region,Central-West,357.811845931097,11.7488103122378,TRUE,2014Q1,5,-19,1,0,0,0,0,1,1,1,0,-20
2014,2,1,15,combined,22,22,0,334266.85515387,10742.7362951546,0.0321382037420656,1729,TRUE,region,North,6.58156788828882,12.7196949204807,TRUE,2014Q2,6,-18,2,1,0,0,0,1,1,1,0,-19
2014,2,1,16,combined,421,420,1,331434.99015396,10478.3516804877,0.0316151039925514,1673,TRUE,region,North,127.023402026574,12.7111869612435,TRUE,2014Q2,6,-18,2,0,0,0,0,1,1,1,0,-19
2014,2,1,17,combined,496,496,0,355986.17588026,11347.4224099055,0.0318760198534292,1740,TRUE,region,North,139.331253179572,12.7826471772832,TRUE,2014Q2,6,-18,2,0,0,0,0,1,1,1,0,-19
2014,2,1,18,combined,927,925,2,341558.12018197,10808.9664286365,0.0316460531603755,1678,TRUE,region,North,271.403297191742,12.7412731343818,TRUE,2014Q2,6,-18,2,0,0,0,0,1,1,1,0,-19
2014,2,1,19,combined,1105,1104,1,330858.71183098,10642.5286593962,0.0321663848610793,1561,TRUE,region,North,333.979417946985,12.7094467107574,TRUE,2014Q2,6,-18,2,0,0,0,0,1,1,1,0,-19
2014,2,1,15,female,20,20,0,154240.78421537,6663.98447717989,0.0432050738789996,797,TRUE,region,North,12.9667390513741,11.9462701942153,TRUE,2014Q2,6,-18,2,1,0,0,0,1,1,1,0,-19
2014,2,1,16,female,403,403,0,157613.43832496,7468.23721438826,0.0473832516678597,801,TRUE,region,North,255.688857677931,11.9679007213302,TRUE,2014Q2,6,-18,2,0,0,0,0,1,1,1,0,-19
2014,2,1,17,female,459,459,0,176101.33967927,7755.09667591109,0.0440376926719314,829,TRUE,region,North,260.645376597343,12.078814901947,TRUE,2014Q2,6,-18,2,0,0,0,0,1,1,1,0,-19
2014,2,1,18,female,748,748,0,161460.374786,7216.7768529774,0.0446968914976355,796,TRUE,region,North,463.271561825247,11.9920150341776,TRUE,2014Q2,6,-18,2,0,0,0,0,1,1,1,0,-19
2014,2,1,19,female,731,730,1,172819.28302969,7701.03986043533,0.0445612302367457,799,TRUE,region,North,422.985205808553,12.0600017207332,TRUE,2014Q2,6,-18,2,0,0,0,0,1,1,1,0,-19
2014,2,1,15,male,2,2,0,180026.0709385,7738.25816762644,0.0429840973992593,932,TRUE,region,North,1.11095020269772,12.1008569579315,TRUE,2014Q2,6,-18,2,1,0,0,0,1,1,1,0,-19
2014,2,1,16,male,18,17,1,173821.551829,7246.81096970781,0.0416910958017277,872,TRUE,region,North,10.3554477627192,12.0657844877447,TRUE,2014Q2,6,-18,2,0,0,0,0,1,1,1,0,-19
2014,2,1,17,male,37,37,0,179884.83620099,7511.32989315169,0.0417563261683664,911,TRUE,region,North,20.5687153966991,12.1000721262303,TRUE,2014Q2,6,-18,2,0,0,0,0,1,1,1,0,-19
2014,2,1,18,male,179,177,2,180097.74539597,7726.07084540353,0.0428993201909146,882,TRUE,region,North,99.3904724384215,12.1012550124625,TRUE,2014Q2,6,-18,2,0,0,0,0,1,1,1,0,-19
2014,2,1,19,male,374,374,0,158039.42880129,7385.59126361757,0.0467325864161645,762,TRUE,region,North,236.649804948515,11.9705998302521,TRUE,2014Q2,6,-18,2,0,0,0,0,1,1,1,0,-19
2014,2,2,15,combined,60,60,0,996564.951639,20873.1160940666,0.020945063399769,3792,TRUE,region,Northeast,6.02068133154001,13.8120695962791,TRUE,2014Q2,6,-18,2,1,0,0,0,1,1,1,0,-19
2014,2,2,16,combined,1341,1340,1,1017319.93916767,21786.6958363097,0.0214157759004848,3882,TRUE,region,Northeast,131.816938641461,13.8326822166759,TRUE,2014Q2,6,-18,2,0,0,0,0,1,1,1,0,-19
2014,2,2,17,combined,1787,1786,1,1009325.5974826,21975.5772311779,0.0217725353305098,3840,TRUE,region,Northeast,177.048913101682,13.8247929405249,TRUE,2014Q2,6,-18,2,0,0,0,0,1,1,1,0,-19
2014,2,2,18,combined,3261,3259,2,1026289.40147365,20945.8884212346,0.02040933911152,3899,TRUE,region,Northeast,317.746631244318,13.8414603326523,TRUE,2014Q2,6,-18,2,0,0,0,0,1,1,1,0,-19
2014,2,2,19,combined,3723,3716,7,958317.68908953,21186.1794821432,0.022107678615712,3495,TRUE,region,Northeast,388.493298452741,13.7729346189839,TRUE,2014Q2,6,-18,2,0,0,0,0,1,1,1,0,-19
2014,2,2,15,female,54,54,0,469523.32261383,14031.5366645446,0.0298846425485986,1784,TRUE,region,Northeast,11.5010261256848,13.0594732518255,TRUE,2014Q2,6,-18,2,1,0,0,0,1,1,1,0,-19
2014,2,2,16,female,1286,1286,0,499453.10119275,14232.8421261916,0.0284968540433565,1894,TRUE,region,Northeast,257.48163279573,13.1212689811567,TRUE,2014Q2,6,-18,2,0,0,0,0,1,1,1,0,-19
2014,2,2,17,female,1608,1608,0,486877.94596496,15304.5529005849,0.0314340647947245,1806,TRUE,region,Northeast,330.26757800932,13.0957687463513,TRUE,2014Q2,6,-18,2,0,0,0,0,1,1,1,0,-19
2014,2,2,18,female,2548,2548,0,509178.35362798,14893.77561614,0.0292506064132919,1865,TRUE,region,Northeast,500.414045853497,13.1405536342119,TRUE,2014Q2,6,-18,2,0,0,0,0,1,1,1,0,-19
2014,2,2,19,female,2537,2537,0,484120.03929995,15456.9548851603,0.0319279385904195,1699,TRUE,region,Northeast,524.043583006514,13.0900881700307,TRUE,2014Q2,6,-18,2,0,0,0,0,1,1,1,0,-19
2014,2,2,15,male,6,6,0,527041.62902517,15738.4046776315,0.029861786642436,2008,TRUE,region,Northeast,1.13842999671539,13.1750348168614,TRUE,2014Q2,6,-18,2,1,0,0,0,1,1,1,0,-19
2014,2,2,16,male,55,54,1,517866.83797492,16443.3705347906,0.031752121064734,1988,TRUE,region,Northeast,10.6204908225198,13.1574734186471,TRUE,2014Q2,6,-18,2,0,0,0,0,1,1,1,0,-19
2014,2,2,17,male,179,178,1,522447.65151764,15649.0577774359,0.0299533507940509,2034,TRUE,region,Northeast,34.2618058440935,13.1662800693189,TRUE,2014Q2,6,-18,2,0,0,0,0,1,1,1,0,-19
2014,2,2,18,male,713,711,2,517111.04784567,14664.232633298,0.0283579952398823,2034,TRUE,region,Northeast,137.881409219629,13.1560129231641,TRUE,2014Q2,6,-18,2,0,0,0,0,1,1,1,0,-19
2014,2,2,19,male,1186,1179,7,474197.64978958,14635.7631260855,0.0308642675318613,1796,TRUE,region,Northeast,250.106680310684,13.0693794964425,TRUE,2014Q2,6,-18,2,0,0,0,0,1,1,1,0,-19
2014,2,3,15,combined,27,27,0,1295198.90205491,36269.7081011058,0.028003195527391,2377,TRUE,region,Southeast,2.08462190302686,14.0741748336421,TRUE,2014Q2,6,-18,2,1,0,0,0,1,1,1,0,-19
2014,2,3,16,combined,1451,1451,0,1373791.6780918,36268.157350007,0.0264000415262258,2510,TRUE,region,Southeast,105.620089504068,14.1330851231601,TRUE,2014Q2,6,-18,2,0,0,0,0,1,1,1,0,-19
2014,2,3,17,combined,2105,2104,1,1320572.67309038,35397.5090728225,0.0268046657288356,2429,TRUE,region,Southeast,159.400542120406,14.0935760437301,TRUE,2014Q2,6,-18,2,0,0,0,0,1,1,1,0,-19
2014,2,3,18,combined,4614,4614,0,1341336.8556603,37671.9876536123,0.028085404121001,2359,TRUE,region,Southeast,343.985180197607,14.1091773280794,TRUE,2014Q2,6,-18,2,0,0,0,0,1,1,1,0,-19
2014,2,3,19,combined,6145,6132,13,1310045.25062894,42433.7624776557,0.0323910662301807,2283,TRUE,region,Southeast,469.06776670881,14.0855722370456,TRUE,2014Q2,6,-18,2,0,0,0,0,1,1,1,0,-19
2014,2,3,15,female,21,21,0,644958.37615091,24351.7549361426,0.037757095398114,1167,TRUE,region,Southeast,3.25602407481352,13.3769410605962,TRUE,2014Q2,6,-18,2,1,0,0,0,1,1,1,0,-19
2014,2,3,16,female,1411,1411,0,693449.5605616,25939.9289485625,0.0374070883072659,1213,TRUE,region,Southeast,203.475505681665,13.4494337843855,TRUE,2014Q2,6,-18,2,0,0,0,0,1,1,1,0,-19
2014,2,3,17,female,1903,1903,0,651081.81445943,24435.8501179236,0.037531151347257,1165,TRUE,region,Southeast,292.282775795234,13.3863905883471,TRUE,2014Q2,6,-18,2,0,0,0,0,1,1,1,0,-19
2014,2,3,18,female,3760,3760,0,679140.86268361,27134.0406264803,0.0399534796349327,1154,TRUE,region,Southeast,553.640666700932,13.4285838411126,TRUE,2014Q2,6,-18,2,0,0,0,0,1,1,1,0,-19
2014,2,3,19,female,4407,4400,7,657810.56662334,28664.6592203812,0.0435758570548996,1120,TRUE,region,Southeast,669.949712517074,13.3966722761887,TRUE,2014Q2,6,-18,2,0,0,0,0,1,1,1,0,-19
2014,2,3,15,male,6,6,0,650240.525904,25124.8080857022,0.038639252837667,1210,TRUE,region,Southeast,0.922735474178339,13.3850976132763,TRUE,2014Q2,6,-18,2,1,0,0,0,1,1,1,0,-19
2014,2,3,16,male,40,40,0,680342.1175302,25001.7875669031,0.0367488457978544,1297,TRUE,region,Southeast,5.87939493518486,13.4303510646479,TRUE,2014Q2,6,-18,2,0,0,0,0,1,1,1,0,-19
2014,2,3,17,male,202,201,1,669490.85863095,24644.9883515237,0.0368115382515013,1264,TRUE,region,Southeast,30.1721819492909,13.4142727899962,TRUE,2014Q2,6,-18,2,0,0,0,0,1,1,1,0,-19
2014,2,3,18,male,854,854,0,662195.99297669,25287.4449564659,0.0381872515458667,1205,TRUE,region,Southeast,128.964839572815,13.4033168529998,TRUE,2014Q2,6,-18,2,0,0,0,0,1,1,1,0,-19
2014,2,3,19,male,1738,1732,6,652234.6840056,26614.8810060395,0.0408056818484234,1163,TRUE,region,Southeast,266.468503227448,13.3881597209381,TRUE,2014Q2,6,-18,2,0,0,0,0,1,1,1,0,-19
2014,2,4,15,combined,30,30,0,453870.10444307,13605.9057293801,0.0299775323295978,1506,TRUE,region,South,6.60982067475276,13.0255663225237,TRUE,2014Q2,6,-18,2,1,0,0,0,1,1,1,0,-19
2014,2,4,16,combined,621,620,1,461256.89885709,14237.1035510241,0.0308658875049914,1502,TRUE,region,South,134.632132665923,13.0417104310968,TRUE,2014Q2,6,-18,2,0,0,0,0,1,1,1,0,-19
2014,2,4,17,combined,860,859,1,458234.5217734,13603.3840182607,0.0296865106662297,1490,TRUE,region,South,187.676824668674,13.035136388314,TRUE,2014Q2,6,-18,2,0,0,0,0,1,1,1,0,-19
2014,2,4,18,combined,1607,1605,2,479838.83403004,14211.392421629,0.0296170118251398,1533,TRUE,region,South,334.904114888583,13.0812055640658,TRUE,2014Q2,6,-18,2,0,0,0,0,1,1,1,0,-19
2014,2,4,19,combined,2007,2003,4,457259.88226363,13327.163677705,0.029145709463358,1468,TRUE,region,South,438.918890077236,13.0330071784059,TRUE,2014Q2,6,-18,2,0,0,0,0,1,1,1,0,-19
2014,2,4,15,female,27,27,0,229956.98390287,9854.65883729738,0.0428543576717801,749,TRUE,region,South,11.7413263740684,12.3456475439044,TRUE,2014Q2,6,-18,2,1,0,0,0,1,1,1,0,-19
2014,2,4,16,female,593,593,0,222586.73921013,9665.56733940071,0.0434238237807872,727,TRUE,region,South,266.412995717677,12.3130721437675,TRUE,2014Q2,6,-18,2,0,0,0,0,1,1,1,0,-19
2014,2,4,17,female,745,744,1,222614.1612866,9532.85082822791,0.0428223019287396,700,TRUE,region,South,334.659751964685,12.3131953334398,TRUE,2014Q2,6,-18,2,0,0,0,0,1,1,1,0,-19
2014,2,4,18,female,1247,1246,1,237664.25575072,9901.75469275933,0.0416627845928377,734,TRUE,region,South,524.689754486239,12.3786142665705,TRUE,2014Q2,6,-18,2,0,0,0,0,1,1,1,0,-19
2014,2,4,19,female,1373,1373,0,232678.9743298,9516.74107228642,0.0409007350135443,712,TRUE,region,South,590.083398792151,12.357414989943,TRUE,2014Q2,6,-18,2,0,0,0,0,1,1,1,0,-19
2014,2,4,15,male,3,3,0,223913.1205402,9650.94870447129,0.0431013094774793,757,TRUE,region,South,1.33980536413515,12.3190134008708,TRUE,2014Q2,6,-18,2,1,0,0,0,1,1,1,0,-19
2014,2,4,16,male,28,27,1,238670.15964696,9612.85636256003,0.0402767416621304,775,TRUE,region,South,11.7316718777988,12.3828377925599,TRUE,2014Q2,6,-18,2,0,0,0,0,1,1,1,0,-19
2014,2,4,17,male,115,115,0,235620.3604868,9445.89265309984,0.0400894584559004,790,TRUE,region,South,48.8073270758121,12.3699771467489,TRUE,2014Q2,6,-18,2,0,0,0,0,1,1,1,0,-19
2014,2,4,18,male,360,359,1,242174.57827932,10090.9895096002,0.0416682443768372,799,TRUE,region,South,148.653092557379,12.3974141429049,TRUE,2014Q2,6,-18,2,0,0,0,0,1,1,1,0,-19
2014,2,4,19,male,634,630,4,224580.90793383,9258.92741488369,0.0412275802964147,756,TRUE,region,South,282.303605338883,12.3219913129264,TRUE,2014Q2,6,-18,2,0,0,0,0,1,1,1,0,-19
2014,2,5,15,combined,32,32,0,255336.07113273,9709.72185668462,0.0380272235474214,957,TRUE,region,Central-West,12.5325026965601,12.4503358824491,TRUE,2014Q2,6,-18,2,1,0,0,0,1,1,1,0,-19
2014,2,5,16,combined,472,472,0,252046.89645919,9300.03195754477,0.0368980221069716,953,TRUE,region,Central-West,187.266737512248,12.4373704462399,TRUE,2014Q2,6,-18,2,0,0,0,0,1,1,1,0,-19
2014,2,5,17,combined,608,608,0,271110.36996037,9998.0208206234,0.0368780464653008,1027,TRUE,region,Central-West,224.262908161305,12.5102812861767,TRUE,2014Q2,6,-18,2,0,0,0,0,1,1,1,0,-19
2014,2,5,18,combined,1193,1193,0,267894.36479678,10055.6705657535,0.0375359540443545,996,TRUE,region,Central-West,445.324783485083,12.498348020585,TRUE,2014Q2,6,-18,2,0,0,0,0,1,1,1,0,-19
2014,2,5,19,combined,1392,1391,1,249713.87646862,10025.1095892853,0.0401463856596898,886,TRUE,region,Central-West,557.4379844986,12.4280710472853,TRUE,2014Q2,6,-18,2,0,0,0,0,1,1,1,0,-19
2014,2,5,15,female,30,30,0,128905.92538585,6643.25363985975,0.0515356731661071,484,TRUE,region,Central-West,23.2727858786956,11.7668381567292,TRUE,2014Q2,6,-18,2,1,0,0,0,1,1,1,0,-19
2014,2,5,16,female,450,450,0,124269.92815434,6406.88588864622,0.0515562049789635,473,TRUE,region,Central-West,362.114959494554,11.7302113186582,TRUE,2014Q2,6,-18,2,0,0,0,0,1,1,1,0,-19
2014,2,5,17,female,553,553,0,141833.58746136,7308.3704725486,0.0515277840979636,526,TRUE,region,Central-West,389.89354348148,11.8624097300628,TRUE,2014Q2,6,-18,2,0,0,0,0,1,1,1,0,-19
2014,2,5,18,female,932,932,0,137657.4756452,7314.16616424833,0.0531330836190832,486,TRUE,region,Central-West,677.042780010109,11.8325238181785,TRUE,2014Q2,6,-18,2,0,0,0,0,1,1,1,0,-19
2014,2,5,19,female,956,956,0,134814.45027678,7203.26498918484,0.0534309562097848,463,TRUE,region,Central-West,709.122796582481,11.811654669614,TRUE,2014Q2,6,-18,2,0,0,0,0,1,1,1,0,-19
2014,2,5,15,male,2,2,0,126430.14574688,6849.64524705804,0.054177310376367,473,TRUE,region,Central-West,1.58190120574891,11.7474452270924,TRUE,2014Q2,6,-18,2,1,0,0,0,1,1,1,0,-19
2014,2,5,16,male,22,22,0,127776.96830485,6683.00575193564,0.0523021154797736,480,TRUE,region,Central-West,17.2175003773078,11.7580415879776,TRUE,2014Q2,6,-18,2,0,0,0,0,1,1,1,0,-19
2014,2,5,17,male,55,55,0,129276.78249901,6624.14212025504,0.0512399983369463,501,TRUE,region,Central-West,42.5443756696383,11.7697109855972,TRUE,2014Q2,6,-18,2,0,0,0,0,1,1,1,0,-19
2014,2,5,18,male,261,261,0,130236.88915158,6663.37574903288,0.051163505151582,510,TRUE,region,Central-West,200.404049651576,11.7771102954442,TRUE,2014Q2,6,-18,2,0,0,0,0,1,1,1,0,-19
2014,2,5,19,male,436,435,1,114899.42619184,6492.46869566678,0.0565056668327197,423,TRUE,region,Central-West,379.462295374774,11.6518124698456,TRUE,2014Q2,6,-18,2,0,0,0,0,1,1,1,0,-19
2014,3,1,15,combined,21,21,0,331624.50065829,10201.4602511933,0.0307620825088102,1715,TRUE,region,North,6.33246336091393,12.7117585856968,TRUE,2014Q3,7,-17,3,1,0,0,0,1,1,1,0,-18
2014,3,1,16,combined,449,449,0,334162.60747341,11226.5029158909,0.0335959280446549,1665,TRUE,region,North,134.365721944436,12.7193830022092,TRUE,2014Q3,7,-17,3,0,0,0,0,1,1,1,0,-18
2014,3,1,17,combined,642,641,1,349345.41395334,11165.8232274371,0.0319621291176546,1702,TRUE,region,North,183.772270754855,12.7638164365246,TRUE,2014Q3,7,-17,3,0,0,0,0,1,1,1,0,-18
2014,3,1,18,combined,1076,1076,0,340618.7640502,10605.2402042478,0.0311352201450794,1687,TRUE,region,North,315.895691477942,12.7385191368565,TRUE,2014Q3,7,-17,3,0,0,0,0,1,1,1,0,-18
2014,3,1,19,combined,1378,1377,1,318384.65551769,10410.8297178945,0.0326989053570016,1526,TRUE,region,North,432.809802896872,12.6710155393215,TRUE,2014Q3,7,-17,3,0,0,0,0,1,1,1,0,-18
2014,3,1,15,female,18,18,0,152294.070004,6604.23249878108,0.0433650010050137,779,TRUE,region,North,11.8192389234376,11.9335686018416,TRUE,2014Q3,7,-17,3,1,0,0,0,1,1,1,0,-18
2014,3,1,16,female,431,431,0,160297.59238496,7623.36193849484,0.0475575573224274,788,TRUE,region,North,268.874905472653,11.9847873190523,TRUE,2014Q3,7,-17,3,0,0,0,0,1,1,1,0,-18
2014,3,1,17,female,589,589,0,176608.12932899,7965.78679590797,0.0451043042365796,826,TRUE,region,North,333.506731676432,12.081688598533,TRUE,2014Q3,7,-17,3,0,0,0,0,1,1,1,0,-18
2014,3,1,18,female,866,866,0,165787.24852461,7698.49045884471,0.046435962520374,787,TRUE,region,North,522.356217204152,12.0184606099477,TRUE,2014Q3,7,-17,3,0,0,0,0,1,1,1,0,-18
2014,3,1,19,female,973,973,0,168057.36828901,7408.10336171644,0.0440808007238138,771,TRUE,region,North,578.968961555272,12.0320606780059,TRUE,2014Q3,7,-17,3,0,0,0,0,1,1,1,0,-18
2014,3,1,15,male,3,3,0,179330.43065429,7306.05883397458,0.0407407644498388,936,TRUE,region,North,1.67288953082556,12.0969853644022,TRUE,2014Q3,7,-17,3,1,0,0,0,1,1,1,0,-18
2014,3,1,16,male,18,18,0,173865.01508845,7589.32797091322,0.0436506905489429,877,TRUE,region,North,10.3528590791212,12.0660345017735,TRUE,2014Q3,7,-17,3,0,0,0,0,1,1,1,0,-18
2014,3,1,17,male,53,52,1,172737.28462435,7571.27618086716,0.0438311635923439,876,TRUE,region,North,30.682432061647,12.0595271332731,TRUE,2014Q3,7,-17,3,0,0,0,0,1,1,1,0,-18
2014,3,1,18,male,210,210,0,174831.51552559,7148.77576368282,0.0408895143543868,900,TRUE,region,North,120.115643548982,12.0715780207212,TRUE,2014Q3,7,-17,3,0,0,0,0,1,1,1,0,-18
2014,3,1,19,male,405,404,1,150327.28722868,6946.425597866,0.0462086805790555,755,TRUE,region,North,269.412165593003,11.9205701110169,TRUE,2014Q3,7,-17,3,0,0,0,0,1,1,1,0,-18
2014,3,2,15,combined,70,70,0,1021115.70799347,22582.8542287115,0.0221158621417034,3870,TRUE,region,Northeast,6.85524661426985,13.836406418829,TRUE,2014Q3,7,-17,3,1,0,0,0,1,1,1,0,-18
2014,3,2,16,combined,1413,1413,0,1037002.85555552,24613.8232989711,0.0237355405215211,3920,TRUE,region,Northeast,136.258062591646,13.8518452408776,TRUE,2014Q3,7,-17,3,0,0,0,0,1,1,1,0,-18
2014,3,2,17,combined,1754,1753,1,1017145.00598715,21540.0078202905,0.0211769292416529,3863,TRUE,region,Northeast,172.443455915877,13.8325102469584,TRUE,2014Q3,7,-17,3,0,0,0,0,1,1,1,0,-18
2014,3,2,18,combined,3083,3080,3,997576.81113521,20460.4483384145,0.0205101483013936,3850,TRUE,region,Northeast,309.048883813934,13.8130844284258,TRUE,2014Q3,7,-17,3,0,0,0,0,1,1,1,0,-18
2014,3,2,19,combined,3916,3909,7,955852.10645249,20538.8873709708,0.0214875159371652,3518,TRUE,region,Northeast,409.68680966072,13.7703584797027,TRUE,2014Q3,7,-17,3,0,0,0,0,1,1,1,0,-18
2014,3,2,15,female,63,63,0,489939.41564489,14374.4907529423,0.0293393229732734,1860,TRUE,region,Northeast,12.8587327306735,13.1020370209015,TRUE,2014Q3,7,-17,3,1,0,0,0,1,1,1,0,-18
2014,3,2,16,female,1359,1359,0,494825.7127247,14035.2380415021,0.0283640030834668,1879,TRUE,region,Northeast,274.642154813828,13.111960884045,TRUE,2014Q3,7,-17,3,0,0,0,0,1,1,1,0,-18
2014,3,2,17,female,1572,1572,0,507005.58357212,14957.9703483683,0.0295025751846392,1855,TRUE,region,Northeast,310.055756965128,13.1362772954754,TRUE,2014Q3,7,-17,3,0,0,0,0,1,1,1,0,-18
2014,3,2,18,female,2441,2441,0,502270.72328767,14884.6115849903,0.0296346390400009,1863,TRUE,region,Northeast,485.992889257442,13.1268945427273,TRUE,2014Q3,7,-17,3,0,0,0,0,1,1,1,0,-18
2014,3,2,19,female,2649,2648,1,479396.51531365,14435.8316507564,0.0301125085177385,1688,TRUE,region,Northeast,552.569723679962,13.0802833321067,TRUE,2014Q3,7,-17,3,0,0,0,0,1,1,1,0,-18
2014,3,2,15,male,7,7,0,531176.29234858,16278.0124973338,0.0306452165350999,2010,TRUE,region,Northeast,1.31782989957058,13.1828492457805,TRUE,2014Q3,7,-17,3,1,0,0,0,1,1,1,0,-18
2014,3,2,16,male,54,54,0,542177.14283082,18449.2450983661,0.0340280761413857,2041,TRUE,region,Northeast,9.95984443719902,13.2033480588151,TRUE,2014Q3,7,-17,3,0,0,0,0,1,1,1,0,-18
2014,3,2,17,male,182,181,1,510139.42241503,15237.7572185385,0.0298697896084997,2008,TRUE,region,Northeast,35.6765213592789,13.1424393446241,TRUE,2014Q3,7,-17,3,0,0,0,0,1,1,1,0,-18
2014,3,2,18,male,642,639,3,495306.08784754,14284.5592655237,0.02883986208932,1987,TRUE,region,Northeast,129.616819932489,13.1129312097335,TRUE,2014Q3,7,-17,3,0,0,0,0,1,1,1,0,-18
2014,3,2,19,male,1267,1261,6,476455.59113884,14224.626760069,0.0298550946292157,1830,TRUE,region,Northeast,265.921950243374,13.0741297997035,TRUE,2014Q3,7,-17,3,0,0,0,0,1,1,1,0,-18
2014,3,3,15,combined,45,45,0,1325774.93396649,36232.1661413552,0.0273290474974925,2413,TRUE,region,Southeast,3.39424127331837,14.0975077022647,TRUE,2014Q3,7,-17,3,1,0,0,0,1,1,1,0,-18
2014,3,3,16,combined,1529,1528,1,1347133.795449,35863.8917358257,0.026622368065432,2474,TRUE,region,Southeast,113.500233248204,14.1134897789297,TRUE,2014Q3,7,-17,3,0,0,0,0,1,1,1,0,-18
2014,3,3,17,combined,2127,2121,6,1315046.29344915,34236.2089201537,0.0260342233506911,2439,TRUE,region,Southeast,161.743355393309,14.0893824271182,TRUE,2014Q3,7,-17,3,0,0,0,0,1,1,1,0,-18
2014,3,3,18,combined,4695,4680,15,1302289.2694512,38426.8701404239,0.0295071694452473,2338,TRUE,region,Southeast,360.518980700696,14.0796342502315,TRUE,2014Q3,7,-17,3,0,0,0,0,1,1,1,0,-18
2014,3,3,19,combined,6458,6449,9,1282672.36425993,36674.3422559702,0.0285921356675759,2339,TRUE,region,Southeast,503.480092028497,14.0644562440803,TRUE,2014Q3,7,-17,3,0,0,0,0,1,1,1,0,-18
2014,3,3,15,female,43,43,0,685966.15442485,25730.1683926967,0.0375093847221519,1204,TRUE,region,Southeast,6.26853084844302,13.4385835679178,TRUE,2014Q3,7,-17,3,1,0,0,0,1,1,1,0,-18
2014,3,3,16,female,1475,1475,0,669841.17751357,26009.1511755091,0.0388288329362704,1191,TRUE,region,Southeast,220.201452152457,13.4147959147795,TRUE,2014Q3,7,-17,3,0,0,0,0,1,1,1,0,-18
2014,3,3,17,female,1945,1942,3,643018.60524751,24042.6445460242,0.0373902782125095,1158,TRUE,region,Southeast,302.479583658599,13.3739289378673,TRUE,2014Q3,7,-17,3,0,0,0,0,1,1,1,0,-18
2014,3,3,18,female,3794,3787,7,637135.06735088,25810.055412984,0.0405095508559883,1101,TRUE,region,Southeast,595.478132411536,13.3647369487353,TRUE,2014Q3,7,-17,3,0,0,0,0,1,1,1,0,-18
2014,3,3,19,female,4663,4658,5,633832.36057484,24054.4513408759,0.0379508097678387,1149,TRUE,region,Southeast,735.683485104957,13.3595397829583,TRUE,2014Q3,7,-17,3,0,0,0,0,1,1,1,0,-18
2014,3,3,15,male,2,2,0,639808.77954164,23704.0210712292,0.0370486023780587,1209,TRUE,region,Southeast,0.312593397269854,13.3689246287254,TRUE,2014Q3,7,-17,3,1,0,0,0,1,1,1,0,-18
2014,3,3,16,male,54,53,1,677292.61793543,24807.8623121389,0.036627982728883,1283,TRUE,region,Southeast,7.97292020760636,13.4258586858898,TRUE,2014Q3,7,-17,3,0,0,0,0,1,1,1,0,-18
2014,3,3,17,male,182,179,3,672027.68820164,23798.1022727937,0.0354123835827031,1281,TRUE,region,Southeast,27.0822174733657,13.4180548213375,TRUE,2014Q3,7,-17,3,0,0,0,0,1,1,1,0,-18
2014,3,3,18,male,901,893,8,665154.20210032,25824.5100948265,0.0388248469501988,1237,TRUE,region,Southeast,135.457311576017,13.4077741756149,TRUE,2014Q3,7,-17,3,0,0,0,0,1,1,1,0,-18
2014,3,3,19,male,1795,1791,4,648840.00368509,27060.3696603418,0.0417057664549848,1190,TRUE,region,Southeast,276.647554066532,13.3829414378436,TRUE,2014Q3,7,-17,3,0,0,0,0,1,1,1,0,-18
2014,3,4,15,combined,40,40,0,464286.69664888,14022.9497425789,0.0302032124628887,1557,TRUE,region,South,8.61536638648302,13.0482575211075,TRUE,2014Q3,7,-17,3,1,0,0,0,1,1,1,0,-18
2014,3,4,16,combined,661,660,1,475369.87186368,15639.2491669236,0.0328991172823179,1533,TRUE,region,South,139.049619911451,13.0718484576124,TRUE,2014Q3,7,-17,3,0,0,0,0,1,1,1,0,-18
2014,3,4,17,combined,834,833,1,442436.5112934,13402.7309972143,0.0302930039793355,1464,TRUE,region,South,188.501621975528,13.0000522558332,TRUE,2014Q3,7,-17,3,0,0,0,0,1,1,1,0,-18
2014,3,4,18,combined,1550,1547,3,462369.21087533,13281.7281681982,0.0287253732640502,1538,TRUE,region,South,335.229933901877,13.0441190086462,TRUE,2014Q3,7,-17,3,0,0,0,0,1,1,1,0,-18
2014,3,4,19,combined,1946,1943,3,469142.21277094,14475.6241367582,0.0308555140482018,1479,TRUE,region,South,414.799595309523,13.0586612269892,TRUE,2014Q3,7,-17,3,0,0,0,0,1,1,1,0,-18
2014,3,4,15,female,35,35,0,228356.77251933,9631.7196451302,0.0421783840210603,750,TRUE,region,South,15.3268937959952,12.3386644766771,TRUE,2014Q3,7,-17,3,1,0,0,0,1,1,1,0,-18
2014,3,4,16,female,620,620,0,239670.34059841,11069.1419807287,0.0461848635633898,769,TRUE,region,South,258.688663124516,12.3870196772573,TRUE,2014Q3,7,-17,3,0,0,0,0,1,1,1,0,-18
2014,3,4,17,female,733,732,1,218774.9859631,9312.39176981743,0.0425660718423637,711,TRUE,region,South,335.047444648737,12.2957990192427,TRUE,2014Q3,7,-17,3,0,0,0,0,1,1,1,0,-18
2014,3,4,18,female,1181,1180,1,228943.94175212,9668.2762954359,0.0422298848418704,723,TRUE,region,South,515.846801169642,12.3412324567267,TRUE,2014Q3,7,-17,3,0,0,0,0,1,1,1,0,-18
2014,3,4,19,female,1291,1289,2,236311.17298575,10457.8081354292,0.0442543956059997,705,TRUE,region,South,546.31356769485,12.3729047451116,TRUE,2014Q3,7,-17,3,0,0,0,0,1,1,1,0,-18
2014,3,4,15,male,5,5,0,235929.92412955,9959.48938454599,0.0422137608075405,807,TRUE,region,South,2.11927334713781,12.3712901082604,TRUE,2014Q3,7,-17,3,1,0,0,0,1,1,1,0,-18
2014,3,4,16,male,41,40,1,235699.53126527,9930.89572966854,0.0421337101366219,764,TRUE,region,South,17.3950282293333,12.3703131002301,TRUE,2014Q3,7,-17,3,0,0,0,0,1,1,1,0,-18
2014,3,4,17,male,101,101,0,223661.5253303,9437.62798863603,0.042196028014647,753,TRUE,region,South,45.157520879304,12.3178891404208,TRUE,2014Q3,7,-17,3,0,0,0,0,1,1,1,0,-18
2014,3,4,18,male,369,367,2,233425.26912321,9210.18936756276,0.0394566937939409,815,TRUE,region,South,158.080571733315,12.3606172582837,TRUE,2014Q3,7,-17,3,0,0,0,0,1,1,1,0,-18
2014,3,4,19,male,655,654,1,232831.03978519,9768.88108021653,0.0419569533736967,774,TRUE,region,South,281.319879258497,12.3580683183621,TRUE,2014Q3,7,-17,3,0,0,0,0,1,1,1,0,-18
2014,3,5,15,combined,23,23,0,262735.26729925,9950.15881591836,0.0378714244121073,1003,TRUE,region,Central-West,8.75405888079863,12.478902215994,TRUE,2014Q3,7,-17,3,1,0,0,0,1,1,1,0,-18
2014,3,5,16,combined,508,508,0,247638.57083928,9566.45823114558,0.0386307278334049,940,TRUE,region,Central-West,205.137672325567,12.4197255864942,TRUE,2014Q3,7,-17,3,0,0,0,0,1,1,1,0,-18
2014,3,5,17,combined,634,634,0,259073.04923365,9453.09614740946,0.0364881494828279,972,TRUE,region,Central-West,244.71862352159,12.4648653442881,TRUE,2014Q3,7,-17,3,0,0,0,0,1,1,1,0,-18
2014,3,5,18,combined,1285,1285,0,268904.41264019,10110.6784197171,0.0375995258703537,1003,TRUE,region,Central-West,477.864973424369,12.5021112520896,TRUE,2014Q3,7,-17,3,0,0,0,0,1,1,1,0,-18
2014,3,5,19,combined,1506,1505,1,270318.76633775,10679.5461265254,0.0395072316702638,975,TRUE,region,Central-West,557.120032916371,12.5073571576672,TRUE,2014Q3,7,-17,3,0,0,0,0,1,1,1,0,-18
2014,3,5,15,female,21,21,0,131102.12146788,6736.34311711084,0.0513824112202581,490,TRUE,region,Central-West,16.0180474311737,11.7837318516794,TRUE,2014Q3,7,-17,3,1,0,0,0,1,1,1,0,-18
2014,3,5,16,female,487,487,0,115043.10477566,6201.321183534,0.0539043273877813,442,TRUE,region,Central-West,423.319590469742,11.6530621612525,TRUE,2014Q3,7,-17,3,0,0,0,0,1,1,1,0,-18
2014,3,5,17,female,574,574,0,130516.19965533,6510.05502674852,0.0498792873523779,481,TRUE,region,Central-West,439.792149569043,11.7792526333306,TRUE,2014Q3,7,-17,3,0,0,0,0,1,1,1,0,-18
2014,3,5,18,female,1004,1004,0,145466.31821768,7698.18095739594,0.0529207107990192,525,TRUE,region,Central-West,690.19413724185,11.8876998488829,TRUE,2014Q3,7,-17,3,0,0,0,0,1,1,1,0,-18
2014,3,5,19,female,1053,1053,0,144309.84698474,7519.24788916715,0.0521048843601246,499,TRUE,region,Central-West,729.679936609835,11.8797179821062,TRUE,2014Q3,7,-17,3,0,0,0,0,1,1,1,0,-18
2014,3,5,15,male,2,2,0,131633.14583137,6712.54050272192,0.0509943028431539,513,TRUE,region,Central-West,1.51937415714589,11.7877741341795,TRUE,2014Q3,7,-17,3,1,0,0,0,1,1,1,0,-18
2014,3,5,16,male,21,21,0,132595.46606362,6810.41090594846,0.0513623211119511,498,TRUE,region,Central-West,15.8376456023949,11.7950581635673,TRUE,2014Q3,7,-17,3,0,0,0,0,1,1,1,0,-18
2014,3,5,17,male,60,60,0,128556.84957832,6901.49025319639,0.0536843449091511,491,TRUE,region,Central-West,46.6719589013003,11.7641264946531,TRUE,2014Q3,7,-17,3,0,0,0,0,1,1,1,0,-18
2014,3,5,18,male,281,281,0,123438.09442251,6478.01626049037,0.0524798790097739,478,TRUE,region,Central-West,227.644473381272,11.7234950496407,TRUE,2014Q3,7,-17,3,0,0,0,0,1,1,1,0,-18
2014,3,5,19,male,453,452,1,126008.91935301,6848.08760950529,0.0543460545861884,476,TRUE,region,Central-West,359.498361168335,11.7441079719442,TRUE,2014Q3,7,-17,3,0,0,0,0,1,1,1,0,-18
2014,4,1,15,combined,19,19,0,338931.99200886,9893.72867835796,0.0291908964383018,1721,TRUE,region,North,5.60584437231388,12.7335547526938,TRUE,2014Q4,8,-16,4,1,0,0,0,1,1,1,0,-17
2014,4,1,16,combined,530,530,0,326306.06628981,10888.4810826335,0.0333689201872295,1629,TRUE,region,North,162.42419456869,12.6955910735511,TRUE,2014Q4,8,-16,4,0,0,0,0,1,1,1,0,-17
2014,4,1,17,combined,636,636,0,333216.75180829,10733.2586436864,0.0322110415681069,1660,TRUE,region,North,190.866754611998,12.7165484635461,TRUE,2014Q4,8,-16,4,0,0,0,0,1,1,1,0,-17
2014,4,1,18,combined,1217,1216,1,326436.57148624,10569.9000014955,0.0323796440863584,1626,TRUE,region,North,372.813620256791,12.6959909407901,TRUE,2014Q4,8,-16,4,0,0,0,0,1,1,1,0,-17
2014,4,1,19,combined,1439,1438,1,320561.63237839,10382.7741928939,0.0323893228140232,1555,TRUE,region,North,448.899635718541,12.6778298375681,TRUE,2014Q4,8,-16,4,0,0,0,0,1,1,1,0,-17
2014,4,1,15,female,18,18,0,156637.46332175,6687.41230944113,0.0426935687518411,800,TRUE,region,North,11.4915037681797,11.9616892633134,TRUE,2014Q4,8,-16,4,1,0,0,0,1,1,1,0,-17
2014,4,1,16,female,515,515,0,150578.58454434,7158.99589434095,0.047543254015865,766,TRUE,region,North,342.014106161525,11.9222403833356,TRUE,2014Q4,8,-16,4,0,0,0,0,1,1,1,0,-17
2014,4,1,17,female,580,580,0,163940.07233103,7645.2036359383,0.0466341360427181,793,TRUE,region,North,353.78781511628,12.0072562274112,TRUE,2014Q4,8,-16,4,0,0,0,0,1,1,1,0,-17
2014,4,1,18,female,981,981,0,159514.15618311,7208.52291706571,0.0451904902332986,762,TRUE,region,North,614.99243921266,11.9798879507678,TRUE,2014Q4,8,-16,4,0,0,0,0,1,1,1,0,-17
2014,4,1,19,female,996,996,0,161886.90642668,7408.72593251089,0.0457648249388617,762,TRUE,region,North,615.244322091668,11.994653261946,TRUE,2014Q4,8,-16,4,0,0,0,0,1,1,1,0,-17
2014,4,1,15,male,1,1,0,182294.52868711,7131.7506521817,0.0391221322084912,921,TRUE,region,North,0.548562816011005,12.1133789475291,TRUE,2014Q4,8,-16,4,1,0,0,0,1,1,1,0,-17
2014,4,1,16,male,15,15,0,175727.48174547,7673.15883553219,0.0436651043952605,863,TRUE,region,North,8.53594432185999,12.0766896748379,TRUE,2014Q4,8,-16,4,0,0,0,0,1,1,1,0,-17
2014,4,1,17,male,56,56,0,169276.67947726,7085.45578051961,0.0418572469781429,867,TRUE,region,North,33.0819343650481,12.0392898118953,TRUE,2014Q4,8,-16,4,0,0,0,0,1,1,1,0,-17
2014,4,1,18,male,236,235,1,166922.41530313,7223.591203203,0.0432751418680649,864,TRUE,region,North,141.383048868198,12.0252844044255,TRUE,2014Q4,8,-16,4,0,0,0,0,1,1,1,0,-17
2014,4,1,19,male,443,442,1,158674.72595171,6948.4974007102,0.0437908265417446,793,TRUE,region,North,279.187499674535,11.9746116370688,TRUE,2014Q4,8,-16,4,0,0,0,0,1,1,1,0,-17
2014,4,2,15,combined,80,80,0,1052294.84090133,24737.6743329277,0.0235083109518421,4015,TRUE,region,Northeast,7.60243202670052,13.8664839000288,TRUE,2014Q4,8,-16,4,1,0,0,0,1,1,1,0,-17
2014,4,2,16,combined,1736,1734,2,1007710.69363555,23556.3695911083,0.0233761234646853,3824,TRUE,region,Northeast,172.271665961684,13.8231916761359,TRUE,2014Q4,8,-16,4,0,0,0,0,1,1,1,0,-17
2014,4,2,17,combined,2457,2450,7,1014726.78300684,21941.883874946,0.0216234401637924,3879,TRUE,region,Northeast,242.134143017238,13.8301299549192,TRUE,2014Q4,8,-16,4,0,0,0,0,1,1,1,0,-17
2014,4,2,18,combined,4284,4273,11,1017445.54880325,23630.575579575,0.0232253958036084,3883,TRUE,region,Northeast,421.054473631436,13.8328056801772,TRUE,2014Q4,8,-16,4,0,0,0,0,1,1,1,0,-17
2014,4,2,19,combined,5443,5436,7,951438.90406928,20106.0877292652,0.0211322951408356,3553,TRUE,region,Northeast,572.080874212777,13.7657307535352,TRUE,2014Q4,8,-16,4,0,0,0,0,1,1,1,0,-17
2014,4,2,15,female,65,65,0,526316.06397288,15950.9442360557,0.030306778242052,1969,TRUE,region,Northeast,12.3499935588797,13.1736571933402,TRUE,2014Q4,8,-16,4,1,0,0,0,1,1,1,0,-17
2014,4,2,16,female,1662,1662,0,482712.51981723,14469.0434262607,0.0299744523546627,1830,TRUE,region,Northeast,344.304307795722,13.0871765583688,TRUE,2014Q4,8,-16,4,0,0,0,0,1,1,1,0,-17
2014,4,2,17,female,2192,2190,2,498283.31257446,14934.5954892944,0.0299720964206737,1837,TRUE,region,Northeast,439.910377225897,13.118924094996,TRUE,2014Q4,8,-16,4,0,0,0,0,1,1,1,0,-17
2014,4,2,18,female,3399,3396,3,516825.73627125,18339.6474957821,0.0354851668728757,1876,TRUE,region,Northeast,657.668486968705,13.1554610294971,TRUE,2014Q4,8,-16,4,0,0,0,0,1,1,1,0,-17
2014,4,2,19,female,3750,3748,2,485021.08652945,14618.8569927551,0.0301406627438815,1744,TRUE,region,Northeast,773.162261218988,13.0919476463548,TRUE,2014Q4,8,-16,4,0,0,0,0,1,1,1,0,-17
2014,4,2,15,male,15,15,0,525978.77692845,16324.4751340156,0.0310363760860189,2046,TRUE,region,Northeast,2.85182609222282,13.1730161428611,TRUE,2014Q4,8,-16,4,1,0,0,0,1,1,1,0,-17
2014,4,2,16,male,74,72,2,524998.17381832,18004.4516710278,0.0342943129498548,1994,TRUE,region,Northeast,14.0952871248669,13.1711500631264,TRUE,2014Q4,8,-16,4,0,0,0,0,1,1,1,0,-17
2014,4,2,17,male,265,260,5,516443.47043238,15163.8368081158,0.0293620457538561,2042,TRUE,region,Northeast,51.3124892019905,13.1547211141801,TRUE,2014Q4,8,-16,4,0,0,0,0,1,1,1,0,-17
2014,4,2,18,male,885,877,8,500619.812532,14643.6983630016,0.0292511362843147,2007,TRUE,region,Northeast,176.780858017566,13.1236022347676,TRUE,2014Q4,8,-16,4,0,0,0,0,1,1,1,0,-17
2014,4,2,19,male,1693,1688,5,466417.81753983,13638.816560248,0.0292416285299464,1809,TRUE,region,Northeast,362.979272303513,13.0528371155611,TRUE,2014Q4,8,-16,4,0,0,0,0,1,1,1,0,-17
2014,4,3,15,combined,57,57,0,1335918.00217654,35284.9369115084,0.0264125020053779,2449,TRUE,region,Southeast,4.26672893898675,14.1051292555788,TRUE,2014Q4,8,-16,4,1,0,0,0,1,1,1,0,-17
2014,4,3,16,combined,1928,1927,1,1344402.38380898,35507.7228882818,0.0264115292533778,2425,TRUE,region,Southeast,143.409445209221,14.1114601479712,TRUE,2014Q4,8,-16,4,0,0,0,0,1,1,1,0,-17
2014,4,3,17,combined,3006,3003,3,1328609.21942053,34635.8573585972,0.0260692586294889,2406,TRUE,region,Southeast,226.251628850736,14.0996432533888,TRUE,2014Q4,8,-16,4,0,0,0,0,1,1,1,0,-17
2014,4,3,18,combined,6397,6384,13,1336224.61096389,36114.1634390273,0.0270270156249975,2403,TRUE,region,Southeast,478.73687907795,14.1053587409268,TRUE,2014Q4,8,-16,4,0,0,0,0,1,1,1,0,-17
2014,4,3,19,combined,8534,8503,31,1239953.96108361,36419.5987268622,0.0293717346529824,2202,TRUE,region,Southeast,688.25135995711,14.0305848087336,TRUE,2014Q4,8,-16,4,0,0,0,0,1,1,1,0,-17
2014,4,3,15,female,51,51,0,671828.7936511,25594.4187211617,0.0380966385529073,1216,TRUE,region,Southeast,7.59121973960613,13.417758815693,TRUE,2014Q4,8,-16,4,1,0,0,0,1,1,1,0,-17
2014,4,3,16,female,1867,1867,0,672863.0948044,25616.2992554901,0.038070596311924,1186,TRUE,region,Southeast,277.471006273978,13.4192971626796,TRUE,2014Q4,8,-16,4,0,0,0,0,1,1,1,0,-17
2014,4,3,17,female,2741,2740,1,651258.57117563,24084.019563561,0.0369807333515555,1137,TRUE,region,Southeast,420.877378251167,13.3866620330773,TRUE,2014Q4,8,-16,4,0,0,0,0,1,1,1,0,-17
2014,4,3,18,female,5255,5248,7,669457.91786044,25498.1558253501,0.0380877649589106,1147,TRUE,region,Southeast,784.963454729875,13.4142235860668,TRUE,2014Q4,8,-16,4,0,0,0,0,1,1,1,0,-17
2014,4,3,19,female,6107,6084,23,594577.75254097,24498.1679739079,0.0412026313954958,1072,TRUE,region,Southeast,1027.11545696106,13.2956067730052,TRUE,2014Q4,8,-16,4,0,0,0,0,1,1,1,0,-17
2014,4,3,15,male,6,6,0,664089.20852544,23900.9336629016,0.0359905466856958,1233,TRUE,region,Southeast,0.903493073366235,13.4061717696233,TRUE,2014Q4,8,-16,4,1,0,0,0,1,1,1,0,-17
2014,4,3,16,male,61,60,1,671539.28900458,24030.8459447624,0.0357847207724558,1239,TRUE,region,Southeast,9.08360850940234,13.4173278025482,TRUE,2014Q4,8,-16,4,0,0,0,0,1,1,1,0,-17
2014,4,3,17,male,265,263,2,677350.6482449,24495.011632532,0.0361629706799597,1269,TRUE,region,Southeast,39.1230156325454,13.4259443620394,TRUE,2014Q4,8,-16,4,0,0,0,0,1,1,1,0,-17
2014,4,3,18,male,1142,1136,6,666766.69310345,24793.9608034523,0.0371853619262975,1256,TRUE,region,Southeast,171.274302062778,13.4101954782565,TRUE,2014Q4,8,-16,4,0,0,0,0,1,1,1,0,-17
2014,4,3,19,male,2427,2419,8,645376.20854264,26779.9065113841,0.0414950321330519,1130,TRUE,region,Southeast,376.059725765309,13.377588694801,TRUE,2014Q4,8,-16,4,0,0,0,0,1,1,1,0,-17
2014,4,4,15,combined,86,86,0,495119.37431348,14681.7249472587,0.0296528992985096,1635,TRUE,region,South,17.369548529432,13.1125541727056,TRUE,2014Q4,8,-16,4,1,0,0,0,1,1,1,0,-17
2014,4,4,16,combined,944,941,3,482590.87241681,15222.3020214802,0.0315428718020443,1577,TRUE,region,South,195.610827712604,13.0869245186432,TRUE,2014Q4,8,-16,4,0,0,0,0,1,1,1,0,-17
2014,4,4,17,combined,1213,1210,3,436878.56573821,13663.9789942965,0.0312763776158438,1455,TRUE,region,South,277.651524961026,12.9874105538556,TRUE,2014Q4,8,-16,4,0,0,0,0,1,1,1,0,-17
2014,4,4,18,combined,2337,2332,5,471646.61541549,13558.6667318804,0.028747511990383,1554,TRUE,region,South,495.498096162792,13.0639852880011,TRUE,2014Q4,8,-16,4,0,0,0,0,1,1,1,0,-17
2014,4,4,19,combined,3011,3002,9,441735.44616459,13678.9822288182,0.0309664581993302,1441,TRUE,region,South,681.629700795645,12.9984664437752,TRUE,2014Q4,8,-16,4,0,0,0,0,1,1,1,0,-17
2014,4,4,15,female,81,81,0,236664.91652741,9902.59735501561,0.0418422700766834,771,TRUE,region,South,34.2256052094729,12.3744005653674,TRUE,2014Q4,8,-16,4,1,0,0,0,1,1,1,0,-17
2014,4,4,16,female,890,890,0,245776.69244244,10571.1502551716,0.0430111991097256,788,TRUE,region,South,362.117331450554,12.412178648357,TRUE,2014Q4,8,-16,4,0,0,0,0,1,1,1,0,-17
2014,4,4,17,female,1071,1069,2,219695.98371412,10030.8045548477,0.0456576601231833,711,TRUE,region,South,487.49184299775,12.2999999774324,TRUE,2014Q4,8,-16,4,0,0,0,0,1,1,1,0,-17
2014,4,4,18,female,1774,1771,3,234794.87945611,9900.94530905117,0.0421684890743196,736,TRUE,region,South,755.553104100642,12.3664675585897,TRUE,2014Q4,8,-16,4,0,0,0,0,1,1,1,0,-17
2014,4,4,19,female,2026,2023,3,216556.50448695,9580.30949895598,0.044239306141614,682,TRUE,region,South,935.552596214947,12.2856067830744,TRUE,2014Q4,8,-16,4,0,0,0,0,1,1,1,0,-17
2014,4,4,15,male,5,5,0,258454.45778607,10701.242546645,0.0414047512985933,864,TRUE,region,South,1.93457680816581,12.462474778632,TRUE,2014Q4,8,-16,4,1,0,0,0,1,1,1,0,-17
2014,4,4,16,male,54,51,3,236814.17997437,10290.7417110778,0.0434549219653634,789,TRUE,region,South,22.8026885914705,12.3750310618477,TRUE,2014Q4,8,-16,4,0,0,0,0,1,1,1,0,-17
2014,4,4,17,male,142,141,1,217182.58202409,9098.64050743113,0.0418939696850178,744,TRUE,region,South,65.3827754862263,12.288493670567,TRUE,2014Q4,8,-16,4,0,0,0,0,1,1,1,0,-17
2014,4,4,18,male,563,561,2,236851.73595938,9244.49405260821,0.039030721118268,818,TRUE,region,South,237.70144547159,12.375189637687,TRUE,2014Q4,8,-16,4,0,0,0,0,1,1,1,0,-17
2014,4,4,19,male,985,979,6,225178.94167764,9549.93946287754,0.0424104465174588,759,TRUE,region,South,437.429891383937,12.3246506614511,TRUE,2014Q4,8,-16,4,0,0,0,0,1,1,1,0,-17
2014,4,5,15,combined,21,21,0,262438.45375734,10013.917022407,0.038157201732587,1003,TRUE,region,Central-West,8.00187613489651,12.4777718716465,TRUE,2014Q4,8,-16,4,1,0,0,0,1,1,1,0,-17
2014,4,5,16,combined,580,579,1,257492.75967914,9846.49173689525,0.0382398780810959,956,TRUE,region,Central-West,225.249051943338,12.4587468809397,TRUE,2014Q4,8,-16,4,0,0,0,0,1,1,1,0,-17
2014,4,5,17,combined,789,787,2,246303.78255197,8968.36628851047,0.0364118090091375,933,TRUE,region,Central-West,320.336127941324,12.4143209414896,TRUE,2014Q4,8,-16,4,0,0,0,0,1,1,1,0,-17
2014,4,5,18,combined,1585,1583,2,262591.40863469,9505.45539960662,0.036198653448066,979,TRUE,region,Central-West,603.599336414318,12.4783545237684,TRUE,2014Q4,8,-16,4,0,0,0,0,1,1,1,0,-17
2014,4,5,19,combined,1853,1849,4,252907.63797752,9999.61208648576,0.0395385926911966,916,TRUE,region,Central-West,732.67854415876,12.4407796337738,TRUE,2014Q4,8,-16,4,0,0,0,0,1,1,1,0,-17
2014,4,5,15,female,19,19,0,126133.28854439,7014.06175154139,0.0556083317297553,480,TRUE,region,Central-West,15.0634302960502,11.7450944723996,TRUE,2014Q4,8,-16,4,1,0,0,0,1,1,1,0,-17
2014,4,5,16,female,551,551,0,122549.36065826,6565.28036941392,0.0535725387235744,455,TRUE,region,Central-West,449.614748735013,11.7162691719558,TRUE,2014Q4,8,-16,4,0,0,0,0,1,1,1,0,-17
2014,4,5,17,female,726,724,2,127610.28188854,6652.56648439684,0.0521319002351822,468,TRUE,region,Central-West,568.919674226657,11.7567362257103,TRUE,2014Q4,8,-16,4,0,0,0,0,1,1,1,0,-17
2014,4,5,18,female,1231,1230,1,140223.0058612,7259.90316963687,0.0517739804895004,492,TRUE,region,Central-West,877.88732843062,11.850989333282,TRUE,2014Q4,8,-16,4,0,0,0,0,1,1,1,0,-17
2014,4,5,19,female,1280,1280,0,139858.95916643,7432.77532245252,0.0531447922017468,485,TRUE,region,Central-West,915.207726147039,11.8483897592627,TRUE,2014Q4,8,-16,4,0,0,0,0,1,1,1,0,-17
2014,4,5,15,male,2,2,0,136305.16521295,6720.46098039116,0.0493045217317463,523,TRUE,region,Central-West,1.46729582615258,11.8226515128797,TRUE,2014Q4,8,-16,4,1,0,0,0,1,1,1,0,-17
2014,4,5,16,male,29,28,1,134943.39902088,7017.29871607293,0.0520017930998399,501,TRUE,region,Central-West,21.4904917249882,11.8126107029918,TRUE,2014Q4,8,-16,4,0,0,0,0,1,1,1,0,-17
2014,4,5,17,male,63,63,0,118693.50066343,6336.74921438616,0.053387499559515,465,TRUE,region,Central-West,53.0778851814677,11.6842998247889,TRUE,2014Q4,8,-16,4,0,0,0,0,1,1,1,0,-17
2014,4,5,18,male,354,353,1,122368.40277349,6290.32637115095,0.0514048253354639,487,TRUE,region,Central-West,289.290365794242,11.7147914684592,TRUE,2014Q4,8,-16,4,0,0,0,0,1,1,1,0,-17
2014,4,5,19,male,573,569,4,113048.67881109,6368.55435256671,0.0563346199136823,431,TRUE,region,Central-West,506.861297297876,11.6355737908717,TRUE,2014Q4,8,-16,4,0,0,0,0,1,1,1,0,-17
2015,1,1,15,combined,18,18,0,356890.36008574,10523.445750836,0.0294864948112014,1769,TRUE,region,North,5.04356575943257,12.7851838989867,TRUE,2015Q1,9,-15,1,1,0,0,0,1,1,1,0,-16
2015,1,1,16,combined,370,370,0,334527.14605768,10726.0383103911,0.0320632822681053,1667,TRUE,region,North,110.6038790455,12.7204733093912,TRUE,2015Q1,9,-15,1,0,0,0,0,1,1,1,0,-16
2015,1,1,17,combined,477,477,0,325903.88955399,10646.7227351999,0.0326682898745711,1620,TRUE,region,North,146.362168507037,12.6943577995626,TRUE,2015Q1,9,-15,1,0,0,0,0,1,1,1,0,-16
2015,1,1,18,combined,921,920,1,311627.71567396,10195.6702416162,0.0327174693674661,1565,TRUE,region,North,295.544957549153,12.6495645353453,TRUE,2015Q1,9,-15,1,0,0,0,0,1,1,1,0,-16
2015,1,1,19,combined,1174,1174,0,316832.36779101,10196.6758078201,0.0321831884756993,1487,TRUE,region,North,370.542949315834,12.6661281047608,TRUE,2015Q1,9,-15,1,0,0,0,0,1,1,1,0,-16
2015,1,1,15,female,17,17,0,173993.55774825,7257.13218801581,0.0417092005125621,845,TRUE,region,North,9.77047668891119,12.0667735530759,TRUE,2015Q1,9,-15,1,1,0,0,0,1,1,1,0,-16
2015,1,1,16,female,358,358,0,155766.94766248,7515.5556399322,0.0482487186961967,779,TRUE,region,North,229.830529115666,11.9561162439722,TRUE,2015Q1,9,-15,1,0,0,0,0,1,1,1,0,-16
2015,1,1,17,female,442,442,0,156749.26712503,7157.2760751123,0.0456606669133792,764,TRUE,region,North,281.978989826754,11.9624027830458,TRUE,2015Q1,9,-15,1,0,0,0,0,1,1,1,0,-16
2015,1,1,18,female,731,731,0,155624.73105966,7508.10055951428,0.0482449062458845,734,TRUE,region,North,469.719687239019,11.9552028180689,TRUE,2015Q1,9,-15,1,0,0,0,0,1,1,1,0,-16
2015,1,1,19,female,807,807,0,155805.80754349,7421.49423233605,0.0476329756210435,704,TRUE,region,North,517.952451659892,11.9563656873562,TRUE,2015Q1,9,-15,1,0,0,0,0,1,1,1,0,-16
2015,1,1,15,male,1,1,0,182896.80233749,7758.25856062235,0.0424187763890286,924,TRUE,region,North,0.546756415213182,12.1166773511069,TRUE,2015Q1,9,-15,1,1,0,0,0,1,1,1,0,-16
2015,1,1,16,male,12,12,0,178760.1983952,7142.40435812809,0.0399552272947123,888,TRUE,region,North,6.71290371555228,12.0938005128879,TRUE,2015Q1,9,-15,1,0,0,0,0,1,1,1,0,-16
2015,1,1,17,male,35,35,0,169154.62242896,7396.20535888953,0.0437245240637495,856,TRUE,region,North,20.6911283282838,12.038568501231,TRUE,2015Q1,9,-15,1,0,0,0,0,1,1,1,0,-16
2015,1,1,18,male,190,189,1,156002.9846143,7027.71952804857,0.0450486222774765,831,TRUE,region,North,121.792541642555,11.9576304181916,TRUE,2015Q1,9,-15,1,0,0,0,0,1,1,1,0,-16
2015,1,1,19,male,367,367,0,161026.56024752,6962.26764865626,0.0432367656488116,783,TRUE,region,North,227.912711689221,11.989324600842,TRUE,2015Q1,9,-15,1,0,0,0,0,1,1,1,0,-16
2015,1,2,15,combined,51,51,0,1058823.05355058,22909.7221866915,0.0216369695671696,4019,TRUE,region,Northeast,4.81666883139542,13.8726685223797,TRUE,2015Q1,9,-15,1,1,0,0,0,1,1,1,0,-16
2015,1,2,16,combined,1341,1339,2,1036246.01927613,26650.7365124779,0.0257185417523676,3851,TRUE,region,Northeast,129.409423539861,13.8511151439537,TRUE,2015Q1,9,-15,1,0,0,0,0,1,1,1,0,-16
2015,1,2,17,combined,1927,1926,1,1011650.14097346,26225.0163717483,0.0259230096548134,3760,TRUE,region,Northeast,190.480871000101,13.8270933585574,TRUE,2015Q1,9,-15,1,0,0,0,0,1,1,1,0,-16
2015,1,2,18,combined,3439,3434,5,1019287.73973719,21898.1089794146,0.0214837362657386,3755,TRUE,region,Northeast,337.392462003585,13.8346146469641,TRUE,2015Q1,9,-15,1,0,0,0,0,1,1,1,0,-16
2015,1,2,19,combined,4265,4260,5,963163.23122583,25015.4153595197,0.0259721452693769,3527,TRUE,region,Northeast,442.811754199948,13.7779781792468,TRUE,2015Q1,9,-15,1,0,0,0,0,1,1,1,0,-16
2015,1,2,15,female,43,43,0,530984.5112995,15623.7015013203,0.0294240249364031,1991,TRUE,region,Northeast,8.09816465168906,13.1824881308712,TRUE,2015Q1,9,-15,1,1,0,0,0,1,1,1,0,-16
2015,1,2,16,female,1286,1286,0,488637.71423708,15332.1070003287,0.0313772485291419,1801,TRUE,region,Northeast,263.180667912189,13.0993766231959,TRUE,2015Q1,9,-15,1,0,0,0,0,1,1,1,0,-16
2015,1,2,17,female,1767,1767,0,518108.44477386,15944.3405798062,0.0307741376166248,1827,TRUE,region,Northeast,341.048291689445,13.1579398521757,TRUE,2015Q1,9,-15,1,0,0,0,0,1,1,1,0,-16
2015,1,2,18,female,2751,2749,2,516365.81221958,15859.8233733757,0.0307143172496314,1825,TRUE,region,Northeast,532.761839552259,13.1545707316956,TRUE,2015Q1,9,-15,1,0,0,0,0,1,1,1,0,-16
2015,1,2,19,female,2957,2955,2,503223.94804233,17956.9940936701,0.0356839020947382,1770,TRUE,region,Northeast,587.611144402703,13.128790574735,TRUE,2015Q1,9,-15,1,0,0,0,0,1,1,1,0,-16
2015,1,2,15,male,8,8,0,527838.54225108,15925.8427660283,0.0301718072691493,2028,TRUE,region,Northeast,1.51561497686059,13.1765457247336,TRUE,2015Q1,9,-15,1,1,0,0,0,1,1,1,0,-16
2015,1,2,16,male,55,53,2,547608.30503905,21296.2444488501,0.0388895571029214,2050,TRUE,region,Northeast,10.0436752864948,13.2133155385324,TRUE,2015Q1,9,-15,1,0,0,0,0,1,1,1,0,-16
2015,1,2,17,male,160,159,1,493541.6961996,17560.1966645595,0.0355799657856219,1933,TRUE,region,Northeast,32.41874014537,13.1093626250659,TRUE,2015Q1,9,-15,1,0,0,0,0,1,1,1,0,-16
2015,1,2,18,male,688,685,3,502921.92751761,14619.2105780927,0.029068548771083,1930,TRUE,region,Northeast,136.800557373969,13.1281902233523,TRUE,2015Q1,9,-15,1,0,0,0,0,1,1,1,0,-16
2015,1,2,19,male,1308,1305,3,459939.2831835,14645.4172028898,0.0318420664169423,1757,TRUE,region,Northeast,284.385362986739,13.0388497666741,TRUE,2015Q1,9,-15,1,0,0,0,0,1,1,1,0,-16
2015,1,3,15,combined,36,36,0,1354064.78767129,36597.0886994324,0.0270275758092579,2441,TRUE,region,Southeast,2.65866155945998,14.1186215804022,TRUE,2015Q1,9,-15,1,1,0,0,0,1,1,1,0,-16
2015,1,3,16,combined,1329,1329,0,1284408.37443543,34303.2607817049,0.0267074409233614,2332,TRUE,region,Southeast,103.471763844904,14.065808761291,TRUE,2015Q1,9,-15,1,0,0,0,0,1,1,1,0,-16
2015,1,3,17,combined,2047,2047,0,1341649.82060999,35224.4056969799,0.0262545450801499,2401,TRUE,region,Southeast,152.573344292575,14.1094106240208,TRUE,2015Q1,9,-15,1,0,0,0,0,1,1,1,0,-16
2015,1,3,18,combined,4401,4393,8,1339168.43055977,35210.9214721906,0.0262931239033708,2373,TRUE,region,Southeast,328.636779330318,14.1075594050821,TRUE,2015Q1,9,-15,1,0,0,0,0,1,1,1,0,-16
2015,1,3,19,combined,6141,6130,11,1272897.06561442,35015.1558752577,0.0275082383494663,2262,TRUE,region,Southeast,482.442780794359,14.0568060145801,TRUE,2015Q1,9,-15,1,0,0,0,0,1,1,1,0,-16
2015,1,3,15,female,36,36,0,674295.01941737,27584.6992302969,0.0409089470275662,1155,TRUE,region,Southeast,5.33890937398679,13.4214230083946,TRUE,2015Q1,9,-15,1,1,0,0,0,1,1,1,0,-16
2015,1,3,16,female,1287,1287,0,644478.28132133,24170.7986177917,0.0375044424588458,1139,TRUE,region,Southeast,199.696411392072,13.3761964023007,TRUE,2015Q1,9,-15,1,0,0,0,0,1,1,1,0,-16
2015,1,3,17,female,1874,1874,0,634539.58831334,25101.7984944398,0.0395590739439323,1113,TRUE,region,Southeast,295.332243175127,13.360654957119,TRUE,2015Q1,9,-15,1,0,0,0,0,1,1,1,0,-16
2015,1,3,18,female,3545,3542,3,678100.79552956,24964.0165913126,0.036814610388146,1146,TRUE,region,Southeast,522.783636794224,13.4270512218456,TRUE,2015Q1,9,-15,1,0,0,0,0,1,1,1,0,-16
2015,1,3,19,female,4442,4438,4,625701.17020647,23781.0449560974,0.0380070328911964,1094,TRUE,region,Southeast,709.923556405404,13.3466281722204,TRUE,2015Q1,9,-15,1,0,0,0,0,1,1,1,0,-16
2015,1,3,15,male,0,0,0,679769.76825392,24226.8930966058,0.0356398507671735,1286,TRUE,region,Southeast,0,13.4295094437253,TRUE,2015Q1,9,-15,1,1,0,0,0,1,1,1,0,-16
2015,1,3,16,male,42,42,0,639930.0931141,23390.5565129454,0.0365517370797795,1193,TRUE,region,Southeast,6.56321689696055,13.3691142198607,TRUE,2015Q1,9,-15,1,0,0,0,0,1,1,1,0,-16
2015,1,3,17,male,173,173,0,707110.23229665,25316.1618489571,0.0358022846971565,1288,TRUE,region,Southeast,24.4657752212278,13.4689418482791,TRUE,2015Q1,9,-15,1,0,0,0,0,1,1,1,0,-16
2015,1,3,18,male,856,851,5,661067.63503021,24611.1247932431,0.0372293597343008,1227,TRUE,region,Southeast,129.487506972094,13.401611435884,TRUE,2015Q1,9,-15,1,0,0,0,0,1,1,1,0,-16
2015,1,3,19,male,1699,1692,7,647195.89540795,25936.3652724748,0.0400749841840795,1168,TRUE,region,Southeast,262.517116077978,13.3804043026296,TRUE,2015Q1,9,-15,1,0,0,0,0,1,1,1,0,-16
2015,1,4,15,combined,39,39,0,501404.99752118,14975.8231142801,0.0298677180888041,1660,TRUE,region,South,7.77814345545142,13.125169431791,TRUE,2015Q1,9,-15,1,1,0,0,0,1,1,1,0,-16
2015,1,4,16,combined,569,565,4,458033.56011161,13626.4493182476,0.029749892813372,1513,TRUE,region,South,124.226705104611,13.0346977357647,TRUE,2015Q1,9,-15,1,0,0,0,0,1,1,1,0,-16
2015,1,4,17,combined,764,761,3,434934.35746204,13093.5840906254,0.0301047361883067,1452,TRUE,region,South,175.658691223693,12.9829503962978,TRUE,2015Q1,9,-15,1,0,0,0,0,1,1,1,0,-16
2015,1,4,18,combined,1449,1444,5,480054.96233958,15037.1760114426,0.0313238632888157,1529,TRUE,region,South,301.840437798664,13.081655881203,TRUE,2015Q1,9,-15,1,0,0,0,0,1,1,1,0,-16
2015,1,4,19,combined,1786,1778,8,441670.46927695,13645.1373025005,0.03089438450535,1407,TRUE,region,South,404.373876959405,12.9983193383809,TRUE,2015Q1,9,-15,1,0,0,0,0,1,1,1,0,-16
2015,1,4,15,female,36,36,0,242699.67989834,10150.0960137091,0.0418216291754513,795,TRUE,region,South,14.8331468813965,12.3995800727947,TRUE,2015Q1,9,-15,1,1,0,0,0,1,1,1,0,-16
2015,1,4,16,female,543,542,1,230951.0323798,9797.41782463665,0.0424220568476384,746,TRUE,region,South,235.114774939405,12.3499609859929,TRUE,2015Q1,9,-15,1,0,0,0,0,1,1,1,0,-16
2015,1,4,17,female,668,668,0,212911.20116606,8902.35140466691,0.0418125084819916,703,TRUE,region,South,313.745822832024,12.2686304618323,TRUE,2015Q1,9,-15,1,0,0,0,0,1,1,1,0,-16
2015,1,4,18,female,1095,1094,1,232867.86423224,10519.8754010562,0.0451752990295163,705,TRUE,region,South,470.223748394906,12.3582264653828,TRUE,2015Q1,9,-15,1,0,0,0,0,1,1,1,0,-16
2015,1,4,19,female,1182,1178,4,224083.61896049,9732.10951605588,0.043430704846711,691,TRUE,region,South,527.481663087746,12.3197745601092,TRUE,2015Q1,9,-15,1,0,0,0,0,1,1,1,0,-16
2015,1,4,15,male,3,3,0,258705.31762284,10848.2937916507,0.0419330143320292,865,TRUE,region,South,1.15962053952583,12.4634449231343,TRUE,2015Q1,9,-15,1,1,0,0,0,1,1,1,0,-16
2015,1,4,16,male,26,23,3,227082.52773181,9552.07613918624,0.0420643377304108,767,TRUE,region,South,11.4495819029752,12.3330687886822,TRUE,2015Q1,9,-15,1,0,0,0,0,1,1,1,0,-16
2015,1,4,17,male,96,93,3,222023.15629598,9130.98737972883,0.0411262839969551,749,TRUE,region,South,43.2387331130551,12.3105369630543,TRUE,2015Q1,9,-15,1,0,0,0,0,1,1,1,0,-16
2015,1,4,18,male,354,350,4,247187.09810734,10162.2334391804,0.0411115042693994,824,TRUE,region,South,143.211357999873,12.4179008110812,TRUE,2015Q1,9,-15,1,0,0,0,0,1,1,1,0,-16
2015,1,4,19,male,604,600,4,217586.85031646,9438.61770653201,0.0433786218827306,716,TRUE,region,South,277.590304341249,12.290353361607,TRUE,2015Q1,9,-15,1,0,0,0,0,1,1,1,0,-16
2015,1,5,15,combined,38,38,0,262244.2975876,9765.54451402448,0.0372383483791956,981,TRUE,region,Central-West,14.4903055469896,12.4770317818376,TRUE,2015Q1,9,-15,1,1,0,0,0,1,1,1,0,-16
2015,1,5,16,combined,395,395,0,247282.36630814,9711.96770970704,0.0392748090157181,920,TRUE,region,Central-West,159.736420310613,12.4182861461073,TRUE,2015Q1,9,-15,1,0,0,0,0,1,1,1,0,-16
2015,1,5,17,combined,590,590,0,257302.11017179,9643.52238517,0.0374793754265421,971,TRUE,region,Central-West,229.302433472497,12.458006199448,TRUE,2015Q1,9,-15,1,0,0,0,0,1,1,1,0,-16
2015,1,5,18,combined,1126,1124,2,261622.19850769,9653.8933932006,0.036900130983789,980,TRUE,region,Central-West,430.391612952868,12.4746567516458,TRUE,2015Q1,9,-15,1,0,0,0,0,1,1,1,0,-16
2015,1,5,19,combined,1301,1300,1,263282.00142626,9943.88761117169,0.0377689608758036,948,TRUE,region,Central-West,494.146957616616,12.4809809854808,TRUE,2015Q1,9,-15,1,0,0,0,0,1,1,1,0,-16
2015,1,5,15,female,30,30,0,122952.89880221,6636.01224131837,0.0539719868825012,448,TRUE,region,Central-West,24.3995873966827,11.7195566244482,TRUE,2015Q1,9,-15,1,1,0,0,0,1,1,1,0,-16
2015,1,5,16,female,376,376,0,118194.77031022,6665.83614763501,0.0563970481108387,430,TRUE,region,Central-West,318.118981925453,11.6800891385609,TRUE,2015Q1,9,-15,1,0,0,0,0,1,1,1,0,-16
2015,1,5,17,female,516,516,0,129480.43908273,6805.4085715435,0.0525593566082616,478,TRUE,region,Central-West,398.515794088641,11.7712850991584,TRUE,2015Q1,9,-15,1,0,0,0,0,1,1,1,0,-16
2015,1,5,18,female,869,867,2,136445.82359368,6883.99779775536,0.0504522426296836,486,TRUE,region,Central-West,636.882813348529,11.8236829180732,TRUE,2015Q1,9,-15,1,0,0,0,0,1,1,1,0,-16
2015,1,5,19,female,894,894,0,136248.61414593,7236.13060013724,0.0531097556147392,479,TRUE,region,Central-West,656.153462994108,11.8222365410677,TRUE,2015Q1,9,-15,1,0,0,0,0,1,1,1,0,-16
2015,1,5,15,male,8,8,0,139291.39878539,6842.42601216105,0.0491231050289283,533,TRUE,region,Central-West,5.74335534696282,11.8443234118844,TRUE,2015Q1,9,-15,1,1,0,0,0,1,1,1,0,-16
2015,1,5,16,male,19,19,0,129087.59599792,6837.27558264879,0.0529661702179267,490,TRUE,region,Central-West,14.7186876114001,11.7682464916449,TRUE,2015Q1,9,-15,1,0,0,0,0,1,1,1,0,-16
2015,1,5,17,male,74,74,0,127821.67108906,6572.71747233985,0.0514209947056653,493,TRUE,region,Central-West,57.8931564338886,11.7583913768871,TRUE,2015Q1,9,-15,1,0,0,0,0,1,1,1,0,-16
2015,1,5,18,male,257,257,0,125176.37491401,6246.79327633714,0.0499039317972611,494,TRUE,region,Central-West,205.31030729764,11.7374790210724,TRUE,2015Q1,9,-15,1,0,0,0,0,1,1,1,0,-16
2015,1,5,19,male,407,406,1,127033.38728033,6870.0476112621,0.0540806457132539,469,TRUE,region,Central-West,320.388213455929,11.7522052228618,TRUE,2015Q1,9,-15,1,0,0,0,0,1,1,1,0,-16
2015,2,1,15,combined,20,20,0,361851.42857272,10908.5183712152,0.0301464012847553,1779,TRUE,region,North,5.52713031392128,12.7989889882559,TRUE,2015Q2,10,-14,2,1,0,0,0,1,1,1,0,-15
2015,2,1,16,combined,360,360,0,346500.03021464,10120.8305778962,0.0292087437095656,1693,TRUE,region,North,103.896094836412,12.7556381848116,TRUE,2015Q2,10,-14,2,0,0,0,0,1,1,1,0,-15
2015,2,1,17,combined,481,480,1,320478.63035262,10535.1072316654,0.0328730412385803,1575,TRUE,region,North,150.088010383332,12.6775708771531,TRUE,2015Q2,10,-14,2,0,0,0,0,1,1,1,0,-15
2015,2,1,18,combined,987,986,1,330665.32062857,10960.4625294755,0.0331466949985576,1569,TRUE,region,North,298.489118279409,12.7088620269109,TRUE,2015Q2,10,-14,2,0,0,0,0,1,1,1,0,-15
2015,2,1,19,combined,1156,1156,0,313892.60535844,10377.7723497038,0.0330615381584197,1479,TRUE,region,North,368.278825389958,12.6568061852364,TRUE,2015Q2,10,-14,2,0,0,0,0,1,1,1,0,-15
2015,2,1,15,female,16,16,0,182825.0128051,7864.06113306295,0.0430141423889652,879,TRUE,region,North,8.75153774339223,12.1162847601794,TRUE,2015Q2,10,-14,2,1,0,0,0,1,1,1,0,-15
2015,2,1,16,female,352,352,0,171746.06834948,7200.57423737841,0.0419257005798015,816,TRUE,region,North,204.953745598256,12.0537723181165,TRUE,2015Q2,10,-14,2,0,0,0,0,1,1,1,0,-15
2015,2,1,17,female,449,449,0,147547.12045932,7204.45908756884,0.0488281917338751,725,TRUE,region,North,304.309564701937,11.9019028644864,TRUE,2015Q2,10,-14,2,0,0,0,0,1,1,1,0,-15
2015,2,1,18,female,792,792,0,161360.02926098,7567.02171290046,0.0468952673568355,730,TRUE,region,North,490.82787331368,11.9913933539678,TRUE,2015Q2,10,-14,2,0,0,0,0,1,1,1,0,-15
2015,2,1,19,female,804,804,0,161915.64132187,7559.04101324694,0.0466850574258013,738,TRUE,region,North,496.554868594652,11.9948307460052,TRUE,2015Q2,10,-14,2,0,0,0,0,1,1,1,0,-15
2015,2,1,15,male,4,4,0,179026.41576762,7168.12072256355,0.0400394583772929,900,TRUE,region,North,2.23430714559581,12.0952886480557,TRUE,2015Q2,10,-14,2,1,0,0,0,1,1,1,0,-15
2015,2,1,16,male,8,8,0,174753.96186516,7239.20052052419,0.0414251010006282,877,TRUE,region,North,4.57786473886801,12.0711343314566,TRUE,2015Q2,10,-14,2,0,0,0,0,1,1,1,0,-15
2015,2,1,17,male,32,31,1,172931.5098933,7752.63170109691,0.0448306483062592,850,TRUE,region,North,18.5044356692104,12.0606508985217,TRUE,2015Q2,10,-14,2,0,0,0,0,1,1,1,0,-15
2015,2,1,18,male,195,194,1,169305.29136759,7338.90871750814,0.043347190499641,839,TRUE,region,North,115.17655380104,12.0394588220191,TRUE,2015Q2,10,-14,2,0,0,0,0,1,1,1,0,-15
2015,2,1,19,male,352,352,0,151976.96403657,7123.64942815263,0.0468732184072218,741,TRUE,region,North,231.614049031338,11.9314842359522,TRUE,2015Q2,10,-14,2,0,0,0,0,1,1,1,0,-15
2015,2,2,15,combined,44,44,0,1059262.28652996,22372.5316376768,0.021120861114547,4046,TRUE,region,Northeast,4.15383428254958,13.8730832676946,TRUE,2015Q2,10,-14,2,1,0,0,0,1,1,1,0,-15
2015,2,2,16,combined,1212,1210,2,1040147.04413591,31819.4119073996,0.0305912631168732,3801,TRUE,region,Northeast,116.521986658805,13.8548726497154,TRUE,2015Q2,10,-14,2,0,0,0,0,1,1,1,0,-15
2015,2,2,17,combined,1564,1562,2,1026760.87579491,24428.9172942341,0.0237922167372431,3818,TRUE,region,Northeast,152.323684790693,13.8419196242097,TRUE,2015Q2,10,-14,2,0,0,0,0,1,1,1,0,-15
2015,2,2,18,combined,3022,3018,4,1003032.99495882,22938.4693397805,0.0228691074521654,3727,TRUE,region,Northeast,301.286200472804,13.818538962673,TRUE,2015Q2,10,-14,2,0,0,0,0,1,1,1,0,-15
2015,2,2,19,combined,3656,3650,6,983677.81976686,26129.8453646235,0.0265634182651556,3547,TRUE,region,Northeast,371.666406066419,13.799053703485,TRUE,2015Q2,10,-14,2,0,0,0,0,1,1,1,0,-15
2015,2,2,15,female,41,41,0,509849.96547417,14778.9859789005,0.0289869314106077,1965,TRUE,region,Northeast,8.04158140167161,13.1418717760747,TRUE,2015Q2,10,-14,2,1,0,0,0,1,1,1,0,-15
2015,2,2,16,female,1152,1151,1,492229.86755898,15349.1323656418,0.031182854550781,1805,TRUE,region,Northeast,234.036996924402,13.1067010968513,TRUE,2015Q2,10,-14,2,0,0,0,0,1,1,1,0,-15
2015,2,2,17,female,1394,1392,2,513070.43582799,15323.4056497937,0.0298660857842351,1814,TRUE,region,Northeast,271.697588217176,13.1481684165368,TRUE,2015Q2,10,-14,2,0,0,0,0,1,1,1,0,-15
2015,2,2,18,female,2364,2364,0,502788.49533076,16072.7962183827,0.0319673110416125,1799,TRUE,region,Northeast,470.177822673695,13.1279248742327,TRUE,2015Q2,10,-14,2,0,0,0,0,1,1,1,0,-15
2015,2,2,19,female,2522,2518,4,510339.41719914,18733.9511078168,0.0367088068772603,1781,TRUE,region,Northeast,494.180914702085,13.1428313072576,TRUE,2015Q2,10,-14,2,0,0,0,0,1,1,1,0,-15
2015,2,2,15,male,3,3,0,549412.32105579,15913.2296907856,0.0289640932336675,2081,TRUE,region,Northeast,0.546037990963687,13.2166044787766,TRUE,2015Q2,10,-14,2,1,0,0,0,1,1,1,0,-15
2015,2,2,16,male,60,59,1,547917.17657693,26727.2540216079,0.0487797338068216,1996,TRUE,region,Northeast,10.9505601512341,13.2138794168744,TRUE,2015Q2,10,-14,2,0,0,0,0,1,1,1,0,-15
2015,2,2,17,male,170,170,0,513690.43996692,17195.6753295157,0.033474781681012,2004,TRUE,region,Northeast,33.0938609663336,13.1493761061341,TRUE,2015Q2,10,-14,2,0,0,0,0,1,1,1,0,-15
2015,2,2,18,male,658,654,4,500244.49962806,15081.7993279965,0.030148855887891,1928,TRUE,region,Northeast,131.535679150742,13.1228522571393,TRUE,2015Q2,10,-14,2,0,0,0,0,1,1,1,0,-15
2015,2,2,19,male,1134,1132,2,473338.40256772,15137.4451036608,0.0319801753281472,1766,TRUE,region,Northeast,239.574899025388,13.0675658505021,TRUE,2015Q2,10,-14,2,0,0,0,0,1,1,1,0,-15
2015,2,3,15,combined,34,34,0,1359028.50688809,37300.0642042312,0.0274461234736283,2465,TRUE,region,Southeast,2.50178710951791,14.1222806692842,TRUE,2015Q2,10,-14,2,1,0,0,0,1,1,1,0,-15
2015,2,3,16,combined,1346,1345,1,1305816.07705848,35057.3234204569,0.0268470606514725,2306,TRUE,region,Southeast,103.077303430973,14.0823387496963,TRUE,2015Q2,10,-14,2,0,0,0,0,1,1,1,0,-15
2015,2,3,17,combined,1996,1996,0,1348390.03984466,36640.7857052381,0.0271737291306744,2335,TRUE,region,Southeast,148.028385038349,14.1144218756674,TRUE,2015Q2,10,-14,2,0,0,0,0,1,1,1,0,-15
2015,2,3,18,combined,4514,4506,8,1330753.84279675,34053.8671585021,0.0255899070611989,2384,TRUE,region,Southeast,339.206234453793,14.1012561387233,TRUE,2015Q2,10,-14,2,0,0,0,0,1,1,1,0,-15
2015,2,3,19,combined,6136,6120,16,1296011.22580981,38575.0236661897,0.0297644209386274,2257,TRUE,region,Southeast,473.452689128208,14.0748018177471,TRUE,2015Q2,10,-14,2,0,0,0,0,1,1,1,0,-15
2015,2,3,15,female,34,34,0,685068.32828858,29156.6501298271,0.0425602073922545,1203,TRUE,region,Southeast,4.96300859287101,13.4372738615961,TRUE,2015Q2,10,-14,2,1,0,0,0,1,1,1,0,-15
2015,2,3,16,female,1299,1299,0,676393.45371788,26662.3427431531,0.039418392647948,1144,TRUE,region,Southeast,192.04798521628,13.4245302178371,TRUE,2015Q2,10,-14,2,0,0,0,0,1,1,1,0,-15
2015,2,3,17,female,1810,1810,0,641540.5017897,25164.0795302294,0.0392244596561392,1120,TRUE,region,Southeast,282.133395311856,13.3716275971161,TRUE,2015Q2,10,-14,2,0,0,0,0,1,1,1,0,-15
2015,2,3,18,female,3763,3758,5,668991.62200673,24809.7456640852,0.0370852860453844,1161,TRUE,region,Southeast,562.488359527191,13.4135268158731,TRUE,2015Q2,10,-14,2,0,0,0,0,1,1,1,0,-15
2015,2,3,19,female,4348,4337,11,637754.79012909,25086.3841991947,0.0393354696624338,1095,TRUE,region,Southeast,681.766733436829,13.3657091469584,TRUE,2015Q2,10,-14,2,0,0,0,0,1,1,1,0,-15
2015,2,3,15,male,0,0,0,673960.17859951,23948.3191657523,0.0355337302205553,1262,TRUE,region,Southeast,0,13.4209263059525,TRUE,2015Q2,10,-14,2,1,0,0,0,1,1,1,0,-15
2015,2,3,16,male,47,46,1,629422.6233406,23729.078862074,0.037699755271163,1162,TRUE,region,Southeast,7.46716089589409,13.3525582072636,TRUE,2015Q2,10,-14,2,0,0,0,0,1,1,1,0,-15
2015,2,3,17,male,186,186,0,706849.53805496,26126.9773740537,0.0369625726090837,1215,TRUE,region,Southeast,26.3139451872342,13.4685731047687,TRUE,2015Q2,10,-14,2,0,0,0,0,1,1,1,0,-15
2015,2,3,18,male,751,748,3,661762.22079002,23467.0614057716,0.0354614704020974,1223,TRUE,region,Southeast,113.484870608577,13.4026615873008,TRUE,2015Q2,10,-14,2,0,0,0,0,1,1,1,0,-15
2015,2,3,19,male,1788,1783,5,658256.43568072,27131.9895731724,0.0412179632472784,1162,TRUE,region,Southeast,271.626664485397,13.3973498542659,TRUE,2015Q2,10,-14,2,0,0,0,0,1,1,1,0,-15
2015,2,4,15,combined,46,46,0,491215.0211742,14886.079472506,0.0303046096532683,1616,TRUE,region,South,9.36453447413754,13.1046372359139,TRUE,2015Q2,10,-14,2,1,0,0,0,1,1,1,0,-15
2015,2,4,16,combined,669,669,0,458367.59587946,13591.4469034996,0.029651849357767,1516,TRUE,region,South,145.952725719279,13.0354267522668,TRUE,2015Q2,10,-14,2,0,0,0,0,1,1,1,0,-15
2015,2,4,17,combined,832,828,4,458913.21578593,13852.5435342227,0.0301855406593575,1512,TRUE,region,South,181.297894978929,13.0366163988044,TRUE,2015Q2,10,-14,2,0,0,0,0,1,1,1,0,-15
2015,2,4,18,combined,1714,1709,5,437402.78191167,14068.3333966716,0.032163337725439,1418,TRUE,region,South,391.858504536473,12.9886097473136,TRUE,2015Q2,10,-14,2,0,0,0,0,1,1,1,0,-15
2015,2,4,19,combined,1958,1952,6,445300.73725744,13526.4655347375,0.0303760232198258,1433,TRUE,region,South,439.702842635993,13.0065051469506,TRUE,2015Q2,10,-14,2,0,0,0,0,1,1,1,0,-15
2015,2,4,15,female,42,42,0,232923.67818371,10133.331059564,0.0435049417842858,776,TRUE,region,South,18.0316575487332,12.3584661174446,TRUE,2015Q2,10,-14,2,1,0,0,0,1,1,1,0,-15
2015,2,4,16,female,637,637,0,226186.1351014,9715.32678890837,0.0429527954246751,731,TRUE,region,South,281.626457658172,12.3291135459199,TRUE,2015Q2,10,-14,2,0,0,0,0,1,1,1,0,-15
2015,2,4,17,female,727,727,0,224767.17084759,9635.1604779663,0.0428672943723606,723,TRUE,region,South,323.445811618532,12.3228203491824,TRUE,2015Q2,10,-14,2,0,0,0,0,1,1,1,0,-15
2015,2,4,18,female,1307,1305,2,219895.98632577,9729.94132870567,0.0442479259912049,691,TRUE,region,South,594.37192185205,12.300909924106,TRUE,2015Q2,10,-14,2,0,0,0,0,1,1,1,0,-15
2015,2,4,19,female,1322,1322,0,223440.87475744,9924.00392667329,0.0444144516416097,691,TRUE,region,South,591.655399413881,12.3169021155659,TRUE,2015Q2,10,-14,2,0,0,0,0,1,1,1,0,-15
2015,2,4,15,male,4,4,0,258291.34299049,10687.5157939119,0.0413777545548842,840,TRUE,region,South,1.54863881758022,12.4618434631932,TRUE,2015Q2,10,-14,2,1,0,0,0,1,1,1,0,-15
2015,2,4,16,male,32,32,0,232181.46077806,9449.09200358568,0.0406970133270803,785,TRUE,region,South,13.7823234864512,12.355274503448,TRUE,2015Q2,10,-14,2,0,0,0,0,1,1,1,0,-15
2015,2,4,17,male,105,101,4,234146.04493834,9745.20537479301,0.041620200663049,789,TRUE,region,South,44.8438067906083,12.3637003233238,TRUE,2015Q2,10,-14,2,0,0,0,0,1,1,1,0,-15
2015,2,4,18,male,407,404,3,217506.7955859,9378.27196646495,0.0431171446446196,727,TRUE,region,South,187.120590372204,12.2899853730959,TRUE,2015Q2,10,-14,2,0,0,0,0,1,1,1,0,-15
2015,2,4,19,male,636,630,6,221859.8625,9232.01268889137,0.0416119102611063,742,TRUE,region,South,286.667445311339,12.3098012115323,TRUE,2015Q2,10,-14,2,0,0,0,0,1,1,1,0,-15
2015,2,5,15,combined,19,19,0,255520.82656682,9411.27423704505,0.0368317305618294,985,TRUE,region,Central-West,7.43579310355409,12.4510591982856,TRUE,2015Q2,10,-14,2,1,0,0,0,1,1,1,0,-15
2015,2,5,16,combined,413,410,3,250985.86904886,9987.03421844499,0.0397912211404252,919,TRUE,region,Central-West,164.551096667359,12.433151917919,TRUE,2015Q2,10,-14,2,0,0,0,0,1,1,1,0,-15
2015,2,5,17,combined,516,515,1,259426.86836736,9639.36978712648,0.0371564049930122,976,TRUE,region,Central-West,198.899984125515,12.4662301244033,TRUE,2015Q2,10,-14,2,0,0,0,0,1,1,1,0,-15
2015,2,5,18,combined,1101,1100,1,253119.35136325,10085.5151431855,0.0398448996051347,923,TRUE,region,Central-West,434.972669639929,12.441616400992,TRUE,2015Q2,10,-14,2,0,0,0,0,1,1,1,0,-15
2015,2,5,19,combined,1388,1386,2,260946.12052695,10391.8219700702,0.0398236308287899,929,TRUE,region,Central-West,531.910571116021,12.4720692302316,TRUE,2015Q2,10,-14,2,0,0,0,0,1,1,1,0,-15
2015,2,5,15,female,17,17,0,119507.83011599,6321.58228476212,0.0528968041560676,448,TRUE,region,Central-West,14.2250093433212,11.6911371721903,TRUE,2015Q2,10,-14,2,1,0,0,0,1,1,1,0,-15
2015,2,5,16,female,391,389,2,120099.03812969,6785.04016242334,0.056495374718126,439,TRUE,region,Central-West,325.564639058787,11.6960719991242,TRUE,2015Q2,10,-14,2,0,0,0,0,1,1,1,0,-15
2015,2,5,17,female,466,466,0,125052.44659522,6408.99514272227,0.0512504578456384,465,TRUE,region,Central-West,372.643648875089,11.7364885010502,TRUE,2015Q2,10,-14,2,0,0,0,0,1,1,1,0,-15
2015,2,5,18,female,873,872,1,129341.05603206,7114.7415123222,0.0550076033905171,450,TRUE,region,Central-West,674.959697084589,11.7702080397427,TRUE,2015Q2,10,-14,2,0,0,0,0,1,1,1,0,-15
2015,2,5,19,female,971,969,2,135429.10755338,7607.02298447314,0.0561697785793559,474,TRUE,region,Central-West,716.980284033309,11.8162035909015,TRUE,2015Q2,10,-14,2,0,0,0,0,1,1,1,0,-15
2015,2,5,15,male,2,2,0,136012.99645083,6613.73427128194,0.0486257522726725,537,TRUE,region,Central-West,1.47044771616587,11.8205057222909,TRUE,2015Q2,10,-14,2,1,0,0,0,1,1,1,0,-15
2015,2,5,16,male,22,21,1,130886.83091917,7119.43975276212,0.0543938584406462,480,TRUE,region,Central-West,16.8084136849384,11.7820883427054,TRUE,2015Q2,10,-14,2,0,0,0,0,1,1,1,0,-15
2015,2,5,17,male,50,49,1,134374.42177214,6629.82205381247,0.0493384229407493,511,TRUE,region,Central-West,37.2094624412863,11.8083853747638,TRUE,2015Q2,10,-14,2,0,0,0,0,1,1,1,0,-15
2015,2,5,18,male,228,228,0,123778.29533119,6545.76566347151,0.0528829844194994,473,TRUE,region,Central-West,184.20030700047,11.7262473034356,TRUE,2015Q2,10,-14,2,0,0,0,0,1,1,1,0,-15
2015,2,5,19,male,417,417,0,125517.01297357,6920.05248703911,0.0551323866231286,455,TRUE,region,Central-West,332.225879282044,11.7401965899087,TRUE,2015Q2,10,-14,2,0,0,0,0,1,1,1,0,-15
2015,3,1,15,combined,17,17,0,350068.19056869,10761.7212063272,0.0307417854471287,1749,TRUE,region,North,4.85619672338218,12.7658832446849,TRUE,2015Q3,11,-13,3,1,0,0,0,1,1,1,0,-14
2015,3,1,16,combined,413,412,1,339710.70681752,10016.7828114181,0.0294862146243709,1659,TRUE,region,North,121.574030995099,12.7358496721021,TRUE,2015Q3,11,-13,3,0,0,0,0,1,1,1,0,-14
2015,3,1,17,combined,523,523,0,320360.1238491,11091.1212444288,0.0346207920984982,1585,TRUE,region,North,163.253776317789,12.6772010290311,TRUE,2015Q3,11,-13,3,0,0,0,0,1,1,1,0,-14
2015,3,1,18,combined,1122,1122,0,342953.5737425,11607.5360775992,0.0338457942016213,1591,TRUE,region,North,327.157984608853,12.7453503634666,TRUE,2015Q3,11,-13,3,0,0,0,0,1,1,1,0,-14
2015,3,1,19,combined,1338,1335,3,317418.77707586,10375.0692607517,0.0326857451733934,1466,TRUE,region,North,421.525157498868,12.6679772443538,TRUE,2015Q3,11,-13,3,0,0,0,0,1,1,1,0,-14
2015,3,1,15,female,16,16,0,172728.86152077,7801.11565457614,0.0451639383591843,845,TRUE,region,North,9.26307269041778,12.0594783695741,TRUE,2015Q3,11,-13,3,1,0,0,0,1,1,1,0,-14
2015,3,1,16,female,397,397,0,161738.98053649,7219.81701534893,0.0446386949602422,781,TRUE,region,North,245.457216734733,11.9937390835292,TRUE,2015Q3,11,-13,3,0,0,0,0,1,1,1,0,-14
2015,3,1,17,female,494,494,0,161437.83280795,8086.11660113501,0.0500881141705763,765,TRUE,region,North,306.000143465549,11.9918754113642,TRUE,2015Q3,11,-13,3,0,0,0,0,1,1,1,0,-14
2015,3,1,18,female,895,895,0,165618.76667385,7937.53189472544,0.0479265245970384,723,TRUE,region,North,540.39769645339,12.0174438398377,TRUE,2015Q3,11,-13,3,0,0,0,0,1,1,1,0,-14
2015,3,1,19,female,950,949,1,165950.01167043,7760.91141952343,0.0467665614566891,720,TRUE,region,North,572.461544556358,12.0194418874731,TRUE,2015Q3,11,-13,3,0,0,0,0,1,1,1,0,-14
2015,3,1,15,male,1,1,0,177339.32904792,7150.93952576414,0.0403234835958573,904,TRUE,region,North,0.563890709054044,12.0858202895047,TRUE,2015Q3,11,-13,3,1,0,0,0,1,1,1,0,-14
2015,3,1,16,male,16,15,1,177971.72628103,7313.66387734514,0.0410945268115024,878,TRUE,region,North,8.99019205709949,12.0893799755398,TRUE,2015Q3,11,-13,3,0,0,0,0,1,1,1,0,-14
2015,3,1,17,male,29,29,0,158922.29104115,7595.56674647995,0.0477942187764788,820,TRUE,region,North,18.2479121147901,11.976170626142,TRUE,2015Q3,11,-13,3,0,0,0,0,1,1,1,0,-14
2015,3,1,18,male,227,227,0,177334.80706865,7922.56579952357,0.0446757516501348,868,TRUE,region,North,128.006454994548,12.0857947901586,TRUE,2015Q3,11,-13,3,0,0,0,0,1,1,1,0,-14
2015,3,1,19,male,388,386,2,151468.76540543,6832.11473655303,0.0451057663160177,746,TRUE,region,North,256.15842247176,11.9281347137348,TRUE,2015Q3,11,-13,3,0,0,0,0,1,1,1,0,-14
2015,3,2,15,combined,49,49,0,1032939.62052857,21655.2029272032,0.0209646357800874,3976,TRUE,region,Northeast,4.74374290870225,13.8479192957919,TRUE,2015Q3,11,-13,3,1,0,0,0,1,1,1,0,-14
2015,3,2,16,combined,1111,1109,2,1042498.20597836,22271.6255526257,0.0213637063593067,3874,TRUE,region,Northeast,106.570926801486,13.8571305117695,TRUE,2015Q3,11,-13,3,0,0,0,0,1,1,1,0,-14
2015,3,2,17,combined,1547,1545,2,1016267.14372632,27930.4603799641,0.0274833842187913,3749,TRUE,region,Northeast,152.223754310078,13.8316468092973,TRUE,2015Q3,11,-13,3,0,0,0,0,1,1,1,0,-14
2015,3,2,18,combined,2959,2950,9,989612.51977285,21786.2760252552,0.0220149559448337,3658,TRUE,region,Northeast,299.005918061666,13.8050687513272,TRUE,2015Q3,11,-13,3,0,0,0,0,1,1,1,0,-14
2015,3,2,19,combined,3660,3652,8,965211.0725762,23049.9042546952,0.0238806877682969,3454,TRUE,region,Northeast,379.191671540947,13.7801020844619,TRUE,2015Q3,11,-13,3,0,0,0,0,1,1,1,0,-14
2015,3,2,15,female,46,46,0,505500.69753857,15434.6270222933,0.0305333446569885,1908,TRUE,region,Northeast,9.09988853111131,13.13330469734,TRUE,2015Q3,11,-13,3,1,0,0,0,1,1,1,0,-14
2015,3,2,16,female,1069,1067,2,504761.02608688,14462.9217569098,0.028653008075985,1850,TRUE,region,Northeast,211.783387534362,13.1318403805861,TRUE,2015Q3,11,-13,3,0,0,0,0,1,1,1,0,-14
2015,3,2,17,female,1387,1385,2,493232.56518203,15727.9308746449,0.0318874542860738,1773,TRUE,region,Northeast,281.206087738372,13.1087360764422,TRUE,2015Q3,11,-13,3,0,0,0,0,1,1,1,0,-14
2015,3,2,18,female,2380,2373,7,500564.55480942,15209.2338755407,0.0303841607029714,1756,TRUE,region,Northeast,475.463149983949,13.1234918500583,TRUE,2015Q3,11,-13,3,0,0,0,0,1,1,1,0,-14
2015,3,2,19,female,2486,2480,6,495788.0455306,16166.6019497128,0.0326078897937344,1707,TRUE,region,Northeast,501.423949691938,13.1139037868174,TRUE,2015Q3,11,-13,3,0,0,0,0,1,1,1,0,-14
2015,3,2,15,male,3,3,0,527438.92299,14938.247299486,0.0283222315387772,2068,TRUE,region,Northeast,0.568786236516883,13.1757883518277,TRUE,2015Q3,11,-13,3,1,0,0,0,1,1,1,0,-14
2015,3,2,16,male,42,42,0,537737.17989148,15879.7928500717,0.029530769758707,2024,TRUE,region,Northeast,7.81050698567578,13.1951252065696,TRUE,2015Q3,11,-13,3,0,0,0,0,1,1,1,0,-14
2015,3,2,17,male,160,160,0,523034.57854429,21311.8437408409,0.0407465292259568,1976,TRUE,region,Northeast,30.5907116973627,13.167402856625,TRUE,2015Q3,11,-13,3,0,0,0,0,1,1,1,0,-14
2015,3,2,18,male,579,577,2,489047.96496343,14783.4892382498,0.0302291192221917,1902,TRUE,region,Northeast,118.393295030539,13.1002158515065,TRUE,2015Q3,11,-13,3,0,0,0,0,1,1,1,0,-14
2015,3,2,19,male,1174,1172,2,469423.0270456,14523.1885718799,0.0309383812363961,1747,TRUE,region,Northeast,250.094250252014,13.059259617535,TRUE,2015Q3,11,-13,3,0,0,0,0,1,1,1,0,-14
2015,3,3,15,combined,38,38,0,1405485.82186862,42243.4243243533,0.0300561013615846,2467,TRUE,region,Southeast,2.70369145022596,14.155893581671,TRUE,2015Q3,11,-13,3,1,0,0,0,1,1,1,0,-14
2015,3,3,16,combined,1408,1407,1,1368481.14570019,42089.6704067168,0.0307564854210552,2364,TRUE,region,Southeast,102.887789460891,14.1292120300206,TRUE,2015Q3,11,-13,3,0,0,0,0,1,1,1,0,-14
2015,3,3,17,combined,2016,2015,1,1347084.51281932,38550.8781323729,0.0286180100546844,2359,TRUE,region,Southeast,149.656534598613,14.1134531949383,TRUE,2015Q3,11,-13,3,0,0,0,0,1,1,1,0,-14
2015,3,3,18,combined,4737,4726,11,1353004.76254683,39497.2138846435,0.0291922208834623,2363,TRUE,region,Southeast,350.109632362513,14.117838427137,TRUE,2015Q3,11,-13,3,0,0,0,0,1,1,1,0,-14
2015,3,3,19,combined,6552,6538,14,1255986.09845522,35629.4510070672,0.0283677112755381,2216,TRUE,region,Southeast,521.6618247653,14.0434315578401,TRUE,2015Q3,11,-13,3,0,0,0,0,1,1,1,0,-14
2015,3,3,15,female,37,37,0,707579.02217816,29720.627297972,0.0420032623444406,1212,TRUE,region,Southeast,5.22909792974103,13.469604594387,TRUE,2015Q3,11,-13,3,1,0,0,0,1,1,1,0,-14
2015,3,3,16,female,1354,1354,0,705153.39606638,29427.7677648975,0.041732434288847,1165,TRUE,region,Southeast,192.014958383969,13.4661706411995,TRUE,2015Q3,11,-13,3,0,0,0,0,1,1,1,0,-14
2015,3,3,17,female,1819,1818,1,610830.69096824,23182.0838871795,0.037951733974652,1133,TRUE,region,Southeast,297.79119269804,13.322575098229,TRUE,2015Q3,11,-13,3,0,0,0,0,1,1,1,0,-14
2015,3,3,18,female,3851,3843,8,685108.78078118,25091.7813408396,0.0366245216011233,1174,TRUE,region,Southeast,562.100517177576,13.4373329086965,TRUE,2015Q3,11,-13,3,0,0,0,0,1,1,1,0,-14
2015,3,3,19,female,4755,4751,4,634243.4141443,25197.6821158699,0.0397287248932112,1076,TRUE,region,Southeast,749.712160025388,13.3601880937171,TRUE,2015Q3,11,-13,3,0,0,0,0,1,1,1,0,-14
2015,3,3,15,male,1,1,0,697906.79969046,27002.5893831153,0.0386908243265314,1255,TRUE,region,Southeast,0.143285607826651,13.4558408480305,TRUE,2015Q3,11,-13,3,1,0,0,0,1,1,1,0,-14
2015,3,3,16,male,54,53,1,663327.74963381,30110.5926241815,0.0453932353060822,1199,TRUE,region,Southeast,8.14077204365575,13.4050244903597,TRUE,2015Q3,11,-13,3,0,0,0,0,1,1,1,0,-14
2015,3,3,17,male,197,197,0,736253.82185108,30804.1494885804,0.0418390350913669,1226,TRUE,region,Southeast,26.757076724533,13.5093302049037,TRUE,2015Q3,11,-13,3,0,0,0,0,1,1,1,0,-14
2015,3,3,18,male,886,883,3,667895.98176565,31447.1565514196,0.0470839133786759,1189,TRUE,region,Southeast,132.655387094525,13.4118877244741,TRUE,2015Q3,11,-13,3,0,0,0,0,1,1,1,0,-14
2015,3,3,19,male,1797,1787,10,621742.68431092,24034.0131462918,0.0386558841024865,1140,TRUE,region,Southeast,289.02631994643,13.3402815953092,TRUE,2015Q3,11,-13,3,0,0,0,0,1,1,1,0,-14
2015,3,4,15,combined,51,51,0,498086.01244463,14267.0654661699,0.0286437786039132,1647,TRUE,region,South,10.2391953850881,13.1185280568454,TRUE,2015Q3,11,-13,3,1,0,0,0,1,1,1,0,-14
2015,3,4,16,combined,678,678,0,470032.63039378,13591.0623320483,0.0289151464243281,1553,TRUE,region,South,144.245304721077,13.0605573976461,TRUE,2015Q3,11,-13,3,0,0,0,0,1,1,1,0,-14
2015,3,4,17,combined,765,761,4,468120.61185129,14136.6862898125,0.0301988118700984,1512,TRUE,region,South,163.419422395146,13.0564812593273,TRUE,2015Q3,11,-13,3,0,0,0,0,1,1,1,0,-14
2015,3,4,18,combined,1604,1602,2,438016.30935827,13383.4294350215,0.0305546372340093,1433,TRUE,region,South,366.196409980713,12.9900114246431,TRUE,2015Q3,11,-13,3,0,0,0,0,1,1,1,0,-14
2015,3,4,19,combined,2030,2026,4,451246.57132703,14064.3592557915,0.0311677919555841,1435,TRUE,region,South,449.86491399373,13.0197691904331,TRUE,2015Q3,11,-13,3,0,0,0,0,1,1,1,0,-14
2015,3,4,15,female,44,44,0,241344.71134964,10007.1615947062,0.041464184314396,796,TRUE,region,South,18.2311846627774,12.3939815280648,TRUE,2015Q3,11,-13,3,1,0,0,0,1,1,1,0,-14
2015,3,4,16,female,637,637,0,222061.36265182,9445.91159295189,0.042537393629177,724,TRUE,region,South,286.857647090449,12.3107090310022,TRUE,2015Q3,11,-13,3,0,0,0,0,1,1,1,0,-14
2015,3,4,17,female,669,669,0,226713.14509725,9788.40391088232,0.043175281727416,727,TRUE,region,South,295.086550765739,12.3314408193635,TRUE,2015Q3,11,-13,3,0,0,0,0,1,1,1,0,-14
2015,3,4,18,female,1232,1232,0,216034.33974093,9506.54240849266,0.0440047745182223,687,TRUE,region,South,570.279707141663,12.2831926543124,TRUE,2015Q3,11,-13,3,0,0,0,0,1,1,1,0,-14
2015,3,4,19,female,1340,1339,1,226973.77650934,9710.21640778109,0.0427812259068682,710,TRUE,region,South,590.376571517661,12.3325897678051,TRUE,2015Q3,11,-13,3,0,0,0,0,1,1,1,0,-14
2015,3,4,15,male,7,7,0,256741.30109499,10141.6740812542,0.0395015295084992,851,TRUE,region,South,2.72647991193677,12.4558242463794,TRUE,2015Q3,11,-13,3,1,0,0,0,1,1,1,0,-14
2015,3,4,16,male,41,41,0,247971.26774196,9675.14710495357,0.0390172103125333,829,TRUE,region,South,16.5341736457406,12.4210681625561,TRUE,2015Q3,11,-13,3,0,0,0,0,1,1,1,0,-14
2015,3,4,17,male,96,92,4,241407.46675404,9974.36671131052,0.0413175567658518,785,TRUE,region,South,39.7667898556801,12.3942415182113,TRUE,2015Q3,11,-13,3,0,0,0,0,1,1,1,0,-14
2015,3,4,18,male,372,370,2,221981.96961734,9315.7630870925,0.0419663052055594,746,TRUE,region,South,167.581178165626,12.3103514396162,TRUE,2015Q3,11,-13,3,0,0,0,0,1,1,1,0,-14
2015,3,4,19,male,690,687,3,224272.79481769,9831.78582477642,0.0438385129715293,725,TRUE,region,South,307.66103421545,12.3206184238864,TRUE,2015Q3,11,-13,3,0,0,0,0,1,1,1,0,-14
2015,3,5,15,combined,36,36,0,252929.20642631,9411.15283949059,0.0372086441596159,960,TRUE,region,Central-West,14.2332317048915,12.4408649120569,TRUE,2015Q3,11,-13,3,1,0,0,0,1,1,1,0,-14
2015,3,5,16,combined,497,497,0,247710.37269447,10051.6126306575,0.0405780852909835,932,TRUE,region,Central-West,200.637540767422,12.4200154906381,TRUE,2015Q3,11,-13,3,0,0,0,0,1,1,1,0,-14
2015,3,5,17,combined,613,613,0,263251.17355576,10607.7839468957,0.0402952959472707,965,TRUE,region,Central-West,232.857461457872,12.4808638879379,TRUE,2015Q3,11,-13,3,0,0,0,0,1,1,1,0,-14
2015,3,5,18,combined,1209,1208,1,238782.53783498,8816.75796757879,0.0369237970561815,897,TRUE,region,Central-West,506.318431390292,12.3833085331827,TRUE,2015Q3,11,-13,3,0,0,0,0,1,1,1,0,-14
2015,3,5,19,combined,1628,1627,1,253342.8023148,9881.60100963397,0.0390048618683678,910,TRUE,region,Central-West,642.607559845759,12.4424988004543,TRUE,2015Q3,11,-13,3,0,0,0,0,1,1,1,0,-14
2015,3,5,15,female,34,34,0,119255.13213079,6453.63698124512,0.054116220123485,454,TRUE,region,Central-West,28.5103034079165,11.6890204445607,TRUE,2015Q3,11,-13,3,1,0,0,0,1,1,1,0,-14
2015,3,5,16,female,472,472,0,124118.65614146,6855.46419778954,0.0552331487538526,454,TRUE,region,Central-West,380.281268483969,11.7289932914127,TRUE,2015Q3,11,-13,3,0,0,0,0,1,1,1,0,-14
2015,3,5,17,female,544,544,0,131596.31091905,7376.36281089459,0.0560529604468326,456,TRUE,region,Central-West,413.385448422362,11.7874942649504,TRUE,2015Q3,11,-13,3,0,0,0,0,1,1,1,0,-14
2015,3,5,18,female,935,935,0,115863.78970879,6218.47693568543,0.0536705812170898,427,TRUE,region,Central-West,806.982062601277,11.6601705534959,TRUE,2015Q3,11,-13,3,0,0,0,0,1,1,1,0,-14
2015,3,5,19,female,1128,1127,1,125184.96718146,7456.85415239237,0.0595666901568413,425,TRUE,region,Central-West,901.066657919816,11.7375476600035,TRUE,2015Q3,11,-13,3,0,0,0,0,1,1,1,0,-14
2015,3,5,15,male,2,2,0,133674.07429552,6836.14822424089,0.0511404194139237,506,TRUE,region,Central-West,1.49617643551322,11.8031598347548,TRUE,2015Q3,11,-13,3,1,0,0,0,1,1,1,0,-14
2015,3,5,16,male,25,25,0,123591.71655301,6778.24107624216,0.054843813689851,478,TRUE,region,Central-West,20.2278928533833,11.7247388035804,TRUE,2015Q3,11,-13,3,0,0,0,0,1,1,1,0,-14
2015,3,5,17,male,69,69,0,131654.86263671,6828.32138959191,0.0518653185521454,509,TRUE,region,Central-West,52.409761871386,11.7879391003358,TRUE,2015Q3,11,-13,3,0,0,0,0,1,1,1,0,-14
2015,3,5,18,male,274,273,1,122918.74812619,6317.38810500483,0.0513948295220133,470,TRUE,region,Central-West,222.911479474806,11.7192788317327,TRUE,2015Q3,11,-13,3,0,0,0,0,1,1,1,0,-14
2015,3,5,19,male,500,500,0,128157.83513334,6797.38012216812,0.0530391303434229,485,TRUE,region,Central-West,390.143918613936,11.7610178702536,TRUE,2015Q3,11,-13,3,0,0,0,0,1,1,1,0,-14
2015,4,1,15,combined,11,11,0,369745.41257973,12069.4038471034,0.032642470836608,1753,TRUE,region,North,2.97502000721321,12.8205699736799,TRUE,2015Q4,12,-12,4,1,0,0,0,1,1,1,0,-13
2015,4,1,16,combined,490,489,1,333590.31540734,10316.9621443793,0.0309270433459122,1625,TRUE,region,North,146.886758208694,12.7176689184918,TRUE,2015Q4,12,-12,4,0,0,0,0,1,1,1,0,-13
2015,4,1,17,combined,598,598,0,316278.31178492,11131.5629630845,0.0351954672461207,1485,TRUE,region,North,189.073982539359,12.6643778384475,TRUE,2015Q4,12,-12,4,0,0,0,0,1,1,1,0,-13
2015,4,1,18,combined,1213,1212,1,343366.4855892,11373.5823611672,0.0331237404886814,1574,TRUE,region,North,353.266859436952,12.7465536268446,TRUE,2015Q4,12,-12,4,0,0,0,0,1,1,1,0,-13
2015,4,1,19,combined,1500,1496,4,326426.48056548,11587.4855778169,0.0354979950086876,1472,TRUE,region,North,459.521542921854,12.6959600279648,TRUE,2015Q4,12,-12,4,0,0,0,0,1,1,1,0,-13
2015,4,1,15,female,10,10,0,178856.80616466,8666.85188561166,0.0484569308345624,835,TRUE,region,North,5.59106483808827,12.0943407991191,TRUE,2015Q4,12,-12,4,1,0,0,0,1,1,1,0,-13
2015,4,1,16,female,470,470,0,157051.45154763,7244.7226394435,0.0461296127355203,754,TRUE,region,North,299.264983143094,11.9643287475069,TRUE,2015Q4,12,-12,4,0,0,0,0,1,1,1,0,-13
2015,4,1,17,female,543,543,0,165691.81994574,8344.89459005637,0.0503639503313387,741,TRUE,region,North,327.716842133679,12.0178848355439,TRUE,2015Q4,12,-12,4,0,0,0,0,1,1,1,0,-13
2015,4,1,18,female,980,980,0,168406.97450106,7782.78896598717,0.0462141724773886,747,TRUE,region,North,581.923642357123,12.0341387962098,TRUE,2015Q4,12,-12,4,0,0,0,0,1,1,1,0,-13
2015,4,1,19,female,1075,1074,1,161436.72513283,7922.35318289518,0.0490740454278707,688,TRUE,region,North,665.895569372763,11.99186855003,TRUE,2015Q4,12,-12,4,0,0,0,0,1,1,1,0,-13
2015,4,1,15,male,1,1,0,190888.60641507,8108.26688714777,0.0424764318804711,918,TRUE,region,North,0.523865734461695,12.1594453244077,TRUE,2015Q4,12,-12,4,1,0,0,0,1,1,1,0,-13
2015,4,1,16,male,20,19,1,176538.86385971,7384.49807593781,0.0418293055392383,871,TRUE,region,North,11.3289502168165,12.0812963229565,TRUE,2015Q4,12,-12,4,0,0,0,0,1,1,1,0,-13
2015,4,1,17,male,55,55,0,150586.49183918,6922.05945247156,0.0459673332443658,744,TRUE,region,North,36.5238603597577,11.9222928947021,TRUE,2015Q4,12,-12,4,0,0,0,0,1,1,1,0,-13
2015,4,1,18,male,233,232,1,174959.51108814,7967.35822268893,0.0455382972502432,827,TRUE,region,North,133.173668896812,12.072309860926,TRUE,2015Q4,12,-12,4,0,0,0,0,1,1,1,0,-13
2015,4,1,19,male,425,422,3,164989.75543265,7559.97458029624,0.0458208726988645,784,TRUE,region,North,257.591751006315,12.0136386626682,TRUE,2015Q4,12,-12,4,0,0,0,0,1,1,1,0,-13
2015,4,2,15,combined,49,49,0,1057335.79665453,24199.0460367875,0.02288681241414,3986,TRUE,region,Northeast,4.63428932937282,13.871262902815,TRUE,2015Q4,12,-12,4,1,0,0,0,1,1,1,0,-13
2015,4,2,16,combined,1493,1492,1,1023032.8405858,23331.0983928875,0.0228058156759932,3837,TRUE,region,Northeast,145.938619052062,13.8382821466529,TRUE,2015Q4,12,-12,4,0,0,0,0,1,1,1,0,-13
2015,4,2,17,combined,2168,2164,4,1000985.96626174,26027.7494391541,0.0260021122337576,3692,TRUE,region,Northeast,216.586453064528,13.8164960384805,TRUE,2015Q4,12,-12,4,0,0,0,0,1,1,1,0,-13
2015,4,2,18,combined,4120,4113,7,1005514.89411231,21618.9734255992,0.021500400990763,3697,TRUE,region,Northeast,409.740325491372,13.8210103007279,TRUE,2015Q4,12,-12,4,0,0,0,0,1,1,1,0,-13
2015,4,2,19,combined,5121,5115,6,959711.91784694,24170.7557023082,0.0251854283070007,3408,TRUE,region,Northeast,533.597624950691,13.7743884328332,TRUE,2015Q4,12,-12,4,0,0,0,0,1,1,1,0,-13
2015,4,2,15,female,46,46,0,530116.67164355,18864.3317646496,0.0355852452369844,1963,TRUE,region,Northeast,8.67733509632581,13.1808523964786,TRUE,2015Q4,12,-12,4,1,0,0,0,1,1,1,0,-13
2015,4,2,16,female,1422,1422,0,484184.21549783,14511.2100825301,0.0299704319514215,1788,TRUE,region,Northeast,293.689871434145,13.0902207238177,TRUE,2015Q4,12,-12,4,0,0,0,0,1,1,1,0,-13
2015,4,2,17,female,1931,1928,3,488381.54718359,15873.9771825197,0.0325032288260319,1747,TRUE,region,Northeast,395.387583977269,13.0988522383255,TRUE,2015Q4,12,-12,4,0,0,0,0,1,1,1,0,-13
2015,4,2,18,female,3258,3254,4,514708.18878067,16067.2512719746,0.0312162340180316,1780,TRUE,region,Northeast,632.980020721667,13.1513553953271,TRUE,2015Q4,12,-12,4,0,0,0,0,1,1,1,0,-13
2015,4,2,19,female,3537,3535,2,483663.76263857,17053.7993180869,0.0352596176009795,1661,TRUE,region,Northeast,731.293157193402,13.089145238987,TRUE,2015Q4,12,-12,4,0,0,0,0,1,1,1,0,-13
2015,4,2,15,male,3,3,0,527219.12501098,15427.5512360643,0.0292621236677312,2023,TRUE,region,Northeast,0.569023363850377,13.1753715380887,TRUE,2015Q4,12,-12,4,1,0,0,0,1,1,1,0,-13
2015,4,2,16,male,71,70,1,538848.62508797,16918.8671405693,0.031398181887923,2049,TRUE,region,Northeast,13.1762422124412,13.1971899664544,TRUE,2015Q4,12,-12,4,0,0,0,0,1,1,1,0,-13
2015,4,2,17,male,237,236,1,512604.41907815,19839.2210277819,0.0387027896939712,1945,TRUE,region,Northeast,46.2344824155462,13.1472597137843,TRUE,2015Q4,12,-12,4,0,0,0,0,1,1,1,0,-13
2015,4,2,18,male,862,859,3,490806.70533164,14378.8533682405,0.0292963670056721,1917,TRUE,region,Northeast,175.629222387568,13.1038056537705,TRUE,2015Q4,12,-12,4,0,0,0,0,1,1,1,0,-13
2015,4,2,19,male,1584,1580,4,476048.15520837,15435.6777477889,0.0324246141465092,1747,TRUE,region,Northeast,332.73944719031,13.0732742945007,TRUE,2015Q4,12,-12,4,0,0,0,0,1,1,1,0,-13
2015,4,3,15,combined,35,35,0,1399657.5763894,43129.1103615851,0.0308140441556015,2420,TRUE,region,Southeast,2.50061162032839,14.1517381763756,TRUE,2015Q4,12,-12,4,1,0,0,0,1,1,1,0,-13
2015,4,3,16,combined,1800,1800,0,1403452.12824736,41248.3850895523,0.0293906605429168,2435,TRUE,region,Southeast,128.255176202401,14.1544455653654,TRUE,2015Q4,12,-12,4,0,0,0,0,1,1,1,0,-13
2015,4,3,17,combined,2495,2495,0,1321380.52075245,37060.4603073919,0.0280467736018146,2291,TRUE,region,Southeast,188.817676726401,14.0941875970983,TRUE,2015Q4,12,-12,4,0,0,0,0,1,1,1,0,-13
2015,4,3,18,combined,6381,6368,13,1332854.43289968,37946.0854258888,0.0284697897153971,2278,TRUE,region,Southeast,478.746954092944,14.1028333905719,TRUE,2015Q4,12,-12,4,0,0,0,0,1,1,1,0,-13
2015,4,3,19,combined,8326,8314,12,1298612.32961722,36687.2504809884,0.0282511182469694,2266,TRUE,region,Southeast,641.145922467422,14.0768068135573,TRUE,2015Q4,12,-12,4,0,0,0,0,1,1,1,0,-13
2015,4,3,15,female,33,33,0,691993.41617536,28919.8834546426,0.0417921367149452,1161,TRUE,region,Southeast,4.76883149877215,13.4473317203571,TRUE,2015Q4,12,-12,4,1,0,0,0,1,1,1,0,-13
2015,4,3,16,female,1747,1747,0,720479.46634003,29049.9639679024,0.0403203218482736,1202,TRUE,region,Southeast,242.47741700046,13.4876721948345,TRUE,2015Q4,12,-12,4,0,0,0,0,1,1,1,0,-13
2015,4,3,17,female,2283,2283,0,633978.07430259,23390.1918825386,0.0368943230541041,1136,TRUE,region,Southeast,360.10709085033,13.3597696497024,TRUE,2015Q4,12,-12,4,0,0,0,0,1,1,1,0,-13
2015,4,3,18,female,5245,5235,10,668548.24324372,25045.5259696864,0.0374625559528334,1117,TRUE,region,Southeast,784.535753852535,13.4128638393282,TRUE,2015Q4,12,-12,4,0,0,0,0,1,1,1,0,-13
2015,4,3,19,female,5983,5976,7,657006.78602564,25070.8954886522,0.0381592641383673,1122,TRUE,region,Southeast,910.645084229999,13.3954496262196,TRUE,2015Q4,12,-12,4,0,0,0,0,1,1,1,0,-13
2015,4,3,15,male,2,2,0,707664.16021404,27926.7559423307,0.0394632899508207,1259,TRUE,region,Southeast,0.282619936467474,13.4697249101561,TRUE,2015Q4,12,-12,4,1,0,0,0,1,1,1,0,-13
2015,4,3,16,male,53,53,0,682972.66190733,29310.1591981882,0.0429155672444253,1233,TRUE,region,Southeast,7.76019348299938,13.4342101112618,TRUE,2015Q4,12,-12,4,0,0,0,0,1,1,1,0,-13
2015,4,3,17,male,212,212,0,687402.44644986,28730.366275524,0.0417955542985103,1155,TRUE,region,Southeast,30.8407398162298,13.4406752023817,TRUE,2015Q4,12,-12,4,0,0,0,0,1,1,1,0,-13
2015,4,3,18,male,1136,1133,3,664306.18965596,29220.1064076842,0.043985901174302,1161,TRUE,region,Southeast,171.005481762608,13.4064984511712,TRUE,2015Q4,12,-12,4,0,0,0,0,1,1,1,0,-13
2015,4,3,19,male,2343,2338,5,641605.54359158,24719.9922486223,0.0385283333280518,1144,TRUE,region,Southeast,365.177642774773,13.3717289757583,TRUE,2015Q4,12,-12,4,0,0,0,0,1,1,1,0,-13
2015,4,4,15,combined,59,59,0,476769.75392061,14361.3594198724,0.0301222116163514,1547,TRUE,region,South,12.3749460855741,13.074788957152,TRUE,2015Q4,12,-12,4,1,0,0,0,1,1,1,0,-13
2015,4,4,16,combined,802,801,1,471144.27911403,14127.4471199641,0.0299853945940514,1559,TRUE,region,South,170.223864653123,13.0629196511735,TRUE,2015Q4,12,-12,4,0,0,0,0,1,1,1,0,-13
2015,4,4,17,combined,1038,1036,2,471669.80643329,14475.0098596954,0.0306888625522878,1524,TRUE,region,South,220.069206432617,13.0640344571182,TRUE,2015Q4,12,-12,4,0,0,0,0,1,1,1,0,-13
2015,4,4,18,combined,2125,2120,5,445845.07921979,13955.1211566894,0.0313003816956111,1452,TRUE,region,South,476.622956951473,13.0077268146507,TRUE,2015Q4,12,-12,4,0,0,0,0,1,1,1,0,-13
2015,4,4,19,combined,2670,2664,6,452832.97622148,15041.4615113476,0.0332163563635677,1404,TRUE,region,South,589.62137039554,13.0232786305636,TRUE,2015Q4,12,-12,4,0,0,0,0,1,1,1,0,-13
2015,4,4,15,female,57,57,0,239342.74342077,10251.1575839905,0.0428304507480668,755,TRUE,region,South,23.8152196240989,12.3856518765034,TRUE,2015Q4,12,-12,4,1,0,0,0,1,1,1,0,-13
2015,4,4,16,female,763,763,0,225658.89919414,9746.17173424519,0.0431898399267662,729,TRUE,region,South,338.120943922345,12.3267798425193,TRUE,2015Q4,12,-12,4,0,0,0,0,1,1,1,0,-13
2015,4,4,17,female,913,913,0,235556.59475682,10781.5122255371,0.0457703688434939,735,TRUE,region,South,387.592629678888,12.3697064810057,TRUE,2015Q4,12,-12,4,0,0,0,0,1,1,1,0,-13
2015,4,4,18,female,1647,1643,4,218281.81596867,9363.19070892168,0.0428949643256843,702,TRUE,region,South,754.529181778657,12.2935422407115,TRUE,2015Q4,12,-12,4,0,0,0,0,1,1,1,0,-13
2015,4,4,19,female,1843,1841,2,223746.55311482,9913.3237328543,0.0443060400030703,674,TRUE,region,South,823.699839994508,12.318269230945,TRUE,2015Q4,12,-12,4,0,0,0,0,1,1,1,0,-13
2015,4,4,15,male,2,2,0,237427.01049984,9914.68933349771,0.0417588938706887,792,TRUE,region,South,0.842364142053395,12.3776155310119,TRUE,2015Q4,12,-12,4,1,0,0,0,1,1,1,0,-13
2015,4,4,16,male,39,38,1,245485.37991989,10029.9759382035,0.0408577323076291,830,TRUE,region,South,15.8868931472526,12.4109926721823,TRUE,2015Q4,12,-12,4,0,0,0,0,1,1,1,0,-13
2015,4,4,17,male,125,123,2,236113.21167647,9907.33224669585,0.0419600926875333,789,TRUE,region,South,52.9407054829609,12.372066679477,TRUE,2015Q4,12,-12,4,0,0,0,0,1,1,1,0,-13
2015,4,4,18,male,478,477,1,227563.26325112,10011.6366380894,0.0439949598852489,750,TRUE,region,South,210.051478947425,12.3351835589407,TRUE,2015Q4,12,-12,4,0,0,0,0,1,1,1,0,-13
2015,4,4,19,male,827,823,4,229086.42310666,10567.3554003795,0.0461282482701275,730,TRUE,region,South,360.999132460573,12.3418546048202,TRUE,2015Q4,12,-12,4,0,0,0,0,1,1,1,0,-13
2015,4,5,15,combined,20,20,0,259505.56877863,9459.94888405702,0.0364537413535306,945,TRUE,region,Central-West,7.70696370568483,12.4665334410057,TRUE,2015Q4,12,-12,4,1,0,0,0,1,1,1,0,-13
2015,4,5,16,combined,505,505,0,244152.01767744,10195.1647539182,0.0417574462455906,900,TRUE,region,Central-West,206.838348011188,12.4055463335451,TRUE,2015Q4,12,-12,4,0,0,0,0,1,1,1,0,-13
2015,4,5,17,combined,694,694,0,251571.88383631,9916.37945798873,0.0394176777896254,906,TRUE,region,Central-West,275.865486006204,12.4354840481058,TRUE,2015Q4,12,-12,4,0,0,0,0,1,1,1,0,-13
2015,4,5,18,combined,1456,1456,0,264648.8348402,9714.86463507393,0.0367085108874178,944,TRUE,region,Central-West,550.163011629793,12.4861590746322,TRUE,2015Q4,12,-12,4,0,0,0,0,1,1,1,0,-13
2015,4,5,19,combined,1711,1708,3,237645.91903985,9653.5208129789,0.0406214457710092,823,TRUE,region,Central-West,719.978700628597,12.3785371097502,TRUE,2015Q4,12,-12,4,0,0,0,0,1,1,1,0,-13
2015,4,5,15,female,17,17,0,120284.05320211,6864.16876583639,0.0570663241144919,433,TRUE,region,Central-West,14.1332117994356,11.6976113345902,TRUE,2015Q4,12,-12,4,1,0,0,0,1,1,1,0,-13
2015,4,5,16,female,488,488,0,119094.29184191,6991.02688337877,0.058701611767077,423,TRUE,region,Central-West,409.759353242378,11.687670826755,TRUE,2015Q4,12,-12,4,0,0,0,0,1,1,1,0,-13
2015,4,5,17,female,623,623,0,119731.30757532,6719.80092521538,0.0561240085095381,422,TRUE,region,Central-West,520.331743314577,11.6930054076846,TRUE,2015Q4,12,-12,4,0,0,0,0,1,1,1,0,-13
2015,4,5,18,female,1133,1133,0,130469.80252053,6776.1738131665,0.0519367216187841,457,TRUE,region,Central-West,868.400180050642,11.7788970806581,TRUE,2015Q4,12,-12,4,0,0,0,0,1,1,1,0,-13
2015,4,5,19,female,1170,1170,0,118268.46725801,7037.80735962466,0.0595070480136624,380,TRUE,region,Central-West,989.274679148054,11.6807124654758,TRUE,2015Q4,12,-12,4,0,0,0,0,1,1,1,0,-13
2015,4,5,15,male,3,3,0,139221.51557652,7057.82275126005,0.0506949139436776,512,TRUE,region,Central-West,2.1548393490596,11.8438215808617,TRUE,2015Q4,12,-12,4,1,0,0,0,1,1,1,0,-13
2015,4,5,16,male,17,17,0,125057.72583553,6766.51939298056,0.0541071680919543,477,TRUE,region,Central-West,13.5937223281652,11.7365307163688,TRUE,2015Q4,12,-12,4,0,0,0,0,1,1,1,0,-13
2015,4,5,17,male,71,71,0,131840.57626099,7065.75588798711,0.0535931811614645,484,TRUE,region,Central-West,53.8529199534514,11.7893487160454,TRUE,2015Q4,12,-12,4,0,0,0,0,1,1,1,0,-13
2015,4,5,18,male,323,323,0,134179.03231967,6862.94905551629,0.0511477012232873,487,TRUE,region,Central-West,240.723155038472,11.8069302492834,TRUE,2015Q4,12,-12,4,0,0,0,0,1,1,1,0,-13
2015,4,5,19,male,541,538,3,119377.45178184,6614.97126478448,0.055412233768176,443,TRUE,region,Central-West,453.184409555556,11.6900456160587,TRUE,2015Q4,12,-12,4,0,0,0,0,1,1,1,0,-13
2016,1,1,15,combined,19,19,0,347994.67203851,11762.7714423202,0.0338015848731686,1721,TRUE,region,North,5.45985370658129,12.7599424484052,TRUE,2016Q1,13,-11,1,1,0,0,0,1,1,1,0,-12
2016,1,1,16,combined,323,323,0,338920.47094217,10809.0947520177,0.0318927172559667,1666,TRUE,region,North,95.3025938805312,12.7335207598493,TRUE,2016Q1,13,-11,1,0,0,0,0,1,1,1,0,-12
2016,1,1,17,combined,426,426,0,308828.61277582,10317.7754098636,0.0334093894899346,1498,TRUE,region,North,137.940586583289,12.6405417507931,TRUE,2016Q1,13,-11,1,0,0,0,0,1,1,1,0,-12
2016,1,1,18,combined,894,894,0,323424.9168281,11391.1826635716,0.0352204857167081,1579,TRUE,region,North,276.416550947174,12.6867222696263,TRUE,2016Q1,13,-11,1,0,0,0,0,1,1,1,0,-12
2016,1,1,19,combined,1096,1095,1,320449.93526289,11166.5970840805,0.03484661987814,1465,TRUE,region,North,342.01910482549,12.677481334913,TRUE,2016Q1,13,-11,1,0,0,0,0,1,1,1,0,-12
2016,1,1,15,female,18,18,0,175530.01651847,8528.00388327531,0.048584305137224,845,TRUE,region,North,10.2546563585072,12.0755653415566,TRUE,2016Q1,13,-11,1,1,0,0,0,1,1,1,0,-12
2016,1,1,16,female,309,309,0,171017.41457446,7908.1145558137,0.0462415747278799,793,TRUE,region,North,180.683353662479,12.0495206699162,TRUE,2016Q1,13,-11,1,0,0,0,0,1,1,1,0,-12
2016,1,1,17,female,389,389,0,159389.60396857,7776.93561298168,0.0487919878043941,743,TRUE,region,North,244.05606784537,11.9791068234408,TRUE,2016Q1,13,-11,1,0,0,0,0,1,1,1,0,-12
2016,1,1,18,female,713,713,0,150465.69930528,7413.91173719189,0.0492731019190613,693,TRUE,region,North,473.862151501648,11.9214904256025,TRUE,2016Q1,13,-11,1,0,0,0,0,1,1,1,0,-12
2016,1,1,19,female,763,762,1,168117.50152367,7823.45221225616,0.0465356202736255,720,TRUE,region,North,453.849238232091,12.0324184277409,TRUE,2016Q1,13,-11,1,0,0,0,0,1,1,1,0,-12
2016,1,1,15,male,1,1,0,172464.65552004,7633.19450961422,0.044259471522426,876,TRUE,region,North,0.57982894929089,12.0579475989236,TRUE,2016Q1,13,-11,1,1,0,0,0,1,1,1,0,-12
2016,1,1,16,male,14,14,0,167903.05636771,7524.02660280275,0.0448117310403512,873,TRUE,region,North,8.33814482169986,12.0311420464003,TRUE,2016Q1,13,-11,1,0,0,0,0,1,1,1,0,-12
2016,1,1,17,male,37,37,0,149439.00880725,6792.4805444245,0.0454531959134285,755,TRUE,region,North,24.759264863516,11.9146436207269,TRUE,2016Q1,13,-11,1,0,0,0,0,1,1,1,0,-12
2016,1,1,18,male,181,181,0,172959.21752282,7774.4547534588,0.0449496411050371,886,TRUE,region,North,104.648947071074,12.0608111088273,TRUE,2016Q1,13,-11,1,0,0,0,0,1,1,1,0,-12
2016,1,1,19,male,333,333,0,152332.43373922,7267.40482411117,0.047707534408282,745,TRUE,region,North,218.600853295673,11.933820475759,TRUE,2016Q1,13,-11,1,0,0,0,0,1,1,1,0,-12
2016,1,2,15,combined,26,26,0,1050721.58327882,26600.3413273502,0.0253162605115074,3926,TRUE,region,Northeast,2.47448995183538,13.864987708275,TRUE,2016Q1,13,-11,1,1,0,0,0,1,1,1,0,-12
2016,1,2,16,combined,1111,1111,0,1064455.8068449,28785.1048042324,0.0270420853727623,3936,TRUE,region,Northeast,104.372581074367,13.8779742470428,TRUE,2016Q1,13,-11,1,0,0,0,0,1,1,1,0,-12
2016,1,2,17,combined,1588,1588,0,968800.0803516,20829.1615730339,0.0214999585523099,3646,TRUE,region,Northeast,163.914106966597,13.7838135541603,TRUE,2016Q1,13,-11,1,0,0,0,0,1,1,1,0,-12
2016,1,2,18,combined,2894,2892,2,1016313.79465601,22739.8137033604,0.0223747958779376,3745,TRUE,region,Northeast,284.754572378852,13.8316927124432,TRUE,2016Q1,13,-11,1,0,0,0,0,1,1,1,0,-12
2016,1,2,19,combined,3658,3654,4,935429.61356493,23209.7146679017,0.0248118237132233,3356,TRUE,region,Northeast,391.050266845769,13.7487611824909,TRUE,2016Q1,13,-11,1,0,0,0,0,1,1,1,0,-12
2016,1,2,15,female,25,25,0,528840.60122879,20415.5281219499,0.0386043130472837,1926,TRUE,region,Northeast,4.72732236176858,13.1784423445056,TRUE,2016Q1,13,-11,1,1,0,0,0,1,1,1,0,-12
2016,1,2,16,female,1065,1065,0,520441.14633827,21221.7429966776,0.040776451181829,1878,TRUE,region,Northeast,204.634089270833,13.1624320892479,TRUE,2016Q1,13,-11,1,0,0,0,0,1,1,1,0,-12
2016,1,2,17,female,1450,1450,0,477657.99528535,15405.8272147586,0.0322528406659565,1693,TRUE,region,Northeast,303.564477997229,13.0766502643529,TRUE,2016Q1,13,-11,1,0,0,0,0,1,1,1,0,-12
2016,1,2,18,female,2299,2299,0,506659.15045205,15758.1602871725,0.0311020935339129,1778,TRUE,region,Northeast,453.756731315085,13.1355937694102,TRUE,2016Q1,13,-11,1,0,0,0,0,1,1,1,0,-12
2016,1,2,19,female,2585,2583,2,481269.32098481,16633.9052180459,0.0345625712937785,1638,TRUE,region,Northeast,537.121293065258,13.0841823112791,TRUE,2016Q1,13,-11,1,0,0,0,0,1,1,1,0,-12
2016,1,2,15,male,1,1,0,521880.98205003,15009.1943993173,0.0287598033182947,2000,TRUE,region,Northeast,0.191614570063819,13.1651948371324,TRUE,2016Q1,13,-11,1,1,0,0,0,1,1,1,0,-12
2016,1,2,16,male,46,46,0,544014.66050663,17325.365294993,0.0318472397028018,2058,TRUE,region,Northeast,8.455654477613,13.2067314749357,TRUE,2016Q1,13,-11,1,0,0,0,0,1,1,1,0,-12
2016,1,2,17,male,138,138,0,491142.08506625,14032.2280549943,0.0285706081430621,1953,TRUE,region,Northeast,28.0977754087975,13.1044887438683,TRUE,2016Q1,13,-11,1,0,0,0,0,1,1,1,0,-12
2016,1,2,18,male,595,593,2,509654.64420396,15654.3248802702,0.0307155542646354,1967,TRUE,region,Northeast,116.745723161091,13.141488607091,TRUE,2016Q1,13,-11,1,0,0,0,0,1,1,1,0,-12
2016,1,2,19,male,1073,1071,2,454160.29258012,14387.3313850971,0.0316789724248272,1718,TRUE,region,Northeast,236.260196571612,13.026205482067,TRUE,2016Q1,13,-11,1,0,0,0,0,1,1,1,0,-12
2016,1,3,15,combined,23,23,0,1390222.10729582,48712.4199666058,0.0350393075401156,2337,TRUE,region,Southeast,1.65441190147222,14.1449740817634,TRUE,2016Q1,13,-11,1,1,0,0,0,1,1,1,0,-12
2016,1,3,16,combined,1218,1216,2,1433281.96967551,47652.9562537498,0.0332474399748001,2462,TRUE,region,Southeast,84.9797894461584,14.1754774562435,TRUE,2016Q1,13,-11,1,0,0,0,0,1,1,1,0,-12
2016,1,3,17,combined,1709,1707,2,1303458.89584512,36283.445666185,0.0278362791353386,2300,TRUE,region,Southeast,131.112688359224,14.0805319781762,TRUE,2016Q1,13,-11,1,0,0,0,0,1,1,1,0,-12
2016,1,3,18,combined,4366,4361,5,1329542.52937547,39907.3790301276,0.0300158724887675,2303,TRUE,region,Southeast,328.383628468873,14.1003454781536,TRUE,2016Q1,13,-11,1,0,0,0,0,1,1,1,0,-12
2016,1,3,19,combined,5472,5464,8,1319748.66149305,36446.0570835901,0.0276159075943735,2287,TRUE,region,Southeast,414.62440233199,14.0929518684728,TRUE,2016Q1,13,-11,1,0,0,0,0,1,1,1,0,-12
2016,1,3,15,female,22,22,0,663693.68756995,29032.6489692079,0.0437440486672521,1103,TRUE,region,Southeast,3.31478216713961,13.4055760081199,TRUE,2016Q1,13,-11,1,1,0,0,0,1,1,1,0,-12
2016,1,3,16,female,1180,1178,2,717001.83858067,33324.3769612329,0.0464773940150554,1185,TRUE,region,Southeast,164.574194445003,13.4828336838472,TRUE,2016Q1,13,-11,1,0,0,0,0,1,1,1,0,-12
2016,1,3,17,female,1543,1541,2,663564.27505269,24939.9462380626,0.0375848236195088,1161,TRUE,region,Southeast,232.532108495063,13.405381000787,TRUE,2016Q1,13,-11,1,0,0,0,0,1,1,1,0,-12
2016,1,3,18,female,3567,3564,3,658927.13111033,24825.6206405578,0.0376758209951458,1123,TRUE,region,Southeast,541.334516608749,13.3983682324244,TRUE,2016Q1,13,-11,1,0,0,0,0,1,1,1,0,-12
2016,1,3,19,female,3899,3897,2,667730.52680956,25416.8683614119,0.0380645594905697,1125,TRUE,region,Southeast,583.91818906791,13.4116399681502,TRUE,2016Q1,13,-11,1,0,0,0,0,1,1,1,0,-12
2016,1,3,15,male,1,1,0,726528.41972587,34206.3282419072,0.0470818860118559,1234,TRUE,region,Southeast,0.137640864809847,13.496032879914,TRUE,2016Q1,13,-11,1,1,0,0,0,1,1,1,0,-12
2016,1,3,16,male,38,38,0,716280.13109484,32545.3749890967,0.0454366574978854,1277,TRUE,region,Southeast,5.30518694437562,13.4818266139725,TRUE,2016Q1,13,-11,1,0,0,0,0,1,1,1,0,-12
2016,1,3,17,male,166,166,0,639894.62079243,25569.3536808572,0.0399586945256591,1139,TRUE,region,Southeast,25.9417714426837,13.3690587867669,TRUE,2016Q1,13,-11,1,0,0,0,0,1,1,1,0,-12
2016,1,3,18,male,799,797,2,670615.39826514,29325.8973531444,0.0437298299875152,1180,TRUE,region,Southeast,119.14429672611,13.415951074673,TRUE,2016Q1,13,-11,1,0,0,0,0,1,1,1,0,-12
2016,1,3,19,male,1573,1567,6,652018.13468349,25316.9551411749,0.0388286058231564,1162,TRUE,region,Southeast,241.250958573964,13.3878276544537,TRUE,2016Q1,13,-11,1,0,0,0,0,1,1,1,0,-12
2016,1,4,15,combined,38,38,0,485677.53141241,14343.0881989368,0.0295321221824394,1584,TRUE,region,South,7.82412146789894,13.0933001670464,TRUE,2016Q1,13,-11,1,1,0,0,0,1,1,1,0,-12
2016,1,4,16,combined,553,552,1,481317.14297205,14979.8445270672,0.0311226075069116,1583,TRUE,region,South,114.893061274593,13.0842816727164,TRUE,2016Q1,13,-11,1,0,0,0,0,1,1,1,0,-12
2016,1,4,17,combined,650,648,2,453692.41010544,13835.0966390722,0.0304944414561771,1474,TRUE,region,South,143.268872373011,13.0251747366284,TRUE,2016Q1,13,-11,1,0,0,0,0,1,1,1,0,-12
2016,1,4,18,combined,1363,1361,2,453718.53190787,13783.7220972516,0.0303794558253803,1507,TRUE,region,South,300.406508473135,13.0252323109891,TRUE,2016Q1,13,-11,1,0,0,0,0,1,1,1,0,-12
2016,1,4,19,combined,1747,1743,4,419028.5843452,13901.005653081,0.0331743613023527,1318,TRUE,region,South,416.916665179291,12.9456944169716,TRUE,2016Q1,13,-11,1,0,0,0,0,1,1,1,0,-12
2016,1,4,15,female,35,35,0,247586.28880309,10394.8461169005,0.0419847406217545,797,TRUE,region,South,14.1364855740603,12.4195144418582,TRUE,2016Q1,13,-11,1,1,0,0,0,1,1,1,0,-12
2016,1,4,16,female,533,533,0,233993.85305093,10387.5913727544,0.0443925822722084,745,TRUE,region,South,227.783761432395,12.3630501249817,TRUE,2016Q1,13,-11,1,0,0,0,0,1,1,1,0,-12
2016,1,4,17,female,564,564,0,216523.01033658,9528.94590025825,0.044008929514908,688,TRUE,region,South,260.480398421985,12.2854521040869,TRUE,2016Q1,13,-11,1,0,0,0,0,1,1,1,0,-12
2016,1,4,18,female,1060,1060,0,224239.93218025,9354.75734192911,0.0417176247378166,740,TRUE,region,South,472.707956024507,12.3204718833959,TRUE,2016Q1,13,-11,1,0,0,0,0,1,1,1,0,-12
2016,1,4,19,female,1161,1160,1,201793.8459163,9412.02858772278,0.0466418019091955,612,TRUE,region,South,575.339646622107,12.2150018904817,TRUE,2016Q1,13,-11,1,0,0,0,0,1,1,1,0,-12
2016,1,4,15,male,3,3,0,238091.24260932,9836.63208254753,0.0413145480478184,787,TRUE,region,South,1.2600211444663,12.3804092514933,TRUE,2016Q1,13,-11,1,1,0,0,0,1,1,1,0,-12
2016,1,4,16,male,20,19,1,247323.28992112,10038.8774418632,0.0405901015026324,838,TRUE,region,South,8.08658173938196,12.418451625869,TRUE,2016Q1,13,-11,1,0,0,0,0,1,1,1,0,-12
2016,1,4,17,male,86,84,2,237169.39976886,9884.49372785824,0.0416769352938931,786,TRUE,region,South,36.2610016653977,12.3765299317502,TRUE,2016Q1,13,-11,1,0,0,0,0,1,1,1,0,-12
2016,1,4,18,male,303,301,2,229478.59972762,10126.7641767049,0.0441294490585393,767,TRUE,region,South,132.038456030169,12.3435650567607,TRUE,2016Q1,13,-11,1,0,0,0,0,1,1,1,0,-12
2016,1,4,19,male,586,583,3,217234.7384289,9843.3479277013,0.0453120343407829,706,TRUE,region,South,269.754277901458,12.2887337917712,TRUE,2016Q1,13,-11,1,0,0,0,0,1,1,1,0,-12
2016,1,5,15,combined,18,18,0,262056.62900696,10465.5951637153,0.039936387808138,921,TRUE,region,Central-West,6.86874438864965,12.476315900636,TRUE,2016Q1,13,-11,1,1,0,0,0,1,1,1,0,-12
2016,1,5,16,combined,368,368,0,253327.26571692,10212.9655710236,0.0403153033769212,935,TRUE,region,Central-West,145.266637193022,12.4424374721902,TRUE,2016Q1,13,-11,1,0,0,0,0,1,1,1,0,-12
2016,1,5,17,combined,511,511,0,243368.07631332,9941.55988971143,0.0408498930521698,893,TRUE,region,Central-West,209.970020612778,12.4023302936343,TRUE,2016Q1,13,-11,1,0,0,0,0,1,1,1,0,-12
2016,1,5,18,combined,1085,1083,2,269839.07987106,10167.9422234944,0.0376815034662623,968,TRUE,region,Central-West,402.091498577025,12.5055810598241,TRUE,2016Q1,13,-11,1,0,0,0,0,1,1,1,0,-12
2016,1,5,19,combined,1142,1139,3,247109.25186953,9679.24323205877,0.0391698941210395,862,TRUE,region,Central-West,462.143764897544,12.4175858330788,TRUE,2016Q1,13,-11,1,0,0,0,0,1,1,1,0,-12
2016,1,5,15,female,17,17,0,134554.974693,7884.87127285585,0.0585996265901423,453,TRUE,region,Central-West,12.6342411633514,11.8097281282921,TRUE,2016Q1,13,-11,1,1,0,0,0,1,1,1,0,-12
2016,1,5,16,female,346,346,0,119861.61713028,6901.51708937763,0.0575790420204012,442,TRUE,region,Central-West,288.666220499867,11.6940931657473,TRUE,2016Q1,13,-11,1,0,0,0,0,1,1,1,0,-12
2016,1,5,17,female,449,449,0,121682.35944252,6773.16241929444,0.0556626486396652,436,TRUE,region,Central-West,368.993502474036,11.7091693172984,TRUE,2016Q1,13,-11,1,0,0,0,0,1,1,1,0,-12
2016,1,5,18,female,840,839,1,124905.52714994,6809.03497410163,0.0545134801434998,441,TRUE,region,Central-West,672.508270183786,11.7353129477362,TRUE,2016Q1,13,-11,1,0,0,0,0,1,1,1,0,-12
2016,1,5,19,female,802,800,2,121071.56868378,7001.8191297883,0.0578320674780051,403,TRUE,region,Central-West,662.418112459333,11.7041371264509,TRUE,2016Q1,13,-11,1,0,0,0,0,1,1,1,0,-12
2016,1,5,15,male,1,1,0,127501.65431396,6928.94871060021,0.0543439906555123,468,TRUE,region,Central-West,0.784303549142665,11.7558846185079,TRUE,2016Q1,13,-11,1,1,0,0,0,1,1,1,0,-12
2016,1,5,16,male,22,22,0,133465.64858664,7165.75387030673,0.0536898741076063,493,TRUE,region,Central-West,16.4836422202816,11.8015994097538,TRUE,2016Q1,13,-11,1,0,0,0,0,1,1,1,0,-12
2016,1,5,17,male,62,62,0,121685.7168708,7088.71933134547,0.058254325270335,457,TRUE,region,Central-West,50.9509263653586,11.7091969086599,TRUE,2016Q1,13,-11,1,0,0,0,0,1,1,1,0,-12
2016,1,5,18,male,245,244,1,144933.55272112,7693.74198355916,0.0530846159437173,527,TRUE,region,Central-West,169.042982387541,11.8840306592751,TRUE,2016Q1,13,-11,1,0,0,0,0,1,1,1,0,-12
2016,1,5,19,male,340,339,1,126037.68318575,6699.35103303794,0.0531535558549157,459,TRUE,region,Central-West,269.760591758038,11.744336214123,TRUE,2016Q1,13,-11,1,0,0,0,0,1,1,1,0,-12
2016,2,1,15,combined,13,13,0,341014.54017377,11004.3469917261,0.0322694363299541,1715,TRUE,region,North,3.81215416602929,12.7396803951624,TRUE,2016Q2,14,-10,2,1,0,0,0,1,1,1,0,-11
2016,2,1,16,combined,390,390,0,362753.31350287,11452.4957837734,0.0315710301118526,1779,TRUE,region,North,107.511078598849,12.8014783051027,TRUE,2016Q2,14,-10,2,0,0,0,0,1,1,1,0,-11
2016,2,1,17,combined,389,389,0,322018.52934593,10193.935224378,0.0316563622754365,1637,TRUE,region,North,120.80050200531,12.6823643674235,TRUE,2016Q2,14,-10,2,0,0,0,0,1,1,1,0,-11
2016,2,1,18,combined,865,863,2,336680.42296734,11348.1731011921,0.0337060676150241,1618,TRUE,region,North,256.920195233303,12.7268894596136,TRUE,2016Q2,14,-10,2,0,0,0,0,1,1,1,0,-11
2016,2,1,19,combined,1095,1094,1,322705.10351214,11395.4990591027,0.0353124228129041,1532,TRUE,region,North,339.31908360997,12.6844941929511,TRUE,2016Q2,14,-10,2,0,0,0,0,1,1,1,0,-11
2016,2,1,15,female,13,13,0,168530.4870778,7951.54000424357,0.0471816117197409,828,TRUE,region,North,7.71373786749854,12.0348719446208,TRUE,2016Q2,14,-10,2,1,0,0,0,1,1,1,0,-11
2016,2,1,16,female,377,377,0,180534.00484474,7879.65512582043,0.0436463763854182,861,TRUE,region,North,208.824924880064,12.1036744315031,TRUE,2016Q2,14,-10,2,0,0,0,0,1,1,1,0,-11
2016,2,1,17,female,353,353,0,162385.51655675,7511.60718397026,0.0462578642679942,788,TRUE,region,North,217.383919135814,11.9977285189688,TRUE,2016Q2,14,-10,2,0,0,0,0,1,1,1,0,-11
2016,2,1,18,female,715,713,2,155521.94249856,7330.22828738251,0.0471330808348821,722,TRUE,region,North,459.74220004783,11.9545421099619,TRUE,2016Q2,14,-10,2,0,0,0,0,1,1,1,0,-11
2016,2,1,19,female,751,751,0,176460.4845445,8232.00982960424,0.0466507266533561,767,TRUE,region,North,425.591033561178,12.0808522466892,TRUE,2016Q2,14,-10,2,0,0,0,0,1,1,1,0,-11
2016,2,1,15,male,0,0,0,172484.05309597,7559.84250133625,0.0438292257495245,887,TRUE,region,North,0,12.0580600653597,TRUE,2016Q2,14,-10,2,1,0,0,0,1,1,1,0,-11
2016,2,1,16,male,13,13,0,182219.30865813,7949.36397130716,0.0436252559064491,918,TRUE,region,North,7.13426041166137,12.1129662332651,TRUE,2016Q2,14,-10,2,0,0,0,0,1,1,1,0,-11
2016,2,1,17,male,36,36,0,159633.01278918,6803.18794739738,0.0426176755580128,849,TRUE,region,North,22.5517262194027,11.9806327896579,TRUE,2016Q2,14,-10,2,0,0,0,0,1,1,1,0,-11
2016,2,1,18,male,150,150,0,181158.48046878,7950.31418150589,0.0438859619540472,896,TRUE,region,North,82.8004295530897,12.1071275098495,TRUE,2016Q2,14,-10,2,0,0,0,0,1,1,1,0,-11
2016,2,1,19,male,344,343,1,146244.61896764,7111.69951628625,0.0486287944574554,765,TRUE,region,North,235.222329839102,11.8930359710336,TRUE,2016Q2,14,-10,2,0,0,0,0,1,1,1,0,-11
2016,2,2,15,combined,29,29,0,1025072.11911943,23944.748267604,0.0233590864691289,3863,TRUE,region,Northeast,2.82906923904163,13.840273528196,TRUE,2016Q2,14,-10,2,1,0,0,0,1,1,1,0,-11
2016,2,2,16,combined,1110,1109,1,1049854.48401248,27176.041087517,0.025885531282061,3901,TRUE,region,Northeast,105.728938334163,13.8641621258749,TRUE,2016Q2,14,-10,2,0,0,0,0,1,1,1,0,-11
2016,2,2,17,combined,1451,1451,0,993752.8313569,23182.3655078698,0.0233281000832128,3652,TRUE,region,Northeast,146.012162603729,13.8092437941108,TRUE,2016Q2,14,-10,2,0,0,0,0,1,1,1,0,-11
2016,2,2,18,combined,2867,2862,5,981958.71290859,21951.7028434221,0.0223550161069405,3626,TRUE,region,Northeast,291.967468928288,13.7973045425715,TRUE,2016Q2,14,-10,2,0,0,0,0,1,1,1,0,-11
2016,2,2,19,combined,3435,3435,0,925325.80508349,22417.1814566466,0.0242262577499652,3388,TRUE,region,Northeast,371.220599396347,13.7379011761909,TRUE,2016Q2,14,-10,2,0,0,0,0,1,1,1,0,-11
2016,2,2,15,female,27,27,0,511767.1445393,16474.7033582333,0.0321917956907219,1931,TRUE,region,Northeast,5.27583692859099,13.145625004749,TRUE,2016Q2,14,-10,2,1,0,0,0,1,1,1,0,-11
2016,2,2,16,female,1053,1052,1,515152.67255147,20058.8295461786,0.0389376404607014,1864,TRUE,region,Northeast,204.405423111688,13.152218587269,TRUE,2016Q2,14,-10,2,0,0,0,0,1,1,1,0,-11
2016,2,2,17,female,1311,1311,0,486191.61276064,17847.4975047752,0.0367087729124644,1688,TRUE,region,Northeast,269.646774150632,13.0943580901202,TRUE,2016Q2,14,-10,2,0,0,0,0,1,1,1,0,-11
2016,2,2,18,female,2261,2258,3,496059.38864418,16287.9827060061,0.03283474333693,1702,TRUE,region,Northeast,455.792199837145,13.1144509337091,TRUE,2016Q2,14,-10,2,0,0,0,0,1,1,1,0,-11
2016,2,2,19,female,2358,2358,0,473180.52500459,15150.6426851597,0.0320187367918676,1632,TRUE,region,Northeast,498.329892164756,13.0672322542897,TRUE,2016Q2,14,-10,2,0,0,0,0,1,1,1,0,-11
2016,2,2,15,male,2,2,0,513304.97458013,16023.5752136617,0.0312164814431588,1932,TRUE,region,Northeast,0.389631914562283,13.1486254398713,TRUE,2016Q2,14,-10,2,1,0,0,0,1,1,1,0,-11
2016,2,2,16,male,57,57,0,534701.81146101,16050.1108045781,0.030016937404276,2037,TRUE,region,Northeast,10.6601471658108,13.1894645087392,TRUE,2016Q2,14,-10,2,0,0,0,0,1,1,1,0,-11
2016,2,2,17,male,140,140,0,507561.21859626,14955.1749283656,0.0294647707122433,1964,TRUE,region,Northeast,27.5828796351289,13.137372610399,TRUE,2016Q2,14,-10,2,0,0,0,0,1,1,1,0,-11
2016,2,2,18,male,606,604,2,485899.32426441,14591.8653115607,0.0300306351190155,1924,TRUE,region,Northeast,124.717193405734,13.0937567297044,TRUE,2016Q2,14,-10,2,0,0,0,0,1,1,1,0,-11
2016,2,2,19,male,1077,1077,0,452145.2800789,14374.649997719,0.0317921045094412,1756,TRUE,region,Northeast,238.197775682202,13.021758823275,TRUE,2016Q2,14,-10,2,0,0,0,0,1,1,1,0,-11
2016,2,3,15,combined,26,26,0,1355977.53415165,40774.6806633374,0.0300703216951508,2340,TRUE,region,Southeast,1.9174358973629,14.1200331796105,TRUE,2016Q2,14,-10,2,1,0,0,0,1,1,1,0,-11
2016,2,3,16,combined,1131,1130,1,1391256.70550648,46756.5804833401,0.0336074430392906,2425,TRUE,region,Southeast,81.2934087234653,14.1457180013313,TRUE,2016Q2,14,-10,2,0,0,0,0,1,1,1,0,-11
2016,2,3,17,combined,1617,1617,0,1353173.33964593,37694.0295459939,0.0278560243847672,2354,TRUE,region,Southeast,119.496885773932,14.1179630139845,TRUE,2016Q2,14,-10,2,0,0,0,0,1,1,1,0,-11
2016,2,3,18,combined,4387,4382,5,1365820.77441733,41172.0625001411,0.0301445572298498,2391,TRUE,region,Southeast,321.198804570206,14.1272661058323,TRUE,2016Q2,14,-10,2,0,0,0,0,1,1,1,0,-11
2016,2,3,19,combined,5745,5734,11,1280172.59160639,34844.8646245979,0.0272188803705552,2223,TRUE,region,Southeast,448.767614434788,14.0625054639986,TRUE,2016Q2,14,-10,2,0,0,0,0,1,1,1,0,-11
2016,2,3,15,female,25,25,0,649967.44735426,25846.0515588761,0.0397651477225272,1118,TRUE,region,Southeast,3.84634647500645,13.3846775596243,TRUE,2016Q2,14,-10,2,1,0,0,0,1,1,1,0,-11
2016,2,3,16,female,1090,1089,1,662646.18041826,32913.7844437424,0.0496702243465243,1143,TRUE,region,Southeast,164.492006776829,13.4039964621909,TRUE,2016Q2,14,-10,2,0,0,0,0,1,1,1,0,-11
2016,2,3,17,female,1456,1456,0,669816.58556107,27123.4057285931,0.0404937804068754,1154,TRUE,region,Southeast,217.372939307017,13.4147592009961,TRUE,2016Q2,14,-10,2,0,0,0,0,1,1,1,0,-11
2016,2,3,18,female,3620,3618,2,665146.56045571,24525.8594544043,0.0368728651886901,1159,TRUE,region,Southeast,544.240956086406,13.407762687018,TRUE,2016Q2,14,-10,2,0,0,0,0,1,1,1,0,-11
2016,2,3,19,female,4095,4091,4,666857.54452507,26226.1017980602,0.0393278924612576,1109,TRUE,region,Southeast,614.074180253359,13.4103317256629,TRUE,2016Q2,14,-10,2,0,0,0,0,1,1,1,0,-11
2016,2,3,15,male,1,1,0,706010.08679739,31368.6688247471,0.0444309074492717,1222,TRUE,region,Southeast,0.141641035829419,13.4673848036217,TRUE,2016Q2,14,-10,2,1,0,0,0,1,1,1,0,-11
2016,2,3,16,male,41,41,0,728610.52508822,32198.8847779694,0.0441921762989503,1282,TRUE,region,Southeast,5.62714901696427,13.4988946090853,TRUE,2016Q2,14,-10,2,0,0,0,0,1,1,1,0,-11
2016,2,3,17,male,161,161,0,683356.75408486,26537.6367266678,0.0388342349263914,1200,TRUE,region,Southeast,23.5601681021809,13.4347723361297,TRUE,2016Q2,14,-10,2,0,0,0,0,1,1,1,0,-11
2016,2,3,18,male,767,764,3,700674.21396162,30711.1139326984,0.0438308037041315,1232,TRUE,region,Southeast,109.465994996929,13.4597983132842,TRUE,2016Q2,14,-10,2,0,0,0,0,1,1,1,0,-11
2016,2,3,19,male,1650,1643,7,613315.04708132,23360.3623470455,0.0380886829015758,1114,TRUE,region,Southeast,269.029760129336,13.3266340259313,TRUE,2016Q2,14,-10,2,0,0,0,0,1,1,1,0,-11
2016,2,4,15,combined,30,30,0,480296.64885057,14704.0400136521,0.0306144963718596,1548,TRUE,region,South,6.24613977045124,13.082159210428,TRUE,2016Q2,14,-10,2,1,0,0,0,1,1,1,0,-11
2016,2,4,16,combined,587,586,1,490375.88856153,15515.994780591,0.0316410230244102,1572,TRUE,region,South,119.704091023298,13.1029274955144,TRUE,2016Q2,14,-10,2,0,0,0,0,1,1,1,0,-11
2016,2,4,17,combined,692,690,2,475862.64852582,14569.9728819576,0.0306180216646422,1529,TRUE,region,South,145.420112745506,13.0728845380568,TRUE,2016Q2,14,-10,2,0,0,0,0,1,1,1,0,-11
2016,2,4,18,combined,1500,1498,2,467641.26510839,15259.6528335073,0.0326311084415752,1501,TRUE,region,South,320.758690885059,13.0554567534212,TRUE,2016Q2,14,-10,2,0,0,0,0,1,1,1,0,-11
2016,2,4,19,combined,1788,1778,10,411936.60991166,14434.2659901933,0.0350400174271686,1303,TRUE,region,South,434.047364807764,12.9286247570564,TRUE,2016Q2,14,-10,2,0,0,0,0,1,1,1,0,-11
2016,2,4,15,female,29,29,0,236169.371928,10355.2071904348,0.0438465288953375,766,TRUE,region,South,12.2793229974127,12.3723045042613,TRUE,2016Q2,14,-10,2,1,0,0,0,1,1,1,0,-11
2016,2,4,16,female,555,554,1,244676.99406035,10664.0641646929,0.0435842536224006,761,TRUE,region,South,226.829662564478,12.4076942280937,TRUE,2016Q2,14,-10,2,0,0,0,0,1,1,1,0,-11
2016,2,4,17,female,614,613,1,230232.80349955,10002.5995118113,0.0434455879430353,711,TRUE,region,South,266.686584477611,12.3468462651158,TRUE,2016Q2,14,-10,2,0,0,0,0,1,1,1,0,-11
2016,2,4,18,female,1194,1194,0,231565.0021474,9835.18693502827,0.0424726830212788,736,TRUE,region,South,515.621958813955,12.352615899909,TRUE,2016Q2,14,-10,2,0,0,0,0,1,1,1,0,-11
2016,2,4,19,female,1232,1229,3,195442.20107665,10068.7635719683,0.0515178580496005,588,TRUE,region,South,630.365393560434,12.1830199680287,TRUE,2016Q2,14,-10,2,0,0,0,0,1,1,1,0,-11
2016,2,4,15,male,1,1,0,244127.27692257,10357.1086659968,0.0424250366307151,782,TRUE,region,South,0.409622395582273,12.4054449950073,TRUE,2016Q2,14,-10,2,1,0,0,0,1,1,1,0,-11
2016,2,4,16,male,32,32,0,245698.89450118,10200.1637318439,0.0415148946947946,811,TRUE,region,South,13.0240716243216,12.4118620591145,TRUE,2016Q2,14,-10,2,0,0,0,0,1,1,1,0,-11
2016,2,4,17,male,78,77,1,245629.84502627,10044.6658489004,0.0408935072520448,818,TRUE,region,South,31.7550988120592,12.4115809867089,TRUE,2016Q2,14,-10,2,0,0,0,0,1,1,1,0,-11
2016,2,4,18,male,306,304,2,236076.26296099,11725.2333242133,0.0496671422071383,765,TRUE,region,South,129.619130768164,12.3719101799464,TRUE,2016Q2,14,-10,2,0,0,0,0,1,1,1,0,-11
2016,2,4,19,male,556,549,7,216494.40883501,9836.26504818871,0.0454342682617957,715,TRUE,region,South,256.819565452947,12.2853200008488,TRUE,2016Q2,14,-10,2,0,0,0,0,1,1,1,0,-11
2016,2,5,15,combined,20,20,0,245641.21180585,10161.7354535158,0.041368202749087,900,TRUE,region,Central-West,8.141956251139,12.4116272616906,TRUE,2016Q2,14,-10,2,1,0,0,0,1,1,1,0,-11
2016,2,5,16,combined,336,336,0,254387.60309855,10043.1551104629,0.0394797348146409,940,TRUE,region,Central-West,132.081908044015,12.4466143793022,TRUE,2016Q2,14,-10,2,0,0,0,0,1,1,1,0,-11
2016,2,5,17,combined,458,458,0,247680.26732417,9743.98413387933,0.03934097875115,898,TRUE,region,Central-West,184.91582108984,12.4198939486956,TRUE,2016Q2,14,-10,2,0,0,0,0,1,1,1,0,-11
2016,2,5,18,combined,1081,1081,0,278683.67436678,10264.1264431697,0.0368307417594217,989,TRUE,region,Central-West,387.894986118663,12.537832633953,TRUE,2016Q2,14,-10,2,0,0,0,0,1,1,1,0,-11
2016,2,5,19,combined,1289,1289,0,237495.01524357,9234.23210421883,0.0388817933494241,858,TRUE,region,Central-West,542.748233548409,12.3779019137884,TRUE,2016Q2,14,-10,2,0,0,0,0,1,1,1,0,-11
2016,2,5,15,female,13,13,0,124186.31209554,7473.26486877347,0.0601778468389019,433,TRUE,region,Central-West,10.4681424068691,11.7295382338376,TRUE,2016Q2,14,-10,2,1,0,0,0,1,1,1,0,-11
2016,2,5,16,female,319,319,0,122955.60658693,6744.79698617428,0.0548555464317577,445,TRUE,region,Central-West,259.443232281129,11.719578647149,TRUE,2016Q2,14,-10,2,0,0,0,0,1,1,1,0,-11
2016,2,5,17,female,417,417,0,123062.46834628,7236.38427547342,0.0588025282827197,426,TRUE,region,Central-West,338.852296401712,11.7204473781648,TRUE,2016Q2,14,-10,2,0,0,0,0,1,1,1,0,-11
2016,2,5,18,female,868,868,0,133847.43268272,7009.46201269673,0.0523690434116311,462,TRUE,region,Central-West,648.499551020571,11.8044558682096,TRUE,2016Q2,14,-10,2,0,0,0,0,1,1,1,0,-11
2016,2,5,19,female,886,886,0,115050.40284216,6602.16955701944,0.0573850190344583,407,TRUE,region,Central-West,770.097260081324,11.6531255969103,TRUE,2016Q2,14,-10,2,0,0,0,0,1,1,1,0,-11
2016,2,5,15,male,7,7,0,121454.89971031,6703.52839484817,0.0551935608265882,467,TRUE,region,Central-West,5.76345624317846,11.7072982770526,TRUE,2016Q2,14,-10,2,1,0,0,0,1,1,1,0,-11
2016,2,5,16,male,17,17,0,131431.99651162,7586.48449269341,0.0577217473221803,495,TRUE,region,Central-West,12.9344455316838,11.7862448600448,TRUE,2016Q2,14,-10,2,0,0,0,0,1,1,1,0,-11
2016,2,5,17,male,41,41,0,124617.79897789,6696.97739315943,0.0537401354227708,472,TRUE,region,Central-West,32.9005971348237,11.7330067240733,TRUE,2016Q2,14,-10,2,0,0,0,0,1,1,1,0,-11
2016,2,5,18,male,213,213,0,144836.24168406,7404.01876557397,0.051119931582627,527,TRUE,region,Central-West,147.062639518519,11.8833590154903,TRUE,2016Q2,14,-10,2,0,0,0,0,1,1,1,0,-11
2016,2,5,19,male,403,403,0,122444.61240141,6856.65097949175,0.0559979801889005,451,TRUE,region,Central-West,329.128405159098,11.7154140630572,TRUE,2016Q2,14,-10,2,0,0,0,0,1,1,1,0,-11
2016,3,1,15,combined,14,14,0,344556.17550524,11331.7716992909,0.0328880237966263,1689,TRUE,region,North,4.0631981068025,12.7500124200183,TRUE,2016Q3,15,-9,3,1,0,0,0,1,1,1,0,-10
2016,3,1,16,combined,349,349,0,366015.23783766,12361.7167017249,0.0337737761267953,1805,TRUE,region,North,95.3512214578326,12.8104302449531,TRUE,2016Q3,15,-9,3,0,0,0,0,1,1,1,0,-10
2016,3,1,17,combined,503,503,0,315815.71622601,10857.976171007,0.0343807341216566,1642,TRUE,region,North,159.270097768039,12.6629141459555,TRUE,2016Q3,15,-9,3,0,0,0,0,1,1,1,0,-10
2016,3,1,18,combined,1033,1032,1,323726.84302124,11071.4642185302,0.0342000191124214,1608,TRUE,region,North,319.096183176946,12.6876553620902,TRUE,2016Q3,15,-9,3,0,0,0,0,1,1,1,0,-10
2016,3,1,19,combined,1310,1310,0,330489.97063564,11460.4081656254,0.034677022554068,1568,TRUE,region,North,396.381166266693,12.7083315917791,TRUE,2016Q3,15,-9,3,0,0,0,0,1,1,1,0,-10
2016,3,1,15,female,14,14,0,167082.68463735,7534.32065156546,0.045093366005691,806,TRUE,region,North,8.37908490062076,12.0262440864575,TRUE,2016Q3,15,-9,3,1,0,0,0,1,1,1,0,-10
2016,3,1,16,female,344,344,0,181547.45262532,8159.13755323249,0.0449421759173423,861,TRUE,region,North,189.482140908885,12.1092723454872,TRUE,2016Q3,15,-9,3,0,0,0,0,1,1,1,0,-10
2016,3,1,17,female,464,464,0,150487.19972451,7238.68261147944,0.0481016500056547,782,TRUE,region,North,308.331871979427,11.9216333078896,TRUE,2016Q3,15,-9,3,0,0,0,0,1,1,1,0,-10
2016,3,1,18,female,809,808,1,153945.94234201,7651.90348105179,0.0497051326241008,742,TRUE,region,North,525.509141515862,11.9443567960193,TRUE,2016Q3,15,-9,3,0,0,0,0,1,1,1,0,-10
2016,3,1,19,female,926,926,0,176653.65937231,8844.25241210041,0.0500654922378966,759,TRUE,region,North,524.189537477053,12.0819463679552,TRUE,2016Q3,15,-9,3,0,0,0,0,1,1,1,0,-10
2016,3,1,15,male,0,0,0,177473.49086789,7836.48979767659,0.0441558328477914,883,TRUE,region,North,0,12.086576529521,TRUE,2016Q3,15,-9,3,1,0,0,0,1,1,1,0,-10
2016,3,1,16,male,5,5,0,184467.78521234,8686.94720248583,0.0470919472063175,944,TRUE,region,North,2.71050036961441,12.1252301213222,TRUE,2016Q3,15,-9,3,0,0,0,0,1,1,1,0,-10
2016,3,1,17,male,39,39,0,165328.5165015,7476.8550791161,0.0452242313506047,860,TRUE,region,North,23.5893969324077,12.015689782551,TRUE,2016Q3,15,-9,3,0,0,0,0,1,1,1,0,-10
2016,3,1,18,male,224,224,0,169780.90067923,7525.4128532538,0.0443242604035403,866,TRUE,region,North,131.934745960152,12.0422640652563,TRUE,2016Q3,15,-9,3,0,0,0,0,1,1,1,0,-10
2016,3,1,19,male,384,384,0,153836.31126333,7254.46214181241,0.0471570208765247,809,TRUE,region,North,249.615969628059,11.9436444022277,TRUE,2016Q3,15,-9,3,0,0,0,0,1,1,1,0,-10
2016,3,2,15,combined,22,22,0,1001968.70518927,22791.9718522052,0.0227471893425053,3747,TRUE,region,Northeast,2.19567735859018,13.8174773277932,TRUE,2016Q3,15,-9,3,1,0,0,0,1,1,1,0,-10
2016,3,2,16,combined,1107,1106,1,1096856.95006051,29400.7458029051,0.0268045398274435,4037,TRUE,region,Northeast,100.924737718891,13.9079593297157,TRUE,2016Q3,15,-9,3,0,0,0,0,1,1,1,0,-10
2016,3,2,17,combined,1378,1378,0,1012544.49000716,24531.1615078975,0.0242272430989418,3731,TRUE,region,Northeast,136.092785413336,13.8279770177453,TRUE,2016Q3,15,-9,3,0,0,0,0,1,1,1,0,-10
2016,3,2,18,combined,2830,2829,1,1026439.18901427,23983.4966418443,0.0233657258009377,3762,TRUE,region,Northeast,275.710439574873,13.8416062725896,TRUE,2016Q3,15,-9,3,0,0,0,0,1,1,1,0,-10
2016,3,2,19,combined,3427,3423,4,911814.89456916,20890.5515816818,0.0229109567151266,3445,TRUE,region,Northeast,375.843827558804,13.7231922819748,TRUE,2016Q3,15,-9,3,0,0,0,0,1,1,1,0,-10
2016,3,2,15,female,22,22,0,485844.81907766,15512.6166138379,0.0319291592802975,1845,TRUE,region,Northeast,4.52819483426114,13.0936445495855,TRUE,2016Q3,15,-9,3,1,0,0,0,1,1,1,0,-10
2016,3,2,16,female,1058,1057,1,541321.72333956,21561.9877355359,0.0398321124127703,1913,TRUE,region,Northeast,195.447541523535,13.2017690637728,TRUE,2016Q3,15,-9,3,0,0,0,0,1,1,1,0,-10
2016,3,2,17,female,1237,1237,0,515753.16189013,18563.467184123,0.0359929294783025,1785,TRUE,region,Northeast,239.843415688747,13.153383561579,TRUE,2016Q3,15,-9,3,0,0,0,0,1,1,1,0,-10
2016,3,2,18,female,2260,2259,1,518733.62059589,18813.8064324096,0.0362687238409521,1776,TRUE,region,Northeast,435.67640697818,13.1591457752736,TRUE,2016Q3,15,-9,3,0,0,0,0,1,1,1,0,-10
2016,3,2,19,female,2382,2380,2,467176.21306202,14890.2805509112,0.0318729424456687,1683,TRUE,region,Northeast,509.871849935942,13.0544617953773,TRUE,2016Q3,15,-9,3,0,0,0,0,1,1,1,0,-10
2016,3,2,15,male,0,0,0,516123.88611161,16216.9983796728,0.0314207476461686,1902,TRUE,region,Northeast,0,13.1541021050104,TRUE,2016Q3,15,-9,3,1,0,0,0,1,1,1,0,-10
2016,3,2,16,male,49,49,0,555535.22672095,17287.1198997069,0.0311179544846223,2124,TRUE,region,Northeast,8.82032275238832,13.2276873004904,TRUE,2016Q3,15,-9,3,0,0,0,0,1,1,1,0,-10
2016,3,2,17,male,141,141,0,496791.32811703,15051.2466751388,0.0302969190951601,1946,TRUE,region,Northeast,28.3821379359473,13.115925353968,TRUE,2016Q3,15,-9,3,0,0,0,0,1,1,1,0,-10
2016,3,2,18,male,570,570,0,507705.56841838,14422.9622345307,0.0284081229982596,1986,TRUE,region,Northeast,112.269794829251,13.137656968806,TRUE,2016Q3,15,-9,3,0,0,0,0,1,1,1,0,-10
2016,3,2,19,male,1045,1043,2,444638.68150714,14097.6543682151,0.0317058658064338,1762,TRUE,region,Northeast,235.022287412756,13.0050172796677,TRUE,2016Q3,15,-9,3,0,0,0,0,1,1,1,0,-10
2016,3,3,15,combined,28,28,0,1309398.36259384,42017.6507477668,0.0320892800450219,2294,TRUE,region,Southeast,2.13838666672331,14.0850783244872,TRUE,2016Q3,15,-9,3,1,0,0,0,1,1,1,0,-10
2016,3,3,16,combined,1207,1207,0,1368623.56656005,41500.7295863843,0.0303229687113264,2416,TRUE,region,Southeast,88.1907947145554,14.1293160968175,TRUE,2016Q3,15,-9,3,0,0,0,0,1,1,1,0,-10
2016,3,3,17,combined,1728,1725,3,1356236.3883202,40911.3607047288,0.0301653613315895,2334,TRUE,region,Southeast,127.41141698316,14.1202240599589,TRUE,2016Q3,15,-9,3,0,0,0,0,1,1,1,0,-10
2016,3,3,18,combined,4626,4619,7,1368377.1268419,37087.4202836652,0.0271032155947095,2429,TRUE,region,Southeast,338.064697900675,14.1291360166886,TRUE,2016Q3,15,-9,3,0,0,0,0,1,1,1,0,-10
2016,3,3,19,combined,6023,6006,17,1276875.46835489,36115.9294798514,0.0282846137896146,2266,TRUE,region,Southeast,471.698309605709,14.0599266113517,TRUE,2016Q3,15,-9,3,0,0,0,0,1,1,1,0,-10
2016,3,3,15,female,26,26,0,625174.81151857,29818.045973379,0.0476955331916684,1093,TRUE,region,Southeast,4.15883677988324,13.3457865880399,TRUE,2016Q3,15,-9,3,1,0,0,0,1,1,1,0,-10
2016,3,3,16,female,1159,1159,0,673031.62531332,27796.9274357929,0.0413010717332227,1171,TRUE,region,Southeast,172.205875089517,13.4195475990731,TRUE,2016Q3,15,-9,3,0,0,0,0,1,1,1,0,-10
2016,3,3,17,female,1596,1594,2,638673.14800707,27235.6075959825,0.0426440467725457,1096,TRUE,region,Southeast,249.893079892304,13.3671480970299,TRUE,2016Q3,15,-9,3,0,0,0,0,1,1,1,0,-10
2016,3,3,18,female,3775,3771,4,675275.25310793,24794.4231167178,0.0367175059393964,1193,TRUE,region,Southeast,559.031296145638,13.4228756691161,TRUE,2016Q3,15,-9,3,0,0,0,0,1,1,1,0,-10
2016,3,3,19,female,4298,4288,10,672595.00688358,27054.1468307906,0.0402235320719135,1120,TRUE,region,Southeast,639.017530016238,13.4188986546562,TRUE,2016Q3,15,-9,3,0,0,0,0,1,1,1,0,-10
2016,3,3,15,male,2,2,0,684223.55107527,29500.1030761073,0.0431147145253146,1201,TRUE,region,Southeast,0.292302127989743,13.4360399722651,TRUE,2016Q3,15,-9,3,1,0,0,0,1,1,1,0,-10
2016,3,3,16,male,48,48,0,695591.94124673,28497.3263313307,0.0409684538326509,1245,TRUE,region,Southeast,6.90059748449187,13.4525184760684,TRUE,2016Q3,15,-9,3,0,0,0,0,1,1,1,0,-10
2016,3,3,17,male,132,131,1,717563.24031313,29910.9980107038,0.0416841280744137,1238,TRUE,region,Southeast,18.3955911596583,13.4836163625411,TRUE,2016Q3,15,-9,3,0,0,0,0,1,1,1,0,-10
2016,3,3,18,male,851,848,3,693101.87373397,28166.9258882051,0.0406389406169984,1236,TRUE,region,Southeast,122.781373453138,13.4489322713131,TRUE,2016Q3,15,-9,3,0,0,0,0,1,1,1,0,-10
2016,3,3,19,male,1725,1718,7,604280.46147131,23835.1365564143,0.0394438312607033,1146,TRUE,region,Southeast,285.463474327789,13.3117937093287,TRUE,2016Q3,15,-9,3,0,0,0,0,1,1,1,0,-10
2016,3,4,15,combined,19,19,0,456868.14685557,14662.4544639273,0.0320934049896951,1453,TRUE,region,South,4.1587491119197,13.0321501093312,TRUE,2016Q3,15,-9,3,1,0,0,0,1,1,1,0,-10
2016,3,4,16,combined,531,530,1,486958.36392001,14367.5717195552,0.029504723163386,1571,TRUE,region,South,109.044230337365,13.095933903379,TRUE,2016Q3,15,-9,3,0,0,0,0,1,1,1,0,-10
2016,3,4,17,combined,647,647,0,475762.79214762,15650.5178580414,0.0328956322695899,1507,TRUE,region,South,135.99213950284,13.0726746731787,TRUE,2016Q3,15,-9,3,0,0,0,0,1,1,1,0,-10
2016,3,4,18,combined,1342,1340,2,464897.98593955,13959.8678759592,0.0300278088917649,1504,TRUE,region,South,288.665479435847,13.0495732754248,TRUE,2016Q3,15,-9,3,0,0,0,0,1,1,1,0,-10
2016,3,4,19,combined,1689,1683,6,411908.35518769,13856.5356995335,0.0336398510130236,1332,TRUE,region,South,410.042665735778,12.9285561647236,TRUE,2016Q3,15,-9,3,0,0,0,0,1,1,1,0,-10
2016,3,4,15,female,18,18,0,235490.06941235,10631.2419447154,0.0451451815834315,742,TRUE,region,South,7.64363441945464,12.3694240234491,TRUE,2016Q3,15,-9,3,1,0,0,0,1,1,1,0,-10
2016,3,4,16,female,505,504,1,240618.26882314,9755.02251616207,0.0405414874102192,777,TRUE,region,South,209.876000883036,12.3909670099109,TRUE,2016Q3,15,-9,3,0,0,0,0,1,1,1,0,-10
2016,3,4,17,female,558,558,0,234070.73178716,10624.2756489112,0.0453891674870816,712,TRUE,region,South,238.389479854913,12.3633786212594,TRUE,2016Q3,15,-9,3,0,0,0,0,1,1,1,0,-10
2016,3,4,18,female,1055,1053,2,228751.20132843,10108.9814184991,0.0441920364124564,714,TRUE,region,South,461.199763705407,12.340390234833,TRUE,2016Q3,15,-9,3,0,0,0,0,1,1,1,0,-10
2016,3,4,19,female,1173,1168,5,189070.51057461,9148.19906198435,0.048385118515742,611,TRUE,region,South,620.403465582813,12.1498752962911,TRUE,2016Q3,15,-9,3,0,0,0,0,1,1,1,0,-10
2016,3,4,15,male,1,1,0,221378.07744322,9856.81889955668,0.0445248193199473,711,TRUE,region,South,0.451715911326624,12.3076272764824,TRUE,2016Q3,15,-9,3,1,0,0,0,1,1,1,0,-10
2016,3,4,16,male,26,26,0,246340.09509687,10558.1928307467,0.0428602287686658,794,TRUE,region,South,10.5545140711973,12.4144683605345,TRUE,2016Q3,15,-9,3,0,0,0,0,1,1,1,0,-10
2016,3,4,17,male,89,89,0,241692.06036046,10164.1962830264,0.0420543242830049,795,TRUE,region,South,36.8237168681773,12.3954197170021,TRUE,2016Q3,15,-9,3,0,0,0,0,1,1,1,0,-10
2016,3,4,18,male,287,287,0,236146.78461112,9662.28212055203,0.0409164246570776,790,TRUE,region,South,121.534578788622,12.3722088593566,TRUE,2016Q3,15,-9,3,0,0,0,0,1,1,1,0,-10
2016,3,4,19,male,516,515,1,222837.84461308,9874.60942193986,0.0443129821107606,721,TRUE,region,South,231.558513274954,12.314199631736,TRUE,2016Q3,15,-9,3,0,0,0,0,1,1,1,0,-10
2016,3,5,15,combined,26,26,0,241586.43412378,9587.68615608766,0.0396863598358146,881,TRUE,region,Central-West,10.7621937027634,12.3949825933164,TRUE,2016Q3,15,-9,3,1,0,0,0,1,1,1,0,-10
2016,3,5,16,combined,418,418,0,246762.23582926,10067.7095805542,0.0407992314817582,910,TRUE,region,Central-West,169.393829082187,12.4161805440268,TRUE,2016Q3,15,-9,3,0,0,0,0,1,1,1,0,-10
2016,3,5,17,combined,502,501,1,241714.55646994,10019.9851630267,0.0414537928925801,883,TRUE,region,Central-West,207.682982494449,12.3955127902399,TRUE,2016Q3,15,-9,3,0,0,0,0,1,1,1,0,-10
2016,3,5,18,combined,1107,1105,2,266931.91647571,10907.7241048651,0.0408633191896992,969,TRUE,region,Central-West,414.712490966113,12.4947489103928,TRUE,2016Q3,15,-9,3,0,0,0,0,1,1,1,0,-10
2016,3,5,19,combined,1410,1407,3,241933.37723274,9735.3938319994,0.0402399782260467,870,TRUE,region,Central-West,582.805074739059,12.3964176665455,TRUE,2016Q3,15,-9,3,0,0,0,0,1,1,1,0,-10
2016,3,5,15,female,22,22,0,120342.73963878,7028.6596284552,0.058405348337194,420,TRUE,region,Central-West,18.2811194643192,11.6980991143352,TRUE,2016Q3,15,-9,3,1,0,0,0,1,1,1,0,-10
2016,3,5,16,female,390,390,0,122997.3614738,6652.79033647481,0.0540888865969042,447,TRUE,region,Central-West,317.079972551342,11.7199181826919,TRUE,2016Q3,15,-9,3,0,0,0,0,1,1,1,0,-10
2016,3,5,17,female,442,442,0,115004.75307563,7116.52949073356,0.061880307556102,391,TRUE,region,Central-West,384.331941227968,11.6527287375837,TRUE,2016Q3,15,-9,3,0,0,0,0,1,1,1,0,-10
2016,3,5,18,female,875,875,0,129405.53297922,7013.41532809705,0.0541971828146117,465,TRUE,region,Central-West,676.168924044776,11.7707064188614,TRUE,2016Q3,15,-9,3,0,0,0,0,1,1,1,0,-10
2016,3,5,19,female,968,967,1,121104.58784672,7183.04438521479,0.0593127354870011,421,TRUE,region,Central-West,799.309107285994,11.7044098136024,TRUE,2016Q3,15,-9,3,0,0,0,0,1,1,1,0,-10
2016,3,5,15,male,4,4,0,121243.694485,6479.81712830971,0.0534445700935926,461,TRUE,region,Central-West,3.29914064149115,11.7055578032,TRUE,2016Q3,15,-9,3,1,0,0,0,1,1,1,0,-10
2016,3,5,16,male,28,28,0,123764.87435546,7521.03786902675,0.0607687593769609,463,TRUE,region,Central-West,22.6235433484806,11.7261388700197,TRUE,2016Q3,15,-9,3,0,0,0,0,1,1,1,0,-10
2016,3,5,17,male,60,59,1,126709.80339431,7172.45203103592,0.0566053441714835,492,TRUE,region,Central-West,47.3522950811353,11.7496547381724,TRUE,2016Q3,15,-9,3,0,0,0,0,1,1,1,0,-10
2016,3,5,18,male,232,230,2,137526.38349649,7629.36843671668,0.055475671233014,504,TRUE,region,Central-West,168.694903553485,11.8315710576566,TRUE,2016Q3,15,-9,3,0,0,0,0,1,1,1,0,-10
2016,3,5,19,male,442,440,2,120828.78938602,6579.40698619772,0.0544523123969904,449,TRUE,region,Central-West,365.806859644941,11.7021298588205,TRUE,2016Q3,15,-9,3,0,0,0,0,1,1,1,0,-10
2016,4,1,15,combined,12,12,0,335553.09690291,11922.6360808786,0.035531295019841,1630,TRUE,region,North,3.57618514350118,12.7235354848775,TRUE,2016Q4,16,-8,4,1,0,0,0,1,1,1,0,-9
2016,4,1,16,combined,392,392,0,370842.67062627,12632.1493693253,0.0340633653295411,1785,TRUE,region,North,105.70520359429,12.8235331832543,TRUE,2016Q4,16,-8,4,0,0,0,0,1,1,1,0,-9
2016,4,1,17,combined,542,542,0,332226.87886938,10934.4825726859,0.032912696919339,1667,TRUE,region,North,163.141526009127,12.7135733845961,TRUE,2016Q4,16,-8,4,0,0,0,0,1,1,1,0,-9
2016,4,1,18,combined,1119,1119,0,326366.7702493,11192.8643426691,0.0342953552964945,1601,TRUE,region,North,342.865788433435,12.6957770900552,TRUE,2016Q4,16,-8,4,0,0,0,0,1,1,1,0,-9
2016,4,1,19,combined,1313,1313,0,314967.01954972,11173.6751455696,0.0354756988891841,1506,TRUE,region,North,416.869042948394,12.6602232124842,TRUE,2016Q4,16,-8,4,0,0,0,0,1,1,1,0,-9
2016,4,1,15,female,12,12,0,161580.88637222,8032.38919305982,0.0497112583882991,778,TRUE,region,North,7.42662097567446,11.9927611406742,TRUE,2016Q4,16,-8,4,1,0,0,0,1,1,1,0,-9
2016,4,1,16,female,381,381,0,182899.2038361,8158.05032209791,0.0446040778253388,856,TRUE,region,North,208.311458994334,12.1166904813684,TRUE,2016Q4,16,-8,4,0,0,0,0,1,1,1,0,-9
2016,4,1,17,female,496,496,0,164697.8902066,7458.83765255375,0.0452879975766371,802,TRUE,region,North,301.157470431351,12.0118681061663,TRUE,2016Q4,16,-8,4,0,0,0,0,1,1,1,0,-9
2016,4,1,18,female,912,912,0,153301.39197737,7331.40438604717,0.0478234691249862,735,TRUE,region,North,594.906535574463,11.9401611449059,TRUE,2016Q4,16,-8,4,0,0,0,0,1,1,1,0,-9
2016,4,1,19,female,920,920,0,163513.40355202,8245.91849408715,0.0504296180922183,730,TRUE,region,North,562.645006473315,12.0046502448708,TRUE,2016Q4,16,-8,4,0,0,0,0,1,1,1,0,-9
2016,4,1,15,male,0,0,0,173972.21053069,8000.52827751896,0.0459873921996732,852,TRUE,region,North,0,12.066650855848,TRUE,2016Q4,16,-8,4,1,0,0,0,1,1,1,0,-9
2016,4,1,16,male,11,11,0,187943.46679017,8907.73718840616,0.0473958331222613,929,TRUE,region,North,5.85282382402841,12.1438964880273,TRUE,2016Q4,16,-8,4,0,0,0,0,1,1,1,0,-9
2016,4,1,17,male,46,46,0,167528.98866278,7831.49923808385,0.0467471289631427,865,TRUE,region,North,27.4579345146013,12.0289116819164,TRUE,2016Q4,16,-8,4,0,0,0,0,1,1,1,0,-9
2016,4,1,18,male,207,207,0,173065.37827193,7604.64731847733,0.0439408932879023,866,TRUE,region,North,119.607978248977,12.0614247111766,TRUE,2016Q4,16,-8,4,0,0,0,0,1,1,1,0,-9
2016,4,1,19,male,393,393,0,151453.6159977,7149.2883053425,0.0472044741767741,776,TRUE,region,North,259.485385945469,11.9280346920218,TRUE,2016Q4,16,-8,4,0,0,0,0,1,1,1,0,-9
2016,4,2,15,combined,27,27,0,970171.21308754,22010.9880985544,0.0226877357332683,3611,TRUE,region,Northeast,2.78301392947677,13.7852278432415,TRUE,2016Q4,16,-8,4,1,0,0,0,1,1,1,0,-9
2016,4,2,16,combined,1220,1219,1,1080946.66016561,28607.1600921182,0.026464913715294,3994,TRUE,region,Northeast,112.864033440196,13.8933477523564,TRUE,2016Q4,16,-8,4,0,0,0,0,1,1,1,0,-9
2016,4,2,17,combined,1739,1739,0,1024572.51852612,25733.8307865785,0.0251166514046243,3768,TRUE,region,Northeast,169.72932306457,13.8397860284665,TRUE,2016Q4,16,-8,4,0,0,0,0,1,1,1,0,-9
2016,4,2,18,combined,3556,3553,3,998548.85838745,21622.2772801734,0.0216536998651134,3669,TRUE,region,Northeast,356.116775872396,13.814058362426,TRUE,2016Q4,16,-8,4,0,0,0,0,1,1,1,0,-9
2016,4,2,19,combined,4347,4346,1,927505.73516863,22012.3707079363,0.0237328674888832,3377,TRUE,region,Northeast,468.676347236782,13.7402542569148,TRUE,2016Q4,16,-8,4,0,0,0,0,1,1,1,0,-9
2016,4,2,15,female,26,26,0,466152.12674069,14894.2137765531,0.0319514015321406,1725,TRUE,region,Northeast,5.57757832872942,13.0522673120671,TRUE,2016Q4,16,-8,4,1,0,0,0,1,1,1,0,-9
2016,4,2,16,female,1173,1173,0,535873.18171684,21597.3134791104,0.0403030310453613,1900,TRUE,region,Northeast,218.895074435694,13.1916528107839,TRUE,2016Q4,16,-8,4,0,0,0,0,1,1,1,0,-9
2016,4,2,17,female,1556,1556,0,508073.32326094,19663.2763443185,0.0387016508131439,1793,TRUE,region,Northeast,306.255008630095,13.1383810532729,TRUE,2016Q4,16,-8,4,0,0,0,0,1,1,1,0,-9
2016,4,2,18,female,2789,2787,2,515282.21710962,16165.1874432687,0.0313715220640532,1782,TRUE,region,Northeast,541.256792373775,13.1524700239394,TRUE,2016Q4,16,-8,4,0,0,0,0,1,1,1,0,-9
2016,4,2,19,female,3112,3112,0,484596.42425919,16221.8846938147,0.0334750400162638,1656,TRUE,region,Northeast,642.183855309573,13.0910717085903,TRUE,2016Q4,16,-8,4,0,0,0,0,1,1,1,0,-9
2016,4,2,15,male,1,1,0,504019.08634685,15555.9754403048,0.0308638618292317,1886,TRUE,region,Northeast,0.198405184860764,13.1303694160723,TRUE,2016Q4,16,-8,4,1,0,0,0,1,1,1,0,-9
2016,4,2,16,male,47,46,1,545073.47844877,17370.6034577036,0.0318683703106208,2094,TRUE,region,Northeast,8.62269067534854,13.2086758873994,TRUE,2016Q4,16,-8,4,0,0,0,0,1,1,1,0,-9
2016,4,2,17,male,183,183,0,516499.19526518,15858.7005334751,0.0307042115047884,1975,TRUE,region,Northeast,35.430839327067,13.1548290094868,TRUE,2016Q4,16,-8,4,0,0,0,0,1,1,1,0,-9
2016,4,2,18,male,767,766,1,483266.64127783,14127.0736993372,0.0292324619427137,1887,TRUE,region,Northeast,158.711554758246,13.0883238326449,TRUE,2016Q4,16,-8,4,0,0,0,0,1,1,1,0,-9
2016,4,2,19,male,1235,1234,1,442909.31090944,14149.9334597231,0.0319476992494662,1721,TRUE,region,Northeast,278.838120938152,13.0011203122901,TRUE,2016Q4,16,-8,4,0,0,0,0,1,1,1,0,-9
2016,4,3,15,combined,20,20,0,1316959.43847825,51220.1866641749,0.0388927594636931,2185,TRUE,region,Southeast,1.51864965735847,14.0908361818292,TRUE,2016Q4,16,-8,4,1,0,0,0,1,1,1,0,-9
2016,4,3,16,combined,1381,1379,2,1381691.92855257,41199.7552372957,0.029818336769511,2407,TRUE,region,Southeast,99.9499216476357,14.138819341349,TRUE,2016Q4,16,-8,4,0,0,0,0,1,1,1,0,-9
2016,4,3,17,combined,2276,2276,0,1344674.09923244,37316.53829431,0.0277513624421046,2335,TRUE,region,Southeast,169.260343550841,14.111662236254,TRUE,2016Q4,16,-8,4,0,0,0,0,1,1,1,0,-9
2016,4,3,18,combined,5404,5394,10,1383143.70067894,43883.2343414077,0.031727169288243,2413,TRUE,region,Southeast,390.704161638979,14.1398695102954,TRUE,2016Q4,16,-8,4,0,0,0,0,1,1,1,0,-9
2016,4,3,19,combined,7183,7168,15,1283041.87250596,36209.8208441482,0.0282218543448043,2268,TRUE,region,Southeast,559.841432608166,14.0647442794689,TRUE,2016Q4,16,-8,4,0,0,0,0,1,1,1,0,-9
2016,4,3,15,female,20,20,0,629913.51336103,28362.288808748,0.0450256871890481,1065,TRUE,region,Southeast,3.17503904516764,13.3533378085646,TRUE,2016Q4,16,-8,4,1,0,0,0,1,1,1,0,-9
2016,4,3,16,female,1337,1335,2,659232.86051871,25528.1019942446,0.0387239525259073,1149,TRUE,region,Southeast,202.811491973867,13.3988321054228,TRUE,2016Q4,16,-8,4,0,0,0,0,1,1,1,0,-9
2016,4,3,17,female,2092,2092,0,640186.47271424,26239.8669973913,0.0409878498152897,1077,TRUE,region,Southeast,326.779788259257,13.3695147765137,TRUE,2016Q4,16,-8,4,0,0,0,0,1,1,1,0,-9
2016,4,3,18,female,4417,4411,6,676818.22434978,26457.6450882467,0.0390912125832082,1187,TRUE,region,Southeast,652.612450594606,13.4251580141424,TRUE,2016Q4,16,-8,4,0,0,0,0,1,1,1,0,-9
2016,4,3,19,female,5220,5209,11,658625.10759465,27200.0599845895,0.0412982433723583,1119,TRUE,region,Southeast,792.560128638862,13.3979097708741,TRUE,2016Q4,16,-8,4,0,0,0,0,1,1,1,0,-9
2016,4,3,15,male,0,0,0,687045.92511722,40783.1962166635,0.0593602184740493,1120,TRUE,region,Southeast,0,13.440156417758,TRUE,2016Q4,16,-8,4,1,0,0,0,1,1,1,0,-9
2016,4,3,16,male,44,44,0,722459.06803386,31987.8004908859,0.044276280700496,1258,TRUE,region,Southeast,6.09031043374458,13.4904160441235,TRUE,2016Q4,16,-8,4,0,0,0,0,1,1,1,0,-9
2016,4,3,17,male,184,184,0,704487.6265182,25654.2338046175,0.036415449809117,1258,TRUE,region,Southeast,26.1182727806571,13.4652260466722,TRUE,2016Q4,16,-8,4,0,0,0,0,1,1,1,0,-9
2016,4,3,18,male,987,983,4,706325.47632916,31502.7008330758,0.0446008276478972,1226,TRUE,region,Southeast,139.737278786762,13.4678314248713,TRUE,2016Q4,16,-8,4,0,0,0,0,1,1,1,0,-9
2016,4,3,19,male,1963,1959,4,624416.76491131,24757.9915191365,0.0396497866655663,1149,TRUE,region,Southeast,314.373365724544,13.3445733168967,TRUE,2016Q4,16,-8,4,0,0,0,0,1,1,1,0,-9
2016,4,4,15,combined,69,69,0,441471.58106359,14308.9766745246,0.0324119995222604,1409,TRUE,region,South,15.6295451303492,12.9978689279025,TRUE,2016Q4,16,-8,4,1,0,0,0,1,1,1,0,-9
2016,4,4,16,combined,688,688,0,483469.78397322,14652.2735156247,0.0303064927764675,1545,TRUE,region,South,142.304653322059,13.0887440975549,TRUE,2016Q4,16,-8,4,0,0,0,0,1,1,1,0,-9
2016,4,4,17,combined,974,974,0,471283.50222807,15057.3919685687,0.0319497540172367,1500,TRUE,region,South,206.669657519361,13.0632151074786,TRUE,2016Q4,16,-8,4,0,0,0,0,1,1,1,0,-9
2016,4,4,18,combined,1811,1808,3,447758.56141148,14138.6058310913,0.0315764053433659,1447,TRUE,region,South,404.459044689428,13.0120094407038,TRUE,2016Q4,16,-8,4,0,0,0,0,1,1,1,0,-9
2016,4,4,19,combined,2213,2203,10,413926.73355762,14035.0760948462,0.0339071506066241,1347,TRUE,region,South,534.635678391607,12.933444265063,TRUE,2016Q4,16,-8,4,0,0,0,0,1,1,1,0,-9
2016,4,4,15,female,62,62,0,227028.79618032,10217.1472454021,0.0450037502612094,728,TRUE,region,South,27.3093109962825,12.332832143838,TRUE,2016Q4,16,-8,4,1,0,0,0,1,1,1,0,-9
2016,4,4,16,female,644,644,0,245453.61548707,10234.7034669232,0.0416970980305742,779,TRUE,region,South,262.371364431552,12.4108632694126,TRUE,2016Q4,16,-8,4,0,0,0,0,1,1,1,0,-9
2016,4,4,17,female,855,855,0,236151.94890928,10354.888445372,0.0438484140960868,720,TRUE,region,South,362.05502599026,12.3722307281349,TRUE,2016Q4,16,-8,4,0,0,0,0,1,1,1,0,-9
2016,4,4,18,female,1380,1380,0,209394.28646471,9657.24203498293,0.0461198927536664,663,TRUE,region,South,659.043770152046,12.2519742917775,TRUE,2016Q4,16,-8,4,0,0,0,0,1,1,1,0,-9
2016,4,4,19,female,1493,1487,6,203248.83133596,9524.14373642317,0.046859525212621,653,TRUE,region,South,734.567569312193,12.222186277509,TRUE,2016Q4,16,-8,4,0,0,0,0,1,1,1,0,-9
2016,4,4,15,male,7,7,0,214442.78488327,9491.20438269239,0.0442598448246176,681,TRUE,region,South,3.26427396650831,12.2757982446286,TRUE,2016Q4,16,-8,4,1,0,0,0,1,1,1,0,-9
2016,4,4,16,male,44,44,0,238016.16848615,10303.0531849831,0.0432871987248322,766,TRUE,region,South,18.486139105529,12.3800938851619,TRUE,2016Q4,16,-8,4,0,0,0,0,1,1,1,0,-9
2016,4,4,17,male,119,119,0,235131.55331879,9953.25623905485,0.0423305851493282,780,TRUE,region,South,50.6099663445257,12.3679004378525,TRUE,2016Q4,16,-8,4,0,0,0,0,1,1,1,0,-9
2016,4,4,18,male,431,428,3,238364.27494677,10096.6394919953,0.0423580232157272,784,TRUE,region,South,180.81568645144,12.381555349533,TRUE,2016Q4,16,-8,4,0,0,0,0,1,1,1,0,-9
2016,4,4,19,male,720,716,4,210677.90222166,10012.7514796573,0.047526348867489,694,TRUE,region,South,341.753925023645,12.2580857163694,TRUE,2016Q4,16,-8,4,0,0,0,0,1,1,1,0,-9
2016,4,5,15,combined,22,22,0,236180.32147044,10280.2083550685,0.0435269470846037,861,TRUE,region,Central-West,9.31491661245515,12.3723508662791,TRUE,2016Q4,16,-8,4,1,0,0,0,1,1,1,0,-9
2016,4,5,16,combined,370,369,1,252774.28504008,9905.58695858202,0.039187478888572,924,TRUE,region,Central-West,146.37564890801,12.4402522155116,TRUE,2016Q4,16,-8,4,0,0,0,0,1,1,1,0,-9
2016,4,5,17,combined,572,572,0,261410.73587977,10140.7177846191,0.038792277411602,909,TRUE,region,Central-West,218.812742359242,12.4738481500243,TRUE,2016Q4,16,-8,4,0,0,0,0,1,1,1,0,-9
2016,4,5,18,combined,1224,1223,1,250212.25605212,9673.60366178059,0.038661590021256,910,TRUE,region,Central-West,489.184670372437,12.4300648608357,TRUE,2016Q4,16,-8,4,0,0,0,0,1,1,1,0,-9
2016,4,5,19,combined,1523,1521,2,245705.08316306,10134.7761111221,0.0412477266674871,882,TRUE,region,Central-West,619.848796123308,12.4118872467896,TRUE,2016Q4,16,-8,4,0,0,0,0,1,1,1,0,-9
2016,4,5,15,female,19,19,0,120606.1912672,6897.09881457339,0.057186938266652,431,TRUE,region,Central-West,15.7537517770593,11.7002858991648,TRUE,2016Q4,16,-8,4,1,0,0,0,1,1,1,0,-9
2016,4,5,16,female,350,350,0,127845.48139208,6840.67026143928,0.0535073292145549,450,TRUE,region,Central-West,273.76798631358,11.7585776370528,TRUE,2016Q4,16,-8,4,0,0,0,0,1,1,1,0,-9
2016,4,5,17,female,520,520,0,128213.78702247,7154.37805534542,0.0558003801423601,430,TRUE,region,Central-West,405.572608122766,11.7614543607634,TRUE,2016Q4,16,-8,4,0,0,0,0,1,1,1,0,-9
2016,4,5,18,female,927,927,0,120533.61755506,6469.95625656505,0.0536776078558296,435,TRUE,region,Central-West,769.080044890003,11.6996839768635,TRUE,2016Q4,16,-8,4,0,0,0,0,1,1,1,0,-9
2016,4,5,19,female,1087,1086,1,123176.12086875,7337.30180634965,0.0595675667864869,421,TRUE,region,Central-West,882.476239983438,11.7213704871779,TRUE,2016Q4,16,-8,4,0,0,0,0,1,1,1,0,-9
2016,4,5,15,male,3,3,0,115574.13020324,6728.19936988631,0.0582154445640612,430,TRUE,region,Central-West,2.5957366018887,11.6576674230071,TRUE,2016Q4,16,-8,4,1,0,0,0,1,1,1,0,-9
2016,4,5,16,male,20,19,1,124928.803648,7042.74939348987,0.0563741041924451,474,TRUE,region,Central-West,16.0091183265887,11.7354992832014,TRUE,2016Q4,16,-8,4,0,0,0,0,1,1,1,0,-9
2016,4,5,17,male,52,52,0,133196.9488573,7073.29322279734,0.0531040183989145,479,TRUE,region,Central-West,39.0399333063627,11.7995841303493,TRUE,2016Q4,16,-8,4,0,0,0,0,1,1,1,0,-9
2016,4,5,18,male,297,296,1,129678.63849706,6871.97067727322,0.0529923105063215,475,TRUE,region,Central-West,229.027697577758,11.7728146574114,TRUE,2016Q4,16,-8,4,0,0,0,0,1,1,1,0,-9
2016,4,5,19,male,436,435,1,122528.96229431,6740.05877557408,0.0550078826211285,461,TRUE,region,Central-West,355.834238563732,11.7161027079148,TRUE,2016Q4,16,-8,4,0,0,0,0,1,1,1,0,-9
2017,1,1,15,combined,11,11,0,351000.34416885,12412.711124395,0.0353638146816855,1685,TRUE,region,North,3.13390006099493,12.7685424829856,TRUE,2017Q1,17,-7,1,1,0,0,0,1,1,1,0,-8
2017,1,1,16,combined,290,290,0,374124.17735425,12567.7022974403,0.0335923285854371,1800,TRUE,region,North,77.5143702422112,12.8323430462999,TRUE,2017Q1,17,-7,1,0,0,0,0,1,1,1,0,-8
2017,1,1,17,combined,389,389,0,343255.30127098,12481.7588807148,0.0363629019988862,1670,TRUE,region,North,113.326727528938,12.7462297678547,TRUE,2017Q1,17,-7,1,0,0,0,0,1,1,1,0,-8
2017,1,1,18,combined,806,806,0,334148.93838277,12345.5966750097,0.0369463890406492,1595,TRUE,region,North,241.20980419717,12.7193420958663,TRUE,2017Q1,17,-7,1,0,0,0,0,1,1,1,0,-8
2017,1,1,19,combined,945,945,0,313406.8663042,10651.3710581535,0.0339857616514854,1521,TRUE,region,North,301.524982890056,12.6552575177394,TRUE,2017Q1,17,-7,1,0,0,0,0,1,1,1,0,-8
2017,1,1,15,female,11,11,0,171281.26613776,8280.13710212652,0.0483423394095352,825,TRUE,region,North,6.42218512744575,12.0510623154464,TRUE,2017Q1,17,-7,1,1,0,0,0,1,1,1,0,-8
2017,1,1,16,female,287,287,0,185007.16743841,8448.98148025299,0.0456684008367714,844,TRUE,region,North,155.129124981357,12.1281498462203,TRUE,2017Q1,17,-7,1,0,0,0,0,1,1,1,0,-8
2017,1,1,17,female,363,363,0,169689.34984742,7953.24588623905,0.0468694463936033,813,TRUE,region,North,213.92031988242,12.0417246905459,TRUE,2017Q1,17,-7,1,0,0,0,0,1,1,1,0,-8
2017,1,1,18,female,643,643,0,160756.07738748,7918.25634618385,0.0492563421232157,723,TRUE,region,North,399.984877990111,11.9876434478392,TRUE,2017Q1,17,-7,1,0,0,0,0,1,1,1,0,-8
2017,1,1,19,female,656,656,0,160766.47535738,8016.59110579604,0.049864818445359,727,TRUE,region,North,408.045270969416,11.9877081274072,TRUE,2017Q1,17,-7,1,0,0,0,0,1,1,1,0,-8
2017,1,1,15,male,0,0,0,179719.07803109,8439.7403220096,0.046960736803633,860,TRUE,region,North,0,12.0991502331414,TRUE,2017Q1,17,-7,1,1,0,0,0,1,1,1,0,-8
2017,1,1,16,male,3,3,0,189117.00991584,8427.8888954769,0.0445644149049704,956,TRUE,region,North,1.58631949676819,12.1501212025622,TRUE,2017Q1,17,-7,1,0,0,0,0,1,1,1,0,-8
2017,1,1,17,male,26,26,0,173565.95142356,9174.38943557796,0.0528582326218426,857,TRUE,region,North,14.9798965677036,12.0643129296192,TRUE,2017Q1,17,-7,1,0,0,0,0,1,1,1,0,-8
2017,1,1,18,male,163,163,0,173392.86099529,8534.42691524461,0.0492201747307026,872,TRUE,region,North,94.0061771080804,12.0633151717503,TRUE,2017Q1,17,-7,1,0,0,0,0,1,1,1,0,-8
2017,1,1,19,male,289,289,0,152640.39094682,6904.66579789528,0.0452348539928784,794,TRUE,region,North,189.333896622872,11.9358400479132,TRUE,2017Q1,17,-7,1,0,0,0,0,1,1,1,0,-8
2017,1,2,15,combined,19,19,0,983420.6315121,22675.1063690608,0.0230573832218628,3606,TRUE,region,Northeast,1.93203186827449,13.7987922135163,TRUE,2017Q1,17,-7,1,1,0,0,0,1,1,1,0,-8
2017,1,2,16,combined,1009,1009,0,1046477.16105549,22688.6048978935,0.0216809365194454,3940,TRUE,region,Northeast,96.4187311056373,13.8609399965072,TRUE,2017Q1,17,-7,1,0,0,0,0,1,1,1,0,-8
2017,1,2,17,combined,1310,1309,1,1041746.01352612,25919.6846676436,0.0248810020207423,3780,TRUE,region,Northeast,125.750421215042,13.8564087225686,TRUE,2017Q1,17,-7,1,0,0,0,0,1,1,1,0,-8
2017,1,2,18,combined,2527,2527,0,1001540.18927063,22312.7051761728,0.0222783922354848,3643,TRUE,region,Northeast,252.311392700106,13.8170495623599,TRUE,2017Q1,17,-7,1,0,0,0,0,1,1,1,0,-8
2017,1,2,19,combined,3261,3258,3,927045.39262997,21828.7541544903,0.0235465860981882,3346,TRUE,region,Northeast,351.762710426589,13.7397578105875,TRUE,2017Q1,17,-7,1,0,0,0,0,1,1,1,0,-8
2017,1,2,15,female,19,19,0,491445.86427151,15836.7813552591,0.0322248746130656,1747,TRUE,region,Northeast,3.86614302435213,13.1051070685997,TRUE,2017Q1,17,-7,1,1,0,0,0,1,1,1,0,-8
2017,1,2,16,female,975,975,0,524740.14757951,16220.1350738333,0.0309107948927723,1900,TRUE,region,Northeast,185.80625181767,13.1706584620507,TRUE,2017Q1,17,-7,1,0,0,0,0,1,1,1,0,-8
2017,1,2,17,female,1167,1167,0,525086.08519102,19027.6185950308,0.0362371411691643,1873,TRUE,region,Northeast,222.249271674274,13.1713174999243,TRUE,2017Q1,17,-7,1,0,0,0,0,1,1,1,0,-8
2017,1,2,18,female,1986,1986,0,491897.03624384,15706.4829392679,0.0319304280814613,1706,TRUE,region,Northeast,403.74303028236,13.106024697646,TRUE,2017Q1,17,-7,1,0,0,0,0,1,1,1,0,-8
2017,1,2,19,female,2285,2284,1,482252.79221971,15317.3926107088,0.0317621646941764,1660,TRUE,region,Northeast,473.817889054124,13.0862237207351,TRUE,2017Q1,17,-7,1,0,0,0,0,1,1,1,0,-8
2017,1,2,15,male,0,0,0,491974.76724059,15614.4977291643,0.0317384117416095,1859,TRUE,region,Northeast,0,13.1061827080629,TRUE,2017Q1,17,-7,1,1,0,0,0,1,1,1,0,-8
2017,1,2,16,male,34,34,0,521737.01347598,15392.664925978,0.0295027274822369,2040,TRUE,region,Northeast,6.51669310817744,13.1649189343105,TRUE,2017Q1,17,-7,1,0,0,0,0,1,1,1,0,-8
2017,1,2,17,male,143,142,1,516659.9283351,16218.7172547729,0.0313914750598842,1907,TRUE,region,Northeast,27.6777803265694,13.1551401582102,TRUE,2017Q1,17,-7,1,0,0,0,0,1,1,1,0,-8
2017,1,2,18,male,541,541,0,509643.15302679,15280.2365280397,0.0299822266566122,1937,TRUE,region,Northeast,106.152706415652,13.1414660598488,TRUE,2017Q1,17,-7,1,0,0,0,0,1,1,1,0,-8
2017,1,2,19,male,976,974,2,444792.60041026,14877.4191653232,0.0334479916068766,1686,TRUE,region,Northeast,219.428110786864,13.0053633860118,TRUE,2017Q1,17,-7,1,0,0,0,0,1,1,1,0,-8
2017,1,3,15,combined,18,18,0,1270018.31529578,49611.4422526746,0.0390635644031011,2150,TRUE,region,Southeast,1.41730239502947,14.0545418798235,TRUE,2017Q1,17,-7,1,1,0,0,0,1,1,1,0,-8
2017,1,3,16,combined,1083,1083,0,1357723.61545235,42779.8804282249,0.031508533799769,2373,TRUE,region,Southeast,79.7658660182602,14.1213200431562,TRUE,2017Q1,17,-7,1,0,0,0,0,1,1,1,0,-8
2017,1,3,17,combined,1652,1652,0,1318686.15861213,38504.868754816,0.0291994183023359,2288,TRUE,region,Southeast,125.276206867802,14.0921464645036,TRUE,2017Q1,17,-7,1,0,0,0,0,1,1,1,0,-8
2017,1,3,18,combined,3842,3837,5,1377521.1711213,40512.5211597296,0.0294097266953455,2389,TRUE,region,Southeast,278.906784196472,14.1357961891262,TRUE,2017Q1,17,-7,1,0,0,0,0,1,1,1,0,-8
2017,1,3,19,combined,5362,5349,13,1297651.27421935,35926.4085021665,0.0276857189723636,2274,TRUE,region,Southeast,413.208086527385,14.0760664762199,TRUE,2017Q1,17,-7,1,0,0,0,0,1,1,1,0,-8
2017,1,3,15,female,16,16,0,587790.31989821,23540.2683976439,0.0400487514012148,1036,TRUE,region,Southeast,2.72205911842352,13.2841255644717,TRUE,2017Q1,17,-7,1,1,0,0,0,1,1,1,0,-8
2017,1,3,16,female,1043,1043,0,661557.30551818,27983.6439881788,0.0422996522822161,1146,TRUE,region,Southeast,157.658299787506,13.4023518884421,TRUE,2017Q1,17,-7,1,0,0,0,0,1,1,1,0,-8
2017,1,3,17,female,1486,1486,0,620158.01893338,24655.1786229184,0.0397562844794351,1044,TRUE,region,Southeast,239.616348516431,13.337729593795,TRUE,2017Q1,17,-7,1,0,0,0,0,1,1,1,0,-8
2017,1,3,18,female,3096,3091,5,678271.16945635,27554.213774251,0.0406241854512794,1133,TRUE,region,Southeast,456.45460686196,13.4273024419122,TRUE,2017Q1,17,-7,1,0,0,0,0,1,1,1,0,-8
2017,1,3,19,female,3867,3858,9,661753.8832513,26267.480962245,0.0396937315020938,1108,TRUE,region,Southeast,584.356223344067,13.4026489882267,TRUE,2017Q1,17,-7,1,0,0,0,0,1,1,1,0,-8
2017,1,3,15,male,2,2,0,682227.99539757,43600.7351174401,0.0639093315014605,1114,TRUE,region,Southeast,0.293157128334274,13.4331191850604,TRUE,2017Q1,17,-7,1,1,0,0,0,1,1,1,0,-8
2017,1,3,16,male,40,40,0,696166.30993417,30516.3922275623,0.043834916731963,1227,TRUE,region,Southeast,5.745753482926,13.4533438618271,TRUE,2017Q1,17,-7,1,0,0,0,0,1,1,1,0,-8
2017,1,3,17,male,166,166,0,698528.13967875,27453.1542637248,0.0393014292543037,1244,TRUE,region,Southeast,23.7642538031958,13.4567307427356,TRUE,2017Q1,17,-7,1,0,0,0,0,1,1,1,0,-8
2017,1,3,18,male,746,746,0,699250.00166495,27058.6959508842,0.0386967406313279,1256,TRUE,region,Southeast,106.685734461743,13.4577636134453,TRUE,2017Q1,17,-7,1,0,0,0,0,1,1,1,0,-8
2017,1,3,19,male,1495,1491,4,635897.39096805,25129.8299591548,0.0395186870021573,1166,TRUE,region,Southeast,235.100823062681,13.3627924943505,TRUE,2017Q1,17,-7,1,0,0,0,0,1,1,1,0,-8
2017,1,4,15,combined,21,21,0,427151.67930242,13610.7131464707,0.0318638877147769,1379,TRUE,region,South,4.91628641945059,12.9648944499835,TRUE,2017Q1,17,-7,1,1,0,0,0,1,1,1,0,-8
2017,1,4,16,combined,480,480,0,454941.64120611,13525.0433921232,0.0297291831898847,1484,TRUE,region,South,105.508038069994,13.0279244286215,TRUE,2017Q1,17,-7,1,0,0,0,0,1,1,1,0,-8
2017,1,4,17,combined,678,678,0,480510.50264698,16045.4919969289,0.0333925937280025,1498,TRUE,region,South,141.09993356339,13.0826043648997,TRUE,2017Q1,17,-7,1,0,0,0,0,1,1,1,0,-8
2017,1,4,18,combined,1272,1268,4,432358.73581207,13820.9371071401,0.0319663648779552,1391,TRUE,region,South,294.200138598076,12.9770109296015,TRUE,2017Q1,17,-7,1,0,0,0,0,1,1,1,0,-8
2017,1,4,19,combined,1591,1589,2,441576.1117252,14453.5082817686,0.0327316353805916,1397,TRUE,region,South,360.300287482513,12.9981056776567,TRUE,2017Q1,17,-7,1,0,0,0,0,1,1,1,0,-8
2017,1,4,15,female,21,21,0,211364.83225344,9281.21016740181,0.0439108534208427,679,TRUE,region,South,9.93542765658369,12.2613409821625,TRUE,2017Q1,17,-7,1,1,0,0,0,1,1,1,0,-8
2017,1,4,16,female,456,456,0,227054.33510673,9990.81631570577,0.0440018743135182,733,TRUE,region,South,200.832985543152,12.3329446295248,TRUE,2017Q1,17,-7,1,0,0,0,0,1,1,1,0,-8
2017,1,4,17,female,609,609,0,236213.08251774,10690.6411150328,0.0452584632531093,711,TRUE,region,South,257.818065582487,12.3724895686702,TRUE,2017Q1,17,-7,1,0,0,0,0,1,1,1,0,-8
2017,1,4,18,female,1001,999,2,197475.10262608,9011.89494237554,0.0456356007543878,612,TRUE,region,South,506.899344113976,12.193367792724,TRUE,2017Q1,17,-7,1,0,0,0,0,1,1,1,0,-8
2017,1,4,19,female,1071,1070,1,211137.12322108,10128.3515526672,0.0479704913951201,660,TRUE,region,South,507.253288129044,12.2602630744678,TRUE,2017Q1,17,-7,1,0,0,0,0,1,1,1,0,-8
2017,1,4,15,male,0,0,0,215786.84704898,10005.1911943849,0.0463660845469137,700,TRUE,region,South,0,12.282046380222,TRUE,2017Q1,17,-7,1,1,0,0,0,1,1,1,0,-8
2017,1,4,16,male,24,24,0,227887.30609938,9563.88542722712,0.0419676093018379,751,TRUE,region,South,10.5315212202007,12.3366065142502,TRUE,2017Q1,17,-7,1,0,0,0,0,1,1,1,0,-8
2017,1,4,17,male,69,69,0,244297.42012924,10592.0912011208,0.043357360038912,787,TRUE,region,South,28.2442606080314,12.4061416969332,TRUE,2017Q1,17,-7,1,0,0,0,0,1,1,1,0,-8
2017,1,4,18,male,271,269,2,234883.63318599,10329.8091740837,0.0439784119224013,779,TRUE,region,South,115.376280724256,12.3668454925533,TRUE,2017Q1,17,-7,1,0,0,0,0,1,1,1,0,-8
2017,1,4,19,male,520,519,1,230438.98850412,9955.19468246234,0.0432009997400434,737,TRUE,region,South,225.65625868068,12.3477414144256,TRUE,2017Q1,17,-7,1,0,0,0,0,1,1,1,0,-8
2017,1,5,15,combined,6,6,0,249985.22710949,12459.6679589637,0.0498416170548613,868,TRUE,region,Central-West,2.40014182812974,12.4291571035364,TRUE,2017Q1,17,-7,1,1,0,0,0,1,1,1,0,-8
2017,1,5,16,combined,314,314,0,265139.17090137,9788.6747384959,0.0369190063664234,962,TRUE,region,Central-West,118.428370629855,12.4880101403259,TRUE,2017Q1,17,-7,1,0,0,0,0,1,1,1,0,-8
2017,1,5,17,combined,374,374,0,246069.88318699,9900.93779700047,0.0402362843789245,878,TRUE,region,Central-West,151.989343497105,12.4133708525679,TRUE,2017Q1,17,-7,1,0,0,0,0,1,1,1,0,-8
2017,1,5,18,combined,878,878,0,247953.95033159,9439.61425478256,0.0380700297057535,901,TRUE,region,Central-West,354.098008451104,12.4209983237589,TRUE,2017Q1,17,-7,1,0,0,0,0,1,1,1,0,-8
2017,1,5,19,combined,1085,1083,2,239325.82125138,9871.21110912508,0.041245909269258,872,TRUE,region,Central-West,453.356848135643,12.3855811713406,TRUE,2017Q1,17,-7,1,0,0,0,0,1,1,1,0,-8
2017,1,5,15,female,6,6,0,130559.46572314,7790.78443863439,0.0596723063738271,440,TRUE,region,Central-West,4.59560704141008,11.7795840779955,TRUE,2017Q1,17,-7,1,1,0,0,0,1,1,1,0,-8
2017,1,5,16,female,299,299,0,133553.14619087,6927.78034211327,0.0518728351948542,471,TRUE,region,Central-West,223.880910729485,11.8022547764102,TRUE,2017Q1,17,-7,1,0,0,0,0,1,1,1,0,-8
2017,1,5,17,female,344,344,0,120817.71758654,6711.67025374058,0.0555520364712494,427,TRUE,region,Central-West,284.726451444175,11.7020382224908,TRUE,2017Q1,17,-7,1,0,0,0,0,1,1,1,0,-8
2017,1,5,18,female,705,705,0,130536.00387895,7320.02622064059,0.0560766838506001,449,TRUE,region,Central-West,540.08088117495,11.7794043594865,TRUE,2017Q1,17,-7,1,0,0,0,0,1,1,1,0,-8
2017,1,5,19,female,741,741,0,119811.09741533,7358.94466085097,0.0614212274121894,416,TRUE,region,Central-West,618.473593836883,11.6936715932225,TRUE,2017Q1,17,-7,1,0,0,0,0,1,1,1,0,-8
2017,1,5,15,male,0,0,0,119425.76138635,8143.60015462127,0.0681896440105263,428,TRUE,region,Central-West,0,11.6904502136731,TRUE,2017Q1,17,-7,1,1,0,0,0,1,1,1,0,-8
2017,1,5,16,male,15,15,0,131586.0247105,6941.16813390525,0.0527500405090615,491,TRUE,region,Central-West,11.3993868520622,11.7874160970253,TRUE,2017Q1,17,-7,1,0,0,0,0,1,1,1,0,-8
2017,1,5,17,male,30,30,0,125252.16560045,6882.33895532716,0.0549478639537585,451,TRUE,region,Central-West,23.9516816784621,11.7380843090208,TRUE,2017Q1,17,-7,1,0,0,0,0,1,1,1,0,-8
2017,1,5,18,male,173,173,0,117417.94645264,6297.36318922973,0.0536320330876315,452,TRUE,region,Central-West,147.336932067517,11.6734950405591,TRUE,2017Q1,17,-7,1,0,0,0,0,1,1,1,0,-8
2017,1,5,19,male,344,342,2,119514.72383605,6553.92942952106,0.054837841055565,456,TRUE,region,Central-West,287.830644592292,11.6911948547809,TRUE,2017Q1,17,-7,1,0,0,0,0,1,1,1,0,-8
2017,2,1,15,combined,11,11,0,333695.09614355,11513.3478900805,0.0345025983993712,1586,TRUE,region,North,3.29642243087324,12.7179829692271,TRUE,2017Q2,18,-6,2,1,0,0,0,1,1,1,0,-7
2017,2,1,16,combined,303,303,0,349132.01392913,12127.0317594896,0.0347348030992978,1711,TRUE,region,North,86.7866560244761,12.7632053930682,TRUE,2017Q2,18,-6,2,0,0,0,0,1,1,1,0,-7
2017,2,1,17,combined,392,392,0,359169.19934366,12778.414425014,0.0355777011179274,1681,TRUE,region,North,109.1407617124,12.7915488638039,TRUE,2017Q2,18,-6,2,0,0,0,0,1,1,1,0,-7
2017,2,1,18,combined,809,809,0,319801.17289371,11451.7232905381,0.0358088845857491,1587,TRUE,region,North,252.969678841322,12.6754547469604,TRUE,2017Q2,18,-6,2,0,0,0,0,1,1,1,0,-7
2017,2,1,19,combined,1052,1052,0,323470.42029036,12164.1158850415,0.0376050331715725,1488,TRUE,region,North,325.222936630707,12.6868629522367,TRUE,2017Q2,18,-6,2,0,0,0,0,1,1,1,0,-7
2017,2,1,15,female,11,11,0,156233.57240993,7639.58630624133,0.048898493380132,755,TRUE,region,North,7.04074023932442,11.959107425495,TRUE,2017Q2,18,-6,2,1,0,0,0,1,1,1,0,-7
2017,2,1,16,female,293,293,0,173102.87028309,8420.86797793279,0.0486466109092323,804,TRUE,region,North,169.263513378393,12.0616413226738,TRUE,2017Q2,18,-6,2,0,0,0,0,1,1,1,0,-7
2017,2,1,17,female,359,359,0,184257.47738463,9143.82629346827,0.0496252658142112,828,TRUE,region,North,194.836055011543,12.1240893920484,TRUE,2017Q2,18,-6,2,0,0,0,0,1,1,1,0,-7
2017,2,1,18,female,662,662,0,157853.09036316,7176.03221545506,0.0454601946591336,771,TRUE,region,North,419.377282051932,11.9694200716416,TRUE,2017Q2,18,-6,2,0,0,0,0,1,1,1,0,-7
2017,2,1,19,female,763,763,0,161780.64315963,8864.20002594311,0.0547914747575626,715,TRUE,region,North,471.62626201649,11.9939966420841,TRUE,2017Q2,18,-6,2,0,0,0,0,1,1,1,0,-7
2017,2,1,15,male,0,0,0,177461.52373362,8318.9139338452,0.046877282234612,831,TRUE,region,North,0,12.0865090967022,TRUE,2017Q2,18,-6,2,1,0,0,0,1,1,1,0,-7
2017,2,1,16,male,10,10,0,176029.14364604,7937.39230621004,0.0450913532941487,907,TRUE,region,North,5.68087749157494,12.0784048492099,TRUE,2017Q2,18,-6,2,0,0,0,0,1,1,1,0,-7
2017,2,1,17,male,33,33,0,174911.72195903,8608.40789447595,0.0492157289292042,853,TRUE,region,North,18.8666600673737,12.0720366796816,TRUE,2017Q2,18,-6,2,0,0,0,0,1,1,1,0,-7
2017,2,1,18,male,147,147,0,161948.08253055,7960.78318048387,0.0491563904684215,816,TRUE,region,North,90.7698304932198,11.9950310846439,TRUE,2017Q2,18,-6,2,0,0,0,0,1,1,1,0,-7
2017,2,1,19,male,289,289,0,161689.77713073,8218.12090088484,0.0508264718198003,773,TRUE,region,North,178.73733585911,11.993434822359,TRUE,2017Q2,18,-6,2,0,0,0,0,1,1,1,0,-7
2017,2,2,15,combined,23,23,0,996057.1953638,24054.4658873042,0.0241496833708616,3631,TRUE,region,Northeast,2.30910434732611,13.811559959982,TRUE,2017Q2,18,-6,2,1,0,0,0,1,1,1,0,-7
2017,2,2,16,combined,853,853,0,1028756.71790136,23977.0557991399,0.0233068279233719,3775,TRUE,region,Northeast,82.9156189366229,13.8438615611114,TRUE,2017Q2,18,-6,2,0,0,0,0,1,1,1,0,-7
2017,2,2,17,combined,1173,1173,0,1041672.67492596,23189.2790080514,0.0222615794445215,3796,TRUE,region,Northeast,112.607350488806,13.8563383203968,TRUE,2017Q2,18,-6,2,0,0,0,0,1,1,1,0,-7
2017,2,2,18,combined,2426,2425,1,1009476.7549125,23963.5618674509,0.0237385970016992,3592,TRUE,region,Northeast,240.322522355681,13.8249426901326,TRUE,2017Q2,18,-6,2,0,0,0,0,1,1,1,0,-7
2017,2,2,19,combined,2980,2976,4,933016.95142442,21980.7352427746,0.0235587737277624,3324,TRUE,region,Northeast,319.393982654923,13.7461786483937,TRUE,2017Q2,18,-6,2,0,0,0,0,1,1,1,0,-7
2017,2,2,15,female,22,22,0,492448.78785622,18569.0507463552,0.0377075773243183,1740,TRUE,region,Northeast,4.46746962171899,13.1071457501393,TRUE,2017Q2,18,-6,2,1,0,0,0,1,1,1,0,-7
2017,2,2,16,female,821,821,0,509276.86010437,17024.453916879,0.0334286814315303,1822,TRUE,region,Northeast,161.208973804886,13.1407470771348,TRUE,2017Q2,18,-6,2,0,0,0,0,1,1,1,0,-7
2017,2,2,17,female,1042,1042,0,516409.09788987,16048.1066215267,0.0310763437110264,1864,TRUE,region,Northeast,201.77800977128,13.1546545557117,TRUE,2017Q2,18,-6,2,0,0,0,0,1,1,1,0,-7
2017,2,2,18,female,1914,1913,1,510978.73468422,16545.6623880098,0.0323803345715254,1737,TRUE,region,Northeast,374.575274875741,13.1440832532205,TRUE,2017Q2,18,-6,2,0,0,0,0,1,1,1,0,-7
2017,2,2,19,female,2105,2104,1,491433.8248714,15885.9343513919,0.032325683637159,1644,TRUE,region,Northeast,428.338444255611,13.1050825703824,TRUE,2017Q2,18,-6,2,0,0,0,0,1,1,1,0,-7
2017,2,2,15,male,1,1,0,503608.40750758,16005.1511108818,0.0317809450205433,1891,TRUE,region,Northeast,0.198566978845552,13.1295542758255,TRUE,2017Q2,18,-6,2,1,0,0,0,1,1,1,0,-7
2017,2,2,16,male,32,32,0,519479.85779699,16129.8537164145,0.0310500079537597,1953,TRUE,region,Northeast,6.16000784625329,13.1605833164829,TRUE,2017Q2,18,-6,2,0,0,0,0,1,1,1,0,-7
2017,2,2,17,male,131,131,0,525263.57703609,15746.5650034786,0.02997840644564,1932,TRUE,region,Northeast,24.9398598583962,13.1716554670854,TRUE,2017Q2,18,-6,2,0,0,0,0,1,1,1,0,-7
2017,2,2,18,male,512,512,0,498498.02022828,15658.7167713671,0.0314117932989913,1855,TRUE,region,Northeast,102.708532275722,13.1193548969183,TRUE,2017Q2,18,-6,2,0,0,0,0,1,1,1,0,-7
2017,2,2,19,male,875,872,3,441583.12655302,14165.0099246582,0.0320777880152027,1680,TRUE,region,Northeast,198.150687239844,12.9981215634166,TRUE,2017Q2,18,-6,2,0,0,0,0,1,1,1,0,-7
2017,2,3,15,combined,10,10,0,1267195.00550656,40420.2814817639,0.0318974438078739,2148,TRUE,region,Southeast,0.789144524445352,14.0523163586729,TRUE,2017Q2,18,-6,2,1,0,0,0,1,1,1,0,-7
2017,2,3,16,combined,972,970,2,1316714.07639627,38923.5088727026,0.0295610942196599,2284,TRUE,region,Southeast,73.8201267400648,14.0906498549505,TRUE,2017Q2,18,-6,2,0,0,0,0,1,1,1,0,-7
2017,2,3,17,combined,1462,1461,1,1346125.59281,36636.3841980378,0.0272161709083625,2317,TRUE,region,Southeast,108.607993771823,14.1127410930137,TRUE,2017Q2,18,-6,2,0,0,0,0,1,1,1,0,-7
2017,2,3,18,combined,3504,3497,7,1371374.53236584,41612.1670619038,0.0303434007849892,2311,TRUE,region,Southeast,255.510067986682,14.1313241031232,TRUE,2017Q2,18,-6,2,0,0,0,0,1,1,1,0,-7
2017,2,3,19,combined,4978,4968,10,1349491.61246051,40611.4188575899,0.0300938653361051,2272,TRUE,region,Southeast,368.87965468149,14.1152384961267,TRUE,2017Q2,18,-6,2,0,0,0,0,1,1,1,0,-7
2017,2,3,15,female,10,10,0,626740.34714115,25755.9735094075,0.041095125959087,1069,TRUE,region,Southeast,1.59555708286766,13.3482876144518,TRUE,2017Q2,18,-6,2,1,0,0,0,1,1,1,0,-7
2017,2,3,16,female,937,935,2,651188.97879117,27789.2086062223,0.0426745683838332,1115,TRUE,region,Southeast,143.890641659721,13.3865551690665,TRUE,2017Q2,18,-6,2,0,0,0,0,1,1,1,0,-7
2017,2,3,17,female,1326,1325,1,654848.5039308,26155.3918783658,0.0399411340506471,1098,TRUE,region,Southeast,202.489582253077,13.3921591961566,TRUE,2017Q2,18,-6,2,0,0,0,0,1,1,1,0,-7
2017,2,3,18,female,2870,2865,5,653305.50687848,27372.7207907241,0.0418988061519825,1085,TRUE,region,Southeast,439.304424925633,13.389800150119,TRUE,2017Q2,18,-6,2,0,0,0,0,1,1,1,0,-7
2017,2,3,19,female,3635,3629,6,674161.03482999,26818.4445559665,0.0397804725731881,1084,TRUE,region,Southeast,539.188682258487,13.4212242854367,TRUE,2017Q2,18,-6,2,0,0,0,0,1,1,1,0,-7
2017,2,3,15,male,0,0,0,640454.65836541,30506.4885321745,0.0476325499919607,1079,TRUE,region,Southeast,0,13.3699336068145,TRUE,2017Q2,18,-6,2,1,0,0,0,1,1,1,0,-7
2017,2,3,16,male,35,35,0,665525.0976051,27357.8501359677,0.0411071652059633,1169,TRUE,region,Southeast,5.25900527657754,13.4083316285106,TRUE,2017Q2,18,-6,2,0,0,0,0,1,1,1,0,-7
2017,2,3,17,male,136,136,0,691277.0888792,25807.1220675224,0.0373325291445211,1219,TRUE,region,Southeast,19.6737317333203,13.4462960193029,TRUE,2017Q2,18,-6,2,0,0,0,0,1,1,1,0,-7
2017,2,3,18,male,634,632,2,718069.02548736,27813.3304008716,0.0387335052949742,1226,TRUE,region,Southeast,88.292347601221,13.4843209791859,TRUE,2017Q2,18,-6,2,0,0,0,0,1,1,1,0,-7
2017,2,3,19,male,1343,1339,4,675330.57763052,29720.8339267394,0.0440093117522067,1188,TRUE,region,Southeast,198.865569616599,13.4229575946067,TRUE,2017Q2,18,-6,2,0,0,0,0,1,1,1,0,-7
2017,2,4,15,combined,33,33,0,414998.68531557,13523.3527473535,0.032586495393522,1361,TRUE,region,South,7.95183241963921,12.9360306312935,TRUE,2017Q2,18,-6,2,1,0,0,0,1,1,1,0,-7
2017,2,4,16,combined,458,457,1,441818.84534561,14397.1630711867,0.0325861226220999,1405,TRUE,region,South,103.662395758998,12.9986552248882,TRUE,2017Q2,18,-6,2,0,0,0,0,1,1,1,0,-7
2017,2,4,17,combined,679,677,2,460602.92998549,14450.7024760152,0.0313734488759557,1468,TRUE,region,South,147.415475629169,13.0402916275849,TRUE,2017Q2,18,-6,2,0,0,0,0,1,1,1,0,-7
2017,2,4,18,combined,1257,1252,5,428050.87535363,13748.9061259288,0.0321197944393181,1359,TRUE,region,South,293.656682505682,12.9669973351484,TRUE,2017Q2,18,-6,2,0,0,0,0,1,1,1,0,-7
2017,2,4,19,combined,1636,1630,6,450439.03914335,15287.1996499667,0.0339384429889561,1413,TRUE,region,South,363.201201012986,13.0179780286574,TRUE,2017Q2,18,-6,2,0,0,0,0,1,1,1,0,-7
2017,2,4,15,female,30,30,0,202615.12521873,9169.8504214416,0.0452574821921238,661,TRUE,region,South,14.8063970878847,12.2190635235814,TRUE,2017Q2,18,-6,2,1,0,0,0,1,1,1,0,-7
2017,2,4,16,female,423,423,0,209247.09408818,10138.3125625715,0.048451390002573,669,TRUE,region,South,202.153344993045,12.2512711009826,TRUE,2017Q2,18,-6,2,0,0,0,0,1,1,1,0,-7
2017,2,4,17,female,591,591,0,226293.76315908,9808.45492116321,0.0433439030057053,708,TRUE,region,South,261.164952913236,12.3295892711848,TRUE,2017Q2,18,-6,2,0,0,0,0,1,1,1,0,-7
2017,2,4,18,female,981,978,3,201224.45970237,9255.66162929301,0.0459967026025713,637,TRUE,region,South,487.515285890687,12.2121762789161,TRUE,2017Q2,18,-6,2,0,0,0,0,1,1,1,0,-7
2017,2,4,19,female,1118,1115,3,221269.53180354,10663.8358702019,0.0481938737036333,673,TRUE,region,South,505.266129903798,12.3071368383118,TRUE,2017Q2,18,-6,2,0,0,0,0,1,1,1,0,-7
2017,2,4,15,male,3,3,0,212383.56009684,9653.4148581145,0.0454527405685866,700,TRUE,region,South,1.41253870997929,12.2661491646803,TRUE,2017Q2,18,-6,2,1,0,0,0,1,1,1,0,-7
2017,2,4,16,male,35,34,1,232571.75125743,10495.2284229503,0.0451268409263227,736,TRUE,region,South,15.0491191689308,12.3569540639589,TRUE,2017Q2,18,-6,2,0,0,0,0,1,1,1,0,-7
2017,2,4,17,male,88,86,2,234309.16682641,10272.0027788548,0.0438395258622761,760,TRUE,region,South,37.5572160457536,12.364396748043,TRUE,2017Q2,18,-6,2,0,0,0,0,1,1,1,0,-7
2017,2,4,18,male,276,274,2,226826.41565126,10024.7206967,0.0441955610325066,722,TRUE,region,South,121.678949608913,12.331940315179,TRUE,2017Q2,18,-6,2,0,0,0,0,1,1,1,0,-7
2017,2,4,19,male,518,515,3,229169.50733981,10096.1477391186,0.0440553713114552,740,TRUE,region,South,226.033561800138,12.3422172154426,TRUE,2017Q2,18,-6,2,0,0,0,0,1,1,1,0,-7
2017,2,5,15,combined,11,11,0,238720.16526913,10073.3955441812,0.0421975057399303,859,TRUE,region,Central-West,4.6079056570687,12.383047288311,TRUE,2017Q2,18,-6,2,1,0,0,0,1,1,1,0,-7
2017,2,5,16,combined,340,340,0,251627.10741491,9862.00327391574,0.0391929286762185,890,TRUE,region,Central-West,135.120577227545,12.4357035381277,TRUE,2017Q2,18,-6,2,0,0,0,0,1,1,1,0,-7
2017,2,5,17,combined,403,403,0,246784.53287904,9944.44746895208,0.0402960726628127,887,TRUE,region,Central-West,163.300347594121,12.4162708983811,TRUE,2017Q2,18,-6,2,0,0,0,0,1,1,1,0,-7
2017,2,5,18,combined,901,900,1,254249.6240804,9861.50431250105,0.0387867016447686,893,TRUE,region,Central-West,354.376138513024,12.4460718353665,TRUE,2017Q2,18,-6,2,0,0,0,0,1,1,1,0,-7
2017,2,5,19,combined,1128,1127,1,245877.38568961,9713.78194654348,0.0395066098466084,871,TRUE,region,Central-West,458.765248717896,12.4125882584998,TRUE,2017Q2,18,-6,2,0,0,0,0,1,1,1,0,-7
2017,2,5,15,female,9,9,0,116908.30116578,6744.43411980749,0.0576899506070459,421,TRUE,region,Central-West,7.69834127282176,11.6691451557669,TRUE,2017Q2,18,-6,2,1,0,0,0,1,1,1,0,-7
2017,2,5,16,female,324,324,0,121106.71221418,6526.08199800043,0.0538870379575569,425,TRUE,region,Central-West,267.532652878066,11.7044273550422,TRUE,2017Q2,18,-6,2,0,0,0,0,1,1,1,0,-7
2017,2,5,17,female,342,342,0,120686.58924561,6937.66447263784,0.057484965943639,419,TRUE,region,Central-West,283.378627350214,11.700952292757,TRUE,2017Q2,18,-6,2,0,0,0,0,1,1,1,0,-7
2017,2,5,18,female,710,709,1,128292.8994681,7524.35589967232,0.0586498234186628,434,TRUE,region,Central-West,553.421119129466,11.7620712058774,TRUE,2017Q2,18,-6,2,0,0,0,0,1,1,1,0,-7
2017,2,5,19,female,782,781,1,126553.93564234,7154.20614303565,0.0565308862717196,419,TRUE,region,Central-West,617.91835712644,11.7484238649946,TRUE,2017Q2,18,-6,2,0,0,0,0,1,1,1,0,-7
2017,2,5,15,male,2,2,0,121811.86410335,7479.91556490194,0.0614054765515753,438,TRUE,region,Central-West,1.64187619549367,11.7102330359457,TRUE,2017Q2,18,-6,2,1,0,0,0,1,1,1,0,-7
2017,2,5,16,male,16,16,0,130520.39520073,7185.30010613852,0.0550511672531186,465,TRUE,region,Central-West,12.2586205591803,11.7792847785967,TRUE,2017Q2,18,-6,2,0,0,0,0,1,1,1,0,-7
2017,2,5,17,male,61,61,0,126097.94363343,7076.92286046499,0.0561224287767752,468,TRUE,region,Central-West,48.3750949796046,11.7448142143928,TRUE,2017Q2,18,-6,2,0,0,0,0,1,1,1,0,-7
2017,2,5,18,male,191,191,0,125956.7246123,7100.36068295413,0.0563714299876353,459,TRUE,region,Central-West,151.639382961018,11.7436936714813,TRUE,2017Q2,18,-6,2,0,0,0,0,1,1,1,0,-7
2017,2,5,19,male,346,346,0,119323.45004727,6485.33470518072,0.054350881596296,452,TRUE,region,Central-West,289.968149481876,11.689593152452,TRUE,2017Q2,18,-6,2,0,0,0,0,1,1,1,0,-7
2017,3,1,15,combined,9,9,0,327476.77496055,11941.7415208683,0.0364659189107589,1542,TRUE,region,North,2.74828650095391,12.6991724153918,TRUE,2017Q3,19,-5,3,1,0,0,0,1,1,1,0,-6
2017,3,1,16,combined,340,340,0,330310.10722541,11665.5954442535,0.0353171010788738,1619,TRUE,region,North,102.933574408602,12.7077872110482,TRUE,2017Q3,19,-5,3,0,0,0,0,1,1,1,0,-6
2017,3,1,17,combined,476,476,0,364063.55536621,12886.5624622471,0.0353964638105139,1685,TRUE,region,North,130.746402100368,12.805083734032,TRUE,2017Q3,19,-5,3,0,0,0,0,1,1,1,0,-6
2017,3,1,18,combined,983,982,1,326583.46393983,11753.9958839079,0.0359907869863045,1549,TRUE,region,North,300.995031451166,12.6964408273115,TRUE,2017Q3,19,-5,3,0,0,0,0,1,1,1,0,-6
2017,3,1,19,combined,1156,1155,1,306700.51680142,10898.8835262091,0.0355359151000904,1471,TRUE,region,North,376.914917541035,12.6336270351398,TRUE,2017Q3,19,-5,3,0,0,0,0,1,1,1,0,-6
2017,3,1,15,female,9,9,0,150999.35531185,7351.89763108423,0.0486882716545431,731,TRUE,region,North,5.96029034787124,11.92503084633,TRUE,2017Q3,19,-5,3,1,0,0,0,1,1,1,0,-6
2017,3,1,16,female,331,331,0,157336.28563388,7865.88400237096,0.0499940873186418,762,TRUE,region,North,210.377408279635,11.9661407403456,TRUE,2017Q3,19,-5,3,0,0,0,0,1,1,1,0,-6
2017,3,1,17,female,439,439,0,179750.37287832,8179.36029676643,0.0455039962687774,814,TRUE,region,North,244.227587943406,12.0993243500085,TRUE,2017Q3,19,-5,3,0,0,0,0,1,1,1,0,-6
2017,3,1,18,female,782,782,0,161062.40468106,7695.65416954644,0.0477805741494148,757,TRUE,region,North,485.526092540675,11.9895471755812,TRUE,2017Q3,19,-5,3,0,0,0,0,1,1,1,0,-6
2017,3,1,19,female,816,815,1,145133.32548598,7015.24771409569,0.0483365739095765,681,TRUE,region,North,562.241647304379,11.8854080850445,TRUE,2017Q3,19,-5,3,0,0,0,0,1,1,1,0,-6
2017,3,1,15,male,0,0,0,176477.4196487,8542.75014441261,0.0484070435833548,811,TRUE,region,North,0,12.0809482131695,TRUE,2017Q3,19,-5,3,1,0,0,0,1,1,1,0,-6
2017,3,1,16,male,9,9,0,172973.82159153,7830.45384373919,0.0452695891880707,857,TRUE,region,North,5.20309947319838,12.0608955417497,TRUE,2017Q3,19,-5,3,0,0,0,0,1,1,1,0,-6
2017,3,1,17,male,37,37,0,184313.18248789,9183.75153652759,0.0498268838536874,871,TRUE,region,North,20.0745272261961,12.1243916684352,TRUE,2017Q3,19,-5,3,0,0,0,0,1,1,1,0,-6
2017,3,1,18,male,201,200,1,165521.05925877,7834.41096143665,0.0473318077863953,792,TRUE,region,North,121.434698944117,12.0168537119807,TRUE,2017Q3,19,-5,3,0,0,0,0,1,1,1,0,-6
2017,3,1,19,male,340,340,0,161567.19131544,8053.84822903261,0.0498482901352693,790,TRUE,region,North,210.43876373155,11.9926763804188,TRUE,2017Q3,19,-5,3,0,0,0,0,1,1,1,0,-6
2017,3,2,15,combined,14,14,0,990341.19641416,24811.8753824556,0.0250538657508087,3524,TRUE,region,Northeast,1.41365420833662,13.8058048055777,TRUE,2017Q3,19,-5,3,1,0,0,0,1,1,1,0,-6
2017,3,2,16,combined,836,836,0,998503.66683078,21988.1674343918,0.0220211183642235,3672,TRUE,region,Northeast,83.7252809149353,13.8140131041706,TRUE,2017Q3,19,-5,3,0,0,0,0,1,1,1,0,-6
2017,3,2,17,combined,1204,1204,0,1018807.26633394,23291.6879343112,0.022861721450146,3716,TRUE,region,Northeast,118.177406049768,13.8341431543097,TRUE,2017Q3,19,-5,3,0,0,0,0,1,1,1,0,-6
2017,3,2,18,combined,2526,2526,0,994783.23147162,23692.2418162722,0.0238164869156704,3559,TRUE,region,Northeast,253.924666207249,13.8102801345888,TRUE,2017Q3,19,-5,3,0,0,0,0,1,1,1,0,-6
2017,3,2,19,combined,3221,3217,4,946512.64109996,23071.668321974,0.0243754465816347,3336,TRUE,region,Northeast,340.301847026239,13.7605396051683,TRUE,2017Q3,19,-5,3,0,0,0,0,1,1,1,0,-6
2017,3,2,15,female,14,14,0,488826.40816541,18279.0625567432,0.0373937705725545,1695,TRUE,region,Northeast,2.86400238737975,13.0997627119051,TRUE,2017Q3,19,-5,3,1,0,0,0,1,1,1,0,-6
2017,3,2,16,female,809,809,0,484036.87336246,15765.109725155,0.0325700594164232,1730,TRUE,region,Northeast,167.13602713366,13.0899163674301,TRUE,2017Q3,19,-5,3,0,0,0,0,1,1,1,0,-6
2017,3,2,17,female,1059,1059,0,527500.87858844,16614.5192713252,0.0314966665378542,1848,TRUE,region,Northeast,200.757959462327,13.1759058099015,TRUE,2017Q3,19,-5,3,0,0,0,0,1,1,1,0,-6
2017,3,2,18,female,2010,2010,0,503531.96844103,16556.7256414141,0.0328811806977716,1723,TRUE,region,Northeast,399.18021614856,13.1294024815602,TRUE,2017Q3,19,-5,3,0,0,0,0,1,1,1,0,-6
2017,3,2,19,female,2262,2260,2,486610.2907895,15787.7675575423,0.0324443766528806,1644,TRUE,region,Northeast,464.848368975104,13.0952188574629,TRUE,2017Q3,19,-5,3,0,0,0,0,1,1,1,0,-6
2017,3,2,15,male,0,0,0,501514.78824875,15837.0559593637,0.031578442611165,1829,TRUE,region,Northeast,0,13.1253883739828,TRUE,2017Q3,19,-5,3,1,0,0,0,1,1,1,0,-6
2017,3,2,16,male,27,27,0,514466.79346832,15302.4158247147,0.0297442245427586,1942,TRUE,region,Northeast,5.24815213397492,13.1508862908096,TRUE,2017Q3,19,-5,3,0,0,0,0,1,1,1,0,-6
2017,3,2,17,male,145,145,0,491306.3877455,15135.234987793,0.0308061025976995,1868,TRUE,region,Northeast,29.5131517962496,13.1048232197932,TRUE,2017Q3,19,-5,3,0,0,0,0,1,1,1,0,-6
2017,3,2,18,male,516,516,0,491251.26303059,15340.7221135584,0.031227852767074,1836,TRUE,region,Northeast,105.037897880757,13.1047110132169,TRUE,2017Q3,19,-5,3,0,0,0,0,1,1,1,0,-6
2017,3,2,19,male,959,957,2,459902.35031046,15432.8208405452,0.0335567340113117,1692,TRUE,region,Northeast,208.522526434714,13.0387694639965,TRUE,2017Q3,19,-5,3,0,0,0,0,1,1,1,0,-6
2017,3,3,15,combined,14,14,0,1271558.61926033,37091.648271276,0.0291702228347541,2187,TRUE,region,Southeast,1.1010109788052,14.0557539652278,TRUE,2017Q3,19,-5,3,1,0,0,0,1,1,1,0,-6
2017,3,3,16,combined,991,991,0,1279851.44471287,45247.499257615,0.0353537119050298,2197,TRUE,region,Southeast,77.4308615342718,14.0622545703424,TRUE,2017Q3,19,-5,3,0,0,0,0,1,1,1,0,-6
2017,3,3,17,combined,1559,1558,1,1365184.10950891,39471.0158165729,0.0289125954086673,2361,TRUE,region,Southeast,114.197051455632,14.126799856267,TRUE,2017Q3,19,-5,3,0,0,0,0,1,1,1,0,-6
2017,3,3,18,combined,4069,4063,6,1355806.7737347,39592.2608687981,0.0292019937027881,2246,TRUE,region,Southeast,300.116512089075,14.119907240083,TRUE,2017Q3,19,-5,3,0,0,0,0,1,1,1,0,-6
2017,3,3,19,combined,5445,5428,17,1379749.16004373,39754.0201232875,0.0288124981514956,2299,TRUE,region,Southeast,394.636949793644,14.1374122725273,TRUE,2017Q3,19,-5,3,0,0,0,0,1,1,1,0,-6
2017,3,3,15,female,14,14,0,619802.80678621,24435.333025062,0.0394243665203191,1081,TRUE,region,Southeast,2.25878293010523,13.3371566528609,TRUE,2017Q3,19,-5,3,1,0,0,0,1,1,1,0,-6
2017,3,3,16,female,961,961,0,617793.72863781,27275.4185987874,0.0441497175099652,1070,TRUE,region,Southeast,155.553537605332,13.3339099082947,TRUE,2017Q3,19,-5,3,0,0,0,0,1,1,1,0,-6
2017,3,3,17,female,1432,1432,0,689677.66482274,26488.5200730804,0.0384071014970282,1171,TRUE,region,Southeast,207.633228251353,13.4439796149929,TRUE,2017Q3,19,-5,3,0,0,0,0,1,1,1,0,-6
2017,3,3,18,female,3330,3327,3,653748.72420454,27197.4687533716,0.0416023278461685,1047,TRUE,region,Southeast,509.370018894008,13.3904783428558,TRUE,2017Q3,19,-5,3,0,0,0,0,1,1,1,0,-6
2017,3,3,19,female,3947,3933,14,709023.99587157,29757.5399122137,0.0419697218789248,1123,TRUE,region,Southeast,556.680736192594,13.4716446496123,TRUE,2017Q3,19,-5,3,0,0,0,0,1,1,1,0,-6
2017,3,3,15,male,0,0,0,651755.81247412,27637.8644108603,0.0424052442370167,1106,TRUE,region,Southeast,0,13.3874252500132,TRUE,2017Q3,19,-5,3,1,0,0,0,1,1,1,0,-6
2017,3,3,16,male,30,30,0,662057.71607506,36259.5744885125,0.0547679962156073,1127,TRUE,region,Southeast,4.53132699334008,13.4031080155222,TRUE,2017Q3,19,-5,3,0,0,0,0,1,1,1,0,-6
2017,3,3,17,male,127,126,1,675506.44468617,26473.951219799,0.0391912637222853,1190,TRUE,region,Southeast,18.8007088605946,13.423217976953,TRUE,2017Q3,19,-5,3,0,0,0,0,1,1,1,0,-6
2017,3,3,18,male,739,736,3,702058.04953016,26992.9286626142,0.0384482859795977,1199,TRUE,region,Southeast,105.261950987466,13.4617713712276,TRUE,2017Q3,19,-5,3,0,0,0,0,1,1,1,0,-6
2017,3,3,19,male,1498,1495,3,670725.16417216,26308.2338856278,0.0392235677009354,1176,TRUE,region,Southeast,223.340360555713,13.4161147406507,TRUE,2017Q3,19,-5,3,0,0,0,0,1,1,1,0,-6
2017,3,4,15,combined,26,26,0,415506.6655684,13457.9279415763,0.032389198674265,1331,TRUE,region,South,6.25742067565458,12.9372539354315,TRUE,2017Q3,19,-5,3,1,0,0,0,1,1,1,0,-6
2017,3,4,16,combined,454,453,1,417301.166607,13288.2142244899,0.0318432232829205,1352,TRUE,region,South,108.794328012881,12.9415634621832,TRUE,2017Q3,19,-5,3,0,0,0,0,1,1,1,0,-6
2017,3,4,17,combined,629,628,1,455088.52344981,14123.836696268,0.031035361184681,1450,TRUE,region,South,138.21486756727,13.0282472360419,TRUE,2017Q3,19,-5,3,0,0,0,0,1,1,1,0,-6
2017,3,4,18,combined,1307,1305,2,469112.79667424,14742.9806645991,0.0314273683624044,1445,TRUE,region,South,278.611031134928,13.0585985231477,TRUE,2017Q3,19,-5,3,0,0,0,0,1,1,1,0,-6
2017,3,4,19,combined,1663,1655,8,422366.2205656,14299.7150851478,0.0338561996411521,1328,TRUE,region,South,393.734138533389,12.9536280379245,TRUE,2017Q3,19,-5,3,0,0,0,0,1,1,1,0,-6
2017,3,4,15,female,24,24,0,207426.61510299,9105.674296921,0.0438982928608266,667,TRUE,region,South,11.5703570576436,12.2425328939454,TRUE,2017Q3,19,-5,3,1,0,0,0,1,1,1,0,-6
2017,3,4,16,female,427,427,0,203228.40391613,9573.63310196759,0.0471077512664938,658,TRUE,region,South,210.108425678636,12.2220857679695,TRUE,2017Q3,19,-5,3,0,0,0,0,1,1,1,0,-6
2017,3,4,17,female,549,549,0,215358.2331226,9685.8811909898,0.0449756717008157,679,TRUE,region,South,254.924082557579,12.2800581211079,TRUE,2017Q3,19,-5,3,0,0,0,0,1,1,1,0,-6
2017,3,4,18,female,1022,1021,1,220541.65788294,10305.9401061753,0.0467301289248742,667,TRUE,region,South,463.404514961278,12.3038418806642,TRUE,2017Q3,19,-5,3,0,0,0,0,1,1,1,0,-6
2017,3,4,19,female,1122,1119,3,200401.41423574,9975.15392332134,0.0497758659107424,613,TRUE,region,South,559.876288437839,12.2080777052325,TRUE,2017Q3,19,-5,3,0,0,0,0,1,1,1,0,-6
2017,3,4,15,male,2,2,0,208080.05046541,9791.66202921349,0.0470571878818397,664,TRUE,region,South,0.961168548126851,12.2456781426514,TRUE,2017Q3,19,-5,3,1,0,0,0,1,1,1,0,-6
2017,3,4,16,male,27,26,1,214072.76269087,9378.82494720429,0.0438113883770805,694,TRUE,region,South,12.6125340097512,12.274071248787,TRUE,2017Q3,19,-5,3,0,0,0,0,1,1,1,0,-6
2017,3,4,17,male,80,79,1,239730.29032721,10260.7871251877,0.0428013794634908,771,TRUE,region,South,33.3708351542925,12.387269780095,TRUE,2017Q3,19,-5,3,0,0,0,0,1,1,1,0,-6
2017,3,4,18,male,285,284,1,248571.1387913,10190.6892567671,0.0409970735392704,778,TRUE,region,South,114.6553060769,12.4234843563526,TRUE,2017Q3,19,-5,3,0,0,0,0,1,1,1,0,-6
2017,3,4,19,male,541,536,5,221964.80632986,9559.21913374162,0.0430663729615574,715,TRUE,region,South,243.732332591512,12.3102741182415,TRUE,2017Q3,19,-5,3,0,0,0,0,1,1,1,0,-6
2017,3,5,15,combined,7,7,0,252486.80495215,10323.4857594683,0.0408872287857767,887,TRUE,region,Central-West,2.77242210789059,12.4391142687168,TRUE,2017Q3,19,-5,3,1,0,0,0,1,1,1,0,-6
2017,3,5,16,combined,337,337,0,259092.29400791,10639.2015438464,0.041063365410326,913,TRUE,region,Central-West,130.069480179025,12.4649396247259,TRUE,2017Q3,19,-5,3,0,0,0,0,1,1,1,0,-6
2017,3,5,17,combined,432,431,1,255202.97008859,10126.5417935821,0.0396803445902954,889,TRUE,region,Central-West,169.277026772078,12.4498144686632,TRUE,2017Q3,19,-5,3,0,0,0,0,1,1,1,0,-6
2017,3,5,18,combined,1052,1051,1,253436.50130586,10154.7733332215,0.0400683140782716,887,TRUE,region,Central-West,415.094114138828,12.4428685826907,TRUE,2017Q3,19,-5,3,0,0,0,0,1,1,1,0,-6
2017,3,5,19,combined,1276,1275,1,255617.5491343,10294.1897782377,0.0402718428883347,892,TRUE,region,Central-West,499.183254170705,12.4514376577135,TRUE,2017Q3,19,-5,3,0,0,0,0,1,1,1,0,-6
2017,3,5,15,female,7,7,0,123812.04700958,7012.38374517223,0.0566373298442408,440,TRUE,region,Central-West,5.65373093254679,11.7265199447534,TRUE,2017Q3,19,-5,3,1,0,0,0,1,1,1,0,-6
2017,3,5,16,female,324,324,0,123989.89816933,6810.18598561937,0.0549253292902851,433,TRUE,region,Central-West,261.311610690672,11.7279553748922,TRUE,2017Q3,19,-5,3,0,0,0,0,1,1,1,0,-6
2017,3,5,17,female,386,385,1,127546.35442088,6985.77412048141,0.0547704726818739,424,TRUE,region,Central-West,302.635070796512,11.7562351415925,TRUE,2017Q3,19,-5,3,0,0,0,0,1,1,1,0,-6
2017,3,5,18,female,849,848,1,128212.79993582,7000.31358426852,0.0545991787697695,441,TRUE,region,Central-West,662.180375457823,11.7614466619778,TRUE,2017Q3,19,-5,3,0,0,0,0,1,1,1,0,-6
2017,3,5,19,female,885,884,1,130209.86637494,7531.38028206211,0.0578403195682227,423,TRUE,region,Central-West,679.671997705334,11.7769027844949,TRUE,2017Q3,19,-5,3,0,0,0,0,1,1,1,0,-6
2017,3,5,15,male,0,0,0,128674.75794257,7497.82203693669,0.0582695639519533,447,TRUE,region,Central-West,0,11.7650432433657,TRUE,2017Q3,19,-5,3,1,0,0,0,1,1,1,0,-6
2017,3,5,16,male,13,13,0,135102.39583858,7534.09796321536,0.055765835361033,480,TRUE,region,Central-West,9.62233120982722,11.8137882576073,TRUE,2017Q3,19,-5,3,0,0,0,0,1,1,1,0,-6
2017,3,5,17,male,46,46,0,127656.61566771,6813.69782123972,0.0533752033578562,465,TRUE,region,Central-West,36.0341685069718,11.7570992479441,TRUE,2017Q3,19,-5,3,0,0,0,0,1,1,1,0,-6
2017,3,5,18,male,203,203,0,125223.70137004,7230.51179045267,0.0577407608251914,446,TRUE,region,Central-West,162.109886370575,11.737857027799,TRUE,2017Q3,19,-5,3,0,0,0,0,1,1,1,0,-6
2017,3,5,19,male,391,391,0,125407.68275936,7020.86478214921,0.0559843274962769,469,TRUE,region,Central-West,311.783131142192,11.7393251713279,TRUE,2017Q3,19,-5,3,0,0,0,0,1,1,1,0,-6
2017,4,1,15,combined,18,18,0,326041.99716088,12319.0585378625,0.0377836556184015,1539,TRUE,region,North,5.52076117700819,12.6947814776984,TRUE,2017Q4,20,-4,4,1,0,0,0,1,1,1,0,-5
2017,4,1,16,combined,385,384,1,322546.3151267,11568.9137828742,0.0358674498523718,1518,TRUE,region,North,119.362702949735,12.6840020177026,TRUE,2017Q4,20,-4,4,0,0,0,0,1,1,1,0,-5
2017,4,1,17,combined,499,499,0,354391.15491593,13733.2502616807,0.0387516733168425,1626,TRUE,region,North,140.804868597348,12.7781565394894,TRUE,2017Q4,20,-4,4,0,0,0,0,1,1,1,0,-5
2017,4,1,18,combined,1042,1042,0,351971.20679994,13274.2053534464,0.0377138956170113,1560,TRUE,region,North,296.046943576345,12.7713046523707,TRUE,2017Q4,20,-4,4,0,0,0,0,1,1,1,0,-5
2017,4,1,19,combined,1320,1320,0,326026.822415,13109.8130028238,0.0402108418740356,1486,TRUE,region,North,404.874663447098,12.6947349343109,TRUE,2017Q4,20,-4,4,0,0,0,0,1,1,1,0,-5
2017,4,1,15,female,17,17,0,150068.91723353,7507.25636736332,0.0500253917050717,714,TRUE,region,North,11.3281286447515,11.9188499157879,TRUE,2017Q4,20,-4,4,1,0,0,0,1,1,1,0,-5
2017,4,1,16,female,368,368,0,156665.83792941,7598.78765076795,0.0485031564711114,745,TRUE,region,North,234.894859570988,11.9618703951919,TRUE,2017Q4,20,-4,4,0,0,0,0,1,1,1,0,-5
2017,4,1,17,female,452,452,0,177586.97363098,8963.57915657728,0.0504743054814556,783,TRUE,region,North,254.52317293229,12.0872157601778,TRUE,2017Q4,20,-4,4,0,0,0,0,1,1,1,0,-5
2017,4,1,18,female,841,841,0,171931.47603849,9333.3583159116,0.0542853381531033,730,TRUE,region,North,489.148362695221,12.0548512812901,TRUE,2017Q4,20,-4,4,0,0,0,0,1,1,1,0,-5
2017,4,1,19,female,938,938,0,166705.59044956,8769.46566354333,0.0526045085824323,726,TRUE,region,North,562.668592859104,12.0239846041667,TRUE,2017Q4,20,-4,4,0,0,0,0,1,1,1,0,-5
2017,4,1,15,male,1,1,0,175973.07992735,8798.19181323791,0.0499973735577636,825,TRUE,region,North,0.568268737702862,12.0780863073632,TRUE,2017Q4,20,-4,4,1,0,0,0,1,1,1,0,-5
2017,4,1,16,male,17,16,1,165880.47719729,8019.37776306874,0.0483443133186245,773,TRUE,region,North,10.248342835294,12.0190227911182,TRUE,2017Q4,20,-4,4,0,0,0,0,1,1,1,0,-5
2017,4,1,17,male,47,47,0,176804.18128495,8948.7430443881,0.0506138654603744,843,TRUE,region,North,26.5830817226271,12.0827980787078,TRUE,2017Q4,20,-4,4,0,0,0,0,1,1,1,0,-5
2017,4,1,18,male,201,201,0,180039.73076145,8655.65372501388,0.0480763534160274,830,TRUE,region,North,111.642024318689,12.1009328319684,TRUE,2017Q4,20,-4,4,0,0,0,0,1,1,1,0,-5
2017,4,1,19,male,382,382,0,159321.23196544,8107.96171496393,0.0508906541516244,760,TRUE,region,North,239.767164292869,11.9786777699134,TRUE,2017Q4,20,-4,4,0,0,0,0,1,1,1,0,-5
2017,4,2,15,combined,31,31,0,978364.24749333,24608.4800695144,0.0251526771675926,3468,TRUE,region,Northeast,3.168554051257,13.7936373208777,TRUE,2017Q4,20,-4,4,1,0,0,0,1,1,1,0,-5
2017,4,2,16,combined,1126,1126,0,1004027.8814097,25367.1501549634,0.025265384183701,3580,TRUE,region,Northeast,112.148280027746,13.8195303491766,TRUE,2017Q4,20,-4,4,0,0,0,0,1,1,1,0,-5
2017,4,2,17,combined,1591,1589,2,1016135.67346318,23046.7118089457,0.0226807427500288,3678,TRUE,region,Northeast,156.573579842697,13.8315174350785,TRUE,2017Q4,20,-4,4,0,0,0,0,1,1,1,0,-5
2017,4,2,18,combined,3266,3266,0,1007297.57173125,23596.5181830117,0.0234255684171423,3491,TRUE,region,Northeast,324.233880002977,13.822781631257,TRUE,2017Q4,20,-4,4,0,0,0,0,1,1,1,0,-5
2017,4,2,19,combined,4125,4121,4,905429.75492182,24250.5332263646,0.026783450725516,3219,TRUE,region,Northeast,455.584762658499,13.7161649772852,TRUE,2017Q4,20,-4,4,0,0,0,0,1,1,1,0,-5
2017,4,2,15,female,30,30,0,481132.94822095,18047.5919654561,0.0375106132976121,1679,TRUE,region,Northeast,6.23528280715939,13.0838989105243,TRUE,2017Q4,20,-4,4,1,0,0,0,1,1,1,0,-5
2017,4,2,16,female,1074,1074,0,498331.35530386,19228.4269652107,0.0385856253285248,1710,TRUE,region,Northeast,215.519250107215,13.119020506841,TRUE,2017Q4,20,-4,4,0,0,0,0,1,1,1,0,-5
2017,4,2,17,female,1432,1432,0,518992.0262148,17569.9427772929,0.0338539744154393,1787,TRUE,region,Northeast,275.919460737018,13.159643798282,TRUE,2017Q4,20,-4,4,0,0,0,0,1,1,1,0,-5
2017,4,2,18,female,2593,2593,0,506713.12905885,16725.7307304925,0.0330082837236885,1713,TRUE,region,Northeast,511.72938913506,13.1357003020398,TRUE,2017Q4,20,-4,4,0,0,0,0,1,1,1,0,-5
2017,4,2,19,female,2913,2911,2,441348.01541699,14457.9408538644,0.0327585949156345,1558,TRUE,region,Northeast,660.023359853056,12.9975889938188,TRUE,2017Q4,20,-4,4,0,0,0,0,1,1,1,0,-5
2017,4,2,15,male,1,1,0,497231.29927238,15433.9045634447,0.0310396883422861,1789,TRUE,region,Northeast,0.201113647001575,13.1168105877081,TRUE,2017Q4,20,-4,4,1,0,0,0,1,1,1,0,-5
2017,4,2,16,male,52,52,0,505696.52610584,14636.5973757426,0.0289434406213011,1870,TRUE,region,Northeast,10.282846987388,13.1336920175682,TRUE,2017Q4,20,-4,4,0,0,0,0,1,1,1,0,-5
2017,4,2,17,male,159,157,2,497143.64724838,14536.5216461903,0.0292400832770324,1891,TRUE,region,Northeast,31.9827077908051,13.1166342919868,TRUE,2017Q4,20,-4,4,0,0,0,0,1,1,1,0,-5
2017,4,2,18,male,673,673,0,500584.4426724,16406.2903331745,0.0327742713009387,1778,TRUE,region,Northeast,134.44285172091,13.1235315801345,TRUE,2017Q4,20,-4,4,0,0,0,0,1,1,1,0,-5
2017,4,2,19,male,1212,1210,2,464081.73950483,16706.0531822596,0.0359980834412593,1661,TRUE,region,Northeast,261.160889737483,13.0478159784195,TRUE,2017Q4,20,-4,4,0,0,0,0,1,1,1,0,-5
2017,4,3,15,combined,14,14,0,1235499.80264784,35013.107697602,0.028339225649866,2145,TRUE,region,Southeast,1.13314465692315,14.0269861446761,TRUE,2017Q4,20,-4,4,1,0,0,0,1,1,1,0,-5
2017,4,3,16,combined,1113,1113,0,1260215.92488088,41696.2363410814,0.0330865810515945,2131,TRUE,region,Southeast,88.3181983361466,14.0467936331988,TRUE,2017Q4,20,-4,4,0,0,0,0,1,1,1,0,-5
2017,4,3,17,combined,1849,1848,1,1360772.77480104,42579.4384998311,0.0312906308006175,2314,TRUE,region,Southeast,135.878673812411,14.1235633131037,TRUE,2017Q4,20,-4,4,0,0,0,0,1,1,1,0,-5
2017,4,3,18,combined,4762,4751,11,1379804.99179168,39434.1810268535,0.0285795320798544,2293,TRUE,region,Southeast,345.12123295166,14.1374527368523,TRUE,2017Q4,20,-4,4,0,0,0,0,1,1,1,0,-5
2017,4,3,19,combined,6540,6526,14,1365040.16618951,42793.0444545709,0.0313492932402327,2218,TRUE,region,Southeast,479.106781030211,14.1266944119481,TRUE,2017Q4,20,-4,4,0,0,0,0,1,1,1,0,-5
2017,4,3,15,female,14,14,0,604709.94773322,23501.6235967304,0.0388642913595637,1044,TRUE,region,Southeast,2.31515953267837,13.3125041968176,TRUE,2017Q4,20,-4,4,1,0,0,0,1,1,1,0,-5
2017,4,3,16,female,1086,1086,0,599484.34159228,25331.1510164767,0.0422549001850408,1037,TRUE,region,Southeast,181.15569075841,13.3038251339965,TRUE,2017Q4,20,-4,4,0,0,0,0,1,1,1,0,-5
2017,4,3,17,female,1714,1713,1,681275.895095,27300.7399930817,0.0400729575046461,1141,TRUE,region,Southeast,251.586767173231,13.4317226353858,TRUE,2017Q4,20,-4,4,0,0,0,0,1,1,1,0,-5
2017,4,3,18,female,3904,3898,6,664313.3922691,27499.9642001704,0.0413960707705118,1076,TRUE,region,Southeast,587.674438816457,13.4065092934217,TRUE,2017Q4,20,-4,4,0,0,0,0,1,1,1,0,-5
2017,4,3,19,female,4771,4764,7,696347.06191415,30198.5123855863,0.0433670421507564,1061,TRUE,region,Southeast,685.146855776954,13.4536034672064,TRUE,2017Q4,20,-4,4,0,0,0,0,1,1,1,0,-5
2017,4,3,15,male,0,0,0,630789.85491462,25420.1007992717,0.0402988421599019,1101,TRUE,region,Southeast,0,13.3547280510543,TRUE,2017Q4,20,-4,4,1,0,0,0,1,1,1,0,-5
2017,4,3,16,male,27,27,0,660731.5832886,31368.7564385154,0.0474757938501843,1094,TRUE,region,Southeast,4.08637950461144,13.4011029596431,TRUE,2017Q4,20,-4,4,0,0,0,0,1,1,1,0,-5
2017,4,3,17,male,135,135,0,679496.87970604,30832.7692233107,0.0453758805141967,1173,TRUE,region,Southeast,19.8676409019572,13.4291079205187,TRUE,2017Q4,20,-4,4,0,0,0,0,1,1,1,0,-5
2017,4,3,18,male,858,853,5,715491.59952258,26790.3242781252,0.0374432408374904,1217,TRUE,region,Southeast,119.917550474738,13.4807251372005,TRUE,2017Q4,20,-4,4,0,0,0,0,1,1,1,0,-5
2017,4,3,19,male,1769,1762,7,668693.10427536,27084.0247349522,0.0405029221354125,1157,TRUE,region,Southeast,264.545871445318,13.413080495854,TRUE,2017Q4,20,-4,4,0,0,0,0,1,1,1,0,-5
2017,4,4,15,combined,31,31,0,437885.27474555,14972.3814198982,0.034192475251876,1353,TRUE,region,South,7.07947989756306,12.9897122252443,TRUE,2017Q4,20,-4,4,1,0,0,0,1,1,1,0,-5
2017,4,4,16,combined,592,591,1,413035.55369555,13636.1814369479,0.0330145463627549,1293,TRUE,region,South,143.329065670789,12.9312889546679,TRUE,2017Q4,20,-4,4,0,0,0,0,1,1,1,0,-5
2017,4,4,17,combined,786,783,3,459818.65169003,14883.5471198009,0.0323682979476745,1389,TRUE,region,South,170.936954625723,13.0385874552776,TRUE,2017Q4,20,-4,4,0,0,0,0,1,1,1,0,-5
2017,4,4,18,combined,1786,1780,6,469953.66766692,14629.2881043825,0.0311292136031398,1442,TRUE,region,South,380.03746387736,13.0603893893949,TRUE,2017Q4,20,-4,4,0,0,0,0,1,1,1,0,-5
2017,4,4,19,combined,2112,2107,5,445968.12624171,14123.1564414978,0.0316685332660819,1353,TRUE,region,South,473.576445428595,13.0080027626226,TRUE,2017Q4,20,-4,4,0,0,0,0,1,1,1,0,-5
2017,4,4,15,female,27,27,0,214756.67710079,10453.0251301865,0.0486738073586447,652,TRUE,region,South,12.5723681165584,12.2772609317999,TRUE,2017Q4,20,-4,4,1,0,0,0,1,1,1,0,-5
2017,4,4,16,female,567,566,1,206247.74714715,9713.29692597715,0.0470952873926283,638,TRUE,region,South,274.912093752698,12.2368333812144,TRUE,2017Q4,20,-4,4,0,0,0,0,1,1,1,0,-5
2017,4,4,17,female,701,700,1,222344.02418249,10562.590897937,0.047505620790904,662,TRUE,region,South,315.27719378896,12.3119811198524,TRUE,2017Q4,20,-4,4,0,0,0,0,1,1,1,0,-5
2017,4,4,18,female,1408,1405,3,222874.2880117,9979.8373358965,0.0447778764653758,668,TRUE,region,South,631.746269415378,12.314363160597,TRUE,2017Q4,20,-4,4,0,0,0,0,1,1,1,0,-5
2017,4,4,19,female,1427,1425,2,209305.81250094,9994.32544242065,0.0477498705028833,619,TRUE,region,South,681.777530661549,12.2515516791949,TRUE,2017Q4,20,-4,4,0,0,0,0,1,1,1,0,-5
2017,4,4,15,male,4,4,0,223128.59764476,10157.0654301398,0.0455211278937483,701,TRUE,region,South,1.7926881817132,12.3155035552841,TRUE,2017Q4,20,-4,4,1,0,0,0,1,1,1,0,-5
2017,4,4,16,male,25,25,0,206787.8065484,9246.47357548706,0.044714791117642,655,TRUE,region,South,12.0896876935288,12.2394484573461,TRUE,2017Q4,20,-4,4,0,0,0,0,1,1,1,0,-5
2017,4,4,17,male,85,83,2,237474.62750754,10714.7951712181,0.0451197472491156,727,TRUE,region,South,35.7932975375659,12.3778160652027,TRUE,2017Q4,20,-4,4,0,0,0,0,1,1,1,0,-5
2017,4,4,18,male,378,375,3,247079.37965522,10362.7227246692,0.0419408642644708,774,TRUE,region,South,152.987270944046,12.4174649391025,TRUE,2017Q4,20,-4,4,0,0,0,0,1,1,1,0,-5
2017,4,4,19,male,685,682,3,236662.31374077,9967.77945716148,0.0421181526522206,734,TRUE,region,South,289.441943321115,12.3743895675356,TRUE,2017Q4,20,-4,4,0,0,0,0,1,1,1,0,-5
2017,4,5,15,combined,12,12,0,247723.10792676,10585.4906857636,0.0427311395144178,854,TRUE,region,Central-West,4.84411813674961,12.420066901101,TRUE,2017Q4,20,-4,4,1,0,0,0,1,1,1,0,-5
2017,4,5,16,combined,351,351,0,254098.93387921,10393.856721185,0.0409047632058381,875,TRUE,region,Central-West,138.135172250212,12.4454789736253,TRUE,2017Q4,20,-4,4,0,0,0,0,1,1,1,0,-5
2017,4,5,17,combined,494,494,0,259902.67363414,10736.3521568609,0.0413091254766168,888,TRUE,region,Central-West,190.071149747153,12.4680625077415,TRUE,2017Q4,20,-4,4,0,0,0,0,1,1,1,0,-5
2017,4,5,18,combined,1100,1099,1,257195.15723338,10030.4399513468,0.0389993344324332,896,TRUE,region,Central-West,427.690790072636,12.4575904423712,TRUE,2017Q4,20,-4,4,0,0,0,0,1,1,1,0,-5
2017,4,5,19,combined,1434,1433,1,248378.14835579,10049.5642893173,0.0404607424439035,840,TRUE,region,Central-West,577.345474830524,12.4227076555897,TRUE,2017Q4,20,-4,4,0,0,0,0,1,1,1,0,-5
2017,4,5,15,female,10,10,0,120492.54270808,7059.91465164517,0.0585921293797358,417,TRUE,region,Central-West,8.2992687972626,11.6993431437578,TRUE,2017Q4,20,-4,4,1,0,0,0,1,1,1,0,-5
2017,4,5,16,female,335,335,0,123712.64827967,7253.70584135731,0.0586335022507907,418,TRUE,region,Central-West,270.788803455799,11.725716802787,TRUE,2017Q4,20,-4,4,0,0,0,0,1,1,1,0,-5
2017,4,5,17,female,436,436,0,131798.5325155,7623.10506514293,0.0578390739232732,432,TRUE,region,Central-West,330.80793213591,11.7890297668118,TRUE,2017Q4,20,-4,4,0,0,0,0,1,1,1,0,-5
2017,4,5,18,female,877,876,1,131961.23139496,7083.99716081237,0.0536824117653917,442,TRUE,region,Central-West,664.589130253823,11.7902634568764,TRUE,2017Q4,20,-4,4,0,0,0,0,1,1,1,0,-5
2017,4,5,19,female,999,998,1,122608.41095537,7019.44495988773,0.0572509251624086,393,TRUE,region,Central-West,814.789125979,11.7167509049872,TRUE,2017Q4,20,-4,4,0,0,0,0,1,1,1,0,-5
2017,4,5,15,male,2,2,0,127230.56521868,7199.41470474562,0.0565855751121713,437,TRUE,region,Central-West,1.57194931623738,11.7537561936222,TRUE,2017Q4,20,-4,4,1,0,0,0,1,1,1,0,-5
2017,4,5,16,male,16,16,0,130386.28559954,7341.17990312604,0.0563033134149803,457,TRUE,region,Central-West,12.2712292373612,11.7782567511611,TRUE,2017Q4,20,-4,4,0,0,0,0,1,1,1,0,-5
2017,4,5,17,male,58,58,0,128104.14111864,7331.38314982909,0.057229868494566,456,TRUE,region,Central-West,45.2756636073809,11.760598814596,TRUE,2017Q4,20,-4,4,0,0,0,0,1,1,1,0,-5
2017,4,5,18,male,223,223,0,125233.92583842,6590.12837136258,0.0526225487801551,454,TRUE,region,Central-West,178.066764662253,11.7379386740919,TRUE,2017Q4,20,-4,4,0,0,0,0,1,1,1,0,-5
2017,4,5,19,male,435,435,0,125769.73740042,6920.78407416325,0.0550274192918855,447,TRUE,region,Central-West,345.870166377995,11.7422080331041,TRUE,2017Q4,20,-4,4,0,0,0,0,1,1,1,0,-5
2018,1,1,15,combined,5,5,0,319272.24944122,11695.690869958,0.0366323439961581,1465,TRUE,region,North,1.56606156931924,12.6737994643128,TRUE,2018Q1,21,-3,1,1,0,0,0,1,1,1,0,-4
2018,1,1,16,combined,281,281,0,320228.16283023,11865.8154137028,0.0370542531575948,1495,TRUE,region,North,87.7499335212978,12.6767890295503,TRUE,2018Q1,21,-3,1,0,0,0,0,1,1,1,0,-4
2018,1,1,17,combined,342,342,0,345036.42210268,12779.3955164036,0.0370378160036698,1571,TRUE,region,North,99.1199705572601,12.7514052617534,TRUE,2018Q1,21,-3,1,0,0,0,0,1,1,1,0,-4
2018,1,1,18,combined,707,707,0,361443.86839385,13206.8936006157,0.0365392658597398,1627,TRUE,region,North,195.604369536465,12.7978620343721,TRUE,2018Q1,21,-3,1,0,0,0,0,1,1,1,0,-4
2018,1,1,19,combined,872,872,0,337777.90167212,13809.5436704919,0.0408835024497749,1473,TRUE,region,North,258.157800046507,12.7301438628386,TRUE,2018Q1,21,-3,1,0,0,0,0,1,1,1,0,-4
2018,1,1,15,female,4,4,0,153357.94092875,7448.92714872197,0.0485721645948724,699,TRUE,region,North,2.60827706460821,11.9405299512389,TRUE,2018Q1,21,-3,1,1,0,0,0,1,1,1,0,-4
2018,1,1,16,female,280,280,0,160758.27748316,8031.41697002883,0.0499595858811696,751,TRUE,region,North,174.174546022572,11.9876571336709,TRUE,2018Q1,21,-3,1,0,0,0,0,1,1,1,0,-4
2018,1,1,17,female,305,305,0,176474.64678355,8423.87463278004,0.0477341917738025,756,TRUE,region,North,172.829358527681,12.0809325007518,TRUE,2018Q1,21,-3,1,0,0,0,0,1,1,1,0,-4
2018,1,1,18,female,561,561,0,177206.95894541,8923.76672302221,0.0503578797138054,775,TRUE,region,North,316.57898952649,12.085073588083,TRUE,2018Q1,21,-3,1,0,0,0,0,1,1,1,0,-4
2018,1,1,19,female,639,639,0,161392.04884076,9104.87559663126,0.0564146478220543,698,TRUE,region,North,395.930285655199,11.9915917699165,TRUE,2018Q1,21,-3,1,0,0,0,0,1,1,1,0,-4
2018,1,1,15,male,1,1,0,165914.30851247,8019.53565523152,0.048335407157658,766,TRUE,region,North,0.602720771322047,12.0192267202742,TRUE,2018Q1,21,-3,1,1,0,0,0,1,1,1,0,-4
2018,1,1,16,male,1,1,0,159469.88534707,7915.86434622108,0.0496386156482962,744,TRUE,region,North,0.627077644047716,11.9796103767794,TRUE,2018Q1,21,-3,1,0,0,0,0,1,1,1,0,-4
2018,1,1,17,male,37,37,0,168561.77531913,8760.61951284522,0.0519727529937268,815,TRUE,region,North,21.9504095338042,12.0350575806908,TRUE,2018Q1,21,-3,1,0,0,0,0,1,1,1,0,-4
2018,1,1,18,male,146,146,0,184236.90944844,8461.75985826192,0.0459286897701137,852,TRUE,region,North,79.2457930591042,12.1239777597579,TRUE,2018Q1,21,-3,1,0,0,0,0,1,1,1,0,-4
2018,1,1,19,male,233,233,0,176385.85283136,9256.6455953304,0.0524795239909662,775,TRUE,region,North,132.096761877364,12.08042921997,TRUE,2018Q1,21,-3,1,0,0,0,0,1,1,1,0,-4
2018,1,2,15,combined,9,9,0,941928.73411184,24525.3995877041,0.0260374258683482,3325,TRUE,region,Northeast,0.955486298916897,13.7556848968875,TRUE,2018Q1,21,-3,1,1,0,0,0,1,1,1,0,-4
2018,1,2,16,combined,790,790,0,987199.16969048,23131.4750944549,0.0234314166833298,3577,TRUE,region,Northeast,80.0243784896711,13.8026270910576,TRUE,2018Q1,21,-3,1,0,0,0,0,1,1,1,0,-4
2018,1,2,17,combined,1116,1116,0,1028781.52450757,23394.3139935012,0.022739827102454,3665,TRUE,region,Northeast,108.477842322662,13.8438856740107,TRUE,2018Q1,21,-3,1,0,0,0,0,1,1,1,0,-4
2018,1,2,18,combined,2447,2444,3,1007581.86510491,23432.2025307748,0.0232558795888362,3528,TRUE,region,Northeast,242.858678261862,13.8230638251892,TRUE,2018Q1,21,-3,1,0,0,0,0,1,1,1,0,-4
2018,1,2,19,combined,3096,3094,2,932398.89362106,23070.0429956395,0.0247426752149445,3245,TRUE,region,Northeast,332.04672605052,13.7455159995504,TRUE,2018Q1,21,-3,1,0,0,0,0,1,1,1,0,-4
2018,1,2,15,female,9,9,0,455564.78328889,15433.6874790329,0.0338781399378843,1624,TRUE,region,Northeast,1.97556973895692,13.0292932101332,TRUE,2018Q1,21,-3,1,1,0,0,0,1,1,1,0,-4
2018,1,2,16,female,760,760,0,490044.01843297,17535.7634423904,0.0357840577229471,1707,TRUE,region,Northeast,155.088108703026,13.1022504995887,TRUE,2018Q1,21,-3,1,0,0,0,0,1,1,1,0,-4
2018,1,2,17,female,1021,1021,0,501153.86859313,17466.7406430676,0.0348530496075014,1719,TRUE,region,Northeast,203.729845060603,13.1246684558548,TRUE,2018Q1,21,-3,1,0,0,0,0,1,1,1,0,-4
2018,1,2,18,female,1932,1930,2,499084.44583938,17266.5315032124,0.0345964127857618,1721,TRUE,region,Northeast,387.108838214881,13.1205305905549,TRUE,2018Q1,21,-3,1,0,0,0,0,1,1,1,0,-4
2018,1,2,19,female,2203,2202,1,457575.97324982,15026.9496277058,0.0328403380120258,1560,TRUE,region,Northeast,481.450104198815,13.0336982116592,TRUE,2018Q1,21,-3,1,0,0,0,0,1,1,1,0,-4
2018,1,2,15,male,0,0,0,486363.95082295,16412.6640303523,0.0337456425431641,1701,TRUE,region,Northeast,0,13.0947124926255,TRUE,2018Q1,21,-3,1,1,0,0,0,1,1,1,0,-4
2018,1,2,16,male,30,30,0,497155.15125751,14711.1617810623,0.029590685611628,1870,TRUE,region,Northeast,6.03433353232239,13.1166574319305,TRUE,2018Q1,21,-3,1,0,0,0,0,1,1,1,0,-4
2018,1,2,17,male,95,95,0,527627.65591444,15646.8250166937,0.0296550509460615,1946,TRUE,region,Northeast,18.0051214023939,13.1761461167882,TRUE,2018Q1,21,-3,1,0,0,0,0,1,1,1,0,-4
2018,1,2,18,male,515,514,1,508497.41926553,15539.4020058658,0.0305594510751122,1807,TRUE,region,Northeast,101.278783429002,13.1392154192672,TRUE,2018Q1,21,-3,1,0,0,0,0,1,1,1,0,-4
2018,1,2,19,male,893,892,1,474822.92037124,15821.6764895006,0.0333212147322847,1685,TRUE,region,Northeast,188.070112390912,13.0706972142914,TRUE,2018Q1,21,-3,1,0,0,0,0,1,1,1,0,-4
2018,1,3,15,combined,15,15,0,1262265.34582689,35680.5791762951,0.0282670987477053,2186,TRUE,region,Southeast,1.18833968226972,14.0484185581651,TRUE,2018Q1,21,-3,1,1,0,0,0,1,1,1,0,-4
2018,1,3,16,combined,798,798,0,1231719.87939048,39600.7018383848,0.0321507369500128,2063,TRUE,region,Southeast,64.7874580375282,14.0239220265984,TRUE,2018Q1,21,-3,1,0,0,0,0,1,1,1,0,-4
2018,1,3,17,combined,1329,1327,2,1351077.70181281,42027.2983860825,0.0311064998924135,2292,TRUE,region,Southeast,98.3659191634066,14.1164131295837,TRUE,2018Q1,21,-3,1,0,0,0,0,1,1,1,0,-4
2018,1,3,18,combined,3466,3459,7,1323508.60232283,39287.6320683624,0.0296844553933465,2242,TRUE,region,Southeast,261.879673008319,14.0957968003054,TRUE,2018Q1,21,-3,1,0,0,0,0,1,1,1,0,-4
2018,1,3,19,combined,4586,4572,14,1395458.79728976,43616.2661357745,0.0312558609544656,2219,TRUE,region,Southeast,328.637435150852,14.1487338061122,TRUE,2018Q1,21,-3,1,0,0,0,0,1,1,1,0,-4
2018,1,3,15,female,15,15,0,594954.70619493,23082.4308710212,0.0387969548449266,1028,TRUE,region,Southeast,2.52120032732129,13.2962405575881,TRUE,2018Q1,21,-3,1,1,0,0,0,1,1,1,0,-4
2018,1,3,16,female,775,775,0,603084.06405669,26536.1153362267,0.0440006906462253,1005,TRUE,region,Southeast,128.506131431646,13.3098118757053,TRUE,2018Q1,21,-3,1,0,0,0,0,1,1,1,0,-4
2018,1,3,17,female,1215,1213,2,682951.51683955,27648.0987955819,0.0404832526377966,1156,TRUE,region,Southeast,177.904283106739,13.4341791504397,TRUE,2018Q1,21,-3,1,0,0,0,0,1,1,1,0,-4
2018,1,3,18,female,2834,2828,6,650741.25640648,28228.4738169638,0.0433789521396674,1060,TRUE,region,Southeast,435.503354382339,13.3858673865875,TRUE,2018Q1,21,-3,1,0,0,0,0,1,1,1,0,-4
2018,1,3,19,female,3282,3277,5,701800.50304623,30415.7984476191,0.0433396646420123,1078,TRUE,region,Southeast,467.654267238934,13.4614044589253,TRUE,2018Q1,21,-3,1,0,0,0,0,1,1,1,0,-4
2018,1,3,15,male,0,0,0,667310.63963196,26182.8234275408,0.0392363344333627,1158,TRUE,region,Southeast,0,13.4110109430654,TRUE,2018Q1,21,-3,1,1,0,0,0,1,1,1,0,-4
2018,1,3,16,male,23,23,0,628635.81533379,26390.0389292215,0.0419798526993073,1058,TRUE,region,Southeast,3.65871613404457,13.3513073780728,TRUE,2018Q1,21,-3,1,0,0,0,0,1,1,1,0,-4
2018,1,3,17,male,114,114,0,668126.18497326,28047.6088294249,0.041979508452505,1136,TRUE,region,Southeast,17.0626451355985,13.4122323343401,TRUE,2018Q1,21,-3,1,0,0,0,0,1,1,1,0,-4
2018,1,3,18,male,632,631,1,672767.34591635,25456.8593048311,0.0378390233404644,1182,TRUE,region,Southeast,93.9403500833082,13.4191548518559,TRUE,2018Q1,21,-3,1,0,0,0,0,1,1,1,0,-4
2018,1,3,19,male,1304,1295,9,693658.29424353,28796.0662902705,0.0415133308853087,1141,TRUE,region,Southeast,187.988813919118,13.4497347468273,TRUE,2018Q1,21,-3,1,0,0,0,0,1,1,1,0,-4
2018,1,4,15,combined,28,28,0,401664.71566434,13853.1759606884,0.0344894022811432,1234,TRUE,region,South,6.97098821679891,12.9033729789598,TRUE,2018Q1,21,-3,1,1,0,0,0,1,1,1,0,-4
2018,1,4,16,combined,391,391,0,417441.9613987,14065.0373313603,0.0336933960453649,1276,TRUE,region,South,93.6657155140556,12.9419007989957,TRUE,2018Q1,21,-3,1,0,0,0,0,1,1,1,0,-4
2018,1,4,17,combined,556,556,0,446256.86014322,14747.1378169481,0.0330462994164732,1325,TRUE,region,South,124.591922199596,13.0086499848278,TRUE,2018Q1,21,-3,1,0,0,0,0,1,1,1,0,-4
2018,1,4,18,combined,1199,1196,3,473916.78710008,15089.1257834418,0.0318391882165072,1454,TRUE,region,South,252.998001471258,13.0687870306245,TRUE,2018Q1,21,-3,1,0,0,0,0,1,1,1,0,-4
2018,1,4,19,combined,1457,1447,10,442188.09983231,13926.7152111992,0.0314950022772674,1366,TRUE,region,South,329.4977862481,12.9994906357641,TRUE,2018Q1,21,-3,1,0,0,0,0,1,1,1,0,-4
2018,1,4,15,female,28,28,0,195110.14295078,9282.13087742202,0.047573799788377,597,TRUE,region,South,14.3508684769215,12.1813195137313,TRUE,2018Q1,21,-3,1,1,0,0,0,1,1,1,0,-4
2018,1,4,16,female,367,367,0,198817.71573799,9256.51448496885,0.0465577951673454,602,TRUE,region,South,184.591196331643,12.2001436826044,TRUE,2018Q1,21,-3,1,0,0,0,0,1,1,1,0,-4
2018,1,4,17,female,487,487,0,215490.14441223,10242.6239651256,0.0475317513618235,628,TRUE,region,South,225.996414512756,12.2806704538942,TRUE,2018Q1,21,-3,1,0,0,0,0,1,1,1,0,-4
2018,1,4,18,female,961,961,0,227136.64006546,10517.2140344319,0.0463034675136554,669,TRUE,region,South,423.093341401477,12.3333070539855,TRUE,2018Q1,21,-3,1,0,0,0,0,1,1,1,0,-4
2018,1,4,19,female,983,977,6,209842.65605035,9733.7628728973,0.046386006811512,638,TRUE,region,South,468.446224662796,12.2541132719633,TRUE,2018Q1,21,-3,1,0,0,0,0,1,1,1,0,-4
2018,1,4,15,male,0,0,0,206554.57271356,9658.59436664048,0.0467604964622815,637,TRUE,region,South,0,12.2383199311108,TRUE,2018Q1,21,-3,1,1,0,0,0,1,1,1,0,-4
2018,1,4,16,male,24,24,0,218624.24566071,9847.32006548112,0.0450422140312996,674,TRUE,region,South,10.9777394211099,12.2951097619351,TRUE,2018Q1,21,-3,1,0,0,0,0,1,1,1,0,-4
2018,1,4,17,male,69,69,0,230766.71573099,10668.9372131983,0.0462325651227592,697,TRUE,region,South,29.9003258686729,12.3491625906124,TRUE,2018Q1,21,-3,1,0,0,0,0,1,1,1,0,-4
2018,1,4,18,male,238,235,3,246780.14703462,10193.7001936853,0.0413068081698456,785,TRUE,region,South,96.4421177553686,12.4162531262649,TRUE,2018Q1,21,-3,1,0,0,0,0,1,1,1,0,-4
2018,1,4,19,male,474,470,4,232345.44378196,10050.8667619893,0.0432582907518573,728,TRUE,region,South,204.00658273498,12.355980525033,TRUE,2018Q1,21,-3,1,0,0,0,0,1,1,1,0,-4
2018,1,5,15,combined,10,10,0,246018.39854021,10977.5371869977,0.0446207976807208,839,TRUE,region,Central-West,4.06473664544466,12.4131616029317,TRUE,2018Q1,21,-3,1,1,0,0,0,1,1,1,0,-4
2018,1,5,16,combined,280,280,0,247609.81421127,10260.4860515786,0.0414381234615522,854,TRUE,region,Central-West,113.08113973265,12.4196094563708,TRUE,2018Q1,21,-3,1,0,0,0,0,1,1,1,0,-4
2018,1,5,17,combined,334,334,0,262214.51603729,11061.7090487299,0.0421857234141713,883,TRUE,region,Central-West,127.376624699336,12.4769182112404,TRUE,2018Q1,21,-3,1,0,0,0,0,1,1,1,0,-4
2018,1,5,18,combined,837,836,1,249432.23960467,10000.0629549648,0.0400913008310958,861,TRUE,region,Central-West,335.562075426407,12.4269425725371,TRUE,2018Q1,21,-3,1,0,0,0,0,1,1,1,0,-4
2018,1,5,19,combined,1011,1008,3,239116.0819381,9552.39206683043,0.0399487645891725,831,TRUE,region,Central-West,422.807195486633,12.3847044114861,TRUE,2018Q1,21,-3,1,0,0,0,0,1,1,1,0,-4
2018,1,5,15,female,8,8,0,124744.50096631,7617.29821231983,0.0610631984040487,417,TRUE,region,Central-West,6.41310834387848,11.7340229322118,TRUE,2018Q1,21,-3,1,1,0,0,0,1,1,1,0,-4
2018,1,5,16,female,272,272,0,122676.02830124,7401.06965045867,0.0603302026723982,411,TRUE,region,Central-West,221.722209111697,11.7173022432441,TRUE,2018Q1,21,-3,1,0,0,0,0,1,1,1,0,-4
2018,1,5,17,female,299,299,0,135271.76771847,7919.6561909903,0.0585462607945867,442,TRUE,region,Central-West,221.036514154442,11.8150411280726,TRUE,2018Q1,21,-3,1,0,0,0,0,1,1,1,0,-4
2018,1,5,18,female,672,671,1,126753.66274442,7184.17714986855,0.0566782607643803,423,TRUE,region,Central-West,530.162194488209,11.7500008184278,TRUE,2018Q1,21,-3,1,0,0,0,0,1,1,1,0,-4
2018,1,5,19,female,692,691,1,116935.10902591,6797.22399733869,0.0581281708629748,391,TRUE,region,Central-West,591.781207341817,11.6693744362091,TRUE,2018Q1,21,-3,1,0,0,0,0,1,1,1,0,-4
2018,1,5,15,male,2,2,0,121273.8975739,6893.38709370618,0.0568414739825245,422,TRUE,region,Central-West,1.6491594976415,11.7058068827724,TRUE,2018Q1,21,-3,1,1,0,0,0,1,1,1,0,-4
2018,1,5,16,male,8,8,0,124933.78591003,6843.60600380555,0.0547778645620642,443,TRUE,region,Central-West,6.40339195816985,11.7355391632173,TRUE,2018Q1,21,-3,1,0,0,0,0,1,1,1,0,-4
2018,1,5,17,male,35,35,0,126942.74831882,7193.47856953567,0.0566671091086595,441,TRUE,region,Central-West,27.5714843608842,11.7514914631604,TRUE,2018Q1,21,-3,1,0,0,0,0,1,1,1,0,-4
2018,1,5,18,male,165,165,0,122678.57686025,6975.2972899512,0.0568583160032672,438,TRUE,region,Central-West,134.497810638903,11.7173230177391,TRUE,2018Q1,21,-3,1,0,0,0,0,1,1,1,0,-4
2018,1,5,19,male,319,317,2,122180.97291219,6510.76238171086,0.0532878583835641,440,TRUE,region,Central-West,261.088115765179,11.7132586091135,TRUE,2018Q1,21,-3,1,0,0,0,0,1,1,1,0,-4
2018,2,1,15,combined,10,10,0,324182.57611672,11626.7299379177,0.0358647589182324,1467,TRUE,region,North,3.08468151490028,12.6890621425974,TRUE,2018Q2,22,-2,2,1,0,0,0,1,1,1,0,-3
2018,2,1,16,combined,285,285,0,328139.21891776,13078.8457901951,0.0398576123674903,1426,TRUE,region,North,86.8533791663069,12.7011932452337,TRUE,2018Q2,22,-2,2,0,0,0,0,1,1,1,0,-3
2018,2,1,17,combined,362,362,0,325794.84743819,12187.8794902297,0.0374096754017633,1483,TRUE,region,North,111.112868372996,12.6940231599182,TRUE,2018Q2,22,-2,2,0,0,0,0,1,1,1,0,-3
2018,2,1,18,combined,833,830,3,354708.59313206,13802.7425305747,0.0389129070956446,1526,TRUE,region,North,234.840659665065,12.7790518669471,TRUE,2018Q2,22,-2,2,0,0,0,0,1,1,1,0,-3
2018,2,1,19,combined,1050,1049,1,328804.03351391,12657.0758236866,0.0384942839308301,1430,TRUE,region,North,319.339148239366,12.703217209467,TRUE,2018Q2,22,-2,2,0,0,0,0,1,1,1,0,-3
2018,2,1,15,female,9,9,0,161551.3306665,8567.61786939988,0.0530334094683907,719,TRUE,region,North,5.57098475318612,11.9925782080897,TRUE,2018Q2,22,-2,2,1,0,0,0,1,1,1,0,-3
2018,2,1,16,female,279,279,0,167257.16833943,8341.65901356425,0.0498732526467014,713,TRUE,region,North,166.808994059854,12.0272878370985,TRUE,2018Q2,22,-2,2,0,0,0,0,1,1,1,0,-3
2018,2,1,17,female,330,330,0,164325.15924551,8206.67567658605,0.0499416870445558,726,TRUE,region,North,200.821348060867,12.0096024222201,TRUE,2018Q2,22,-2,2,0,0,0,0,1,1,1,0,-3
2018,2,1,18,female,701,698,3,180921.98088562,9624.90464565601,0.053199200000695,761,TRUE,region,North,387.459830236535,12.1058211724906,TRUE,2018Q2,22,-2,2,0,0,0,0,1,1,1,0,-3
2018,2,1,19,female,743,742,1,152697.58914992,8870.04227299546,0.058088947719317,664,TRUE,region,North,486.582665866791,11.9362147029349,TRUE,2018Q2,22,-2,2,0,0,0,0,1,1,1,0,-3
2018,2,1,15,male,1,1,0,162631.24545022,7914.32501583069,0.0486642341938726,748,TRUE,region,North,0.614887992299174,11.9992406190757,TRUE,2018Q2,22,-2,2,1,0,0,0,1,1,1,0,-3
2018,2,1,16,male,6,6,0,160882.05057833,8724.71478042757,0.0542305045781331,713,TRUE,region,North,3.72944028151775,11.9884267703768,TRUE,2018Q2,22,-2,2,0,0,0,0,1,1,1,0,-3
2018,2,1,17,male,32,32,0,161469.68819268,8432.06762712681,0.0522207463302024,757,TRUE,region,North,19.8179611035198,11.9920727148196,TRUE,2018Q2,22,-2,2,0,0,0,0,1,1,1,0,-3
2018,2,1,18,male,132,132,0,173786.61224644,8461.12950313831,0.0486868890173192,765,TRUE,region,North,75.955217892628,12.0655834591943,TRUE,2018Q2,22,-2,2,0,0,0,0,1,1,1,0,-3
2018,2,1,19,male,307,307,0,176106.44436399,8390.41270973682,0.0476439845233312,766,TRUE,region,North,174.32638601542,12.0788438887266,TRUE,2018Q2,22,-2,2,0,0,0,0,1,1,1,0,-3
2018,2,2,15,combined,20,20,0,958127.2544257,27325.2359904819,0.0285194225133076,3310,TRUE,region,Northeast,2.08740539501592,13.7727358815612,TRUE,2018Q2,22,-2,2,1,0,0,0,1,1,1,0,-3
2018,2,2,16,combined,798,798,0,991777.92941241,24240.2205313849,0.0244411776190123,3513,TRUE,region,Northeast,80.4615606310965,13.8072544997269,TRUE,2018Q2,22,-2,2,0,0,0,0,1,1,1,0,-3
2018,2,2,17,combined,1043,1043,0,1000637.25830458,23498.5551591275,0.0234835900463491,3523,TRUE,region,Northeast,104.233576287894,13.816147613306,TRUE,2018Q2,22,-2,2,0,0,0,0,1,1,1,0,-3
2018,2,2,18,combined,2425,2422,3,1063708.64507884,24530.7589493995,0.0230615395135585,3609,TRUE,region,Northeast,227.975960449232,13.8772720815724,TRUE,2018Q2,22,-2,2,0,0,0,0,1,1,1,0,-3
2018,2,2,19,combined,2903,2903,0,908553.9595652,22302.17647236,0.0245468926061728,3157,TRUE,region,Northeast,319.518721968838,13.7196095591825,TRUE,2018Q2,22,-2,2,0,0,0,0,1,1,1,0,-3
2018,2,2,15,female,17,17,0,479000.348497,18627.9532092926,0.038889226840321,1639,TRUE,region,Northeast,3.5490579606763,13.0794566039439,TRUE,2018Q2,22,-2,2,1,0,0,0,1,1,1,0,-3
2018,2,2,16,female,764,764,0,481736.49597682,17585.7646028496,0.0365049456491579,1666,TRUE,region,Northeast,158.592925049374,13.0851525546991,TRUE,2018Q2,22,-2,2,0,0,0,0,1,1,1,0,-3
2018,2,2,17,female,931,931,0,499779.01446564,17503.9031578249,0.0350232855946141,1688,TRUE,region,Northeast,186.282331401093,13.1219213086376,TRUE,2018Q2,22,-2,2,0,0,0,0,1,1,1,0,-3
2018,2,2,18,female,1936,1936,0,513384.19868796,17756.5234190433,0.0345872028481263,1688,TRUE,region,Northeast,377.105490380844,13.1487797691659,TRUE,2018Q2,22,-2,2,0,0,0,0,1,1,1,0,-3
2018,2,2,19,female,2042,2042,0,432913.13375154,14140.7389010409,0.0326641485290596,1498,TRUE,region,Northeast,471.68816115705,12.9782923719663,TRUE,2018Q2,22,-2,2,0,0,0,0,1,1,1,0,-3
2018,2,2,15,male,3,3,0,479126.9059287,16343.4789753979,0.0341109605266668,1671,TRUE,region,Northeast,0.626138912859642,13.0797207806112,TRUE,2018Q2,22,-2,2,1,0,0,0,1,1,1,0,-3
2018,2,2,16,male,34,34,0,510041.43343559,15201.2213120769,0.0298038949692437,1847,TRUE,region,Northeast,6.66612509712775,13.1422472434311,TRUE,2018Q2,22,-2,2,0,0,0,0,1,1,1,0,-3
2018,2,2,17,male,112,112,0,500858.24383894,15818.6459061992,0.0315830798450148,1835,TRUE,region,Northeast,22.3616165607161,13.1240783936008,TRUE,2018Q2,22,-2,2,0,0,0,0,1,1,1,0,-3
2018,2,2,18,male,489,486,3,550324.44639088,16187.8681520815,0.0294151354864285,1921,TRUE,region,Northeast,88.856674132313,13.2182632858134,TRUE,2018Q2,22,-2,2,0,0,0,0,1,1,1,0,-3
2018,2,2,19,male,861,861,0,475640.82581366,15994.2119393496,0.033626659174996,1659,TRUE,region,Northeast,181.01894397461,13.0724182807658,TRUE,2018Q2,22,-2,2,0,0,0,0,1,1,1,0,-3
2018,2,3,15,combined,7,7,0,1272581.95910368,36649.956862875,0.0287996828814772,2136,TRUE,region,Southeast,0.55006280341506,14.0565584332727,TRUE,2018Q2,22,-2,2,1,0,0,0,1,1,1,0,-3
2018,2,3,16,combined,814,814,0,1222804.04660269,42265.2816197768,0.0345642310697304,2025,TRUE,region,Southeast,66.5683109457752,14.0166571782857,TRUE,2018Q2,22,-2,2,0,0,0,0,1,1,1,0,-3
2018,2,3,17,combined,1277,1276,1,1320665.43769491,39918.3296954948,0.0302259213848803,2190,TRUE,region,Southeast,96.693679076578,14.0936462870029,TRUE,2018Q2,22,-2,2,0,0,0,0,1,1,1,0,-3
2018,2,3,18,combined,3409,3402,7,1361748.13726966,39997.8569755614,0.0293724337716064,2252,TRUE,region,Southeast,250.339978935836,14.1242798273505,TRUE,2018Q2,22,-2,2,0,0,0,0,1,1,1,0,-3
2018,2,3,19,combined,4645,4629,16,1314234.0391958,40232.1795040666,0.0306126445550637,2103,TRUE,region,Southeast,353.437809512402,14.0887645741878,TRUE,2018Q2,22,-2,2,0,0,0,0,1,1,1,0,-3
2018,2,3,15,female,7,7,0,620118.56575023,24731.6213099441,0.0398820849364885,1028,TRUE,region,Southeast,1.12881638877096,13.3376659738192,TRUE,2018Q2,22,-2,2,1,0,0,0,1,1,1,0,-3
2018,2,3,16,female,777,777,0,589082.16072163,26883.7841600207,0.0456367310921245,944,TRUE,region,Southeast,131.90010694742,13.286320944793,TRUE,2018Q2,22,-2,2,0,0,0,0,1,1,1,0,-3
2018,2,3,17,female,1155,1155,0,643970.5674397,25768.2481849876,0.0400146365189283,1090,TRUE,region,Southeast,179.356023147463,13.3754083013087,TRUE,2018Q2,22,-2,2,0,0,0,0,1,1,1,0,-3
2018,2,3,18,female,2779,2776,3,668668.75811396,28460.5718097682,0.0425630350818899,1082,TRUE,region,Southeast,415.601890514284,13.4130440866186,TRUE,2018Q2,22,-2,2,0,0,0,0,1,1,1,0,-3
2018,2,3,19,female,3397,3389,8,665500.60730148,29499.7785746092,0.0443272000820961,1027,TRUE,region,Southeast,510.442809928364,13.4082948293661,TRUE,2018Q2,22,-2,2,0,0,0,0,1,1,1,0,-3
2018,2,3,15,male,0,0,0,652463.39335345,27048.1644276193,0.0414554512991151,1108,TRUE,region,Southeast,0,13.3885103144649,TRUE,2018Q2,22,-2,2,1,0,0,0,1,1,1,0,-3
2018,2,3,16,male,37,37,0,633721.88588106,28129.2122526956,0.0443873138665358,1081,TRUE,region,Southeast,5.83852330562311,13.3593654713746,TRUE,2018Q2,22,-2,2,0,0,0,0,1,1,1,0,-3
2018,2,3,17,male,122,121,1,676694.87025521,30501.506396726,0.0450742391252688,1100,TRUE,region,Southeast,18.0288052063981,13.4249757416614,TRUE,2018Q2,22,-2,2,0,0,0,0,1,1,1,0,-3
2018,2,3,18,male,630,626,4,693079.3791557,26062.3891474507,0.0376037578541142,1170,TRUE,region,Southeast,90.8986789893327,13.4488998158486,TRUE,2018Q2,22,-2,2,0,0,0,0,1,1,1,0,-3
2018,2,3,19,male,1248,1240,8,648733.43189432,25615.5615650573,0.0394854963621331,1076,TRUE,region,Southeast,192.374855162899,13.3827771746303,TRUE,2018Q2,22,-2,2,0,0,0,0,1,1,1,0,-3
2018,2,4,15,combined,25,25,0,398326.53433438,13644.8249516723,0.0342553753655235,1209,TRUE,region,South,6.27625775465248,12.8950273859173,TRUE,2018Q2,22,-2,2,1,0,0,0,1,1,1,0,-3
2018,2,4,16,combined,392,392,0,404103.37632633,14302.8871182379,0.0353941292158067,1194,TRUE,region,South,97.0048811676951,12.9094260062069,TRUE,2018Q2,22,-2,2,0,0,0,0,1,1,1,0,-3
2018,2,4,17,combined,517,517,0,428815.83173603,14825.7740222295,0.0345737562025366,1272,TRUE,region,South,120.564578482787,12.9687828090834,TRUE,2018Q2,22,-2,2,0,0,0,0,1,1,1,0,-3
2018,2,4,18,combined,1260,1257,3,485401.24233393,15181.7786533515,0.0312767610160076,1451,TRUE,region,South,259.579063692051,13.0927311316738,TRUE,2018Q2,22,-2,2,0,0,0,0,1,1,1,0,-3
2018,2,4,19,combined,1600,1595,5,450282.00918845,15099.19549736,0.0335327532285235,1309,TRUE,region,South,355.332873032992,13.0176293525456,TRUE,2018Q2,22,-2,2,0,0,0,0,1,1,1,0,-3
2018,2,4,15,female,22,22,0,188838.2111407,9174.91033447797,0.0485860900664957,562,TRUE,region,South,11.6501844976747,12.148645901732,TRUE,2018Q2,22,-2,2,1,0,0,0,1,1,1,0,-3
2018,2,4,16,female,377,377,0,187033.49626567,9116.87298085211,0.0487446001004126,567,TRUE,region,South,201.568172293852,12.1390430042112,TRUE,2018Q2,22,-2,2,0,0,0,0,1,1,1,0,-3
2018,2,4,17,female,447,447,0,214906.35081992,10226.7953266993,0.0475872178168845,629,TRUE,region,South,207.997575825278,12.2779576346366,TRUE,2018Q2,22,-2,2,0,0,0,0,1,1,1,0,-3
2018,2,4,18,female,1005,1003,2,240204.32313419,10854.8513089273,0.0451900747134482,691,TRUE,region,South,418.393801946086,12.3892451865268,TRUE,2018Q2,22,-2,2,0,0,0,0,1,1,1,0,-3
2018,2,4,19,female,1076,1075,1,226143.88116315,11311.7256062348,0.0500200383404317,635,TRUE,region,South,475.803278189838,12.3289267179985,TRUE,2018Q2,22,-2,2,0,0,0,0,1,1,1,0,-3
2018,2,4,15,male,3,3,0,209488.32319368,9389.84744357387,0.0448227724601748,647,TRUE,region,South,1.43206072503926,12.2524232802453,TRUE,2018Q2,22,-2,2,1,0,0,0,1,1,1,0,-3
2018,2,4,16,male,15,15,0,217069.88006066,10933.6259197294,0.0503691526280569,627,TRUE,region,South,6.91021711340526,12.287974608612,TRUE,2018Q2,22,-2,2,0,0,0,0,1,1,1,0,-3
2018,2,4,17,male,70,70,0,213909.48091611,10504.5980797117,0.0491076787934955,643,TRUE,region,South,32.7241222316145,12.2733082181467,TRUE,2018Q2,22,-2,2,0,0,0,0,1,1,1,0,-3
2018,2,4,18,male,255,254,1,245196.91919974,10508.5522375863,0.0428576030721902,760,TRUE,region,South,103.998044034262,12.409816918527,TRUE,2018Q2,22,-2,2,0,0,0,0,1,1,1,0,-3
2018,2,4,19,male,524,520,4,224138.1280253,10194.9294835166,0.0454850300274026,674,TRUE,region,South,233.78440991568,12.3200177837611,TRUE,2018Q2,22,-2,2,0,0,0,0,1,1,1,0,-3
2018,2,5,15,combined,12,12,0,248282.68786947,10311.0047768235,0.0415292941497569,840,TRUE,region,Central-West,4.83320045508319,12.4223232464295,TRUE,2018Q2,22,-2,2,1,0,0,0,1,1,1,0,-3
2018,2,5,16,combined,252,252,0,237413.15069654,9847.32780669038,0.0414776004522057,820,TRUE,region,Central-West,106.144078059983,12.3775571543014,TRUE,2018Q2,22,-2,2,0,0,0,0,1,1,1,0,-3
2018,2,5,17,combined,380,380,0,247434.51504311,11425.4617174472,0.0461756991156088,820,TRUE,region,Central-West,153.575987543126,12.4189012402975,TRUE,2018Q2,22,-2,2,0,0,0,0,1,1,1,0,-3
2018,2,5,18,combined,952,944,8,243922.6580319,9713.11534699367,0.0398204718879515,845,TRUE,region,Central-West,390.287645961737,12.404606478749,TRUE,2018Q2,22,-2,2,0,0,0,0,1,1,1,0,-3
2018,2,5,19,combined,1115,1113,2,246649.19383154,9863.42120628141,0.0399896754295417,835,TRUE,region,Central-West,452.059048999584,12.4157223381852,TRUE,2018Q2,22,-2,2,0,0,0,0,1,1,1,0,-3
2018,2,5,15,female,11,11,0,120491.70093489,7341.93208802746,0.0609330935745925,406,TRUE,region,Central-West,9.12925945492633,11.6993361576314,TRUE,2018Q2,22,-2,2,1,0,0,0,1,1,1,0,-3
2018,2,5,16,female,243,243,0,119534.3308711,7128.00641981006,0.0596314579072397,401,TRUE,region,Central-West,203.28887795594,11.6913588967188,TRUE,2018Q2,22,-2,2,0,0,0,0,1,1,1,0,-3
2018,2,5,17,female,336,336,0,126888.44298937,7960.99823973488,0.0627401365497235,402,TRUE,region,Central-West,264.799529479724,11.7510635777614,TRUE,2018Q2,22,-2,2,0,0,0,0,1,1,1,0,-3
2018,2,5,18,female,757,751,6,121024.07839582,6910.92846724012,0.0571037479387971,395,TRUE,region,Central-West,625.495364256495,11.7037447997888,TRUE,2018Q2,22,-2,2,0,0,0,0,1,1,1,0,-3
2018,2,5,19,female,756,755,1,123634.81927066,6760.2343192418,0.0546790488239593,415,TRUE,region,Central-West,611.478226327951,11.7250874936427,TRUE,2018Q2,22,-2,2,0,0,0,0,1,1,1,0,-3
2018,2,5,15,male,1,1,0,127790.98693458,7267.93022540127,0.0568735745747229,434,TRUE,region,Central-West,0.782527801050578,11.75815129367,TRUE,2018Q2,22,-2,2,1,0,0,0,1,1,1,0,-3
2018,2,5,16,male,9,9,0,117878.81982544,6601.10568216455,0.055999081870176,419,TRUE,region,Central-West,7.63495937041751,11.6774124251408,TRUE,2018Q2,22,-2,2,0,0,0,0,1,1,1,0,-3
2018,2,5,17,male,44,44,0,120546.07205374,7106.74968162555,0.0589546350249996,418,TRUE,region,Central-West,36.5005671693596,11.6997872995342,TRUE,2018Q2,22,-2,2,0,0,0,0,1,1,1,0,-3
2018,2,5,18,male,195,193,2,122898.57963608,6504.07908302557,0.0529223291455855,450,TRUE,region,Central-West,158.667415504249,11.7191147384172,TRUE,2018Q2,22,-2,2,0,0,0,0,1,1,1,0,-3
2018,2,5,19,male,359,358,1,123014.37456088,7119.76025948293,0.0578774658237956,420,TRUE,region,Central-West,291.835812913336,11.7200564938748,TRUE,2018Q2,22,-2,2,0,0,0,0,1,1,1,0,-3
2018,3,1,15,combined,8,8,0,341441.16451366,13118.4341669595,0.0384207750276541,1502,TRUE,region,North,2.34300981587706,12.740930657685,TRUE,2018Q3,23,-1,3,1,0,0,0,1,1,1,0,-2
2018,3,1,16,combined,310,310,0,342405.265335,13312.9881170766,0.0388807926304857,1509,TRUE,region,North,90.5359909394806,12.7437503008622,TRUE,2018Q3,23,-1,3,0,0,0,0,1,1,1,0,-2
2018,3,1,17,combined,450,450,0,334496.46723627,11140.4926384025,0.0333052624754135,1502,TRUE,region,North,134.53056880333,12.7203815971681,TRUE,2018Q3,23,-1,3,0,0,0,0,1,1,1,0,-2
2018,3,1,18,combined,968,967,1,368252.8902991,14678.1341901126,0.0398588431395359,1572,TRUE,region,North,262.86283841894,12.8165251830357,TRUE,2018Q3,23,-1,3,0,0,0,0,1,1,1,0,-2
2018,3,1,19,combined,1173,1172,1,332809.16173113,14076.0153096163,0.0422945547424203,1439,TRUE,region,North,352.454239510282,12.7153245167904,TRUE,2018Q3,23,-1,3,0,0,0,0,1,1,1,0,-2
2018,3,1,15,female,7,7,0,165080.10031433,9364.82951865615,0.0567290030768368,727,TRUE,region,North,4.24036572952843,12.0141860915373,TRUE,2018Q3,23,-1,3,1,0,0,0,1,1,1,0,-2
2018,3,1,16,female,303,303,0,170736.39895276,8321.40762483986,0.0487383339222368,767,TRUE,region,North,177.466551865039,12.0478761195182,TRUE,2018Q3,23,-1,3,0,0,0,0,1,1,1,0,-2
2018,3,1,17,female,405,405,0,161701.8848652,7444.36528531202,0.0460375912842196,721,TRUE,region,North,250.460902380712,11.9935097020538,TRUE,2018Q3,23,-1,3,0,0,0,0,1,1,1,0,-2
2018,3,1,18,female,783,783,0,178709.30163099,9358.47033337434,0.0523670018737933,770,TRUE,region,North,438.141715542477,12.0935157514492,TRUE,2018Q3,23,-1,3,0,0,0,0,1,1,1,0,-2
2018,3,1,19,female,836,836,0,161213.14657252,10285.8437105629,0.0638027600679321,680,TRUE,region,North,518.568130313079,11.9904826601494,TRUE,2018Q3,23,-1,3,0,0,0,0,1,1,1,0,-2
2018,3,1,15,male,1,1,0,176361.06419933,8863.72707786102,0.0502589793166756,775,TRUE,region,North,0.567018578924973,12.080288673698,TRUE,2018Q3,23,-1,3,1,0,0,0,1,1,1,0,-2
2018,3,1,16,male,7,7,0,171668.86638224,9416.54793811486,0.0548529744301326,742,TRUE,region,North,4.07761765282105,12.0533227047728,TRUE,2018Q3,23,-1,3,0,0,0,0,1,1,1,0,-2
2018,3,1,17,male,45,45,0,172794.58237107,8199.26764230655,0.0474509532058067,781,TRUE,region,North,26.0424831511003,12.0598587828413,TRUE,2018Q3,23,-1,3,0,0,0,0,1,1,1,0,-2
2018,3,1,18,male,185,184,1,189543.58866811,9986.44000882051,0.0526867728895158,802,TRUE,region,North,97.6028792637952,12.152374296411,TRUE,2018Q3,23,-1,3,0,0,0,0,1,1,1,0,-2
2018,3,1,19,male,337,336,1,171596.01515861,8319.53733407763,0.0484832781599718,759,TRUE,region,North,196.391506928936,12.05289824408,TRUE,2018Q3,23,-1,3,0,0,0,0,1,1,1,0,-2
2018,3,2,15,combined,11,11,0,950479.84640029,22357.6300915236,0.0235224662323958,3336,TRUE,region,Northeast,1.15731017776545,13.7647222375299,TRUE,2018Q3,23,-1,3,1,0,0,0,1,1,1,0,-2
2018,3,2,16,combined,744,744,0,982305.48491287,22726.4132553541,0.0231357898376897,3474,TRUE,region,Northeast,75.7401858614271,13.7976576233925,TRUE,2018Q3,23,-1,3,0,0,0,0,1,1,1,0,-2
2018,3,2,17,combined,1018,1017,1,977909.34100653,23189.844980829,0.0237136961560879,3456,TRUE,region,Northeast,104.099629414748,13.7931722463629,TRUE,2018Q3,23,-1,3,0,0,0,0,1,1,1,0,-2
2018,3,2,18,combined,2389,2388,1,1049142.274257,24295.0883891664,0.0231570960252957,3664,TRUE,region,Northeast,227.709821500795,13.8634835066441,TRUE,2018Q3,23,-1,3,0,0,0,0,1,1,1,0,-2
2018,3,2,19,combined,2905,2902,3,949183.13535064,22038.9898676421,0.0232189016501021,3215,TRUE,region,Northeast,306.052635345955,13.7633570361616,TRUE,2018Q3,23,-1,3,0,0,0,0,1,1,1,0,-2
2018,3,2,15,female,11,11,0,467354.37768245,15279.1377123585,0.032692831054939,1629,TRUE,region,Northeast,2.3536743262249,13.054843087599,TRUE,2018Q3,23,-1,3,1,0,0,0,1,1,1,0,-2
2018,3,2,16,female,706,706,0,475489.49272219,15487.0676163509,0.0325707883210773,1690,TRUE,region,Northeast,148.478570148445,13.0721000633989,TRUE,2018Q3,23,-1,3,0,0,0,0,1,1,1,0,-2
2018,3,2,17,female,915,915,0,480802.10123653,16500.5634184856,0.0343188255127199,1627,TRUE,region,Northeast,190.306988602337,13.0832110324859,TRUE,2018Q3,23,-1,3,0,0,0,0,1,1,1,0,-2
2018,3,2,18,female,1899,1898,1,512473.82165809,18311.4786242589,0.0357315395448158,1721,TRUE,region,Northeast,370.555513227165,13.1470049089986,TRUE,2018Q3,23,-1,3,0,0,0,0,1,1,1,0,-2
2018,3,2,19,female,2075,2072,3,457774.79047598,15985.0366540308,0.0349189972593512,1529,TRUE,region,Northeast,453.27965697772,13.0341326183089,TRUE,2018Q3,23,-1,3,0,0,0,0,1,1,1,0,-2
2018,3,2,15,male,0,0,0,483125.46871784,15268.0052610834,0.031602567551661,1707,TRUE,region,Northeast,0,13.0880316685026,TRUE,2018Q3,23,-1,3,1,0,0,0,1,1,1,0,-2
2018,3,2,16,male,38,38,0,506815.99219068,15264.342959104,0.0301181162281893,1784,TRUE,region,Northeast,7.49779024054616,13.1359032821615,TRUE,2018Q3,23,-1,3,0,0,0,0,1,1,1,0,-2
2018,3,2,17,male,103,102,1,497107.23977,16028.0574537522,0.0322426554502967,1829,TRUE,region,Northeast,20.7198752622584,13.116561055988,TRUE,2018Q3,23,-1,3,0,0,0,0,1,1,1,0,-2
2018,3,2,18,male,490,490,0,536668.45259891,15700.6532603822,0.029255778282381,1943,TRUE,region,Northeast,91.304043982293,13.1931357761111,TRUE,2018Q3,23,-1,3,0,0,0,0,1,1,1,0,-2
2018,3,2,19,male,830,830,0,491408.34487466,14951.7024002359,0.0304262281179809,1686,TRUE,region,Northeast,168.902300633845,13.1050307207619,TRUE,2018Q3,23,-1,3,0,0,0,0,1,1,1,0,-2
2018,3,3,15,combined,9,9,0,1212924.29568959,37177.750718898,0.0306513364857294,2084,TRUE,region,Southeast,0.742008386836969,14.0085447751703,TRUE,2018Q3,23,-1,3,1,0,0,0,1,1,1,0,-2
2018,3,3,16,combined,804,804,0,1255287.99946109,42936.2653717886,0.0342043143806216,2018,TRUE,region,Southeast,64.0490469394407,14.0428755858634,TRUE,2018Q3,23,-1,3,0,0,0,0,1,1,1,0,-2
2018,3,3,17,combined,1277,1277,0,1271545.91368362,38026.3470584114,0.0299056028171649,2119,TRUE,region,Southeast,100.428933494079,14.0557439730497,TRUE,2018Q3,23,-1,3,0,0,0,0,1,1,1,0,-2
2018,3,3,18,combined,3471,3466,5,1343131.93414629,38657.817399484,0.0287818466799059,2270,TRUE,region,Southeast,258.425841256333,14.1105147090618,TRUE,2018Q3,23,-1,3,0,0,0,0,1,1,1,0,-2
2018,3,3,19,combined,4999,4983,16,1332786.84731686,49154.3819974017,0.0368809026712398,2128,TRUE,region,Southeast,375.078731461365,14.1027826818863,TRUE,2018Q3,23,-1,3,0,0,0,0,1,1,1,0,-2
2018,3,3,15,female,9,9,0,598724.60275887,25024.6387463994,0.0417965766415611,1007,TRUE,region,Southeast,1.50319528519937,13.3025570097034,TRUE,2018Q3,23,-1,3,1,0,0,0,1,1,1,0,-2
2018,3,3,16,female,787,787,0,622402.21264496,32883.116245669,0.0528325824966607,954,TRUE,region,Southeast,126.445565907545,13.3413418068608,TRUE,2018Q3,23,-1,3,0,0,0,0,1,1,1,0,-2
2018,3,3,17,female,1157,1157,0,613686.23592077,25203.9693521955,0.0410697973605023,1029,TRUE,region,Southeast,188.532825453393,13.3272390601002,TRUE,2018Q3,23,-1,3,0,0,0,0,1,1,1,0,-2
2018,3,3,18,female,2839,2836,3,652577.79172481,26167.5345892171,0.0400987206752078,1109,TRUE,region,Southeast,435.043919054665,13.3886856321069,TRUE,2018Q3,23,-1,3,0,0,0,0,1,1,1,0,-2
2018,3,3,19,female,3634,3620,14,655928.25417889,30219.0134064242,0.0460706078963671,1038,TRUE,region,Southeast,554.024007480688,13.3938066933153,TRUE,2018Q3,23,-1,3,0,0,0,0,1,1,1,0,-2
2018,3,3,15,male,0,0,0,614199.69293072,27899.1718174015,0.0454236173324633,1077,TRUE,region,Southeast,0,13.3280753870388,TRUE,2018Q3,23,-1,3,1,0,0,0,1,1,1,0,-2
2018,3,3,16,male,17,17,0,632885.78681613,25642.5073802956,0.0405168008422117,1064,TRUE,region,Southeast,2.68610867144326,13.3580452532765,TRUE,2018Q3,23,-1,3,0,0,0,0,1,1,1,0,-2
2018,3,3,17,male,120,120,0,657859.67776285,27800.171223953,0.0422585122080922,1090,TRUE,region,Southeast,18.2409720577613,13.3967469318857,TRUE,2018Q3,23,-1,3,0,0,0,0,1,1,1,0,-2
2018,3,3,18,male,632,630,2,690554.14242148,27162.0255147911,0.0393336653076114,1161,TRUE,region,Southeast,91.5207021688183,13.4452496592159,TRUE,2018Q3,23,-1,3,0,0,0,0,1,1,1,0,-2
2018,3,3,19,male,1365,1363,2,676858.59313797,32654.9677477474,0.0482448890784652,1090,TRUE,region,Southeast,201.666938092897,13.4252176573123,TRUE,2018Q3,23,-1,3,0,0,0,0,1,1,1,0,-2
2018,3,4,15,combined,34,34,0,404086.30287296,14242.7135942137,0.0352467121329064,1217,TRUE,region,South,8.41404416785916,12.9093837551022,TRUE,2018Q3,23,-1,3,1,0,0,0,1,1,1,0,-2
2018,3,4,16,combined,406,406,0,408027.55509369,14902.0199984263,0.0365220922273364,1202,TRUE,region,South,99.5030837823626,12.9190899881001,TRUE,2018Q3,23,-1,3,0,0,0,0,1,1,1,0,-2
2018,3,4,17,combined,497,497,0,404811.37460492,12934.3856342492,0.0319516358621905,1244,TRUE,region,South,122.773229997564,12.9111764958811,TRUE,2018Q3,23,-1,3,0,0,0,0,1,1,1,0,-2
2018,3,4,18,combined,1185,1182,3,470090.72194559,15431.8218930827,0.0328273270938302,1412,TRUE,region,South,252.07900192022,13.0606809804754,TRUE,2018Q3,23,-1,3,0,0,0,0,1,1,1,0,-2
2018,3,4,19,combined,1500,1489,11,443363.95688599,15404.0077477585,0.0347434822080489,1288,TRUE,region,South,338.322494804358,13.0021462848269,TRUE,2018Q3,23,-1,3,0,0,0,0,1,1,1,0,-2
2018,3,4,15,female,32,32,0,185268.26621618,9598.64805642722,0.0518094558364736,568,TRUE,region,South,17.2722510193197,12.1295601413537,TRUE,2018Q3,23,-1,3,1,0,0,0,1,1,1,0,-2
2018,3,4,16,female,388,388,0,198280.92313906,10265.1619157094,0.0517707994959767,580,TRUE,region,South,195.681961661982,12.1974401078583,TRUE,2018Q3,23,-1,3,0,0,0,0,1,1,1,0,-2
2018,3,4,17,female,436,436,0,213732.1881589,9553.21573488436,0.0446971315700094,637,TRUE,region,South,203.993607025561,12.2724790530761,TRUE,2018Q3,23,-1,3,0,0,0,0,1,1,1,0,-2
2018,3,4,18,female,891,889,2,230008.01533403,10550.0551257426,0.0458682064206383,669,TRUE,region,South,387.377804510874,12.3458694365765,TRUE,2018Q3,23,-1,3,0,0,0,0,1,1,1,0,-2
2018,3,4,19,female,1023,1017,6,217434.67711764,10914.2044468171,0.0501953257479355,614,TRUE,region,South,470.486131081345,12.28965374931,TRUE,2018Q3,23,-1,3,0,0,0,0,1,1,1,0,-2
2018,3,4,15,male,2,2,0,218818.03665678,10183.0032325162,0.046536397950085,649,TRUE,region,South,0.914001437247623,12.2959957805784,TRUE,2018Q3,23,-1,3,1,0,0,0,1,1,1,0,-2
2018,3,4,16,male,18,18,0,209746.63195463,10371.8040085495,0.0494492040796776,622,TRUE,region,South,8.58178261660648,12.2536555667733,TRUE,2018Q3,23,-1,3,0,0,0,0,1,1,1,0,-2
2018,3,4,17,male,61,61,0,191079.18644602,9187.91872495766,0.0480843512883244,607,TRUE,region,South,31.9239374704123,12.1604432098332,TRUE,2018Q3,23,-1,3,0,0,0,0,1,1,1,0,-2
2018,3,4,18,male,294,293,1,240082.70661156,10390.5541880677,0.0432790613481338,743,TRUE,region,South,122.457799709696,12.3887387538409,TRUE,2018Q3,23,-1,3,0,0,0,0,1,1,1,0,-2
2018,3,4,19,male,477,472,5,225929.27976835,10468.2649322207,0.0463342553163275,674,TRUE,region,South,211.128013371741,12.3279773079053,TRUE,2018Q3,23,-1,3,0,0,0,0,1,1,1,0,-2
2018,3,5,15,combined,13,13,0,246665.71258846,9828.91964284123,0.0398471256491165,845,TRUE,region,Central-West,5.27029065514645,12.4157893086201,TRUE,2018Q3,23,-1,3,1,0,0,0,1,1,1,0,-2
2018,3,5,16,combined,314,314,0,232377.7943265,9570.04545937721,0.0411831323518413,805,TRUE,region,Central-West,135.124787163965,12.3561197500251,TRUE,2018Q3,23,-1,3,0,0,0,0,1,1,1,0,-2
2018,3,5,17,combined,382,381,1,242930.91936943,10542.9693467052,0.0433990427158115,805,TRUE,region,Central-West,157.246348464637,12.4005323994764,TRUE,2018Q3,23,-1,3,0,0,0,0,1,1,1,0,-2
2018,3,5,18,combined,1007,1006,1,263519.32715301,10222.5826646926,0.0387925347834427,877,TRUE,region,Central-West,382.135159071386,12.481881992103,TRUE,2018Q3,23,-1,3,0,0,0,0,1,1,1,0,-2
2018,3,5,19,combined,1244,1241,3,245897.63044716,10158.5301669084,0.0413120295158407,827,TRUE,region,Central-West,505.90158097002,12.4126705919121,TRUE,2018Q3,23,-1,3,0,0,0,0,1,1,1,0,-2
2018,3,5,15,female,13,13,0,119126.25786194,6692.80494649821,0.0561824493324953,409,TRUE,region,Central-West,10.9127913806091,11.6879392000776,TRUE,2018Q3,23,-1,3,1,0,0,0,1,1,1,0,-2
2018,3,5,16,female,299,299,0,111829.76581531,6470.34718152903,0.0578588995010058,391,TRUE,region,Central-West,267.370675258148,11.6247330459067,TRUE,2018Q3,23,-1,3,0,0,0,0,1,1,1,0,-2
2018,3,5,17,female,337,337,0,118282.60874114,7424.26160945857,0.0627671446248406,387,TRUE,region,Central-West,284.910861864334,11.6808320293635,TRUE,2018Q3,23,-1,3,0,0,0,0,1,1,1,0,-2
2018,3,5,18,female,800,799,1,135953.94486187,7149.78539254688,0.0525897604502106,430,TRUE,region,Central-West,588.434562022312,11.8200714666449,TRUE,2018Q3,23,-1,3,0,0,0,0,1,1,1,0,-2
2018,3,5,19,female,859,857,2,127551.21560566,6745.5770291834,0.0528852429759523,430,TRUE,region,Central-West,673.454969379282,11.7562732539492,TRUE,2018Q3,23,-1,3,0,0,0,0,1,1,1,0,-2
2018,3,5,15,male,0,0,0,127539.45472652,7249.94431418542,0.056844717814823,436,TRUE,region,Central-West,0,11.7561810445467,TRUE,2018Q3,23,-1,3,1,0,0,0,1,1,1,0,-2
2018,3,5,16,male,15,15,0,120548.02851119,6829.19972175898,0.0566512767243228,414,TRUE,region,Central-West,12.4431732192183,11.6998035293585,TRUE,2018Q3,23,-1,3,0,0,0,0,1,1,1,0,-2
2018,3,5,17,male,45,44,1,124648.31062829,7315.85466079084,0.0586919680171778,418,TRUE,region,Central-West,36.1015723142796,11.733251535938,TRUE,2018Q3,23,-1,3,0,0,0,0,1,1,1,0,-2
2018,3,5,18,male,207,207,0,127565.38229114,7112.4504515056,0.0557553336474389,447,TRUE,region,Central-West,162.269728888961,11.7563843144259,TRUE,2018Q3,23,-1,3,0,0,0,0,1,1,1,0,-2
2018,3,5,19,male,385,384,1,118346.4148415,7342.30778262889,0.0620408129174201,397,TRUE,region,Central-West,325.31614964055,11.6813713216358,TRUE,2018Q3,23,-1,3,0,0,0,0,1,1,1,0,-2
2018,4,1,15,combined,10,10,0,333803.13435977,13358.9178950691,0.0400203488822574,1461,TRUE,region,North,2.99577774162602,12.7183066800992,TRUE,2018Q4,24,0,4,1,0,0,0,1,1,1,0,-1
2018,4,1,16,combined,367,367,0,342147.45967683,12595.5357378694,0.0368131791765058,1510,TRUE,region,North,107.263692779319,12.742997091764,TRUE,2018Q4,24,0,4,0,0,0,0,1,1,1,0,-1
2018,4,1,17,combined,483,483,0,329020.58023076,11830.3380077743,0.0359562249859174,1448,TRUE,region,North,146.799327768873,12.703875581684,TRUE,2018Q4,24,0,4,0,0,0,0,1,1,1,0,-1
2018,4,1,18,combined,1085,1083,2,359139.09895656,14056.4203504973,0.0391392092683217,1540,TRUE,region,North,302.1113555033,12.7914650547008,TRUE,2018Q4,24,0,4,0,0,0,0,1,1,1,0,-1
2018,4,1,19,combined,1364,1358,6,331487.94630399,12087.2634839415,0.0364636591426976,1434,TRUE,region,North,411.478008539456,12.711346726873,TRUE,2018Q4,24,0,4,0,0,0,0,1,1,1,0,-1
2018,4,1,15,female,9,9,0,165206.0318218,10268.0731495176,0.0621531371239115,694,TRUE,region,North,5.44774297932891,12.014948651641,TRUE,2018Q4,24,0,4,1,0,0,0,1,1,1,0,-1
2018,4,1,16,female,354,354,0,170929.83696023,8098.4410070452,0.0473787441155136,757,TRUE,region,North,207.102520130739,12.0490084411105,TRUE,2018Q4,24,0,4,0,0,0,0,1,1,1,0,-1
2018,4,1,17,female,443,443,0,163968.25153182,7969.53039755345,0.0486041067285935,697,TRUE,region,North,270.174253772555,12.0074280998451,TRUE,2018Q4,24,0,4,0,0,0,0,1,1,1,0,-1
2018,4,1,18,female,870,870,0,172925.92118008,9525.5102254269,0.0550843399325154,716,TRUE,region,North,503.105603869536,12.0606185805044,TRUE,2018Q4,24,0,4,0,0,0,0,1,1,1,0,-1
2018,4,1,19,female,960,957,3,167283.61828556,9093.91907345625,0.0543622810569088,691,TRUE,region,North,573.875678825431,12.0274459639831,TRUE,2018Q4,24,0,4,0,0,0,0,1,1,1,0,-1
2018,4,1,15,male,1,1,0,168597.10253797,8125.13865390659,0.0481926351734112,767,TRUE,region,North,0.593130003390651,12.0352671389809,TRUE,2018Q4,24,0,4,1,0,0,0,1,1,1,0,-1
2018,4,1,16,male,13,13,0,171217.6227166,8675.73243216305,0.0506707913269135,753,TRUE,region,North,7.59267638093402,12.0506906738209,TRUE,2018Q4,24,0,4,0,0,0,0,1,1,1,0,-1
2018,4,1,17,male,40,40,0,165052.32869894,8465.75942390721,0.051291366142122,751,TRUE,region,North,24.2347383495334,12.0140178462332,TRUE,2018Q4,24,0,4,0,0,0,0,1,1,1,0,-1
2018,4,1,18,male,215,213,2,186213.17777648,9340.89570471372,0.0501623774227516,824,TRUE,region,North,115.45906823956,12.1346474134824,TRUE,2018Q4,24,0,4,0,0,0,0,1,1,1,0,-1
2018,4,1,19,male,404,401,3,164204.32801843,7897.56640322814,0.0480959698111108,743,TRUE,region,North,246.034927870266,12.0088668338652,TRUE,2018Q4,24,0,4,0,0,0,0,1,1,1,0,-1
2018,4,2,15,combined,18,18,0,964070.49128074,24957.4204564317,0.0258875473133469,3266,TRUE,region,Northeast,1.86708338890111,13.7789196946545,TRUE,2018Q4,24,0,4,1,0,0,0,1,1,1,0,-1
2018,4,2,16,combined,862,861,1,979830.7887143,24446.457859586,0.024949673087599,3382,TRUE,region,Northeast,87.9743737315181,13.7951351711613,TRUE,2018Q4,24,0,4,0,0,0,0,1,1,1,0,-1
2018,4,2,17,combined,1396,1393,3,961743.57391614,22267.5339904058,0.0231532963612475,3358,TRUE,region,Northeast,145.153036408198,13.776503138935,TRUE,2018Q4,24,0,4,0,0,0,0,1,1,1,0,-1
2018,4,2,18,combined,3070,3067,3,1056468.01086196,24125.4695637067,0.0228359678813399,3592,TRUE,region,Northeast,290.590909373131,13.8704418371719,TRUE,2018Q4,24,0,4,0,0,0,0,1,1,1,0,-1
2018,4,2,19,combined,4018,4008,10,936427.81529766,21937.6618008163,0.0234269651567783,3168,TRUE,region,Northeast,429.077386891034,13.7498277186618,TRUE,2018Q4,24,0,4,0,0,0,0,1,1,1,0,-1
2018,4,2,15,female,17,17,0,473456.82046808,15839.7789413234,0.033455593533669,1586,TRUE,region,Northeast,3.5906125469252,13.0678159951967,TRUE,2018Q4,24,0,4,1,0,0,0,1,1,1,0,-1
2018,4,2,16,female,813,812,1,484131.31740969,15630.2819443373,0.0322852114338853,1681,TRUE,region,Northeast,167.92964445058,13.0901114658611,TRUE,2018Q4,24,0,4,0,0,0,0,1,1,1,0,-1
2018,4,2,17,female,1266,1265,1,466645.61821782,16254.2547249833,0.0348321169007446,1578,TRUE,region,Northeast,271.297950859373,13.0533254010812,TRUE,2018Q4,24,0,4,0,0,0,0,1,1,1,0,-1
2018,4,2,18,female,2455,2454,1,504493.57784829,15999.7539831898,0.0317144849522767,1663,TRUE,region,Northeast,486.626610881905,13.131310388959,TRUE,2018Q4,24,0,4,0,0,0,0,1,1,1,0,-1
2018,4,2,19,female,2796,2787,9,466946.28537386,15947.9235242086,0.034153657548512,1536,TRUE,region,Northeast,598.784075937425,13.0539695094229,TRUE,2018Q4,24,0,4,0,0,0,0,1,1,1,0,-1
2018,4,2,15,male,1,1,0,490613.67081266,18192.4874049855,0.0370810853575507,1680,TRUE,region,Northeast,0.203826362674237,13.1034122759149,TRUE,2018Q4,24,0,4,1,0,0,0,1,1,1,0,-1
2018,4,2,16,male,49,49,0,495699.47130461,16844.7324207848,0.033981743769974,1701,TRUE,region,Northeast,9.88502163842116,13.1137251174449,TRUE,2018Q4,24,0,4,0,0,0,0,1,1,1,0,-1
2018,4,2,17,male,130,128,2,495097.95569832,15798.184599497,0.031909209920316,1780,TRUE,region,Northeast,26.2574301719019,13.1125109122728,TRUE,2018Q4,24,0,4,0,0,0,0,1,1,1,0,-1
2018,4,2,18,male,615,613,2,551974.43301367,17270.600442382,0.031288768844035,1929,TRUE,region,Northeast,111.418204035688,13.2212570071823,TRUE,2018Q4,24,0,4,0,0,0,0,1,1,1,0,-1
2018,4,2,19,male,1222,1221,1,469481.5299238,14548.6210997929,0.0309886974726232,1632,TRUE,region,Northeast,260.287129974706,13.0593842369712,TRUE,2018Q4,24,0,4,0,0,0,0,1,1,1,0,-1
2018,4,3,15,combined,13,13,0,1202153.57216801,35671.4971629823,0.0296729951886687,2009,TRUE,region,Southeast,1.0813926191273,13.9996251497831,TRUE,2018Q4,24,0,4,1,0,0,0,1,1,1,0,-1
2018,4,3,16,combined,1020,1020,0,1225492.80829664,38040.3988996644,0.0310408993362745,2068,TRUE,region,Southeast,83.2318225855391,14.0188536135501,TRUE,2018Q4,24,0,4,0,0,0,0,1,1,1,0,-1
2018,4,3,17,combined,1648,1647,1,1275546.01300759,39407.4416027128,0.0308945668763407,2048,TRUE,region,Southeast,129.199572825617,14.0588848903999,TRUE,2018Q4,24,0,4,0,0,0,0,1,1,1,0,-1
2018,4,3,18,combined,4268,4251,17,1341037.79437363,38173.0485301509,0.0284653040281991,2208,TRUE,region,Southeast,318.260978020645,14.1089543455905,TRUE,2018Q4,24,0,4,0,0,0,0,1,1,1,0,-1
2018,4,3,19,combined,6351,6320,31,1309364.51237926,40310.7613724599,0.030786508257514,2120,TRUE,region,Southeast,485.044457823248,14.0850524724218,TRUE,2018Q4,24,0,4,0,0,0,0,1,1,1,0,-1
2018,4,3,15,female,13,13,0,603158.49108476,25731.6485134369,0.0426615042211532,983,TRUE,region,Southeast,2.15532073114314,13.3099352787934,TRUE,2018Q4,24,0,4,1,0,0,0,1,1,1,0,-1
2018,4,3,16,female,980,980,0,597943.14625728,25667.1759015456,0.042925779921059,979,TRUE,region,Southeast,163.895180693037,13.3012509552647,TRUE,2018Q4,24,0,4,0,0,0,0,1,1,1,0,-1
2018,4,3,17,female,1506,1505,1,653394.46386182,28401.8953743635,0.0434682216413299,1015,TRUE,region,Southeast,230.488637920031,13.3899363052969,TRUE,2018Q4,24,0,4,0,0,0,0,1,1,1,0,-1
2018,4,3,18,female,3476,3466,10,649425.27334795,26054.7191066394,0.040119656834913,1055,TRUE,region,Southeast,535.242489421508,13.3838430558917,TRUE,2018Q4,24,0,4,0,0,0,0,1,1,1,0,-1
2018,4,3,19,female,4622,4596,26,654339.90609387,28745.3889397473,0.0439303619908268,1049,TRUE,region,Southeast,706.360709006939,13.3913822295128,TRUE,2018Q4,24,0,4,0,0,0,0,1,1,1,0,-1
2018,4,3,15,male,0,0,0,598995.08108325,25013.8368110108,0.0417596698219535,1026,TRUE,region,Southeast,0,13.3030086651828,TRUE,2018Q4,24,0,4,1,0,0,0,1,1,1,0,-1
2018,4,3,16,male,40,40,0,627549.66203936,27506.2421092286,0.0438311798620703,1089,TRUE,region,Southeast,6.3739975367067,13.3495780895487,TRUE,2018Q4,24,0,4,0,0,0,0,1,1,1,0,-1
2018,4,3,17,male,142,142,0,622151.54914577,26040.0924548403,0.0418549025403762,1033,TRUE,region,Southeast,22.8240209632154,13.3409389901883,TRUE,2018Q4,24,0,4,0,0,0,0,1,1,1,0,-1
2018,4,3,18,male,792,785,7,691612.52102568,28213.9277421497,0.040794414335223,1153,TRUE,region,Southeast,114.514988656574,13.4467811370601,TRUE,2018Q4,24,0,4,0,0,0,0,1,1,1,0,-1
2018,4,3,19,male,1729,1724,5,655024.60628539,25402.4714446786,0.0387809422744203,1071,TRUE,region,Southeast,263.9595495206,13.3924280807597,TRUE,2018Q4,24,0,4,0,0,0,0,1,1,1,0,-1
2018,4,4,15,combined,40,40,0,410654.82481801,14233.9563144449,0.0346616073992384,1211,TRUE,region,South,9.74054061527874,12.9255082983213,TRUE,2018Q4,24,0,4,1,0,0,0,1,1,1,0,-1
2018,4,4,16,combined,442,442,0,405837.11415752,13955.1365287284,0.0343860530294228,1245,TRUE,region,South,108.910689678432,12.9137071614266,TRUE,2018Q4,24,0,4,0,0,0,0,1,1,1,0,-1
2018,4,4,17,combined,714,711,3,397253.80742663,13156.2324750574,0.0331179518713291,1218,TRUE,region,South,179.733960166479,12.8923306688128,TRUE,2018Q4,24,0,4,0,0,0,0,1,1,1,0,-1
2018,4,4,18,combined,1594,1591,3,477037.93778514,15357.8026349085,0.0321940906968823,1411,TRUE,region,South,334.145331794962,13.0753513008486,TRUE,2018Q4,24,0,4,0,0,0,0,1,1,1,0,-1
2018,4,4,19,combined,2053,2048,5,472278.72625718,17213.6582361383,0.0364480915169669,1345,TRUE,region,South,434.700926774762,13.0653246120097,TRUE,2018Q4,24,0,4,0,0,0,0,1,1,1,0,-1
2018,4,4,15,female,39,39,0,187393.36296228,9677.7391026007,0.0516439800728093,560,TRUE,region,South,20.8118363337394,12.140965231736,TRUE,2018Q4,24,0,4,1,0,0,0,1,1,1,0,-1
2018,4,4,16,female,418,418,0,200541.75626053,10208.3446811695,0.0509038360465314,610,TRUE,region,South,208.435394101647,12.2087777646965,TRUE,2018Q4,24,0,4,0,0,0,0,1,1,1,0,-1
2018,4,4,17,female,628,626,2,196967.53675523,9732.56543059203,0.0494120279459382,585,TRUE,region,South,318.834265963538,12.1907942060966,TRUE,2018Q4,24,0,4,0,0,0,0,1,1,1,0,-1
2018,4,4,18,female,1239,1238,1,240845.82767984,11363.8646972636,0.0471831495140939,679,TRUE,region,South,514.436979015066,12.3919122885944,TRUE,2018Q4,24,0,4,0,0,0,0,1,1,1,0,-1
2018,4,4,19,female,1440,1437,3,230449.98398028,11695.7244934,0.0507516828224247,629,TRUE,region,South,624.86443918487,12.3477891286337,TRUE,2018Q4,24,0,4,0,0,0,0,1,1,1,0,-1
2018,4,4,15,male,1,1,0,223261.46185573,10539.0896265159,0.0472051447612853,651,TRUE,region,South,0.447905335604312,12.31609883832,TRUE,2018Q4,24,0,4,1,0,0,0,1,1,1,0,-1
2018,4,4,16,male,24,24,0,205295.35789699,9689.18562496664,0.0471963210674658,635,TRUE,region,South,11.6904737865736,12.2322049914362,TRUE,2018Q4,24,0,4,0,0,0,0,1,1,1,0,-1
2018,4,4,17,male,86,85,1,200286.2706714,9197.94089599591,0.0459239710498506,633,TRUE,region,South,42.9385397769456,12.2075029754774,TRUE,2018Q4,24,0,4,0,0,0,0,1,1,1,0,-1
2018,4,4,18,male,355,353,2,236192.1101053,10004.9330406239,0.0423593025023718,732,TRUE,region,South,150.301379602279,12.3724007787383,TRUE,2018Q4,24,0,4,0,0,0,0,1,1,1,0,-1
2018,4,4,19,male,613,611,2,241828.7422769,11432.3341194688,0.0472745051387583,716,TRUE,region,South,253.485170632902,12.3959850780758,TRUE,2018Q4,24,0,4,0,0,0,0,1,1,1,0,-1
2018,4,5,15,combined,16,16,0,242994.46732897,11082.1344890112,0.04560653010263,792,TRUE,region,Central-West,6.58451205736258,12.4007939538699,TRUE,2018Q4,24,0,4,1,0,0,0,1,1,1,0,-1
2018,4,5,16,combined,314,314,0,247292.3156427,10044.7396128364,0.0406188909943707,846,TRUE,region,Central-West,126.975235435007,12.4183263800089,TRUE,2018Q4,24,0,4,0,0,0,0,1,1,1,0,-1
2018,4,5,17,combined,477,477,0,237115.95855427,10067.8357163644,0.0424595450164951,774,TRUE,region,Central-West,201.167396285066,12.3763045770608,TRUE,2018Q4,24,0,4,0,0,0,0,1,1,1,0,-1
2018,4,5,18,combined,1080,1079,1,247804.60165083,10010.4047527561,0.0403963634495427,830,TRUE,region,Central-West,435.827257768917,12.4203958180243,TRUE,2018Q4,24,0,4,0,0,0,0,1,1,1,0,-1
2018,4,5,19,combined,1398,1396,2,252763.0208569,10810.9991029683,0.0427712846061008,830,TRUE,region,Central-West,553.087233749856,12.4402076522992,TRUE,2018Q4,24,0,4,0,0,0,0,1,1,1,0,-1
2018,4,5,15,female,14,14,0,122317.68739113,7063.9853044511,0.0577511352210486,397,TRUE,region,Central-West,11.4456055363709,11.7143769342039,TRUE,2018Q4,24,0,4,1,0,0,0,1,1,1,0,-1
2018,4,5,16,female,299,299,0,125962.5665731,7144.63140460036,0.0567202749116271,427,TRUE,region,Central-West,237.372108344967,11.7437400511038,TRUE,2018Q4,24,0,4,0,0,0,0,1,1,1,0,-1
2018,4,5,17,female,429,429,0,111462.76628281,6742.46762515915,0.0604907616239468,363,TRUE,region,Central-West,384.881888640298,11.6214458794304,TRUE,2018Q4,24,0,4,0,0,0,0,1,1,1,0,-1
2018,4,5,18,female,873,872,1,123759.76562357,7442.70878166171,0.0601383554999578,390,TRUE,region,Central-West,705.398879515765,11.7260975914472,TRUE,2018Q4,24,0,4,0,0,0,0,1,1,1,0,-1
2018,4,5,19,female,984,982,2,128371.28262677,7479.86566301589,0.0582674373112174,415,TRUE,region,Central-West,766.526578113975,11.7626819896686,TRUE,2018Q4,24,0,4,0,0,0,0,1,1,1,0,-1
2018,4,5,15,male,2,2,0,120676.77993784,7749.56110558584,0.0642174999165341,395,TRUE,region,Central-West,1.65731966085786,11.7008710102674,TRUE,2018Q4,24,0,4,1,0,0,0,1,1,1,0,-1
2018,4,5,16,male,15,15,0,121329.7490696,6787.35351473621,0.0559413793136809,419,TRUE,region,Central-West,12.3630025735859,11.7062673168793,TRUE,2018Q4,24,0,4,0,0,0,0,1,1,1,0,-1
2018,4,5,17,male,48,48,0,125653.19227146,7093.29060761132,0.0564513362484818,411,TRUE,region,Central-West,38.2003824433694,11.7412809487092,TRUE,2018Q4,24,0,4,0,0,0,0,1,1,1,0,-1
2018,4,5,18,male,207,207,0,124044.83602726,6869.7212844251,0.055380953407165,440,TRUE,region,Central-West,166.875145011687,11.7283983600976,TRUE,2018Q4,24,0,4,0,0,0,0,1,1,1,0,-1
2018,4,5,19,male,414,414,0,124391.73823013,7352.40727371386,0.059106877822638,415,TRUE,region,Central-West,332.819531176646,11.7311910441407,TRUE,2018Q4,24,0,4,0,0,0,0,1,1,1,0,-1
2019,1,1,15,combined,10,10,0,316334.30543516,12466.2355319423,0.0394084211473471,1465,TRUE,region,North,3.16121262480327,12.6645548619492,TRUE,2019Q1,25,1,1,1,1,0,0,0,0,0,0,
2019,1,1,16,combined,246,246,0,341069.44779568,12365.6228227193,0.0362554397722749,1505,TRUE,region,North,72.1260733231573,12.7398413947548,TRUE,2019Q1,25,1,1,0,1,0,0,0,0,0,0,
2019,1,1,17,combined,326,326,0,320460.85926057,11739.8094264149,0.036634144505208,1379,TRUE,region,North,101.728492132303,12.6775154238931,TRUE,2019Q1,25,1,1,0,1,0,0,0,0,0,0,
2019,1,1,18,combined,679,679,0,355339.93472006,12646.5984639458,0.0355901412373166,1540,TRUE,region,North,191.084630140128,12.7808301728787,TRUE,2019Q1,25,1,1,0,1,0,0,0,0,0,0,
2019,1,1,19,combined,914,911,3,330340.60767828,11704.1835153678,0.0354306532207102,1444,TRUE,region,North,276.684118983685,12.7078795456274,TRUE,2019Q1,25,1,1,0,1,0,0,0,0,0,0,
2019,1,1,15,female,10,10,0,156236.67758643,7774.2456047219,0.0497594145294161,715,TRUE,region,North,6.40054573259087,11.9591273005167,TRUE,2019Q1,25,1,1,1,1,0,0,0,0,0,0,
2019,1,1,16,female,243,243,0,163730.45758093,8653.05224276407,0.052849374335175,722,TRUE,region,North,148.414658818069,12.0059768033583,TRUE,2019Q1,25,1,1,0,1,0,0,0,0,0,0,
2019,1,1,17,female,305,305,0,165730.49625026,8325.95017400181,0.0502378883933907,685,TRUE,region,North,184.033721554443,12.0181182314428,TRUE,2019Q1,25,1,1,0,1,0,0,0,0,0,0,
2019,1,1,18,female,551,551,0,176930.25779765,8912.11915526227,0.0503708029717269,734,TRUE,region,North,311.422142746303,12.0835109101661,TRUE,2019Q1,25,1,1,0,1,0,0,0,0,0,0,
2019,1,1,19,female,644,641,3,163897.34506629,8092.01789044214,0.0493724769438409,702,TRUE,region,North,392.928878585268,12.0069955661034,TRUE,2019Q1,25,1,1,0,1,0,0,0,0,0,0,
2019,1,1,15,male,0,0,0,160097.62784873,8404.45009880409,0.0524957815536475,750,TRUE,region,North,0,11.98353908219,TRUE,2019Q1,25,1,1,1,1,0,0,0,0,0,0,
2019,1,1,16,male,3,3,0,177338.99021475,8706.06177866043,0.0490927672934066,783,TRUE,region,North,1.69167535935957,12.0858183788541,TRUE,2019Q1,25,1,1,0,1,0,0,0,0,0,0,
2019,1,1,17,male,21,21,0,154730.36301031,8432.71261215998,0.0544994043063034,694,TRUE,region,North,13.5719968540375,11.9494392875697,TRUE,2019Q1,25,1,1,0,1,0,0,0,0,0,0,
2019,1,1,18,male,128,128,0,178409.67692241,8507.51927919365,0.0476853017501598,806,TRUE,region,North,71.7449872720004,12.0918377404956,TRUE,2019Q1,25,1,1,0,1,0,0,0,0,0,0,
2019,1,1,19,male,270,270,0,166443.26261199,7845.48074893471,0.0471360668243086,742,TRUE,region,North,162.217440203284,12.0224097652359,TRUE,2019Q1,25,1,1,0,1,0,0,0,0,0,0,
2019,1,2,15,combined,11,11,0,951266.1592779,25156.4142024524,0.0264451898736191,3242,TRUE,region,Northeast,1.15635354971,13.7655491754281,TRUE,2019Q1,25,1,1,1,1,0,0,0,0,0,0,
2019,1,2,16,combined,689,689,0,947586.72946048,22856.059749147,0.0241202826491253,3244,TRUE,region,Northeast,72.711022493138,13.7616737468003,TRUE,2019Q1,25,1,1,0,1,0,0,0,0,0,0,
2019,1,2,17,combined,1085,1084,1,969250.06965572,26264.5312637997,0.0270977863051678,3291,TRUE,region,Northeast,111.942215323791,13.7842779273988,TRUE,2019Q1,25,1,1,0,1,0,0,0,0,0,0,
2019,1,2,18,combined,2323,2319,4,1044128.82633938,23628.8553527466,0.0226302107141196,3529,TRUE,region,Northeast,222.482124944699,13.8586934366888,TRUE,2019Q1,25,1,1,0,1,0,0,0,0,0,0,
2019,1,2,19,combined,2967,2963,4,976412.71103066,22471.7252974318,0.023014576770218,3234,TRUE,region,Northeast,303.867408369578,13.7916406356778,TRUE,2019Q1,25,1,1,0,1,0,0,0,0,0,0,
2019,1,2,15,female,11,11,0,464491.71563668,16444.4704958298,0.0354031513205554,1560,TRUE,region,Northeast,2.36818001908221,13.0486990020645,TRUE,2019Q1,25,1,1,1,1,0,0,0,0,0,0,
2019,1,2,16,female,665,665,0,451783.47070186,15679.9776278633,0.0347068422036422,1550,TRUE,region,Northeast,147.194406861965,13.0209582969149,TRUE,2019Q1,25,1,1,0,1,0,0,0,0,0,0,
2019,1,2,17,female,982,981,1,479971.83282354,16461.4293159089,0.034296656991455,1566,TRUE,region,Northeast,204.595339318803,13.0814826995446,TRUE,2019Q1,25,1,1,0,1,0,0,0,0,0,0,
2019,1,2,18,female,1848,1846,2,507289.28035015,16260.0392218603,0.0320527948286962,1659,TRUE,region,Northeast,364.28918796085,13.1368366925414,TRUE,2019Q1,25,1,1,0,1,0,0,0,0,0,0,
2019,1,2,19,female,2109,2108,1,499465.43815529,16858.5887625291,0.0337532639391307,1593,TRUE,region,Northeast,422.251439016344,13.1212936817945,TRUE,2019Q1,25,1,1,0,1,0,0,0,0,0,0,
2019,1,2,15,male,0,0,0,486774.44364122,17344.4497942058,0.0356313894880432,1682,TRUE,region,Northeast,0,13.0955561400346,TRUE,2019Q1,25,1,1,1,1,0,0,0,0,0,0,
2019,1,2,16,male,24,24,0,495803.25875862,15752.0727237439,0.0317708132116427,1694,TRUE,region,Northeast,4.84062974093607,13.1139344712898,TRUE,2019Q1,25,1,1,0,1,0,0,0,0,0,0,
2019,1,2,17,male,103,103,0,489278.23683218,17798.7638141397,0.0363775914689715,1725,TRUE,region,Northeast,21.0514166064019,13.1006865981196,TRUE,2019Q1,25,1,1,0,1,0,0,0,0,0,0,
2019,1,2,18,male,475,473,2,536839.54598923,16943.4483977385,0.0315614759090017,1870,TRUE,region,Northeast,88.480813969232,13.1934545318017,TRUE,2019Q1,25,1,1,0,1,0,0,0,0,0,0,
2019,1,2,19,male,858,855,3,476947.27287537,14838.9802357212,0.0311124123768682,1641,TRUE,region,Northeast,179.894099158462,13.0751612247152,TRUE,2019Q1,25,1,1,0,1,0,0,0,0,0,0,
2019,1,3,15,combined,7,7,0,1167983.89857267,38155.9681775317,0.0326682313207914,1928,TRUE,region,Southeast,0.599323330446106,13.9707896568067,TRUE,2019Q1,25,1,1,1,1,0,0,0,0,0,0,
2019,1,3,16,combined,744,743,1,1251773.76819261,37347.8436703197,0.0298359373069823,2114,TRUE,region,Southeast,59.4356599335225,14.0400721179829,TRUE,2019Q1,25,1,1,0,1,0,0,0,0,0,0,
2019,1,3,17,combined,1137,1135,2,1229426.61731032,39875.2730542856,0.0324340407901065,1976,TRUE,region,Southeast,92.4821363057417,14.0220584538717,TRUE,2019Q1,25,1,1,0,1,0,0,0,0,0,0,
2019,1,3,18,combined,3281,3275,6,1334178.44727541,40521.888642445,0.0303721655264307,2154,TRUE,region,Southeast,245.919127737394,14.1038262650838,TRUE,2019Q1,25,1,1,0,1,0,0,0,0,0,0,
2019,1,3,19,combined,4629,4604,25,1296768.51775951,40901.8772129664,0.0315413866490487,2092,TRUE,region,Southeast,356.964248946894,14.0753859722424,TRUE,2019Q1,25,1,1,0,1,0,0,0,0,0,0,
2019,1,3,15,female,7,7,0,564354.99631392,25196.209940868,0.0446460297249724,930,TRUE,region,Southeast,1.24035404058092,13.2434387585632,TRUE,2019Q1,25,1,1,1,1,0,0,0,0,0,0,
2019,1,3,16,female,722,722,0,608646.04358466,25861.7535366972,0.0424906295034512,1003,TRUE,region,Southeast,118.623953545764,13.3189921685039,TRUE,2019Q1,25,1,1,0,1,0,0,0,0,0,0,
2019,1,3,17,female,1025,1025,0,622341.50871303,28497.5640891705,0.0457908779828972,971,TRUE,region,Southeast,164.70056804015,13.3412442704267,TRUE,2019Q1,25,1,1,0,1,0,0,0,0,0,0,
2019,1,3,18,female,2709,2704,5,657533.89746215,26326.5262157524,0.0400382798778338,1042,TRUE,region,Southeast,411.993968745306,13.3962515967807,TRUE,2019Q1,25,1,1,0,1,0,0,0,0,0,0,
2019,1,3,19,female,3296,3281,15,632060.41525509,28489.8858109837,0.0450746243924888,987,TRUE,region,Southeast,521.469138147148,13.3567402623183,TRUE,2019Q1,25,1,1,0,1,0,0,0,0,0,0,
2019,1,3,15,male,0,0,0,603628.90225875,28312.1200253682,0.0469031882327463,998,TRUE,region,Southeast,0,13.3107148878619,TRUE,2019Q1,25,1,1,1,1,0,0,0,0,0,0,
2019,1,3,16,male,22,21,1,643127.72460795,27031.4523547294,0.0420312347305626,1111,TRUE,region,Southeast,3.42078239799274,13.3740986220753,TRUE,2019Q1,25,1,1,0,1,0,0,0,0,0,0,
2019,1,3,17,male,112,110,2,607085.10859729,26276.7888278008,0.0432835338170542,1005,TRUE,region,Southeast,18.448813587074,13.31642427207,TRUE,2019Q1,25,1,1,0,1,0,0,0,0,0,0,
2019,1,3,18,male,572,571,1,676644.54981326,30373.0931383856,0.0448878116978374,1112,TRUE,region,Southeast,84.5347827242324,13.4249013768107,TRUE,2019Q1,25,1,1,0,1,0,0,0,0,0,0,
2019,1,3,19,male,1333,1323,10,664708.10250442,26045.0625483929,0.0391827065899497,1105,TRUE,region,Southeast,200.539153197871,13.4071032796717,TRUE,2019Q1,25,1,1,0,1,0,0,0,0,0,0,
2019,1,4,15,combined,24,24,0,408899.3060076,14024.2225601881,0.0342974966064811,1205,TRUE,region,South,5.86941568434795,12.9212242091334,TRUE,2019Q1,25,1,1,1,1,0,0,0,0,0,0,
2019,1,4,16,combined,334,333,1,396912.75694456,14106.5043578711,0.0355405668148919,1194,TRUE,region,South,84.1494747034932,12.8914717797123,TRUE,2019Q1,25,1,1,0,1,0,0,0,0,0,0,
2019,1,4,17,combined,459,459,0,398066.78767626,13587.6320282607,0.034134050990738,1209,TRUE,region,South,115.307283654444,12.8943750784202,TRUE,2019Q1,25,1,1,0,1,0,0,0,0,0,0,
2019,1,4,18,combined,1066,1064,2,451304.55608105,15666.8619062036,0.0347146105553385,1347,TRUE,region,South,236.204129924307,13.019897681224,TRUE,2019Q1,25,1,1,0,1,0,0,0,0,0,0,
2019,1,4,19,combined,1366,1360,6,472741.72595995,19504.1870045899,0.0412575957093372,1350,TRUE,region,South,288.952703979366,13.066304484432,TRUE,2019Q1,25,1,1,0,1,0,0,0,0,0,0,
2019,1,4,15,female,21,21,0,198096.65245631,9730.22960935311,0.0491185968500861,570,TRUE,region,South,10.6008858502198,12.196510334292,TRUE,2019Q1,25,1,1,1,1,0,0,0,0,0,0,
2019,1,4,16,female,317,317,0,191506.13550757,10260.9366834908,0.0535801981293975,579,TRUE,region,South,165.529944594109,12.1626751262936,TRUE,2019Q1,25,1,1,0,1,0,0,0,0,0,0,
2019,1,4,17,female,412,412,0,199193.1931887,9350.61453307414,0.0469424400672974,583,TRUE,region,South,206.834376920552,12.2020304528093,TRUE,2019Q1,25,1,1,0,1,0,0,0,0,0,0,
2019,1,4,18,female,820,819,1,232386.5163269,12144.1939343372,0.0522585997083147,666,TRUE,region,South,352.860403848259,12.3561572830293,TRUE,2019Q1,25,1,1,0,1,0,0,0,0,0,0,
2019,1,4,19,female,951,947,4,234063.4095061,13474.768219813,0.0575688795110961,632,TRUE,region,South,406.300156870617,12.3633473384265,TRUE,2019Q1,25,1,1,0,1,0,0,0,0,0,0,
2019,1,4,15,male,3,3,0,210802.65355129,9945.6852283095,0.0471800760605209,635,TRUE,region,South,1.42313199073183,12.2586776835743,TRUE,2019Q1,25,1,1,1,1,0,0,0,0,0,0,
2019,1,4,16,male,17,16,1,205406.62143699,9736.44514250161,0.047400833889322,615,TRUE,region,South,8.27626679270165,12.2327468127486,TRUE,2019Q1,25,1,1,0,1,0,0,0,0,0,0,
2019,1,4,17,male,47,47,0,198873.59448756,9318.33818469476,0.0468555828575706,626,TRUE,region,South,23.6331022834406,12.2004246982993,TRUE,2019Q1,25,1,1,0,1,0,0,0,0,0,0,
2019,1,4,18,male,246,245,1,218918.03975415,9965.25818766325,0.0455204979857049,681,TRUE,region,South,112.370821644604,12.2964526910525,TRUE,2019Q1,25,1,1,0,1,0,0,0,0,0,0,
2019,1,4,19,male,415,413,2,238678.31645385,11697.3276808052,0.049008757287204,718,TRUE,region,South,173.874194424462,12.3828719680409,TRUE,2019Q1,25,1,1,0,1,0,0,0,0,0,0,
2019,1,5,15,combined,11,11,0,251878.79588041,11171.9423335363,0.044354437595615,812,TRUE,region,Central-West,4.36717984201525,12.4367032820625,TRUE,2019Q1,25,1,1,1,1,0,0,0,0,0,0,
2019,1,5,16,combined,269,269,0,264987.20817911,10651.9360209108,0.0401979253795185,856,TRUE,region,Central-West,101.514334162945,12.4874368327811,TRUE,2019Q1,25,1,1,0,1,0,0,0,0,0,0,
2019,1,5,17,combined,355,355,0,239294.37118083,10327.820045826,0.0431594775709181,788,TRUE,region,Central-West,148.352841835855,12.3854497516007,TRUE,2019Q1,25,1,1,0,1,0,0,0,0,0,0,
2019,1,5,18,combined,736,734,2,242529.99917284,9911.35849950512,0.0408665259279606,818,TRUE,region,Central-West,303.467613289145,12.3988806896377,TRUE,2019Q1,25,1,1,0,1,0,0,0,0,0,0,
2019,1,5,19,combined,1038,1032,6,266012.733283,11251.4632978208,0.0422967094806354,862,TRUE,region,Central-West,390.206884907165,12.4912994561031,TRUE,2019Q1,25,1,1,0,1,0,0,0,0,0,0,
2019,1,5,15,female,8,8,0,123355.74633939,7282.12468217695,0.0590335261897047,403,TRUE,region,Central-West,6.48530793043845,11.7228277065181,TRUE,2019Q1,25,1,1,1,1,0,0,0,0,0,0,
2019,1,5,16,female,250,250,0,125437.57589489,7124.68076276116,0.0567986164586859,404,TRUE,region,Central-West,199.302320868738,11.73956351058,TRUE,2019Q1,25,1,1,0,1,0,0,0,0,0,0,
2019,1,5,17,female,312,312,0,118586.45999597,7203.8324076442,0.0607475120506086,389,TRUE,region,Central-West,263.099176761498,11.683397593733,TRUE,2019Q1,25,1,1,0,1,0,0,0,0,0,0,
2019,1,5,18,female,588,587,1,123246.37268905,7581.40218441117,0.0615142013431829,396,TRUE,region,Central-West,477.093148602045,11.721940660957,TRUE,2019Q1,25,1,1,0,1,0,0,0,0,0,0,
2019,1,5,19,female,725,725,0,128935.6173999,7505.11766486291,0.0582082578593115,397,TRUE,region,Central-West,562.296140213435,11.7670684688337,TRUE,2019Q1,25,1,1,0,1,0,0,0,0,0,0,
2019,1,5,15,male,3,3,0,128523.04954102,7794.56928518246,0.0606472482019244,409,TRUE,region,Central-West,2.33421165364,11.7638635410919,TRUE,2019Q1,25,1,1,1,1,0,0,0,0,0,0,
2019,1,5,16,male,19,19,0,139549.63228422,7824.71407660136,0.0560711909341674,452,TRUE,region,Central-West,13.6152275638411,11.84617560395,TRUE,2019Q1,25,1,1,0,1,0,0,0,0,0,0,
2019,1,5,17,male,43,43,0,120707.91118486,6878.20274403593,0.0569822033744102,399,TRUE,region,Central-West,35.6231829197566,11.701128949137,TRUE,2019Q1,25,1,1,0,1,0,0,0,0,0,0,
2019,1,5,18,male,148,147,1,119283.62648379,7030.56575519356,0.0589399061919783,422,TRUE,region,Central-West,124.074027896957,11.6892593520934,TRUE,2019Q1,25,1,1,0,1,0,0,0,0,0,0,
2019,1,5,19,male,313,307,6,137077.1158831,7588.23541209573,0.0553574195314046,465,TRUE,region,Central-West,228.33862383487,11.828298936105,TRUE,2019Q1,25,1,1,0,1,0,0,0,0,0,0,
2019,2,1,15,combined,6,6,0,331928.33512926,12332.3422760575,0.0371536291749694,1519,TRUE,region,North,1.80761910478763,12.7126743665535,TRUE,2019Q2,26,2,2,1,0,1,0,1,1,1,0,0
2019,2,1,16,combined,236,236,0,334727.30755845,12764.7211162239,0.0381346870362374,1502,TRUE,region,North,70.5051529023487,12.7210714720352,TRUE,2019Q2,26,2,2,0,0,1,0,1,1,1,0,0
2019,2,1,17,combined,337,337,0,341498.22286313,12309.2560935837,0.036044861347689,1532,TRUE,region,North,98.6827975778566,12.7410977540647,TRUE,2019Q2,26,2,2,0,0,1,0,1,1,1,0,0
2019,2,1,18,combined,770,769,1,339616.25909399,11891.8509390328,0.0350155524672383,1504,TRUE,region,North,226.726483017676,12.735571609464,TRUE,2019Q2,26,2,2,0,0,1,0,1,1,1,0,0
2019,2,1,19,combined,972,970,2,323132.80102549,12341.0770574296,0.0381919663316882,1406,TRUE,region,North,300.805116941169,12.6858186663921,TRUE,2019Q2,26,2,2,0,0,1,0,1,1,1,0,0
2019,2,1,15,female,6,6,0,149690.96806457,7458.97395316361,0.0498291516823256,703,TRUE,region,North,4.00825786457061,11.9163282350176,TRUE,2019Q2,26,2,2,1,0,1,0,1,1,1,0,0
2019,2,1,16,female,224,224,0,160071.54192689,9073.89915233501,0.0566865230577922,703,TRUE,region,North,139.937428791876,11.9833761313231,TRUE,2019Q2,26,2,2,0,0,1,0,1,1,1,0,0
2019,2,1,17,female,311,311,0,171110.95726411,8371.68744268715,0.0489254900828206,730,TRUE,region,North,181.753410168801,12.0500674979473,TRUE,2019Q2,26,2,2,0,0,1,0,1,1,1,0,0
2019,2,1,18,female,622,621,1,164401.05595016,7997.78063915832,0.0486479882561273,706,TRUE,region,North,378.343068665305,12.0100641846381,TRUE,2019Q2,26,2,2,0,0,1,0,1,1,1,0,0
2019,2,1,19,female,677,676,1,167368.59512936,8734.42012145273,0.0521867326107497,691,TRUE,region,North,404.496434636823,12.0279538156705,TRUE,2019Q2,26,2,2,0,0,1,0,1,1,1,0,0
2019,2,1,15,male,0,0,0,182237.36706469,9244.80488452029,0.0507294691172673,816,TRUE,region,North,0,12.1130653309509,TRUE,2019Q2,26,2,2,1,0,1,0,1,1,1,0,0
2019,2,1,16,male,12,12,0,174655.76563156,8506.90907465227,0.0487067177192293,799,TRUE,region,North,6.8706578088663,12.0705722621811,TRUE,2019Q2,26,2,2,0,0,1,0,1,1,1,0,0
2019,2,1,17,male,26,26,0,170387.26559902,8569.2901432958,0.050293019922406,802,TRUE,region,North,15.2593563307642,12.0458291581846,TRUE,2019Q2,26,2,2,0,0,1,0,1,1,1,0,0
2019,2,1,18,male,148,148,0,175215.20314383,8559.38392007212,0.0488506919861624,798,TRUE,region,North,84.467556093583,12.0737702296547,TRUE,2019Q2,26,2,2,0,0,1,0,1,1,1,0,0
2019,2,1,19,male,295,294,1,155764.20589613,7586.64844178503,0.0487059809289184,715,TRUE,region,North,189.388825438316,11.9560986420963,TRUE,2019Q2,26,2,2,0,0,1,0,1,1,1,0,0
2019,2,2,15,combined,10,10,0,934519.45723312,23768.8110978013,0.0254342602648155,3160,TRUE,region,Northeast,1.0700686778216,13.7477877266702,TRUE,2019Q2,26,2,2,1,0,1,0,1,1,1,0,0
2019,2,2,16,combined,584,584,0,959714.65325714,23700.5352858347,0.0246953979554218,3250,TRUE,region,Northeast,60.8514205777711,13.7743912830701,TRUE,2019Q2,26,2,2,0,0,1,0,1,1,1,0,0
2019,2,2,17,combined,939,938,1,972029.46310967,22687.476336302,0.023340317549348,3329,TRUE,region,Northeast,96.6020100868132,13.7871413948244,TRUE,2019Q2,26,2,2,0,0,1,0,1,1,1,0,0
2019,2,2,18,combined,2003,2002,1,1011961.05149598,23663.5413500322,0.0233838459642794,3357,TRUE,region,Northeast,197.932518948132,13.8274006414249,TRUE,2019Q2,26,2,2,0,0,1,0,1,1,1,0,0
2019,2,2,19,combined,2748,2742,6,986095.07375959,22592.2407213418,0.0229108138987111,3293,TRUE,region,Northeast,278.674954690014,13.8015080526276,TRUE,2019Q2,26,2,2,0,0,1,0,1,1,1,0,0
2019,2,2,15,female,8,8,0,459200.69139483,17114.726376632,0.0372706894770688,1520,TRUE,region,Northeast,1.74215765566464,13.0372426296371,TRUE,2019Q2,26,2,2,1,0,1,0,1,1,1,0,0
2019,2,2,16,female,561,561,0,459866.13598998,15855.5113555178,0.0344785365014642,1562,TRUE,region,Northeast,121.99202248113,13.0386907173966,TRUE,2019Q2,26,2,2,0,0,1,0,1,1,1,0,0
2019,2,2,17,female,834,834,0,458474.04853624,15342.3396862355,0.0334639217535184,1539,TRUE,region,Northeast,181.907787946274,13.0356589682834,TRUE,2019Q2,26,2,2,0,0,1,0,1,1,1,0,0
2019,2,2,18,female,1599,1598,1,504735.78880271,16646.6571051992,0.0329809327463917,1608,TRUE,region,Northeast,316.799409804684,13.1317903808559,TRUE,2019Q2,26,2,2,0,0,1,0,1,1,1,0,0
2019,2,2,19,female,1929,1925,4,501573.49189134,17056.2944988015,0.0340055740076802,1589,TRUE,region,Northeast,384.589702443425,13.1255054197978,TRUE,2019Q2,26,2,2,0,0,1,0,1,1,1,0,0
2019,2,2,15,male,2,2,0,475318.76583829,16053.4990414754,0.0337741747123383,1640,TRUE,region,Northeast,0.420770258559585,13.0717409439146,TRUE,2019Q2,26,2,2,1,0,1,0,1,1,1,0,0
2019,2,2,16,male,23,23,0,499848.51726716,17643.8230665442,0.0352983403111986,1688,TRUE,region,Northeast,4.60139406349522,13.1220603660353,TRUE,2019Q2,26,2,2,0,0,1,0,1,1,1,0,0
2019,2,2,17,male,105,104,1,513555.41457343,16318.0789795004,0.0317747189815037,1790,TRUE,region,Northeast,20.4457001173311,13.1491132179585,TRUE,2019Q2,26,2,2,0,0,1,0,1,1,1,0,0
2019,2,2,18,male,404,404,0,507225.26269327,16738.6160542784,0.0330003595747569,1749,TRUE,region,Northeast,79.6490296746729,13.136710489014,TRUE,2019Q2,26,2,2,0,0,1,0,1,1,1,0,0
2019,2,2,19,male,819,817,2,484521.58186825,14614.1908725654,0.0301621050938846,1704,TRUE,region,Northeast,169.032718179869,13.0909172539406,TRUE,2019Q2,26,2,2,0,0,1,0,1,1,1,0,0
2019,2,3,15,combined,7,7,0,1206133.87922764,39971.0468225843,0.0331398093619426,1941,TRUE,region,Southeast,0.580366750371237,14.0029306610762,TRUE,2019Q2,26,2,2,1,0,1,0,1,1,1,0,0
2019,2,3,16,combined,673,671,2,1183023.73002858,34881.3523118666,0.0294849134691693,2006,TRUE,region,Southeast,56.8881234515677,13.9835842019551,TRUE,2019Q2,26,2,2,0,0,1,0,1,1,1,0,0
2019,2,3,17,combined,1025,1025,0,1226274.2042667,38010.2695834961,0.0309965499161958,1955,TRUE,region,Southeast,83.58652546336,14.0194910281107,TRUE,2019Q2,26,2,2,0,0,1,0,1,1,1,0,0
2019,2,3,18,combined,3052,3048,4,1294389.31551545,38409.3005580959,0.0296736848007747,2064,TRUE,region,Southeast,235.786865931031,14.0735495708606,TRUE,2019Q2,26,2,2,0,0,1,0,1,1,1,0,0
2019,2,3,19,combined,4442,4437,5,1341792.36881606,41038.5774852386,0.0305848940856992,2106,TRUE,region,Southeast,331.049728947216,14.109516866821,TRUE,2019Q2,26,2,2,0,0,1,0,1,1,1,0,0
2019,2,3,15,female,6,6,0,594633.82342843,30375.5378552657,0.051082761623165,943,TRUE,region,Southeast,1.00902433793731,13.2957010722681,TRUE,2019Q2,26,2,2,1,0,1,0,1,1,1,0,0
2019,2,3,16,female,644,642,2,595010.17997438,25081.6262710708,0.042153272524095,971,TRUE,region,Southeast,108.233442329966,13.296333793582,TRUE,2019Q2,26,2,2,0,0,1,0,1,1,1,0,0
2019,2,3,17,female,925,925,0,608504.91344287,27483.3753446008,0.0451654123696424,949,TRUE,region,Southeast,152.011919635361,13.3187602660573,TRUE,2019Q2,26,2,2,0,0,1,0,1,1,1,0,0
2019,2,3,18,female,2489,2485,4,646940.88761167,26861.1562705926,0.0415202637288187,1005,TRUE,region,Southeast,384.733759708513,13.3800102054941,TRUE,2019Q2,26,2,2,0,0,1,0,1,1,1,0,0
2019,2,3,19,female,3212,3208,4,647713.04788314,26194.9063331292,0.040442147056848,1004,TRUE,region,Southeast,495.898609808383,13.3812030499166,TRUE,2019Q2,26,2,2,0,0,1,0,1,1,1,0,0
2019,2,3,15,male,1,1,0,611500.05579921,26078.4697830201,0.042646716931099,998,TRUE,region,Southeast,0.163532282706505,13.3236703253591,TRUE,2019Q2,26,2,2,1,0,1,0,1,1,1,0,0
2019,2,3,16,male,29,29,0,588013.5500542,25285.8181152625,0.0430021010790172,1035,TRUE,region,Southeast,4.93185913782547,13.2845052709251,TRUE,2019Q2,26,2,2,0,0,1,0,1,1,1,0,0
2019,2,3,17,male,100,100,0,617769.29082383,26369.9930273718,0.0426858269244914,1006,TRUE,region,Southeast,16.1872727384432,13.3338703509211,TRUE,2019Q2,26,2,2,0,0,1,0,1,1,1,0,0
2019,2,3,18,male,563,563,0,647448.42790378,26455.0095418426,0.0408604120447014,1059,TRUE,region,Southeast,86.9567328818458,13.3807944213587,TRUE,2019Q2,26,2,2,0,0,1,0,1,1,1,0,0
2019,2,3,19,male,1230,1229,1,694079.32093292,30342.68064712,0.0437164452707452,1102,TRUE,region,Southeast,177.213174763187,13.4503415282501,TRUE,2019Q2,26,2,2,0,0,1,0,1,1,1,0,0
2019,2,4,15,combined,18,18,0,421708.64805122,15461.8860000617,0.0366648539732668,1227,TRUE,region,South,4.2683497441138,12.9520699471156,TRUE,2019Q2,26,2,2,1,0,1,0,1,1,1,0,0
2019,2,4,16,combined,340,340,0,387036.33346392,14622.4082149496,0.0377804535405789,1151,TRUE,region,South,87.8470496444219,12.8662738525247,TRUE,2019Q2,26,2,2,0,0,1,0,1,1,1,0,0
2019,2,4,17,combined,449,448,1,405155.87839405,13809.4961460408,0.0340844027754913,1219,TRUE,region,South,110.821543989375,12.9120271569631,TRUE,2019Q2,26,2,2,0,0,1,0,1,1,1,0,0
2019,2,4,18,combined,1163,1163,0,441383.80380947,14262.1724516738,0.0323124055041909,1339,TRUE,region,South,263.489505043558,12.9976700793574,TRUE,2019Q2,26,2,2,0,0,1,0,1,1,1,0,0
2019,2,4,19,combined,1562,1558,4,450087.4192189,17029.6689924198,0.0378363585944565,1302,TRUE,region,South,347.043692692135,13.0171971078104,TRUE,2019Q2,26,2,2,0,0,1,0,1,1,1,0,0
2019,2,4,15,female,18,18,0,205341.91575361,10226.0451155085,0.0498000862511612,597,TRUE,region,South,8.76586737488035,12.2324317504754,TRUE,2019Q2,26,2,2,1,0,1,0,1,1,1,0,0
2019,2,4,16,female,321,321,0,198748.8628781,11376.4240106166,0.0572401967280396,576,TRUE,region,South,161.510358022466,12.1997973111322,TRUE,2019Q2,26,2,2,0,0,1,0,1,1,1,0,0
2019,2,4,17,female,399,399,0,203566.23387827,9769.41622909126,0.0479913394425386,606,TRUE,region,South,196.005001614657,12.223746704513,TRUE,2019Q2,26,2,2,0,0,1,0,1,1,1,0,0
2019,2,4,18,female,920,920,0,215046.37477501,10780.7086512574,0.0501320176289259,630,TRUE,region,South,427.814698556319,12.2786089804786,TRUE,2019Q2,26,2,2,0,0,1,0,1,1,1,0,0
2019,2,4,19,female,1051,1048,3,227084.78496051,12821.1215712936,0.0564596239837169,628,TRUE,region,South,462.822729485275,12.3330787287577,TRUE,2019Q2,26,2,2,0,0,1,0,1,1,1,0,0
2019,2,4,15,male,0,0,0,216366.73229761,10606.6305949606,0.0490215407994021,630,TRUE,region,South,0,12.2847300816855,TRUE,2019Q2,26,2,2,1,0,1,0,1,1,1,0,0
2019,2,4,16,male,19,19,0,188287.47058582,9413.76571695983,0.0499967718917819,575,TRUE,region,South,10.0909529141186,12.1457251727916,TRUE,2019Q2,26,2,2,0,0,1,0,1,1,1,0,0
2019,2,4,17,male,50,49,1,201589.64451578,9649.70736782262,0.0478680707583036,613,TRUE,region,South,24.802861337496,12.2139894473709,TRUE,2019Q2,26,2,2,0,0,1,0,1,1,1,0,0
2019,2,4,18,male,243,243,0,226337.42903446,9928.92481738306,0.0438677988865526,709,TRUE,region,South,107.361827443486,12.3297822135903,TRUE,2019Q2,26,2,2,0,0,1,0,1,1,1,0,0
2019,2,4,19,male,511,510,1,223002.63425839,10431.6816955144,0.0467782891005107,674,TRUE,region,South,229.145275211373,12.3149388631904,TRUE,2019Q2,26,2,2,0,0,1,0,1,1,1,0,0
2019,2,5,15,combined,11,11,0,250187.32975615,11137.9889174105,0.0445185970379329,817,TRUE,region,Central-West,4.39670546494955,12.4299652352696,TRUE,2019Q2,26,2,2,1,0,1,0,1,1,1,0,0
2019,2,5,16,combined,228,228,0,253324.74638818,10066.6797347258,0.0397382406506005,846,TRUE,region,Central-West,90.0030507286588,12.4424275271838,TRUE,2019Q2,26,2,2,0,0,1,0,1,1,1,0,0
2019,2,5,17,combined,297,296,1,237403.87043509,10312.3362534869,0.043437944944147,788,TRUE,region,Central-West,125.103267885097,12.3775180644582,TRUE,2019Q2,26,2,2,0,0,1,0,1,1,1,0,0
2019,2,5,18,combined,781,779,2,258326.32048938,10597.740356104,0.0410246247305631,866,TRUE,region,Central-West,302.330787865694,12.4619788728062,TRUE,2019Q2,26,2,2,0,0,1,0,1,1,1,0,0
2019,2,5,19,combined,1023,1023,0,261083.66218151,11244.2835008293,0.0430677408416775,837,TRUE,region,Central-West,391.828424441508,12.4725961796981,TRUE,2019Q2,26,2,2,0,0,1,0,1,1,1,0,0
2019,2,5,15,female,9,9,0,123937.53056302,7422.63846765398,0.0598901594531908,406,TRUE,region,Central-West,7.26172286886389,11.7275329318624,TRUE,2019Q2,26,2,2,1,0,1,0,1,1,1,0,0
2019,2,5,16,female,220,220,0,123348.4456325,7283.85638302895,0.0590510593439516,395,TRUE,region,Central-West,178.356523969066,11.7227685206013,TRUE,2019Q2,26,2,2,0,0,1,0,1,1,1,0,0
2019,2,5,17,female,264,263,1,116989.87688427,7078.12859336993,0.0605020603652043,396,TRUE,region,Central-West,225.660550323646,11.66984268768,TRUE,2019Q2,26,2,2,0,0,1,0,1,1,1,0,0
2019,2,5,18,female,628,627,1,120174.57665943,7184.33533906265,0.0597824892649531,406,TRUE,region,Central-West,522.57309112869,11.6967007700551,TRUE,2019Q2,26,2,2,0,0,1,0,1,1,1,0,0
2019,2,5,19,female,723,723,0,125128.68677198,7221.04927102028,0.0577089831061608,393,TRUE,region,Central-West,577.805152960257,11.7370979808946,TRUE,2019Q2,26,2,2,0,0,1,0,1,1,1,0,0
2019,2,5,15,male,2,2,0,126249.79919313,7572.54404574563,0.0599806422991737,411,TRUE,region,Central-West,1.58416093552791,11.7460177565869,TRUE,2019Q2,26,2,2,1,0,1,0,1,1,1,0,0
2019,2,5,16,male,8,8,0,129976.30075568,6825.96612930451,0.0525170057127219,451,TRUE,region,Central-West,6.15496821611951,11.7751074109393,TRUE,2019Q2,26,2,2,0,0,1,0,1,1,1,0,0
2019,2,5,17,male,33,33,0,120413.99355082,7083.10505839449,0.0588229395066538,392,TRUE,region,Central-West,27.4054526611748,11.6986910306083,TRUE,2019Q2,26,2,2,0,0,1,0,1,1,1,0,0
2019,2,5,18,male,153,152,1,138151.74382995,7672.11810045251,0.055533993909596,460,TRUE,region,Central-West,110.74778772849,11.8361079530005,TRUE,2019Q2,26,2,2,0,0,1,0,1,1,1,0,0
2019,2,5,19,male,300,300,0,135954.97540953,7865.4853175784,0.0578536040618272,444,TRUE,region,Central-West,220.661288118604,11.8200790467395,TRUE,2019Q2,26,2,2,0,0,1,0,1,1,1,0,0
2019,3,1,15,combined,5,5,0,328100.31214623,12157.1373089137,0.0370531110726143,1511,TRUE,region,North,1.52392418260534,12.701074670324,TRUE,2019Q3,27,3,3,1,0,1,0,1,1,1,0,1
2019,3,1,16,combined,297,297,0,324254.61221688,12869.9995568538,0.0396910300484659,1474,TRUE,region,North,91.5946878810623,12.6892843263393,TRUE,2019Q3,27,3,3,0,0,1,0,1,1,1,0,1
2019,3,1,17,combined,410,410,0,341533.02073751,11989.452597745,0.0351048123307518,1518,TRUE,region,North,120.046957425856,12.7411996465469,TRUE,2019Q3,27,3,3,0,0,1,0,1,1,1,0,1
2019,3,1,18,combined,839,838,1,344952.43556117,11180.1281887021,0.0324106370506247,1546,TRUE,region,North,243.221938304367,12.7511618185702,TRUE,2019Q3,27,3,3,0,0,1,0,1,1,1,0,1
2019,3,1,19,combined,1189,1189,0,351207.77966633,12506.5212912949,0.0356100349006417,1474,TRUE,region,North,338.546031391909,12.7691332921673,TRUE,2019Q3,27,3,3,0,0,1,0,1,1,1,0,1
2019,3,1,15,female,5,5,0,151389.9363478,7788.66890952446,0.0514477322431191,722,TRUE,region,North,3.30272944201067,11.927614147154,TRUE,2019Q3,27,3,3,1,0,1,0,1,1,1,0,1
2019,3,1,16,female,289,289,0,157728.0620094,9027.17686055706,0.0572325351973137,704,TRUE,region,North,183.226748822145,11.9686277026464,TRUE,2019Q3,27,3,3,0,0,1,0,1,1,1,0,1
2019,3,1,17,female,380,380,0,173004.8588846,8305.8957407213,0.0480096096391236,736,TRUE,region,North,219.647010176444,12.0610749591237,TRUE,2019Q3,27,3,3,0,0,1,0,1,1,1,0,1
2019,3,1,18,female,674,673,1,167310.2762333,7919.69964128996,0.0473354047317847,726,TRUE,region,North,402.844353122796,12.0276053090772,TRUE,2019Q3,27,3,3,0,0,1,0,1,1,1,0,1
2019,3,1,19,female,850,850,0,178742.43468522,9033.51051329736,0.0505392607480485,703,TRUE,region,North,475.544602207595,12.0937011362213,TRUE,2019Q3,27,3,3,0,0,1,0,1,1,1,0,1
2019,3,1,15,male,0,0,0,176710.37579843,8925.9311540941,0.0505116415137713,789,TRUE,region,North,0,12.0822673764391,TRUE,2019Q3,27,3,3,1,0,1,0,1,1,1,0,1
2019,3,1,16,male,8,8,0,166526.55020748,7918.55879338266,0.0475513291034775,770,TRUE,region,North,4.80403874939617,12.0229100363957,TRUE,2019Q3,27,3,3,0,0,1,0,1,1,1,0,1
2019,3,1,17,male,30,30,0,168528.16185291,8108.91249200854,0.0481160679785135,782,TRUE,region,North,17.8011791442808,12.0348581474677,TRUE,2019Q3,27,3,3,0,0,1,0,1,1,1,0,1
2019,3,1,18,male,165,165,0,177642.15932787,8066.823978468,0.0454105264706857,820,TRUE,region,North,92.8833564196117,12.0875264649721,TRUE,2019Q3,27,3,3,0,0,1,0,1,1,1,0,1
2019,3,1,19,male,339,339,0,172465.34498111,7955.09612620023,0.046125765886889,771,TRUE,region,North,196.561228017797,12.0579515966105,TRUE,2019Q3,27,3,3,0,0,1,0,1,1,1,0,1
2019,3,2,15,combined,8,8,0,943371.58967648,23938.0964063057,0.0253750448585324,3227,TRUE,region,Northeast,0.848022146049948,13.7572155345564,TRUE,2019Q3,27,3,3,1,0,1,0,1,1,1,0,1
2019,3,2,16,combined,574,573,1,951510.20612628,23842.5936988596,0.0250576331660444,3221,TRUE,region,Northeast,60.3251542972752,13.7658056920153,TRUE,2019Q3,27,3,3,0,0,1,0,1,1,1,0,1
2019,3,2,17,combined,833,832,1,1000619.52092065,23132.3983015762,0.0231180761697439,3377,TRUE,region,Northeast,83.2484258585694,13.8161298870611,TRUE,2019Q3,27,3,3,0,0,1,0,1,1,1,0,1
2019,3,2,18,combined,1963,1960,3,952411.99152125,22065.6803780776,0.023168209319617,3227,TRUE,region,Northeast,206.108282704901,13.7667529843611,TRUE,2019Q3,27,3,3,0,0,1,0,1,1,1,0,1
2019,3,2,19,combined,2673,2670,3,969097.73422417,21877.7755017676,0.0225754067202337,3258,TRUE,region,Northeast,275.823573371567,13.7841207466992,TRUE,2019Q3,27,3,3,0,0,1,0,1,1,1,0,1
2019,3,2,15,female,8,8,0,442572.31864118,16771.5988701063,0.0378957249780099,1492,TRUE,region,Northeast,1.80761418259556,13.000359162034,TRUE,2019Q3,27,3,3,1,0,1,0,1,1,1,0,1
2019,3,2,16,female,550,549,1,457875.90715091,15750.0047809697,0.0343979766897382,1519,TRUE,region,Northeast,120.119882136259,13.0343534812987,TRUE,2019Q3,27,3,3,0,0,1,0,1,1,1,0,1
2019,3,2,17,female,741,741,0,479718.86138141,15891.5258931617,0.0331267481278516,1601,TRUE,region,Northeast,154.465471269193,13.0809555058362,TRUE,2019Q3,27,3,3,0,0,1,0,1,1,1,0,1
2019,3,2,18,female,1621,1619,2,470237.407652,15375.6190308182,0.0326975667622704,1564,TRUE,region,Northeast,344.71949139351,13.0609929688186,TRUE,2019Q3,27,3,3,0,0,1,0,1,1,1,0,1
2019,3,2,19,female,1944,1942,2,475854.42820148,16028.1015745052,0.0336827832727844,1520,TRUE,region,Northeast,408.528298737802,13.072867263334,TRUE,2019Q3,27,3,3,0,0,1,0,1,1,1,0,1
2019,3,2,15,male,0,0,0,500799.2710353,16393.9798351322,0.0327356303878817,1735,TRUE,region,Northeast,0,13.1239606431665,TRUE,2019Q3,27,3,3,1,0,1,0,1,1,1,0,1
2019,3,2,16,male,24,24,0,493634.29897537,17887.8558537366,0.0362370602911228,1702,TRUE,region,Northeast,4.86189878819532,13.1095502365485,TRUE,2019Q3,27,3,3,0,0,1,0,1,1,1,0,1
2019,3,2,17,male,92,91,1,520900.65953924,16747.8565831263,0.0321517285041269,1776,TRUE,region,Northeast,17.6617169349292,13.1633146298858,TRUE,2019Q3,27,3,3,0,0,1,0,1,1,1,0,1
2019,3,2,18,male,342,341,1,482174.58386925,16162.8760655588,0.0335207964216164,1663,TRUE,region,Northeast,70.9286659731404,13.0860615346492,TRUE,2019Q3,27,3,3,0,0,1,0,1,1,1,0,1
2019,3,2,19,male,729,728,1,493243.30602269,15055.8274163323,0.0305241393699517,1738,TRUE,region,Northeast,147.797241462505,13.1087578526274,TRUE,2019Q3,27,3,3,0,0,1,0,1,1,1,0,1
2019,3,3,15,combined,3,3,0,1144475.64262145,35002.3004869017,0.0305837006777427,1920,TRUE,region,Southeast,0.262128776557308,13.9504571360351,TRUE,2019Q3,27,3,3,1,0,1,0,1,1,1,0,1
2019,3,3,16,combined,618,618,0,1221453.02651228,36425.8008239496,0.0298216959910111,2006,TRUE,region,Southeast,50.5954782202823,14.0155517133632,TRUE,2019Q3,27,3,3,0,0,1,0,1,1,1,0,1
2019,3,3,17,combined,1065,1064,1,1239379.70753812,41265.3327612587,0.033295149589973,1938,TRUE,region,Southeast,85.9300820823907,14.0301215765652,TRUE,2019Q3,27,3,3,0,0,1,0,1,1,1,0,1
2019,3,3,18,combined,3097,3084,13,1271774.8116432,39637.6300525428,0.0311671765234357,2026,TRUE,region,Southeast,243.517953937027,14.055923972338,TRUE,2019Q3,27,3,3,0,0,1,0,1,1,1,0,1
2019,3,3,19,combined,4648,4633,15,1305853.86018863,39620.9391820444,0.030341020836988,2073,TRUE,region,Southeast,355.935694008562,14.0823676837738,TRUE,2019Q3,27,3,3,0,0,1,0,1,1,1,0,1
2019,3,3,15,female,3,3,0,538860.32445969,24440.5992622163,0.0453560935047921,928,TRUE,region,Southeast,0.556730541074456,13.1972116780153,TRUE,2019Q3,27,3,3,1,0,1,0,1,1,1,0,1
2019,3,3,16,female,600,600,0,628519.51323575,27290.6010988844,0.0434204515916883,984,TRUE,region,Southeast,95.4624299428787,13.3511223538427,TRUE,2019Q3,27,3,3,0,0,1,0,1,1,1,0,1
2019,3,3,17,female,983,982,1,623605.82448265,28918.5658585265,0.0463731490681917,957,TRUE,region,Southeast,157.631625845622,13.3432737562162,TRUE,2019Q3,27,3,3,0,0,1,0,1,1,1,0,1
2019,3,3,18,female,2517,2507,10,643022.56221007,27855.4040997225,0.0433194816741476,988,TRUE,region,Southeast,391.432610288054,13.3739350915778,TRUE,2019Q3,27,3,3,0,0,1,0,1,1,1,0,1
2019,3,3,19,female,3381,3369,12,643372.08655308,27481.8431232166,0.042715317772726,1015,TRUE,region,Southeast,525.512385548772,13.3744785085641,TRUE,2019Q3,27,3,3,0,0,1,0,1,1,1,0,1
2019,3,3,15,male,0,0,0,605615.31816176,25366.5687116206,0.0418856127824118,992,TRUE,region,Southeast,0,13.314000274976,TRUE,2019Q3,27,3,3,1,0,1,0,1,1,1,0,1
2019,3,3,16,male,18,18,0,592933.51327653,24340.8000003687,0.0410514829324831,1022,TRUE,region,Southeast,3.03575351990692,13.2928375524302,TRUE,2019Q3,27,3,3,0,0,1,0,1,1,1,0,1
2019,3,3,17,male,82,82,0,615773.88305547,27336.0020974936,0.0443929222230932,981,TRUE,region,Southeast,13.3165764668544,13.330635102166,TRUE,2019Q3,27,3,3,0,0,1,0,1,1,1,0,1
2019,3,3,18,male,580,577,3,628752.24943313,26842.3857007316,0.0426915143841347,1038,TRUE,region,Southeast,92.2461908522659,13.3514925780169,TRUE,2019Q3,27,3,3,0,0,1,0,1,1,1,0,1
2019,3,3,19,male,1267,1264,3,662481.77363555,27461.0935929536,0.0414518477123579,1058,TRUE,region,Southeast,191.250544606985,13.4037483249706,TRUE,2019Q3,27,3,3,0,0,1,0,1,1,1,0,1
2019,3,4,15,combined,35,35,0,417805.40660432,14606.0035632736,0.0349588668131003,1233,TRUE,region,South,8.37710557277363,12.9427710686727,TRUE,2019Q3,27,3,3,1,0,1,0,1,1,1,0,1
2019,3,4,16,combined,364,364,0,395559.4493364,13618.7488875408,0.0344290824309417,1186,TRUE,region,South,92.0215660656458,12.8880563692715,TRUE,2019Q3,27,3,3,0,0,1,0,1,1,1,0,1
2019,3,4,17,combined,490,490,0,414180.16985793,15940.5812709236,0.0384870701955419,1219,TRUE,region,South,118.306001991374,12.934056351032,TRUE,2019Q3,27,3,3,0,0,1,0,1,1,1,0,1
2019,3,4,18,combined,1075,1075,0,411039.62549637,14146.9372932122,0.0344174537336355,1242,TRUE,region,South,261.531962691391,12.9264449012309,TRUE,2019Q3,27,3,3,0,0,1,0,1,1,1,0,1
2019,3,4,19,combined,1525,1523,2,445458.78543029,14630.6033819832,0.0328438990553319,1319,TRUE,region,South,342.343680241244,13.0068600085501,TRUE,2019Q3,27,3,3,0,0,1,0,1,1,1,0,1
2019,3,4,15,female,31,31,0,210177.67792215,10124.4489448368,0.0481709049454192,609,TRUE,region,South,14.7494254891723,12.2557085373147,TRUE,2019Q3,27,3,3,1,0,1,0,1,1,1,0,1
2019,3,4,16,female,343,343,0,201404.41916614,10316.0132748875,0.0512203918742106,577,TRUE,region,South,170.304108231636,12.2130702012609,TRUE,2019Q3,27,3,3,0,0,1,0,1,1,1,0,1
2019,3,4,17,female,425,425,0,205649.44893525,12408.9546936054,0.0603403255289658,603,TRUE,region,South,206.662357813472,12.2339282940306,TRUE,2019Q3,27,3,3,0,0,1,0,1,1,1,0,1
2019,3,4,18,female,815,815,0,192244.00620912,9950.81603011426,0.0517613850560829,571,TRUE,region,South,423.940395371004,12.1665207098162,TRUE,2019Q3,27,3,3,0,0,1,0,1,1,1,0,1
2019,3,4,19,female,1074,1072,2,216097.87277856,9925.77773893207,0.0459318623145505,625,TRUE,region,South,496.997025556355,12.2834866987564,TRUE,2019Q3,27,3,3,0,0,1,0,1,1,1,0,1
2019,3,4,15,male,4,4,0,207627.72868217,9646.29664163018,0.0464595779323696,624,TRUE,region,South,1.92652495183968,12.2435019891877,TRUE,2019Q3,27,3,3,1,0,1,0,1,1,1,0,1
2019,3,4,16,male,21,21,0,194155.03017026,9281.12904038141,0.0478026710523159,609,TRUE,region,South,10.8160988574875,12.1764122435044,TRUE,2019Q3,27,3,3,0,0,1,0,1,1,1,0,1
2019,3,4,17,male,65,65,0,208530.72092268,9639.32996182757,0.0462249874703195,616,TRUE,region,South,31.1704672157639,12.247841651922,TRUE,2019Q3,27,3,3,0,0,1,0,1,1,1,0,1
2019,3,4,18,male,260,260,0,218795.61928725,9946.06841002432,0.0454582611956523,671,TRUE,region,South,118.832360925222,12.2958933277905,TRUE,2019Q3,27,3,3,0,0,1,0,1,1,1,0,1
2019,3,4,19,male,451,451,0,229360.91265173,10114.3644287271,0.0440980300949758,694,TRUE,region,South,196.633329884249,12.3430520796727,TRUE,2019Q3,27,3,3,0,0,1,0,1,1,1,0,1
2019,3,5,15,combined,11,11,0,252231.67071706,10409.1223140207,0.0412681019969815,848,TRUE,region,Central-West,4.36107011016044,12.4381032724125,TRUE,2019Q3,27,3,3,1,0,1,0,1,1,1,0,1
2019,3,5,16,combined,278,277,1,250361.89765282,9735.74193696661,0.0388866757611307,815,TRUE,region,Central-West,111.039260608859,12.4306627407064,TRUE,2019Q3,27,3,3,0,0,1,0,1,1,1,0,1
2019,3,5,17,combined,347,347,0,236821.86232503,9832.1561384886,0.041517096614139,804,TRUE,region,Central-West,146.523634512997,12.3750635017381,TRUE,2019Q3,27,3,3,0,0,1,0,1,1,1,0,1
2019,3,5,18,combined,897,896,1,253384.06019941,11746.0779191146,0.0463568146704673,820,TRUE,region,Central-West,354.008061633424,12.4426616411788,TRUE,2019Q3,27,3,3,0,0,1,0,1,1,1,0,1
2019,3,5,19,combined,1263,1261,2,284265.44913754,10859.8832391404,0.0382033176106672,895,TRUE,region,Central-West,444.303028676871,12.5576637606637,TRUE,2019Q3,27,3,3,0,0,1,0,1,1,1,0,1
2019,3,5,15,female,7,7,0,126524.77051285,7273.31950930525,0.0574853404580297,428,TRUE,region,Central-West,5.53251349251732,11.7481933823114,TRUE,2019Q3,27,3,3,1,0,1,0,1,1,1,0,1
2019,3,5,16,female,270,269,1,122908.23566396,6744.74980332122,0.0548763048048453,385,TRUE,region,Central-West,219.676084797279,11.7191933044071,TRUE,2019Q3,27,3,3,0,0,1,0,1,1,1,0,1
2019,3,5,17,female,294,294,0,121723.39048555,7073.77299927966,0.0581135061310948,397,TRUE,region,Central-West,241.531228161855,11.7095064584172,TRUE,2019Q3,27,3,3,0,0,1,0,1,1,1,0,1
2019,3,5,18,female,731,730,1,115957.04560965,7398.55135338309,0.0638042416007138,374,TRUE,region,Central-West,630.405850853418,11.6609751050433,TRUE,2019Q3,27,3,3,0,0,1,0,1,1,1,0,1
2019,3,5,19,female,897,895,2,140194.48228087,7976.25832256522,0.0568942385805551,431,TRUE,region,Central-West,639.825466313947,11.8507858967516,TRUE,2019Q3,27,3,3,0,0,1,0,1,1,1,0,1
2019,3,5,15,male,4,4,0,125706.90020421,7391.14741870927,0.0587966723123584,420,TRUE,region,Central-West,3.18200511945011,11.7417082872977,TRUE,2019Q3,27,3,3,1,0,1,0,1,1,1,0,1
2019,3,5,16,male,8,8,0,127453.66198886,7104.34966542135,0.0557406476562619,430,TRUE,region,Central-West,6.2767910118575,11.7555081421405,TRUE,2019Q3,27,3,3,0,0,1,0,1,1,1,0,1
2019,3,5,17,male,53,53,0,115098.47183948,6900.08554350117,0.0599494105631937,407,TRUE,region,Central-West,46.0475270895998,11.6535433178145,TRUE,2019Q3,27,3,3,0,0,1,0,1,1,1,0,1
2019,3,5,18,male,166,166,0,137427.01458976,8365.53958168135,0.0608725992240589,446,TRUE,region,Central-West,120.791389157026,11.8308482521794,TRUE,2019Q3,27,3,3,0,0,1,0,1,1,1,0,1
2019,3,5,19,male,366,366,0,144070.96685667,7815.0493605647,0.0542444430760262,464,TRUE,region,Central-West,254.041468579938,11.8780612825531,TRUE,2019Q3,27,3,3,0,0,1,0,1,1,1,0,1
2019,4,1,15,combined,13,13,0,326412.01659481,12726.9162959627,0.0389903424167167,1444,TRUE,region,North,3.98269651210099,12.6959157169422,TRUE,2019Q4,28,4,4,1,0,1,0,1,1,1,0,2
2019,4,1,16,combined,282,282,0,323655.77639991,11356.3247479403,0.0350876628072549,1433,TRUE,region,North,87.1296051430765,12.6874358114891,TRUE,2019Q4,28,4,4,0,0,1,0,1,1,1,0,2
2019,4,1,17,combined,426,425,1,322321.08036461,12364.8536658351,0.0383619143118035,1360,TRUE,region,North,132.166347766677,12.6833034716982,TRUE,2019Q4,28,4,4,0,0,1,0,1,1,1,0,2
2019,4,1,18,combined,956,955,1,316608.86884849,11558.0403710213,0.0365057378621706,1357,TRUE,region,North,301.94984855509,12.6654224388241,TRUE,2019Q4,28,4,4,0,0,1,0,1,1,1,0,2
2019,4,1,19,combined,1226,1226,0,338197.42990061,11518.4410810612,0.0340583341642965,1407,TRUE,region,North,362.510146916344,12.73138511607,TRUE,2019Q4,28,4,4,0,0,1,0,1,1,1,0,2
2019,4,1,15,female,12,12,0,155678.11637289,8624.52640654117,0.0553997350911104,684,TRUE,region,North,7.70821248328625,11.9555457979947,TRUE,2019Q4,28,4,4,1,0,1,0,1,1,1,0,2
2019,4,1,16,female,275,275,0,144617.45008048,7482.49524132351,0.0517399196096978,660,TRUE,region,North,190.15685855819,11.881847259714,TRUE,2019Q4,28,4,4,0,0,1,0,1,1,1,0,2
2019,4,1,17,female,379,378,1,164340.86286189,8920.40012388463,0.0542798666657922,658,TRUE,region,North,230.618236633275,12.0096979819393,TRUE,2019Q4,28,4,4,0,0,1,0,1,1,1,0,2
2019,4,1,18,female,767,767,0,161038.76298087,8489.70254957513,0.0527183790562501,645,TRUE,region,North,476.282843833763,11.989400378844,TRUE,2019Q4,28,4,4,0,0,1,0,1,1,1,0,2
2019,4,1,19,female,863,863,0,171529.49920527,8642.30053563393,0.050383756588082,687,TRUE,region,North,503.120456830137,12.0525105378244,TRUE,2019Q4,28,4,4,0,0,1,0,1,1,1,0,2
2019,4,1,15,male,1,1,0,170733.90022192,8336.15884537464,0.0488254461155008,760,TRUE,region,North,0.585706762804692,12.0478614843898,TRUE,2019Q4,28,4,4,1,0,1,0,1,1,1,0,2
2019,4,1,16,male,7,7,0,179038.32631943,8575.97478893925,0.0479002175972003,773,TRUE,region,North,3.9097773889547,12.0953551754202,TRUE,2019Q4,28,4,4,0,0,1,0,1,1,1,0,2
2019,4,1,17,male,47,47,0,157980.21750272,8456.04316301569,0.0535259622798665,702,TRUE,region,North,29.7505603821509,11.9702250984912,TRUE,2019Q4,28,4,4,0,0,1,0,1,1,1,0,2
2019,4,1,18,male,189,188,1,155570.10586762,7799.90676451943,0.0501375680180911,712,TRUE,region,North,121.488636229911,11.9548517505953,TRUE,2019Q4,28,4,4,0,0,1,0,1,1,1,0,2
2019,4,1,19,male,363,363,0,166667.93069534,7748.29368412189,0.0464894095210515,720,TRUE,region,North,217.798348179857,12.0237586728795,TRUE,2019Q4,28,4,4,0,0,1,0,1,1,1,0,2
2019,4,2,15,combined,5,5,0,923145.82221958,22227.6162622433,0.0240781204087562,3231,TRUE,region,Northeast,0.541626239284512,13.7355424882431,TRUE,2019Q4,28,4,4,1,0,1,0,1,1,1,0,2
2019,4,2,16,combined,740,740,0,956697.00265034,25502.8528268092,0.0266571890119428,3153,TRUE,region,Northeast,77.3494636180501,13.7712420086524,TRUE,2019Q4,28,4,4,0,0,1,0,1,1,1,0,2
2019,4,2,17,combined,1177,1176,1,958943.76512492,22070.7287058869,0.023015665264805,3237,TRUE,region,Northeast,122.739209827041,13.773587713069,TRUE,2019Q4,28,4,4,0,0,1,0,1,1,1,0,2
2019,4,2,18,combined,2545,2545,0,952436.85054479,22157.0182613058,0.0232635037678688,3169,TRUE,region,Northeast,267.20931666433,13.7667790851445,TRUE,2019Q4,28,4,4,0,0,1,0,1,1,1,0,2
2019,4,2,19,combined,3554,3550,4,963017.34030029,22220.2312156672,0.0230735525579824,3221,TRUE,region,Northeast,369.048391059271,13.7778266971605,TRUE,2019Q4,28,4,4,0,0,1,0,1,1,1,0,2
2019,4,2,15,female,5,5,0,433017.6962987,14527.3305313525,0.0335490458138952,1524,TRUE,region,Northeast,1.15468722011558,12.9785338751996,TRUE,2019Q4,28,4,4,1,0,1,0,1,1,1,0,2
2019,4,2,16,female,714,714,0,456231.0853702,16868.3417191354,0.0369732406669482,1477,TRUE,region,Northeast,156.499638647077,13.0307547262966,TRUE,2019Q4,28,4,4,0,0,1,0,1,1,1,0,2
2019,4,2,17,female,1052,1052,0,456816.66708098,15382.7664294895,0.0336738292142099,1537,TRUE,region,Northeast,230.289320817078,13.0320374232629,TRUE,2019Q4,28,4,4,0,0,1,0,1,1,1,0,2
2019,4,2,18,female,2049,2049,0,474784.51815073,15575.7180937749,0.0328058677111919,1545,TRUE,region,Northeast,431.564198424327,13.0706163340898,TRUE,2019Q4,28,4,4,0,0,1,0,1,1,1,0,2
2019,4,2,19,female,2522,2518,4,476706.81859876,15546.3407310465,0.0326119537722236,1536,TRUE,region,Northeast,529.046344965908,13.074656944843,TRUE,2019Q4,28,4,4,0,0,1,0,1,1,1,0,2
2019,4,2,15,male,0,0,0,490128.12592088,15785.5893637174,0.0322070669461349,1707,TRUE,region,Northeast,0,13.1024221173777,TRUE,2019Q4,28,4,4,1,0,1,0,1,1,1,0,2
2019,4,2,16,male,26,26,0,500465.91728014,18810.1520887884,0.0375852809138633,1676,TRUE,region,Northeast,5.19515897132437,13.1232947780763,TRUE,2019Q4,28,4,4,0,0,1,0,1,1,1,0,2
2019,4,2,17,male,125,124,1,502127.09804394,15807.5093126187,0.0314810918872884,1700,TRUE,region,Northeast,24.8940956357351,13.1266085499828,TRUE,2019Q4,28,4,4,0,0,1,0,1,1,1,0,2
2019,4,2,18,male,496,496,0,477652.33239406,15055.4986601937,0.0315197846616459,1624,TRUE,region,Northeast,103.841218049534,13.0766384087472,TRUE,2019Q4,28,4,4,0,0,1,0,1,1,1,0,2
2019,4,2,19,male,1032,1032,0,486310.52170153,15939.906305804,0.0327772186586311,1685,TRUE,region,Northeast,212.210090867288,13.0946026323937,TRUE,2019Q4,28,4,4,0,0,1,0,1,1,1,0,2
2019,4,3,15,combined,4,4,0,1185328.34322488,37765.4215470043,0.031860725986065,1940,TRUE,region,Southeast,0.337459238434926,13.9855303770612,TRUE,2019Q4,28,4,4,1,0,1,0,1,1,1,0,2
2019,4,3,16,combined,834,833,1,1182034.86447893,38630.393792649,0.0326812642786795,1874,TRUE,region,Southeast,70.5562944937033,13.9827479726882,TRUE,2019Q4,28,4,4,0,0,1,0,1,1,1,0,2
2019,4,3,17,combined,1324,1324,0,1228265.93960391,37220.7033845724,0.0303034564294564,1926,TRUE,region,Southeast,107.794245310341,14.0211139274382,TRUE,2019Q4,28,4,4,0,0,1,0,1,1,1,0,2
2019,4,3,18,combined,3478,3470,8,1227569.17745153,38579.7415602089,0.0314277535383395,1968,TRUE,region,Southeast,283.324155076982,14.0205464934388,TRUE,2019Q4,28,4,4,0,0,1,0,1,1,1,0,2
2019,4,3,19,combined,5568,5550,18,1355817.18735006,42433.7697755847,0.0312975600040307,2095,TRUE,region,Southeast,410.67483521747,14.1199149208053,TRUE,2019Q4,28,4,4,0,0,1,0,1,1,1,0,2
2019,4,3,15,female,4,4,0,565753.94655757,25918.1294003844,0.0458116634591554,935,TRUE,region,Southeast,0.707021139549924,13.2459145392692,TRUE,2019Q4,28,4,4,1,0,1,0,1,1,1,0,2
2019,4,3,16,female,798,797,1,602537.77891254,27716.5310949815,0.0459996568928911,916,TRUE,region,Southeast,132.439828327484,13.3089056459704,TRUE,2019Q4,28,4,4,0,0,1,0,1,1,1,0,2
2019,4,3,17,female,1216,1216,0,614267.390941,26685.5948075983,0.0434429618129631,969,TRUE,region,Southeast,197.959393243584,13.3281856024629,TRUE,2019Q4,28,4,4,0,0,1,0,1,1,1,0,2
2019,4,3,18,female,2876,2872,4,617140.19344313,27921.3892033375,0.0452431870424115,963,TRUE,region,Southeast,466.020529947062,13.3328514949756,TRUE,2019Q4,28,4,4,0,0,1,0,1,1,1,0,2
2019,4,3,19,female,4083,4070,13,682229.57001722,28360.611585071,0.0415704813034638,1051,TRUE,region,Southeast,598.478896172287,13.4331214931127,TRUE,2019Q4,28,4,4,0,0,1,0,1,1,1,0,2
2019,4,3,15,male,0,0,0,619574.39666731,26947.6425667901,0.0434937962442307,1005,TRUE,region,Southeast,0,13.3367880643136,TRUE,2019Q4,28,4,4,1,0,1,0,1,1,1,0,2
2019,4,3,16,male,36,36,0,579497.08556639,25394.782032994,0.043822104831077,958,TRUE,region,Southeast,6.21228318427422,13.2699159125282,TRUE,2019Q4,28,4,4,0,0,1,0,1,1,1,0,2
2019,4,3,17,male,108,108,0,613998.54866291,26821.9446415558,0.0436840521854087,957,TRUE,region,Southeast,17.5896181245361,13.3277478433853,TRUE,2019Q4,28,4,4,0,0,1,0,1,1,1,0,2
2019,4,3,18,male,602,598,4,610428.9840084,26605.5831200915,0.0435850587326066,1005,TRUE,region,Southeast,98.6191704147056,13.3219172414561,TRUE,2019Q4,28,4,4,0,0,1,0,1,1,1,0,2
2019,4,3,19,male,1485,1480,5,673587.61733284,28232.7236634343,0.0419139588331887,1044,TRUE,region,Southeast,220.4612973558,13.4203733589219,TRUE,2019Q4,28,4,4,0,0,1,0,1,1,1,0,2
2019,4,4,15,combined,38,38,0,432313.69821504,14855.578424555,0.0343629602436646,1252,TRUE,region,South,8.78991347183687,12.9769067569801,TRUE,2019Q4,28,4,4,1,0,1,0,1,1,1,0,2
2019,4,4,16,combined,395,395,0,408084.2862455,14286.5587449676,0.0350088430907455,1204,TRUE,region,South,96.793729460676,12.9192290159858,TRUE,2019Q4,28,4,4,0,0,1,0,1,1,1,0,2
2019,4,4,17,combined,606,605,1,393054.21970979,14098.4622704016,0.0358690011795603,1171,TRUE,region,South,154.177202434676,12.8817028449734,TRUE,2019Q4,28,4,4,0,0,1,0,1,1,1,0,2
2019,4,4,18,combined,1409,1406,3,423605.82021343,14612.3500673891,0.0344951588720541,1230,TRUE,region,South,332.620547869264,12.9565586324956,TRUE,2019Q4,28,4,4,0,0,1,0,1,1,1,0,2
2019,4,4,19,combined,1922,1912,10,455936.41017899,15595.5358272375,0.0342055064677003,1311,TRUE,region,South,421.550013793693,13.0301086274104,TRUE,2019Q4,28,4,4,0,0,1,0,1,1,1,0,2
2019,4,4,15,female,31,31,0,213048.17715945,10435.3192786134,0.048981030571331,624,TRUE,region,South,14.5506994771417,12.269273602963,TRUE,2019Q4,28,4,4,1,0,1,0,1,1,1,0,2
2019,4,4,16,female,376,376,0,203831.32583447,10448.3038883978,0.0512595590772087,579,TRUE,region,South,184.466248482997,12.2250480966657,TRUE,2019Q4,28,4,4,0,0,1,0,1,1,1,0,2
2019,4,4,17,female,544,543,1,198998.65024584,10231.2205438139,0.0514135172835314,590,TRUE,region,South,273.368688344343,12.2010533209994,TRUE,2019Q4,28,4,4,0,0,1,0,1,1,1,0,2
2019,4,4,18,female,1100,1098,2,195723.11207131,10226.7577411281,0.0522511502749972,573,TRUE,region,South,562.018449614282,12.1844562459067,TRUE,2019Q4,28,4,4,0,0,1,0,1,1,1,0,2
2019,4,4,19,female,1286,1279,7,213560.20880898,10047.1783127764,0.0470461157947412,621,TRUE,region,South,602.172102739546,12.2716740803669,TRUE,2019Q4,28,4,4,0,0,1,0,1,1,1,0,2
2019,4,4,15,male,7,7,0,219265.52105559,10387.0556975964,0.047372043026149,628,TRUE,region,South,3.19247639405436,12.2980386993165,TRUE,2019Q4,28,4,4,1,0,1,0,1,1,1,0,2
2019,4,4,16,male,19,19,0,204252.96041103,9710.00849083651,0.0475391322176996,625,TRUE,region,South,9.30219075491743,12.2271145066737,TRUE,2019Q4,28,4,4,0,0,1,0,1,1,1,0,2
2019,4,4,17,male,62,62,0,194055.56946395,9598.88381764943,0.0494646138946949,581,TRUE,region,South,31.9496112228399,12.175899837565,TRUE,2019Q4,28,4,4,0,0,1,0,1,1,1,0,2
2019,4,4,18,male,309,308,1,227882.70814212,10386.9662957165,0.0455803179644443,657,TRUE,region,South,135.596071557694,12.3365863375948,TRUE,2019Q4,28,4,4,0,0,1,0,1,1,1,0,2
2019,4,4,19,male,636,633,3,242376.20137001,11333.7671476102,0.0467610560919227,690,TRUE,region,South,262.402000033446,12.3982463491908,TRUE,2019Q4,28,4,4,0,0,1,0,1,1,1,0,2
2019,4,5,15,combined,20,20,0,257325.31222293,11233.4336460527,0.0436546002762481,823,TRUE,region,Central-West,7.7722629877442,12.4580963697349,TRUE,2019Q4,28,4,4,1,0,1,0,1,1,1,0,2
2019,4,5,16,combined,264,264,0,256007.19368178,11278.1040891662,0.044053856170874,805,TRUE,region,Central-West,103.122102235985,12.4529608233863,TRUE,2019Q4,28,4,4,0,0,1,0,1,1,1,0,2
2019,4,5,17,combined,444,443,1,238137.66673798,10108.9827178105,0.0424501627830815,775,TRUE,region,Central-West,186.446775128828,12.3806042170987,TRUE,2019Q4,28,4,4,0,0,1,0,1,1,1,0,2
2019,4,5,18,combined,915,913,2,254827.02961199,11486.6596546427,0.0450763000774789,809,TRUE,region,Central-West,359.067090093706,12.4483402787336,TRUE,2019Q4,28,4,4,0,0,1,0,1,1,1,0,2
2019,4,5,19,combined,1312,1310,2,276807.08106205,10831.7905445674,0.0391311902246436,872,TRUE,region,Central-West,473.976314105165,12.53107608427,TRUE,2019Q4,28,4,4,0,0,1,0,1,1,1,0,2
2019,4,5,15,female,16,16,0,123850.25154944,8531.76090383374,0.0688877155847191,388,TRUE,region,Central-West,12.9188272125656,11.7268284659969,TRUE,2019Q4,28,4,4,1,0,1,0,1,1,1,0,2
2019,4,5,16,female,254,254,0,120973.40290408,7252.58478440825,0.0599518952951901,379,TRUE,region,Central-West,209.963507599598,11.7033259897069,TRUE,2019Q4,28,4,4,0,0,1,0,1,1,1,0,2
2019,4,5,17,female,390,389,1,120944.07043111,7491.52577322309,0.0619420674905288,376,TRUE,region,Central-West,322.463101010103,11.7030834898766,TRUE,2019Q4,28,4,4,0,0,1,0,1,1,1,0,2
2019,4,5,18,female,726,724,2,119370.19793166,7362.87458276186,0.0616810117628953,371,TRUE,region,Central-West,608.192004855046,11.6899848502234,TRUE,2019Q4,28,4,4,0,0,1,0,1,1,1,0,2
2019,4,5,19,female,886,884,2,129104.28058485,7338.14074610754,0.0568388647755545,419,TRUE,region,Central-West,686.26694326971,11.7683757334101,TRUE,2019Q4,28,4,4,0,0,1,0,1,1,1,0,2
2019,4,5,15,male,4,4,0,133475.06067349,7645.64426136275,0.0572814443596,435,TRUE,region,Central-West,2.99681452086761,11.8016699279365,TRUE,2019Q4,28,4,4,1,0,1,0,1,1,1,0,2
2019,4,5,16,male,10,10,0,135033.7907777,7998.86117524518,0.0592359966285279,426,TRUE,region,Central-West,7.40555378206226,11.8132803281573,TRUE,2019Q4,28,4,4,0,0,1,0,1,1,1,0,2
2019,4,5,17,male,54,54,0,117193.59630687,6824.46541101002,0.0582324088181426,399,TRUE,region,Central-West,46.0776029592962,11.6715825156124,TRUE,2019Q4,28,4,4,0,0,1,0,1,1,1,0,2
2019,4,5,18,male,189,189,0,135456.83168033,8329.3330567856,0.0614906827028284,438,TRUE,region,Central-West,139.527846366604,11.8164082831578,TRUE,2019Q4,28,4,4,0,0,1,0,1,1,1,0,2
2019,4,5,19,male,426,426,0,147702.8004772,8065.7437630948,0.0546079271146918,453,TRUE,region,Central-West,288.417009443067,11.9029574289166,TRUE,2019Q4,28,4,4,0,0,1,0,1,1,1,0,2
2020,1,1,15,combined,10,10,0,311302.29510766,13625.3158270855,0.0437687612369623,1240,TRUE,region,North,3.21231168454496,12.648519729058,TRUE,2020Q1,29,5,1,1,0,1,1,0,1,0,0,3
2020,1,1,16,combined,206,206,0,327533.51854749,12488.7115119976,0.0381295678298246,1286,TRUE,region,North,62.8943263314077,12.6993456755303,TRUE,2020Q1,29,5,1,0,0,1,1,0,1,0,0,3
2020,1,1,17,combined,275,275,0,335754.70878384,13434.5230356112,0.0400129102709335,1279,TRUE,region,North,81.9050315023418,12.7241361389598,TRUE,2020Q1,29,5,1,0,0,1,1,0,1,0,0,3
2020,1,1,18,combined,586,586,0,321754.54704764,13414.2838584742,0.0416910467359705,1170,TRUE,region,North,182.126408275198,12.6815442575967,TRUE,2020Q1,29,5,1,0,0,1,1,0,1,0,0,3
2020,1,1,19,combined,804,804,0,344115.6994071,13932.7578016133,0.0404885851637078,1270,TRUE,region,North,233.642348019944,12.7487332152932,TRUE,2020Q1,29,5,1,0,0,1,1,0,1,0,0,3
2020,1,1,15,female,10,10,0,154531.88800627,9901.2445597268,0.0640725010706209,602,TRUE,region,North,6.47115629597062,11.948155748886,TRUE,2020Q1,29,5,1,1,0,1,1,0,1,0,0,3
2020,1,1,16,female,202,202,0,151672.31310885,8656.31527456794,0.0570724814380301,626,TRUE,region,North,133.181854921031,11.9294776378611,TRUE,2020Q1,29,5,1,0,0,1,1,0,1,0,0,3
2020,1,1,17,female,248,248,0,165068.29095162,9130.17598891709,0.0553115073542081,612,TRUE,region,North,150.240847936498,12.0141145518114,TRUE,2020Q1,29,5,1,0,0,1,1,0,1,0,0,3
2020,1,1,18,female,467,467,0,168606.89450947,10081.9774229102,0.0597957601451697,579,TRUE,region,North,276.975625082621,12.0353252164153,TRUE,2020Q1,29,5,1,0,0,1,1,0,1,0,0,3
2020,1,1,19,female,571,571,0,163334.92937346,9755.69590911206,0.059728166819762,585,TRUE,region,North,349.588420670527,12.0035581530452,TRUE,2020Q1,29,5,1,0,0,1,1,0,1,0,0,3
2020,1,1,15,male,0,0,0,156770.40710139,8835.46802504312,0.0563592848191614,638,TRUE,region,North,0,11.9625376388659,TRUE,2020Q1,29,5,1,1,0,1,1,0,1,0,0,3
2020,1,1,16,male,4,4,0,175861.20543864,8624.05120970119,0.0490389633585801,660,TRUE,region,North,2.27452097239015,12.0774503574452,TRUE,2020Q1,29,5,1,0,0,1,1,0,1,0,0,3
2020,1,1,17,male,27,27,0,170686.41783222,10138.3026058775,0.0593972428189519,667,TRUE,region,North,15.8184818352332,12.0475833381431,TRUE,2020Q1,29,5,1,0,0,1,1,0,1,0,0,3
2020,1,1,18,male,119,119,0,153147.65253817,8715.02049435373,0.0569060011689153,591,TRUE,region,North,77.7027907563525,11.939157784283,TRUE,2020Q1,29,5,1,0,0,1,1,0,1,0,0,3
2020,1,1,19,male,233,233,0,180780.77003364,9309.28645191072,0.0514948932354831,685,TRUE,region,North,128.88538972184,12.1050403608501,TRUE,2020Q1,29,5,1,0,0,1,1,0,1,0,0,3
2020,1,2,15,combined,3,3,0,917480.97781717,25851.6671219488,0.0281767881263914,2838,TRUE,region,Northeast,0.326982256039517,13.7293871260716,TRUE,2020Q1,29,5,1,1,0,1,1,0,1,0,0,3
2020,1,2,16,combined,504,504,0,943345.73472766,26447.2006197893,0.0280355331520363,2762,TRUE,region,Northeast,53.4268594690263,13.7571881272193,TRUE,2020Q1,29,5,1,0,0,1,1,0,1,0,0,3
2020,1,2,17,combined,750,750,0,942965.41112613,28158.2751297984,0.0298614082738948,2812,TRUE,region,Northeast,79.5363213910803,13.7567848813311,TRUE,2020Q1,29,5,1,0,0,1,1,0,1,0,0,3
2020,1,2,18,combined,1720,1717,3,950811.77948466,25288.8471814688,0.0265971117808147,2805,TRUE,region,Northeast,180.898053338405,13.7650714034161,TRUE,2020Q1,29,5,1,0,0,1,1,0,1,0,0,3
2020,1,2,19,combined,2214,2210,4,959627.40359525,24891.0072924411,0.0259381997629359,2830,TRUE,region,Northeast,230.714545218825,13.7743003668505,TRUE,2020Q1,29,5,1,0,0,1,1,0,1,0,0,3
2020,1,2,15,female,3,3,0,433527.62083366,17281.5581349009,0.0398626461254511,1340,TRUE,region,Northeast,0.691997431266569,12.9797107890522,TRUE,2020Q1,29,5,1,1,0,1,1,0,1,0,0,3
2020,1,2,16,female,484,484,0,449252.85971973,18258.3826271979,0.0406416614433764,1292,TRUE,region,Northeast,107.734428290996,13.0153411701675,TRUE,2020Q1,29,5,1,0,0,1,1,0,1,0,0,3
2020,1,2,17,female,674,674,0,451259.44585157,20217.3547150601,0.0448020643133753,1326,TRUE,region,Northeast,149.359754393196,13.0197977210452,TRUE,2020Q1,29,5,1,0,0,1,1,0,1,0,0,3
2020,1,2,18,female,1403,1403,0,483971.64677992,17927.8894086795,0.0370432638522563,1386,TRUE,region,Northeast,289.893015290211,13.0897816029496,TRUE,2020Q1,29,5,1,0,0,1,1,0,1,0,0,3
2020,1,2,19,female,1579,1577,2,452043.47276093,16481.4779015077,0.036459940016044,1330,TRUE,region,Northeast,349.302687716294,13.0215336328641,TRUE,2020Q1,29,5,1,0,0,1,1,0,1,0,0,3
2020,1,2,15,male,0,0,0,483953.35698351,17780.4166667409,0.0367399386948497,1498,TRUE,region,Northeast,0,13.0897438111861,TRUE,2020Q1,29,5,1,1,0,1,1,0,1,0,0,3
2020,1,2,16,male,20,20,0,494092.87500793,19096.3218780502,0.0386492557249358,1470,TRUE,region,Northeast,4.04782198077214,13.1104787845881,TRUE,2020Q1,29,5,1,0,0,1,1,0,1,0,0,3
2020,1,2,17,male,76,76,0,491705.96527456,19390.4747075714,0.0394351016196114,1486,TRUE,region,Northeast,15.4563916989624,13.1056361852658,TRUE,2020Q1,29,5,1,0,0,1,1,0,1,0,0,3
2020,1,2,18,male,317,314,3,466840.13270474,16771.2831035998,0.0359251099652288,1419,TRUE,region,Northeast,67.9033308818999,13.053742149788,TRUE,2020Q1,29,5,1,0,0,1,1,0,1,0,0,3
2020,1,2,19,male,635,633,2,507583.93083432,18539.4618780212,0.0365249188396246,1500,TRUE,region,Northeast,125.102463144616,13.1374173571785,TRUE,2020Q1,29,5,1,0,0,1,1,0,1,0,0,3
2020,1,3,15,combined,0,0,0,1103387.7897222,37841.6882113387,0.0342959098911781,1718,TRUE,region,Southeast,0,13.9138958137108,TRUE,2020Q1,29,5,1,1,0,1,1,0,1,0,0,3
2020,1,3,16,combined,564,564,0,1258445.78513296,46960.0823070691,0.0373159359440403,1762,TRUE,region,Southeast,44.8171869351059,14.0453880136729,TRUE,2020Q1,29,5,1,0,0,1,1,0,1,0,0,3
2020,1,3,17,combined,868,868,0,1259288.36088828,52253.3885505071,0.0414943790266182,1709,TRUE,region,Southeast,68.9278188347368,14.0460573264262,TRUE,2020Q1,29,5,1,0,0,1,1,0,1,0,0,3
2020,1,3,18,combined,2453,2449,4,1257942.22246087,44945.3284148499,0.0357292470292672,1758,TRUE,region,Southeast,195.001006898495,14.0449877870963,TRUE,2020Q1,29,5,1,0,0,1,1,0,1,0,0,3
2020,1,3,19,combined,3765,3751,14,1290396.14910119,43012.811794842,0.0333330286399274,1827,TRUE,region,Southeast,291.770864522687,14.0704598215212,TRUE,2020Q1,29,5,1,0,0,1,1,0,1,0,0,3
2020,1,3,15,female,0,0,0,563147.34654336,28052.6152285428,0.0498139881164881,866,TRUE,region,Southeast,0,13.2412965896533,TRUE,2020Q1,29,5,1,1,0,1,1,0,1,0,0,3
2020,1,3,16,female,540,540,0,629915.98715354,30551.6749401296,0.0485011899415131,871,TRUE,region,Southeast,85.7257175580109,13.3533417357508,TRUE,2020Q1,29,5,1,0,0,1,1,0,1,0,0,3
2020,1,3,17,female,803,803,0,633822.30856032,32073.9368126487,0.0506039884987675,857,TRUE,region,Southeast,126.691659342814,13.3595239237267,TRUE,2020Q1,29,5,1,0,0,1,1,0,1,0,0,3
2020,1,3,18,female,2003,2000,3,638864.27806326,34827.4306555684,0.0545146001293874,880,TRUE,region,Southeast,313.525120871082,13.3674473134031,TRUE,2020Q1,29,5,1,0,0,1,1,0,1,0,0,3
2020,1,3,19,female,2750,2741,9,657114.3518219,31574.3693333755,0.0480500376317047,899,TRUE,region,Southeast,418.496414265708,13.3956133338008,TRUE,2020Q1,29,5,1,0,0,1,1,0,1,0,0,3
2020,1,3,15,male,0,0,0,540240.44317884,25662.9024433981,0.0475027420983044,852,TRUE,region,Southeast,0,13.1997695845853,TRUE,2020Q1,29,5,1,1,0,1,1,0,1,0,0,3
2020,1,3,16,male,24,24,0,628529.79797942,35653.0632626717,0.056724539357224,891,TRUE,region,Southeast,3.81843471497366,13.3511387171526,TRUE,2020Q1,29,5,1,0,0,1,1,0,1,0,0,3
2020,1,3,17,male,65,65,0,625466.05232796,37647.308965594,0.0601908110367815,852,TRUE,region,Southeast,10.3922506678136,13.3462523345593,TRUE,2020Q1,29,5,1,0,0,1,1,0,1,0,0,3
2020,1,3,18,male,450,449,1,619077.94439761,30535.9499164986,0.0493248874278851,878,TRUE,region,Southeast,72.6887468811168,13.3359864636064,TRUE,2020Q1,29,5,1,0,0,1,1,0,1,0,0,3
2020,1,3,19,male,1015,1010,5,633281.79727929,28401.8429723383,0.0448486646771761,928,TRUE,region,Southeast,160.276200004587,13.3586707794407,TRUE,2020Q1,29,5,1,0,0,1,1,0,1,0,0,3
2020,1,4,15,combined,13,13,0,416059.85508385,15076.1415639571,0.0362355112605584,1100,TRUE,region,South,3.12455043214397,12.9385844113064,TRUE,2020Q1,29,5,1,1,0,1,1,0,1,0,0,3
2020,1,4,16,combined,252,251,1,392216.82085345,14700.1281589816,0.0374795964308584,1071,TRUE,region,South,64.250176586424,12.8795700802833,TRUE,2020Q1,29,5,1,0,0,1,1,0,1,0,0,3
2020,1,4,17,combined,335,335,0,412568.52656754,18616.9762731751,0.0451245673732396,1043,TRUE,region,South,81.1986320883734,12.9301575959719,TRUE,2020Q1,29,5,1,0,0,1,1,0,1,0,0,3
2020,1,4,18,combined,835,835,0,424893.50177293,17591.1157809878,0.0414012351508939,1025,TRUE,region,South,196.519832973637,12.9595938324414,TRUE,2020Q1,29,5,1,0,0,1,1,0,1,0,0,3
2020,1,4,19,combined,1138,1134,4,427203.16302741,15746.8122023045,0.0368602425382654,1142,TRUE,region,South,266.383795460565,12.9650149706911,TRUE,2020Q1,29,5,1,0,0,1,1,0,1,0,0,3
2020,1,4,15,female,13,13,0,195439.18195508,10171.061477232,0.0520420796663473,528,TRUE,region,South,6.65168563946811,12.1830045202653,TRUE,2020Q1,29,5,1,1,0,1,1,0,1,0,0,3
2020,1,4,16,female,237,237,0,200757.0076155,10741.3976976416,0.0535044720242796,532,TRUE,region,South,118.053164278038,12.2098505383754,TRUE,2020Q1,29,5,1,0,0,1,1,0,1,0,0,3
2020,1,4,17,female,306,306,0,193639.53474179,11183.0761571175,0.0577520296773572,492,TRUE,region,South,158.025581092228,12.1737536413539,TRUE,2020Q1,29,5,1,0,0,1,1,0,1,0,0,3
2020,1,4,18,female,650,650,0,200610.04278054,12384.6172734382,0.0617347820766209,494,TRUE,region,South,324.011695023203,12.2091182169684,TRUE,2020Q1,29,5,1,0,0,1,1,0,1,0,0,3
2020,1,4,19,female,795,792,3,207683.64530273,11467.8223595207,0.0552177440010001,545,TRUE,region,South,382.793743263303,12.2437712648416,TRUE,2020Q1,29,5,1,0,0,1,1,0,1,0,0,3
2020,1,4,15,male,0,0,0,220620.67312877,11159.9887296272,0.050584510378651,572,TRUE,region,South,0,12.3042000945965,TRUE,2020Q1,29,5,1,1,0,1,1,0,1,0,0,3
2020,1,4,16,male,15,14,1,191459.81323795,9703.9658558278,0.0506840871288615,539,TRUE,region,South,7.83454227094524,12.1624332130374,TRUE,2020Q1,29,5,1,0,0,1,1,0,1,0,0,3
2020,1,4,17,male,29,29,0,218928.99182575,14655.4699928307,0.0669416593508788,551,TRUE,region,South,13.2463040907262,12.2965027179835,TRUE,2020Q1,29,5,1,0,0,1,1,0,1,0,0,3
2020,1,4,18,male,185,185,0,224283.45899239,12508.1089921885,0.0557691996029583,531,TRUE,region,South,82.4849058557979,12.3206659727707,TRUE,2020Q1,29,5,1,0,0,1,1,0,1,0,0,3
2020,1,4,19,male,343,342,1,219519.51772468,10839.5134651969,0.0493783585967594,597,TRUE,region,South,156.250343274801,12.2991964265633,TRUE,2020Q1,29,5,1,0,0,1,1,0,1,0,0,3
2020,1,5,15,combined,12,12,0,241533.20682381,11170.87860973,0.0462498666606898,733,TRUE,region,Central-West,4.96826095169331,12.3947622449982,TRUE,2020Q1,29,5,1,1,0,1,1,0,1,0,0,3
2020,1,5,16,combined,169,169,0,254182.06551723,12321.64914769,0.0484756826671342,732,TRUE,region,Central-West,66.4877750741797,12.4458060826019,TRUE,2020Q1,29,5,1,0,0,1,1,0,1,0,0,3
2020,1,5,17,combined,282,280,2,255752.17194725,11883.6361747628,0.0464654359893913,727,TRUE,region,Central-West,110.262993214448,12.4519641762402,TRUE,2020Q1,29,5,1,0,0,1,1,0,1,0,0,3
2020,1,5,18,combined,676,674,2,248635.16104654,11386.0062605834,0.0457940309514474,726,TRUE,region,Central-West,271.884313205993,12.4237418842866,TRUE,2020Q1,29,5,1,0,0,1,1,0,1,0,0,3
2020,1,5,19,combined,878,877,1,288485.54070624,12173.1343079238,0.0421966878413484,808,TRUE,region,Central-West,304.348009210643,12.5724002448051,TRUE,2020Q1,29,5,1,0,0,1,1,0,1,0,0,3
2020,1,5,15,female,8,8,0,123689.91909228,8168.98875074292,0.0660440948679768,369,TRUE,region,Central-West,6.46778658981216,11.7255330602519,TRUE,2020Q1,29,5,1,1,0,1,1,0,1,0,0,3
2020,1,5,16,female,155,155,0,119096.35078842,7844.75865055626,0.0658690094081289,346,TRUE,region,Central-West,130.146724877712,11.6876881149783,TRUE,2020Q1,29,5,1,0,0,1,1,0,1,0,0,3
2020,1,5,17,female,239,237,2,125960.7693393,8897.32551199206,0.0706356872751814,349,TRUE,region,Central-West,189.741616579212,11.7437257830028,TRUE,2020Q1,29,5,1,0,0,1,1,0,1,0,0,3
2020,1,5,18,female,538,536,2,122795.74479236,8214.9456261439,0.066899269514875,339,TRUE,region,Central-West,438.125930918636,11.7182776425668,TRUE,2020Q1,29,5,1,0,0,1,1,0,1,0,0,3
2020,1,5,19,female,623,623,0,134425.67140684,7963.10531816691,0.0592379806240024,387,TRUE,region,Central-West,463.453143644332,11.8087666963229,TRUE,2020Q1,29,5,1,0,0,1,1,0,1,0,0,3
2020,1,5,15,male,4,4,0,117843.28773153,7182.01691188314,0.0609454899819596,364,TRUE,region,Central-West,3.39433842775397,11.6771109507094,TRUE,2020Q1,29,5,1,1,0,1,1,0,1,0,0,3
2020,1,5,16,male,14,14,0,135085.71472881,9292.20391342594,0.0687874652925397,386,TRUE,region,Central-West,10.3637901521309,11.8136647798588,TRUE,2020Q1,29,5,1,0,0,1,1,0,1,0,0,3
2020,1,5,17,male,43,43,0,129791.40260795,7746.24411043986,0.0596822590309644,378,TRUE,region,Central-West,33.1300834538991,11.7736838453724,TRUE,2020Q1,29,5,1,0,0,1,1,0,1,0,0,3
2020,1,5,18,male,138,138,0,125839.41625418,7976.10859276382,0.0633832294378501,387,TRUE,region,Central-West,109.663572915228,11.7427618989275,TRUE,2020Q1,29,5,1,0,0,1,1,0,1,0,0,3
2020,1,5,19,male,255,254,1,154059.8692994,9220.97341057814,0.0598531820941513,421,TRUE,region,Central-West,165.520067724083,11.9450965675319,TRUE,2020Q1,29,5,1,0,0,1,1,0,1,0,0,3
2020,2,1,15,combined,4,4,0,347180.85749437,20728.418723983,0.0597049586016392,906,TRUE,region,North,1.15213725459068,12.7576011263036,TRUE,2020Q2,30,6,2,1,0,1,1,0,1,0,0,4
2020,2,1,16,combined,123,123,0,344965.35386491,20579.1188583968,0.0596556107094039,935,TRUE,region,North,35.6557545915661,12.7511992673907,TRUE,2020Q2,30,6,2,0,0,1,1,0,1,0,0,4
2020,2,1,17,combined,182,182,0,337636.76287295,17888.4241278957,0.0529812689106575,925,TRUE,region,North,53.9040827341675,12.7297259305412,TRUE,2020Q2,30,6,2,0,0,1,1,0,1,0,0,4
2020,2,1,18,combined,420,420,0,335243.63109458,16775.5282172944,0.0500398118303451,911,TRUE,region,North,125.282022100968,12.7226128034827,TRUE,2020Q2,30,6,2,0,0,1,1,0,1,0,0,4
2020,2,1,19,combined,480,479,1,316119.38175415,15373.5763870442,0.0486321854159527,906,TRUE,region,North,151.841369971203,12.6638752115855,TRUE,2020Q2,30,6,2,0,0,1,1,0,1,0,0,4
2020,2,1,15,female,3,3,0,179375.84779382,14457.5124624868,0.0805989916719706,458,TRUE,region,North,1.67246596289167,12.0972385918616,TRUE,2020Q2,30,6,2,1,0,1,1,0,1,0,0,4
2020,2,1,16,female,120,120,0,145352.55574248,10789.9438348995,0.0742329144457283,422,TRUE,region,North,82.5578878795933,11.8869174892,TRUE,2020Q2,30,6,2,0,0,1,1,0,1,0,0,4
2020,2,1,17,female,166,166,0,157560.63626159,11028.4543474559,0.0699949848459984,435,TRUE,region,North,105.356264063569,11.9675656552944,TRUE,2020Q2,30,6,2,0,0,1,1,0,1,0,0,4
2020,2,1,18,female,339,339,0,183067.0507688,13587.3883301526,0.0742208293250565,471,TRUE,region,North,185.178052837117,12.11760776236,TRUE,2020Q2,30,6,2,0,0,1,1,0,1,0,0,4
2020,2,1,19,female,344,344,0,146340.54113377,10241.8121372597,0.0699861573417145,425,TRUE,region,North,235.068148125508,11.8936916582156,TRUE,2020Q2,30,6,2,0,0,1,1,0,1,0,0,4
2020,2,1,15,male,1,1,0,167805.00970055,13637.7272160991,0.0812712757529454,448,TRUE,region,North,0.595929765019836,12.0305579277576,TRUE,2020Q2,30,6,2,1,0,1,1,0,1,0,0,4
2020,2,1,16,male,3,3,0,199612.79812243,16987.3685974532,0.0851016004847253,513,TRUE,region,North,1.50290964718604,12.2041347596538,TRUE,2020Q2,30,6,2,0,0,1,1,0,1,0,0,4
2020,2,1,17,male,16,16,0,180076.12661136,14996.3145774974,0.0832776385170833,490,TRUE,region,North,8.88513113930486,12.1011349660832,TRUE,2020Q2,30,6,2,0,0,1,1,0,1,0,0,4
2020,2,1,18,male,81,81,0,152176.58032578,10713.449058558,0.0704014312558649,440,TRUE,region,North,53.2276384622358,11.932796838232,TRUE,2020Q2,30,6,2,0,0,1,1,0,1,0,0,4
2020,2,1,19,male,136,135,1,169778.84062038,11570.0638313833,0.0681478551102467,481,TRUE,region,North,80.1042105736201,12.0422519315514,TRUE,2020Q2,30,6,2,0,0,1,1,0,1,0,0,4
2020,2,2,15,combined,1,1,0,877479.69155503,27854.8814544986,0.0317441893215049,1939,TRUE,region,Northeast,0.113962751460133,13.6848090905273,TRUE,2020Q2,30,6,2,1,0,1,1,0,1,0,0,4
2020,2,2,16,combined,204,204,0,1015148.87204928,43304.8989053741,0.0426586681990342,2002,TRUE,region,Northeast,20.095574709962,13.8305458316725,TRUE,2020Q2,30,6,2,0,0,1,1,0,1,0,0,4
2020,2,2,17,combined,311,311,0,941548.47105687,32192.592184835,0.0341911151411031,1967,TRUE,region,Northeast,33.030694601512,13.7552811085549,TRUE,2020Q2,30,6,2,0,0,1,1,0,1,0,0,4
2020,2,2,18,combined,853,853,0,949626.18174392,36146.0770703719,0.0380634798884675,1976,TRUE,region,Northeast,89.8248191128774,13.7638236932369,TRUE,2020Q2,30,6,2,0,0,1,1,0,1,0,0,4
2020,2,2,19,combined,1054,1053,1,948944.53183387,33989.3274804896,0.0358180339738129,1956,TRUE,region,Northeast,111.070770170634,13.7631056268152,TRUE,2020Q2,30,6,2,0,0,1,1,0,1,0,0,4
2020,2,2,15,female,1,1,0,420796.11793388,20141.6407846919,0.0478655575141422,939,TRUE,region,Northeast,0.237644777929518,12.9499037149208,TRUE,2020Q2,30,6,2,1,0,1,1,0,1,0,0,4
2020,2,2,16,female,189,189,0,496137.35030104,27504.6343545178,0.0554375403057821,936,TRUE,region,Northeast,38.0942897940099,13.1146080833024,TRUE,2020Q2,30,6,2,0,0,1,1,0,1,0,0,4
2020,2,2,17,female,282,282,0,447087.40294782,23605.1201901794,0.0527975515179844,901,TRUE,region,Northeast,63.074915137547,13.0105093868035,TRUE,2020Q2,30,6,2,0,0,1,1,0,1,0,0,4
2020,2,2,18,female,706,706,0,490692.07809669,25286.4933940995,0.0515323041125535,975,TRUE,region,Northeast,143.878418159603,13.103572077861,TRUE,2020Q2,30,6,2,0,0,1,1,0,1,0,0,4
2020,2,2,19,female,753,752,1,448134.86299565,23610.3756564403,0.0526858711652378,930,TRUE,region,Northeast,168.02977455635,13.0128494995681,TRUE,2020Q2,30,6,2,0,0,1,1,0,1,0,0,4
2020,2,2,15,male,0,0,0,456683.57362115,19836.227990596,0.0434353875119921,1000,TRUE,region,Northeast,0,13.0317460309789,TRUE,2020Q2,30,6,2,1,0,1,1,0,1,0,0,4
2020,2,2,16,male,15,15,0,519011.52174824,33098.4143621416,0.063772022344808,1066,TRUE,region,Northeast,2.8901092502675,13.1596813618019,TRUE,2020Q2,30,6,2,0,0,1,1,0,1,0,0,4
2020,2,2,17,male,29,29,0,494461.06810905,22074.1121169811,0.0446427707673696,1066,TRUE,region,Northeast,5.86497135374149,13.1112236971357,TRUE,2020Q2,30,6,2,0,0,1,1,0,1,0,0,4
2020,2,2,18,male,147,147,0,458934.10364723,25365.3803925399,0.0552702015190346,1001,TRUE,region,Northeast,32.030742285606,13.0366619136975,TRUE,2020Q2,30,6,2,0,0,1,1,0,1,0,0,4
2020,2,2,19,male,301,301,0,500809.66883822,25046.7683697502,0.0500125495337457,1026,TRUE,region,Northeast,60.1026734763849,13.1239814053672,TRUE,2020Q2,30,6,2,0,0,1,1,0,1,0,0,4
2020,2,3,15,combined,1,1,0,1135636.90298276,44526.8601289731,0.0392087118796711,1390,TRUE,region,Southeast,0.0880563142474053,13.9427041995154,TRUE,2020Q2,30,6,2,1,0,1,1,0,1,0,0,4
2020,2,3,16,combined,334,334,0,1202025.06225037,46905.0819822468,0.0390217171465905,1431,TRUE,region,Southeast,27.7864422705715,13.9995182443178,TRUE,2020Q2,30,6,2,0,0,1,1,0,1,0,0,4
2020,2,3,17,combined,466,466,0,1262439.2420198,51050.9915725519,0.0404383750705297,1429,TRUE,region,Southeast,36.9126675161363,14.0485563138408,TRUE,2020Q2,30,6,2,0,0,1,1,0,1,0,0,4
2020,2,3,18,combined,1446,1443,3,1270471.02736847,55663.0758756665,0.0438129439212491,1417,TRUE,region,Southeast,113.816054742713,14.0548982773646,TRUE,2020Q2,30,6,2,0,0,1,1,0,1,0,0,4
2020,2,3,19,combined,2341,2334,7,1242439.06711011,52416.5271970318,0.0421884087393933,1450,TRUE,region,Southeast,188.419702983513,14.0325869951951,TRUE,2020Q2,30,6,2,0,0,1,1,0,1,0,0,4
2020,2,3,15,female,1,1,0,540533.02649341,31051.1630696994,0.0574454502274117,662,TRUE,region,Southeast,0.18500257171838,13.2003110177902,TRUE,2020Q2,30,6,2,1,0,1,1,0,1,0,0,4
2020,2,3,16,female,324,324,0,617323.91333252,34883.2688201371,0.056507237232761,705,TRUE,region,Southeast,52.4846021679186,13.3331491462231,TRUE,2020Q2,30,6,2,0,0,1,1,0,1,0,0,4
2020,2,3,17,female,423,423,0,632552.69872802,36905.2619851354,0.0583433792304531,689,TRUE,region,Southeast,66.8718987130396,13.3575188142601,TRUE,2020Q2,30,6,2,0,0,1,1,0,1,0,0,4
2020,2,3,18,female,1149,1148,1,654033.50627161,47313.7357860321,0.072341455494764,703,TRUE,region,Southeast,175.679072858209,13.3909138619582,TRUE,2020Q2,30,6,2,0,0,1,1,0,1,0,0,4
2020,2,3,19,female,1712,1707,5,598037.12649614,31624.2773032688,0.0528801238286883,694,TRUE,region,Southeast,286.26985251409,13.3014081154473,TRUE,2020Q2,30,6,2,0,0,1,1,0,1,0,0,4
2020,2,3,15,male,0,0,0,595103.87648935,32315.7962134293,0.0543027822370564,728,TRUE,region,Southeast,0,13.2964912516251,TRUE,2020Q2,30,6,2,1,0,1,1,0,1,0,0,4
2020,2,3,16,male,10,10,0,584701.14891785,32011.4279715339,0.0547483582523821,726,TRUE,region,Southeast,1.71027541480083,13.2788561391316,TRUE,2020Q2,30,6,2,0,0,1,1,0,1,0,0,4
2020,2,3,17,male,43,43,0,629886.54329178,35021.4024650121,0.0555995406442414,740,TRUE,region,Southeast,6.82662623260413,13.3532949921365,TRUE,2020Q2,30,6,2,0,0,1,1,0,1,0,0,4
2020,2,3,18,male,297,295,2,616437.52109686,31422.3866923149,0.0509741630204524,714,TRUE,region,Southeast,48.1800652678527,13.3317122519202,TRUE,2020Q2,30,6,2,0,0,1,1,0,1,0,0,4
2020,2,3,19,male,629,627,2,644401.94061397,42783.8707121963,0.0663931438062289,756,TRUE,region,Southeast,97.6098860597323,13.3760779417857,TRUE,2020Q2,30,6,2,0,0,1,1,0,1,0,0,4
2020,2,4,15,combined,21,21,0,383927.32345843,20386.5462494529,0.0531000139969467,814,TRUE,region,South,5.46978522154436,12.8582085518306,TRUE,2020Q2,30,6,2,1,0,1,1,0,1,0,0,4
2020,2,4,16,combined,201,201,0,423523.39777386,27493.8112401434,0.0649168650059417,802,TRUE,region,South,47.4590072370273,12.9563640401286,TRUE,2020Q2,30,6,2,0,0,1,1,0,1,0,0,4
2020,2,4,17,combined,264,264,0,375761.78543142,18582.6485446346,0.0494532687066606,768,TRUE,region,South,70.2572774123095,12.8367106722103,TRUE,2020Q2,30,6,2,0,0,1,1,0,1,0,0,4
2020,2,4,18,combined,657,656,1,403964.43578054,22814.4519520648,0.0564763873532151,794,TRUE,region,South,162.638079446411,12.9090821228222,TRUE,2020Q2,30,6,2,0,0,1,1,0,1,0,0,4
2020,2,4,19,combined,787,784,3,424035.36449428,22379.1285205662,0.0527765615664071,832,TRUE,region,South,185.597727429788,12.9575721375621,TRUE,2020Q2,30,6,2,0,0,1,1,0,1,0,0,4
2020,2,4,15,female,19,19,0,200102.72908364,17060.5685294053,0.0852590497267742,402,TRUE,region,South,9.49512287364071,12.2065861590777,TRUE,2020Q2,30,6,2,1,0,1,1,0,1,0,0,4
2020,2,4,16,female,192,192,0,193923.68566711,14783.1857525946,0.0762319760050944,374,TRUE,region,South,99.0080192316414,12.1752199878041,TRUE,2020Q2,30,6,2,0,0,1,1,0,1,0,0,4
2020,2,4,17,female,233,233,0,187604.68730838,12929.9151596335,0.0689210666595961,378,TRUE,region,South,124.197323288091,12.1420923008945,TRUE,2020Q2,30,6,2,0,0,1,1,0,1,0,0,4
2020,2,4,18,female,509,508,1,176119.13287874,12937.8210814311,0.0734606221933818,380,TRUE,region,South,289.008917816131,12.0789159363891,TRUE,2020Q2,30,6,2,0,0,1,1,0,1,0,0,4
2020,2,4,19,female,525,524,1,210431.18236626,17759.9978952171,0.0843981281457869,395,TRUE,region,South,249.487739457846,12.2569139540272,TRUE,2020Q2,30,6,2,0,0,1,1,0,1,0,0,4
2020,2,4,15,male,2,2,0,183824.59437479,10735.0015780739,0.0583980702614085,412,TRUE,region,South,1.08799369681856,12.1217372904785,TRUE,2020Q2,30,6,2,1,0,1,1,0,1,0,0,4
2020,2,4,16,male,9,9,0,229599.71210675,23436.4298815641,0.102075171029255,428,TRUE,region,South,3.91986554225972,12.3440926895363,TRUE,2020Q2,30,6,2,0,0,1,1,0,1,0,0,4
2020,2,4,17,male,31,31,0,188157.09812304,14071.5009373651,0.074785916012392,390,TRUE,region,South,16.4755942290991,12.1450325211832,TRUE,2020Q2,30,6,2,0,0,1,1,0,1,0,0,4
2020,2,4,18,male,148,148,0,227845.3029018,17019.7672159552,0.0746987846542994,414,TRUE,region,South,64.9563533305697,12.3364221816092,TRUE,2020Q2,30,6,2,0,0,1,1,0,1,0,0,4
2020,2,4,19,male,262,260,2,213604.18212802,13756.2339661295,0.0644005834955278,437,TRUE,region,South,122.656774502184,12.2718799651275,TRUE,2020Q2,30,6,2,0,0,1,1,0,1,0,0,4
2020,2,5,15,combined,0,0,0,265006.43419025,16135.2504443102,0.0608862592095655,567,TRUE,region,Central-West,0,12.4875093846368,TRUE,2020Q2,30,6,2,1,0,1,1,0,1,0,0,4
2020,2,5,16,combined,127,127,0,238911.26054933,15520.0621766703,0.064961618556551,501,TRUE,region,Central-West,53.1578125317276,12.383847467194,TRUE,2020Q2,30,6,2,0,0,1,1,0,1,0,0,4
2020,2,5,17,combined,162,161,1,257337.82321191,13550.7140115609,0.0526572963213508,570,TRUE,region,Central-West,62.9522695024112,12.4581449879013,TRUE,2020Q2,30,6,2,0,0,1,1,0,1,0,0,4
2020,2,5,18,combined,444,443,1,252757.85484894,17692.6990206418,0.0699986120360763,533,TRUE,region,Central-West,175.662196636918,12.4401872139426,TRUE,2020Q2,30,6,2,0,0,1,1,0,1,0,0,4
2020,2,5,19,combined,524,523,1,277032.42786098,14505.6999770033,0.0523610181270279,604,TRUE,region,Central-West,189.147531949925,12.5318898464077,TRUE,2020Q2,30,6,2,0,0,1,1,0,1,0,0,4
2020,2,5,15,female,0,0,0,143820.13415117,12773.4586303173,0.0888155104687292,280,TRUE,region,Central-West,0,11.8763187294274,TRUE,2020Q2,30,6,2,1,0,1,1,0,1,0,0,4
2020,2,5,16,female,121,121,0,105777.10141957,9035.99214790823,0.0854248417345691,239,TRUE,region,Central-West,114.39148773802,11.5690893422741,TRUE,2020Q2,30,6,2,0,0,1,1,0,1,0,0,4
2020,2,5,17,female,143,143,0,120641.23696939,8352.40697636539,0.0692334328309699,273,TRUE,region,Central-West,118.533267390389,11.7005764365827,TRUE,2020Q2,30,6,2,0,0,1,1,0,1,0,0,4
2020,2,5,18,female,362,361,1,122367.78684704,9790.68096151418,0.080010280595763,261,TRUE,region,Central-West,295.829490201127,11.7147864350684,TRUE,2020Q2,30,6,2,0,0,1,1,0,1,0,0,4
2020,2,5,19,female,349,348,1,143033.17106742,10843.4624170346,0.0758108230147778,300,TRUE,region,Central-West,243.999344624399,11.8708318478486,TRUE,2020Q2,30,6,2,0,0,1,1,0,1,0,0,4
2020,2,5,15,male,0,0,0,121186.30003908,8967.93063373465,0.0740011918083371,287,TRUE,region,Central-West,0,11.7050843102471,TRUE,2020Q2,30,6,2,1,0,1,1,0,1,0,0,4
2020,2,5,16,male,6,6,0,133134.15912976,12768.8073511153,0.0959093251091938,262,TRUE,region,Central-West,4.50673218595392,11.7991126140539,TRUE,2020Q2,30,6,2,0,0,1,1,0,1,0,0,4
2020,2,5,17,male,19,18,1,136696.58624252,9998.00115943693,0.0731400939427924,297,TRUE,region,Central-West,13.8993961168066,11.8255190497778,TRUE,2020Q2,30,6,2,0,0,1,1,0,1,0,0,4
2020,2,5,18,male,82,82,0,130390.0680019,15106.0212609748,0.115852545308548,272,TRUE,region,Central-West,62.8882255041121,11.7782857599443,TRUE,2020Q2,30,6,2,0,0,1,1,0,1,0,0,4
2020,2,5,19,male,175,175,0,133999.25679356,9182.84754509713,0.0685290931071676,304,TRUE,region,Central-West,130.597739261798,11.805589532601,TRUE,2020Q2,30,6,2,0,0,1,1,0,1,0,0,4
2020,3,1,15,combined,6,6,0,360821.78306888,21588.1922178593,0.0598306234015204,953,TRUE,region,North,1.66287078040813,12.7961394397076,TRUE,2020Q3,31,7,3,1,0,1,1,0,1,0,0,5
2020,3,1,16,combined,255,255,0,315560.47539534,15785.6151736062,0.0500240568906155,896,TRUE,region,North,80.8085992646992,12.6621056237212,TRUE,2020Q3,31,7,3,0,0,1,1,0,1,0,0,5
2020,3,1,17,combined,338,338,0,337565.8297685,17106.3511852071,0.0506756006582139,939,TRUE,region,North,100.128617944476,12.7295158214406,TRUE,2020Q3,31,7,3,0,0,1,1,0,1,0,0,5
2020,3,1,18,combined,821,821,0,334414.50942999,15403.3344142378,0.0460606043693882,935,TRUE,region,North,245.503701797926,12.7201365486951,TRUE,2020Q3,31,7,3,0,0,1,1,0,1,0,0,5
2020,3,1,19,combined,1002,1001,1,323695.25024,16769.1234941092,0.0518052812998521,873,TRUE,region,North,309.550417949315,12.6875577664672,TRUE,2020Q3,31,7,3,0,0,1,1,0,1,0,0,5
2020,3,1,15,female,6,6,0,180647.21660481,14444.3002711318,0.0799586096182742,476,TRUE,region,North,3.32139078186065,12.1043013287893,TRUE,2020Q3,31,7,3,1,0,1,1,0,1,0,0,5
2020,3,1,16,female,244,244,0,148712.1798952,10769.2296815819,0.0724165948557215,431,TRUE,region,North,164.075330058339,11.9097680382748,TRUE,2020Q3,31,7,3,0,0,1,1,0,1,0,0,5
2020,3,1,17,female,309,309,0,157644.73078088,10665.2372569172,0.0676536234613606,453,TRUE,region,North,196.010357256722,11.9680992408871,TRUE,2020Q3,31,7,3,0,0,1,1,0,1,0,0,5
2020,3,1,18,female,647,647,0,163040.3015212,11181.4321028265,0.0685807864589395,478,TRUE,region,North,396.834398589401,12.0017526978243,TRUE,2020Q3,31,7,3,0,0,1,1,0,1,0,0,5
2020,3,1,19,female,679,679,0,152204.42257607,11848.5575324701,0.0778463419914646,412,TRUE,region,North,446.11055875242,11.932979781649,TRUE,2020Q3,31,7,3,0,0,1,1,0,1,0,0,5
2020,3,1,15,male,0,0,0,180174.56646407,14796.7968704555,0.0821247813209319,477,TRUE,region,North,0,12.1016814735962,TRUE,2020Q3,31,7,3,1,0,1,1,0,1,0,0,5
2020,3,1,16,male,11,11,0,166848.29550014,10615.9236226928,0.0636262036173088,465,TRUE,region,North,6.59281532785618,12.0248402683655,TRUE,2020Q3,31,7,3,0,0,1,1,0,1,0,0,5
2020,3,1,17,male,29,29,0,179921.09898762,12645.5642306246,0.0702839428048108,486,TRUE,region,North,16.1181763357256,12.1002736948161,TRUE,2020Q3,31,7,3,0,0,1,1,0,1,0,0,5
2020,3,1,18,male,174,174,0,171374.20790879,11170.2922271549,0.0651807081325801,457,TRUE,region,North,101.532197944633,12.0516047948775,TRUE,2020Q3,31,7,3,0,0,1,1,0,1,0,0,5
2020,3,1,19,male,323,322,1,171490.82766393,11757.4113172128,0.068560001006315,461,TRUE,region,North,188.348265851852,12.0522850611487,TRUE,2020Q3,31,7,3,0,0,1,1,0,1,0,0,5
2020,3,2,15,combined,8,8,0,918588.15813676,31397.7549210989,0.0341804481616498,2095,TRUE,region,Northeast,0.870901712496162,13.7305931595832,TRUE,2020Q3,31,7,3,1,0,1,1,0,1,0,0,5
2020,3,2,16,combined,443,443,0,975613.3606058,32709.4084443744,0.0335270197858542,2101,TRUE,region,Northeast,45.4073322371193,13.790821639988,TRUE,2020Q3,31,7,3,0,0,1,1,0,1,0,0,5
2020,3,2,17,combined,692,692,0,925119.27507249,29629.0593433264,0.0320272857151363,2029,TRUE,region,Northeast,74.8011654979058,13.7376779542061,TRUE,2020Q3,31,7,3,0,0,1,1,0,1,0,0,5
2020,3,2,18,combined,1802,1802,0,971950.59217046,34282.5946377697,0.0352719520044875,2102,TRUE,region,Northeast,185.400370606901,13.7870602510503,TRUE,2020Q3,31,7,3,0,0,1,1,0,1,0,0,5
2020,3,2,19,combined,2287,2286,1,985528.19022032,31617.2706400042,0.0320815487103783,2037,TRUE,region,Northeast,232.058303627898,13.8009330101585,TRUE,2020Q3,31,7,3,0,0,1,1,0,1,0,0,5
2020,3,2,15,female,8,8,0,411198.04484742,19309.5965218747,0.0469593587903362,1011,TRUE,region,Northeast,1.94553454235623,12.9268302383633,TRUE,2020Q3,31,7,3,1,0,1,1,0,1,0,0,5
2020,3,2,16,female,429,429,0,464297.57981079,23525.1296860315,0.0506682151899617,983,TRUE,region,Northeast,92.3976386383116,13.0482809614396,TRUE,2020Q3,31,7,3,0,0,1,1,0,1,0,0,5
2020,3,2,17,female,620,620,0,461820.04001386,22163.2277078934,0.0479910480004901,959,TRUE,region,Northeast,134.251428322901,13.0429305704003,TRUE,2020Q3,31,7,3,0,0,1,1,0,1,0,0,5
2020,3,2,18,female,1434,1434,0,478311.81021213,25780.2372541333,0.0538983916008678,1010,TRUE,region,Northeast,299.804430788365,13.0780181214232,TRUE,2020Q3,31,7,3,0,0,1,1,0,1,0,0,5
2020,3,2,19,female,1608,1607,1,502303.41571201,24077.2460534144,0.0479336697706606,1001,TRUE,region,Northeast,320.125236998573,13.1269596298584,TRUE,2020Q3,31,7,3,0,0,1,1,0,1,0,0,5
2020,3,2,15,male,0,0,0,507390.11328934,24694.1163543253,0.0486688954071982,1084,TRUE,region,Northeast,0,13.1370354409148,TRUE,2020Q3,31,7,3,1,0,1,1,0,1,0,0,5
2020,3,2,16,male,14,14,0,511315.78079501,22840.7661408676,0.044670567580281,1118,TRUE,region,Northeast,2.73803401456383,13.144742644654,TRUE,2020Q3,31,7,3,0,0,1,1,0,1,0,0,5
2020,3,2,17,male,72,72,0,463299.23505863,20214.7804658653,0.0436322336325617,1070,TRUE,region,Northeast,15.54071203914,13.046128420332,TRUE,2020Q3,31,7,3,0,0,1,1,0,1,0,0,5
2020,3,2,18,male,368,368,0,493638.78195833,23167.4571375457,0.0469320036923301,1092,TRUE,region,Northeast,74.548437734186,13.1095593180945,TRUE,2020Q3,31,7,3,0,0,1,1,0,1,0,0,5
2020,3,2,19,male,679,679,0,483224.77450831,22141.0342737225,0.0458193276539917,1036,TRUE,region,Northeast,140.51431876416,13.0882371960357,TRUE,2020Q3,31,7,3,0,0,1,1,0,1,0,0,5
2020,3,3,15,combined,1,1,0,1203496.21929507,45899.6203231192,0.0381385662765141,1360,TRUE,region,Southeast,0.0830912456530803,14.0007413947754,TRUE,2020Q3,31,7,3,1,0,1,1,0,1,0,0,5
2020,3,3,16,combined,483,482,1,1158123.96175741,45755.8857352132,0.0395086253683762,1338,TRUE,region,Southeast,41.7053800758138,13.9623119795356,TRUE,2020Q3,31,7,3,0,0,1,1,0,1,0,0,5
2020,3,3,17,combined,861,860,1,1162763.44152832,48430.030513461,0.0416508025482855,1290,TRUE,region,Southeast,74.0477357000762,13.9663100071385,TRUE,2020Q3,31,7,3,0,0,1,1,0,1,0,0,5
2020,3,3,18,combined,2403,2398,5,1220611.90792597,47038.4757440152,0.0385367989928442,1375,TRUE,region,Southeast,196.86847100182,14.0148628548421,TRUE,2020Q3,31,7,3,0,0,1,1,0,1,0,0,5
2020,3,3,19,combined,3543,3536,7,1223545.7143873,48914.4187932716,0.0399775980726359,1392,TRUE,region,Southeast,289.568257102203,14.0172635247854,TRUE,2020Q3,31,7,3,0,0,1,1,0,1,0,0,5
2020,3,3,15,female,1,1,0,605440.94297053,32130.0871297093,0.0530689037514816,671,TRUE,region,Southeast,0.165168875942484,13.3137123029006,TRUE,2020Q3,31,7,3,1,0,1,1,0,1,0,0,5
2020,3,3,16,female,460,460,0,584256.82069203,33871.3381471631,0.0579733722355929,659,TRUE,region,Southeast,78.7324997687057,13.2780959266026,TRUE,2020Q3,31,7,3,0,0,1,1,0,1,0,0,5
2020,3,3,17,female,792,791,1,585410.00948797,36369.0922718716,0.0621258462998982,611,TRUE,region,Southeast,135.289794701789,13.2800677516383,TRUE,2020Q3,31,7,3,0,0,1,1,0,1,0,0,5
2020,3,3,18,female,1949,1945,4,590860.52798879,34468.0403992943,0.058335324101982,667,TRUE,region,Southeast,329.857878073889,13.2893352752867,TRUE,2020Q3,31,7,3,0,0,1,1,0,1,0,0,5
2020,3,3,19,female,2533,2529,4,638998.72532755,34144.5228848868,0.0534344147046372,702,TRUE,region,Southeast,396.40141671669,13.3676577385651,TRUE,2020Q3,31,7,3,0,0,1,1,0,1,0,0,5
2020,3,3,15,male,0,0,0,598055.27632454,32889.4603225623,0.0549940141397809,689,TRUE,region,Southeast,0,13.3014384639862,TRUE,2020Q3,31,7,3,1,0,1,1,0,1,0,0,5
2020,3,3,16,male,23,22,1,573867.14106538,31440.7327459047,0.0547874769193706,679,TRUE,region,Southeast,4.00789631504266,13.2601531869518,TRUE,2020Q3,31,7,3,0,0,1,1,0,1,0,0,5
2020,3,3,17,male,69,69,0,577353.43204035,31381.2138158286,0.0543535589715441,679,TRUE,region,Southeast,11.9510851015739,13.2662098918334,TRUE,2020Q3,31,7,3,0,0,1,1,0,1,0,0,5
2020,3,3,18,male,454,453,1,629751.37993718,33548.821303302,0.0532731207459182,708,TRUE,region,Southeast,72.0919420685173,13.3530803854585,TRUE,2020Q3,31,7,3,0,0,1,1,0,1,0,0,5
2020,3,3,19,male,1010,1007,3,584546.98905975,34933.4493622455,0.0597615760855022,690,TRUE,region,Southeast,172.783372235754,13.2785924485531,TRUE,2020Q3,31,7,3,0,0,1,1,0,1,0,0,5
2020,3,4,15,combined,17,17,0,415332.64072512,22565.9539704707,0.0543322430210959,770,TRUE,region,South,4.0931047389678,12.936835022064,TRUE,2020Q3,31,7,3,1,0,1,1,0,1,0,0,5
2020,3,4,16,combined,250,249,1,420767.79769986,26863.9843096292,0.0638451527338403,737,TRUE,region,South,59.415193217407,12.9498364110987,TRUE,2020Q3,31,7,3,0,0,1,1,0,1,0,0,5
2020,3,4,17,combined,384,384,0,396497.41753908,20488.849207564,0.0516746094709294,790,TRUE,region,South,96.8480456653042,12.8904248068935,TRUE,2020Q3,31,7,3,0,0,1,1,0,1,0,0,5
2020,3,4,18,combined,866,865,1,375159.75529479,19569.9805723542,0.0521643920920479,725,TRUE,region,South,230.834994366472,12.8351072283537,TRUE,2020Q3,31,7,3,0,0,1,1,0,1,0,0,5
2020,3,4,19,combined,1197,1190,7,409997.72695451,21580.854086312,0.0526365212963887,745,TRUE,region,South,291.952838102639,12.9239068946517,TRUE,2020Q3,31,7,3,0,0,1,1,0,1,0,0,5
2020,3,4,15,female,15,15,0,191926.66526339,12975.6226993759,0.067607190911012,373,TRUE,region,South,7.81548513825049,12.1648686262946,TRUE,2020Q3,31,7,3,1,0,1,1,0,1,0,0,5
2020,3,4,16,female,234,233,1,218292.39348353,21941.8367167979,0.100515809857815,365,TRUE,region,South,107.195672861434,12.2935906976045,TRUE,2020Q3,31,7,3,0,0,1,1,0,1,0,0,5
2020,3,4,17,female,326,326,0,182205.61881832,11797.9066294524,0.0647505093748855,391,TRUE,region,South,178.91874142754,12.1128911020719,TRUE,2020Q3,31,7,3,0,0,1,1,0,1,0,0,5
2020,3,4,18,female,676,675,1,161702.8845246,12788.2971521065,0.0790851516947492,317,TRUE,region,South,418.050674845667,11.9935158841482,TRUE,2020Q3,31,7,3,0,0,1,1,0,1,0,0,5
2020,3,4,19,female,817,814,3,196371.95601948,15432.6270701611,0.0785887526049297,345,TRUE,region,South,416.047187470574,12.1877658745822,TRUE,2020Q3,31,7,3,0,0,1,1,0,1,0,0,5
2020,3,4,15,male,2,2,0,223405.97546173,18708.7828997432,0.0837434310388355,397,TRUE,region,South,0.895231202239085,12.3167459130739,TRUE,2020Q3,31,7,3,1,0,1,1,0,1,0,0,5
2020,3,4,16,male,16,16,0,202475.40421633,15656.7509217039,0.0773266806519166,372,TRUE,region,South,7.90219437364609,12.2183736974917,TRUE,2020Q3,31,7,3,0,0,1,1,0,1,0,0,5
2020,3,4,17,male,58,58,0,214291.79872076,17137.3962945737,0.0799722453069946,399,TRUE,region,South,27.0658981567367,12.2750939106442,TRUE,2020Q3,31,7,3,0,0,1,1,0,1,0,0,5
2020,3,4,18,male,190,190,0,213456.87077019,14474.9663199687,0.0678121358555501,408,TRUE,region,South,89.0109553815,12.2711900807999,TRUE,2020Q3,31,7,3,0,0,1,1,0,1,0,0,5
2020,3,4,19,male,380,376,4,213625.77093503,14293.1876419307,0.0669076000492362,400,TRUE,region,South,177.88116028172,12.2719810292354,TRUE,2020Q3,31,7,3,0,0,1,1,0,1,0,0,5
2020,3,5,15,combined,3,3,0,268994.15636482,15247.6043111183,0.056683775280378,555,TRUE,region,Central-West,1.11526586322243,12.5024449347972,TRUE,2020Q3,31,7,3,1,0,1,1,0,1,0,0,5
2020,3,5,16,combined,175,175,0,248827.01053184,15533.890059408,0.0624284719983015,533,TRUE,region,Central-West,70.329985328344,12.4245131971855,TRUE,2020Q3,31,7,3,0,0,1,1,0,1,0,0,5
2020,3,5,17,combined,249,249,0,254909.49458676,13350.4090407932,0.0523731336976517,549,TRUE,region,Central-West,97.681728334074,12.4486638379512,TRUE,2020Q3,31,7,3,0,0,1,1,0,1,0,0,5
2020,3,5,18,combined,671,668,3,243688.46831346,14537.9734790031,0.0596580280536817,521,TRUE,region,Central-West,275.351560393446,12.403645919304,TRUE,2020Q3,31,7,3,0,0,1,1,0,1,0,0,5
2020,3,5,19,combined,852,847,5,244672.03239549,15938.2041506243,0.0651410951819031,519,TRUE,region,Central-West,348.221246073119,12.4076739494598,TRUE,2020Q3,31,7,3,0,0,1,1,0,1,0,0,5
2020,3,5,15,female,2,2,0,139922.86118692,10493.7217309201,0.0749964776442195,274,TRUE,region,Central-West,1.42935899325861,11.8488465582178,TRUE,2020Q3,31,7,3,1,0,1,1,0,1,0,0,5
2020,3,5,16,female,169,169,0,109523.73158587,9438.52853138532,0.0861779305244473,262,TRUE,region,Central-West,154.304457630261,11.6038965315684,TRUE,2020Q3,31,7,3,0,0,1,1,0,1,0,0,5
2020,3,5,17,female,230,230,0,125752.74333541,9055.04375480508,0.0720067293534368,281,TRUE,region,Central-West,182.89859441598,11.7420729035126,TRUE,2020Q3,31,7,3,0,0,1,1,0,1,0,0,5
2020,3,5,18,female,543,541,2,113995.23927084,10107.5932627128,0.0886668015907077,247,TRUE,region,Central-West,476.335681624294,11.6439119657225,TRUE,2020Q3,31,7,3,0,0,1,1,0,1,0,0,5
2020,3,5,19,female,591,589,2,120770.63212312,10118.1962341514,0.0837802705531621,252,TRUE,region,Central-West,489.357379033591,11.7016484233629,TRUE,2020Q3,31,7,3,0,0,1,1,0,1,0,0,5
2020,3,5,15,male,1,1,0,129071.2951779,11323.7117795073,0.0877322239921725,281,TRUE,region,Central-West,0.774765604251272,11.7681202064725,TRUE,2020Q3,31,7,3,1,0,1,1,0,1,0,0,5
2020,3,5,16,male,6,6,0,139303.27894597,12558.4259198178,0.0901516892842755,271,TRUE,region,Central-West,4.30714915355808,11.8444086982272,TRUE,2020Q3,31,7,3,0,0,1,1,0,1,0,0,5
2020,3,5,17,male,19,19,0,129156.75125135,9493.72479756012,0.0735054474936779,268,TRUE,region,Central-West,14.7108066871583,11.7687820716552,TRUE,2020Q3,31,7,3,0,0,1,1,0,1,0,0,5
2020,3,5,18,male,128,127,1,129693.22904262,10728.1561957078,0.0827194779164789,274,TRUE,region,Central-West,98.6944352799917,11.7729271641818,TRUE,2020Q3,31,7,3,0,0,1,1,0,1,0,0,5
2020,3,5,19,male,261,258,3,123901.40027237,10147.1493782221,0.0818969709455731,267,TRUE,region,Central-West,210.651372322063,11.7272413691867,TRUE,2020Q3,31,7,3,0,0,1,1,0,1,0,0,5
2020,4,1,15,combined,13,13,0,370584.9860892,23050.7751945768,0.0622010498531865,894,TRUE,region,North,3.5079672647264,12.8228380795713,TRUE,2020Q4,32,8,4,1,0,1,1,0,1,0,0,6
2020,4,1,16,combined,328,328,0,331775.83526408,17015.6889249183,0.0512867036002623,868,TRUE,region,North,98.8619318037209,12.7122148248641,TRUE,2020Q4,32,8,4,0,0,1,1,0,1,0,0,6
2020,4,1,17,combined,439,439,0,332341.39371192,19200.3732220773,0.057773041773787,842,TRUE,region,North,132.09308509446,12.7139180138792,TRUE,2020Q4,32,8,4,0,0,1,1,0,1,0,0,6
2020,4,1,18,combined,999,997,2,326706.4294073,16055.0441764248,0.0491421127081929,890,TRUE,region,North,305.779106279712,12.6968172772464,TRUE,2020Q4,32,8,4,0,0,1,1,0,1,0,0,6
2020,4,1,19,combined,1333,1332,1,320288.59519414,18012.9235262922,0.0562396657157706,788,TRUE,region,North,416.187157457797,12.6769777283262,TRUE,2020Q4,32,8,4,0,0,1,1,0,1,0,0,6
2020,4,1,15,female,12,12,0,182195.63178853,16556.2184994918,0.0908705567579592,442,TRUE,region,North,6.58632695098207,12.1128362887046,TRUE,2020Q4,32,8,4,1,0,1,1,0,1,0,0,6
2020,4,1,16,female,316,316,0,147599.12293836,10898.2588909123,0.0738368811003273,405,TRUE,region,North,214.093413097019,11.9022552489788,TRUE,2020Q4,32,8,4,0,0,1,1,0,1,0,0,6
2020,4,1,17,female,387,387,0,149074.23148008,12746.6397007077,0.0855053188881339,377,TRUE,region,North,259.602210360355,11.9121996587211,TRUE,2020Q4,32,8,4,0,0,1,1,0,1,0,0,6
2020,4,1,18,female,808,807,1,166604.62316043,11613.4905011325,0.0697068921667883,436,TRUE,region,North,484.98053935871,12.0233787583925,TRUE,2020Q4,32,8,4,0,0,1,1,0,1,0,0,6
2020,4,1,19,female,914,914,0,150783.81541149,12874.1793450656,0.0853817056554241,372,TRUE,region,North,606.165852419696,11.9236024039388,TRUE,2020Q4,32,8,4,0,0,1,1,0,1,0,0,6
2020,4,1,15,male,1,1,0,188389.35430067,15311.5718970582,0.0812762056215812,452,TRUE,region,North,0.53081555680901,12.1462661336928,TRUE,2020Q4,32,8,4,1,0,1,1,0,1,0,0,6
2020,4,1,16,male,12,12,0,184176.71232572,13265.4612251144,0.0720257249551409,463,TRUE,region,North,6.51548170692599,12.1236509687833,TRUE,2020Q4,32,8,4,0,0,1,1,0,1,0,0,6
2020,4,1,17,male,52,52,0,183267.16223184,12696.4851017787,0.0692785600385799,465,TRUE,region,North,28.373877440312,12.1187002701076,TRUE,2020Q4,32,8,4,0,0,1,1,0,1,0,0,6
2020,4,1,18,male,191,190,1,160101.80624687,10777.3479663615,0.0673155926157593,454,TRUE,region,North,119.299091295376,11.9835651809129,TRUE,2020Q4,32,8,4,0,0,1,1,0,1,0,0,6
2020,4,1,19,male,419,418,1,169504.77978265,12568.6598068948,0.0741492943326506,416,TRUE,region,North,247.190669512252,12.0406364047127,TRUE,2020Q4,32,8,4,0,0,1,1,0,1,0,0,6
2020,4,2,15,combined,6,6,0,927566.92867924,32174.6816333369,0.034687180664311,1907,TRUE,region,Northeast,0.646853592391805,13.7403202311614,TRUE,2020Q4,32,8,4,1,0,1,1,0,1,0,0,6
2020,4,2,16,combined,680,679,1,1033229.23152285,37327.2695304481,0.0361268036091394,1948,TRUE,region,Northeast,65.8130818654603,13.8481996320247,TRUE,2020Q4,32,8,4,0,0,1,1,0,1,0,0,6
2020,4,2,17,combined,1153,1151,2,941855.46426421,42746.9678455451,0.0453859105430148,1797,TRUE,region,Northeast,122.417933934347,13.7556071068225,TRUE,2020Q4,32,8,4,0,0,1,1,0,1,0,0,6
2020,4,2,18,combined,2617,2612,5,895481.17882356,30287.8851958989,0.0338230282357131,1855,TRUE,region,Northeast,292.245114904379,13.7051164827562,TRUE,2020Q4,32,8,4,0,0,1,1,0,1,0,0,6
2020,4,2,19,combined,3580,3572,8,917304.11008944,34225.9811001171,0.0373114877865095,1748,TRUE,region,Northeast,390.274060763877,13.7291943321259,TRUE,2020Q4,32,8,4,0,0,1,1,0,1,0,0,6
2020,4,2,15,female,5,5,0,452024.78801222,22960.7857039043,0.0507954128021927,926,TRUE,region,Northeast,1.10613402906232,13.0214922980457,TRUE,2020Q4,32,8,4,1,0,1,1,0,1,0,0,6
2020,4,2,16,female,656,656,0,463467.23796472,24930.6097151688,0.0537915254261545,912,TRUE,region,Northeast,141.54182782817,13.0464909774871,TRUE,2020Q4,32,8,4,0,0,1,1,0,1,0,0,6
2020,4,2,17,female,1036,1034,2,495594.30808424,36434.2566435732,0.0735162935676417,856,TRUE,region,Northeast,209.04194884819,13.1135129437725,TRUE,2020Q4,32,8,4,0,0,1,1,0,1,0,0,6
2020,4,2,18,female,2079,2076,3,452554.76468286,21203.9727609825,0.0468539377236294,914,TRUE,region,Northeast,459.391915022023,13.0226640617224,TRUE,2020Q4,32,8,4,0,0,1,1,0,1,0,0,6
2020,4,2,19,female,2533,2527,6,497715.75040636,27456.1988982359,0.0551644163879067,862,TRUE,region,Northeast,508.925023556504,13.117784410732,TRUE,2020Q4,32,8,4,0,0,1,1,0,1,0,0,6
2020,4,2,15,male,1,1,0,475542.14066702,23603.7782565378,0.0496355133183989,981,TRUE,region,Northeast,0.21028630577247,13.0722107809461,TRUE,2020Q4,32,8,4,1,0,1,1,0,1,0,0,6
2020,4,2,16,male,24,23,1,569761.99355813,29273.9383918964,0.0513792403194224,1036,TRUE,region,Northeast,4.21228517720556,13.2529739974491,TRUE,2020Q4,32,8,4,0,0,1,1,0,1,0,0,6
2020,4,2,17,male,117,117,0,446261.15617997,22047.2263357306,0.0494043141116215,941,TRUE,region,Northeast,26.2178319532735,13.0086596116066,TRUE,2020Q4,32,8,4,0,0,1,1,0,1,0,0,6
2020,4,2,18,male,538,536,2,442926.4141407,21327.8621151289,0.0481521567335423,941,TRUE,region,Northeast,121.464871550672,13.0011589271953,TRUE,2020Q4,32,8,4,0,0,1,1,0,1,0,0,6
2020,4,2,19,male,1047,1045,2,419588.35968308,20547.8114799875,0.0489713572976799,886,TRUE,region,Northeast,249.530277911144,12.9470294136588,TRUE,2020Q4,32,8,4,0,0,1,1,0,1,0,0,6
2020,4,3,15,combined,2,2,0,1167870.08107266,47364.1243359796,0.040555987436956,1231,TRUE,region,Southeast,0.17125192539936,13.9706922042252,TRUE,2020Q4,32,8,4,1,0,1,1,0,1,0,0,6
2020,4,3,16,combined,715,715,0,1196368.6256281,55899.659128043,0.0467244442311376,1203,TRUE,region,Southeast,59.7641884519181,13.9948013814122,TRUE,2020Q4,32,8,4,0,0,1,1,0,1,0,0,6
2020,4,3,17,combined,1244,1243,1,1217856.90240898,57820.0146341818,0.0474768542345254,1193,TRUE,region,Southeast,102.146647733351,14.0126032346431,TRUE,2020Q4,32,8,4,0,0,1,1,0,1,0,0,6
2020,4,3,18,combined,3230,3221,9,1247153.43101856,53350.7727082987,0.042778034667897,1240,TRUE,region,Southeast,258.989785832689,14.0363742572045,TRUE,2020Q4,32,8,4,0,0,1,1,0,1,0,0,6
2020,4,3,19,combined,4957,4947,10,1135847.58697668,50122.5288498844,0.044127864886606,1161,TRUE,region,Southeast,436.414185920331,13.9428897028684,TRUE,2020Q4,32,8,4,0,0,1,1,0,1,0,0,6
2020,4,3,15,female,2,2,0,534983.12793204,29871.6836990523,0.0558366836997652,598,TRUE,region,Southeast,0.373843565446809,13.1899904888052,TRUE,2020Q4,32,8,4,1,0,1,1,0,1,0,0,6
2020,4,3,16,female,693,693,0,586342.39528224,40810.4304421468,0.0696017050285139,565,TRUE,region,Southeast,118.190327968084,13.2816591902174,TRUE,2020Q4,32,8,4,0,0,1,1,0,1,0,0,6
2020,4,3,17,female,1133,1133,0,594296.27386765,39670.3736894379,0.0667518465684887,570,TRUE,region,Southeast,190.645650969085,13.2951332515516,TRUE,2020Q4,32,8,4,0,0,1,1,0,1,0,0,6
2020,4,3,18,female,2659,2654,5,566154.89426131,34940.5133351313,0.0617154663667086,592,TRUE,region,Southeast,469.659456617315,13.2466229845186,TRUE,2020Q4,32,8,4,0,0,1,1,0,1,0,0,6
2020,4,3,19,female,3565,3557,8,591979.88546095,39839.8303036193,0.0672992972938561,575,TRUE,region,Southeast,602.216407610553,13.291227936027,TRUE,2020Q4,32,8,4,0,0,1,1,0,1,0,0,6
2020,4,3,15,male,0,0,0,632886.95314062,37536.4310419219,0.0593098512390755,633,TRUE,region,Southeast,0,13.358047096142,TRUE,2020Q4,32,8,4,1,0,1,1,0,1,0,0,6
2020,4,3,16,male,22,22,0,610026.23034586,38961.953406734,0.0638693083486658,638,TRUE,region,Southeast,3.60640229970552,13.321257235792,TRUE,2020Q4,32,8,4,0,0,1,1,0,1,0,0,6
2020,4,3,17,male,111,110,1,623560.62854133,42342.4207507727,0.0679042563187843,623,TRUE,region,Southeast,17.8009955919856,13.3432012784146,TRUE,2020Q4,32,8,4,0,0,1,1,0,1,0,0,6
2020,4,3,18,male,571,567,4,680998.53675725,41115.1814386557,0.0603748454944356,648,TRUE,region,Southeast,83.8474635670972,13.4313154364616,TRUE,2020Q4,32,8,4,0,0,1,1,0,1,0,0,6
2020,4,3,19,male,1392,1390,2,543867.70151573,32680.0047984128,0.060088151415014,586,TRUE,region,Southeast,255.944597577788,13.2064613005181,TRUE,2020Q4,32,8,4,0,0,1,1,0,1,0,0,6
2020,4,4,15,combined,23,23,0,426033.18289302,23063.0860968,0.0541344830000984,700,TRUE,region,South,5.3986405105387,12.962272516333,TRUE,2020Q4,32,8,4,1,0,1,1,0,1,0,0,6
2020,4,4,16,combined,424,424,0,412843.95670346,26798.4418055427,0.064911793839801,671,TRUE,region,South,102.702242122089,12.9308249717427,TRUE,2020Q4,32,8,4,0,0,1,1,0,1,0,0,6
2020,4,4,17,combined,528,526,2,408509.88293037,21408.9243104756,0.0524073595402458,702,TRUE,region,South,129.250238993605,12.9202713862095,TRUE,2020Q4,32,8,4,0,0,1,1,0,1,0,0,6
2020,4,4,18,combined,1415,1410,5,415220.35140073,30041.1867159573,0.0723499862533581,662,TRUE,region,South,340.782910863244,12.9365646255303,TRUE,2020Q4,32,8,4,0,0,1,1,0,1,0,0,6
2020,4,4,19,combined,1741,1735,6,387371.80739167,28918.3191473736,0.0746526169317593,617,TRUE,region,South,449.439005828238,12.8671402534083,TRUE,2020Q4,32,8,4,0,0,1,1,0,1,0,0,6
2020,4,4,15,female,21,21,0,203332.95405485,15008.1655314971,0.0738107878344626,340,TRUE,region,South,10.3278881171102,12.2226000821756,TRUE,2020Q4,32,8,4,1,0,1,1,0,1,0,0,6
2020,4,4,16,female,400,400,0,207059.5641411,20294.4831969746,0.0980127785024458,336,TRUE,region,South,193.181127208121,12.2407617803295,TRUE,2020Q4,32,8,4,0,0,1,1,0,1,0,0,6
2020,4,4,17,female,455,455,0,204373.05748168,15987.281858529,0.0782259758479277,346,TRUE,region,South,222.632085464977,12.2277023159117,TRUE,2020Q4,32,8,4,0,0,1,1,0,1,0,0,6
2020,4,4,18,female,1089,1087,2,226948.89577901,26335.13088034,0.116039916343033,321,TRUE,region,South,479.843709422762,12.3324801423914,TRUE,2020Q4,32,8,4,0,0,1,1,0,1,0,0,6
2020,4,4,19,female,1181,1176,5,190730.04591484,25821.569730793,0.135382810856776,272,TRUE,region,South,619.199767050499,12.1586143351026,TRUE,2020Q4,32,8,4,0,0,1,1,0,1,0,0,6
2020,4,4,15,male,2,2,0,222700.22883817,17755.0758776791,0.0797263477020546,360,TRUE,region,South,0.898068228503413,12.3135818808074,TRUE,2020Q4,32,8,4,1,0,1,1,0,1,0,0,6
2020,4,4,16,male,24,24,0,205784.39256236,17350.2687146579,0.0843128504480735,335,TRUE,region,South,11.6626920541251,12.2345842616168,TRUE,2020Q4,32,8,4,0,0,1,1,0,1,0,0,6
2020,4,4,17,male,73,71,2,204136.82544869,14788.5003218891,0.0724440594654307,356,TRUE,region,South,35.7603288086542,12.2265457609827,TRUE,2020Q4,32,8,4,0,0,1,1,0,1,0,0,6
2020,4,4,18,male,326,323,3,188271.45562172,13579.3312877659,0.0721263414197524,341,TRUE,region,South,173.154235687755,12.1456401132538,TRUE,2020Q4,32,8,4,0,0,1,1,0,1,0,0,6
2020,4,4,19,male,560,559,1,196641.76147683,13516.3771306289,0.0687360458384701,345,TRUE,region,South,284.781826502294,12.1891388826362,TRUE,2020Q4,32,8,4,0,0,1,1,0,1,0,0,6
2020,4,5,15,combined,7,7,0,255662.67574091,13637.3156056137,0.0533410501399658,541,TRUE,region,Central-West,2.73798276565557,12.4516141816803,TRUE,2020Q4,32,8,4,1,0,1,1,0,1,0,0,6
2020,4,5,16,combined,263,263,0,240359.45141005,14167.9574638379,0.0589448735247259,501,TRUE,region,Central-West,109.419454261994,12.3898907960774,TRUE,2020Q4,32,8,4,0,0,1,1,0,1,0,0,6
2020,4,5,17,combined,365,365,0,253855.99179363,15061.527372206,0.0593309902428861,533,TRUE,region,Central-West,143.782306425418,12.4445224237749,TRUE,2020Q4,32,8,4,0,0,1,1,0,1,0,0,6
2020,4,5,18,combined,923,923,0,244024.27709614,13997.3178794091,0.0573603497405075,509,TRUE,region,Central-West,378.241054940759,12.4050229956216,TRUE,2020Q4,32,8,4,0,0,1,1,0,1,0,0,6
2020,4,5,19,combined,1204,1202,2,242229.29160652,14939.4868905236,0.0616749807236007,484,TRUE,region,Central-West,497.049713523413,12.3976400425347,TRUE,2020Q4,32,8,4,0,0,1,1,0,1,0,0,6
2020,4,5,15,female,2,2,0,131521.42364509,9822.29333724295,0.0746820788965026,268,TRUE,region,Central-West,1.52066480469143,11.7869250347835,TRUE,2020Q4,32,8,4,1,0,1,1,0,1,0,0,6
2020,4,5,16,female,250,250,0,116689.11699754,10638.1118572686,0.0911662726652813,243,TRUE,region,Central-West,214.244486917551,11.6672685576924,TRUE,2020Q4,32,8,4,0,0,1,1,0,1,0,0,6
2020,4,5,17,female,332,332,0,129066.21523669,11014.0551083123,0.0853364692542818,275,TRUE,region,Central-West,257.232304667149,11.7680808480607,TRUE,2020Q4,32,8,4,0,0,1,1,0,1,0,0,6
2020,4,5,18,female,744,744,0,106318.91758296,9122.45613073926,0.0858027558794611,225,TRUE,region,Central-West,699.781390663107,11.5741985125881,TRUE,2020Q4,32,8,4,0,0,1,1,0,1,0,0,6
2020,4,5,19,female,849,848,1,117397.74159385,10302.160125078,0.0877543297273931,230,TRUE,region,Central-West,723.182565928062,11.6733229493414,TRUE,2020Q4,32,8,4,0,0,1,1,0,1,0,0,6
2020,4,5,15,male,5,5,0,124141.25209582,9440.76898471203,0.0760486045156452,273,TRUE,region,Central-West,4.02767002554533,11.7291753260761,TRUE,2020Q4,32,8,4,1,0,1,1,0,1,0,0,6
2020,4,5,16,male,13,13,0,123670.33441251,9748.85617873329,0.0788293831745889,258,TRUE,region,Central-West,10.5118176171803,11.7253747108038,TRUE,2020Q4,32,8,4,0,0,1,1,0,1,0,0,6
2020,4,5,17,male,33,33,0,124789.77655694,9975.95725568353,0.0799421036797163,258,TRUE,region,Central-West,26.4444739869716,11.7343858129477,TRUE,2020Q4,32,8,4,0,0,1,1,0,1,0,0,6
2020,4,5,18,male,179,179,0,137705.35951318,9881.88017341309,0.0717610426227984,284,TRUE,region,Central-West,129.987678499084,11.8328716056237,TRUE,2020Q4,32,8,4,0,0,1,1,0,1,0,0,6
2020,4,5,19,male,355,354,1,124831.55001267,11261.7031729968,0.0902151993775109,254,TRUE,region,Central-West,284.383234818416,11.7347205075565,TRUE,2020Q4,32,8,4,0,0,1,1,0,1,0,0,6
2021,1,1,15,combined,4,4,0,338549.09594407,19377.3345039889,0.0572364089466955,900,TRUE,region,North,1.18151253331387,12.7324244005338,TRUE,2021Q1,33,9,1,1,0,1,1,0,1,0,0,7
2021,1,1,16,combined,208,208,0,340509.72538945,18835.158478389,0.0553145977162525,818,TRUE,region,North,61.0848925862851,12.7381989662474,TRUE,2021Q1,33,9,1,0,0,1,1,0,1,0,0,7
2021,1,1,17,combined,295,295,0,330325.75743606,19902.269843833,0.0602504327797853,812,TRUE,region,North,89.3057817500357,12.7078345902823,TRUE,2021Q1,33,9,1,0,0,1,1,0,1,0,0,7
2021,1,1,18,combined,619,619,0,354290.80277812,17017.8489227586,0.0480335611009814,902,TRUE,region,North,174.715232556477,12.7778733316629,TRUE,2021Q1,33,9,1,0,0,1,1,0,1,0,0,7
2021,1,1,19,combined,808,807,1,324173.57026961,18637.8110204365,0.0574933083068299,805,TRUE,region,North,249.249190588856,12.6890343620414,TRUE,2021Q1,33,9,1,0,0,1,1,0,1,0,0,7
2021,1,1,15,female,2,2,0,162254.33566181,14560.148755225,0.089736577428495,428,TRUE,region,North,1.23263270090276,11.996920356316,TRUE,2021Q1,33,9,1,1,0,1,1,0,1,0,0,7
2021,1,1,16,female,199,199,0,158567.16313058,12418.8364922694,0.0783190936073094,385,TRUE,region,North,125.498871311788,11.9739335246949,TRUE,2021Q1,33,9,1,0,0,1,1,0,1,0,0,7
2021,1,1,17,female,277,277,0,152895.53701314,14133.6137883788,0.0924396752481019,378,TRUE,region,North,181.169447723117,11.9375102025647,TRUE,2021Q1,33,9,1,0,0,1,1,0,1,0,0,7
2021,1,1,18,female,499,499,0,182167.6882336,12978.5271740556,0.0712449463453297,440,TRUE,region,North,273.923441000204,12.1126829057846,TRUE,2021Q1,33,9,1,0,0,1,1,0,1,0,0,7
2021,1,1,19,female,567,566,1,166537.63431362,14720.1214503287,0.0883891590690432,402,TRUE,region,North,340.463584904922,12.0229765947749,TRUE,2021Q1,33,9,1,0,0,1,1,0,1,0,0,7
2021,1,1,15,male,2,2,0,176294.76028226,12560.1151779348,0.0712449715341803,472,TRUE,region,North,1.13446366573678,12.0799126474807,TRUE,2021Q1,33,9,1,1,0,1,1,0,1,0,0,7
2021,1,1,16,male,9,9,0,181942.56225887,13278.641998354,0.0729826041443836,433,TRUE,region,North,4.94661605743174,12.1114463242651,TRUE,2021Q1,33,9,1,0,0,1,1,0,1,0,0,7
2021,1,1,17,male,18,18,0,177430.22042292,12411.5692667253,0.0699518336681386,434,TRUE,region,North,10.1448332516837,12.086332686226,TRUE,2021Q1,33,9,1,0,0,1,1,0,1,0,0,7
2021,1,1,18,male,120,120,0,172123.11454452,10798.2642350175,0.0627357009172902,462,TRUE,region,North,69.7175392843369,12.0559652819812,TRUE,2021Q1,33,9,1,0,0,1,1,0,1,0,0,7
2021,1,1,19,male,241,241,0,157635.93595599,11318.0822742982,0.071798871276776,403,TRUE,region,North,152.883921130322,11.9680434504386,TRUE,2021Q1,33,9,1,0,0,1,1,0,1,0,0,7
2021,1,2,15,combined,10,10,0,973423.24703925,34405.1905321813,0.0353445334666371,1835,TRUE,region,Northeast,1.02730236106605,13.788574258405,TRUE,2021Q1,33,9,1,1,0,1,1,0,1,0,0,7
2021,1,2,16,combined,457,457,0,969090.59602414,32141.1035054327,0.0331662526055842,1888,TRUE,region,Northeast,47.157613733424,13.7841133808515,TRUE,2021Q1,33,9,1,0,0,1,1,0,1,0,0,7
2021,1,2,17,combined,804,804,0,922234.63760183,34548.229380476,0.0374614311497938,1763,TRUE,region,Northeast,87.1795492403879,13.7345549577998,TRUE,2021Q1,33,9,1,0,0,1,1,0,1,0,0,7
2021,1,2,18,combined,1910,1907,3,927702.27679315,32990.5553153679,0.0355615763167129,1781,TRUE,region,Northeast,205.885018047215,13.7404661378726,TRUE,2021Q1,33,9,1,0,0,1,1,0,1,0,0,7
2021,1,2,19,combined,2453,2449,4,943800.24504504,34669.6874526442,0.0367341369475802,1754,TRUE,region,Northeast,259.906692425465,13.757669817911,TRUE,2021Q1,33,9,1,0,0,1,1,0,1,0,0,7
2021,1,2,15,female,10,10,0,472856.18472364,23786.9654429849,0.0503048626864998,869,TRUE,region,Northeast,2.11480791053721,13.0665465720317,TRUE,2021Q1,33,9,1,1,0,1,1,0,1,0,0,7
2021,1,2,16,female,441,441,0,455844.07906223,22195.4443465589,0.048690869018678,908,TRUE,region,Northeast,96.7436060389843,13.0299060981434,TRUE,2021Q1,33,9,1,0,0,1,1,0,1,0,0,7
2021,1,2,17,female,719,719,0,443248.98615228,24393.9246561887,0.0550343608632825,854,TRUE,region,Northeast,162.21131293304,13.0018869366293,TRUE,2021Q1,33,9,1,0,0,1,1,0,1,0,0,7
2021,1,2,18,female,1553,1552,1,466356.46169802,22621.6678252864,0.0485072464589001,858,TRUE,region,Northeast,333.007072389535,13.052705559957,TRUE,2021Q1,33,9,1,0,0,1,1,0,1,0,0,7
2021,1,2,19,female,1732,1730,2,477885.69246488,26966.9510564134,0.056429710036559,834,TRUE,region,Northeast,362.429766638658,13.077126845773,TRUE,2021Q1,33,9,1,0,0,1,1,0,1,0,0,7
2021,1,2,15,male,0,0,0,500567.06231561,25393.7325230965,0.0507299309819263,966,TRUE,region,Northeast,0,13.123496859402,TRUE,2021Q1,33,9,1,1,0,1,1,0,1,0,0,7
2021,1,2,16,male,16,16,0,513246.51696191,24374.4388632954,0.0474907048713675,980,TRUE,region,Northeast,3.11741034205351,13.1485115486174,TRUE,2021Q1,33,9,1,0,0,1,1,0,1,0,0,7
2021,1,2,17,male,85,85,0,478985.65144955,25022.8775235136,0.052241392717688,909,TRUE,region,Northeast,17.7458342943604,13.0794259207242,TRUE,2021Q1,33,9,1,0,0,1,1,0,1,0,0,7
2021,1,2,18,male,357,355,2,461345.81509513,23464.9477541828,0.0508619499438708,923,TRUE,region,Northeast,77.3822994203136,13.0419031819677,TRUE,2021Q1,33,9,1,0,0,1,1,0,1,0,0,7
2021,1,2,19,male,721,719,2,465914.55258016,21639.5700378997,0.0464453619618945,920,TRUE,region,Northeast,154.749405445101,13.0517575327327,TRUE,2021Q1,33,9,1,0,0,1,1,0,1,0,0,7
2021,1,3,15,combined,1,1,0,1184490.32438573,52795.6311717989,0.0445724461271378,1155,TRUE,region,Southeast,0.0844244971370783,13.9848231340256,TRUE,2021Q1,33,9,1,1,0,1,1,0,1,0,0,7
2021,1,3,16,combined,491,489,2,1198191.60187562,53192.0593572765,0.0443936172428608,1137,TRUE,region,Southeast,40.9784210831891,13.996323979657,TRUE,2021Q1,33,9,1,0,0,1,1,0,1,0,0,7
2021,1,3,17,combined,845,843,2,1169982.51965426,60747.4601953898,0.0519216818840517,1110,TRUE,region,Southeast,72.2233012720314,13.9724993661959,TRUE,2021Q1,33,9,1,0,0,1,1,0,1,0,0,7
2021,1,3,18,combined,2352,2349,3,1239301.98767659,63675.3425841965,0.0513800052104921,1116,TRUE,region,Southeast,189.784251408284,14.0300588659221,TRUE,2021Q1,33,9,1,0,0,1,1,0,1,0,0,7
2021,1,3,19,combined,3461,3447,14,1112839.75752007,53219.847902635,0.0478234602448369,1042,TRUE,region,Southeast,311.006142314032,13.9224256464155,TRUE,2021Q1,33,9,1,0,0,1,1,0,1,0,0,7
2021,1,3,15,female,1,1,0,567035.50367772,34716.157326556,0.0612239570562892,579,TRUE,region,Southeast,0.176355800212531,13.2481771974651,TRUE,2021Q1,33,9,1,1,0,1,1,0,1,0,0,7
2021,1,3,16,female,471,471,0,594332.69124311,38357.2134068758,0.0645382863369802,545,TRUE,region,Southeast,79.2485432720945,13.2951945278229,TRUE,2021Q1,33,9,1,0,0,1,1,0,1,0,0,7
2021,1,3,17,female,765,763,2,614473.05952482,47811.0998748725,0.0778082930305283,534,TRUE,region,Southeast,124.496914574511,13.3285203657331,TRUE,2021Q1,33,9,1,0,0,1,1,0,1,0,0,7
2021,1,3,18,female,1930,1929,1,597077.39236068,48290.7558701603,0.0808785535811897,517,TRUE,region,Southeast,323.241178563018,13.2998020194178,TRUE,2021Q1,33,9,1,0,0,1,1,0,1,0,0,7
2021,1,3,19,female,2526,2518,8,561966.44363605,38176.8771825472,0.0679344427320859,504,TRUE,region,Southeast,449.493030874977,13.2391974182605,TRUE,2021Q1,33,9,1,0,0,1,1,0,1,0,0,7
2021,1,3,15,male,0,0,0,617454.82070801,40520.7527454176,0.0656254536954689,576,TRUE,region,Southeast,0,13.3333611799623,TRUE,2021Q1,33,9,1,1,0,1,1,0,1,0,0,7
2021,1,3,16,male,20,18,2,603858.91063251,38225.5854714185,0.0633021800264224,592,TRUE,region,Southeast,3.31203194121141,13.3110958579621,TRUE,2021Q1,33,9,1,0,0,1,1,0,1,0,0,7
2021,1,3,17,male,80,80,0,555509.46012944,39156.529851732,0.0704876022140254,576,TRUE,region,Southeast,14.4011948925873,13.2276409178528,TRUE,2021Q1,33,9,1,0,0,1,1,0,1,0,0,7
2021,1,3,18,male,422,420,2,642224.59531591,41394.7251562741,0.064455216225271,599,TRUE,region,Southeast,65.7090997569812,13.3726933584341,TRUE,2021Q1,33,9,1,0,0,1,1,0,1,0,0,7
2021,1,3,19,male,935,929,6,550873.31388402,37172.1331922462,0.0674785513390695,538,TRUE,region,Southeast,169.730494550123,13.2192601413436,TRUE,2021Q1,33,9,1,0,0,1,1,0,1,0,0,7
2021,1,4,15,combined,12,12,0,423138.87864915,24798.9238447517,0.058607055735273,663,TRUE,region,South,2.83594833883131,12.9554557224633,TRUE,2021Q1,33,9,1,1,0,1,1,0,1,0,0,7
2021,1,4,16,combined,270,270,0,414735.35390831,24765.1149346224,0.0597130548462899,635,TRUE,region,South,65.101756446761,12.935395894369,TRUE,2021Q1,33,9,1,0,0,1,1,0,1,0,0,7
2021,1,4,17,combined,367,366,1,437760.8456184,31384.1467293622,0.0716924481563161,666,TRUE,region,South,83.8357298678825,12.9894280256685,TRUE,2021Q1,33,9,1,0,0,1,1,0,1,0,0,7
2021,1,4,18,combined,833,829,4,387108.33663206,22783.6629949131,0.0588560380619458,622,TRUE,region,South,215.185239162584,12.8664598724539,TRUE,2021Q1,33,9,1,0,0,1,1,0,1,0,0,7
2021,1,4,19,combined,1144,1143,1,363491.68439192,30606.2230324548,0.0842006140626173,555,TRUE,region,South,314.725219068981,12.8035116991931,TRUE,2021Q1,33,9,1,0,0,1,1,0,1,0,0,7
2021,1,4,15,female,11,11,0,201414.85034221,16880.2783662233,0.083808509340514,316,TRUE,region,South,5.46136492980069,12.2131219921104,TRUE,2021Q1,33,9,1,1,0,1,1,0,1,0,0,7
2021,1,4,16,female,250,250,0,211617.21237957,18506.4615115829,0.0874525342408754,317,TRUE,region,South,118.137838216857,12.2625343196069,TRUE,2021Q1,33,9,1,0,0,1,1,0,1,0,0,7
2021,1,4,17,female,314,314,0,184218.6781583,15246.4755639185,0.082762919136881,311,TRUE,region,South,170.44959997497,12.1238787991734,TRUE,2021Q1,33,9,1,0,0,1,1,0,1,0,0,7
2021,1,4,18,female,628,628,0,193552.92375051,17540.2934146299,0.0906227251686434,303,TRUE,region,South,324.459061548196,12.1733062618101,TRUE,2021Q1,33,9,1,0,0,1,1,0,1,0,0,7
2021,1,4,19,female,753,753,0,187981.67928317,26699.8758609932,0.14203445762804,252,TRUE,region,South,400.5709507817,12.144099786442,TRUE,2021Q1,33,9,1,0,0,1,1,0,1,0,0,7
2021,1,4,15,male,1,1,0,221724.02830694,18731.8069923375,0.0844825305374953,347,TRUE,region,South,0.451011109457053,12.3091887718106,TRUE,2021Q1,33,9,1,1,0,1,1,0,1,0,0,7
2021,1,4,16,male,20,20,0,203118.14152874,17229.392953509,0.084824490928454,318,TRUE,region,South,9.84648631061353,12.2215430667145,TRUE,2021Q1,33,9,1,0,0,1,1,0,1,0,0,7
2021,1,4,17,male,53,52,1,253542.1674601,28200.748094118,0.111227052985401,355,TRUE,region,South,20.9038206665724,12.4432854292457,TRUE,2021Q1,33,9,1,0,0,1,1,0,1,0,0,7
2021,1,4,18,male,205,201,4,193555.41288155,15059.0541997769,0.0778022891511311,319,TRUE,region,South,105.912822043088,12.1733191219364,TRUE,2021Q1,33,9,1,0,0,1,1,0,1,0,0,7
2021,1,4,19,male,391,390,1,175510.00510875,15412.4633727908,0.0878152978415156,303,TRUE,region,South,222.779322328506,12.0754513294298,TRUE,2021Q1,33,9,1,0,0,1,1,0,1,0,0,7
2021,1,5,15,combined,4,4,0,244134.47792179,13682.5834289863,0.0560452728572388,500,TRUE,region,Central-West,1.63844125338225,12.4054744914777,TRUE,2021Q1,33,9,1,1,0,1,1,0,1,0,0,7
2021,1,5,16,combined,181,181,0,234761.38151455,13849.4431476244,0.0589937027047441,461,TRUE,region,Central-West,77.0995633235282,12.3663248794503,TRUE,2021Q1,33,9,1,0,0,1,1,0,1,0,0,7
2021,1,5,17,combined,271,270,1,238712.41358647,15108.3504468098,0.0632910128963067,462,TRUE,region,Central-West,113.525725758637,12.3830148159453,TRUE,2021Q1,33,9,1,0,0,1,1,0,1,0,0,7
2021,1,5,18,combined,630,628,2,249987.9625359,14661.6414659998,0.058649389823697,495,TRUE,region,Central-West,252.01213434808,12.4291680458287,TRUE,2021Q1,33,9,1,0,0,1,1,0,1,0,0,7
2021,1,5,19,combined,897,894,3,249576.06619152,14902.679352902,0.0597119731082945,464,TRUE,region,Central-West,359.409463290306,12.427519022224,TRUE,2021Q1,33,9,1,0,0,1,1,0,1,0,0,7
2021,1,5,15,female,2,2,0,130033.51105259,10020.7237845147,0.0770626256524133,259,TRUE,region,Central-West,1.53806506016063,11.7755474735465,TRUE,2021Q1,33,9,1,1,0,1,1,0,1,0,0,7
2021,1,5,16,female,170,170,0,116575.42128089,10219.1861793915,0.0876615848101307,230,TRUE,region,Central-West,145.828338540062,11.6662937354885,TRUE,2021Q1,33,9,1,0,0,1,1,0,1,0,0,7
2021,1,5,17,female,240,240,0,108089.61408738,10342.0509785513,0.095680339557793,222,TRUE,region,Central-West,222.037983969471,11.5907159221141,TRUE,2021Q1,33,9,1,0,0,1,1,0,1,0,0,7
2021,1,5,18,female,495,494,1,123184.50763569,10934.8275406231,0.0887678795856546,233,TRUE,region,Central-West,401.836245077124,11.7214385724641,TRUE,2021Q1,33,9,1,0,0,1,1,0,1,0,0,7
2021,1,5,19,female,641,641,0,117333.41820355,9615.17650564566,0.0819474677620425,217,TRUE,region,Central-West,546.306423024337,11.6727748892376,TRUE,2021Q1,33,9,1,0,0,1,1,0,1,0,0,7
2021,1,5,15,male,2,2,0,114100.9668692,9574.62683974394,0.0839136345857598,241,TRUE,region,Central-West,1.7528335253221,11.6448390096898,TRUE,2021Q1,33,9,1,1,0,1,1,0,1,0,0,7
2021,1,5,16,male,11,11,0,118185.96023366,9752.44673439015,0.0825178110420987,231,TRUE,region,Central-West,9.30736610190619,11.6800145971502,TRUE,2021Q1,33,9,1,0,0,1,1,0,1,0,0,7
2021,1,5,17,male,31,30,1,130622.79949909,11199.8917511545,0.0857422425036338,240,TRUE,region,Central-West,23.7324572118177,11.7800690556193,TRUE,2021Q1,33,9,1,0,0,1,1,0,1,0,0,7
2021,1,5,18,male,135,134,1,126803.45490021,9796.53864240784,0.0772576634455061,262,TRUE,region,Central-West,106.463976163931,11.7503935674612,TRUE,2021Q1,33,9,1,0,0,1,1,0,1,0,0,7
2021,1,5,19,male,256,253,3,132242.64798797,11636.0037722695,0.0879897971592951,247,TRUE,region,Central-West,193.583540480291,11.7923937564019,TRUE,2021Q1,33,9,1,0,0,1,1,0,1,0,0,7
2021,2,1,15,combined,6,6,0,315610.07396053,17390.5157732171,0.055101269598232,887,TRUE,region,North,1.9010800018856,12.6622627874715,TRUE,2021Q2,34,10,2,1,0,1,1,0,1,0,0,8
2021,2,1,16,combined,216,216,0,327708.00124807,17484.6220541956,0.0533542726683685,884,TRUE,region,North,65.9123363413063,12.6998782507699,TRUE,2021Q2,34,10,2,0,0,1,1,0,1,0,0,8
2021,2,1,17,combined,287,286,1,314548.65861176,17587.7127253367,0.0559141240752986,853,TRUE,region,North,91.2418451462027,12.6588940605216,TRUE,2021Q2,34,10,2,0,0,1,1,0,1,0,0,8
2021,2,1,18,combined,721,720,1,324024.67969434,14465.8491520532,0.0446442819284603,928,TRUE,region,North,222.513914890723,12.6885749637696,TRUE,2021Q2,34,10,2,0,0,1,1,0,1,0,0,8
2021,2,1,19,combined,889,889,0,338708.37784455,18831.8639055851,0.0555990496173317,907,TRUE,region,North,262.46767371311,12.7328947737953,TRUE,2021Q2,34,10,2,0,0,1,1,0,1,0,0,8
2021,2,1,15,female,6,6,0,153615.49788049,13854.7643567841,0.0901911887013047,422,TRUE,region,North,3.90585590828074,11.9422079922653,TRUE,2021Q2,34,10,2,1,0,1,1,0,1,0,0,8
2021,2,1,16,female,213,213,0,144223.4214838,10350.2541397198,0.0717654180800474,403,TRUE,region,North,147.687523849187,11.8791189142484,TRUE,2021Q2,34,10,2,0,0,1,1,0,1,0,0,8
2021,2,1,17,female,263,263,0,157040.12063724,13717.7648879565,0.0873519762484408,416,TRUE,region,North,167.473126569691,11.9642565971444,TRUE,2021Q2,34,10,2,0,0,1,1,0,1,0,0,8
2021,2,1,18,female,583,582,1,158769.15966977,10244.2386350635,0.0645228497547688,431,TRUE,region,North,367.199776841172,11.9752066003056,TRUE,2021Q2,34,10,2,0,0,1,1,0,1,0,0,8
2021,2,1,19,female,624,624,0,158326.53696289,12761.1767061391,0.0806003652383943,440,TRUE,region,North,394.122180633723,11.9724148689825,TRUE,2021Q2,34,10,2,0,0,1,1,0,1,0,0,8
2021,2,1,15,male,0,0,0,161994.57608004,10714.5334435144,0.0661413098066964,465,TRUE,region,North,0,11.9953181326666,TRUE,2021Q2,34,10,2,1,0,1,1,0,1,0,0,8
2021,2,1,16,male,3,3,0,183484.57976427,12860.4665878573,0.0700901765389751,481,TRUE,region,North,1.63501478099916,12.1198859089635,TRUE,2021Q2,34,10,2,0,0,1,1,0,1,0,0,8
2021,2,1,17,male,24,23,1,157508.53797452,10863.8742741073,0.0689732405227755,437,TRUE,region,North,15.2372692354509,11.9672349451406,TRUE,2021Q2,34,10,2,0,0,1,1,0,1,0,0,8
2021,2,1,18,male,138,138,0,165255.52002457,9915.20850083357,0.059999257509579,497,TRUE,region,North,83.5070441093177,12.0152481612381,TRUE,2021Q2,34,10,2,0,0,1,1,0,1,0,0,8
2021,2,1,19,male,265,265,0,180381.84088166,13623.3778285046,0.0755252178485207,467,TRUE,region,North,146.910575202442,12.1028312212429,TRUE,2021Q2,34,10,2,0,0,1,1,0,1,0,0,8
2021,2,2,15,combined,6,6,0,959960.4706008,32712.9172767175,0.0340773586814922,2004,TRUE,region,Northeast,0.625025736345669,13.7746473861387,TRUE,2021Q2,34,10,2,1,0,1,1,0,1,0,0,8
2021,2,2,16,combined,442,442,0,954053.43515473,28693.8966268563,0.0300757751815051,2064,TRUE,region,Northeast,46.3286419516236,13.7684749605544,TRUE,2021Q2,34,10,2,0,0,1,1,0,1,0,0,8
2021,2,2,17,combined,645,645,0,957187.17819777,31942.4621798383,0.0333711764087572,1982,TRUE,region,Northeast,67.3849394028064,13.7717542398136,TRUE,2021Q2,34,10,2,0,0,1,1,0,1,0,0,8
2021,2,2,18,combined,1721,1718,3,942343.89434587,30665.3203996826,0.032541538798815,1957,TRUE,region,Northeast,182.629718335962,13.756125555245,TRUE,2021Q2,34,10,2,0,0,1,1,0,1,0,0,8
2021,2,2,19,combined,2219,2219,0,964694.36099756,32587.2042360441,0.0337798224531412,1960,TRUE,region,Northeast,230.02103979393,13.7795666057985,TRUE,2021Q2,34,10,2,0,0,1,1,0,1,0,0,8
2021,2,2,15,female,6,6,0,467559.03630848,21724.2070990311,0.046463024799072,984,TRUE,region,Northeast,1.28326040864739,13.0552809006119,TRUE,2021Q2,34,10,2,1,0,1,1,0,1,0,0,8
2021,2,2,16,female,427,427,0,459026.96547737,20246.4961534032,0.0441074221693002,992,TRUE,region,Northeast,93.0228575037932,13.0368642356338,TRUE,2021Q2,34,10,2,0,0,1,1,0,1,0,0,8
2021,2,2,17,female,584,584,0,459254.03265103,22053.3906957113,0.0480200262334307,951,TRUE,region,Northeast,127.162737500393,13.0373587839883,TRUE,2021Q2,34,10,2,0,0,1,1,0,1,0,0,8
2021,2,2,18,female,1368,1366,2,468474.79881235,21011.2799226831,0.0448503953167805,949,TRUE,region,Northeast,292.011438708779,13.0572375879915,TRUE,2021Q2,34,10,2,0,0,1,1,0,1,0,0,8
2021,2,2,19,female,1556,1556,0,499165.15112827,24166.8964191932,0.048414630637913,966,TRUE,region,Northeast,311.720478980344,13.120692284162,TRUE,2021Q2,34,10,2,0,0,1,1,0,1,0,0,8
2021,2,2,15,male,0,0,0,492401.43429232,23626.2588296406,0.047981701888412,1020,TRUE,region,Northeast,0,13.1070495861483,TRUE,2021Q2,34,10,2,1,0,1,1,0,1,0,0,8
2021,2,2,16,male,15,15,0,495026.46967736,20533.4530611307,0.0414795052767857,1072,TRUE,region,Northeast,3.03014099625348,13.1123665142168,TRUE,2021Q2,34,10,2,0,0,1,1,0,1,0,0,8
2021,2,2,17,male,61,61,0,497933.14554674,23659.4454830018,0.0475153054071612,1031,TRUE,region,Northeast,12.2506405820847,13.1182211011049,TRUE,2021Q2,34,10,2,0,0,1,1,0,1,0,0,8
2021,2,2,18,male,353,352,1,473869.09553352,21474.2377998143,0.0453168142894757,1008,TRUE,region,Northeast,74.4931465941167,13.0686863927748,TRUE,2021Q2,34,10,2,0,0,1,1,0,1,0,0,8
2021,2,2,19,male,663,663,0,465529.20986929,20987.545892514,0.0450831987500995,994,TRUE,region,Northeast,142.41856062827,13.0509301231813,TRUE,2021Q2,34,10,2,0,0,1,1,0,1,0,0,8
2021,2,3,15,combined,2,2,0,1122039.20366749,48783.6150777762,0.0434776386763693,1172,TRUE,region,Southeast,0.178246891326329,13.9306583053345,TRUE,2021Q2,34,10,2,1,0,1,1,0,1,0,0,8
2021,2,3,16,combined,490,490,0,1108183.66699764,44806.6843810405,0.0404325435533927,1218,TRUE,region,Southeast,44.2164971919807,13.9182328969903,TRUE,2021Q2,34,10,2,0,0,1,1,0,1,0,0,8
2021,2,3,17,combined,705,704,1,1186116.82427949,63236.3404156871,0.0533137538573405,1188,TRUE,region,Southeast,59.4376528153754,13.9861953564539,TRUE,2021Q2,34,10,2,0,0,1,1,0,1,0,0,8
2021,2,3,18,combined,2197,2192,5,1285380.62768223,65185.0177383499,0.0507126187640544,1240,TRUE,region,Southeast,170.922134088918,14.0665654407635,TRUE,2021Q2,34,10,2,0,0,1,1,0,1,0,0,8
2021,2,3,19,combined,3179,3175,4,1157710.28115036,46442.7205499038,0.040116012879972,1174,TRUE,region,Southeast,274.593743509057,13.9619547168233,TRUE,2021Q2,34,10,2,0,0,1,1,0,1,0,0,8
2021,2,3,15,female,1,1,0,521916.09126896,30414.5072172847,0.0582747068467201,567,TRUE,region,Southeast,0.191601680179787,13.1652621092485,TRUE,2021Q2,34,10,2,1,0,1,1,0,1,0,0,8
2021,2,3,16,female,469,469,0,522754.58588841,31385.0023689658,0.0600377370494563,572,TRUE,region,Southeast,89.7170513010316,13.1668673898749,TRUE,2021Q2,34,10,2,0,0,1,1,0,1,0,0,8
2021,2,3,17,female,646,645,1,606284.98699022,44672.6907932721,0.0736826603855733,594,TRUE,region,Southeast,106.550551945371,13.315105430068,TRUE,2021Q2,34,10,2,0,0,1,1,0,1,0,0,8
2021,2,3,18,female,1809,1805,4,654673.76935289,49307.7174722708,0.0753164702490048,607,TRUE,region,Southeast,276.320831028269,13.3918923284866,TRUE,2021Q2,34,10,2,0,0,1,1,0,1,0,0,8
2021,2,3,19,female,2330,2328,2,554372.16472812,32444.9086329771,0.0585255009130717,566,TRUE,region,Southeast,420.295272426367,13.2255915176755,TRUE,2021Q2,34,10,2,0,0,1,1,0,1,0,0,8
2021,2,3,15,male,1,1,0,600123.11239853,36334.7559972173,0.0605455034917703,605,TRUE,region,Southeast,0.16663247579372,13.3048901004811,TRUE,2021Q2,34,10,2,1,0,1,1,0,1,0,0,8
2021,2,3,16,male,21,21,0,585429.08110923,33405.255505123,0.057061148110082,646,TRUE,region,Southeast,3.58711254319834,13.2801003293365,TRUE,2021Q2,34,10,2,0,0,1,1,0,1,0,0,8
2021,2,3,17,male,59,59,0,579831.83728927,46100.5043358749,0.0795066799908677,594,TRUE,region,Southeast,10.1753639944689,13.270493404775,TRUE,2021Q2,34,10,2,0,0,1,1,0,1,0,0,8
2021,2,3,18,male,388,387,1,630706.85832934,43595.5271061728,0.0691216950163688,633,TRUE,region,Southeast,61.5182782422505,13.3545964667473,TRUE,2021Q2,34,10,2,0,0,1,1,0,1,0,0,8
2021,2,3,19,male,849,847,2,603338.11642224,33660.9581318926,0.0557912010126263,608,TRUE,region,Southeast,140.71711647103,13.3102330423141,TRUE,2021Q2,34,10,2,0,0,1,1,0,1,0,0,8
2021,2,4,15,combined,14,14,0,410410.17195384,18163.55246607,0.0442570718449759,834,TRUE,region,South,3.41122149418232,12.9249123579941,TRUE,2021Q2,34,10,2,1,0,1,1,0,1,0,0,8
2021,2,4,16,combined,261,261,0,407443.01744274,19279.2095748389,0.0473175603691584,830,TRUE,region,South,64.0580372779808,12.917656367389,TRUE,2021Q2,34,10,2,0,0,1,1,0,1,0,0,8
2021,2,4,17,combined,384,384,0,427827.90209671,19019.7026542329,0.0444564334420935,863,TRUE,region,South,89.7557167538823,12.966476295796,TRUE,2021Q2,34,10,2,0,0,1,1,0,1,0,0,8
2021,2,4,18,combined,829,829,0,379608.62288895,17212.1871382379,0.0453419287666527,772,TRUE,region,South,218.382815883114,12.8468960611842,TRUE,2021Q2,34,10,2,0,0,1,1,0,1,0,0,8
2021,2,4,19,combined,1192,1191,1,389722.16256316,19685.6481732636,0.0505120058961833,744,TRUE,region,South,305.858920662953,12.8731893605415,TRUE,2021Q2,34,10,2,0,0,1,1,0,1,0,0,8
2021,2,4,15,female,14,14,0,200252.14692736,12870.6884031872,0.0642724115604908,406,TRUE,region,South,6.99118596969569,12.2073325861084,TRUE,2021Q2,34,10,2,1,0,1,1,0,1,0,0,8
2021,2,4,16,female,241,241,0,194362.67471239,12557.5599093645,0.064608906663518,416,TRUE,region,South,123.9950007668,12.1774811500654,TRUE,2021Q2,34,10,2,0,0,1,1,0,1,0,0,8
2021,2,4,17,female,336,336,0,186195.3685596,11780.2202650999,0.0632680627677865,395,TRUE,region,South,180.455616377186,12.1345517700442,TRUE,2021Q2,34,10,2,0,0,1,1,0,1,0,0,8
2021,2,4,18,female,646,646,0,187755.9594353,12921.5113841595,0.0688207789676692,366,TRUE,region,South,344.063646204854,12.1428983104558,TRUE,2021Q2,34,10,2,0,0,1,1,0,1,0,0,8
2021,2,4,19,female,830,830,0,196243.77317711,14710.9479146233,0.0749626226425369,350,TRUE,region,South,422.943355889782,12.1871129061074,TRUE,2021Q2,34,10,2,0,0,1,1,0,1,0,0,8
2021,2,4,15,male,0,0,0,210158.02502648,13176.3213294239,0.0626972076263261,428,TRUE,region,South,0,12.2556150268394,TRUE,2021Q2,34,10,2,1,0,1,1,0,1,0,0,8
2021,2,4,16,male,20,20,0,213080.34273035,14871.343123723,0.0697921869899679,414,TRUE,region,South,9.38613095122984,12.2694245694882,TRUE,2021Q2,34,10,2,0,0,1,1,0,1,0,0,8
2021,2,4,17,male,48,48,0,241632.53353711,14795.0775334611,0.061229658593092,468,TRUE,region,South,19.8648746910681,12.3951733946572,TRUE,2021Q2,34,10,2,0,0,1,1,0,1,0,0,8
2021,2,4,18,male,183,183,0,191852.66345365,11719.3662274064,0.0610852412285517,406,TRUE,region,South,95.385696870563,12.1644829785793,TRUE,2021Q2,34,10,2,0,0,1,1,0,1,0,0,8
2021,2,4,19,male,362,361,1,193478.38938605,13339.2831095638,0.0689445635344202,394,TRUE,region,South,187.100999315069,12.1729211024556,TRUE,2021Q2,34,10,2,0,0,1,1,0,1,0,0,8
2021,2,5,15,combined,2,2,0,260489.22051079,13656.5497557574,0.052426544672284,553,TRUE,region,Central-West,0.767786089604102,12.4703167593224,TRUE,2021Q2,34,10,2,1,0,1,1,0,1,0,0,8
2021,2,5,16,combined,162,162,0,254331.42771277,14051.2347442156,0.0552477327343298,529,TRUE,region,Central-West,63.6964143428453,12.4463935289601,TRUE,2021Q2,34,10,2,0,0,1,1,0,1,0,0,8
2021,2,5,17,combined,243,240,3,244081.24173872,13979.0304754781,0.0572720393255052,515,TRUE,region,Central-West,99.5570156350329,12.4052564068027,TRUE,2021Q2,34,10,2,0,0,1,1,0,1,0,0,8
2021,2,5,18,combined,613,609,4,259854.12476889,13534.1832545338,0.0520837730267735,556,TRUE,region,Central-West,235.901585378024,12.4678756939642,TRUE,2021Q2,34,10,2,0,0,1,1,0,1,0,0,8
2021,2,5,19,combined,803,798,5,231476.83583049,13568.737190925,0.0586181210843118,496,TRUE,region,Central-West,346.902962069187,12.3522350862946,TRUE,2021Q2,34,10,2,0,0,1,1,0,1,0,0,8
2021,2,5,15,female,2,2,0,135716.03363259,10483.7611848079,0.077247771720101,282,TRUE,region,Central-West,1.47366523060525,11.8183199938365,TRUE,2021Q2,34,10,2,1,0,1,1,0,1,0,0,8
2021,2,5,16,female,150,150,0,129739.63767462,9893.08421561655,0.0762533670737379,274,TRUE,region,Central-West,115.61616996048,11.7732849340594,TRUE,2021Q2,34,10,2,0,0,1,1,0,1,0,0,8
2021,2,5,17,female,207,206,1,120766.86679353,9698.62842003541,0.0803086862940375,251,TRUE,region,Central-West,171.404629014595,11.7016172453503,TRUE,2021Q2,34,10,2,0,0,1,1,0,1,0,0,8
2021,2,5,18,female,471,471,0,124813.250891,9676.03189556166,0.0775240755808194,270,TRUE,region,Central-West,377.363778795672,11.7345739062923,TRUE,2021Q2,34,10,2,0,0,1,1,0,1,0,0,8
2021,2,5,19,female,567,564,3,104925.60638625,9524.55218917159,0.0907743354287609,225,TRUE,region,Central-West,540.382866993183,11.5610068674203,TRUE,2021Q2,34,10,2,0,0,1,1,0,1,0,0,8
2021,2,5,15,male,0,0,0,124773.1868782,8889.91028348228,0.0712485631400948,271,TRUE,region,Central-West,0,11.7342528631018,TRUE,2021Q2,34,10,2,1,0,1,1,0,1,0,0,8
2021,2,5,16,male,12,12,0,124591.79003815,10466.5161016242,0.0840064670265943,255,TRUE,region,Central-West,9.63145324128147,11.7327979926201,TRUE,2021Q2,34,10,2,0,0,1,1,0,1,0,0,8
2021,2,5,17,male,36,34,2,123314.37494519,9190.92402301131,0.0745324624732229,264,TRUE,region,Central-West,29.1936767436895,11.7224922674761,TRUE,2021Q2,34,10,2,0,0,1,1,0,1,0,0,8
2021,2,5,18,male,142,138,4,135040.87387789,9918.3480499631,0.0734470073033719,286,TRUE,region,Central-West,105.15334796219,11.813332781061,TRUE,2021Q2,34,10,2,0,0,1,1,0,1,0,0,8
2021,2,5,19,male,236,234,2,126551.22944424,9312.90176573038,0.0735899746421172,271,TRUE,region,Central-West,186.485742601169,11.7484024810129,TRUE,2021Q2,34,10,2,0,0,1,1,0,1,0,0,8
2021,3,1,15,combined,6,6,0,302824.08512784,12289.0663501059,0.0405815354644528,1097,TRUE,region,North,1.98134834534943,12.6209073387555,TRUE,2021Q3,35,11,3,1,0,1,1,0,1,0,0,9
2021,3,1,16,combined,279,277,2,335079.54430003,13967.6991327819,0.0416847264190953,1139,TRUE,region,North,83.2638114579097,12.7221232282932,TRUE,2021Q3,35,11,3,0,0,1,1,0,1,0,0,9
2021,3,1,17,combined,377,377,0,323190.37754656,13594.3595895639,0.0420630084743331,1104,TRUE,region,North,116.649512544874,12.6859968327433,TRUE,2021Q3,35,11,3,0,0,1,1,0,1,0,0,9
2021,3,1,18,combined,792,792,0,322887.9780656,12967.8849199253,0.0401621794580741,1146,TRUE,region,North,245.286307884492,12.6850607249155,TRUE,2021Q3,35,11,3,0,0,1,1,0,1,0,0,9
2021,3,1,19,combined,1055,1055,0,311618.58428946,14294.3894537035,0.0458714280032334,1070,TRUE,region,North,338.554904357058,12.649535232694,TRUE,2021Q3,35,11,3,0,0,1,1,0,1,0,0,9
2021,3,1,15,female,5,5,0,147175.74803809,8923.18172543522,0.0606294300819578,524,TRUE,region,North,3.3972988530053,11.8993827165273,TRUE,2021Q3,35,11,3,1,0,1,1,0,1,0,0,9
2021,3,1,16,female,268,268,0,158407.2636111,9487.54704798129,0.0598933838745793,530,TRUE,region,North,169.18416106092,11.9729246134418,TRUE,2021Q3,35,11,3,0,0,1,1,0,1,0,0,9
2021,3,1,17,female,349,349,0,152268.38801608,9391.88155995021,0.0616797858197488,521,TRUE,region,North,229.200561289941,11.9333999534261,TRUE,2021Q3,35,11,3,0,0,1,1,0,1,0,0,9
2021,3,1,18,female,633,633,0,159329.47651717,8905.00455105503,0.0558905027852482,539,TRUE,region,North,397.289951512384,11.9787295165533,TRUE,2021Q3,35,11,3,0,0,1,1,0,1,0,0,9
2021,3,1,19,female,757,757,0,143372.19329968,8415.21246055169,0.0586948714871231,514,TRUE,region,North,527.996386591995,11.8731992783006,TRUE,2021Q3,35,11,3,0,0,1,1,0,1,0,0,9
2021,3,1,15,male,1,1,0,155648.33708975,8705.2956760686,0.0559292559036397,573,TRUE,region,North,0.642473937529689,11.9553544921619,TRUE,2021Q3,35,11,3,1,0,1,1,0,1,0,0,9
2021,3,1,16,male,11,9,2,176672.28068893,10579.0158501658,0.0598793189792601,609,TRUE,region,North,6.2262172408177,12.0820517738398,TRUE,2021Q3,35,11,3,0,0,1,1,0,1,0,0,9
2021,3,1,17,male,28,28,0,170921.98953048,9970.14206018367,0.0583315352668869,583,TRUE,region,North,16.3817423825428,12.0489625298171,TRUE,2021Q3,35,11,3,0,0,1,1,0,1,0,0,9
2021,3,1,18,male,159,159,0,163558.50154843,8528.72261520462,0.0521447832699742,607,TRUE,region,North,97.2129228959216,12.0049260129572,TRUE,2021Q3,35,11,3,0,0,1,1,0,1,0,0,9
2021,3,1,19,male,298,298,0,168246.39098978,10365.8024695918,0.0616108459064747,556,TRUE,region,North,177.121184143618,12.0331847969933,TRUE,2021Q3,35,11,3,0,0,1,1,0,1,0,0,9
2021,3,2,15,combined,5,5,0,962186.80748934,30488.4860262956,0.0316866597930708,2521,TRUE,region,Northeast,0.519649610770141,13.7769638973754,TRUE,2021Q3,35,11,3,1,0,1,1,0,1,0,0,9
2021,3,2,16,combined,527,527,0,920037.81780752,26668.0556728193,0.0289858255352699,2526,TRUE,region,Northeast,57.2802541156252,13.7321700544929,TRUE,2021Q3,35,11,3,0,0,1,1,0,1,0,0,9
2021,3,2,17,combined,690,689,1,941484.46204611,27575.1996701066,0.0292890650687723,2459,TRUE,region,Northeast,73.2885169979796,13.7552131235402,TRUE,2021Q3,35,11,3,0,0,1,1,0,1,0,0,9
2021,3,2,18,combined,1854,1852,2,980171.8714092,30770.1133164573,0.0313925692156611,2490,TRUE,region,Northeast,189.150500445855,13.7954832142586,TRUE,2021Q3,35,11,3,0,0,1,1,0,1,0,0,9
2021,3,2,19,combined,2442,2436,6,942086.3990341,29243.048518165,0.0310407289057004,2369,TRUE,region,Northeast,259.211894206702,13.7558522680724,TRUE,2021Q3,35,11,3,0,0,1,1,0,1,0,0,9
2021,3,2,15,female,2,2,0,490041.95798137,20544.2820631662,0.0419235164021347,1230,TRUE,region,Northeast,0.40812831787682,13.1022462949543,TRUE,2021Q3,35,11,3,1,0,1,1,0,1,0,0,9
2021,3,2,16,female,501,501,0,446418.42296466,17884.1177978634,0.040061334563872,1212,TRUE,region,Northeast,112.226551196715,13.0090119592798,TRUE,2021Q3,35,11,3,0,0,1,1,0,1,0,0,9
2021,3,2,17,female,608,608,0,456905.07611424,19893.6878535714,0.043540089383024,1162,TRUE,region,Northeast,133.069215420137,13.0322309373917,TRUE,2021Q3,35,11,3,0,0,1,1,0,1,0,0,9
2021,3,2,18,female,1478,1477,1,491884.85084393,21097.2225699246,0.0428905719168377,1218,TRUE,region,Northeast,300.476828563471,13.105999925082,TRUE,2021Q3,35,11,3,0,0,1,1,0,1,0,0,9
2021,3,2,19,female,1683,1679,4,457726.44038983,19037.0865387105,0.0415905328136545,1137,TRUE,region,Northeast,367.686865230387,13.0340269929213,TRUE,2021Q3,35,11,3,0,0,1,1,0,1,0,0,9
2021,3,2,15,male,3,3,0,472144.84950797,19601.283101734,0.0415154017292803,1291,TRUE,region,Northeast,0.635398226439693,13.065041102039,TRUE,2021Q3,35,11,3,1,0,1,1,0,1,0,0,9
2021,3,2,16,male,26,26,0,473619.39484286,20204.4828074719,0.0426597454147236,1314,TRUE,region,Northeast,5.48964005340753,13.068159313662,TRUE,2021Q3,35,11,3,0,0,1,1,0,1,0,0,9
2021,3,2,17,male,82,81,1,484579.38593187,18852.4959056123,0.0389048656482942,1297,TRUE,region,Northeast,16.9218919294947,13.0910365481434,TRUE,2021Q3,35,11,3,0,0,1,1,0,1,0,0,9
2021,3,2,18,male,376,375,1,488287.02056527,19217.3949467033,0.0393567597280308,1272,TRUE,region,Northeast,77.0038899589672,13.0986586688349,TRUE,2021Q3,35,11,3,0,0,1,1,0,1,0,0,9
2021,3,2,19,male,759,757,2,484359.95864427,21032.0597579193,0.0434223749972816,1232,TRUE,region,Northeast,156.701640268624,13.0905836254861,TRUE,2021Q3,35,11,3,0,0,1,1,0,1,0,0,9
2021,3,3,15,combined,4,4,0,1177788.94901652,42571.2835445978,0.0361450865880053,1449,TRUE,region,Southeast,0.33961942021447,13.9791494667151,TRUE,2021Q3,35,11,3,1,0,1,1,0,1,0,0,9
2021,3,3,16,combined,514,514,0,1208606.41937665,42054.7663285698,0.0347960805555376,1527,TRUE,region,Southeast,42.5283195388868,14.0049785343109,TRUE,2021Q3,35,11,3,0,0,1,1,0,1,0,0,9
2021,3,3,17,combined,842,842,0,1115604.11200848,38664.9045471042,0.0346582664324298,1438,TRUE,region,Southeast,75.4748024802547,13.9249066206452,TRUE,2021Q3,35,11,3,0,0,1,1,0,1,0,0,9
2021,3,3,18,combined,2390,2383,7,1192334.56640017,45990.5886885556,0.0385718824099915,1467,TRUE,region,Southeast,200.447094913616,13.9914237637354,TRUE,2021Q3,35,11,3,0,0,1,1,0,1,0,0,9
2021,3,3,19,combined,3637,3626,11,1202779.26083157,43820.8014428953,0.0364329539674626,1438,TRUE,region,Southeast,302.382998979004,14.0001454875398,TRUE,2021Q3,35,11,3,0,0,1,1,0,1,0,0,9
2021,3,3,15,female,4,4,0,570396.42666687,27840.473839601,0.0488089906212908,702,TRUE,region,Southeast,0.701266665251416,13.2540868834533,TRUE,2021Q3,35,11,3,1,0,1,1,0,1,0,0,9
2021,3,3,16,female,491,491,0,599340.98792025,29076.4682818223,0.0485140660623252,727,TRUE,region,Southeast,81.92331408933,13.3035859770998,TRUE,2021Q3,35,11,3,0,0,1,1,0,1,0,0,9
2021,3,3,17,female,759,759,0,528192.45477724,27161.571649538,0.0514236267555035,671,TRUE,region,Southeast,143.697622549361,13.1772159939594,TRUE,2021Q3,35,11,3,0,0,1,1,0,1,0,0,9
2021,3,3,18,female,1907,1903,4,576219.29520547,30574.2010282332,0.0530600090670878,698,TRUE,region,Southeast,330.950389177786,13.2642435880651,TRUE,2021Q3,35,11,3,0,0,1,1,0,1,0,0,9
2021,3,3,19,female,2638,2631,7,617466.3497538,33527.3546350617,0.0542982700975203,718,TRUE,region,Southeast,427.229759330503,13.3333798516736,TRUE,2021Q3,35,11,3,0,0,1,1,0,1,0,0,9
2021,3,3,15,male,0,0,0,607392.52234965,32233.3249031514,0.0530683597790426,747,TRUE,region,Southeast,0,13.3169305206021,TRUE,2021Q3,35,11,3,1,0,1,1,0,1,0,0,9
2021,3,3,16,male,23,23,0,609265.4314564,29735.9174058706,0.0488061785071069,800,TRUE,region,Southeast,3.77503774422592,13.3200092997779,TRUE,2021Q3,35,11,3,0,0,1,1,0,1,0,0,9
2021,3,3,17,male,83,83,0,587411.65723124,28560.0511780729,0.0486201641157251,767,TRUE,region,Southeast,14.1297842796004,13.2834811430234,TRUE,2021Q3,35,11,3,0,0,1,1,0,1,0,0,9
2021,3,3,18,male,483,480,3,616115.2711947,34927.9284955904,0.0566905741970365,769,TRUE,region,Southeast,78.3944210737419,13.3311893535721,TRUE,2021Q3,35,11,3,0,0,1,1,0,1,0,0,9
2021,3,3,19,male,999,995,4,585312.91107777,29403.3323780713,0.0502352362669213,720,TRUE,region,Southeast,170.677936722852,13.2799018739422,TRUE,2021Q3,35,11,3,0,0,1,1,0,1,0,0,9
2021,3,4,15,combined,20,20,0,402545.89075724,17137.4888323062,0.0425727581023581,948,TRUE,region,South,4.9683776332625,12.9055643836453,TRUE,2021Q3,35,11,3,1,0,1,1,0,1,0,0,9
2021,3,4,16,combined,281,281,0,382897.45474515,15891.4706703751,0.0415032026811257,944,TRUE,region,South,73.3877952223602,12.8555224901337,TRUE,2021Q3,35,11,3,0,0,1,1,0,1,0,0,9
2021,3,4,17,combined,368,368,0,406121.9956426,15533.1492179271,0.0382474955421937,981,TRUE,region,South,90.6131664742068,12.9144088753266,TRUE,2021Q3,35,11,3,0,0,1,1,0,1,0,0,9
2021,3,4,18,combined,928,928,0,402171.892825,15627.1183861891,0.0388568138773165,974,TRUE,region,South,230.747105045406,12.9046348703009,TRUE,2021Q3,35,11,3,0,0,1,1,0,1,0,0,9
2021,3,4,19,combined,1132,1129,3,396025.79864246,18197.1185832176,0.0459493261438917,935,TRUE,region,South,285.839963931742,12.8892346362016,TRUE,2021Q3,35,11,3,0,0,1,1,0,1,0,0,9
2021,3,4,15,female,17,17,0,192181.90247218,10413.9081193187,0.0541877668258913,468,TRUE,region,South,8.84578609188287,12.1661976112108,TRUE,2021Q3,35,11,3,1,0,1,1,0,1,0,0,9
2021,3,4,16,female,266,266,0,192431.64827353,11181.9199295541,0.0581085285600199,488,TRUE,region,South,138.230900367229,12.1674962957526,TRUE,2021Q3,35,11,3,0,0,1,1,0,1,0,0,9
2021,3,4,17,female,318,318,0,197499.6053575,10952.442236076,0.0554555145376147,464,TRUE,region,South,161.012979962354,12.1934918651314,TRUE,2021Q3,35,11,3,0,0,1,1,0,1,0,0,9
2021,3,4,18,female,706,706,0,188966.55556939,10710.4352587745,0.0566789992361456,459,TRUE,region,South,373.611085767371,12.1493253237241,TRUE,2021Q3,35,11,3,0,0,1,1,0,1,0,0,9
2021,3,4,19,female,757,754,3,193300.4329788,14128.2516314478,0.073089601578892,430,TRUE,region,South,391.618367498961,12.1720009051256,TRUE,2021Q3,35,11,3,0,0,1,1,0,1,0,0,9
2021,3,4,15,male,3,3,0,210363.98828506,13726.353988236,0.0652504932053091,480,TRUE,region,South,1.42609960214995,12.2565945868555,TRUE,2021Q3,35,11,3,1,0,1,1,0,1,0,0,9
2021,3,4,16,male,15,15,0,190465.80647162,10940.2378424871,0.0574393800396778,456,TRUE,region,South,7.87542933709471,12.1572279638507,TRUE,2021Q3,35,11,3,0,0,1,1,0,1,0,0,9
2021,3,4,17,male,50,50,0,208622.3902851,11339.7375469394,0.0543553236612939,517,TRUE,region,South,23.9667467771176,12.2482811517671,TRUE,2021Q3,35,11,3,0,0,1,1,0,1,0,0,9
2021,3,4,18,male,222,222,0,213205.33725561,11168.6287499097,0.0523843769282365,515,TRUE,region,South,104.124973069434,12.2700110049924,TRUE,2021Q3,35,11,3,0,0,1,1,0,1,0,0,9
2021,3,4,19,male,375,375,0,202725.36566366,11178.7868805064,0.0551425167931525,505,TRUE,region,South,184.97931858323,12.2196074635534,TRUE,2021Q3,35,11,3,0,0,1,1,0,1,0,0,9
2021,3,5,15,combined,8,8,0,239949.88989745,11332.5806727271,0.0472289471671374,647,TRUE,region,Central-West,3.334029452324,12.3881853884301,TRUE,2021Q3,35,11,3,1,0,1,1,0,1,0,0,9
2021,3,5,16,combined,218,218,0,253136.10364317,12048.4037791238,0.0475965443321657,681,TRUE,region,Central-West,86.1196790432158,12.4416825821255,TRUE,2021Q3,35,11,3,0,0,1,1,0,1,0,0,9
2021,3,5,17,combined,280,275,5,257038.39855664,13585.4800387402,0.0528538930954573,660,TRUE,region,Central-West,108.933140562771,12.4569807634429,TRUE,2021Q3,35,11,3,0,0,1,1,0,1,0,0,9
2021,3,5,18,combined,770,764,6,253879.4038031,11890.2211173426,0.0468341304541751,672,TRUE,region,Central-West,303.293606517678,12.4446146450763,TRUE,2021Q3,35,11,3,0,0,1,1,0,1,0,0,9
2021,3,5,19,combined,960,950,10,246201.62302677,12209.0976891811,0.0495898342955015,635,TRUE,region,Central-West,389.924318206309,12.413906085021,TRUE,2021Q3,35,11,3,0,0,1,1,0,1,0,0,9
2021,3,5,15,female,8,8,0,119471.81475823,7753.50223763666,0.0648981707805066,319,TRUE,region,Central-West,6.6961400194592,11.6908357627706,TRUE,2021Q3,35,11,3,1,0,1,1,0,1,0,0,9
2021,3,5,16,female,203,203,0,122444.27009305,8286.82476271717,0.0676783385324581,326,TRUE,region,Central-West,165.789709755902,11.7154112674353,TRUE,2021Q3,35,11,3,0,0,1,1,0,1,0,0,9
2021,3,5,17,female,247,245,2,130862.73023435,9146.35830975785,0.0698927669732894,326,TRUE,region,Central-West,188.747399322688,11.7819041919868,TRUE,2021Q3,35,11,3,0,0,1,1,0,1,0,0,9
2021,3,5,18,female,608,605,3,129743.03849959,9182.22264578709,0.0707723724677229,319,TRUE,region,Central-West,468.61859181903,11.7733111464064,TRUE,2021Q3,35,11,3,0,0,1,1,0,1,0,0,9
2021,3,5,19,female,682,678,4,121533.67865381,9073.42505992606,0.0746577011444853,293,TRUE,region,Central-West,561.161323802832,11.7079466939189,TRUE,2021Q3,35,11,3,0,0,1,1,0,1,0,0,9
2021,3,5,15,male,0,0,0,120478.07513922,7887.48589518687,0.0654682263646094,328,TRUE,region,Central-West,0,11.699223066306,TRUE,2021Q3,35,11,3,1,0,1,1,0,1,0,0,9
2021,3,5,16,male,15,15,0,130691.83355012,8509.42781594173,0.0651106315122466,355,TRUE,region,Central-West,11.4773812506407,11.7805974152587,TRUE,2021Q3,35,11,3,0,0,1,1,0,1,0,0,9
2021,3,5,17,male,33,30,3,126175.66832229,9216.86230527345,0.073047858020699,334,TRUE,region,Central-West,26.1540124485081,11.7454304079829,TRUE,2021Q3,35,11,3,0,0,1,1,0,1,0,0,9
2021,3,5,18,male,162,159,3,124136.36530351,8042.39724281703,0.0647867949343739,353,TRUE,region,Central-West,130.501645995446,11.7291359605275,TRUE,2021Q3,35,11,3,0,0,1,1,0,1,0,0,9
2021,3,5,19,male,278,272,6,124667.94437296,7961.72399143859,0.0638634416528124,342,TRUE,region,Central-West,222.992366961893,11.733409036657,TRUE,2021Q3,35,11,3,0,0,1,1,0,1,0,0,9
2021,4,1,15,combined,5,5,0,304788.63104402,13015.0996581095,0.0427020509706275,1163,TRUE,region,North,1.64048113700076,12.6273738023746,TRUE,2021Q4,36,12,4,1,0,1,1,0,1,0,0,10
2021,4,1,16,combined,289,289,0,320545.67458607,12207.304841271,0.0380828874294893,1190,TRUE,region,North,90.158758302758,12.6777800555982,TRUE,2021Q4,36,12,4,0,0,1,1,0,1,0,0,10
2021,4,1,17,combined,421,421,0,341246.29219394,18293.606493811,0.0536082205500249,1204,TRUE,region,North,123.371303844302,12.7403597600565,TRUE,2021Q4,36,12,4,0,0,1,1,0,1,0,0,10
2021,4,1,18,combined,946,946,0,318152.64639343,12177.5400219362,0.0382757778694613,1210,TRUE,region,North,297.341546809002,12.6702865666946,TRUE,2021Q4,36,12,4,0,0,1,1,0,1,0,0,10
2021,4,1,19,combined,1153,1152,1,307070.31732452,14928.8376959064,0.0486170002557728,1146,TRUE,region,North,375.484029210638,12.6348320470018,TRUE,2021Q4,36,12,4,0,0,1,1,0,1,0,0,10
2021,4,1,15,female,5,5,0,154269.32662209,8989.71502905873,0.0582728610145595,573,TRUE,region,North,3.24108499692125,11.9464552280654,TRUE,2021Q4,36,12,4,1,0,1,1,0,1,0,0,10
2021,4,1,16,female,278,278,0,142870.98332999,8144.52202739848,0.0570061312491076,531,TRUE,region,North,194.581148334299,11.869697287526,TRUE,2021Q4,36,12,4,0,0,1,1,0,1,0,0,10
2021,4,1,17,female,381,381,0,165003.67692809,9096.86289339379,0.0551312738161482,575,TRUE,region,North,230.903945350286,12.0137230370471,TRUE,2021Q4,36,12,4,0,0,1,1,0,1,0,0,10
2021,4,1,18,female,741,741,0,152758.90682603,8537.73671391931,0.0558902710900029,563,TRUE,region,North,485.078098158879,11.9366161851606,TRUE,2021Q4,36,12,4,0,0,1,1,0,1,0,0,10
2021,4,1,19,female,816,815,1,144833.67161331,9283.00943465796,0.0640942767745513,528,TRUE,region,North,563.404898122469,11.8833412706668,TRUE,2021Q4,36,12,4,0,0,1,1,0,1,0,0,10
2021,4,1,15,male,0,0,0,150519.30442193,9314.10518694467,0.06187980487098,590,TRUE,region,North,0,11.9218466235296,TRUE,2021Q4,36,12,4,1,0,1,1,0,1,0,0,10
2021,4,1,16,male,11,11,0,177674.69125608,8940.61228318205,0.050320122804075,659,TRUE,region,North,6.19108997586261,12.0877095800044,TRUE,2021Q4,36,12,4,0,0,1,1,0,1,0,0,10
2021,4,1,17,male,40,40,0,176242.61526585,15512.2298573446,0.0880163394871632,629,TRUE,region,North,22.6959864046858,12.0796168205959,TRUE,2021Q4,36,12,4,0,0,1,1,0,1,0,0,10
2021,4,1,18,male,205,205,0,165393.7395674,8952.35576552367,0.0541275370454725,647,TRUE,region,North,123.946650300183,12.0160842105978,TRUE,2021Q4,36,12,4,0,0,1,1,0,1,0,0,10
2021,4,1,19,male,337,337,0,162236.64571121,9389.29829226445,0.0578740903518057,618,TRUE,region,North,207.721257131929,11.9968113243143,TRUE,2021Q4,36,12,4,0,0,1,1,0,1,0,0,10
2021,4,2,15,combined,6,6,0,950718.71951082,29325.6049817501,0.0308457216418745,2665,TRUE,region,Northeast,0.631101489522287,13.7649735243929,TRUE,2021Q4,36,12,4,1,0,1,1,0,1,0,0,10
2021,4,2,16,combined,620,620,0,923945.4719374,25841.681981207,0.0279688388179664,2615,TRUE,region,Northeast,67.1035270836856,13.7364083358277,TRUE,2021Q4,36,12,4,0,0,1,1,0,1,0,0,10
2021,4,2,17,combined,921,921,0,943505.41415461,27369.5975419333,0.0290084159892784,2641,TRUE,region,Northeast,97.614702171606,13.7573573821469,TRUE,2021Q4,36,12,4,0,0,1,1,0,1,0,0,10
2021,4,2,18,combined,2321,2319,2,981545.00768189,26696.8617673979,0.0271988157022445,2670,TRUE,region,Northeast,236.463940199899,13.7968831476655,TRUE,2021Q4,36,12,4,0,0,1,1,0,1,0,0,10
2021,4,2,19,combined,3009,3002,7,903295.41211616,28629.3620537375,0.031694351227432,2459,TRUE,region,Northeast,333.11361484177,13.7138049240994,TRUE,2021Q4,36,12,4,0,0,1,1,0,1,0,0,10
2021,4,2,15,female,5,5,0,476580.21900539,19420.1029162305,0.0407488648118038,1276,TRUE,region,Northeast,1.04914131988836,13.0743913383905,TRUE,2021Q4,36,12,4,1,0,1,1,0,1,0,0,10
2021,4,2,16,female,586,586,0,443727.0280127,16565.7730544129,0.0373332522217664,1258,TRUE,region,Northeast,132.063174655935,13.0029648505731,TRUE,2021Q4,36,12,4,0,0,1,1,0,1,0,0,10
2021,4,2,17,female,802,802,0,449959.13730939,18919.8761160324,0.0420479873554011,1213,TRUE,region,Northeast,178.238407335319,13.0169120516443,TRUE,2021Q4,36,12,4,0,0,1,1,0,1,0,0,10
2021,4,2,18,female,1873,1872,1,482856.59652369,18138.51118611,0.0375650064981976,1271,TRUE,region,Northeast,387.899847177112,13.0874749869434,TRUE,2021Q4,36,12,4,0,0,1,1,0,1,0,0,10
2021,4,2,19,female,2119,2116,3,468050.42702543,19482.6127776256,0.0416250293829281,1219,TRUE,region,Northeast,452.728996203837,13.0563313191495,TRUE,2021Q4,36,12,4,0,0,1,1,0,1,0,0,10
2021,4,2,15,male,1,1,0,474138.50050543,19179.7895338402,0.0404518711587323,1389,TRUE,region,Northeast,0.210908837593657,13.0692547531557,TRUE,2021Q4,36,12,4,1,0,1,1,0,1,0,0,10
2021,4,2,16,male,34,34,0,480218.4439247,19110.9510662329,0.0397963703976967,1357,TRUE,region,Northeast,7.08011123482199,13.0819963708711,TRUE,2021Q4,36,12,4,0,0,1,1,0,1,0,0,10
2021,4,2,17,male,119,119,0,493546.27684522,19439.9621745899,0.0393883270660077,1428,TRUE,region,Northeast,24.1112142027807,13.1093719061953,TRUE,2021Q4,36,12,4,0,0,1,1,0,1,0,0,10
2021,4,2,18,male,448,447,1,498688.4111582,17767.2802256338,0.0356280190758181,1399,TRUE,region,Northeast,89.8356548850862,13.1197367531615,TRUE,2021Q4,36,12,4,0,0,1,1,0,1,0,0,10
2021,4,2,19,male,890,886,4,435244.98509073,17543.4098157166,0.0403069774877694,1240,TRUE,region,Northeast,204.482539830866,12.9836643356588,TRUE,2021Q4,36,12,4,0,0,1,1,0,1,0,0,10
2021,4,3,15,combined,6,6,0,1140450.74911297,41786.4109075387,0.0366402590730373,1508,TRUE,region,Southeast,0.52610776963992,13.9469341361818,TRUE,2021Q4,36,12,4,1,0,1,1,0,1,0,0,10
2021,4,3,16,combined,644,644,0,1162313.54504526,38103.7399922515,0.032782668802821,1570,TRUE,region,Southeast,55.4067362240817,13.9659230122207,TRUE,2021Q4,36,12,4,0,0,1,1,0,1,0,0,10
2021,4,3,17,combined,1045,1045,0,1126745.59110498,39572.1269093628,0.0351207293125994,1558,TRUE,region,Southeast,92.7449823855256,13.9348440276142,TRUE,2021Q4,36,12,4,0,0,1,1,0,1,0,0,10
2021,4,3,18,combined,3034,3025,9,1163965.76236996,43685.3819676484,0.0375315008224127,1540,TRUE,region,Southeast,260.660587973176,13.9673434930694,TRUE,2021Q4,36,12,4,0,0,1,1,0,1,0,0,10
2021,4,3,19,combined,4374,4356,18,1250626.76609351,40760.9370934147,0.0325924074220294,1589,TRUE,region,Southeast,349.744633537849,14.0391553964879,TRUE,2021Q4,36,12,4,0,0,1,1,0,1,0,0,10
2021,4,3,15,female,4,4,0,573146.05466508,26402.4019495729,0.0460657483981133,746,TRUE,region,Southeast,0.697902387609981,13.2588958579202,TRUE,2021Q4,36,12,4,1,0,1,1,0,1,0,0,10
2021,4,3,16,female,621,621,0,560988.64613998,27108.3409859136,0.0483224414120307,742,TRUE,region,Southeast,110.697427527802,13.2374559456904,TRUE,2021Q4,36,12,4,0,0,1,1,0,1,0,0,10
2021,4,3,17,female,962,962,0,552127.26149848,28408.3153162382,0.0514524771682849,755,TRUE,region,Southeast,174.235193058412,13.2215338448804,TRUE,2021Q4,36,12,4,0,0,1,1,0,1,0,0,10
2021,4,3,18,female,2445,2436,9,569855.31403987,29497.1122349494,0.0517624588350959,715,TRUE,region,Southeast,429.056277928986,13.2531377725714,TRUE,2021Q4,36,12,4,0,0,1,1,0,1,0,0,10
2021,4,3,19,female,3169,3155,14,597692.08968585,26958.6833321081,0.0451046346393471,764,TRUE,region,Southeast,530.206113596993,13.3008310001353,TRUE,2021Q4,36,12,4,0,0,1,1,0,1,0,0,10
2021,4,3,15,male,2,2,0,567304.69444789,31741.9851702787,0.0559522695315795,762,TRUE,region,Southeast,0.352544235853086,13.2486518183516,TRUE,2021Q4,36,12,4,1,0,1,1,0,1,0,0,10
2021,4,3,16,male,23,23,0,601324.89890528,26733.5195899181,0.0444576960617909,828,TRUE,region,Southeast,3.8248873515585,13.3068906646275,TRUE,2021Q4,36,12,4,0,0,1,1,0,1,0,0,10
2021,4,3,17,male,83,83,0,574618.3296065,27220.7641281972,0.0473719036196393,803,TRUE,region,Southeast,14.4443704148523,13.2614613247862,TRUE,2021Q4,36,12,4,0,0,1,1,0,1,0,0,10
2021,4,3,18,male,589,589,0,594110.44833009,33011.9368092375,0.0555653193813146,825,TRUE,region,Southeast,99.1398151060204,13.2948205210097,TRUE,2021Q4,36,12,4,0,0,1,1,0,1,0,0,10
2021,4,3,19,male,1205,1201,4,652934.67640766,30947.8546386301,0.0473980870627062,825,TRUE,region,Southeast,184.551386768078,13.3892323671255,TRUE,2021Q4,36,12,4,0,0,1,1,0,1,0,0,10
2021,4,4,15,combined,37,37,0,392808.0831633,15712.7652041223,0.0400011249197999,1016,TRUE,region,South,9.41935810028079,12.8810764335687,TRUE,2021Q4,36,12,4,1,0,1,1,0,1,0,0,10
2021,4,4,16,combined,361,360,1,401772.43855485,16567.4157853783,0.0412358195723186,1022,TRUE,region,South,89.8518577577133,12.9036411340746,TRUE,2021Q4,36,12,4,0,0,1,1,0,1,0,0,10
2021,4,4,17,combined,528,526,2,406629.72825507,15154.5404028983,0.0372686484776444,1030,TRUE,region,South,129.847859935316,12.9156582917562,TRUE,2021Q4,36,12,4,0,0,1,1,0,1,0,0,10
2021,4,4,18,combined,1240,1238,2,401199.85473875,15761.1037774264,0.0392849189531477,1031,TRUE,region,South,309.072893560107,12.9022149730029,TRUE,2021Q4,36,12,4,0,0,1,1,0,1,0,0,10
2021,4,4,19,combined,1658,1652,6,378673.48650318,14323.7374090387,0.0378260900738252,971,TRUE,region,South,437.844227043891,12.8444295995646,TRUE,2021Q4,36,12,4,0,0,1,1,0,1,0,0,10
2021,4,4,15,female,32,32,0,181994.35981429,9495.4478917143,0.0521744075003402,482,TRUE,region,South,17.5829624789765,12.1117309755474,TRUE,2021Q4,36,12,4,1,0,1,1,0,1,0,0,10
2021,4,4,16,female,328,327,1,208245.39880723,10854.6620626061,0.0521243788567645,531,TRUE,region,South,157.506481237372,12.2464724652219,TRUE,2021Q4,36,12,4,0,0,1,1,0,1,0,0,10
2021,4,4,17,female,457,455,2,205487.95217371,10992.902378573,0.0534965785696287,497,TRUE,region,South,222.397466696088,12.2331426843079,TRUE,2021Q4,36,12,4,0,0,1,1,0,1,0,0,10
2021,4,4,18,female,954,954,0,198418.98097115,10908.2796774389,0.0549759888093818,520,TRUE,region,South,480.800775878751,12.1981361394743,TRUE,2021Q4,36,12,4,0,0,1,1,0,1,0,0,10
2021,4,4,19,female,1122,1118,4,188910.46632079,10624.4134206915,0.0562404700364782,458,TRUE,region,South,593.932153073364,12.1490284586291,TRUE,2021Q4,36,12,4,0,0,1,1,0,1,0,0,10
2021,4,4,15,male,5,5,0,210813.72334901,12339.0459859991,0.0585305633332575,534,TRUE,region,South,2.37176210379925,12.2587301948065,TRUE,2021Q4,36,12,4,1,0,1,1,0,1,0,0,10
2021,4,4,16,male,33,33,0,193527.03974762,11656.0213117476,0.0602294197593696,491,TRUE,region,South,17.0518807310005,12.173172521987,TRUE,2021Q4,36,12,4,0,0,1,1,0,1,0,0,10
2021,4,4,17,male,71,71,0,201141.77608136,10364.201494597,0.0515268468664846,533,TRUE,region,South,35.2984851696254,12.2117652920349,TRUE,2021Q4,36,12,4,0,0,1,1,0,1,0,0,10
2021,4,4,18,male,286,284,2,202780.8737676,10897.2859857651,0.0537392199929767,511,TRUE,region,South,141.038942522644,12.219881235441,TRUE,2021Q4,36,12,4,0,0,1,1,0,1,0,0,10
2021,4,4,19,male,536,534,2,189763.02018239,9882.50833111358,0.0520781568590922,513,TRUE,region,South,282.457561797249,12.1535313104658,TRUE,2021Q4,36,12,4,0,0,1,1,0,1,0,0,10
2021,4,5,15,combined,15,15,0,260780.43452451,12371.8950925902,0.0474418071859889,701,TRUE,region,Central-West,5.7519652604882,12.4714340852254,TRUE,2021Q4,36,12,4,1,0,1,1,0,1,0,0,10
2021,4,5,16,combined,226,226,0,265556.56718672,11515.2432607996,0.0433626755413769,744,TRUE,region,Central-West,85.1042783065852,12.489583156054,TRUE,2021Q4,36,12,4,0,0,1,1,0,1,0,0,10
2021,4,5,17,combined,334,332,2,249760.90618475,12160.8918481303,0.0486901334315901,664,TRUE,region,Central-West,133.727894049575,12.4282593639648,TRUE,2021Q4,36,12,4,0,0,1,1,0,1,0,0,10
2021,4,5,18,combined,835,828,7,263518.13104739,11738.8441192758,0.0445466278643451,725,TRUE,region,Central-West,316.866242440767,12.4818774531254,TRUE,2021Q4,36,12,4,0,0,1,1,0,1,0,0,10
2021,4,5,19,combined,1080,1071,9,257893.95778029,11751.8058247764,0.045568364322782,699,TRUE,region,Central-West,418.776775266714,12.4603037630579,TRUE,2021Q4,36,12,4,0,0,1,1,0,1,0,0,10
2021,4,5,15,female,15,15,0,135677.25624489,8740.95560584143,0.064424619481282,347,TRUE,region,Central-West,11.0556480984004,11.8180342285696,TRUE,2021Q4,36,12,4,1,0,1,1,0,1,0,0,10
2021,4,5,16,female,214,214,0,133494.03177752,8076.57604195199,0.0605014017062002,371,TRUE,region,Central-West,160.306792109366,11.8018120500367,TRUE,2021Q4,36,12,4,0,0,1,1,0,1,0,0,10
2021,4,5,17,female,288,288,0,127021.06656736,8444.70877440464,0.066482741820833,317,TRUE,region,Central-West,226.734043244135,11.7521082301676,TRUE,2021Q4,36,12,4,0,0,1,1,0,1,0,0,10
2021,4,5,18,female,660,658,2,138415.16971083,8940.71696496804,0.0645934761604999,351,TRUE,region,Central-West,476.826348859622,11.8380129238964,TRUE,2021Q4,36,12,4,0,0,1,1,0,1,0,0,10
2021,4,5,19,female,750,747,3,132378.74554874,8563.56831472697,0.064689903800108,344,TRUE,region,Central-West,566.556207260523,11.7934223774892,TRUE,2021Q4,36,12,4,0,0,1,1,0,1,0,0,10
2021,4,5,15,male,0,0,0,125103.17827962,8121.14289999521,0.0649155601933911,354,TRUE,region,Central-West,0,11.7368941020445,TRUE,2021Q4,36,12,4,1,0,1,1,0,1,0,0,10
2021,4,5,16,male,12,12,0,132062.5354092,8239.43979862187,0.0623904408096641,373,TRUE,region,Central-West,9.08660428396109,11.7910308424829,TRUE,2021Q4,36,12,4,0,0,1,1,0,1,0,0,10
2021,4,5,17,male,46,44,2,122739.83961739,8262.93323038344,0.0673207106685247,347,TRUE,region,Central-West,37.4776438875863,11.7178222692565,TRUE,2021Q4,36,12,4,0,0,1,1,0,1,0,0,10
2021,4,5,18,male,175,170,5,125102.96133656,7600.88815908265,0.0607570602476328,374,TRUE,region,Central-West,139.884778210169,11.7368923679299,TRUE,2021Q4,36,12,4,0,0,1,1,0,1,0,0,10
2021,4,5,19,male,330,324,6,125515.21223155,7835.75694307893,0.0624287431281521,355,TRUE,region,Central-West,262.916338293097,11.7401822432087,TRUE,2021Q4,36,12,4,0,0,1,1,0,1,0,0,10
2022,1,1,15,combined,3,3,0,341826.48713375,16185.4974703823,0.0473500389220839,1230,TRUE,region,North,0.877638250082756,12.7420585397383,TRUE,2022Q1,37,13,1,1,0,1,0,0,1,1,1,11
2022,1,1,16,combined,175,175,0,317473.05880275,12163.4661781311,0.0383133807448159,1207,TRUE,region,North,55.1227876343138,12.66814823955,TRUE,2022Q1,37,13,1,0,0,1,0,0,1,1,1,11
2022,1,1,17,combined,235,235,0,326211.8801183,15187.4130346805,0.0465568974041436,1155,TRUE,region,North,72.039068569415,12.6953023882431,TRUE,2022Q1,37,13,1,0,0,1,0,0,1,1,1,11
2022,1,1,18,combined,582,582,0,312155.01627419,12076.7991642367,0.0386884673787484,1176,TRUE,region,North,186.445826482822,12.6512551904367,TRUE,2022Q1,37,13,1,0,0,1,0,0,1,1,1,11
2022,1,1,19,combined,707,707,0,324962.79109696,13618.6754897039,0.041908414941083,1196,TRUE,region,North,217.563370136445,12.6914659658251,TRUE,2022Q1,37,13,1,0,0,1,0,0,1,1,1,11
2022,1,1,15,female,3,3,0,165488.67098981,9972.89399651253,0.0602633034446607,611,TRUE,region,North,1.81281291465851,12.0166580182224,TRUE,2022Q1,37,13,1,1,0,1,0,0,1,1,1,11
2022,1,1,16,female,171,171,0,155195.98580556,8854.00015694957,0.057050445673527,561,TRUE,region,North,110.183262223187,11.9524440217419,TRUE,2022Q1,37,13,1,0,0,1,0,0,1,1,1,11
2022,1,1,17,female,210,210,0,149451.20765618,8713.4473930809,0.0583029573981538,526,TRUE,region,North,140.514087034422,11.9147252483498,TRUE,2022Q1,37,13,1,0,0,1,0,0,1,1,1,11
2022,1,1,18,female,456,456,0,155664.21495098,8704.75263592534,0.0559200625440249,564,TRUE,region,North,292.938232556274,11.9554564980793,TRUE,2022Q1,37,13,1,0,0,1,0,0,1,1,1,11
2022,1,1,19,female,480,480,0,148531.15948962,8864.55717237279,0.0596814648376342,553,TRUE,region,North,323.164514199827,11.908550043427,TRUE,2022Q1,37,13,1,0,0,1,0,0,1,1,1,11
2022,1,1,15,male,0,0,0,176337.81614394,10990.8836587064,0.0623285685342433,619,TRUE,region,North,0,12.0801568442156,TRUE,2022Q1,37,13,1,1,0,1,0,0,1,1,1,11
2022,1,1,16,male,4,4,0,162277.07299719,8340.51193794527,0.0513967363589908,646,TRUE,region,North,2.46491998291667,11.9970604804138,TRUE,2022Q1,37,13,1,0,0,1,0,0,1,1,1,11
2022,1,1,17,male,25,25,0,176760.67246212,10659.2752977277,0.06030343259761,629,TRUE,region,North,14.1434175666861,12.0825519636169,TRUE,2022Q1,37,13,1,0,0,1,0,0,1,1,1,11
2022,1,1,18,male,126,126,0,156490.80132321,8380.19264964784,0.053550704442619,612,TRUE,region,North,80.5159146317901,11.9607525097474,TRUE,2022Q1,37,13,1,0,0,1,0,0,1,1,1,11
2022,1,1,19,male,227,227,0,176431.63160734,10278.5231851122,0.0582578253767315,643,TRUE,region,North,128.661735955151,12.0806887239813,TRUE,2022Q1,37,13,1,0,0,1,0,0,1,1,1,11
2022,1,2,15,combined,6,6,0,957043.09628643,26481.585068805,0.0276702116880215,2760,TRUE,region,Northeast,0.626931015257466,13.7716037021133,TRUE,2022Q1,37,13,1,1,0,1,0,0,1,1,1,11
2022,1,2,16,combined,424,424,0,933430.57582513,25618.5550759422,0.0274455923551636,2701,TRUE,region,Northeast,45.4238387922095,13.7466218694342,TRUE,2022Q1,37,13,1,0,0,1,0,0,1,1,1,11
2022,1,2,17,combined,606,605,1,924168.28070586,24884.3990140943,0.0269262638997826,2724,TRUE,region,Northeast,65.572473395987,13.7366494560177,TRUE,2022Q1,37,13,1,0,0,1,0,0,1,1,1,11
2022,1,2,18,combined,1585,1583,2,963273.8425688,24314.3329490539,0.0252413507712551,2706,TRUE,region,Northeast,164.543033346906,13.7780930143947,TRUE,2022Q1,37,13,1,0,0,1,0,0,1,1,1,11
2022,1,2,19,combined,2147,2145,2,910726.19388535,26103.7103189338,0.0286625228243078,2538,TRUE,region,Northeast,235.745937079118,13.7219975755068,TRUE,2022Q1,37,13,1,0,0,1,0,0,1,1,1,11
2022,1,2,15,female,5,5,0,473045.83729998,19143.1691452116,0.0404678947276562,1323,TRUE,region,Northeast,1.05698002302244,13.0669475703898,TRUE,2022Q1,37,13,1,1,0,1,0,0,1,1,1,11
2022,1,2,16,female,401,401,0,462531.97897596,17594.0213406761,0.0380384970994417,1316,TRUE,region,Northeast,86.6967081687647,13.0444709772761,TRUE,2022Q1,37,13,1,0,0,1,0,0,1,1,1,11
2022,1,2,17,female,542,542,0,438795.80397489,17007.100212557,0.0387585753065456,1272,TRUE,region,Northeast,123.519868487853,12.9917894448372,TRUE,2022Q1,37,13,1,0,0,1,0,0,1,1,1,11
2022,1,2,18,female,1283,1282,1,479080.02811526,17639.3555003108,0.0368192253175434,1318,TRUE,region,Northeast,267.804943789335,13.0796229357474,TRUE,2022Q1,37,13,1,0,0,1,0,0,1,1,1,11
2022,1,2,19,female,1529,1529,0,466986.96501491,17793.9027019801,0.0381036389343585,1254,TRUE,region,Northeast,327.418132527785,13.0540566240878,TRUE,2022Q1,37,13,1,0,0,1,0,0,1,1,1,11
2022,1,2,15,male,1,1,0,483997.25898645,17698.2745669195,0.0365668900769849,1437,TRUE,region,Northeast,0.20661274034777,13.0898345224316,TRUE,2022Q1,37,13,1,1,0,1,0,0,1,1,1,11
2022,1,2,16,male,23,23,0,470898.59684917,17913.14616668,0.0380403472988423,1385,TRUE,region,Northeast,4.88427872877416,13.0623980565058,TRUE,2022Q1,37,13,1,0,0,1,0,0,1,1,1,11
2022,1,2,17,male,64,63,1,485372.47673097,17773.2873690852,0.0366178310908561,1452,TRUE,region,Northeast,13.185749721749,13.0926718684234,TRUE,2022Q1,37,13,1,0,0,1,0,0,1,1,1,11
2022,1,2,18,male,302,301,1,484193.81445354,16901.8127589098,0.0349071224257277,1388,TRUE,region,Northeast,62.3717178916952,13.0902405486287,TRUE,2022Q1,37,13,1,0,0,1,0,0,1,1,1,11
2022,1,2,19,male,618,616,2,443739.22887044,17973.5391126783,0.0405047332831735,1284,TRUE,region,Northeast,139.270986153996,13.0029923465091,TRUE,2022Q1,37,13,1,0,0,1,0,0,1,1,1,11
2022,1,3,15,combined,1,1,0,1157630.88962693,40977.743911012,0.0353979357999145,1533,TRUE,region,Southeast,0.086383320362354,13.9618861381408,TRUE,2022Q1,37,13,1,1,0,1,0,0,1,1,1,11
2022,1,3,16,combined,446,446,0,1144217.86328036,38514.4010722688,0.0336600242910487,1591,TRUE,region,Southeast,38.9785909058754,13.9502318727209,TRUE,2022Q1,37,13,1,0,0,1,0,0,1,1,1,11
2022,1,3,17,combined,723,723,0,1141495.89900566,39501.2924620068,0.034604848336657,1592,TRUE,region,Southeast,63.3379410850091,13.9478501523092,TRUE,2022Q1,37,13,1,0,0,1,0,0,1,1,1,11
2022,1,3,18,combined,2095,2094,1,1154638.0375113,38416.5453565758,0.0332715051024809,1582,TRUE,region,Southeast,181.4421430733,13.9592974653858,TRUE,2022Q1,37,13,1,0,0,1,0,0,1,1,1,11
2022,1,3,19,combined,3058,3043,15,1212923.45548791,42063.4622014551,0.0346794037258804,1577,TRUE,region,Southeast,252.118135416047,14.0085440824626,TRUE,2022Q1,37,13,1,0,0,1,0,0,1,1,1,11
2022,1,3,15,female,1,1,0,588875.0346837,26645.210035999,0.0452476475765539,764,TRUE,region,Southeast,0.169815315831334,13.2859692749006,TRUE,2022Q1,37,13,1,1,0,1,0,0,1,1,1,11
2022,1,3,16,female,429,429,0,555405.2446883,26723.4162280307,0.0481151672289811,776,TRUE,region,Southeast,77.2408982635301,13.2274532968933,TRUE,2022Q1,37,13,1,0,0,1,0,0,1,1,1,11
2022,1,3,17,female,651,651,0,556632.51244482,28123.5461055437,0.0505244402308097,764,TRUE,region,Southeast,116.953283440219,13.229660538953,TRUE,2022Q1,37,13,1,0,0,1,0,0,1,1,1,11
2022,1,3,18,female,1692,1691,1,572040.11404153,28301.760027562,0.0494751317833408,757,TRUE,region,Southeast,295.783452675342,13.2569643973462,TRUE,2022Q1,37,13,1,0,0,1,0,0,1,1,1,11
2022,1,3,19,female,2226,2216,10,597248.49231435,28490.2815939703,0.0477025592539713,777,TRUE,region,Southeast,372.709186987514,13.3000885408054,TRUE,2022Q1,37,13,1,0,0,1,0,0,1,1,1,11
2022,1,3,15,male,0,0,0,568755.85494323,30880.6249478086,0.0542950453686159,769,TRUE,region,Southeast,0,13.2512065436,TRUE,2022Q1,37,13,1,1,0,1,0,0,1,1,1,11
2022,1,3,16,male,17,17,0,588812.61859206,27433.658066291,0.0465914914185926,815,TRUE,region,Southeast,2.88716638591231,13.2858632771999,TRUE,2022Q1,37,13,1,0,0,1,0,0,1,1,1,11
2022,1,3,17,male,72,72,0,584863.38656084,26517.471386746,0.0453395989492113,828,TRUE,region,Southeast,12.3105671605433,13.2791335716958,TRUE,2022Q1,37,13,1,0,0,1,0,0,1,1,1,11
2022,1,3,18,male,403,403,0,582597.92346977,25993.4533578226,0.0446164538366594,825,TRUE,region,Southeast,69.172920768385,13.2752525592542,TRUE,2022Q1,37,13,1,0,0,1,0,0,1,1,1,11
2022,1,3,19,male,832,827,5,615674.96317356,30660.3218231521,0.049799526791069,800,TRUE,region,Southeast,135.136240673386,13.3304744460698,TRUE,2022Q1,37,13,1,0,0,1,0,0,1,1,1,11
2022,1,4,15,combined,22,22,0,400927.07798939,16466.5534694548,0.0410711931756591,1028,TRUE,region,South,5.48728215373425,12.9015348393514,TRUE,2022Q1,37,13,1,1,0,1,0,0,1,1,1,11
2022,1,4,16,combined,225,225,0,403933.23472129,15997.6868502713,0.0396047798872244,1028,TRUE,region,South,55.7022746977598,12.9090048826954,TRUE,2022Q1,37,13,1,0,0,1,0,0,1,1,1,11
2022,1,4,17,combined,330,330,0,430111.01460679,15494.174923477,0.0360236645826006,1118,TRUE,region,South,76.7243778450287,12.9717986278529,TRUE,2022Q1,37,13,1,0,0,1,0,0,1,1,1,11
2022,1,4,18,combined,868,862,6,392204.5479735,14736.4938490331,0.0375734904788222,1010,TRUE,region,South,221.313088918757,12.879538788734,TRUE,2022Q1,37,13,1,0,0,1,0,0,1,1,1,11
2022,1,4,19,combined,1109,1106,3,385234.87876642,14137.862288612,0.0366993308962148,1003,TRUE,region,South,287.876321986001,12.861608501968,TRUE,2022Q1,37,13,1,0,0,1,0,0,1,1,1,11
2022,1,4,15,female,18,18,0,201524.71069577,11011.331905923,0.0546401077461225,518,TRUE,region,South,8.93190712833899,12.2136672865759,TRUE,2022Q1,37,13,1,1,0,1,0,0,1,1,1,11
2022,1,4,16,female,213,213,0,199067.92086756,10681.1251222573,0.0536556823204251,512,TRUE,region,South,106.998656072622,12.2014013563656,TRUE,2022Q1,37,13,1,0,0,1,0,0,1,1,1,11
2022,1,4,17,female,289,289,0,209167.90580626,10914.120487184,0.0521787529741446,552,TRUE,region,South,138.166512154921,12.2508925854758,TRUE,2022Q1,37,13,1,0,0,1,0,0,1,1,1,11
2022,1,4,18,female,665,662,3,192088.95968688,10138.846074679,0.0527820343824346,488,TRUE,region,South,346.193764120542,12.1657138754074,TRUE,2022Q1,37,13,1,0,0,1,0,0,1,1,1,11
2022,1,4,19,female,774,772,2,193377.04676444,10473.5208217867,0.0541611375136207,479,TRUE,region,South,400.254328499928,12.1723971722508,TRUE,2022Q1,37,13,1,0,0,1,0,0,1,1,1,11
2022,1,4,15,male,4,4,0,199402.36729362,12338.7627052375,0.0618787172524819,510,TRUE,region,South,2.00599423882967,12.2030800085238,TRUE,2022Q1,37,13,1,1,0,1,0,0,1,1,1,11
2022,1,4,16,male,12,12,0,204865.31385373,11123.4200238594,0.0542962584276287,516,TRUE,region,South,5.85750695140505,12.2301080366062,TRUE,2022Q1,37,13,1,0,0,1,0,0,1,1,1,11
2022,1,4,17,male,41,41,0,220943.10880053,11241.0054098295,0.0508773750439895,566,TRUE,region,South,18.5568132097821,12.3056605211181,TRUE,2022Q1,37,13,1,0,0,1,0,0,1,1,1,11
2022,1,4,18,male,203,200,3,200115.58828662,10525.13591955,0.0525952826047474,522,TRUE,region,South,101.441372827612,12.2066504200194,TRUE,2022Q1,37,13,1,0,0,1,0,0,1,1,1,11
2022,1,4,19,male,335,334,1,191857.83200198,9573.82835618504,0.0499006386983787,524,TRUE,region,South,174.608456951887,12.1645099184122,TRUE,2022Q1,37,13,1,0,0,1,0,0,1,1,1,11
2022,1,5,15,combined,0,0,0,258251.95973401,11668.06755422,0.0451809448657725,733,TRUE,region,Central-West,0,12.4616909754681,TRUE,2022Q1,37,13,1,1,0,1,0,0,1,1,1,11
2022,1,5,16,combined,140,140,0,258134.19336126,11288.5741071835,0.0437314172143988,715,TRUE,region,Central-West,54.2353564930739,12.4612348579906,TRUE,2022Q1,37,13,1,0,0,1,0,0,1,1,1,11
2022,1,5,17,combined,234,233,1,244481.91675313,11057.981998898,0.0452302654762971,696,TRUE,region,Central-West,95.7126003868358,12.406896625052,TRUE,2022Q1,37,13,1,0,0,1,0,0,1,1,1,11
2022,1,5,18,combined,595,595,0,270932.6994836,12231.4838269685,0.0451458382479555,733,TRUE,region,Central-West,219.611734255066,12.5096257276311,TRUE,2022Q1,37,13,1,0,0,1,0,0,1,1,1,11
2022,1,5,19,combined,723,716,7,252499.87725934,10966.9137438014,0.0434333428706477,715,TRUE,region,Central-West,286.336772852137,12.4391660415958,TRUE,2022Q1,37,13,1,0,0,1,0,0,1,1,1,11
2022,1,5,15,female,0,0,0,132028.93152474,8519.64735109857,0.0645286396906282,360,TRUE,region,Central-West,0,11.7907763557702,TRUE,2022Q1,37,13,1,1,0,1,0,0,1,1,1,11
2022,1,5,16,female,137,137,0,130492.39694517,7839.32883172676,0.0600749853266982,360,TRUE,region,Central-West,104.986959552566,11.7790702430911,TRUE,2022Q1,37,13,1,0,0,1,0,0,1,1,1,11
2022,1,5,17,female,207,207,0,121548.31011754,7543.45153209278,0.06206134437244,333,TRUE,region,Central-West,170.302655627072,11.7080670768713,TRUE,2022Q1,37,13,1,0,0,1,0,0,1,1,1,11
2022,1,5,18,female,473,473,0,138837.05007654,9030.32875664166,0.0650426435282462,357,TRUE,region,Central-West,340.687157887061,11.8410562228222,TRUE,2022Q1,37,13,1,0,0,1,0,0,1,1,1,11
2022,1,5,19,female,541,539,2,122273.46437485,7570.12454433337,0.0619114260239316,342,TRUE,region,Central-West,442.450864352279,11.714015326546,TRUE,2022Q1,37,13,1,0,0,1,0,0,1,1,1,11
2022,1,5,15,male,0,0,0,126223.02820927,7749.71990284252,0.0613970367593619,373,TRUE,region,Central-West,0,11.7458056863674,TRUE,2022Q1,37,13,1,1,0,1,0,0,1,1,1,11
2022,1,5,16,male,3,3,0,127641.79641609,7845.01136980125,0.0614611482294396,355,TRUE,region,Central-West,2.35032730988878,11.7569831543772,TRUE,2022Q1,37,13,1,0,0,1,0,0,1,1,1,11
2022,1,5,17,male,27,26,1,122933.60663559,7918.60447872789,0.0644136676328132,363,TRUE,region,Central-West,21.9630748165029,11.7193997051685,TRUE,2022Q1,37,13,1,0,0,1,0,0,1,1,1,11
2022,1,5,18,male,122,122,0,132095.64940706,7987.27854056865,0.0604658713320332,376,TRUE,region,Central-West,92.3573187668356,11.7912815558807,TRUE,2022Q1,37,13,1,0,0,1,0,0,1,1,1,11
2022,1,5,19,male,182,177,5,130226.41288449,7771.38487201706,0.0596759497546034,373,TRUE,region,Central-West,139.756594663659,11.7770298521187,TRUE,2022Q1,37,13,1,0,0,1,0,0,1,1,1,11
2022,2,1,15,combined,5,5,0,345228.24969547,15546.7854477833,0.0450333524602847,1251,TRUE,region,North,1.44831716535671,12.7519610705773,TRUE,2022Q2,38,14,2,1,0,1,0,0,1,1,1,12
2022,2,1,16,combined,194,193,1,328776.62950456,12611.6560524592,0.0383593446756356,1219,TRUE,region,North,59.0066271718712,12.7031338614888,TRUE,2022Q2,38,14,2,0,0,1,0,0,1,1,1,12
2022,2,1,17,combined,291,290,1,320610.34002752,12588.9618146735,0.039265613871321,1179,TRUE,region,North,90.7643839481352,12.6779817707508,TRUE,2022Q2,38,14,2,0,0,1,0,0,1,1,1,12
2022,2,1,18,combined,694,692,2,335390.91943748,13294.7952282242,0.0396396994006942,1239,TRUE,region,North,206.922716084258,12.7230520541749,TRUE,2022Q2,38,14,2,0,0,1,0,0,1,1,1,12
2022,2,1,19,combined,939,937,2,325652.94183536,12560.3620862254,0.0385697792730997,1202,TRUE,region,North,288.343779333868,12.6935874976674,TRUE,2022Q2,38,14,2,0,0,1,0,0,1,1,1,12
2022,2,1,15,female,5,5,0,168121.76193385,9776.9896867054,0.0581542185511493,600,TRUE,region,North,2.97403497470323,12.0324437692798,TRUE,2022Q2,38,14,2,1,0,1,0,0,1,1,1,12
2022,2,1,16,female,187,187,0,158053.97231968,8605.1308781322,0.0544442556668393,600,TRUE,region,North,118.314014672009,11.9706918506381,TRUE,2022Q2,38,14,2,0,0,1,0,0,1,1,1,12
2022,2,1,17,female,264,264,0,145328.21208738,8220.99637437174,0.0565684821707487,537,TRUE,region,North,181.657777390991,11.8867499951113,TRUE,2022Q2,38,14,2,0,0,1,0,0,1,1,1,12
2022,2,1,18,female,558,558,0,173480.42005372,9580.90021977426,0.0552275594952297,609,TRUE,region,North,321.650131944118,12.0638200192844,TRUE,2022Q2,38,14,2,0,0,1,0,0,1,1,1,12
2022,2,1,19,female,649,648,1,156583.75521349,8520.06641241821,0.0544121987673737,557,TRUE,region,North,414.474668279055,11.9613463228892,TRUE,2022Q2,38,14,2,0,0,1,0,0,1,1,1,12
2022,2,1,15,male,0,0,0,177106.48776162,10293.6880801438,0.0581214624616055,651,TRUE,region,North,0,12.0845064564236,TRUE,2022Q2,38,14,2,1,0,1,0,0,1,1,1,12
2022,2,1,16,male,7,6,1,170722.65718488,9282.24641782003,0.0543703253620757,619,TRUE,region,North,4.10021734398119,12.0477956309932,TRUE,2022Q2,38,14,2,0,0,1,0,0,1,1,1,12
2022,2,1,17,male,27,26,1,175282.12794014,8979.34299493989,0.0512279437753425,642,TRUE,region,North,15.4037381433552,12.0741521144292,TRUE,2022Q2,38,14,2,0,0,1,0,0,1,1,1,12
2022,2,1,18,male,136,134,2,161910.49938376,9126.01175459801,0.0563645457788846,630,TRUE,region,North,83.9970233663803,11.9947989886054,TRUE,2022Q2,38,14,2,0,0,1,0,0,1,1,1,12
2022,2,1,19,male,290,289,1,169069.18662187,9264.49072879954,0.0547970385018764,645,TRUE,region,North,171.527411821408,12.0380632984238,TRUE,2022Q2,38,14,2,0,0,1,0,0,1,1,1,12
2022,2,2,15,combined,5,5,0,942340.00872248,25502.4884579759,0.0270629371797015,2761,TRUE,region,Northeast,0.530594048190572,13.7561214318762,TRUE,2022Q2,38,14,2,1,0,1,0,0,1,1,1,12
2022,2,2,16,combined,437,436,1,924267.65661882,25144.191734229,0.027204448358836,2703,TRUE,region,Northeast,47.2806764220924,13.7367569803425,TRUE,2022Q2,38,14,2,0,0,1,0,0,1,1,1,12
2022,2,2,17,combined,611,611,0,926802.15945673,26216.4684916057,0.0282870170554773,2696,TRUE,region,Northeast,65.9256124692409,13.7394954015514,TRUE,2022Q2,38,14,2,0,0,1,0,0,1,1,1,12
2022,2,2,18,combined,1555,1554,1,924516.36948462,24199.291039974,0.0261750811978203,2671,TRUE,region,Northeast,168.196048369252,13.7370260359637,TRUE,2022Q2,38,14,2,0,0,1,0,0,1,1,1,12
2022,2,2,19,combined,2110,2105,5,899386.48953703,24295.7828021606,0.0270137288972032,2571,TRUE,region,Northeast,234.604369150147,13.709468131566,TRUE,2022Q2,38,14,2,0,0,1,0,0,1,1,1,12
2022,2,2,15,female,4,4,0,462921.76477081,17747.5356516714,0.0383380886410863,1321,TRUE,region,Northeast,0.864076892556646,13.0453133442135,TRUE,2022Q2,38,14,2,1,0,1,0,0,1,1,1,12
2022,2,2,16,female,418,418,0,451946.58891881,17165.1586397286,0.0379805026978802,1322,TRUE,region,Northeast,92.4888051484092,13.0213192857234,TRUE,2022Q2,38,14,2,0,0,1,0,0,1,1,1,12
2022,2,2,17,female,540,540,0,439867.67639432,17526.2053328235,0.0398442674317175,1266,TRUE,region,Northeast,122.764192274023,12.994229225197,TRUE,2022Q2,38,14,2,0,0,1,0,0,1,1,1,12
2022,2,2,18,female,1241,1240,1,470747.74778939,17948.3611825095,0.0381273437138982,1261,TRUE,region,Northeast,263.623141231728,13.062077662205,TRUE,2022Q2,38,14,2,0,0,1,0,0,1,1,1,12
2022,2,2,19,female,1492,1489,3,452938.53121955,16583.0714372788,0.0366121897217012,1269,TRUE,region,Northeast,329.404521179231,13.023511702586,TRUE,2022Q2,38,14,2,0,0,1,0,0,1,1,1,12
2022,2,2,15,male,1,1,0,479418.24395167,17448.9956729531,0.0363961861966857,1440,TRUE,region,Northeast,0.208586138015392,13.0803286560607,TRUE,2022Q2,38,14,2,1,0,1,0,0,1,1,1,12
2022,2,2,16,male,19,18,1,472321.06770001,17737.3792867246,0.0375536483542808,1381,TRUE,region,Northeast,4.02268738350407,13.0654142614954,TRUE,2022Q2,38,14,2,0,0,1,0,0,1,1,1,12
2022,2,2,17,male,71,71,0,486934.48306241,18711.081433389,0.0384262813257996,1430,TRUE,region,Northeast,14.5810170504807,13.0958848613152,TRUE,2022Q2,38,14,2,0,0,1,0,0,1,1,1,12
2022,2,2,18,male,314,314,0,453768.62169523,15709.6539486189,0.0346204060781669,1410,TRUE,region,Northeast,69.1982620629277,13.0253427032678,TRUE,2022Q2,38,14,2,0,0,1,0,0,1,1,1,12
2022,2,2,19,male,618,616,2,446447.95831748,16757.852059839,0.0375359585538121,1302,TRUE,region,Northeast,138.42598862565,13.0090781177856,TRUE,2022Q2,38,14,2,0,0,1,0,0,1,1,1,12
2022,2,3,15,combined,3,3,0,1095344.05090711,40438.6207432032,0.0369186473507697,1528,TRUE,region,Southeast,0.273886547109609,13.9065790736234,TRUE,2022Q2,38,14,2,1,0,1,0,0,1,1,1,12
2022,2,3,16,combined,384,384,0,1214588.89209897,41330.6708769893,0.0340285269739002,1631,TRUE,region,Southeast,31.6156357511551,14.0099162170876,TRUE,2022Q2,38,14,2,0,0,1,0,0,1,1,1,12
2022,2,3,17,combined,628,628,0,1135697.24975739,34868.8692567281,0.0307026095767836,1628,TRUE,region,Southeast,55.2964269424932,13.9427573372491,TRUE,2022Q2,38,14,2,0,0,1,0,0,1,1,1,12
2022,2,3,18,combined,2157,2154,3,1211325.54023548,39896.139947064,0.0329359355696473,1665,TRUE,region,Southeast,178.069389966027,14.007225805762,TRUE,2022Q2,38,14,2,0,0,1,0,0,1,1,1,12
2022,2,3,19,combined,3041,3033,8,1138416.43229726,38719.7478735493,0.0340119369108324,1533,TRUE,region,Southeast,267.125448449776,13.9451487602085,TRUE,2022Q2,38,14,2,0,0,1,0,0,1,1,1,12
2022,2,3,15,female,2,2,0,552536.08431282,27501.0379321182,0.0497723835834555,764,TRUE,region,Southeast,0.361967309788892,13.2222740212148,TRUE,2022Q2,38,14,2,1,0,1,0,0,1,1,1,12
2022,2,3,16,female,370,370,0,591085.28633241,29627.2345027606,0.0501234511970225,783,TRUE,region,Southeast,62.5967197214113,13.2897155944918,TRUE,2022Q2,38,14,2,0,0,1,0,0,1,1,1,12
2022,2,3,17,female,568,568,0,548921.49439806,24944.8812826603,0.0454434405233384,782,TRUE,region,Southeast,103.475634639314,13.2157107128131,TRUE,2022Q2,38,14,2,0,0,1,0,0,1,1,1,12
2022,2,3,18,female,1766,1764,2,583114.67903762,28842.36451488,0.049462593811704,783,TRUE,region,Southeast,302.856378596853,13.2761391510275,TRUE,2022Q2,38,14,2,0,0,1,0,0,1,1,1,12
2022,2,3,19,female,2180,2174,6,583172.33448521,28769.5003902275,0.0493327592702481,764,TRUE,region,Southeast,373.817458594701,13.2762380211118,TRUE,2022Q2,38,14,2,0,0,1,0,0,1,1,1,12
2022,2,3,15,male,1,1,0,542807.96659429,26448.1506433455,0.0487246913660602,764,TRUE,region,Southeast,0.184227215063597,13.2045108836854,TRUE,2022Q2,38,14,2,1,0,1,0,0,1,1,1,12
2022,2,3,16,male,14,14,0,623503.60576656,30137.8544414072,0.0483362953520606,848,TRUE,region,Southeast,2.24537594819325,13.3431098271915,TRUE,2022Q2,38,14,2,0,0,1,0,0,1,1,1,12
2022,2,3,17,male,60,60,0,586775.75535933,25406.1766995508,0.0432979319058479,846,TRUE,region,Southeast,10.2253713538756,13.2823980076955,TRUE,2022Q2,38,14,2,0,0,1,0,0,1,1,1,12
2022,2,3,18,male,391,390,1,628210.86119786,27396.5528100853,0.0436104411786929,882,TRUE,region,Southeast,62.2402483227445,13.3506311553321,TRUE,2022Q2,38,14,2,0,0,1,0,0,1,1,1,12
2022,2,3,19,male,861,859,2,555244.09781205,25606.9856982981,0.0461184293524289,769,TRUE,region,Southeast,155.066934235373,13.2271631119155,TRUE,2022Q2,38,14,2,0,0,1,0,0,1,1,1,12
2022,2,4,15,combined,20,20,0,402865.65527392,15071.2822054341,0.0374101937162816,1065,TRUE,region,South,4.96443410804066,12.9063584237483,TRUE,2022Q2,38,14,2,1,0,1,0,0,1,1,1,12
2022,2,4,16,combined,225,225,0,404234.42108705,15412.3848955352,0.0381273441635397,1053,TRUE,region,South,55.6607721319079,12.9097502388787,TRUE,2022Q2,38,14,2,0,0,1,0,0,1,1,1,12
2022,2,4,17,combined,335,335,0,406699.88238491,14912.0520307867,0.0366659855993604,1073,TRUE,region,South,82.3703213375775,12.9158308027015,TRUE,2022Q2,38,14,2,0,0,1,0,0,1,1,1,12
2022,2,4,18,combined,872,868,4,400221.51655552,14274.7089201624,0.0356670202117485,1036,TRUE,region,South,217.879340297546,12.8997734641931,TRUE,2022Q2,38,14,2,0,0,1,0,0,1,1,1,12
2022,2,4,19,combined,1094,1093,1,396944.32485998,14550.9820615635,0.0366574885954001,1010,TRUE,region,South,275.605401434043,12.8915513101874,TRUE,2022Q2,38,14,2,0,0,1,0,0,1,1,1,12
2022,2,4,15,female,17,17,0,191121.46568882,10686.5718241924,0.0559150788514362,500,TRUE,region,South,8.8948669050493,12.1606644509156,TRUE,2022Q2,38,14,2,1,0,1,0,0,1,1,1,12
2022,2,4,16,female,204,204,0,199658.39502783,10245.325277993,0.0513142724430141,526,TRUE,region,South,102.174516614523,12.2043631603318,TRUE,2022Q2,38,14,2,0,0,1,0,0,1,1,1,12
2022,2,4,17,female,292,292,0,204443.88844308,10720.5862524107,0.0524377927560083,544,TRUE,region,South,142.82647538339,12.2280488326734,TRUE,2022Q2,38,14,2,0,0,1,0,0,1,1,1,12
2022,2,4,18,female,668,666,2,192755.28417089,9817.09024615003,0.0509303300730606,484,TRUE,region,South,346.553404682683,12.1691767056848,TRUE,2022Q2,38,14,2,0,0,1,0,0,1,1,1,12
2022,2,4,19,female,755,755,0,198087.73249655,10731.5315690977,0.0541756495157245,486,TRUE,region,South,381.144248805589,12.1964653049567,TRUE,2022Q2,38,14,2,0,0,1,0,0,1,1,1,12
2022,2,4,15,male,3,3,0,211744.1895851,10814.2206300198,0.0510721009686716,565,TRUE,region,South,1.41680393019441,12.2631341721619,TRUE,2022Q2,38,14,2,1,0,1,0,0,1,1,1,12
2022,2,4,16,male,21,21,0,204576.02605922,10694.0120360038,0.0522740237065127,527,TRUE,region,South,10.2651324324391,12.2286949509481,TRUE,2022Q2,38,14,2,0,0,1,0,0,1,1,1,12
2022,2,4,17,male,43,43,0,202255.99394183,10448.3367363868,0.0516589720420935,529,TRUE,region,South,21.2601857487433,12.2172894707824,TRUE,2022Q2,38,14,2,0,0,1,0,0,1,1,1,12
2022,2,4,18,male,204,202,2,207466.23238463,10461.2738155061,0.0504239831960293,552,TRUE,region,South,98.3292546720549,12.2427238699143,TRUE,2022Q2,38,14,2,0,0,1,0,0,1,1,1,12
2022,2,4,19,male,339,338,1,198856.59236343,9829.24537383842,0.0494288132820586,524,TRUE,region,South,170.47460985374,12.20033920253,TRUE,2022Q2,38,14,2,0,0,1,0,0,1,1,1,12
2022,2,5,15,combined,1,1,0,257437.140137,11756.3351450215,0.045666818465918,747,TRUE,region,Central-West,0.388444340031058,12.458530853312,TRUE,2022Q2,38,14,2,1,0,1,0,0,1,1,1,12
2022,2,5,16,combined,163,163,0,247129.86123495,11263.1606524917,0.0455758789982228,713,TRUE,region,Central-West,65.9572255596557,12.4176692314376,TRUE,2022Q2,38,14,2,0,0,1,0,0,1,1,1,12
2022,2,5,17,combined,220,219,1,257118.47658714,10897.2967874675,0.0423823948092439,748,TRUE,region,Central-West,85.563668126915,12.4572922560438,TRUE,2022Q2,38,14,2,0,0,1,0,0,1,1,1,12
2022,2,5,18,combined,640,638,2,262321.61478887,11227.9355407644,0.0428021745360221,721,TRUE,region,Central-West,243.975320339159,12.4773265672974,TRUE,2022Q2,38,14,2,0,0,1,0,0,1,1,1,12
2022,2,5,19,combined,812,807,5,244665.97201499,10790.5182746453,0.044103060943776,700,TRUE,region,Central-West,331.881051260472,12.4076491797487,TRUE,2022Q2,38,14,2,0,0,1,0,0,1,1,1,12
2022,2,5,15,female,1,1,0,124606.03895865,7757.32284539982,0.0622547904598272,366,TRUE,region,Central-West,0.802529322300219,11.7329123509239,TRUE,2022Q2,38,14,2,1,0,1,0,0,1,1,1,12
2022,2,5,16,female,153,153,0,119139.63769243,7652.56183987284,0.0642318710052538,351,TRUE,region,Central-West,128.42073634216,11.6880515101543,TRUE,2022Q2,38,14,2,0,0,1,0,0,1,1,1,12
2022,2,5,17,female,193,193,0,134906.85707598,7747.20599318544,0.0574263322198826,385,TRUE,region,Central-West,143.061668015364,11.8123398717119,TRUE,2022Q2,38,14,2,0,0,1,0,0,1,1,1,12
2022,2,5,18,female,502,502,0,131138.8024656,8336.120640514,0.0635671554397541,351,TRUE,region,Central-West,382.800506457029,11.784011602051,TRUE,2022Q2,38,14,2,0,0,1,0,0,1,1,1,12
2022,2,5,19,female,565,562,3,113670.76636769,7313.4649708484,0.0643390134908706,319,TRUE,region,Central-West,497.049521222017,11.6410615346981,TRUE,2022Q2,38,14,2,0,0,1,0,0,1,1,1,12
2022,2,5,15,male,0,0,0,132831.10117835,8818.98392602627,0.066392462667197,381,TRUE,region,Central-West,0,11.7968336842251,TRUE,2022Q2,38,14,2,1,0,1,0,0,1,1,1,12
2022,2,5,16,male,10,10,0,127990.22354252,7792.59006358017,0.0608842601246912,362,TRUE,region,Central-West,7.81309675318902,11.7597091614107,TRUE,2022Q2,38,14,2,0,0,1,0,0,1,1,1,12
2022,2,5,17,male,27,26,1,122211.61951116,7576.80547012176,0.0619974229981452,363,TRUE,region,Central-West,22.0928256314732,11.7135094072153,TRUE,2022Q2,38,14,2,0,0,1,0,0,1,1,1,12
2022,2,5,18,male,138,136,2,131182.81232327,7999.16600521455,0.0609772413287073,370,TRUE,region,Central-West,105.196707980258,11.7843471432768,TRUE,2022Q2,38,14,2,0,0,1,0,0,1,1,1,12
2022,2,5,19,male,247,245,2,130995.2056473,7981.22409643411,0.0609276046172505,381,TRUE,region,Central-West,188.556519133257,11.7829160034013,TRUE,2022Q2,38,14,2,0,0,1,0,0,1,1,1,12
2022,3,1,15,combined,14,14,0,339140.78868709,13488.8898045475,0.0397737171537719,1295,TRUE,region,North,4.12807909487914,12.7341706060086,TRUE,2022Q3,39,15,3,1,0,1,0,0,1,1,1,13
2022,3,1,16,combined,213,213,0,335103.36510931,13473.3591343178,0.0402065766481421,1201,TRUE,region,North,63.5624771868584,12.7221943157798,TRUE,2022Q3,39,15,3,0,0,1,0,0,1,1,1,13
2022,3,1,17,combined,341,340,1,339700.63830726,13461.5623513958,0.0396277216859976,1262,TRUE,region,North,100.382501987401,12.7358200331792,TRUE,2022Q3,39,15,3,0,0,1,0,0,1,1,1,13
2022,3,1,18,combined,764,764,0,347361.82204325,13894.935364301,0.0400013314145127,1248,TRUE,region,North,219.943572240036,12.7581222305015,TRUE,2022Q3,39,15,3,0,0,1,0,0,1,1,1,13
2022,3,1,19,combined,991,991,0,333820.72175375,14050.6173679969,0.0420903091161658,1185,TRUE,region,North,296.865932945598,12.7183593666346,TRUE,2022Q3,39,15,3,0,0,1,0,0,1,1,1,13
2022,3,1,15,female,14,14,0,157799.68714733,8522.45974848187,0.0540080902728588,607,TRUE,region,North,8.87200745013447,11.9690817048022,TRUE,2022Q3,39,15,3,1,0,1,0,0,1,1,1,13
2022,3,1,16,female,200,200,0,157787.82169867,9276.24649797059,0.0587893691547729,560,TRUE,region,North,126.75249448715,11.9690065088686,TRUE,2022Q3,39,15,3,0,0,1,0,0,1,1,1,13
2022,3,1,17,female,313,313,0,162725.13542128,9113.22262752601,0.0560037796492394,594,TRUE,region,North,192.348895079837,11.9998177706497,TRUE,2022Q3,39,15,3,0,0,1,0,0,1,1,1,13
2022,3,1,18,female,623,623,0,179710.55414278,9619.97556080686,0.0535303872757735,616,TRUE,region,North,346.66856544498,12.0991028030602,TRUE,2022Q3,39,15,3,0,0,1,0,0,1,1,1,13
2022,3,1,19,female,671,671,0,166353.6452877,9732.07102364477,0.0585023009673979,547,TRUE,region,North,403.35755723269,12.0218711945681,TRUE,2022Q3,39,15,3,0,0,1,0,0,1,1,1,13
2022,3,1,15,male,0,0,0,181341.10153976,10028.7966783504,0.0553034948679386,688,TRUE,region,North,0,12.1081350756261,TRUE,2022Q3,39,15,3,1,0,1,0,0,1,1,1,13
2022,3,1,16,male,13,13,0,177315.54341064,9821.96667000022,0.05539258702918,641,TRUE,region,North,7.33156256352195,12.0856861555104,TRUE,2022Q3,39,15,3,0,0,1,0,0,1,1,1,13
2022,3,1,17,male,28,27,1,176975.50288598,9348.4701041097,0.0528235261471902,668,TRUE,region,North,15.821398749204,12.0837666002034,TRUE,2022Q3,39,15,3,0,0,1,0,0,1,1,1,13
2022,3,1,18,male,141,141,0,167651.26790047,9102.85546000708,0.0542963711160908,632,TRUE,region,North,84.1031515990132,12.0296413146482,TRUE,2022Q3,39,15,3,0,0,1,0,0,1,1,1,13
2022,3,1,19,male,320,320,0,167467.07646605,9097.81066308978,0.0543259657663765,638,TRUE,region,North,191.082334959655,12.0285420525155,TRUE,2022Q3,39,15,3,0,0,1,0,0,1,1,1,13
2022,3,2,15,combined,11,11,0,892969.67583043,24116.2317932907,0.0270067757573777,2722,TRUE,region,Northeast,1.23184474207037,13.7023079016454,TRUE,2022Q3,39,15,3,1,0,1,0,0,1,1,1,13
2022,3,2,16,combined,471,469,2,949070.11743163,25410.7593287224,0.026774375108858,2786,TRUE,region,Northeast,49.6275239678411,13.7632379604597,TRUE,2022Q3,39,15,3,0,0,1,0,0,1,1,1,13
2022,3,2,17,combined,653,651,2,919457.62213089,25106.3710665889,0.0273056315617936,2717,TRUE,region,Northeast,71.0201301596303,13.7315392340154,TRUE,2022Q3,39,15,3,0,0,1,0,0,1,1,1,13
2022,3,2,18,combined,1601,1598,3,893207.06740914,22937.8907620418,0.0256803731172617,2622,TRUE,region,Northeast,179.241752379311,13.7025737113767,TRUE,2022Q3,39,15,3,0,0,1,0,0,1,1,1,13
2022,3,2,19,combined,2189,2186,3,864030.03813053,23454.4466793599,0.0271454065764975,2537,TRUE,region,Northeast,253.347673506382,13.6693628135366,TRUE,2022Q3,39,15,3,0,0,1,0,0,1,1,1,13
2022,3,2,15,female,9,9,0,443854.01920666,16783.3018719828,0.0378126616989548,1341,TRUE,region,Northeast,2.02769370345829,13.003251001782,TRUE,2022Q3,39,15,3,1,0,1,0,0,1,1,1,13
2022,3,2,16,female,448,446,2,468146.37477517,17566.3600840098,0.0375232214335659,1336,TRUE,region,Northeast,95.6965650359152,13.0565362926121,TRUE,2022Q3,39,15,3,0,0,1,0,0,1,1,1,13
2022,3,2,17,female,569,569,0,441652.97400496,16874.1117822115,0.0382067206050829,1298,TRUE,region,Northeast,128.834182829166,12.9982797260009,TRUE,2022Q3,39,15,3,0,0,1,0,0,1,1,1,13
2022,3,2,18,female,1252,1251,1,446325.66365914,16958.7262459409,0.037996305448598,1230,TRUE,region,Northeast,280.512661928433,13.0088041521215,TRUE,2022Q3,39,15,3,0,0,1,0,0,1,1,1,13
2022,3,2,19,female,1531,1530,1,424278.18071241,15771.7760703744,0.0371731962362332,1203,TRUE,region,Northeast,360.848158024361,12.9581446056693,TRUE,2022Q3,39,15,3,0,0,1,0,0,1,1,1,13
2022,3,2,15,male,2,2,0,449115.65662377,16261.2519653138,0.0362072702776782,1381,TRUE,region,Northeast,0.445319589843519,13.0150357206899,TRUE,2022Q3,39,15,3,1,0,1,0,0,1,1,1,13
2022,3,2,16,male,23,23,0,480923.74265646,17729.6185013462,0.0368657583911616,1450,TRUE,region,Northeast,4.78246298944523,13.0834639973435,TRUE,2022Q3,39,15,3,0,0,1,0,0,1,1,1,13
2022,3,2,17,male,84,82,2,477804.64812593,18149.3821259414,0.0379849425850665,1419,TRUE,region,Northeast,17.580406622135,13.0769572420097,TRUE,2022Q3,39,15,3,0,0,1,0,0,1,1,1,13
2022,3,2,18,male,349,347,2,446881.40375,15322.1880546868,0.0342869224946728,1392,TRUE,region,Northeast,78.0967829655409,13.0100485223977,TRUE,2022Q3,39,15,3,0,0,1,0,0,1,1,1,13
2022,3,2,19,male,658,656,2,439751.85741812,16166.0839039588,0.036761831999695,1334,TRUE,region,Northeast,149.629839851789,12.9939658863956,TRUE,2022Q3,39,15,3,0,0,1,0,0,1,1,1,13
2022,3,3,15,combined,2,2,0,1082063.85678906,35729.1963903857,0.0330194897151535,1546,TRUE,region,Southeast,0.184831975252814,13.8943807540122,TRUE,2022Q3,39,15,3,1,0,1,0,0,1,1,1,13
2022,3,3,16,combined,494,493,1,1231614.18539984,41879.0878195571,0.0340034146374834,1684,TRUE,region,Southeast,40.1099634817558,14.023836212829,TRUE,2022Q3,39,15,3,0,0,1,0,0,1,1,1,13
2022,3,3,17,combined,786,786,0,1155651.92092503,36975.357262331,0.0319952371408983,1650,TRUE,region,Southeast,68.0135589071538,13.9601751764066,TRUE,2022Q3,39,15,3,0,0,1,0,0,1,1,1,13
2022,3,3,18,combined,2345,2340,5,1217133.95953918,39067.8763809366,0.0320982551466464,1645,TRUE,region,Southeast,192.665727681104,14.0120094394857,TRUE,2022Q3,39,15,3,0,0,1,0,0,1,1,1,13
2022,3,3,19,combined,3363,3351,12,1136512.30580453,39806.3469786437,0.0350250030513001,1554,TRUE,region,Southeast,295.905286975257,13.9434747500248,TRUE,2022Q3,39,15,3,0,0,1,0,0,1,1,1,13
2022,3,3,15,female,2,2,0,536667.92044187,26637.57491564,0.0496351168031577,752,TRUE,region,Southeast,0.372669936811815,13.1931347845169,TRUE,2022Q3,39,15,3,1,0,1,0,0,1,1,1,13
2022,3,3,16,female,472,472,0,607746.16371185,29438.3850381142,0.0484386192720942,812,TRUE,region,Southeast,77.6640031945621,13.3175125798785,TRUE,2022Q3,39,15,3,0,0,1,0,0,1,1,1,13
2022,3,3,17,female,715,715,0,577053.50554808,26817.3772115117,0.0464729474020625,793,TRUE,region,Southeast,123.905321278813,13.2656902717769,TRUE,2022Q3,39,15,3,0,0,1,0,0,1,1,1,13
2022,3,3,18,female,1858,1855,3,593208.10146242,27746.8456011234,0.04677421891697,795,TRUE,region,Southeast,313.212175528204,13.2933005463718,TRUE,2022Q3,39,15,3,0,0,1,0,0,1,1,1,13
2022,3,3,19,female,2381,2372,9,572198.45407971,28086.2616665074,0.0490848261931774,745,TRUE,region,Southeast,416.11437133808,13.2572411578813,TRUE,2022Q3,39,15,3,0,0,1,0,0,1,1,1,13
2022,3,3,15,male,0,0,0,545395.93634719,25010.3103047877,0.0458571629123151,794,TRUE,region,Southeast,0,13.2092672985906,TRUE,2022Q3,39,15,3,1,0,1,0,0,1,1,1,13
2022,3,3,16,male,22,21,1,623868.02168799,30234.9963205437,0.0484637700113837,872,TRUE,region,Southeast,3.5263868695297,13.3436941212764,TRUE,2022Q3,39,15,3,0,0,1,0,0,1,1,1,13
2022,3,3,17,male,71,71,0,578598.41537695,25230.9492512902,0.0436070140891286,857,TRUE,region,Southeast,12.2710325699292,13.268363932801,TRUE,2022Q3,39,15,3,0,0,1,0,0,1,1,1,13
2022,3,3,18,male,487,485,2,623925.85807676,27572.0519887724,0.0441912314289437,850,TRUE,region,Southeast,78.0541459687484,13.3437868231076,TRUE,2022Q3,39,15,3,0,0,1,0,0,1,1,1,13
2022,3,3,19,male,982,979,3,564313.85172482,26635.3422838788,0.0471995188536807,809,TRUE,region,Southeast,174.016639321988,13.243365850395,TRUE,2022Q3,39,15,3,0,0,1,0,0,1,1,1,13
2022,3,4,15,combined,17,17,0,388269.68790273,14950.3408541726,0.0385050425515524,1027,TRUE,region,South,4.37839999610242,12.8694554490691,TRUE,2022Q3,39,15,3,1,0,1,0,0,1,1,1,13
2022,3,4,16,combined,243,243,0,413961.89132199,15305.8935104555,0.036974160741164,1074,TRUE,region,South,58.7010556029633,12.9335291986237,TRUE,2022Q3,39,15,3,0,0,1,0,0,1,1,1,13
2022,3,4,17,combined,381,380,1,408265.25696331,15782.4823298902,0.0386574220086246,1056,TRUE,region,South,93.3216808194482,12.9196723817531,TRUE,2022Q3,39,15,3,0,0,1,0,0,1,1,1,13
2022,3,4,18,combined,944,941,3,405137.91194413,14065.8711559755,0.034718723529175,1063,TRUE,region,South,233.007075410455,12.9119828114426,TRUE,2022Q3,39,15,3,0,0,1,0,0,1,1,1,13
2022,3,4,19,combined,1152,1150,2,384319.56206721,14610.8093786389,0.0380173449929247,1002,TRUE,region,South,299.750549725735,12.8592296783727,TRUE,2022Q3,39,15,3,0,0,1,0,0,1,1,1,13
2022,3,4,15,female,17,17,0,184093.25817859,10325.5499895751,0.0560886916323583,473,TRUE,region,South,9.23445006525345,12.1231977461193,TRUE,2022Q3,39,15,3,1,0,1,0,0,1,1,1,13
2022,3,4,16,female,225,225,0,205323.39525323,10902.4008904882,0.0530986781951567,523,TRUE,region,South,109.583225877647,12.2323415529355,TRUE,2022Q3,39,15,3,0,0,1,0,0,1,1,1,13
2022,3,4,17,female,316,316,0,201557.76125187,10867.7988241174,0.0539190292480816,523,TRUE,region,South,156.77887968061,12.2138312756276,TRUE,2022Q3,39,15,3,0,0,1,0,0,1,1,1,13
2022,3,4,18,female,706,704,2,199325.18452649,10071.1928963413,0.0505264446149446,512,TRUE,region,South,354.195081608553,12.2026928631271,TRUE,2022Q3,39,15,3,0,0,1,0,0,1,1,1,13
2022,3,4,19,female,798,797,1,192754.09843181,10595.106929569,0.0549669605770652,480,TRUE,region,South,413.998979265443,12.1691705541402,TRUE,2022Q3,39,15,3,0,0,1,0,0,1,1,1,13
2022,3,4,15,male,0,0,0,204176.42972414,10857.7859905627,0.0531784496635214,554,TRUE,region,South,0,12.2267397506466,TRUE,2022Q3,39,15,3,1,0,1,0,0,1,1,1,13
2022,3,4,16,male,18,18,0,208638.49606876,10535.3385526829,0.0504956599630146,551,TRUE,region,South,8.6273628017659,12.2483583494351,TRUE,2022Q3,39,15,3,0,0,1,0,0,1,1,1,13
2022,3,4,17,male,65,64,1,206707.49571144,11388.1446542218,0.0550930415707781,533,TRUE,region,South,31.4454005532237,12.2390600087348,TRUE,2022Q3,39,15,3,0,0,1,0,0,1,1,1,13
2022,3,4,18,male,238,237,1,205812.72741764,10180.6640331435,0.0494656679442602,551,TRUE,region,South,115.639106962051,12.234721944093,TRUE,2022Q3,39,15,3,0,0,1,0,0,1,1,1,13
2022,3,4,19,male,354,353,1,191565.4636354,9659.65149192902,0.0504248067924911,522,TRUE,region,South,184.79322591976,12.1629848758466,TRUE,2022Q3,39,15,3,0,0,1,0,0,1,1,1,13
2022,3,5,15,combined,9,9,0,249350.24000192,11711.964284414,0.0469699338742316,707,TRUE,region,Central-West,3.60938092537256,12.426613773484,TRUE,2022Q3,39,15,3,1,0,1,0,0,1,1,1,13
2022,3,5,16,combined,183,183,0,256158.0197884,11952.6274032559,0.0466611485095386,713,TRUE,region,Central-West,71.4402774315509,12.4535497978306,TRUE,2022Q3,39,15,3,0,0,1,0,0,1,1,1,13
2022,3,5,17,combined,238,236,2,256739.24586978,11408.4265831965,0.0444358498621709,735,TRUE,region,Central-West,92.7010590818341,12.4558162413042,TRUE,2022Q3,39,15,3,0,0,1,0,0,1,1,1,13
2022,3,5,18,combined,727,720,7,251400.20812348,11015.056000347,0.0438148245085649,713,TRUE,region,Central-West,289.180349303021,12.4348014029959,TRUE,2022Q3,39,15,3,0,0,1,0,0,1,1,1,13
2022,3,5,19,combined,921,914,7,234743.54215542,11179.2564589982,0.0476232758368986,662,TRUE,region,Central-West,392.343061514434,12.366248887237,TRUE,2022Q3,39,15,3,0,0,1,0,0,1,1,1,13
2022,3,5,15,female,8,8,0,124387.3135786,7968.14480862893,0.064059143809661,353,TRUE,region,Central-West,6.4315240596822,11.7311554732074,TRUE,2022Q3,39,15,3,1,0,1,0,0,1,1,1,13
2022,3,5,16,female,172,172,0,125797.69095349,8032.66858711661,0.0638538635028401,352,TRUE,region,Central-West,136.727469873507,11.7424302681793,TRUE,2022Q3,39,15,3,0,0,1,0,0,1,1,1,13
2022,3,5,17,female,205,204,1,126148.73770668,7711.80376150252,0.0611326272596873,358,TRUE,region,Central-West,162.506580507103,11.7452169477304,TRUE,2022Q3,39,15,3,0,0,1,0,0,1,1,1,13
2022,3,5,18,female,559,556,3,124392.29720786,7648.37537485189,0.0614859243420148,340,TRUE,region,Central-West,449.384738884522,11.7311955378192,TRUE,2022Q3,39,15,3,0,0,1,0,0,1,1,1,13
2022,3,5,19,female,637,634,3,116778.06416627,8342.2050971162,0.071436405087504,311,TRUE,region,Central-West,545.479157021332,11.6680305249427,TRUE,2022Q3,39,15,3,0,0,1,0,0,1,1,1,13
2022,3,5,15,male,1,1,0,124962.92642332,8332.37267665285,0.0666787575734774,354,TRUE,region,Central-West,0.800237341283474,11.7357723836799,TRUE,2022Q3,39,15,3,1,0,1,0,0,1,1,1,13
2022,3,5,16,male,11,11,0,130360.32883491,7980.57815996718,0.061219377331227,361,TRUE,region,Central-West,8.43814993281472,11.7780576554622,TRUE,2022Q3,39,15,3,0,0,1,0,0,1,1,1,13
2022,3,5,17,male,33,32,1,130590.5081631,7998.07041216913,0.061245419170741,377,TRUE,region,Central-West,25.2698304525968,11.7798218144934,TRUE,2022Q3,39,15,3,0,0,1,0,0,1,1,1,13
2022,3,5,18,male,168,164,4,127007.91091562,7847.19470748956,0.0617850860699771,373,TRUE,region,Central-West,132.275225053984,11.7520046541749,TRUE,2022Q3,39,15,3,0,0,1,0,0,1,1,1,13
2022,3,5,19,male,284,280,4,117965.47798915,7569.84261546746,0.064169982138026,351,TRUE,region,Central-West,240.748399312315,11.67814730123,TRUE,2022Q3,39,15,3,0,0,1,0,0,1,1,1,13
2022,4,1,15,combined,5,5,0,336643.52373327,14970.6997417481,0.0444704819380684,1237,TRUE,region,North,1.48525061303767,12.7267798564002,TRUE,2022Q4,40,16,4,1,0,1,0,0,1,1,1,14
2022,4,1,16,combined,253,252,1,346912.44015648,15456.5345966242,0.0445545699936626,1208,TRUE,region,North,72.9290652955197,12.7568276932445,TRUE,2022Q4,40,16,4,0,0,1,0,0,1,1,1,14
2022,4,1,17,combined,361,361,0,351030.34295157,13343.4860931372,0.0380123438359803,1287,TRUE,region,North,102.840112613799,12.7686279458671,TRUE,2022Q4,40,16,4,0,0,1,0,0,1,1,1,14
2022,4,1,18,combined,867,865,2,342870.83613231,14394.8551675521,0.0419833174787643,1199,TRUE,region,North,252.864900899718,12.7451090841846,TRUE,2022Q4,40,16,4,0,0,1,0,0,1,1,1,14
2022,4,1,19,combined,1017,1014,3,328600.50521234,14463.5475187661,0.0440155973266682,1126,TRUE,region,North,309.494350698828,12.7025980220532,TRUE,2022Q4,40,16,4,0,0,1,0,0,1,1,1,14
2022,4,1,15,female,4,4,0,162852.05153732,9090.11707631392,0.0558182533809271,593,TRUE,region,North,2.45621713834126,12.0005974083365,TRUE,2022Q4,40,16,4,1,0,1,0,0,1,1,1,14
2022,4,1,16,female,237,237,0,172033.18023551,9722.48321200649,0.0565151629394783,592,TRUE,region,North,137.764121825541,12.0554426455372,TRUE,2022Q4,40,16,4,0,0,1,0,0,1,1,1,14
2022,4,1,17,female,326,326,0,165414.63490792,9418.35031142611,0.0569378296948692,588,TRUE,region,North,197.080506317637,12.0162105395675,TRUE,2022Q4,40,16,4,0,0,1,0,0,1,1,1,14
2022,4,1,18,female,675,675,0,184933.40257719,10131.2357261703,0.0547831575312177,609,TRUE,region,North,364.996258433227,12.1277510531807,TRUE,2022Q4,40,16,4,0,0,1,0,0,1,1,1,14
2022,4,1,19,female,699,698,1,162246.89897491,9658.47833436123,0.0595295096262815,541,TRUE,region,North,430.824875184883,11.9968745217483,TRUE,2022Q4,40,16,4,0,0,1,0,0,1,1,1,14
2022,4,1,15,male,1,1,0,173791.47219595,10929.4634417726,0.0628883759581114,644,TRUE,region,North,0.575402226222297,12.0656114238429,TRUE,2022Q4,40,16,4,1,0,1,0,0,1,1,1,14
2022,4,1,16,male,16,15,1,174879.25992097,10115.1961782054,0.0578410280485895,616,TRUE,region,North,9.14916955116952,12.0718510714765,TRUE,2022Q4,40,16,4,0,0,1,0,0,1,1,1,14
2022,4,1,17,male,35,35,0,185615.70804365,9155.36089123454,0.0493242785738885,699,TRUE,region,North,18.8561627509291,12.1314337296089,TRUE,2022Q4,40,16,4,0,0,1,0,0,1,1,1,14
2022,4,1,18,male,192,190,2,157937.43355512,9679.00423634178,0.0612837882601392,590,TRUE,region,North,121.567126727428,11.9699542434268,TRUE,2022Q4,40,16,4,0,0,1,0,0,1,1,1,14
2022,4,1,19,male,318,316,2,166353.60623743,9605.67537855765,0.057742513647993,585,TRUE,region,North,191.159066035594,12.0218709598256,TRUE,2022Q4,40,16,4,0,0,1,0,0,1,1,1,14
2022,4,2,15,combined,8,8,0,907677.0171069,23045.964096215,0.0253900491715335,2689,TRUE,region,Northeast,0.881370779387908,13.7186438862723,TRUE,2022Q4,40,16,4,1,0,1,0,0,1,1,1,14
2022,4,2,16,combined,524,523,1,937968.78750593,25193.5191502939,0.0268596561909952,2698,TRUE,region,Northeast,55.8653983991644,13.7514719518547,TRUE,2022Q4,40,16,4,0,0,1,0,0,1,1,1,14
2022,4,2,17,combined,845,845,0,945254.91592342,25016.4954424199,0.0264653428625454,2697,TRUE,region,Northeast,89.393875214552,13.7592099223992,TRUE,2022Q4,40,16,4,0,0,1,0,0,1,1,1,14
2022,4,2,18,combined,1996,1993,3,889287.02486019,24972.7494856894,0.0280817652653995,2519,TRUE,region,Northeast,224.449468416994,13.698175324997,TRUE,2022Q4,40,16,4,0,0,1,0,0,1,1,1,14
2022,4,2,19,combined,2747,2743,4,890290.17383467,23646.1068219552,0.0265599997808651,2526,TRUE,region,Northeast,308.551086009192,13.699302726586,TRUE,2022Q4,40,16,4,0,0,1,0,0,1,1,1,14
2022,4,2,15,female,8,8,0,465228.01912932,17225.7432154834,0.0370264526365407,1349,TRUE,region,Northeast,1.71958688450711,13.0502829280995,TRUE,2022Q4,40,16,4,1,0,1,0,0,1,1,1,14
2022,4,2,16,female,488,488,0,435034.45461255,17694.7596508892,0.0406743867371344,1272,TRUE,region,Northeast,112.175023110439,12.9831805129401,TRUE,2022Q4,40,16,4,0,0,1,0,0,1,1,1,14
2022,4,2,17,female,748,748,0,456761.89650722,17616.0209851458,0.0385671859230214,1277,TRUE,region,Northeast,163.761470849436,13.0319175198939,TRUE,2022Q4,40,16,4,0,0,1,0,0,1,1,1,14
2022,4,2,18,female,1576,1574,2,420491.60362091,16738.8274551467,0.0398077567090673,1165,TRUE,region,Northeast,374.79939823503,12.949179790588,TRUE,2022Q4,40,16,4,0,0,1,0,0,1,1,1,14
2022,4,2,19,female,1951,1950,1,441686.05137945,16597.9638864712,0.0375786462683921,1188,TRUE,region,Northeast,441.716462158301,12.998354617687,TRUE,2022Q4,40,16,4,0,0,1,0,0,1,1,1,14
2022,4,2,15,male,0,0,0,442448.99797758,15928.3118718045,0.0360003343766452,1340,TRUE,region,Northeast,0,13.0000804779796,TRUE,2022Q4,40,16,4,1,0,1,0,0,1,1,1,14
2022,4,2,16,male,36,35,1,502934.33289338,17803.3278196123,0.0353989112598256,1426,TRUE,region,Northeast,7.15799213644694,13.1282148896516,TRUE,2022Q4,40,16,4,0,0,1,0,0,1,1,1,14
2022,4,2,17,male,97,97,0,488493.0194162,17866.2193580153,0.0365741548965577,1420,TRUE,region,Northeast,19.8569879495771,13.0990804605291,TRUE,2022Q4,40,16,4,0,0,1,0,0,1,1,1,14
2022,4,2,18,male,420,419,1,468795.42123928,17605.8739035692,0.0375555585782544,1354,TRUE,region,Northeast,89.5913187227198,13.0579217502162,TRUE,2022Q4,40,16,4,0,0,1,0,0,1,1,1,14
2022,4,2,19,male,796,793,3,448604.12245522,15766.6625378368,0.0351460491525257,1338,TRUE,region,Northeast,177.439296733047,13.0138960906275,TRUE,2022Q4,40,16,4,0,0,1,0,0,1,1,1,14
2022,4,3,15,combined,6,6,0,1099681.84683544,45065.4638724221,0.0409804563038912,1488,TRUE,region,Southeast,0.545612352997026,13.9105314657839,TRUE,2022Q4,40,16,4,1,0,1,0,0,1,1,1,14
2022,4,3,16,combined,498,498,0,1200167.25150564,41651.1446323199,0.0347044502173072,1633,TRUE,region,Southeast,41.4942166914858,13.997971481301,TRUE,2022Q4,40,16,4,0,0,1,0,0,1,1,1,14
2022,4,3,17,combined,937,937,0,1132267.24652152,36129.7647543852,0.0319092200762504,1591,TRUE,region,Southeast,82.7543146618956,13.9397325933815,TRUE,2022Q4,40,16,4,0,0,1,0,0,1,1,1,14
2022,4,3,18,combined,2713,2702,11,1135974.01762974,37613.9408719259,0.0331116207661238,1574,TRUE,region,Southeast,238.825884914234,13.9430010061969,TRUE,2022Q4,40,16,4,0,0,1,0,0,1,1,1,14
2022,4,3,19,combined,3856,3846,10,1132693.66448079,40202.4884972681,0.0354928165998847,1517,TRUE,region,Southeast,340.427436024155,13.9401091278835,TRUE,2022Q4,40,16,4,0,0,1,0,0,1,1,1,14
2022,4,3,15,female,4,4,0,556050.05200914,37777.3644024098,0.0679387840463485,718,TRUE,region,Southeast,0.719359702520853,13.2286135907802,TRUE,2022Q4,40,16,4,1,0,1,0,0,1,1,1,14
2022,4,3,16,female,475,475,0,585130.19445187,28250.5761331285,0.0482808380100649,773,TRUE,region,Southeast,81.17851454324,13.279589656071,TRUE,2022Q4,40,16,4,0,0,1,0,0,1,1,1,14
2022,4,3,17,female,834,834,0,550586.33571352,24982.2056838897,0.0453738207133575,772,TRUE,region,Southeast,151.474881576782,13.2187390542986,TRUE,2022Q4,40,16,4,0,0,1,0,0,1,1,1,14
2022,4,3,18,female,2197,2189,8,569684.01136038,26683.3024350531,0.0468387771166942,772,TRUE,region,Southeast,385.652389076826,13.2528371200587,TRUE,2022Q4,40,16,4,0,0,1,0,0,1,1,1,14
2022,4,3,19,female,2773,2768,5,586320.17797451,30207.3093489398,0.0515201599462146,745,TRUE,region,Southeast,472.94978139411,13.2816212981447,TRUE,2022Q4,40,16,4,0,0,1,0,0,1,1,1,14
2022,4,3,15,male,2,2,0,543631.7948263,25657.2912238686,0.0471960828414508,770,TRUE,region,Southeast,0.367896068448137,13.2060274489275,TRUE,2022Q4,40,16,4,1,0,1,0,0,1,1,1,14
2022,4,3,16,male,23,23,0,615037.05705377,29617.4254208321,0.0481555136900357,860,TRUE,region,Southeast,3.73961206665783,13.3294378003454,TRUE,2022Q4,40,16,4,0,0,1,0,0,1,1,1,14
2022,4,3,17,male,103,103,0,581680.910808,26009.7028215268,0.0447147264733122,819,TRUE,region,Southeast,17.7073027644873,13.2736773131458,TRUE,2022Q4,40,16,4,0,0,1,0,0,1,1,1,14
2022,4,3,18,male,516,513,3,566290.00626936,26034.3537691049,0.0459735356105181,802,TRUE,region,Southeast,91.1193901159119,13.246861604532,TRUE,2022Q4,40,16,4,0,0,1,0,0,1,1,1,14
2022,4,3,19,male,1083,1078,5,546373.48650628,25890.092948418,0.0473853391275793,772,TRUE,region,Southeast,198.216060395814,13.2110580620978,TRUE,2022Q4,40,16,4,0,0,1,0,0,1,1,1,14
2022,4,4,15,combined,18,18,0,395667.92475222,16287.2536784327,0.0411639474911501,1020,TRUE,region,South,4.54926944388332,12.8883305645788,TRUE,2022Q4,40,16,4,1,0,1,0,0,1,1,1,14
2022,4,4,16,combined,268,268,0,411563.26465653,15366.3334829503,0.0373365040142109,1032,TRUE,region,South,65.1175707393757,12.9277180288534,TRUE,2022Q4,40,16,4,0,0,1,0,0,1,1,1,14
2022,4,4,17,combined,409,409,0,401000.05245934,15506.8085585447,0.0386703404736263,1017,TRUE,region,South,101.99499912571,12.90171683711,TRUE,2022Q4,40,16,4,0,0,1,0,0,1,1,1,14
2022,4,4,18,combined,1116,1110,6,428032.03181632,15318.0753457731,0.0357872173275726,1080,TRUE,region,South,260.728150476109,12.9669533124558,TRUE,2022Q4,40,16,4,0,0,1,0,0,1,1,1,14
2022,4,4,19,combined,1422,1419,3,385584.05211724,15131.6945709473,0.0392435695611871,966,TRUE,region,South,368.791186303429,12.8625144822461,TRUE,2022Q4,40,16,4,0,0,1,0,0,1,1,1,14
2022,4,4,15,female,15,15,0,179670.3568071,10542.5597678271,0.0586772351053208,465,TRUE,region,South,8.34862259226462,12.0988790998271,TRUE,2022Q4,40,16,4,1,0,1,0,0,1,1,1,14
2022,4,4,16,female,249,249,0,208799.31701013,10989.381915386,0.052631311599802,514,TRUE,region,South,119.253263643539,12.249128863961,TRUE,2022Q4,40,16,4,0,0,1,0,0,1,1,1,14
2022,4,4,17,female,353,353,0,184383.84908726,10176.0989071495,0.0551897520174536,477,TRUE,region,South,191.448438541351,12.124774999974,TRUE,2022Q4,40,16,4,0,0,1,0,0,1,1,1,14
2022,4,4,18,female,855,852,3,204419.29883241,10844.8691676627,0.0530520808436667,514,TRUE,region,South,418.257965311269,12.227928549843,TRUE,2022Q4,40,16,4,0,0,1,0,0,1,1,1,14
2022,4,4,19,female,1009,1007,2,188406.43634571,10897.9793345163,0.0578429248272569,458,TRUE,region,South,535.54433679143,12.1463568037346,TRUE,2022Q4,40,16,4,0,0,1,0,0,1,1,1,14
2022,4,4,15,male,3,3,0,215997.56794512,11731.2829991738,0.0543121068944369,555,TRUE,region,South,1.38890452727793,12.2830224270896,TRUE,2022Q4,40,16,4,1,0,1,0,0,1,1,1,14
2022,4,4,16,male,19,19,0,202763.9476464,10598.9896913359,0.0522725554240019,518,TRUE,region,South,9.37050211368645,12.2197977619489,TRUE,2022Q4,40,16,4,0,0,1,0,0,1,1,1,14
2022,4,4,17,male,56,56,0,216616.20337208,11666.3486932903,0.0538572300302537,540,TRUE,region,South,25.8521750119539,12.2858824185631,TRUE,2022Q4,40,16,4,0,0,1,0,0,1,1,1,14
2022,4,4,18,male,261,258,3,223612.73298391,10906.8596005655,0.0487756643149223,566,TRUE,region,South,116.719650315611,12.3176709640081,TRUE,2022Q4,40,16,4,0,0,1,0,0,1,1,1,14
2022,4,4,19,male,413,412,1,197177.61577153,10532.0361895316,0.0534139544609115,508,TRUE,region,South,209.455824072112,12.1918602044215,TRUE,2022Q4,40,16,4,0,0,1,0,0,1,1,1,14
2022,4,5,15,combined,11,11,0,242772.94134456,12973.0069549123,0.0534367911146247,656,TRUE,region,Central-West,4.53098271128496,12.399881887742,TRUE,2022Q4,40,16,4,1,0,1,0,0,1,1,1,14
2022,4,5,16,combined,177,175,2,260388.24517956,12424.9687764307,0.0477170878733894,696,TRUE,region,Central-West,67.9754187359507,12.4699290468981,TRUE,2022Q4,40,16,4,0,0,1,0,0,1,1,1,14
2022,4,5,17,combined,281,279,2,268898.17620923,12933.783488716,0.0480991863576352,707,TRUE,region,Central-West,104.500522822942,12.5020880598213,TRUE,2022Q4,40,16,4,0,0,1,0,0,1,1,1,14
2022,4,5,18,combined,755,753,2,242144.82270818,10939.0096012169,0.0451754841539604,659,TRUE,region,Central-West,311.796879056087,12.3972912670873,TRUE,2022Q4,40,16,4,0,0,1,0,0,1,1,1,14
2022,4,5,19,combined,1005,997,8,227685.03632789,10389.8359694708,0.0456324936282084,618,TRUE,region,Central-West,441.399231240079,12.3357185332823,TRUE,2022Q4,40,16,4,0,0,1,0,0,1,1,1,14
2022,4,5,15,female,11,11,0,121102.36181545,8629.86593258375,0.0712609217790067,314,TRUE,region,Central-West,9.08322499668759,11.7043914323688,TRUE,2022Q4,40,16,4,1,0,1,0,0,1,1,1,14
2022,4,5,16,female,166,165,1,126814.69188287,8508.35075980995,0.0670927842309354,339,TRUE,region,Central-West,130.899659601998,11.7504821808574,TRUE,2022Q4,40,16,4,0,0,1,0,0,1,1,1,14
2022,4,5,17,female,243,243,0,138182.73400321,9068.50162854969,0.0656268794648326,359,TRUE,region,Central-West,175.854097657639,11.8363322476569,TRUE,2022Q4,40,16,4,0,0,1,0,0,1,1,1,14
2022,4,5,18,female,571,570,1,114258.21752453,7196.28651191155,0.0629826603969783,316,TRUE,region,Central-West,499.745237035063,11.6462162319864,TRUE,2022Q4,40,16,4,0,0,1,0,0,1,1,1,14
2022,4,5,19,female,698,696,2,109659.69946226,7318.22765446687,0.0667357989339145,300,TRUE,region,Central-West,636.514602376984,11.605137208322,TRUE,2022Q4,40,16,4,0,0,1,0,0,1,1,1,14
2022,4,5,15,male,0,0,0,121670.57952911,8308.0684543413,0.0682832981193582,342,TRUE,region,Central-West,0,11.7090725038926,TRUE,2022Q4,40,16,4,1,0,1,0,0,1,1,1,14
2022,4,5,16,male,11,10,1,133573.55329669,8575.92327630872,0.0642037519003489,357,TRUE,region,Central-West,8.23516312062695,11.802407566123,TRUE,2022Q4,40,16,4,0,0,1,0,0,1,1,1,14
2022,4,5,17,male,38,36,2,130715.44220602,8619.83428419034,0.0659435039863512,348,TRUE,region,Central-West,29.0707810482777,11.780778042641,TRUE,2022Q4,40,16,4,0,0,1,0,0,1,1,1,14
2022,4,5,18,male,184,183,1,127886.60518365,8060.96222127701,0.0630321073086674,343,TRUE,region,Central-West,143.877460611116,11.7588992532604,TRUE,2022Q4,40,16,4,0,0,1,0,0,1,1,1,14
2022,4,5,19,male,307,301,6,118025.33686563,7691.041268392,0.0651643238023385,318,TRUE,region,Central-West,260.113640132639,11.6786545995992,TRUE,2022Q4,40,16,4,0,0,1,0,0,1,1,1,14
2023,1,1,15,combined,1,1,0,332244.6630364,12386.3354640134,0.037280765779092,1218,TRUE,region,North,0.30098301380102,12.7136269133506,TRUE,2023Q1,41,17,1,1,0,1,0,0,1,1,1,15
2023,1,1,16,combined,172,172,0,342585.02576625,14060.2490067268,0.041041633315054,1194,TRUE,region,North,50.2065143143057,12.7442751562878,TRUE,2023Q1,41,17,1,0,0,1,0,0,1,1,1,15
2023,1,1,17,combined,271,271,0,340821.65282169,14507.32924653,0.0425657499352597,1256,TRUE,region,North,79.5137274161924,12.7391146071939,TRUE,2023Q1,41,17,1,0,0,1,0,0,1,1,1,15
2023,1,1,18,combined,601,601,0,320803.10988546,13263.9291310322,0.0413460116885025,1154,TRUE,region,North,187.342323525038,12.6785828490842,TRUE,2023Q1,41,17,1,0,0,1,0,0,1,1,1,15
2023,1,1,19,combined,689,688,1,322741.44230679,13527.1508686113,0.0419132751341947,1066,TRUE,region,North,213.483584591858,12.6846067934288,TRUE,2023Q1,41,17,1,0,0,1,0,0,1,1,1,15
2023,1,1,15,female,1,1,0,173506.45572843,9170.13697553319,0.05285184886657,615,TRUE,region,North,0.576347430878991,12.0639700864862,TRUE,2023Q1,41,17,1,1,0,1,0,0,1,1,1,15
2023,1,1,16,female,167,167,0,158115.08810584,8694.96714260998,0.0549913815738425,555,TRUE,region,North,105.619268850682,11.9710784525836,TRUE,2023Q1,41,17,1,0,0,1,0,0,1,1,1,15
2023,1,1,17,female,238,238,0,170449.53688829,9694.88246950329,0.056878315110103,588,TRUE,region,North,139.630769519768,12.0461945605679,TRUE,2023Q1,41,17,1,0,0,1,0,0,1,1,1,15
2023,1,1,18,female,492,492,0,167731.49569884,9546.63757617987,0.0569161893918883,552,TRUE,region,North,293.32594808752,12.0301197399497,TRUE,2023Q1,41,17,1,0,0,1,0,0,1,1,1,15
2023,1,1,19,female,486,485,1,156258.40805592,9004.29384511716,0.0576243797511031,511,TRUE,region,North,311.02326335366,11.9592663777087,TRUE,2023Q1,41,17,1,0,0,1,0,0,1,1,1,15
2023,1,1,15,male,0,0,0,158738.20730797,8530.90411915946,0.0537419709081667,603,TRUE,region,North,0,11.9750116293215,TRUE,2023Q1,41,17,1,1,0,1,0,0,1,1,1,15
2023,1,1,16,male,5,5,0,184469.93766041,10337.8561694578,0.0560408720280954,639,TRUE,region,North,2.71046874271974,12.1252417896767,TRUE,2023Q1,41,17,1,0,0,1,0,0,1,1,1,15
2023,1,1,17,male,33,33,0,170372.1159334,9702.73520145213,0.0569502535570141,668,TRUE,region,North,19.3693667647469,12.0457402410986,TRUE,2023Q1,41,17,1,0,0,1,0,0,1,1,1,15
2023,1,1,18,male,109,109,0,153071.61418662,8451.31436645243,0.0552115061395306,602,TRUE,region,North,71.2084997464721,11.9386611574448,TRUE,2023Q1,41,17,1,0,0,1,0,0,1,1,1,15
2023,1,1,19,male,203,203,0,166483.03425087,9274.22162462954,0.0557067070909724,555,TRUE,region,North,121.934346591799,12.0226486868197,TRUE,2023Q1,41,17,1,0,0,1,0,0,1,1,1,15
2023,1,2,15,combined,2,2,0,901463.29545347,24290.4269823613,0.0269455529746691,2591,TRUE,region,Northeast,0.221861501193338,13.7117746058254,TRUE,2023Q1,41,17,1,1,0,1,0,0,1,1,1,15
2023,1,2,16,combined,410,409,1,966927.78520076,26627.9417787838,0.0275387078397536,2689,TRUE,region,Northeast,42.4023392724073,13.7818790924335,TRUE,2023Q1,41,17,1,0,0,1,0,0,1,1,1,15
2023,1,2,17,combined,615,615,0,947130.16687386,24932.7892154283,0.0263245645503222,2685,TRUE,region,Northeast,64.9329966999041,13.7611918145429,TRUE,2023Q1,41,17,1,0,0,1,0,0,1,1,1,15
2023,1,2,18,combined,1520,1517,3,893497.81107097,24228.6358837871,0.0271166147063595,2452,TRUE,region,Northeast,170.117932150062,13.702899163742,TRUE,2023Q1,41,17,1,0,0,1,0,0,1,1,1,15
2023,1,2,19,combined,2081,2078,3,861565.40825177,22948.230121163,0.0266355054432001,2420,TRUE,region,Northeast,241.537088196545,13.6665062557497,TRUE,2023Q1,41,17,1,0,0,1,0,0,1,1,1,15
2023,1,2,15,female,2,2,0,450944.06947202,16875.9642242202,0.0374236304825545,1268,TRUE,region,Northeast,0.443513982197762,13.0190985963199,TRUE,2023Q1,41,17,1,1,0,1,0,0,1,1,1,15
2023,1,2,16,female,391,391,0,471256.86763423,18652.0750958643,0.0395794234034192,1278,TRUE,region,Northeast,82.9696131459835,13.0631585908673,TRUE,2023Q1,41,17,1,0,0,1,0,0,1,1,1,15
2023,1,2,17,female,549,549,0,464230.93937986,16714.8492752637,0.036005461629921,1274,TRUE,region,Northeast,118.260105785577,13.0481374215705,TRUE,2023Q1,41,17,1,0,0,1,0,0,1,1,1,15
2023,1,2,18,female,1224,1223,1,427656.71326741,16744.046237773,0.0391530068821884,1142,TRUE,region,Northeast,286.210870080424,12.9660760809271,TRUE,2023Q1,41,17,1,0,0,1,0,0,1,1,1,15
2023,1,2,19,female,1438,1435,3,442898.17380392,16867.7934499944,0.0380850372561304,1174,TRUE,region,Northeast,324.679595684364,13.0010951666332,TRUE,2023Q1,41,17,1,0,0,1,0,0,1,1,1,15
2023,1,2,15,male,0,0,0,450519.22598145,16960.5184990076,0.0376466031212305,1323,TRUE,region,Northeast,0,13.0181560321042,TRUE,2023Q1,41,17,1,1,0,1,0,0,1,1,1,15
2023,1,2,16,male,19,18,1,495670.91756653,17949.7050863891,0.0362129478455428,1411,TRUE,region,Northeast,3.83318837693353,13.1136675128636,TRUE,2023Q1,41,17,1,0,0,1,0,0,1,1,1,15
2023,1,2,17,male,66,66,0,482899.227494,17557.6746209519,0.0363588790813919,1411,TRUE,region,Northeast,13.6674478322333,13.0875632721378,TRUE,2023Q1,41,17,1,0,0,1,0,0,1,1,1,15
2023,1,2,18,male,296,294,2,465841.09780356,17241.5417160918,0.037011637224336,1310,TRUE,region,Northeast,63.5409802603591,13.051599863119,TRUE,2023Q1,41,17,1,0,0,1,0,0,1,1,1,15
2023,1,2,19,male,643,643,0,418667.23444785,14826.3566732626,0.0354132242825642,1246,TRUE,region,Northeast,153.582594264394,12.9448316935065,TRUE,2023Q1,41,17,1,0,0,1,0,0,1,1,1,15
2023,1,3,15,combined,1,1,0,1119910.16168561,38224.9100427616,0.0341321217991523,1502,TRUE,region,Southeast,0.0892928767156528,13.9287590272734,TRUE,2023Q1,41,17,1,1,0,1,0,0,1,1,1,15
2023,1,3,16,combined,399,399,0,1169814.88132658,39258.4302528671,0.0335595237157076,1551,TRUE,region,Southeast,34.1079607012291,13.9723560731673,TRUE,2023Q1,41,17,1,0,0,1,0,0,1,1,1,15
2023,1,3,17,combined,631,631,0,1153290.91589162,38195.5047000232,0.0331187076683891,1586,TRUE,region,Southeast,54.712994900525,13.9581300795608,TRUE,2023Q1,41,17,1,0,0,1,0,0,1,1,1,15
2023,1,3,18,combined,2120,2117,3,1128900.82104499,37228.4317625881,0.0329775929546467,1552,TRUE,region,Southeast,187.793290648649,13.9367549925458,TRUE,2023Q1,41,17,1,0,0,1,0,0,1,1,1,15
2023,1,3,19,combined,2870,2858,12,1150721.51983201,39110.478228728,0.0339877872749244,1520,TRUE,region,Southeast,249.408736217863,13.9558997121505,TRUE,2023Q1,41,17,1,0,0,1,0,0,1,1,1,15
2023,1,3,15,female,1,1,0,545162.26535121,26365.927664791,0.0483634494544579,716,TRUE,region,Southeast,0.183431624592683,13.2088387639206,TRUE,2023Q1,41,17,1,1,0,1,0,0,1,1,1,15
2023,1,3,16,female,376,376,0,581651.64152641,28897.1398494943,0.0496811799132217,746,TRUE,region,Southeast,64.6435036292987,13.2736269934302,TRUE,2023Q1,41,17,1,0,0,1,0,0,1,1,1,15
2023,1,3,17,female,575,575,0,580696.51236993,26718.0911862971,0.0460104213081212,775,TRUE,region,Southeast,99.0190207365494,13.2719835454353,TRUE,2023Q1,41,17,1,0,0,1,0,0,1,1,1,15
2023,1,3,18,female,1660,1658,2,518869.68587264,25534.560848082,0.0492118956711408,726,TRUE,region,Southeast,319.926186708749,13.1594080436698,TRUE,2023Q1,41,17,1,0,0,1,0,0,1,1,1,15
2023,1,3,19,female,2030,2021,9,591462.62006315,28853.0602373059,0.0487825591315058,752,TRUE,region,Southeast,343.216955922465,13.2903537652442,TRUE,2023Q1,41,17,1,0,0,1,0,0,1,1,1,15
2023,1,3,15,male,0,0,0,574747.8963344,27282.6244486011,0.0474688548189615,786,TRUE,region,Southeast,0,13.2616867824785,TRUE,2023Q1,41,17,1,1,0,1,0,0,1,1,1,15
2023,1,3,16,male,23,23,0,588163.23980017,27650.2395376009,0.0470111657216033,805,TRUE,region,Southeast,3.91047900372256,13.2847598070596,TRUE,2023Q1,41,17,1,0,0,1,0,0,1,1,1,15
2023,1,3,17,male,56,56,0,572594.40352169,27380.6726091751,0.0478186172284828,811,TRUE,region,Southeast,9.78004668847217,13.2579328977976,TRUE,2023Q1,41,17,1,0,0,1,0,0,1,1,1,15
2023,1,3,18,male,460,459,1,610031.13517235,26588.4904311356,0.0435854645740723,826,TRUE,region,Southeast,75.4059872485095,13.3212652761131,TRUE,2023Q1,41,17,1,0,0,1,0,0,1,1,1,15
2023,1,3,19,male,840,837,3,559258.89976886,26461.874106622,0.0473159642476116,768,TRUE,region,Southeast,150.198772044069,13.2343677929832,TRUE,2023Q1,41,17,1,0,0,1,0,0,1,1,1,15
2023,1,4,15,combined,8,8,0,417789.57303339,17647.7735698806,0.0422408186057583,1052,TRUE,region,South,1.91483955473456,12.9427331709559,TRUE,2023Q1,41,17,1,1,0,1,0,0,1,1,1,15
2023,1,4,16,combined,212,211,1,402768.76591759,14893.8121279222,0.0369785678241237,1012,TRUE,region,South,52.635660443287,12.9061178944108,TRUE,2023Q1,41,17,1,0,0,1,0,0,1,1,1,15
2023,1,4,17,combined,331,331,0,411609.89187886,16223.7676684051,0.0394153979010297,1011,TRUE,region,South,80.4159488220987,12.9278313154007,TRUE,2023Q1,41,17,1,0,0,1,0,0,1,1,1,15
2023,1,4,18,combined,806,804,2,429291.08466159,15456.9324552273,0.0360057150206416,1092,TRUE,region,South,187.751394985379,12.9698904868449,TRUE,2023Q1,41,17,1,0,0,1,0,0,1,1,1,15
2023,1,4,19,combined,1045,1042,3,361978.02044712,14308.4700790773,0.0395285604949254,898,TRUE,region,South,288.691561633826,12.7993387719677,TRUE,2023Q1,41,17,1,0,0,1,0,0,1,1,1,15
2023,1,4,15,female,8,8,0,177181.26508621,10308.8136138182,0.0581823005316183,456,TRUE,region,South,4.51515006177854,12.0849285840591,TRUE,2023Q1,41,17,1,1,0,1,0,0,1,1,1,15
2023,1,4,16,female,197,197,0,203976.04276011,11105.0785933016,0.0544430534244749,491,TRUE,region,South,96.5799695563688,12.2257578284796,TRUE,2023Q1,41,17,1,0,0,1,0,0,1,1,1,15
2023,1,4,17,female,274,274,0,193197.2337625,10724.2778129038,0.0555094791164933,476,TRUE,region,South,141.823976805399,12.1714668826586,TRUE,2023Q1,41,17,1,0,0,1,0,0,1,1,1,15
2023,1,4,18,female,586,586,0,208516.75219713,11026.6571210981,0.0528813968417923,517,TRUE,region,South,281.032575956296,12.2477746632626,TRUE,2023Q1,41,17,1,0,0,1,0,0,1,1,1,15
2023,1,4,19,female,704,704,0,177370.07826125,9980.33084938521,0.0562684019042101,423,TRUE,region,South,396.910238131074,12.0859936664311,TRUE,2023Q1,41,17,1,0,0,1,0,0,1,1,1,15
2023,1,4,15,male,0,0,0,240608.30794718,13727.8002569043,0.0570545563202993,596,TRUE,region,South,0,12.3909256120478,TRUE,2023Q1,41,17,1,1,0,1,0,0,1,1,1,15
2023,1,4,16,male,15,14,1,198792.72315748,9972.40597095988,0.0501648441279207,521,TRUE,region,South,7.5455478257709,12.2000179686991,TRUE,2023Q1,41,17,1,0,0,1,0,0,1,1,1,15
2023,1,4,17,male,57,57,0,218412.65811636,11817.6164062778,0.0541068292845094,535,TRUE,region,South,26.0973885358023,12.2941414795816,TRUE,2023Q1,41,17,1,0,0,1,0,0,1,1,1,15
2023,1,4,18,male,220,218,2,220774.33246446,11339.1126212554,0.0513606472939092,575,TRUE,region,South,99.6492651768816,12.3048963387313,TRUE,2023Q1,41,17,1,0,0,1,0,0,1,1,1,15
2023,1,4,19,male,341,338,3,184607.94218587,10446.486984396,0.056587419049816,475,TRUE,region,South,184.715779810095,12.1259896238842,TRUE,2023Q1,41,17,1,0,0,1,0,0,1,1,1,15
2023,1,5,15,combined,0,0,0,243608.14778226,11546.4059292055,0.0473974537975054,655,TRUE,region,Central-West,0,12.4033162616405,TRUE,2023Q1,41,17,1,1,0,1,0,0,1,1,1,15
2023,1,5,16,combined,118,118,0,271809.83548172,12080.3253757787,0.0444440332866143,733,TRUE,region,Central-West,43.4127042499666,12.5128579665114,TRUE,2023Q1,41,17,1,0,0,1,0,0,1,1,1,15
2023,1,5,17,combined,180,180,0,259120.6236235,12818.9299620288,0.0494708980812526,675,TRUE,region,Central-West,69.465717349283,12.46504896054,TRUE,2023Q1,41,17,1,0,0,1,0,0,1,1,1,15
2023,1,5,18,combined,535,535,0,253966.96912629,11425.2974769929,0.0449873364095291,687,TRUE,region,Central-West,210.657315729102,12.4449594947345,TRUE,2023Q1,41,17,1,0,0,1,0,0,1,1,1,15
2023,1,5,19,combined,738,738,0,236770.16914477,11305.670425577,0.0477495558938605,625,TRUE,region,Central-West,311.694671108994,12.3748451991611,TRUE,2023Q1,41,17,1,0,0,1,0,0,1,1,1,15
2023,1,5,15,female,0,0,0,118033.57520746,8296.82921195163,0.0702921113536452,309,TRUE,region,Central-West,0,11.6787243986317,TRUE,2023Q1,41,17,1,1,0,1,0,0,1,1,1,15
2023,1,5,16,female,110,110,0,136615.431646,8870.48254430399,0.0649303115865367,359,TRUE,region,Central-West,80.5179902992465,11.8249251893283,TRUE,2023Q1,41,17,1,0,0,1,0,0,1,1,1,15
2023,1,5,17,female,159,159,0,127977.26651288,8846.23077136783,0.0691234545979111,331,TRUE,region,Central-West,124.240815835833,11.7596079217599,TRUE,2023Q1,41,17,1,0,0,1,0,0,1,1,1,15
2023,1,5,18,female,418,418,0,131469.55818542,8053.11219850927,0.0612545771786306,348,TRUE,region,Central-West,317.944325492041,11.7865306071116,TRUE,2023Q1,41,17,1,0,0,1,0,0,1,1,1,15
2023,1,5,19,female,493,493,0,110846.58425816,7528.84902353491,0.0679213443871246,288,TRUE,region,Central-West,444.758855944366,11.61590240048,TRUE,2023Q1,41,17,1,0,0,1,0,0,1,1,1,15
2023,1,5,15,male,0,0,0,125574.5725748,8210.01468746386,0.0653795949221605,346,TRUE,region,Central-West,0,11.7406550648681,TRUE,2023Q1,41,17,1,1,0,1,0,0,1,1,1,15
2023,1,5,16,male,8,8,0,135194.40383572,8421.21433928178,0.0622896665864566,374,TRUE,region,Central-West,5.91740469503539,11.8144690499867,TRUE,2023Q1,41,17,1,0,0,1,0,0,1,1,1,15
2023,1,5,17,male,21,21,0,131143.35711062,8527.9561695714,0.0650277403100031,344,TRUE,region,Central-West,16.0130108475768,11.7840463329304,TRUE,2023Q1,41,17,1,0,0,1,0,0,1,1,1,15
2023,1,5,18,male,117,117,0,122497.41094087,7848.59380695627,0.0640715076888018,339,TRUE,region,Central-West,95.5122227493252,11.715845173567,TRUE,2023Q1,41,17,1,0,0,1,0,0,1,1,1,15
2023,1,5,19,male,245,245,0,125923.58488661,8416.09661784442,0.0668349509380855,337,TRUE,region,Central-West,194.562440563151,11.7434305328029,TRUE,2023Q1,41,17,1,0,0,1,0,0,1,1,1,15
2023,2,1,15,combined,7,7,0,325805.98488256,12490.4854014117,0.0383371883297786,1195,TRUE,region,North,2.14851792932018,12.6940573447866,TRUE,2023Q2,42,18,2,1,0,1,0,0,1,1,1,16
2023,2,1,16,combined,187,187,0,338571.96166904,13621.2787991129,0.0402315617984572,1202,TRUE,region,North,55.2319805450387,12.7324919386047,TRUE,2023Q2,42,18,2,0,0,1,0,0,1,1,1,16
2023,2,1,17,combined,262,262,0,360581.28156761,14603.9442356961,0.040501115787836,1274,TRUE,region,North,72.6604550466312,12.7954726792737,TRUE,2023Q2,42,18,2,0,0,1,0,0,1,1,1,16
2023,2,1,18,combined,658,658,0,324625.5384972,13473.8086599399,0.0415056952152154,1162,TRUE,region,North,202.69508155338,12.6904276077922,TRUE,2023Q2,42,18,2,0,0,1,0,0,1,1,1,16
2023,2,1,19,combined,832,831,1,303384.09110358,12361.8069203782,0.040746391399138,1066,TRUE,region,North,274.239824828502,12.6227549091348,TRUE,2023Q2,42,18,2,0,0,1,0,0,1,1,1,16
2023,2,1,15,female,7,7,0,171603.78470681,8863.82883551306,0.0516528749680968,601,TRUE,region,North,4.07916411165389,12.0529435211938,TRUE,2023Q2,42,18,2,1,0,1,0,0,1,1,1,16
2023,2,1,16,female,178,178,0,167718.98561045,9321.96426418144,0.0555808528787132,573,TRUE,region,North,106.129904943158,12.0300451531532,TRUE,2023Q2,42,18,2,0,0,1,0,0,1,1,1,16
2023,2,1,17,female,232,232,0,176670.48517865,9509.59102643605,0.0538267103122512,607,TRUE,region,North,131.317916382808,12.0820416108454,TRUE,2023Q2,42,18,2,0,0,1,0,0,1,1,1,16
2023,2,1,18,female,520,520,0,161727.96911435,10101.0638129337,0.0624571239486208,547,TRUE,region,North,321.527564370967,11.993670999775,TRUE,2023Q2,42,18,2,0,0,1,0,0,1,1,1,16
2023,2,1,19,female,562,561,1,144655.41700963,8172.06963181869,0.0564933536590245,504,TRUE,region,North,388.509474182074,11.8821097587845,TRUE,2023Q2,42,18,2,0,0,1,0,0,1,1,1,16
2023,2,1,15,male,0,0,0,154202.20017575,8176.15227107562,0.0530222802382648,594,TRUE,region,North,0,11.9460200083348,TRUE,2023Q2,42,18,2,1,0,1,0,0,1,1,1,16
2023,2,1,16,male,9,9,0,170852.97605859,9745.32826230294,0.0570392654966748,629,TRUE,region,North,5.26768699476073,12.0485586765231,TRUE,2023Q2,42,18,2,0,0,1,0,0,1,1,1,16
2023,2,1,17,male,30,30,0,183910.79638896,11236.639823502,0.0610983152926881,667,TRUE,region,North,16.3122560442574,12.1222061168026,TRUE,2023Q2,42,18,2,0,0,1,0,0,1,1,1,16
2023,2,1,18,male,138,138,0,162897.56938285,8533.92866628429,0.0523883118613478,615,TRUE,region,North,84.7158128404393,12.0008768735632,TRUE,2023Q2,42,18,2,0,0,1,0,0,1,1,1,16
2023,2,1,19,male,270,270,0,158728.67409395,8893.57865612668,0.0560300695944997,562,TRUE,region,North,170.101590995581,11.9749515713149,TRUE,2023Q2,42,18,2,0,0,1,0,0,1,1,1,16
2023,2,2,15,combined,1,1,0,902069.33775638,25204.138193287,0.0279403557336008,2548,TRUE,region,Northeast,0.110856223368283,13.7124466672171,TRUE,2023Q2,42,18,2,1,0,1,0,0,1,1,1,16
2023,2,2,16,combined,369,369,0,923666.33595773,25505.9268388919,0.027613788492622,2576,TRUE,region,Northeast,39.9494910266911,13.7361061771377,TRUE,2023Q2,42,18,2,0,0,1,0,0,1,1,1,16
2023,2,2,17,combined,524,524,0,896356.46705973,24104.6662613746,0.0268918305910637,2531,TRUE,region,Northeast,58.4588854162953,13.7060934555392,TRUE,2023Q2,42,18,2,0,0,1,0,0,1,1,1,16
2023,2,2,18,combined,1498,1496,2,877981.43777603,24353.4722135266,0.0277380263018033,2433,TRUE,region,Northeast,170.618641300038,13.6853807309086,TRUE,2023Q2,42,18,2,0,0,1,0,0,1,1,1,16
2023,2,2,19,combined,1992,1986,6,838956.69494603,23506.0879635209,0.0280182375385097,2326,TRUE,region,Northeast,237.437761925023,13.639914369035,TRUE,2023Q2,42,18,2,0,0,1,0,0,1,1,1,16
2023,2,2,15,female,1,1,0,456342.91838576,18016.602834072,0.0394804041175939,1228,TRUE,region,Northeast,0.219133454187772,13.0309998198795,TRUE,2023Q2,42,18,2,1,0,1,0,0,1,1,1,16
2023,2,2,16,female,337,337,0,437946.41859894,17412.0601682893,0.0397584257544411,1199,TRUE,region,Northeast,76.9500527206311,12.9898518499095,TRUE,2023Q2,42,18,2,0,0,1,0,0,1,1,1,16
2023,2,2,17,female,463,463,0,436483.77108336,16143.1701569892,0.0369845827644899,1191,TRUE,region,Northeast,106.074963302949,12.986506473922,TRUE,2023Q2,42,18,2,0,0,1,0,0,1,1,1,16
2023,2,2,18,female,1185,1184,1,414309.15590109,16127.7919850158,0.0389269504554856,1130,TRUE,region,Northeast,286.018298925284,12.9343677275101,TRUE,2023Q2,42,18,2,0,0,1,0,0,1,1,1,16
2023,2,2,19,female,1393,1389,4,429173.18590753,17938.0906068486,0.0417968577624827,1094,TRUE,region,Northeast,324.577593787543,12.9696158132007,TRUE,2023Q2,42,18,2,0,0,1,0,0,1,1,1,16
2023,2,2,15,male,0,0,0,445726.41937062,16787.3624072521,0.0376629288229232,1320,TRUE,region,Northeast,0,13.0074606333067,TRUE,2023Q2,42,18,2,1,0,1,0,0,1,1,1,16
2023,2,2,16,male,32,32,0,485719.91735879,17423.6038362439,0.0358717096284391,1377,TRUE,region,Northeast,6.58815890729932,13.0933874350261,TRUE,2023Q2,42,18,2,0,0,1,0,0,1,1,1,16
2023,2,2,17,male,61,61,0,459872.69597637,17520.8736450195,0.0380993996780356,1340,TRUE,region,Northeast,13.2645404986458,13.0387049822861,TRUE,2023Q2,42,18,2,0,0,1,0,0,1,1,1,16
2023,2,2,18,male,313,312,1,463672.28187494,17776.4361748466,0.0383383628259262,1303,TRUE,region,Northeast,67.5045742942256,13.0469332926061,TRUE,2023Q2,42,18,2,0,0,1,0,0,1,1,1,16
2023,2,2,19,male,599,597,2,409783.5090385,14829.3582557445,0.0361882748540552,1232,TRUE,region,Northeast,146.174745149084,12.9233842724899,TRUE,2023Q2,42,18,2,0,0,1,0,0,1,1,1,16
2023,2,3,15,combined,2,2,0,1132118.87834338,39981.479300451,0.035315619291638,1507,TRUE,region,Southeast,0.176659893078241,13.9396015484359,TRUE,2023Q2,42,18,2,1,0,1,0,0,1,1,1,16
2023,2,3,16,combined,393,393,0,1177114.58163537,40031.8114915646,0.0340084237474556,1557,TRUE,region,Southeast,33.3867242944186,13.9785767320865,TRUE,2023Q2,42,18,2,0,0,1,0,0,1,1,1,16
2023,2,3,17,combined,636,635,1,1153700.15701727,38506.0263426145,0.0333761125959855,1581,TRUE,region,Southeast,55.1269752484293,13.9584848630142,TRUE,2023Q2,42,18,2,0,0,1,0,0,1,1,1,16
2023,2,3,18,combined,2092,2087,5,1175327.44329169,40258.900324107,0.0342533483361502,1580,TRUE,region,Southeast,177.992950980624,13.9770573418796,TRUE,2023Q2,42,18,2,0,0,1,0,0,1,1,1,16
2023,2,3,19,combined,3074,3064,10,1167891.22747873,38761.9971246698,0.03318973223932,1529,TRUE,region,Southeast,263.209443454441,13.9707103108751,TRUE,2023Q2,42,18,2,0,0,1,0,0,1,1,1,16
2023,2,3,15,female,2,2,0,552970.78375371,29111.2551546207,0.0526451957497752,708,TRUE,region,Southeast,0.361682761324835,13.223060446837,TRUE,2023Q2,42,18,2,1,0,1,0,0,1,1,1,16
2023,2,3,16,female,368,368,0,552091.5666275,26016.1700617627,0.047122926040484,738,TRUE,region,Southeast,66.6556097293716,13.221469193074,TRUE,2023Q2,42,18,2,0,0,1,0,0,1,1,1,16
2023,2,3,17,female,556,555,1,557430.93569001,26395.0403563529,0.0473512298410207,757,TRUE,region,Southeast,99.7432981202885,13.231093892472,TRUE,2023Q2,42,18,2,0,0,1,0,0,1,1,1,16
2023,2,3,18,female,1638,1633,5,569623.33304696,28253.5416503434,0.0496003938237801,754,TRUE,region,Southeast,287.558445198902,13.2527306021576,TRUE,2023Q2,42,18,2,0,0,1,0,0,1,1,1,16
2023,2,3,19,female,2168,2161,7,574516.77368714,28096.2721282295,0.048904180722023,730,TRUE,region,Southeast,377.360609697466,13.2612845728632,TRUE,2023Q2,42,18,2,0,0,1,0,0,1,1,1,16
2023,2,3,15,male,0,0,0,579148.09458967,26493.8743589792,0.0457462859784599,799,TRUE,region,Southeast,0,13.2693135003433,TRUE,2023Q2,42,18,2,1,0,1,0,0,1,1,1,16
2023,2,3,16,male,25,25,0,625023.01500787,29014.743917569,0.0464218808281863,819,TRUE,region,Southeast,3.99985270937346,13.3455437520531,TRUE,2023Q2,42,18,2,0,0,1,0,0,1,1,1,16
2023,2,3,17,male,80,80,0,596269.22132726,28202.0749087742,0.0472975526826591,824,TRUE,region,Southeast,13.4167582592851,13.2984475576919,TRUE,2023Q2,42,18,2,0,0,1,0,0,1,1,1,16
2023,2,3,18,male,454,454,0,605704.11024473,27275.6500377308,0.0450313107941603,826,TRUE,region,Southeast,74.9540893517406,13.3141468788875,TRUE,2023Q2,42,18,2,0,0,1,0,0,1,1,1,16
2023,2,3,19,male,906,903,3,593374.45379159,27298.5359313068,0.0460055800462466,799,TRUE,region,Southeast,152.686047437798,13.2935809353419,TRUE,2023Q2,42,18,2,0,0,1,0,0,1,1,1,16
2023,2,4,15,combined,16,16,0,411753.94558736,16089.3194614114,0.0390750826648675,1033,TRUE,region,South,3.88581583041694,12.9281812304769,TRUE,2023Q2,42,18,2,1,0,1,0,0,1,1,1,16
2023,2,4,16,combined,179,179,0,391515.5324126,14798.1647358151,0.0377971332187659,1005,TRUE,region,South,45.7197697616145,12.8777804677323,TRUE,2023Q2,42,18,2,0,0,1,0,0,1,1,1,16
2023,2,4,17,combined,297,297,0,414494.45382785,16029.7624031774,0.0386730443680072,1017,TRUE,region,South,71.6535522386873,12.9348148730768,TRUE,2023Q2,42,18,2,0,0,1,0,0,1,1,1,16
2023,2,4,18,combined,795,792,3,401775.1709586,15860.2454614694,0.0394754245854175,1017,TRUE,region,South,197.8718590557,12.9036479349255,TRUE,2023Q2,42,18,2,0,0,1,0,0,1,1,1,16
2023,2,4,19,combined,1081,1079,2,367100.06406138,13787.8664326871,0.0375588777624995,929,TRUE,region,South,294.470120228378,12.8133897439915,TRUE,2023Q2,42,18,2,0,0,1,0,0,1,1,1,16
2023,2,4,15,female,15,15,0,198188.50669841,10983.0558254941,0.0554172187300818,501,TRUE,region,South,7.56855190539681,12.1969739107931,TRUE,2023Q2,42,18,2,1,0,1,0,0,1,1,1,16
2023,2,4,16,female,171,171,0,182146.42150857,10081.3472264039,0.0553474899089885,461,TRUE,region,South,93.8805157871051,12.1125661563945,TRUE,2023Q2,42,18,2,0,0,1,0,0,1,1,1,16
2023,2,4,17,female,247,247,0,195434.71409608,10697.5385846199,0.054737146540715,479,TRUE,region,South,126.384916386231,12.1829816593935,TRUE,2023Q2,42,18,2,0,0,1,0,0,1,1,1,16
2023,2,4,18,female,608,605,3,205529.52584299,11544.3748969156,0.056168936553353,500,TRUE,region,South,295.821243933813,12.2333449806658,TRUE,2023Q2,42,18,2,0,0,1,0,0,1,1,1,16
2023,2,4,19,female,730,729,1,174972.18331339,9535.98513429808,0.0545000065365723,442,TRUE,region,South,417.209173581899,12.0723822877765,TRUE,2023Q2,42,18,2,0,0,1,0,0,1,1,1,16
2023,2,4,15,male,1,1,0,213565.43888895,11267.5724872758,0.0527593441424516,532,TRUE,region,South,0.468240556712915,12.2716985700223,TRUE,2023Q2,42,18,2,1,0,1,0,0,1,1,1,16
2023,2,4,16,male,8,8,0,209369.11090403,11028.7802317911,0.0526762528826252,544,TRUE,region,South,3.82100299583687,12.2518540541404,TRUE,2023Q2,42,18,2,0,0,1,0,0,1,1,1,16
2023,2,4,17,male,50,50,0,219059.73973177,11384.6160339718,0.0519703714060456,538,TRUE,region,South,22.8248239777985,12.2970997557631,TRUE,2023Q2,42,18,2,0,0,1,0,0,1,1,1,16
2023,2,4,18,male,187,187,0,196245.64511561,10524.9358270896,0.0536314363607369,517,TRUE,region,South,95.2887387079783,12.1871224449047,TRUE,2023Q2,42,18,2,0,0,1,0,0,1,1,1,16
2023,2,4,19,male,351,350,1,192127.88074799,10377.146626606,0.0540116644508117,487,TRUE,region,South,182.690819590312,12.1659164748625,TRUE,2023Q2,42,18,2,0,0,1,0,0,1,1,1,16
2023,2,5,15,combined,1,1,0,242479.72531557,10966.7940470171,0.0452276743251196,682,TRUE,region,Central-West,0.412405613994561,12.3986733789183,TRUE,2023Q2,42,18,2,1,0,1,0,0,1,1,1,16
2023,2,5,16,combined,130,129,1,252808.40301709,10739.506135948,0.0424808115860847,704,TRUE,region,Central-West,51.4223413654537,12.4403871804852,TRUE,2023Q2,42,18,2,0,0,1,0,0,1,1,1,16
2023,2,5,17,combined,208,208,0,253895.93060473,13186.4831101877,0.0519365673911357,682,TRUE,region,Central-West,81.9233295723114,12.444679740013,TRUE,2023Q2,42,18,2,0,0,1,0,0,1,1,1,16
2023,2,5,18,combined,652,651,1,245678.05854931,11680.133647508,0.0475424371084553,673,TRUE,region,Central-West,265.387964985541,12.411777252728,TRUE,2023Q2,42,18,2,0,0,1,0,0,1,1,1,16
2023,2,5,19,combined,812,810,2,248249.09516733,11601.226018101,0.0467321986018976,653,TRUE,region,Central-West,327.090819586947,12.4221879370562,TRUE,2023Q2,42,18,2,0,0,1,0,0,1,1,1,16
2023,2,5,15,female,1,1,0,119266.84065407,7930.60663899091,0.066494648432865,329,TRUE,region,Central-West,0.838456015532826,11.6891186201976,TRUE,2023Q2,42,18,2,1,0,1,0,0,1,1,1,16
2023,2,5,16,female,126,126,0,135935.39388787,7993.50722466189,0.0588037228277394,378,TRUE,region,Central-West,92.6910912576121,11.8199350069065,TRUE,2023Q2,42,18,2,0,0,1,0,0,1,1,1,16
2023,2,5,17,female,179,179,0,128149.65675421,8797.63587859779,0.0686512636976592,340,TRUE,region,Central-West,139.680436556549,11.7609540533197,TRUE,2023Q2,42,18,2,0,0,1,0,0,1,1,1,16
2023,2,5,18,female,497,496,1,122555.97762509,7755.09982361177,0.0632780217978051,332,TRUE,region,Central-West,405.52897511076,11.7163231647972,TRUE,2023Q2,42,18,2,0,0,1,0,0,1,1,1,16
2023,2,5,19,female,550,550,0,127995.61648351,8357.13111803577,0.0652923228750763,324,TRUE,region,Central-West,429.70221567772,11.7597512960928,TRUE,2023Q2,42,18,2,0,0,1,0,0,1,1,1,16
2023,2,5,15,male,0,0,0,123212.8846615,7905.66077987354,0.0641626141745856,353,TRUE,region,Central-West,0,11.7216689079045,TRUE,2023Q2,42,18,2,1,0,1,0,0,1,1,1,16
2023,2,5,16,male,4,3,1,116873.00912922,7291.18414468235,0.0623855259568177,326,TRUE,region,Central-West,3.42251819286814,11.6688432322574,TRUE,2023Q2,42,18,2,0,0,1,0,0,1,1,1,16
2023,2,5,17,male,29,29,0,125746.27385052,8837.93915067152,0.0702839048827607,342,TRUE,region,Central-West,23.0623135874973,11.7420214561156,TRUE,2023Q2,42,18,2,0,0,1,0,0,1,1,1,16
2023,2,5,18,male,155,155,0,123122.08092422,7910.55082506678,0.0642496517739626,341,TRUE,region,Central-West,125.891309533178,11.7209316699637,TRUE,2023Q2,42,18,2,0,0,1,0,0,1,1,1,16
2023,2,5,19,male,262,260,2,120253.47868382,8191.63989806333,0.0681197748931775,329,TRUE,region,Central-West,217.873115079582,11.6973571163132,TRUE,2023Q2,42,18,2,0,0,1,0,0,1,1,1,16
2023,3,1,15,combined,7,7,0,321202.92613412,12603.5190113615,0.0392384937554984,1170,TRUE,region,North,2.17930766828603,12.6798283710198,TRUE,2023Q3,43,19,3,1,0,1,0,0,1,1,1,17
2023,3,1,16,combined,232,232,0,337982.01225374,13432.7525261818,0.0397439864820297,1227,TRUE,region,North,68.6427062946255,12.7307479548648,TRUE,2023Q3,43,19,3,0,0,1,0,0,1,1,1,17
2023,3,1,17,combined,332,332,0,342015.62364515,13831.2132522964,0.0404402965715001,1236,TRUE,region,North,97.0715888536304,12.7426116981743,TRUE,2023Q3,43,19,3,0,0,1,0,0,1,1,1,17
2023,3,1,18,combined,720,720,0,341203.24242579,13332.5614027949,0.0390751310216363,1226,TRUE,region,North,211.017924355334,12.7402335975609,TRUE,2023Q3,43,19,3,0,0,1,0,0,1,1,1,17
2023,3,1,19,combined,904,902,2,295927.77309655,11879.6534702206,0.0401437598976042,1062,TRUE,region,North,305.479945508548,12.597870693722,TRUE,2023Q3,43,19,3,0,0,1,0,0,1,1,1,17
2023,3,1,15,female,7,7,0,160420.15003185,8348.87893792266,0.0520438295081077,571,TRUE,region,North,4.36354161158072,11.9855515901645,TRUE,2023Q3,43,19,3,1,0,1,0,0,1,1,1,17
2023,3,1,16,female,231,231,0,167953.52203524,9061.54365770302,0.0539526861234963,584,TRUE,region,North,137.538050527771,12.0314425655573,TRUE,2023Q3,43,19,3,0,0,1,0,0,1,1,1,17
2023,3,1,17,female,289,289,0,167476.68841419,9377.23819469831,0.0559913041241135,582,TRUE,region,North,172.561329422318,12.0285994469151,TRUE,2023Q3,43,19,3,0,0,1,0,0,1,1,1,17
2023,3,1,18,female,548,548,0,171226.7217658,9849.08633495508,0.0575207317723833,583,TRUE,region,North,320.043503927817,12.0507438155904,TRUE,2023Q3,43,19,3,0,0,1,0,0,1,1,1,17
2023,3,1,19,female,616,615,1,139851.89936513,7735.49796403094,0.0553120694044694,493,TRUE,region,North,440.465952050981,11.8483392799832,TRUE,2023Q3,43,19,3,0,0,1,0,0,1,1,1,17
2023,3,1,15,male,0,0,0,160782.77610227,9250.59156155952,0.0575347172490382,599,TRUE,region,North,0,11.9878095161981,TRUE,2023Q3,43,19,3,1,0,1,0,0,1,1,1,17
2023,3,1,16,male,1,1,0,170028.4902185,9285.40026854013,0.0546108493735824,643,TRUE,region,North,0.588136728565266,12.0437212915114,TRUE,2023Q3,43,19,3,0,0,1,0,0,1,1,1,17
2023,3,1,17,male,43,43,0,174538.93523096,10594.3833012264,0.0606992547949679,654,TRUE,region,North,24.6363368397429,12.0699031202688,TRUE,2023Q3,43,19,3,0,0,1,0,0,1,1,1,17
2023,3,1,18,male,172,172,0,169976.52065999,8674.90079358542,0.0510358769546656,643,TRUE,region,North,101.190446381743,12.0434155927291,TRUE,2023Q3,43,19,3,0,0,1,0,0,1,1,1,17
2023,3,1,19,male,288,287,1,156075.87373142,8986.93923508827,0.0575805793697062,569,TRUE,region,North,184.525636867873,11.9580975380653,TRUE,2023Q3,43,19,3,0,0,1,0,0,1,1,1,17
2023,3,2,15,combined,1,1,0,888008.33252706,22596.8407971928,0.0254466540115536,2516,TRUE,region,Northeast,0.112611555924733,13.6967364054067,TRUE,2023Q3,43,19,3,1,0,1,0,0,1,1,1,17
2023,3,2,16,combined,412,412,0,896289.46273416,22805.2811255793,0.0254441026853212,2594,TRUE,region,Northeast,45.967292613614,13.7060187008713,TRUE,2023Q3,43,19,3,0,0,1,0,0,1,1,1,17
2023,3,2,17,combined,535,534,1,890378.96062397,23036.0267292375,0.0258721597746358,2536,TRUE,region,Northeast,60.086774694797,13.6994024495358,TRUE,2023Q3,43,19,3,0,0,1,0,0,1,1,1,17
2023,3,2,18,combined,1531,1525,6,919271.87100012,24680.5422107853,0.0268479249603648,2557,TRUE,region,Northeast,166.544854498197,13.7313371911025,TRUE,2023Q3,43,19,3,0,0,1,0,0,1,1,1,17
2023,3,2,19,combined,2044,2037,7,816119.20757702,23135.6606450111,0.0283483839495686,2265,TRUE,region,Northeast,250.453607882657,13.6123157109934,TRUE,2023Q3,43,19,3,0,0,1,0,0,1,1,1,17
2023,3,2,15,female,1,1,0,439260.94003431,15763.1442482664,0.0358856042311324,1230,TRUE,region,Northeast,0.227655115413151,12.9928489119072,TRUE,2023Q3,43,19,3,1,0,1,0,0,1,1,1,17
2023,3,2,16,female,382,382,0,442388.83221041,15734.9017241922,0.0355680355798591,1257,TRUE,region,Northeast,86.3493768799101,12.9999444852243,TRUE,2023Q3,43,19,3,0,0,1,0,0,1,1,1,17
2023,3,2,17,female,465,465,0,406564.93705938,15987.7995380545,0.0393240982699879,1143,TRUE,region,Northeast,114.372873215106,12.9154989419754,TRUE,2023Q3,43,19,3,0,0,1,0,0,1,1,1,17
2023,3,2,18,female,1170,1168,2,461521.39541652,17843.0117694159,0.0386612883966359,1227,TRUE,region,Northeast,253.509373914092,13.0422836924496,TRUE,2023Q3,43,19,3,0,0,1,0,0,1,1,1,17
2023,3,2,19,female,1409,1405,4,394992.26151681,16438.875388908,0.0416182213944676,1053,TRUE,region,Northeast,356.715849214184,12.8866214525947,TRUE,2023Q3,43,19,3,0,0,1,0,0,1,1,1,17
2023,3,2,15,male,0,0,0,448747.39249275,15928.4776242889,0.0354954210113795,1286,TRUE,region,Northeast,0,13.0142154081666,TRUE,2023Q3,43,19,3,1,0,1,0,0,1,1,1,17
2023,3,2,16,male,30,30,0,453900.63052375,16581.2953018498,0.0365306725454796,1337,TRUE,region,Northeast,6.60937614591621,13.0256335775684,TRUE,2023Q3,43,19,3,0,0,1,0,0,1,1,1,17
2023,3,2,17,male,70,69,1,483814.02356459,16931.8414302393,0.0349965908501181,1393,TRUE,region,Northeast,14.4683693714089,13.0894558630228,TRUE,2023Q3,43,19,3,0,0,1,0,0,1,1,1,17
2023,3,2,18,male,361,357,4,457750.4755836,16649.3212574885,0.0363720457881814,1330,TRUE,region,Northeast,78.8639268019875,13.0340795014955,TRUE,2023Q3,43,19,3,0,0,1,0,0,1,1,1,17
2023,3,2,19,male,635,632,3,421126.94606021,16516.5975395905,0.0392199969489226,1212,TRUE,region,Northeast,150.785886759479,12.9506896017969,TRUE,2023Q3,43,19,3,0,0,1,0,0,1,1,1,17
2023,3,3,15,combined,0,0,0,1150161.85738305,37147.8556487114,0.0322979373818164,1561,TRUE,region,Southeast,0,13.9554132359862,TRUE,2023Q3,43,19,3,1,0,1,0,0,1,1,1,17
2023,3,3,16,combined,434,433,1,1153217.57877873,38686.7634479481,0.0335468034478956,1546,TRUE,region,Southeast,37.633834931619,13.9580664881081,TRUE,2023Q3,43,19,3,0,0,1,0,0,1,1,1,17
2023,3,3,17,combined,676,675,1,1162535.92616963,37813.7432896493,0.0325269459966192,1581,TRUE,region,Southeast,58.1487405922423,13.9661143201981,TRUE,2023Q3,43,19,3,0,0,1,0,0,1,1,1,17
2023,3,3,18,combined,2194,2192,2,1137745.89754753,39268.1661837301,0.0345140037581104,1561,TRUE,region,Southeast,192.837434503546,13.9445595801132,TRUE,2023Q3,43,19,3,0,0,1,0,0,1,1,1,17
2023,3,3,19,combined,3336,3323,13,1169547.35853875,37525.7092800317,0.0320856688752791,1516,TRUE,region,Southeast,285.238556236666,13.9721273588755,TRUE,2023Q3,43,19,3,0,0,1,0,0,1,1,1,17
2023,3,3,15,female,0,0,0,546355.83436538,25169.9608156033,0.0460688057716808,731,TRUE,region,Southeast,0,13.2110257537474,TRUE,2023Q3,43,19,3,1,0,1,0,0,1,1,1,17
2023,3,3,16,female,419,418,1,545667.52965843,26480.0517108126,0.048527812764282,730,TRUE,region,Southeast,76.786683690393,13.2097651492204,TRUE,2023Q3,43,19,3,0,0,1,0,0,1,1,1,17
2023,3,3,17,female,576,576,0,586961.11518388,26010.2425691432,0.0443133998084266,792,TRUE,region,Southeast,98.1325653607486,13.2827138533177,TRUE,2023Q3,43,19,3,0,0,1,0,0,1,1,1,17
2023,3,3,18,female,1720,1719,1,543072.46313815,25544.2038137777,0.0470364556254064,742,TRUE,region,Southeast,316.716482007017,13.2049980396223,TRUE,2023Q3,43,19,3,0,0,1,0,0,1,1,1,17
2023,3,3,19,female,2374,2363,11,571151.16819173,26637.8745762145,0.046638921637069,720,TRUE,region,Southeast,415.651780511297,13.2554091964926,TRUE,2023Q3,43,19,3,0,0,1,0,0,1,1,1,17
2023,3,3,15,male,0,0,0,603806.02301767,26672.5285523189,0.0441740021389921,830,TRUE,region,Southeast,0,13.3110082713917,TRUE,2023Q3,43,19,3,1,0,1,0,0,1,1,1,17
2023,3,3,16,male,15,15,0,607550.0491203,26635.0052879692,0.0438400183269433,816,TRUE,region,Southeast,2.46893239852736,13.3171898361866,TRUE,2023Q3,43,19,3,0,0,1,0,0,1,1,1,17
2023,3,3,17,male,100,99,1,575574.81098575,27164.349041098,0.047195166505941,789,TRUE,region,Southeast,17.3739361228711,13.2631244917205,TRUE,2023Q3,43,19,3,0,0,1,0,0,1,1,1,17
2023,3,3,18,male,474,473,1,594673.43440938,27806.7641660794,0.0467597214825925,819,TRUE,region,Southeast,79.7076130482891,13.2957676841225,TRUE,2023Q3,43,19,3,0,0,1,0,0,1,1,1,17
2023,3,3,19,male,962,960,2,598396.19034702,27501.7962097208,0.0459591766347511,796,TRUE,region,Southeast,160.763055567269,13.3020083392234,TRUE,2023Q3,43,19,3,0,0,1,0,0,1,1,1,17
2023,3,4,15,combined,4,4,0,393089.3921835,15920.055305529,0.0404998344450295,970,TRUE,region,South,1.01758024498731,12.8817923260128,TRUE,2023Q3,43,19,3,1,0,1,0,0,1,1,1,17
2023,3,4,16,combined,206,206,0,387075.18441632,14668.7040990829,0.0378962658668035,973,TRUE,region,South,53.2196349168269,12.8663742281206,TRUE,2023Q3,43,19,3,0,0,1,0,0,1,1,1,17
2023,3,4,17,combined,307,307,0,425012.17528025,15216.6923505812,0.0358029563283626,1057,TRUE,region,South,72.2332248005758,12.9598730952145,TRUE,2023Q3,43,19,3,0,0,1,0,0,1,1,1,17
2023,3,4,18,combined,834,831,3,399400.66707524,15745.3692004687,0.0394224909932425,1000,TRUE,region,South,208.812871071868,12.8977203701558,TRUE,2023Q3,43,19,3,0,0,1,0,0,1,1,1,17
2023,3,4,19,combined,1174,1171,3,369294.77364835,14116.6443776051,0.0382259522336139,926,TRUE,region,South,317.903226303957,12.8193504486916,TRUE,2023Q3,43,19,3,0,0,1,0,0,1,1,1,17
2023,3,4,15,female,4,4,0,198696.63434022,11009.0082342735,0.0554061132984427,491,TRUE,region,South,2.01311915185789,12.199534489998,TRUE,2023Q3,43,19,3,1,0,1,0,0,1,1,1,17
2023,3,4,16,female,200,200,0,185814.59407964,10504.490687065,0.05653210792777,449,TRUE,region,South,107.634172111519,12.1325046495304,TRUE,2023Q3,43,19,3,0,0,1,0,0,1,1,1,17
2023,3,4,17,female,258,258,0,200029.05779409,10473.9921221841,0.0523623529385718,487,TRUE,region,South,128.981260445463,12.2062179239472,TRUE,2023Q3,43,19,3,0,0,1,0,0,1,1,1,17
2023,3,4,18,female,621,618,3,203055.78197807,11288.2567909285,0.0555919003190345,486,TRUE,region,South,305.827292358052,12.2212360083459,TRUE,2023Q3,43,19,3,0,0,1,0,0,1,1,1,17
2023,3,4,19,female,795,794,1,176214.21407296,10370.9867749122,0.0588544280010135,422,TRUE,region,South,451.155432711482,12.0794556593382,TRUE,2023Q3,43,19,3,0,0,1,0,0,1,1,1,17
2023,3,4,15,male,0,0,0,194392.75784328,10123.0387443223,0.052075184572892,479,TRUE,region,South,0,12.1776359164219,TRUE,2023Q3,43,19,3,1,0,1,0,0,1,1,1,17
2023,3,4,16,male,6,6,0,201260.59033668,10435.3353925461,0.0518498697389753,524,TRUE,region,South,2.9812095800588,12.2123558166872,TRUE,2023Q3,43,19,3,0,0,1,0,0,1,1,1,17
2023,3,4,17,male,49,49,0,224983.11748616,10948.6001998371,0.0486640967649966,570,TRUE,region,South,21.7794119609949,12.3237806449766,TRUE,2023Q3,43,19,3,0,0,1,0,0,1,1,1,17
2023,3,4,18,male,213,213,0,196344.88509717,10441.9218286637,0.0531815321977754,514,TRUE,region,South,108.482581501722,12.1876280097416,TRUE,2023Q3,43,19,3,0,0,1,0,0,1,1,1,17
2023,3,4,19,male,379,377,2,193080.55957539,9808.10842292468,0.0507980111746829,504,TRUE,region,South,196.29112368095,12.1708627879233,TRUE,2023Q3,43,19,3,0,0,1,0,0,1,1,1,17
2023,3,5,15,combined,1,1,0,234506.30196586,11583.2125488101,0.0493940352634805,633,TRUE,region,Central-West,0.426427772566036,12.3652377405622,TRUE,2023Q3,43,19,3,1,0,1,0,0,1,1,1,17
2023,3,5,16,combined,158,158,0,258937.57606631,11569.7096180393,0.0446814625895642,693,TRUE,region,Central-West,61.018567641005,12.4643422925829,TRUE,2023Q3,43,19,3,0,0,1,0,0,1,1,1,17
2023,3,5,17,combined,209,209,0,263002.96330873,12580.1307336512,0.0478326577593874,708,TRUE,region,Central-West,79.4667852295878,12.47992057843,TRUE,2023Q3,43,19,3,0,0,1,0,0,1,1,1,17
2023,3,5,18,combined,664,664,0,250554.99931459,12006.8374152837,0.0479209652496625,685,TRUE,region,Central-West,265.011674808492,12.4314337335498,TRUE,2023Q3,43,19,3,0,0,1,0,0,1,1,1,17
2023,3,5,19,combined,964,962,2,258522.30090589,11790.6621311261,0.0456079111543198,679,TRUE,region,Central-West,372.888527071761,12.4627372396385,TRUE,2023Q3,43,19,3,0,0,1,0,0,1,1,1,17
2023,3,5,15,female,1,1,0,116044.32673446,8055.87905450803,0.0694207057010379,299,TRUE,region,Central-West,0.861739671503514,11.6617275241178,TRUE,2023Q3,43,19,3,1,0,1,0,0,1,1,1,17
2023,3,5,16,female,149,149,0,140835.36351745,8510.42212827573,0.0604281617608156,369,TRUE,region,Central-West,105.797291446291,11.8553468525159,TRUE,2023Q3,43,19,3,0,0,1,0,0,1,1,1,17
2023,3,5,17,female,181,181,0,136750.01318253,9028.10023785103,0.0660190081722374,355,TRUE,region,Central-West,132.358305339544,11.825909816683,TRUE,2023Q3,43,19,3,0,0,1,0,0,1,1,1,17
2023,3,5,18,female,525,525,0,132282.48280018,8372.95072280173,0.0632959901081501,350,TRUE,region,Central-West,396.877945504728,11.7926949361982,TRUE,2023Q3,43,19,3,0,0,1,0,0,1,1,1,17
2023,3,5,19,female,652,651,1,130057.66066642,7689.06917970258,0.0591204634952184,339,TRUE,region,Central-West,501.316105994164,11.7757331746892,TRUE,2023Q3,43,19,3,0,0,1,0,0,1,1,1,17
2023,3,5,15,male,0,0,0,118461.9752314,7641.74509564928,0.0645079999782388,334,TRUE,region,Central-West,0,11.6823473039398,TRUE,2023Q3,43,19,3,1,0,1,0,0,1,1,1,17
2023,3,5,16,male,9,9,0,118102.21254886,7604.00064144745,0.0643849126730086,324,TRUE,region,Central-West,7.6205176903664,11.6793057365473,TRUE,2023Q3,43,19,3,0,0,1,0,0,1,1,1,17
2023,3,5,17,male,28,28,0,126252.9501262,8134.47480082692,0.0644299780139462,353,TRUE,region,Central-West,22.1776995880189,11.7460427142008,TRUE,2023Q3,43,19,3,0,0,1,0,0,1,1,1,17
2023,3,5,18,male,139,139,0,118272.51651441,7765.30206266009,0.0656560145290727,335,TRUE,region,Central-West,117.525190210242,11.6807467027258,TRUE,2023Q3,43,19,3,0,0,1,0,0,1,1,1,17
2023,3,5,19,male,312,311,1,128464.64023947,8572.39604757656,0.066729615492612,340,TRUE,region,Central-West,242.868387299729,11.7634089722166,TRUE,2023Q3,43,19,3,0,0,1,0,0,1,1,1,17
2023,4,1,15,combined,5,5,0,321047.48228529,11850.2360755449,0.036911163393004,1185,TRUE,region,North,1.55740202801431,12.679344311065,TRUE,2023Q4,44,20,4,1,0,1,0,0,1,1,1,18
2023,4,1,16,combined,251,251,0,333153.26269986,13157.4573429603,0.0394937069993938,1192,TRUE,region,North,75.340699942695,12.7163579114287,TRUE,2023Q4,44,20,4,0,0,1,0,0,1,1,1,18
2023,4,1,17,combined,360,360,0,329062.67969093,12474.0453860613,0.0379078095327536,1229,TRUE,region,North,109.401649660827,12.7040035273796,TRUE,2023Q4,44,20,4,0,0,1,0,0,1,1,1,18
2023,4,1,18,combined,938,937,1,339021.73536287,13330.0354168528,0.0393191174087558,1193,TRUE,region,North,276.678425646078,12.7338195004219,TRUE,2023Q4,44,20,4,0,0,1,0,0,1,1,1,18
2023,4,1,19,combined,1133,1132,1,300515.57581212,12466.6216943644,0.0414841116327308,1052,TRUE,region,North,377.018727544539,12.6132548645995,TRUE,2023Q4,44,20,4,0,0,1,0,0,1,1,1,18
2023,4,1,15,female,5,5,0,157591.90806,8062.395703718,0.0511599599431743,570,TRUE,region,North,3.17275173678102,11.9677641102908,TRUE,2023Q4,44,20,4,1,0,1,0,0,1,1,1,18
2023,4,1,16,female,237,237,0,157931.77832209,8355.41518528158,0.0529052181521147,567,TRUE,region,North,150.064795393272,11.9699184359925,TRUE,2023Q4,44,20,4,0,0,1,0,0,1,1,1,18
2023,4,1,17,female,316,316,0,159983.41531643,8620.62317681519,0.0538844802116802,586,TRUE,region,North,197.520473840983,11.9828254345712,TRUE,2023Q4,44,20,4,0,0,1,0,0,1,1,1,18
2023,4,1,18,female,730,729,1,171551.28379859,9637.36152555331,0.0561777289691872,571,TRUE,region,North,425.528730439032,12.0526375317829,TRUE,2023Q4,44,20,4,0,0,1,0,0,1,1,1,18
2023,4,1,19,female,760,759,1,143965.27682919,8442.1809532022,0.058640396761912,493,TRUE,region,North,527.905073180747,11.8773274163502,TRUE,2023Q4,44,20,4,0,0,1,0,0,1,1,1,18
2023,4,1,15,male,0,0,0,163455.57422529,8831.05559105702,0.0540272525602903,615,TRUE,region,North,0,12.0042965151211,TRUE,2023Q4,44,20,4,1,0,1,0,0,1,1,1,18
2023,4,1,16,male,14,14,0,175221.48437777,9277.48621189961,0.0529471956298335,625,TRUE,region,North,7.98988779812903,12.0738060776933,TRUE,2023Q4,44,20,4,0,0,1,0,0,1,1,1,18
2023,4,1,17,male,44,44,0,169079.2643745,9317.45742658844,0.0551070378798837,643,TRUE,region,North,26.0232975124275,12.0381229039172,TRUE,2023Q4,44,20,4,0,0,1,0,0,1,1,1,18
2023,4,1,18,male,208,208,0,167470.45156428,8877.82411319933,0.0530112866495243,622,TRUE,region,North,124.201014601172,12.028562206114,TRUE,2023Q4,44,20,4,0,0,1,0,0,1,1,1,18
2023,4,1,19,male,373,373,0,156550.29898293,8981.36844299549,0.0573704969032017,559,TRUE,region,North,238.262080892398,11.9611326365766,TRUE,2023Q4,44,20,4,0,0,1,0,0,1,1,1,18
2023,4,2,15,combined,2,2,0,903051.66066473,22506.8584231698,0.0249231128223635,2553,TRUE,region,Northeast,0.221471272034184,13.7135350408012,TRUE,2023Q4,44,20,4,1,0,1,0,0,1,1,1,18
2023,4,2,16,combined,427,425,2,884695.61484081,22582.6146379117,0.0255258580002967,2520,TRUE,region,Northeast,48.2651878043765,13.6929989267968,TRUE,2023Q4,44,20,4,0,0,1,0,0,1,1,1,18
2023,4,2,17,combined,735,733,2,909430.49565371,25316.5269808891,0.0278377810089723,2497,TRUE,region,Northeast,80.8198101463128,13.7205738536284,TRUE,2023Q4,44,20,4,0,0,1,0,0,1,1,1,18
2023,4,2,18,combined,2066,2060,6,909241.92837955,24902.4651875513,0.0273881619514979,2555,TRUE,region,Northeast,227.222253562594,13.7203664855809,TRUE,2023Q4,44,20,4,0,0,1,0,0,1,1,1,18
2023,4,2,19,combined,2935,2930,5,828265.62261634,23596.2435042406,0.0284887394332561,2284,TRUE,region,Northeast,354.354921882291,13.6270891821833,TRUE,2023Q4,44,20,4,0,0,1,0,0,1,1,1,18
2023,4,2,15,female,2,2,0,446670.17001458,15952.5718890667,0.0357144330648854,1252,TRUE,region,Northeast,0.447757682124758,13.0095757265445,TRUE,2023Q4,44,20,4,1,0,1,0,0,1,1,1,18
2023,4,2,16,female,400,399,1,433272.38986574,15355.400794027,0.0354405246057456,1238,TRUE,region,Northeast,92.3206761741614,12.9791218851017,TRUE,2023Q4,44,20,4,0,0,1,0,0,1,1,1,18
2023,4,2,17,female,651,651,0,432110.78268352,18265.1408372481,0.0422695789348668,1155,TRUE,region,Northeast,150.655810058041,12.9764372757478,TRUE,2023Q4,44,20,4,0,0,1,0,0,1,1,1,18
2023,4,2,18,female,1617,1612,5,425083.35174397,16284.623273935,0.0383092473678982,1196,TRUE,region,Northeast,380.395984308962,12.9600405504277,TRUE,2023Q4,44,20,4,0,0,1,0,0,1,1,1,18
2023,4,2,19,female,2061,2058,3,407940.17722806,16918.2008132632,0.0414722593107201,1071,TRUE,region,Northeast,505.221136590278,12.9188758181949,TRUE,2023Q4,44,20,4,0,0,1,0,0,1,1,1,18
2023,4,2,15,male,0,0,0,456381.49065015,15995.9003878169,0.0350494065064504,1301,TRUE,region,Northeast,0,13.0310843410428,TRUE,2023Q4,44,20,4,1,0,1,0,0,1,1,1,18
2023,4,2,16,male,27,26,1,451423.22497507,16368.9212417715,0.0362606980238455,1282,TRUE,region,Northeast,5.98108349464986,13.020160593028,TRUE,2023Q4,44,20,4,0,0,1,0,0,1,1,1,18
2023,4,2,17,male,84,82,2,477319.71297019,17512.698326124,0.0366896607247766,1342,TRUE,region,Northeast,17.5982675170271,13.0759418031472,TRUE,2023Q4,44,20,4,0,0,1,0,0,1,1,1,18
2023,4,2,18,male,449,448,1,484158.57663558,18328.8986364875,0.0378572218297878,1359,TRUE,region,Northeast,92.7382105094787,13.0901677697141,TRUE,2023Q4,44,20,4,0,0,1,0,0,1,1,1,18
2023,4,2,19,male,874,872,2,420325.44538828,16014.9791601654,0.0381013791477017,1213,TRUE,region,Northeast,207.934116192426,12.9487845601749,TRUE,2023Q4,44,20,4,0,0,1,0,0,1,1,1,18
2023,4,3,15,combined,1,1,0,1136807.51340916,36530.8924854265,0.0321346332202489,1578,TRUE,region,Southeast,0.0879656395831789,13.9437344650053,TRUE,2023Q4,44,20,4,1,0,1,0,0,1,1,1,18
2023,4,3,16,combined,474,473,1,1137039.62250538,38579.885741703,0.0339301155193652,1549,TRUE,region,Southeast,41.6872016258833,13.9439386204152,TRUE,2023Q4,44,20,4,0,0,1,0,0,1,1,1,18
2023,4,3,17,combined,813,812,1,1196669.40130423,38329.807703721,0.0320304067789701,1616,TRUE,region,Southeast,67.9385634089018,13.9950527570062,TRUE,2023Q4,44,20,4,0,0,1,0,0,1,1,1,18
2023,4,3,18,combined,2773,2768,5,1174811.27888057,38588.8643726534,0.0328468623568401,1607,TRUE,region,Southeast,236.03791092662,13.976618078942,TRUE,2023Q4,44,20,4,0,0,1,0,0,1,1,1,18
2023,4,3,19,combined,4166,4156,10,1145127.73985282,37812.7741238104,0.0330205729962234,1494,TRUE,region,Southeast,363.802207824906,13.951026751938,TRUE,2023Q4,44,20,4,0,0,1,0,0,1,1,1,18
2023,4,3,15,female,0,0,0,548070.85592191,25372.2680638456,0.0462937734960691,743,TRUE,region,Southeast,0,13.2141598566993,TRUE,2023Q4,44,20,4,1,0,1,0,0,1,1,1,18
2023,4,3,16,female,450,450,0,573631.12843517,27708.260935719,0.0483032728912488,758,TRUE,region,Southeast,78.4476256069945,13.2597418353362,TRUE,2023Q4,44,20,4,0,0,1,0,0,1,1,1,18
2023,4,3,17,female,721,720,1,579824.28863841,26765.5153754506,0.0461614249349635,789,TRUE,region,Southeast,124.348016136597,13.2704803860004,TRUE,2023Q4,44,20,4,0,0,1,0,0,1,1,1,18
2023,4,3,18,female,2159,2154,5,564231.92686969,25395.2772603992,0.0450085790098587,766,TRUE,region,Southeast,382.644068367054,13.2432206638074,TRUE,2023Q4,44,20,4,0,0,1,0,0,1,1,1,18
2023,4,3,19,female,2944,2939,5,568028.94609051,26781.31960509,0.0471478078527757,711,TRUE,region,Southeast,518.28344669092,13.2499276578318,TRUE,2023Q4,44,20,4,0,0,1,0,0,1,1,1,18
2023,4,3,15,male,1,1,0,588736.65748725,26090.1689635417,0.0443155163378063,835,TRUE,region,Southeast,0.169855229376753,13.2857342616139,TRUE,2023Q4,44,20,4,1,0,1,0,0,1,1,1,18
2023,4,3,16,male,24,23,1,563408.49407021,26154.4581757176,0.0464218385966654,791,TRUE,region,Southeast,4.25978668277039,13.2417602107577,TRUE,2023Q4,44,20,4,0,0,1,0,0,1,1,1,18
2023,4,3,17,male,92,92,0,616845.11266582,27522.4524807733,0.0446180928010104,827,TRUE,region,Southeast,14.9146030520374,13.3323732384169,TRUE,2023Q4,44,20,4,0,0,1,0,0,1,1,1,18
2023,4,3,18,male,614,614,0,610579.35201088,27809.9885423833,0.0455468866590296,841,TRUE,region,Southeast,100.560229882955,13.3221635428102,TRUE,2023Q4,44,20,4,0,0,1,0,0,1,1,1,18
2023,4,3,19,male,1222,1217,5,577098.79376231,25722.5656244918,0.0445722047984148,783,TRUE,region,Southeast,211.748839749491,13.2657687505259,TRUE,2023Q4,44,20,4,0,0,1,0,0,1,1,1,18
2023,4,4,15,combined,8,8,0,400126.8406552,15348.9016624112,0.0383600901086207,956,TRUE,region,South,1.99936599776715,12.899536877462,TRUE,2023Q4,44,20,4,1,0,1,0,0,1,1,1,18
2023,4,4,16,combined,250,250,0,388645.69706778,15233.6027329722,0.0391966329433345,960,TRUE,region,South,64.3259405381761,12.8704234031132,TRUE,2023Q4,44,20,4,0,0,1,0,0,1,1,1,18
2023,4,4,17,combined,358,358,0,400105.65359821,15050.292544554,0.0376157957509584,982,TRUE,region,South,89.4763662498774,12.8994839252084,TRUE,2023Q4,44,20,4,0,0,1,0,0,1,1,1,18
2023,4,4,18,combined,1115,1113,2,427213.92368264,16985.690396501,0.0397592153600289,1031,TRUE,region,South,260.993366131083,12.9650401589871,TRUE,2023Q4,44,20,4,0,0,1,0,0,1,1,1,18
2023,4,4,19,combined,1521,1515,6,377958.48397526,15210.4526658673,0.0402437127641323,927,TRUE,region,South,402.42515103843,12.8425396378166,TRUE,2023Q4,44,20,4,0,0,1,0,0,1,1,1,18
2023,4,4,15,female,8,8,0,204658.95781937,11183.6530478375,0.0546453141704557,484,TRUE,region,South,3.9089420200511,12.2291002523741,TRUE,2023Q4,44,20,4,1,0,1,0,0,1,1,1,18
2023,4,4,16,female,235,235,0,192716.18504179,10615.7220004918,0.0550847454674851,468,TRUE,region,South,121.940977582677,12.1689738417513,TRUE,2023Q4,44,20,4,0,0,1,0,0,1,1,1,18
2023,4,4,17,female,313,313,0,183080.25684697,9723.83805048905,0.0531124339563105,446,TRUE,region,South,170.963273370118,12.1176798976887,TRUE,2023Q4,44,20,4,0,0,1,0,0,1,1,1,18
2023,4,4,18,female,837,835,2,214835.28868243,12618.3158239589,0.0587348377510334,498,TRUE,region,South,389.600798422486,12.2776269143544,TRUE,2023Q4,44,20,4,0,0,1,0,0,1,1,1,18
2023,4,4,19,female,1042,1039,3,169601.36087032,9811.66017843147,0.0578513057211471,416,TRUE,region,South,614.381862653054,12.0412060263073,TRUE,2023Q4,44,20,4,0,0,1,0,0,1,1,1,18
2023,4,4,15,male,0,0,0,195467.88283583,10460.6787533693,0.0535160999423882,472,TRUE,region,South,0,12.1831513627421,TRUE,2023Q4,44,20,4,1,0,1,0,0,1,1,1,18
2023,4,4,16,male,15,15,0,195929.51202599,10957.5282158455,0.055925868964508,492,TRUE,region,South,7.65581450435617,12.1855102410089,TRUE,2023Q4,44,20,4,0,0,1,0,0,1,1,1,18
2023,4,4,17,male,45,45,0,217025.39675124,11335.4820832665,0.0522311317152414,536,TRUE,region,South,20.7349004649351,12.2877696613945,TRUE,2023Q4,44,20,4,0,0,1,0,0,1,1,1,18
2023,4,4,18,male,278,278,0,212378.63500021,11455.3879175961,0.0539385137190696,533,TRUE,region,South,130.89828927459,12.2661259747793,TRUE,2023Q4,44,20,4,0,0,1,0,0,1,1,1,18
2023,4,4,19,male,479,476,3,208357.12310494,11609.0833534083,0.0557172376946351,511,TRUE,region,South,229.893748225132,12.2470088244349,TRUE,2023Q4,44,20,4,0,0,1,0,0,1,1,1,18
2023,4,5,15,combined,0,0,0,240487.53768018,11666.1009851695,0.0485102101244185,657,TRUE,region,Central-West,0,12.3904235488077,TRUE,2023Q4,44,20,4,1,0,1,0,0,1,1,1,18
2023,4,5,16,combined,142,142,0,246086.82522182,10817.6567269943,0.0439586991999405,682,TRUE,region,Central-West,57.7032109996148,12.4134397006992,TRUE,2023Q4,44,20,4,0,0,1,0,0,1,1,1,18
2023,4,5,17,combined,255,254,1,242905.65116039,11714.8759527358,0.0482280914288014,659,TRUE,region,Central-West,104.979031480673,12.4004283800979,TRUE,2023Q4,44,20,4,0,0,1,0,0,1,1,1,18
2023,4,5,18,combined,813,809,4,240845.3853006,11893.6139474239,0.0493827769736151,679,TRUE,region,Central-West,337.560962185467,12.3919104518192,TRUE,2023Q4,44,20,4,0,0,1,0,0,1,1,1,18
2023,4,5,19,combined,1063,1062,1,236288.92347246,10930.2639499433,0.0462580462482714,635,TRUE,region,Central-West,449.872970928278,12.3728105872243,TRUE,2023Q4,44,20,4,0,0,1,0,0,1,1,1,18
2023,4,5,15,female,0,0,0,116124.05835578,8129.24092713733,0.0700047952357213,309,TRUE,region,Central-West,0,11.6624143671987,TRUE,2023Q4,44,20,4,1,0,1,0,0,1,1,1,18
2023,4,5,16,female,136,136,0,131779.34380981,8143.03840520685,0.061792980369968,355,TRUE,region,Central-West,103.202820767025,11.7888841650186,TRUE,2023Q4,44,20,4,0,0,1,0,0,1,1,1,18
2023,4,5,17,female,223,222,1,130757.65356737,8785.79777037613,0.0671914609254551,334,TRUE,region,Central-West,170.544510333465,11.7811009161021,TRUE,2023Q4,44,20,4,0,0,1,0,0,1,1,1,18
2023,4,5,18,female,615,612,3,122578.53293356,8180.71222665819,0.0667385392113666,338,TRUE,region,Central-West,501.719171605147,11.7165071887315,TRUE,2023Q4,44,20,4,0,0,1,0,0,1,1,1,18
2023,4,5,19,female,727,726,1,122019.34021804,7662.90462412259,0.0628007380668467,324,TRUE,region,Central-West,595.807188189104,11.7119348375288,TRUE,2023Q4,44,20,4,0,0,1,0,0,1,1,1,18
2023,4,5,15,male,0,0,0,124363.4793244,7667.40876080261,0.0616532184726217,348,TRUE,region,Central-West,0,11.7309638416231,TRUE,2023Q4,44,20,4,1,0,1,0,0,1,1,1,18
2023,4,5,16,male,6,6,0,114307.48141201,7273.78049717414,0.0636334595717013,327,TRUE,region,Central-West,5.24900026304804,11.6466473018142,TRUE,2023Q4,44,20,4,0,0,1,0,0,1,1,1,18
2023,4,5,17,male,32,32,0,112147.99759302,7339.64295637898,0.0654460455282868,325,TRUE,region,Central-West,28.5337239066243,11.6275746850678,TRUE,2023Q4,44,20,4,0,0,1,0,0,1,1,1,18
2023,4,5,18,male,198,197,1,118266.85236704,7580.50743699049,0.0640966364223888,341,TRUE,region,Central-West,167.418000933608,11.6806988109318,TRUE,2023Q4,44,20,4,0,0,1,0,0,1,1,1,18
2023,4,5,19,male,336,336,0,114269.58325442,7380.89419833884,0.0645919411634272,311,TRUE,region,Central-West,294.041502936,11.6463157011088,TRUE,2023Q4,44,20,4,0,0,1,0,0,1,1,1,18
2024,1,1,15,combined,5,5,0,325056.56660362,12873.6165889032,0.0396042348056963,1171,TRUE,region,North,1.53819381415454,12.6917544972548,TRUE,2024Q1,45,21,1,1,0,1,0,0,1,1,1,19
2024,1,1,16,combined,153,153,0,321970.73871825,12921.5063410326,0.0401325486672251,1131,TRUE,region,North,47.5198462472353,12.6822159468515,TRUE,2024Q1,45,21,1,0,0,1,0,0,1,1,1,19
2024,1,1,17,combined,264,264,0,333044.8815606,13187.7819193184,0.0395976117618815,1208,TRUE,region,North,79.2685955006828,12.7160325393419,TRUE,2024Q1,45,21,1,0,0,1,0,0,1,1,1,19
2024,1,1,18,combined,559,559,0,341715.15261242,14174.4489756019,0.0414803056500067,1217,TRUE,region,North,163.586541517528,12.7417327819034,TRUE,2024Q1,45,21,1,0,0,1,0,0,1,1,1,19
2024,1,1,19,combined,675,674,1,304776.13108688,12313.2287232084,0.0404008958290057,1098,TRUE,region,North,221.474036563442,12.6273327896458,TRUE,2024Q1,45,21,1,0,0,1,0,0,1,1,1,19
2024,1,1,15,female,5,5,0,144992.74425996,7908.47705904869,0.0545439504536134,526,TRUE,region,North,3.44844842100196,11.8844389805642,TRUE,2024Q1,45,21,1,1,0,1,0,0,1,1,1,19
2024,1,1,16,female,146,146,0,151569.76797138,8267.20031304922,0.0545438607164079,527,TRUE,region,North,96.325277760911,11.9288013125898,TRUE,2024Q1,45,21,1,0,0,1,0,0,1,1,1,19
2024,1,1,17,female,232,232,0,157319.50356639,8933.89799039641,0.0567882416856613,579,TRUE,region,North,147.470589939978,11.966034070975,TRUE,2024Q1,45,21,1,0,0,1,0,0,1,1,1,19
2024,1,1,18,female,435,435,0,167642.25029266,8808.38823168174,0.0525427701925056,578,TRUE,region,North,259.48112676882,12.0295875253124,TRUE,2024Q1,45,21,1,0,0,1,0,0,1,1,1,19
2024,1,1,19,female,448,447,1,150744.58068782,8436.54816897968,0.0559658471998479,528,TRUE,region,North,297.191446588566,11.9233421649404,TRUE,2024Q1,45,21,1,0,0,1,0,0,1,1,1,19
2024,1,1,15,male,0,0,0,180063.82234366,10071.2263682101,0.0559314260750764,645,TRUE,region,North,0,12.1010666356037,TRUE,2024Q1,45,21,1,1,0,1,0,0,1,1,1,19
2024,1,1,16,male,7,7,0,170400.97074687,9302.97613949389,0.0545946193775705,604,TRUE,region,North,4.10795781815027,12.0459095902324,TRUE,2024Q1,45,21,1,0,0,1,0,0,1,1,1,19
2024,1,1,17,male,32,32,0,175725.37799421,9626.48474676341,0.0547814143673693,629,TRUE,region,North,18.2102325601794,12.0766777030972,TRUE,2024Q1,45,21,1,0,0,1,0,0,1,1,1,19
2024,1,1,18,male,124,124,0,174072.90231976,10049.7309525713,0.0577328855821028,639,TRUE,region,North,71.2345220580171,12.0672294692987,TRUE,2024Q1,45,21,1,0,0,1,0,0,1,1,1,19
2024,1,1,19,male,227,227,0,154031.55039906,8965.30460077782,0.0582043391600669,570,TRUE,region,North,147.372404816997,11.9449127331334,TRUE,2024Q1,45,21,1,0,0,1,0,0,1,1,1,19
2024,1,2,15,combined,15,15,0,893481.71967725,22702.1060115981,0.0254085847663439,2578,TRUE,region,Northeast,1.67882561776624,13.7028811541415,TRUE,2024Q1,45,21,1,1,0,1,0,0,1,1,1,19
2024,1,2,16,combined,371,371,0,894202.40436164,22839.1793356731,0.0255413978135943,2531,TRUE,region,Northeast,41.4894880835008,13.7036874316194,TRUE,2024Q1,45,21,1,0,0,1,0,0,1,1,1,19
2024,1,2,17,combined,566,566,0,902196.06470847,24385.5448097795,0.0270290968489863,2587,TRUE,region,Northeast,62.7358090043203,13.7125871420632,TRUE,2024Q1,45,21,1,0,0,1,0,0,1,1,1,19
2024,1,2,18,combined,1529,1525,4,920621.8528649,24614.169717827,0.0267364604057895,2590,TRUE,region,Northeast,166.083391920567,13.7328046477165,TRUE,2024Q1,45,21,1,0,0,1,0,0,1,1,1,19
2024,1,2,19,combined,2001,1997,4,842399.05571661,23842.0354357016,0.0283025429265465,2286,TRUE,region,Northeast,237.535878800077,13.6440091188571,TRUE,2024Q1,45,21,1,0,0,1,0,0,1,1,1,19
2024,1,2,15,female,14,14,0,442715.38973551,15914.3530294659,0.035947142110812,1257,TRUE,region,Northeast,3.16230253670738,13.0006823814671,TRUE,2024Q1,45,21,1,1,0,1,0,0,1,1,1,19
2024,1,2,16,female,347,347,0,443767.68861981,16145.2842761119,0.03638228895467,1227,TRUE,region,Northeast,78.1940661518703,13.0030564806558,TRUE,2024Q1,45,21,1,0,0,1,0,0,1,1,1,19
2024,1,2,17,female,495,495,0,436510.03620478,16731.1131650462,0.038329274878796,1237,TRUE,region,Northeast,113.39945452429,12.9865666464483,TRUE,2024Q1,45,21,1,0,0,1,0,0,1,1,1,19
2024,1,2,18,female,1212,1209,3,430267.28454801,16377.1145759096,0.0380626535273615,1178,TRUE,region,Northeast,281.685371750536,12.9721618865336,TRUE,2024Q1,45,21,1,0,0,1,0,0,1,1,1,19
2024,1,2,19,female,1373,1369,4,419914.33858349,17060.2863512196,0.0406280157252301,1101,TRUE,region,Northeast,326.971449613172,12.9478060137042,TRUE,2024Q1,45,21,1,0,0,1,0,0,1,1,1,19
2024,1,2,15,male,1,1,0,450766.32994174,15652.7052181655,0.0347246548343319,1321,TRUE,region,Northeast,0.221844431044627,13.0187043687881,TRUE,2024Q1,45,21,1,1,0,1,0,0,1,1,1,19
2024,1,2,16,male,24,24,0,450434.71574183,15728.5530422789,0.0349186074975931,1304,TRUE,region,Northeast,5.32818611915245,13.0179684304168,TRUE,2024Q1,45,21,1,0,0,1,0,0,1,1,1,19
2024,1,2,17,male,71,71,0,465686.02850369,17079.4553933526,0.0366759025350861,1350,TRUE,region,Northeast,15.2463238435845,13.0512669274547,TRUE,2024Q1,45,21,1,0,0,1,0,0,1,1,1,19
2024,1,2,18,male,317,316,1,490354.56831689,17355.9454565312,0.0353946849442115,1412,TRUE,region,Northeast,64.6470983411212,13.1028840172182,TRUE,2024Q1,45,21,1,0,0,1,0,0,1,1,1,19
2024,1,2,19,male,628,628,0,422484.71713312,16992.1150588411,0.0402194786456312,1185,TRUE,region,Northeast,148.64443009003,12.9539085526591,TRUE,2024Q1,45,21,1,0,0,1,0,0,1,1,1,19
2024,1,3,15,combined,0,0,0,1141120.30248195,36819.155274833,0.0322657963360663,1604,TRUE,region,Southeast,0,13.9475210592914,TRUE,2024Q1,45,21,1,1,0,1,0,0,1,1,1,19
2024,1,3,16,combined,345,345,0,1158926.09485301,38541.2555289311,0.033256008040633,1553,TRUE,region,Southeast,29.7689388074187,13.9630043539842,TRUE,2024Q1,45,21,1,0,0,1,0,0,1,1,1,19
2024,1,3,17,combined,530,527,3,1166588.21516127,36529.481501738,0.0313130897663732,1642,TRUE,region,Southeast,45.4316264395601,13.9695939913831,TRUE,2024Q1,45,21,1,0,0,1,0,0,1,1,1,19
2024,1,3,18,combined,2000,1991,9,1172318.3523532,38022.5646211921,0.032433651273026,1607,TRUE,region,Southeast,170.602123218953,13.9744938439346,TRUE,2024Q1,45,21,1,0,0,1,0,0,1,1,1,19
2024,1,3,19,combined,2866,2852,14,1107788.51447139,36948.2182594575,0.0333531335419995,1493,TRUE,region,Southeast,258.713640966713,13.9178762566554,TRUE,2024Q1,45,21,1,0,0,1,0,0,1,1,1,19
2024,1,3,15,female,0,0,0,554401.78896213,25779.8819221853,0.046500358468263,775,TRUE,region,Southeast,0,13.2256449536963,TRUE,2024Q1,45,21,1,1,0,1,0,0,1,1,1,19
2024,1,3,16,female,323,323,0,547482.41347831,25590.0593956314,0.0467413359144279,725,TRUE,region,Southeast,58.9973288727011,13.2130856186561,TRUE,2024Q1,45,21,1,0,0,1,0,0,1,1,1,19
2024,1,3,17,female,463,461,2,567357.70258806,26059.3882112169,0.0459311437781568,806,TRUE,region,Southeast,81.6063654177917,13.2487452525579,TRUE,2024Q1,45,21,1,0,0,1,0,0,1,1,1,19
2024,1,3,18,female,1564,1559,5,583559.91174986,26201.6783591427,0.0448997229445978,778,TRUE,region,Southeast,268.010185159943,13.2769024019586,TRUE,2024Q1,45,21,1,0,0,1,0,0,1,1,1,19
2024,1,3,19,female,1969,1956,13,514360.4719432,24428.7506164027,0.0474934446733696,705,TRUE,region,Southeast,382.805465700217,13.1506796059188,TRUE,2024Q1,45,21,1,0,0,1,0,0,1,1,1,19
2024,1,3,15,male,0,0,0,586718.51351982,25418.7266583069,0.0433235462535787,829,TRUE,region,Southeast,0,13.2823004497592,TRUE,2024Q1,45,21,1,1,0,1,0,0,1,1,1,19
2024,1,3,16,male,22,22,0,611443.6813747,28498.6911253454,0.0466088570271462,828,TRUE,region,Southeast,3.59804192440712,13.323578130726,TRUE,2024Q1,45,21,1,0,0,1,0,0,1,1,1,19
2024,1,3,17,male,67,66,1,599230.51257321,25926.4653684695,0.0432662636906393,836,TRUE,region,Southeast,11.1810060726529,13.3034016320736,TRUE,2024Q1,45,21,1,0,0,1,0,0,1,1,1,19
2024,1,3,18,male,436,432,4,588758.44060334,27067.1611282899,0.0459732876195412,829,TRUE,region,Southeast,74.0541400227234,13.2857712606913,TRUE,2024Q1,45,21,1,0,0,1,0,0,1,1,1,19
2024,1,3,19,male,897,896,1,593428.04252819,26807.8401706643,0.0451745422350695,788,TRUE,region,Southeast,151.155647478083,13.2936712431004,TRUE,2024Q1,45,21,1,0,0,1,0,0,1,1,1,19
2024,1,4,15,combined,6,6,0,389427.9888198,14538.1128393955,0.0373319670305533,974,TRUE,region,South,1.54072130721359,12.8724342461215,TRUE,2024Q1,45,21,1,1,0,1,0,0,1,1,1,19
2024,1,4,16,combined,184,183,1,395544.80630798,15985.59110575,0.0404141094784171,971,TRUE,region,South,46.5181180654243,12.8880193500586,TRUE,2024Q1,45,21,1,0,0,1,0,0,1,1,1,19
2024,1,4,17,combined,297,297,0,387643.66589304,14481.5765689502,0.0373579600110015,1003,TRUE,region,South,76.616755575196,12.8678418097562,TRUE,2024Q1,45,21,1,0,0,1,0,0,1,1,1,19
2024,1,4,18,combined,894,891,3,439743.79979018,16520.4968037497,0.0375684587517375,1099,TRUE,region,South,203.300194437435,12.9939475631034,TRUE,2024Q1,45,21,1,0,0,1,0,0,1,1,1,19
2024,1,4,19,combined,1115,1110,5,381810.42013025,15178.2039908253,0.039753247136753,941,TRUE,region,South,292.029745971739,12.8526794820183,TRUE,2024Q1,45,21,1,0,0,1,0,0,1,1,1,19
2024,1,4,15,female,6,6,0,202776.09562303,10775.9344794695,0.0531420355360942,494,TRUE,region,South,2.95892865555232,12.2198576720704,TRUE,2024Q1,45,21,1,1,0,1,0,0,1,1,1,19
2024,1,4,16,female,170,169,1,201522.78438215,10903.3537998427,0.0541048191313522,495,TRUE,region,South,84.3577070062842,12.2136577278333,TRUE,2024Q1,45,21,1,0,0,1,0,0,1,1,1,19
2024,1,4,17,female,261,261,0,184154.04913909,9979.88036105384,0.0541931084747212,462,TRUE,region,South,141.729167086013,12.123527909897,TRUE,2024Q1,45,21,1,0,0,1,0,0,1,1,1,19
2024,1,4,18,female,679,677,2,214717.93948207,11386.0415300532,0.0530279004982905,519,TRUE,region,South,316.228817041484,12.2770805364176,TRUE,2024Q1,45,21,1,0,0,1,0,0,1,1,1,19
2024,1,4,19,female,733,730,3,187839.68116673,10511.8681241674,0.0559619142178848,452,TRUE,region,South,390.226386377528,12.1433441182542,TRUE,2024Q1,45,21,1,0,0,1,0,0,1,1,1,19
2024,1,4,15,male,0,0,0,186651.89319677,9639.14915662941,0.0516423862171478,480,TRUE,region,South,0,12.1370006273225,TRUE,2024Q1,45,21,1,1,0,1,0,0,1,1,1,19
2024,1,4,16,male,14,14,0,194022.02192583,10703.730151987,0.0551676044077039,476,TRUE,region,South,7.21567575733845,12.1757269466847,TRUE,2024Q1,45,21,1,0,0,1,0,0,1,1,1,19
2024,1,4,17,male,36,36,0,203489.61675395,10306.3963044193,0.0506482663284057,541,TRUE,region,South,17.691320360355,12.2233702592409,TRUE,2024Q1,45,21,1,0,0,1,0,0,1,1,1,19
2024,1,4,18,male,215,214,1,225025.86030811,11557.8808748589,0.0513624561151932,580,TRUE,region,South,95.5445741683279,12.3239706092848,TRUE,2024Q1,45,21,1,0,0,1,0,0,1,1,1,19
2024,1,4,19,male,382,380,2,193970.73896352,10581.6925408585,0.0545530351505677,489,TRUE,region,South,196.936920507295,12.1754625965845,TRUE,2024Q1,45,21,1,0,0,1,0,0,1,1,1,19
2024,1,5,15,combined,0,0,0,232643.93447969,10981.6771347544,0.0472037973365392,670,TRUE,region,Central-West,0,12.3572643854938,TRUE,2024Q1,45,21,1,1,0,1,0,0,1,1,1,19
2024,1,5,16,combined,119,119,0,237962.62891646,11095.7616149274,0.046628168739986,655,TRUE,region,Central-West,50.0078523009496,12.3798689189651,TRUE,2024Q1,45,21,1,0,0,1,0,0,1,1,1,19
2024,1,5,17,combined,166,166,0,240301.8231837,11846.0372211535,0.0492964933191444,672,TRUE,region,Central-West,69.0797921550102,12.3896510088106,TRUE,2024Q1,45,21,1,0,0,1,0,0,1,1,1,19
2024,1,5,18,combined,603,601,2,244608.62535275,11380.7715248877,0.0465264522396765,692,TRUE,region,Central-West,246.516245749885,12.4074147647073,TRUE,2024Q1,45,21,1,0,0,1,0,0,1,1,1,19
2024,1,5,19,combined,749,749,0,233659.90472559,10777.9198005812,0.0461265265567867,634,TRUE,region,Central-West,320.5513589846,12.361621938523,TRUE,2024Q1,45,21,1,0,0,1,0,0,1,1,1,19
2024,1,5,15,female,0,0,0,103934.60203553,7363.25661621833,0.0708450936647759,300,TRUE,region,Central-West,0,11.5515171537477,TRUE,2024Q1,45,21,1,1,0,1,0,0,1,1,1,19
2024,1,5,16,female,110,110,0,115249.35752109,7508.61992157042,0.0651510783493642,311,TRUE,region,Central-West,95.4452175404714,11.654853386189,TRUE,2024Q1,45,21,1,0,0,1,0,0,1,1,1,19
2024,1,5,17,female,141,141,0,129086.63826214,8282.40037470414,0.0641615622360916,357,TRUE,region,Central-West,109.228965831202,11.768239072347,TRUE,2024Q1,45,21,1,0,0,1,0,0,1,1,1,19
2024,1,5,18,female,471,470,1,122020.29682139,7855.56152662362,0.0643791379898246,340,TRUE,region,Central-West,386.001355733003,11.7119426772663,TRUE,2024Q1,45,21,1,0,0,1,0,0,1,1,1,19
2024,1,5,19,female,521,521,0,121304.49068208,8036.92477395442,0.0662541405414078,316,TRUE,region,Central-West,429.49770208051,11.7060591155336,TRUE,2024Q1,45,21,1,0,0,1,0,0,1,1,1,19
2024,1,5,15,male,0,0,0,128709.33244416,8169.71810597202,0.0634741704492673,370,TRUE,region,Central-West,0,11.7653119041189,TRUE,2024Q1,45,21,1,1,0,1,0,0,1,1,1,19
2024,1,5,16,male,9,9,0,122713.27139537,8009.43046413529,0.0652694722670191,344,TRUE,region,Central-West,7.33417005158545,11.7176057861814,TRUE,2024Q1,45,21,1,0,0,1,0,0,1,1,1,19
2024,1,5,17,male,25,25,0,111215.18492156,7717.57800667343,0.0693932039236965,315,TRUE,region,Central-West,22.4789447750615,11.6192222065258,TRUE,2024Q1,45,21,1,0,0,1,0,0,1,1,1,19
2024,1,5,18,male,132,131,1,122588.32853136,7740.82108201066,0.0631448456370008,352,TRUE,region,Central-West,107.677461289663,11.7165870983714,TRUE,2024Q1,45,21,1,0,0,1,0,0,1,1,1,19
2024,1,5,19,male,228,228,0,112355.41404351,7070.72898743624,0.0629318048233802,318,TRUE,region,Central-West,202.927470777426,11.6294224655357,TRUE,2024Q1,45,21,1,0,0,1,0,0,1,1,1,19
2024,2,1,15,combined,10,10,0,323328.03297286,12600.4846602395,0.0389712099640217,1164,TRUE,region,North,3.0928342055758,12.6864226688096,TRUE,2024Q2,46,22,2,1,0,1,0,0,1,1,1,20
2024,2,1,16,combined,195,195,0,324557.99607359,12766.8307169665,0.0393360535602759,1165,TRUE,region,North,60.0817118539843,12.6902195235748,TRUE,2024Q2,46,22,2,0,0,1,0,0,1,1,1,20
2024,2,1,17,combined,306,306,0,323697.26031405,12800.631797642,0.0395450730266386,1151,TRUE,region,North,94.5327741430743,12.687563976221,TRUE,2024Q2,46,22,2,0,0,1,0,0,1,1,1,20
2024,2,1,18,combined,797,797,0,343525.06155323,15158.4957132322,0.0441263168535475,1244,TRUE,region,North,232.006362620651,12.7470153473812,TRUE,2024Q2,46,22,2,0,0,1,0,0,1,1,1,20
2024,2,1,19,combined,1029,1029,0,306158.4937962,11973.6769315226,0.0391094063178046,1084,TRUE,region,North,336.100425384563,12.6318582004252,TRUE,2024Q2,46,22,2,0,0,1,0,0,1,1,1,20
2024,2,1,15,female,9,9,0,148676.22161822,8360.53011262431,0.0562331354780658,556,TRUE,region,North,6.05342259982283,11.9095262112434,TRUE,2024Q2,46,22,2,1,0,1,0,0,1,1,1,20
2024,2,1,16,female,187,187,0,156326.86111872,8287.99563548325,0.0530170923676966,550,TRUE,region,North,119.621157017914,11.9597043578098,TRUE,2024Q2,46,22,2,0,0,1,0,0,1,1,1,20
2024,2,1,17,female,269,269,0,152744.42863047,8533.35445987251,0.05586687865727,530,TRUE,region,North,176.111169757153,11.936521402591,TRUE,2024Q2,46,22,2,0,0,1,0,0,1,1,1,20
2024,2,1,18,female,605,605,0,165715.54558844,8972.36760887067,0.0541431860059396,595,TRUE,region,North,365.083431280815,12.0180280166872,TRUE,2024Q2,46,22,2,0,0,1,0,0,1,1,1,20
2024,2,1,19,female,713,713,0,150335.70873084,8452.3083872405,0.0562228924757554,509,TRUE,region,North,474.271885248867,11.9206261305622,TRUE,2024Q2,46,22,2,0,0,1,0,0,1,1,1,20
2024,2,1,15,male,1,1,0,174651.81135464,9553.07408627138,0.0546978242720503,608,TRUE,region,North,0.572567780570821,12.0705496215218,TRUE,2024Q2,46,22,2,1,0,1,0,0,1,1,1,20
2024,2,1,16,male,8,8,0,168231.13495487,9688.49947373505,0.0575904066529308,615,TRUE,region,North,4.75536231872067,12.033094116138,TRUE,2024Q2,46,22,2,0,0,1,0,0,1,1,1,20
2024,2,1,17,male,37,37,0,170952.83168358,9236.18894816639,0.0540277037660414,621,TRUE,region,North,21.6433969742508,12.0491429593267,TRUE,2024Q2,46,22,2,0,0,1,0,0,1,1,1,20
2024,2,1,18,male,192,192,0,177809.51596479,11025.5836108819,0.0620078377192434,649,TRUE,region,North,107.980722492951,12.0884681212416,TRUE,2024Q2,46,22,2,0,0,1,0,0,1,1,1,20
2024,2,1,19,male,316,316,0,155822.78506536,8309.34942079285,0.0533256379502361,575,TRUE,region,North,202.794475703572,11.9564746473316,TRUE,2024Q2,46,22,2,0,0,1,0,0,1,1,1,20
2024,2,2,15,combined,18,18,0,910018.92083044,23532.0285274775,0.025858834348195,2566,TRUE,region,Northeast,1.97798085160406,13.7212206703982,TRUE,2024Q2,46,22,2,1,0,1,0,0,1,1,1,20
2024,2,2,16,combined,359,359,0,897288.13720241,24176.0766319217,0.0269434929868777,2543,TRUE,region,Northeast,40.009444582573,13.7071323126509,TRUE,2024Q2,46,22,2,0,0,1,0,0,1,1,1,20
2024,2,2,17,combined,499,498,1,896297.23329048,24370.9306955105,0.0271906793754569,2543,TRUE,region,Northeast,55.6734955175612,13.7060273705288,TRUE,2024Q2,46,22,2,0,0,1,0,0,1,1,1,20
2024,2,2,18,combined,1488,1486,2,889190.00619724,24056.4818579282,0.0270543772312619,2514,TRUE,region,Northeast,167.343311286602,13.6980662219146,TRUE,2024Q2,46,22,2,0,0,1,0,0,1,1,1,20
2024,2,2,19,combined,1953,1949,4,804182.92614224,23031.5466195396,0.0286396861594969,2263,TRUE,region,Northeast,242.855193328808,13.5975820423597,TRUE,2024Q2,46,22,2,0,0,1,0,0,1,1,1,20
2024,2,2,15,female,18,18,0,451897.69896984,16791.6423350709,0.0371580611570929,1234,TRUE,region,Northeast,3.9832024020112,13.0212111034852,TRUE,2024Q2,46,22,2,1,0,1,0,0,1,1,1,20
2024,2,2,16,female,333,333,0,460319.98205065,17207.1402635647,0.0373808240670104,1256,TRUE,region,Northeast,72.340983008502,13.0396771397922,TRUE,2024Q2,46,22,2,0,0,1,0,0,1,1,1,20
2024,2,2,17,female,432,431,1,439234.52870173,17405.4142600718,0.039626698546487,1221,TRUE,region,Northeast,98.3529235000915,12.9927887833499,TRUE,2024Q2,46,22,2,0,0,1,0,0,1,1,1,20
2024,2,2,18,female,1111,1110,1,420616.53655716,16220.2688034413,0.0385630791794536,1176,TRUE,region,Northeast,264.136072512456,12.9494768580664,TRUE,2024Q2,46,22,2,0,0,1,0,0,1,1,1,20
2024,2,2,19,female,1343,1342,1,385671.32990433,15991.1842623117,0.0414632434987545,1067,TRUE,region,Northeast,348.223965813882,12.8627408088028,TRUE,2024Q2,46,22,2,0,0,1,0,0,1,1,1,20
2024,2,2,15,male,0,0,0,458121.2218606,15902.0532869468,0.034711453056819,1332,TRUE,region,Northeast,0,13.0348891046272,TRUE,2024Q2,46,22,2,1,0,1,0,0,1,1,1,20
2024,2,2,16,male,26,26,0,436968.15515176,16657.0289513383,0.0381195488846396,1287,TRUE,region,Northeast,5.95009034261779,12.9876155999162,TRUE,2024Q2,46,22,2,0,0,1,0,0,1,1,1,20
2024,2,2,17,male,67,67,0,457062.70458875,17222.1892301813,0.0376801455408121,1322,TRUE,region,Northeast,14.6588201853582,13.0325758696298,TRUE,2024Q2,46,22,2,0,0,1,0,0,1,1,1,20
2024,2,2,18,male,377,376,1,468573.46964008,16772.2620221843,0.0357943057148911,1338,TRUE,region,Northeast,80.4569666075164,13.0574481872347,TRUE,2024Q2,46,22,2,0,0,1,0,0,1,1,1,20
2024,2,2,19,male,610,607,3,418511.59623791,16990.1156046502,0.0405965229097067,1196,TRUE,region,Northeast,145.754623165384,12.9444598775789,TRUE,2024Q2,46,22,2,0,0,1,0,0,1,1,1,20
2024,2,3,15,combined,0,0,0,1177752.7240052,39764.32221802,0.0337628785801428,1584,TRUE,region,Southeast,0,13.9791187094488,TRUE,2024Q2,46,22,2,1,0,1,0,0,1,1,1,20
2024,2,3,16,combined,388,388,0,1125709.12320192,36826.1137566845,0.0327137028541955,1551,TRUE,region,Southeast,34.4671631421436,13.9339237267801,TRUE,2024Q2,46,22,2,0,0,1,0,0,1,1,1,20
2024,2,3,17,combined,609,607,2,1146358.73859208,36155.3933315825,0.0315393359115379,1593,TRUE,region,Southeast,53.1247313339238,13.9521011626921,TRUE,2024Q2,46,22,2,0,0,1,0,0,1,1,1,20
2024,2,3,18,combined,2102,2092,10,1162164.63986271,37421.7864060835,0.0322000731415337,1609,TRUE,region,Southeast,180.86938183288,13.9657948929862,TRUE,2024Q2,46,22,2,0,0,1,0,0,1,1,1,20
2024,2,3,19,combined,3081,3064,17,1127731.17622782,38158.2792707256,0.0338363256023145,1503,TRUE,region,Southeast,273.203407420705,13.9357183636907,TRUE,2024Q2,46,22,2,0,0,1,0,0,1,1,1,20
2024,2,3,15,female,0,0,0,574010.13350043,27780.8698712658,0.0483978735738557,764,TRUE,region,Southeast,0,13.2604023293278,TRUE,2024Q2,46,22,2,1,0,1,0,0,1,1,1,20
2024,2,3,16,female,365,365,0,545273.03093086,25779.7736229563,0.0472786515389299,712,TRUE,region,Southeast,66.9389423821113,13.2090419223848,TRUE,2024Q2,46,22,2,0,0,1,0,0,1,1,1,20
2024,2,3,17,female,535,533,2,557610.39171985,25422.0738058415,0.0455911047988751,776,TRUE,region,Southeast,95.9451272688602,13.2314157747682,TRUE,2024Q2,46,22,2,0,0,1,0,0,1,1,1,20
2024,2,3,18,female,1616,1610,6,561677.77798003,26470.4756497594,0.047127510981395,760,TRUE,region,Southeast,287.709441846114,13.2386836156586,TRUE,2024Q2,46,22,2,0,0,1,0,0,1,1,1,20
2024,2,3,19,female,2166,2154,12,534890.56641508,25864.9190789488,0.0483555342026305,719,TRUE,region,Southeast,404.94264359846,13.1898174561983,TRUE,2024Q2,46,22,2,0,0,1,0,0,1,1,1,20
2024,2,3,15,male,0,0,0,603742.59050477,26580.4316555075,0.0440260999862283,820,TRUE,region,Southeast,0,13.3109032114177,TRUE,2024Q2,46,22,2,1,0,1,0,0,1,1,1,20
2024,2,3,16,male,23,23,0,580436.09227106,26508.6389140638,0.045670211186117,839,TRUE,region,Southeast,3.96253787561838,13.271534983226,TRUE,2024Q2,46,22,2,0,0,1,0,0,1,1,1,20
2024,2,3,17,male,74,74,0,588748.34687223,25567.37515728,0.0434266614812741,817,TRUE,region,Southeast,12.5690374152438,13.2857541164485,TRUE,2024Q2,46,22,2,0,0,1,0,0,1,1,1,20
2024,2,3,18,male,486,482,4,600486.86188268,26882.9889614764,0.044768654683287,849,TRUE,region,Southeast,80.934326935358,13.3054960416328,TRUE,2024Q2,46,22,2,0,0,1,0,0,1,1,1,20
2024,2,3,19,male,915,910,5,592840.60981274,27165.175021794,0.0458220549877219,784,TRUE,region,Southeast,154.341653532983,13.2926808556999,TRUE,2024Q2,46,22,2,0,0,1,0,0,1,1,1,20
2024,2,4,15,combined,5,5,0,381726.19999394,14675.4589201404,0.0384449873243529,936,TRUE,region,South,1.30983935608281,12.8524588766552,TRUE,2024Q2,46,22,2,1,0,1,0,0,1,1,1,20
2024,2,4,16,combined,166,166,0,404757.81082194,15573.8541541962,0.0384769700245448,995,TRUE,region,South,41.0121795211078,12.9110441692461,TRUE,2024Q2,46,22,2,0,0,1,0,0,1,1,1,20
2024,2,4,17,combined,280,279,1,373285.18999228,14212.9224090701,0.0380752378881252,967,TRUE,region,South,75.0096729007092,12.8300979909099,TRUE,2024Q2,46,22,2,0,0,1,0,0,1,1,1,20
2024,2,4,18,combined,799,796,3,423256.47164295,15813.8226261745,0.0373622701261722,1042,TRUE,region,South,188.774431941591,12.955733590234,TRUE,2024Q2,46,22,2,0,0,1,0,0,1,1,1,20
2024,2,4,19,combined,1094,1090,4,377803.56871284,15394.1778575619,0.0407465125594477,923,TRUE,region,South,289.568466419523,12.8421296800421,TRUE,2024Q2,46,22,2,0,0,1,0,0,1,1,1,20
2024,2,4,15,female,5,5,0,177795.31809699,10005.2852610447,0.0562741773413105,441,TRUE,region,South,2.8122225340447,12.0883882693024,TRUE,2024Q2,46,22,2,1,0,1,0,0,1,1,1,20
2024,2,4,16,female,156,156,0,206881.58428209,10802.2820045576,0.0522148070455045,504,TRUE,region,South,75.4054550294282,12.2399018519524,TRUE,2024Q2,46,22,2,0,0,1,0,0,1,1,1,20
2024,2,4,17,female,243,242,1,191437.45302427,10346.9443421175,0.0540486941225956,483,TRUE,region,South,126.934409208418,12.1623164181909,TRUE,2024Q2,46,22,2,0,0,1,0,0,1,1,1,20
2024,2,4,18,female,597,594,3,192760.98402997,10500.6313628552,0.0544748794248872,471,TRUE,region,South,309.709977360968,12.1692062756902,TRUE,2024Q2,46,22,2,0,0,1,0,0,1,1,1,20
2024,2,4,19,female,751,748,3,186600.09640618,10674.5307772113,0.0572053872575481,437,TRUE,region,South,402.464958198772,12.1367230840414,TRUE,2024Q2,46,22,2,0,0,1,0,0,1,1,1,20
2024,2,4,15,male,0,0,0,203930.88189695,10968.8929746909,0.0537873071143471,495,TRUE,region,South,0,12.2255364011852,TRUE,2024Q2,46,22,2,1,0,1,0,0,1,1,1,20
2024,2,4,16,male,10,10,0,197876.22653985,10553.681194223,0.0533347607176936,491,TRUE,region,South,5.0536641894099,12.195396995723,TRUE,2024Q2,46,22,2,0,0,1,0,0,1,1,1,20
2024,2,4,17,male,37,37,0,181847.73696801,9964.92629091507,0.0547981869725883,484,TRUE,region,South,20.346692577488,12.1109250058395,TRUE,2024Q2,46,22,2,0,0,1,0,0,1,1,1,20
2024,2,4,18,male,202,202,0,230495.48761298,11540.4538327554,0.0500680249850824,571,TRUE,region,South,87.6372904701605,12.3479865647109,TRUE,2024Q2,46,22,2,0,0,1,0,0,1,1,1,20
2024,2,4,19,male,343,342,1,191203.47230666,10775.8281067266,0.0563579101191419,486,TRUE,region,South,179.390047608488,12.1610934400342,TRUE,2024Q2,46,22,2,0,0,1,0,0,1,1,1,20
2024,2,5,15,combined,2,2,0,241270.11828375,11436.6285991438,0.0474017614800252,666,TRUE,region,Central-West,0.828946416666429,12.3936724075741,TRUE,2024Q2,46,22,2,1,0,1,0,0,1,1,1,20
2024,2,5,16,combined,117,117,0,236253.47343672,11680.6661635555,0.0494412462751968,668,TRUE,region,Central-West,49.5230814167641,12.3726605476256,TRUE,2024Q2,46,22,2,0,0,1,0,0,1,1,1,20
2024,2,5,17,combined,187,187,0,250309.09321551,12710.1712598212,0.0507779046160264,677,TRUE,region,Central-West,74.7076335093418,12.4304518060269,TRUE,2024Q2,46,22,2,0,0,1,0,0,1,1,1,20
2024,2,5,18,combined,616,615,1,247841.402386,11143.6225430582,0.0449627158165552,707,TRUE,region,Central-West,248.546043586621,12.4205443140675,TRUE,2024Q2,46,22,2,0,0,1,0,0,1,1,1,20
2024,2,5,19,combined,818,814,4,226323.93663884,10621.3544174558,0.046929876597211,624,TRUE,region,Central-West,361.428849351157,12.3297225999513,TRUE,2024Q2,46,22,2,0,0,1,0,0,1,1,1,20
2024,2,5,15,female,2,2,0,115663.17129186,7987.35460412281,0.0690570258009598,319,TRUE,region,Central-West,1.72915888234923,11.6584375504255,TRUE,2024Q2,46,22,2,1,0,1,0,0,1,1,1,20
2024,2,5,16,female,114,114,0,113849.67722296,7806.29308225448,0.0685666685463399,314,TRUE,region,Central-West,100.132036190797,11.6426342363799,TRUE,2024Q2,46,22,2,0,0,1,0,0,1,1,1,20
2024,2,5,17,female,165,165,0,130450.27227956,8914.63773621429,0.0683374406234268,343,TRUE,region,Central-West,126.484979384634,11.7787473777958,TRUE,2024Q2,46,22,2,0,0,1,0,0,1,1,1,20
2024,2,5,18,female,470,469,1,129554.76993341,8225.66836102624,0.0634918217619788,353,TRUE,region,Central-West,362.78093059914,11.7718590045591,TRUE,2024Q2,46,22,2,0,0,1,0,0,1,1,1,20
2024,2,5,19,female,558,554,4,116391.13828385,8169.52417778173,0.0701902593121671,319,TRUE,region,Central-West,479.417942145365,11.6647116797993,TRUE,2024Q2,46,22,2,0,0,1,0,0,1,1,1,20
2024,2,5,15,male,0,0,0,125606.94699189,8721.47530899644,0.0694346572213044,347,TRUE,region,Central-West,0,11.7409128419317,TRUE,2024Q2,46,22,2,1,0,1,0,0,1,1,1,20
2024,2,5,16,male,3,3,0,122403.79621376,7854.33259424071,0.0641673937998155,354,TRUE,region,Central-West,2.45090437780291,11.7150806633977,TRUE,2024Q2,46,22,2,0,0,1,0,0,1,1,1,20
2024,2,5,17,male,22,22,0,119858.82093595,7848.53537288214,0.0654814999146056,334,TRUE,region,Central-West,18.3549277626853,11.6940698369535,TRUE,2024Q2,46,22,2,0,0,1,0,0,1,1,1,20
2024,2,5,18,male,146,146,0,118286.63245259,7692.08158068521,0.0650291704243778,354,TRUE,region,Central-West,123.42899360037,11.6808660465623,TRUE,2024Q2,46,22,2,0,0,1,0,0,1,1,1,20
2024,2,5,19,male,260,260,0,109932.79835499,7077.23281539457,0.0643778100921355,305,TRUE,region,Central-West,236.508124864083,11.6076245340389,TRUE,2024Q2,46,22,2,0,0,1,0,0,1,1,1,20
2024,3,1,15,combined,12,12,0,317452.53295326,12981.6639336559,0.040893244142321,1159,TRUE,region,North,3.78009269239846,12.6680835836289,TRUE,2024Q3,47,23,3,1,0,1,0,0,1,1,1,21
2024,3,1,16,combined,195,195,0,323680.88885569,13543.4529631377,0.0418419913854597,1154,TRUE,region,North,60.2445206726242,12.6875133984918,TRUE,2024Q3,47,23,3,0,0,1,0,0,1,1,1,21
2024,3,1,17,combined,291,290,1,317758.99320319,12343.9458689886,0.0388468812308179,1142,TRUE,region,North,91.578840009076,12.669048491415,TRUE,2024Q3,47,23,3,0,0,1,0,0,1,1,1,21
2024,3,1,18,combined,733,733,0,329019.73849246,13894.8351257842,0.0422310077488029,1199,TRUE,region,North,222.782986625223,12.7038730233657,TRUE,2024Q3,47,23,3,0,0,1,0,0,1,1,1,21
2024,3,1,19,combined,948,948,0,292592.25102449,12393.5162599718,0.0423576366652803,1043,TRUE,region,North,324.00037823307,12.5865352840476,TRUE,2024Q3,47,23,3,0,0,1,0,0,1,1,1,21
2024,3,1,15,female,10,10,0,148182.45832897,8885.89144845745,0.0599658795559355,535,TRUE,region,North,6.74843710434312,11.9061996199867,TRUE,2024Q3,47,23,3,1,0,1,0,0,1,1,1,21
2024,3,1,16,female,185,185,0,145237.20394689,8299.53808778311,0.0571447112877364,531,TRUE,region,North,127.377830867393,11.8861235740822,TRUE,2024Q3,47,23,3,0,0,1,0,0,1,1,1,21
2024,3,1,17,female,250,249,1,148245.30664978,8010.61734980708,0.0540362290776034,530,TRUE,region,North,168.639402925995,11.90662365801,TRUE,2024Q3,47,23,3,0,0,1,0,0,1,1,1,21
2024,3,1,18,female,557,557,0,165590.28718211,9323.33370673167,0.0563036266521974,578,TRUE,region,North,336.372386012854,12.0172718669312,TRUE,2024Q3,47,23,3,0,0,1,0,0,1,1,1,21
2024,3,1,19,female,641,641,0,140251.2069477,7908.82796136827,0.056390444927276,495,TRUE,region,North,457.037065099219,11.8511904290356,TRUE,2024Q3,47,23,3,0,0,1,0,0,1,1,1,21
2024,3,1,15,male,2,2,0,169270.07462429,8983.74212144798,0.0530734221119013,624,TRUE,region,North,1.18154375747703,12.0392507930426,TRUE,2024Q3,47,23,3,1,0,1,0,0,1,1,1,21
2024,3,1,16,male,10,10,0,178443.6849088,10729.4465427412,0.0601279140151411,623,TRUE,region,North,5.60400890909132,12.0920283397172,TRUE,2024Q3,47,23,3,0,0,1,0,0,1,1,1,21
2024,3,1,17,male,41,41,0,169513.68655341,9053.53858734798,0.0534088944168848,612,TRUE,region,North,24.1868375549026,12.0406889491706,TRUE,2024Q3,47,23,3,0,0,1,0,0,1,1,1,21
2024,3,1,18,male,176,176,0,163429.45131035,9364.4625934863,0.0572997248562215,621,TRUE,region,North,107.691727891675,12.0041366857441,TRUE,2024Q3,47,23,3,0,0,1,0,0,1,1,1,21
2024,3,1,19,male,307,307,0,152341.04407679,9409.93627268594,0.0617688839518699,548,TRUE,region,North,201.521528134763,11.9338769974991,TRUE,2024Q3,47,23,3,0,0,1,0,0,1,1,1,21
2024,3,2,15,combined,10,10,0,874310.81007433,22780.2454407352,0.0260550883944789,2465,TRUE,region,Northeast,1.14375801886172,13.6811912093546,TRUE,2024Q3,47,23,3,1,0,1,0,0,1,1,1,21
2024,3,2,16,combined,329,329,0,907404.24372508,23894.1115168913,0.0263323779694936,2572,TRUE,region,Northeast,36.2572692683679,13.7183433229975,TRUE,2024Q3,47,23,3,0,0,1,0,0,1,1,1,21
2024,3,2,17,combined,484,483,1,896752.08825695,24752.7704421785,0.0276026906057072,2546,TRUE,region,Northeast,53.9725534334432,13.7065347240865,TRUE,2024Q3,47,23,3,0,0,1,0,0,1,1,1,21
2024,3,2,18,combined,1342,1341,1,896960.48135298,23849.5777286383,0.026589329434741,2574,TRUE,region,Northeast,149.616402048808,13.7067670836077,TRUE,2024Q3,47,23,3,0,0,1,0,0,1,1,1,21
2024,3,2,19,combined,2072,2064,8,818892.77164203,22121.753124037,0.0270142244382972,2318,TRUE,region,Northeast,253.024580476545,13.6157084283077,TRUE,2024Q3,47,23,3,0,0,1,0,0,1,1,1,21
2024,3,2,15,female,9,9,0,412522.81201855,16365.4018767873,0.0396715076111994,1147,TRUE,region,Northeast,2.18169752987995,12.9300467850909,TRUE,2024Q3,47,23,3,1,0,1,0,0,1,1,1,21
2024,3,2,16,female,312,312,0,453653.13890073,17226.1347426885,0.0379720391319897,1230,TRUE,region,Northeast,68.7750118418718,13.0250881737863,TRUE,2024Q3,47,23,3,0,0,1,0,0,1,1,1,21
2024,3,2,17,female,423,423,0,455435.59136921,17039.2069748814,0.0374129894496281,1268,TRUE,region,Northeast,92.8781166900689,13.0290095836405,TRUE,2024Q3,47,23,3,0,0,1,0,0,1,1,1,21
2024,3,2,18,female,1010,1009,1,425176.04230288,16411.0265533888,0.0385981920912143,1219,TRUE,region,Northeast,237.548662085836,12.9602585793255,TRUE,2024Q3,47,23,3,0,0,1,0,0,1,1,1,21
2024,3,2,19,female,1477,1472,5,394671.23202051,15553.8644273954,0.0394096735851959,1112,TRUE,region,Northeast,374.23553585057,12.8858083733106,TRUE,2024Q3,47,23,3,0,0,1,0,0,1,1,1,21
2024,3,2,15,male,1,1,0,461787.99805578,16117.3574436974,0.0349020708887081,1318,TRUE,region,Northeast,0.21654958643581,13.0428611860797,TRUE,2024Q3,47,23,3,1,0,1,0,0,1,1,1,21
2024,3,2,16,male,17,17,0,453751.10482435,16221.6881480399,0.0357501898630514,1342,TRUE,region,Northeast,3.74654735145622,13.0253040994328,TRUE,2024Q3,47,23,3,0,0,1,0,0,1,1,1,21
2024,3,2,17,male,61,60,1,441316.49688774,17756.0936588895,0.0402343755198579,1278,TRUE,region,Northeast,13.822279572639,12.9975175770374,TRUE,2024Q3,47,23,3,0,0,1,0,0,1,1,1,21
2024,3,2,18,male,332,332,0,471784.4390501,16547.2538674863,0.0350737593228018,1355,TRUE,region,Northeast,70.3711213257596,13.0642774633221,TRUE,2024Q3,47,23,3,0,0,1,0,0,1,1,1,21
2024,3,2,19,male,595,592,3,424221.53962152,16565.7116879697,0.0390496713173715,1206,TRUE,region,Northeast,140.256904571806,12.9580110968663,TRUE,2024Q3,47,23,3,0,0,1,0,0,1,1,1,21
2024,3,3,15,combined,0,0,0,1180091.04723614,41025.9001255909,0.0347650295472341,1558,TRUE,region,Southeast,0,13.98110215214,TRUE,2024Q3,47,23,3,1,0,1,0,0,1,1,1,21
2024,3,3,16,combined,348,347,1,1124886.32500158,36675.6412184277,0.0326038644112561,1590,TRUE,region,Southeast,30.936459290632,13.9331925440723,TRUE,2024Q3,47,23,3,0,0,1,0,0,1,1,1,21
2024,3,3,17,combined,526,526,0,1165826.13045673,37520.6395151203,0.0321837352371069,1575,TRUE,region,Southeast,45.118220140934,13.9689405185273,TRUE,2024Q3,47,23,3,0,0,1,0,0,1,1,1,21
2024,3,3,18,combined,1962,1951,11,1106178.14009198,36204.6593567657,0.0327295017362712,1611,TRUE,region,Southeast,177.367453657768,13.9164215150855,TRUE,2024Q3,47,23,3,0,0,1,0,0,1,1,1,21
2024,3,3,19,combined,3249,3233,16,1130995.97592629,38226.3257285733,0.0337988167440347,1512,TRUE,region,Southeast,287.268926605955,13.9386091971134,TRUE,2024Q3,47,23,3,0,0,1,0,0,1,1,1,21
2024,3,3,15,female,0,0,0,570584.47304285,28167.2414453905,0.0493655940113099,755,TRUE,region,Southeast,0,13.2544165057594,TRUE,2024Q3,47,23,3,1,0,1,0,0,1,1,1,21
2024,3,3,16,female,321,320,1,552592.13375999,25477.3321310567,0.0461051299404172,754,TRUE,region,Southeast,58.0898605660249,13.2223754564081,TRUE,2024Q3,47,23,3,0,0,1,0,0,1,1,1,21
2024,3,3,17,female,465,465,0,568706.50145063,26474.7648636406,0.0465525975105085,776,TRUE,region,Southeast,81.764495185812,13.2511197653566,TRUE,2024Q3,47,23,3,0,0,1,0,0,1,1,1,21
2024,3,3,18,female,1532,1524,8,529209.52075306,24729.3915007847,0.0467289240480689,759,TRUE,region,Southeast,289.488367068676,13.1791397019021,TRUE,2024Q3,47,23,3,0,0,1,0,0,1,1,1,21
2024,3,3,19,female,2266,2255,11,547307.49822494,25805.9880354074,0.0471508030112924,737,TRUE,region,Southeast,414.026850965723,13.2127660774309,TRUE,2024Q3,47,23,3,0,0,1,0,0,1,1,1,21
2024,3,3,15,male,0,0,0,609506.57419329,27466.7278930883,0.0450638747079008,803,TRUE,region,Southeast,0,13.3204050140525,TRUE,2024Q3,47,23,3,1,0,1,0,0,1,1,1,21
2024,3,3,16,male,27,27,0,572294.19124159,26102.8706755416,0.0456109306629717,836,TRUE,region,Southeast,4.71785323234255,13.257408458497,TRUE,2024Q3,47,23,3,0,0,1,0,0,1,1,1,21
2024,3,3,17,male,61,61,0,597119.6290061,26323.9573694584,0.0440848970469692,799,TRUE,region,Southeast,10.2157083835167,13.2998727558954,TRUE,2024Q3,47,23,3,0,0,1,0,0,1,1,1,21
2024,3,3,18,male,430,427,3,576968.61933892,25934.2648982049,0.044949177527055,852,TRUE,region,Southeast,74.5274501224497,13.2655431581169,TRUE,2024Q3,47,23,3,0,0,1,0,0,1,1,1,21
2024,3,3,19,male,983,978,5,583688.47770135,27335.5706362473,0.0468324657425117,775,TRUE,region,Southeast,168.411753453006,13.2771226908931,TRUE,2024Q3,47,23,3,0,0,1,0,0,1,1,1,21
2024,3,4,15,combined,3,3,0,382838.66621079,16134.6408223605,0.042144752467288,930,TRUE,region,South,0.783619906968385,12.85536894237,TRUE,2024Q3,47,23,3,1,0,1,0,0,1,1,1,21
2024,3,4,16,combined,191,191,0,388139.88976053,14660.8033911218,0.0377719574253681,990,TRUE,region,South,49.2090622578991,12.8691210942462,TRUE,2024Q3,47,23,3,0,0,1,0,0,1,1,1,21
2024,3,4,17,combined,260,260,0,405704.78850201,15331.9957243647,0.0377910149421091,1009,TRUE,region,South,64.0860072073593,12.9133810521863,TRUE,2024Q3,47,23,3,0,0,1,0,0,1,1,1,21
2024,3,4,18,combined,839,837,2,405150.38356658,15442.9215278932,0.0381165171113689,1018,TRUE,region,South,207.083600073187,12.9120135946158,TRUE,2024Q3,47,23,3,0,0,1,0,0,1,1,1,21
2024,3,4,19,combined,1148,1143,5,391775.36200126,16208.0520192492,0.0413707792558866,953,TRUE,region,South,293.025062662391,12.878443898394,TRUE,2024Q3,47,23,3,0,0,1,0,0,1,1,1,21
2024,3,4,15,female,3,3,0,174515.29613741,11064.6675980994,0.0634022795880729,433,TRUE,region,South,1.71904702132119,12.0697676737309,TRUE,2024Q3,47,23,3,1,0,1,0,0,1,1,1,21
2024,3,4,16,female,177,177,0,203158.69503334,10765.4263139064,0.0529902316617051,512,TRUE,region,South,87.1240091254538,12.2217427015501,TRUE,2024Q3,47,23,3,0,0,1,0,0,1,1,1,21
2024,3,4,17,female,226,226,0,205188.09477648,11589.5302549894,0.0564824692563884,508,TRUE,region,South,110.142842471534,12.2316823729372,TRUE,2024Q3,47,23,3,0,0,1,0,0,1,1,1,21
2024,3,4,18,female,624,623,1,189542.39508595,10330.0089477392,0.0544997278474558,474,TRUE,region,South,329.213946946825,12.152367999253,TRUE,2024Q3,47,23,3,0,0,1,0,0,1,1,1,21
2024,3,4,19,female,781,776,5,200115.95165803,10970.3131786922,0.0548197836694142,472,TRUE,region,South,390.273735566378,12.2066522358254,TRUE,2024Q3,47,23,3,0,0,1,0,0,1,1,1,21
2024,3,4,15,male,0,0,0,208323.37007338,11314.1579261841,0.0543105553745545,497,TRUE,region,South,0,12.2468468152591,TRUE,2024Q3,47,23,3,1,0,1,0,0,1,1,1,21
2024,3,4,16,male,14,14,0,184981.19472719,10202.4000807406,0.0551537149264666,478,TRUE,region,South,7.56833688994559,12.1280094487704,TRUE,2024Q3,47,23,3,0,0,1,0,0,1,1,1,21
2024,3,4,17,male,34,34,0,200516.69372553,10527.6717511199,0.052502719626578,501,TRUE,region,South,16.956194204229,12.2086527827393,TRUE,2024Q3,47,23,3,0,0,1,0,0,1,1,1,21
2024,3,4,18,male,215,214,1,215607.98848063,11215.4958756338,0.0520179978240527,544,TRUE,region,South,99.7180120806681,12.2812171696526,TRUE,2024Q3,47,23,3,0,0,1,0,0,1,1,1,21
2024,3,4,19,male,367,367,0,191659.41034323,11247.0884014963,0.058682682897514,481,TRUE,region,South,191.48551033459,12.1634751713159,TRUE,2024Q3,47,23,3,0,0,1,0,0,1,1,1,21
2024,3,5,15,combined,2,2,0,239707.56467347,11301.7373759603,0.0471480213457409,647,TRUE,region,Central-West,0.834349972527735,12.3871749788459,TRUE,2024Q3,47,23,3,1,0,1,0,0,1,1,1,21
2024,3,5,16,combined,138,138,0,239050.73878023,11439.462715107,0.0478537015759815,662,TRUE,region,Central-West,57.7283302717042,12.3844311045336,TRUE,2024Q3,47,23,3,0,0,1,0,0,1,1,1,21
2024,3,5,17,combined,199,198,1,270709.57598875,14429.8221109881,0.0533037003153067,722,TRUE,region,Central-West,73.5105137205305,12.508801849889,TRUE,2024Q3,47,23,3,0,0,1,0,0,1,1,1,21
2024,3,5,18,combined,678,674,4,243712.68384673,11679.6141285301,0.0479237023866814,676,TRUE,region,Central-West,278.196435777791,12.4037452852295,TRUE,2024Q3,47,23,3,0,0,1,0,0,1,1,1,21
2024,3,5,19,combined,921,918,3,223815.9598235,11123.3477659617,0.0496986353195434,629,TRUE,region,Central-West,411.498804967392,12.3185793852016,TRUE,2024Q3,47,23,3,0,0,1,0,0,1,1,1,21
2024,3,5,15,female,2,2,0,122777.8712228,8657.32000181185,0.0705120549459744,332,TRUE,region,Central-West,1.62895803623332,11.7181320766882,TRUE,2024Q3,47,23,3,1,0,1,0,0,1,1,1,21
2024,3,5,16,female,133,133,0,115576.45270622,7580.38759268238,0.0655876470958208,316,TRUE,region,Central-West,115.07534353738,11.6576875181585,TRUE,2024Q3,47,23,3,0,0,1,0,0,1,1,1,21
2024,3,5,17,female,167,167,0,139723.66351831,10471.9985912913,0.0749479245505113,362,TRUE,region,Central-West,119.521629904956,11.8474219190058,TRUE,2024Q3,47,23,3,0,0,1,0,0,1,1,1,21
2024,3,5,18,female,502,501,1,131708.60487424,8414.81872693327,0.0638896656370177,350,TRUE,region,Central-West,381.144421413716,11.7883472225313,TRUE,2024Q3,47,23,3,0,0,1,0,0,1,1,1,21
2024,3,5,19,female,602,600,2,119227.00675434,8379.23783863615,0.0702796964105713,328,TRUE,region,Central-West,504.919159163649,11.6887845746821,TRUE,2024Q3,47,23,3,0,0,1,0,0,1,1,1,21
2024,3,5,15,male,0,0,0,116929.69345067,7615.06867873041,0.0651251915061509,315,TRUE,region,Central-West,0,11.6693281224827,TRUE,2024Q3,47,23,3,1,0,1,0,0,1,1,1,21
2024,3,5,16,male,5,5,0,123474.28607401,8159.98810170775,0.0660865380247405,346,TRUE,region,Central-West,4.04942612666982,11.7237882034444,TRUE,2024Q3,47,23,3,0,0,1,0,0,1,1,1,21
2024,3,5,17,male,32,31,1,130985.91247044,8352.03469052736,0.0637628469581581,360,TRUE,region,Central-West,24.4301080906098,11.782845058007,TRUE,2024Q3,47,23,3,0,0,1,0,0,1,1,1,21
2024,3,5,18,male,176,173,3,112004.07897249,7605.74253353399,0.0679059423844919,326,TRUE,region,Central-West,157.137134303143,11.6262905690113,TRUE,2024Q3,47,23,3,0,0,1,0,0,1,1,1,21
2024,3,5,19,male,319,318,1,104588.95306916,7078.58067290233,0.0676800031473839,301,TRUE,region,Central-West,305.003531098604,11.5577932138422,TRUE,2024Q3,47,23,3,0,0,1,0,0,1,1,1,21
2024,4,1,15,combined,5,5,0,321656.46384543,13163.4939603429,0.0409240772063843,1095,TRUE,region,North,1.55445345018862,12.6812393725347,TRUE,2024Q4,48,24,4,1,0,1,0,0,1,1,1,22
2024,4,1,16,combined,246,245,1,338128.6052929,13466.3529762,0.0398261275899297,1145,TRUE,region,North,72.7533832243816,12.7311815911298,TRUE,2024Q4,48,24,4,0,0,1,0,0,1,1,1,22
2024,4,1,17,combined,344,344,0,342171.35564774,13832.3010715348,0.0404250701972112,1130,TRUE,region,North,100.534423563538,12.7430669304718,TRUE,2024Q4,48,24,4,0,0,1,0,0,1,1,1,22
2024,4,1,18,combined,834,833,1,310435.33811584,12715.0482349743,0.0409587655585449,1112,TRUE,region,North,268.654981440544,12.6457309078338,TRUE,2024Q4,48,24,4,0,0,1,0,0,1,1,1,22
2024,4,1,19,combined,1045,1045,0,314391.45258047,12405.6806138362,0.0394593444319575,1081,TRUE,region,North,332.388171314081,12.6583941527187,TRUE,2024Q4,48,24,4,0,0,1,0,0,1,1,1,22
2024,4,1,15,female,5,5,0,157387.48207693,9429.91281382279,0.05991526574657,531,TRUE,region,North,3.17687273093043,11.9664660824313,TRUE,2024Q4,48,24,4,1,0,1,0,0,1,1,1,22
2024,4,1,16,female,235,235,0,164746.39744546,8897.19617594268,0.0540054065758138,521,TRUE,region,North,142.643483344027,12.0121625853303,TRUE,2024Q4,48,24,4,0,0,1,0,0,1,1,1,22
2024,4,1,17,female,298,298,0,158217.00080212,9048.05945230098,0.0571876562343466,519,TRUE,region,North,188.348912246608,11.9717227925249,TRUE,2024Q4,48,24,4,0,0,1,0,0,1,1,1,22
2024,4,1,18,female,637,637,0,150431.75950135,9314.60993313737,0.0619191716165081,516,TRUE,region,North,423.447815881116,11.9212648351026,TRUE,2024Q4,48,24,4,0,0,1,0,0,1,1,1,22
2024,4,1,19,female,710,710,0,160769.28574125,9022.44766402584,0.0561204686730213,538,TRUE,region,North,441.626643252436,11.9877256084106,TRUE,2024Q4,48,24,4,0,0,1,0,0,1,1,1,22
2024,4,1,15,male,0,0,0,164268.9817685,9238.86565598408,0.0562423018424998,564,TRUE,region,North,0,12.0092604959923,TRUE,2024Q4,48,24,4,1,0,1,0,0,1,1,1,22
2024,4,1,16,male,11,10,1,173382.20784744,9298.44315331409,0.0536297424560186,624,TRUE,region,North,6.34436493603713,12.0632537304945,TRUE,2024Q4,48,24,4,0,0,1,0,0,1,1,1,22
2024,4,1,17,male,46,46,0,183954.35484562,9623.50631229477,0.0523146425121118,611,TRUE,region,North,25.0062033261483,12.1224429343251,TRUE,2024Q4,48,24,4,0,0,1,0,0,1,1,1,22
2024,4,1,18,male,197,196,1,160003.57861449,8797.54900704782,0.054983451515447,596,TRUE,region,North,123.122246205911,11.9829514603064,TRUE,2024Q4,48,24,4,0,0,1,0,0,1,1,1,22
2024,4,1,19,male,335,335,0,153622.16683922,8842.536697585,0.0575602914574141,543,TRUE,region,North,218.067487845429,11.9422514046428,TRUE,2024Q4,48,24,4,0,0,1,0,0,1,1,1,22
2024,4,2,15,combined,10,10,0,876368.72837656,23542.7313544771,0.0268639564514005,2396,TRUE,region,Northeast,1.14107220810179,13.6835422041597,TRUE,2024Q4,48,24,4,1,0,1,0,0,1,1,1,22
2024,4,2,16,combined,423,423,0,881573.14998092,23047.5362956875,0.0261436459313517,2500,TRUE,region,Northeast,47.9824050913024,13.6894632609062,TRUE,2024Q4,48,24,4,0,0,1,0,0,1,1,1,22
2024,4,2,17,combined,653,651,2,883778.39254867,24288.938986256,0.0274830649753845,2473,TRUE,region,Northeast,73.8873008783182,13.6919616230304,TRUE,2024Q4,48,24,4,0,0,1,0,0,1,1,1,22
2024,4,2,18,combined,1905,1902,3,861998.13693877,23347.4688607636,0.0270852892370254,2423,TRUE,region,Northeast,220.998157462992,13.6670083883196,TRUE,2024Q4,48,24,4,0,0,1,0,0,1,1,1,22
2024,4,2,19,combined,2920,2905,15,825036.15324971,23139.4494846716,0.0280465884961868,2270,TRUE,region,Northeast,353.923884244163,13.6231824864775,TRUE,2024Q4,48,24,4,0,0,1,0,0,1,1,1,22
2024,4,2,15,female,9,9,0,403187.5275611,16248.6264421966,0.0403004193618916,1124,TRUE,region,Northeast,2.23221190755612,12.9071570616326,TRUE,2024Q4,48,24,4,1,0,1,0,0,1,1,1,22
2024,4,2,16,female,395,395,0,444175.14943491,16776.9139343298,0.0377709422863342,1205,TRUE,region,Northeast,88.928883235032,13.0039742443366,TRUE,2024Q4,48,24,4,0,0,1,0,0,1,1,1,22
2024,4,2,17,female,557,557,0,441205.18012861,16236.3479094741,0.0367999938367479,1235,TRUE,region,Northeast,126.245117937563,12.9972653072912,TRUE,2024Q4,48,24,4,0,0,1,0,0,1,1,1,22
2024,4,2,18,female,1445,1443,2,419839.74940588,16654.6372104107,0.0396690338015371,1160,TRUE,region,Northeast,344.17894018964,12.9476283684176,TRUE,2024Q4,48,24,4,0,0,1,0,0,1,1,1,22
2024,4,2,19,female,2051,2040,11,412571.02771654,16620.723887272,0.0402857272340786,1102,TRUE,region,Northeast,497.126521789881,12.9301636583379,TRUE,2024Q4,48,24,4,0,0,1,0,0,1,1,1,22
2024,4,2,15,male,1,1,0,473181.20081546,16789.0664672779,0.0354812626502159,1272,TRUE,region,Northeast,0.211335530295084,13.0672336825192,TRUE,2024Q4,48,24,4,1,0,1,0,0,1,1,1,22
2024,4,2,16,male,28,28,0,437398.00054601,15814.1434587366,0.0361550428648406,1295,TRUE,region,Northeast,6.40149245425155,12.988598815989,TRUE,2024Q4,48,24,4,0,0,1,0,0,1,1,1,22
2024,4,2,17,male,96,94,2,442573.21242006,17604.7109104116,0.0397780760705019,1238,TRUE,region,Northeast,21.691326385313,13.0003611815412,TRUE,2024Q4,48,24,4,0,0,1,0,0,1,1,1,22
2024,4,2,18,male,460,459,1,442158.38753289,15907.6324255154,0.0359772264284642,1263,TRUE,region,Northeast,104.035117950982,12.999423439705,TRUE,2024Q4,48,24,4,0,0,1,0,0,1,1,1,22
2024,4,2,19,male,869,865,4,412465.12553317,15909.2684614296,0.0385711845113319,1168,TRUE,region,Northeast,210.684478809377,12.9299069370208,TRUE,2024Q4,48,24,4,0,0,1,0,0,1,1,1,22
2024,4,3,15,combined,0,0,0,1110345.68770031,40456.4151425655,0.0364358736118989,1461,TRUE,region,Southeast,0,13.9201819551648,TRUE,2024Q4,48,24,4,1,0,1,0,0,1,1,1,22
2024,4,3,16,combined,414,414,0,1152731.67600131,37260.3660375323,0.0323235379171535,1578,TRUE,region,Southeast,35.9146893088006,13.9576450540426,TRUE,2024Q4,48,24,4,0,0,1,0,0,1,1,1,22
2024,4,3,17,combined,761,760,1,1137335.49475966,38852.8357774345,0.0341612795489556,1515,TRUE,region,Southeast,66.9107755368888,13.9441987993573,TRUE,2024Q4,48,24,4,0,0,1,0,0,1,1,1,22
2024,4,3,18,combined,2514,2504,10,1106617.39968844,36559.9334411232,0.0330375552123221,1548,TRUE,region,Southeast,227.178788324474,13.9168185328798,TRUE,2024Q4,48,24,4,0,0,1,0,0,1,1,1,22
2024,4,3,19,combined,4093,4077,16,1105147.68393519,37517.0876904572,0.0339475784420658,1461,TRUE,region,Southeast,370.357741277231,13.9154895346236,TRUE,2024Q4,48,24,4,0,0,1,0,0,1,1,1,22
2024,4,3,15,female,0,0,0,536245.0418984,26978.9520665652,0.0503108652922086,723,TRUE,region,Southeast,0,13.1923465033045,TRUE,2024Q4,48,24,4,1,0,1,0,0,1,1,1,22
2024,4,3,16,female,392,392,0,538748.07592217,25547.5621323219,0.0474202382785171,728,TRUE,region,Southeast,72.7612807394286,13.1970033490196,TRUE,2024Q4,48,24,4,0,0,1,0,0,1,1,1,22
2024,4,3,17,female,675,674,1,553306.76408351,26477.4391206318,0.0478530913398261,730,TRUE,region,Southeast,121.993809549403,13.2236678537952,TRUE,2024Q4,48,24,4,0,0,1,0,0,1,1,1,22
2024,4,3,18,female,1935,1928,7,540374.07674532,25636.7083174817,0.0474425206921322,743,TRUE,region,Southeast,358.085275232767,13.2000169134241,TRUE,2024Q4,48,24,4,0,0,1,0,0,1,1,1,22
2024,4,3,19,female,2838,2827,11,521462.38776644,25442.0792933189,0.0487898646003866,687,TRUE,region,Southeast,544.238676955379,13.1643924276512,TRUE,2024Q4,48,24,4,0,0,1,0,0,1,1,1,22
2024,4,3,15,male,0,0,0,574100.64580191,28393.5544670632,0.0494574508401793,738,TRUE,region,Southeast,0,13.2605600010496,TRUE,2024Q4,48,24,4,1,0,1,0,0,1,1,1,22
2024,4,3,16,male,22,22,0,613983.60007914,26648.4579857559,0.0434025566518732,850,TRUE,region,Southeast,3.58315759527849,13.3277234968037,TRUE,2024Q4,48,24,4,0,0,1,0,0,1,1,1,22
2024,4,3,17,male,86,86,0,584028.73067615,27103.468110004,0.046407765040301,785,TRUE,region,Southeast,14.7253029659063,13.2777054569635,TRUE,2024Q4,48,24,4,0,0,1,0,0,1,1,1,22
2024,4,3,18,male,579,576,3,566243.32294312,25666.6219331099,0.0453279021458556,805,TRUE,region,Southeast,102.252861365424,13.2467791639979,TRUE,2024Q4,48,24,4,0,0,1,0,0,1,1,1,22
2024,4,3,19,male,1255,1250,5,583685.29616875,28074.7857659655,0.0480991828134878,774,TRUE,region,Southeast,215.01312577817,13.2771172401409,TRUE,2024Q4,48,24,4,0,0,1,0,0,1,1,1,22
2024,4,4,15,combined,7,7,0,396914.68981218,15249.8704808344,0.0384210281762327,963,TRUE,region,South,1.76360315696867,12.8914766494548,TRUE,2024Q4,48,24,4,1,0,1,0,0,1,1,1,22
2024,4,4,16,combined,204,203,1,423213.96869717,15818.3726386281,0.0373767734730583,1027,TRUE,region,South,48.202567752666,12.9556331663,TRUE,2024Q4,48,24,4,0,0,1,0,0,1,1,1,22
2024,4,4,17,combined,349,349,0,382703.3564255,14895.487316288,0.0389217577170314,951,TRUE,region,South,91.1933470507566,12.8550154417581,TRUE,2024Q4,48,24,4,0,0,1,0,0,1,1,1,22
2024,4,4,18,combined,1038,1033,5,394892.81985689,15026.5377072669,0.0380521927765425,977,TRUE,region,South,262.856134071056,12.8863696649289,TRUE,2024Q4,48,24,4,0,0,1,0,0,1,1,1,22
2024,4,4,19,combined,1459,1451,8,374539.20074189,15172.6891312929,0.0405102833060964,924,TRUE,region,South,389.54533920882,12.8334517513396,TRUE,2024Q4,48,24,4,0,0,1,0,0,1,1,1,22
2024,4,4,15,female,7,7,0,188335.7215251,11348.7469124505,0.0602580690511121,453,TRUE,region,South,3.71676702821726,12.1459814020443,TRUE,2024Q4,48,24,4,1,0,1,0,0,1,1,1,22
2024,4,4,16,female,181,181,0,210966.4762222,10569.5010621318,0.0501003820673362,526,TRUE,region,South,85.7956217694806,12.2594545193719,TRUE,2024Q4,48,24,4,0,0,1,0,0,1,1,1,22
2024,4,4,17,female,294,294,0,205003.87932766,10899.5471297496,0.0531675164660117,503,TRUE,region,South,143.41192028376,12.2307841814911,TRUE,2024Q4,48,24,4,0,0,1,0,0,1,1,1,22
2024,4,4,18,female,771,766,5,190615.94783455,10644.8328054194,0.0558443977345426,476,TRUE,region,South,404.478223757652,12.1580159384467,TRUE,2024Q4,48,24,4,0,0,1,0,0,1,1,1,22
2024,4,4,19,female,986,980,6,191325.27826274,10585.1990659296,0.0553256692583679,451,TRUE,region,South,515.352706632922,12.1617302860753,TRUE,2024Q4,48,24,4,0,0,1,0,0,1,1,1,22
2024,4,4,15,male,0,0,0,208578.96828708,10679.4426429673,0.0512009563124721,510,TRUE,region,South,0,12.2480729932975,TRUE,2024Q4,48,24,4,1,0,1,0,0,1,1,1,22
2024,4,4,16,male,23,22,1,212247.49247497,11953.133940812,0.0563169618704525,501,TRUE,region,South,10.8364059955678,12.2655082900872,TRUE,2024Q4,48,24,4,0,0,1,0,0,1,1,1,22
2024,4,4,17,male,55,55,0,177699.47709784,10059.8466303135,0.0566115713709988,448,TRUE,region,South,30.9511321576469,12.0878490715264,TRUE,2024Q4,48,24,4,0,0,1,0,0,1,1,1,22
2024,4,4,18,male,267,267,0,204276.87202234,10602.597807866,0.05190307499278,501,TRUE,region,South,130.704958107446,12.2272315684373,TRUE,2024Q4,48,24,4,0,0,1,0,0,1,1,1,22
2024,4,4,19,male,473,471,2,183213.92247915,10215.8175516073,0.0557589587809291,473,TRUE,region,South,258.168153161956,12.1184097243998,TRUE,2024Q4,48,24,4,0,0,1,0,0,1,1,1,22
2024,4,5,15,combined,2,2,0,240670.44828688,11007.5905218256,0.0457371920822806,631,TRUE,region,Central-West,0.831011872972453,12.3911838421868,TRUE,2024Q4,48,24,4,1,0,1,0,0,1,1,1,22
2024,4,5,16,combined,140,139,1,245444.10855182,12314.7396475244,0.0501732949313159,661,TRUE,region,Central-West,57.0394623957503,12.4108245365573,TRUE,2024Q4,48,24,4,0,0,1,0,0,1,1,1,22
2024,4,5,17,combined,248,248,0,247308.1409433,11742.8686300618,0.0474827419156982,672,TRUE,region,Central-West,100.279755876236,12.4183903722693,TRUE,2024Q4,48,24,4,0,0,1,0,0,1,1,1,22
2024,4,5,18,combined,841,841,0,260511.83781328,13653.9015531983,0.052411827684332,679,TRUE,region,Central-West,322.826020905346,12.4704035818044,TRUE,2024Q4,48,24,4,0,0,1,0,0,1,1,1,22
2024,4,5,19,combined,1088,1082,6,213491.03069897,10574.8949745952,0.049533204931247,584,TRUE,region,Central-West,509.62328320674,12.2713500999907,TRUE,2024Q4,48,24,4,0,0,1,0,0,1,1,1,22
2024,4,5,15,female,2,2,0,115689.50904644,7965.01075895268,0.0688481680370462,308,TRUE,region,Central-West,1.72876522381745,11.6586652353147,TRUE,2024Q4,48,24,4,1,0,1,0,0,1,1,1,22
2024,4,5,16,female,134,133,1,118537.0416896,8330.32441340963,0.0702761288342537,328,TRUE,region,Central-West,113.044832307264,11.6829807788097,TRUE,2024Q4,48,24,4,0,0,1,0,0,1,1,1,22
2024,4,5,17,female,214,214,0,121523.72489555,8725.07463698723,0.0717972942689706,317,TRUE,region,Central-West,176.097301316211,11.7078647893307,TRUE,2024Q4,48,24,4,0,0,1,0,0,1,1,1,22
2024,4,5,18,female,611,611,0,130209.14774587,9072.27252488779,0.0696746171981266,337,TRUE,region,Central-West,469.245065018391,11.7768972654734,TRUE,2024Q4,48,24,4,0,0,1,0,0,1,1,1,22
2024,4,5,19,female,739,737,2,115792.11474356,8032.47562869557,0.0693697981635862,302,TRUE,region,Central-West,638.212715638395,11.6595517480509,TRUE,2024Q4,48,24,4,0,0,1,0,0,1,1,1,22
2024,4,5,15,male,0,0,0,124980.93924044,7880.64781693845,0.0630547975141838,323,TRUE,region,Central-West,0,11.7359165185808,TRUE,2024Q4,48,24,4,1,0,1,0,0,1,1,1,22
2024,4,5,16,male,6,6,0,126907.06686222,9271.20139098577,0.0730550442951399,333,TRUE,region,Central-West,4.72786910008255,11.7512103405855,TRUE,2024Q4,48,24,4,0,0,1,0,0,1,1,1,22
2024,4,5,17,male,34,34,0,125784.41604775,8318.748185223,0.0661349668472846,355,TRUE,region,Central-West,27.0303755173399,11.7423247367811,TRUE,2024Q4,48,24,4,0,0,1,0,0,1,1,1,22
2024,4,5,18,male,230,230,0,130302.69006741,8695.92863890669,0.0667363707871879,342,TRUE,region,Central-West,176.512088799558,11.7776154080833,TRUE,2024Q4,48,24,4,0,0,1,0,0,1,1,1,22
2024,4,5,19,male,349,345,4,97698.91595541,6841.84254591429,0.0700298716624136,282,TRUE,region,Central-West,357.219930832482,11.4896457423236,TRUE,2024Q4,48,24,4,0,0,1,0,0,1,1,1,22
