birth_year,birth_month,region,age,n_births,n_valid_status,n_single,n_married,n_widowed,n_separated,n_uniao_estavel,n_unknown,n_dtnascmae_invalid
2013,1,0,10,2,2,1,1,0,0,0,0,2
2013,1,0,11,4,4,3,0,0,0,1,0,0
2013,1,0,12,56,55,42,2,0,0,11,1,0
2013,1,0,13,476,464,348,8,0,0,108,12,7
2013,1,0,14,1685,1637,1182,17,1,0,437,48,36
2013,1,0,15,4198,4121,2809,73,0,2,1237,77,50
2013,1,0,16,7116,7012,4427,354,1,5,2225,104,92
2013,1,0,17,9562,9431,5660,783,7,13,2968,131,153
2013,1,0,18,11177,11017,6291,1261,10,7,3448,160,176
2013,1,0,19,12226,12070,6508,1884,7,15,3656,156,189
2013,1,1,11,1,1,0,0,0,0,1,0,0
2013,1,1,12,13,13,10,1,0,0,2,0,0
2013,1,1,13,80,77,47,1,0,0,29,3,2
2013,1,1,14,281,272,169,3,0,0,100,9,10
2013,1,1,15,679,664,350,17,0,0,297,15,9
2013,1,1,16,1082,1070,559,33,0,0,478,12,18
2013,1,1,17,1373,1354,673,84,0,0,597,19,25
2013,1,1,18,1531,1512,671,129,0,1,711,19,23
2013,1,1,19,1654,1637,704,174,1,1,757,17,27
2013,1,2,10,1,1,1,0,0,0,0,0,1
2013,1,2,12,27,26,18,1,0,0,7,1,0
2013,1,2,13,188,182,123,4,0,0,55,6,0
2013,1,2,14,625,605,413,5,1,0,186,20,10
2013,1,2,15,1431,1400,859,28,0,1,512,31,14
2013,1,2,16,2318,2270,1253,116,0,2,899,48,23
2013,1,2,17,3082,3016,1544,257,3,7,1205,66,43
2013,1,2,18,3337,3267,1648,361,6,3,1249,70,54
2013,1,2,19,3723,3649,1727,534,4,1,1383,74,50
2013,1,3,11,2,2,2,0,0,0,0,0,0
2013,1,3,12,8,8,7,0,0,0,1,0,0
2013,1,3,13,119,116,108,0,0,0,8,3,4
2013,1,3,14,484,474,389,6,0,0,79,10,5
2013,1,3,15,1308,1289,1063,15,0,1,210,19,16
2013,1,3,16,2259,2228,1730,120,1,1,376,31,28
2013,1,3,17,3176,3145,2313,271,2,4,555,31,55
2013,1,3,18,3898,3847,2637,478,1,3,728,51,61
2013,1,3,19,4371,4325,2796,735,2,8,784,46,90
2013,1,4,11,1,1,1,0,0,0,0,0,0
2013,1,4,12,5,5,4,0,0,0,1,0,0
2013,1,4,13,49,49,39,1,0,0,9,0,0
2013,1,4,14,168,167,119,3,0,0,45,1,10
2013,1,4,15,471,466,334,7,0,0,125,5,7
2013,1,4,16,889,885,553,49,0,1,282,4,17
2013,1,4,17,1151,1143,686,99,0,1,357,8,24
2013,1,4,18,1471,1459,839,171,1,0,448,12,32
2013,1,4,19,1535,1523,821,262,0,2,438,12,20
2013,1,5,10,1,1,0,1,0,0,0,0,1
2013,1,5,12,3,3,3,0,0,0,0,0,0
2013,1,5,13,40,40,31,2,0,0,7,0,1
2013,1,5,14,127,119,92,0,0,0,27,8,1
2013,1,5,15,309,302,203,6,0,0,93,7,4
2013,1,5,16,568,559,332,36,0,1,190,9,6
2013,1,5,17,780,773,444,72,2,1,254,7,6
2013,1,5,18,940,932,496,122,2,0,312,8,6
2013,1,5,19,943,936,460,179,0,3,294,7,2
2013,2,0,10,1,1,1,0,0,0,0,0,0
2013,2,0,11,7,7,6,1,0,0,0,0,1
2013,2,0,12,57,55,47,0,0,0,8,2,0
2013,2,0,13,465,455,349,13,0,0,93,10,7
2013,2,0,14,1593,1550,1148,25,0,1,376,43,28
2013,2,0,15,3939,3866,2618,68,0,1,1179,73,56
2013,2,0,16,6781,6672,4260,330,3,7,2072,109,82
2013,2,0,17,8714,8596,5157,748,7,9,2675,118,123
2013,2,0,18,10427,10285,5890,1275,3,19,3098,142,137
2013,2,0,19,11655,11508,6258,1745,8,16,3481,147,141
2013,2,1,10,1,1,1,0,0,0,0,0,0
2013,2,1,11,3,3,3,0,0,0,0,0,0
2013,2,1,12,12,12,10,0,0,0,2,0,0
2013,2,1,13,81,79,59,1,0,0,19,2,1
2013,2,1,14,266,260,164,4,0,0,92,6,3
2013,2,1,15,615,605,343,9,0,1,252,10,10
2013,2,1,16,955,939,518,30,0,1,390,16,12
2013,2,1,17,1264,1244,607,72,2,1,562,20,13
2013,2,1,18,1378,1359,648,116,1,3,591,19,20
2013,2,1,19,1525,1506,656,140,2,3,705,19,17
2013,2,2,12,29,27,21,0,0,0,6,2,0
2013,2,2,13,182,180,119,10,0,0,51,2,3
2013,2,2,14,589,568,369,11,0,0,188,21,10
2013,2,2,15,1349,1314,778,33,0,0,503,35,14
2013,2,2,16,2264,2207,1200,121,2,3,881,57,20
2013,2,2,17,2741,2685,1395,250,1,2,1037,56,38
2013,2,2,18,3130,3064,1527,364,1,5,1167,66,37
2013,2,2,19,3422,3351,1620,500,2,2,1227,71,38
2013,2,3,11,2,2,1,1,0,0,0,0,1
2013,2,3,12,9,9,9,0,0,0,0,0,0
2013,2,3,13,109,108,100,2,0,0,6,1,2
2013,2,3,14,476,470,411,5,0,1,53,6,8
2013,2,3,15,1250,1233,1033,12,0,0,188,17,17
2013,2,3,16,2266,2238,1736,101,0,2,399,28,31
2013,2,3,17,3037,3005,2202,248,2,4,549,32,49
2013,2,3,18,3774,3733,2553,509,0,5,666,41,42
2013,2,3,19,4308,4262,2770,739,0,7,746,46,54
2013,2,4,11,1,1,1,0,0,0,0,0,0
2013,2,4,12,5,5,5,0,0,0,0,0,0
2013,2,4,13,42,41,33,0,0,0,8,1,1
2013,2,4,14,146,145,123,2,0,0,20,1,6
2013,2,4,15,431,428,290,6,0,0,132,3,11
2013,2,4,16,785,781,515,46,0,0,220,4,15
2013,2,4,17,991,985,590,105,0,1,289,6,19
2013,2,4,18,1346,1339,750,170,0,5,414,7,32
2013,2,4,19,1454,1448,768,209,2,3,466,6,27
2013,2,5,11,1,1,1,0,0,0,0,0,0
2013,2,5,12,2,2,2,0,0,0,0,0,0
2013,2,5,13,51,47,38,0,0,0,9,4,0
2013,2,5,14,116,107,81,3,0,0,23,9,1
2013,2,5,15,294,286,174,8,0,0,104,8,4
2013,2,5,16,511,507,291,32,1,1,182,4,4
2013,2,5,17,681,677,363,73,2,1,238,4,4
2013,2,5,18,799,790,412,116,1,1,260,9,6
2013,2,5,19,946,941,444,157,2,1,337,5,5
2013,3,0,10,1,1,0,1,0,0,0,0,1
2013,3,0,11,8,8,6,0,0,0,2,0,0
2013,3,0,12,60,59,50,0,0,0,9,1,0
2013,3,0,13,543,525,377,12,1,1,134,18,4
2013,3,0,14,1829,1788,1290,28,0,0,470,41,26
2013,3,0,15,4487,4412,3032,84,0,3,1293,75,43
2013,3,0,16,7453,7353,4678,361,2,8,2304,100,94
2013,3,0,17,10124,9975,6054,858,4,12,3047,149,130
2013,3,0,18,11575,11413,6620,1319,14,10,3450,162,128
2013,3,0,19,12918,12755,6991,1858,8,16,3882,163,160
2013,3,1,11,4,4,3,0,0,0,1,0,0
2013,3,1,12,16,16,13,0,0,0,3,0,0
2013,3,1,13,101,95,59,4,1,1,30,6,1
2013,3,1,14,352,343,221,2,0,0,120,9,4
2013,3,1,15,696,684,403,18,0,0,263,12,7
2013,3,1,16,1124,1109,596,33,0,0,480,15,14
2013,3,1,17,1363,1351,640,67,1,3,640,12,13
2013,3,1,18,1589,1564,734,92,3,1,734,25,15
2013,3,1,19,1720,1701,724,177,1,1,798,19,19
2013,3,2,10,1,1,0,1,0,0,0,0,1
2013,3,2,11,3,3,2,0,0,0,1,0,0
2013,3,2,12,27,27,21,0,0,0,6,0,0
2013,3,2,13,221,214,136,6,0,0,72,7,2
2013,3,2,14,629,612,399,14,0,0,199,17,10
2013,3,2,15,1554,1522,922,29,0,0,571,32,11
2013,3,2,16,2568,2524,1428,126,0,4,966,44,26
2013,3,2,17,3432,3357,1815,304,2,6,1230,75,38
2013,3,2,18,3664,3595,1866,424,10,2,1293,69,34
2013,3,2,19,3920,3840,1882,547,3,7,1401,80,48
2013,3,3,12,4,4,4,0,0,0,0,0,0
2013,3,3,13,133,132,120,2,0,0,10,1,1
2013,3,3,14,507,502,431,8,0,0,63,5,9
2013,3,3,15,1402,1384,1139,23,0,1,221,18,16
2013,3,3,16,2354,2330,1786,134,1,2,407,24,36
2013,3,3,17,3376,3337,2432,320,1,3,581,39,50
2013,3,3,18,4001,3953,2738,492,0,5,718,48,51
2013,3,3,19,4619,4575,3014,733,4,3,821,44,61
2013,3,4,11,1,1,1,0,0,0,0,0,0
2013,3,4,12,3,3,3,0,0,0,0,0,0
2013,3,4,13,43,43,31,0,0,0,12,0,0
2013,3,4,14,206,205,153,2,0,0,50,1,3
2013,3,4,15,467,463,337,10,0,1,115,4,6
2013,3,4,16,816,810,510,43,0,1,256,6,12
2013,3,4,17,1138,1130,710,93,0,0,327,8,25
2013,3,4,18,1445,1434,826,191,1,2,414,11,19
2013,3,4,19,1578,1572,846,230,0,3,493,6,20
2013,3,5,12,10,9,9,0,0,0,0,1,0
2013,3,5,13,45,41,31,0,0,0,10,4,0
2013,3,5,14,135,126,86,2,0,0,38,9,0
2013,3,5,15,368,359,231,4,0,1,123,9,3
2013,3,5,16,591,580,358,25,1,1,195,11,6
2013,3,5,17,815,800,457,74,0,0,269,15,4
2013,3,5,18,876,867,456,120,0,0,291,9,9
2013,3,5,19,1081,1067,525,171,0,2,369,14,12
2013,4,0,10,3,3,3,0,0,0,0,0,1
2013,4,0,11,8,8,5,1,0,0,2,0,0
2013,4,0,12,56,55,47,0,0,0,8,1,1
2013,4,0,13,520,511,380,8,0,0,123,9,6
2013,4,0,14,1804,1755,1310,22,0,0,423,49,22
2013,4,0,15,4538,4486,3039,82,1,2,1362,52,58
2013,4,0,16,7355,7259,4763,346,3,8,2139,96,101
2013,4,0,17,10034,9913,5952,874,6,11,3070,121,136
2013,4,0,18,11683,11532,6649,1355,8,14,3506,151,149
2013,4,0,19,12936,12781,7053,1900,12,15,3801,155,166
2013,4,1,10,1,1,1,0,0,0,0,0,0
2013,4,1,11,4,4,2,1,0,0,1,0,0
2013,4,1,12,13,13,12,0,0,0,1,0,0
2013,4,1,13,115,112,65,3,0,0,44,3,1
2013,4,1,14,315,310,205,5,0,0,100,5,6
2013,4,1,15,745,735,411,8,0,0,316,10,9
2013,4,1,16,1109,1096,596,33,1,0,466,13,22
2013,4,1,17,1413,1404,656,83,0,2,663,9,26
2013,4,1,18,1647,1624,728,123,0,4,769,23,28
2013,4,1,19,1755,1726,797,155,0,1,773,29,26
2013,4,2,10,1,1,1,0,0,0,0,0,1
2013,4,2,11,3,3,2,0,0,0,1,0,0
2013,4,2,12,24,23,17,0,0,0,6,1,1
2013,4,2,13,183,179,128,2,0,0,49,4,1
2013,4,2,14,682,660,444,9,0,0,207,22,6
2013,4,2,15,1550,1528,938,26,1,1,562,22,15
2013,4,2,16,2474,2427,1424,128,0,4,871,47,33
2013,4,2,17,3231,3168,1681,287,3,2,1195,63,31
2013,4,2,18,3611,3536,1843,426,2,2,1263,75,50
2013,4,2,19,3942,3867,1891,565,5,7,1399,75,56
2013,4,3,10,1,1,1,0,0,0,0,0,0
2013,4,3,12,13,13,12,0,0,0,1,0,0
2013,4,3,13,126,125,109,2,0,0,14,1,2
2013,4,3,14,502,490,433,3,0,0,54,12,7
2013,4,3,15,1381,1372,1136,25,0,0,211,9,14
2013,4,3,16,2398,2383,1899,108,2,3,371,15,27
2013,4,3,17,3377,3346,2441,316,2,3,584,31,39
2013,4,3,18,3983,3949,2753,497,6,5,688,34,43
2013,4,3,19,4626,4590,3026,749,4,4,807,36,45
2013,4,4,12,1,1,1,0,0,0,0,0,0
2013,4,4,13,44,44,39,0,0,0,5,0,1
2013,4,4,14,172,172,130,1,0,0,41,0,1
2013,4,4,15,478,477,322,11,0,1,143,1,14
2013,4,4,16,816,807,504,40,0,1,262,9,15
2013,4,4,17,1204,1197,712,118,1,3,363,7,30
2013,4,4,18,1471,1460,830,196,0,2,432,11,22
2013,4,4,19,1579,1574,844,242,2,0,486,5,29
2013,4,5,11,1,1,1,0,0,0,0,0,0
2013,4,5,12,5,5,5,0,0,0,0,0,0
2013,4,5,13,52,51,39,1,0,0,11,1,1
2013,4,5,14,133,123,98,4,0,0,21,10,2
2013,4,5,15,384,374,232,12,0,0,130,10,6
2013,4,5,16,558,546,340,37,0,0,169,12,4
2013,4,5,17,809,798,462,70,0,1,265,11,10
2013,4,5,18,971,963,495,113,0,1,354,8,6
2013,4,5,19,1034,1024,495,189,1,3,336,10,10
2013,5,0,10,1,1,0,0,0,0,1,0,0
2013,5,0,11,10,10,10,0,0,0,0,0,0
2013,5,0,12,70,69,54,1,0,0,14,1,2
2013,5,0,13,484,466,347,4,0,0,115,18,7
2013,5,0,14,1933,1886,1375,32,0,1,478,47,29
2013,5,0,15,4715,4643,3188,99,2,2,1352,72,71
2013,5,0,16,7639,7532,4925,336,6,6,2259,107,118
2013,5,0,17,10282,10147,6145,836,4,6,3156,135,126
2013,5,0,18,12037,11888,6851,1384,9,16,3628,149,161
2013,5,0,19,13408,13236,7325,1841,8,25,4037,172,179
2013,5,1,10,1,1,0,0,0,0,1,0,0
2013,5,1,11,6,6,6,0,0,0,0,0,0
2013,5,1,12,19,19,15,0,0,0,4,0,0
2013,5,1,13,86,84,56,0,0,0,28,2,4
2013,5,1,14,321,317,205,3,0,0,109,4,13
2013,5,1,15,730,720,389,11,0,0,320,10,19
2013,5,1,16,1191,1168,612,38,1,1,516,23,37
2013,5,1,17,1493,1464,712,79,1,0,672,29,31
2013,5,1,18,1654,1629,731,116,0,1,781,25,35
2013,5,1,19,1743,1717,750,153,0,4,810,26,38
2013,5,2,11,3,3,3,0,0,0,0,0,0
2013,5,2,12,25,24,19,0,0,0,5,1,1
2013,5,2,13,196,187,126,3,0,0,58,9,2
2013,5,2,14,750,729,474,19,0,1,235,21,7
2013,5,2,15,1642,1611,994,53,0,1,563,31,23
2013,5,2,16,2549,2502,1438,126,3,3,932,47,29
2013,5,2,17,3482,3413,1816,316,3,2,1276,69,51
2013,5,2,18,3830,3773,1974,421,2,2,1374,57,52
2013,5,2,19,4117,4042,1975,561,3,4,1499,75,56
2013,5,3,11,1,1,1,0,0,0,0,0,0
2013,5,3,12,15,15,11,1,0,0,3,0,1
2013,5,3,13,131,128,115,0,0,0,13,3,0
2013,5,3,14,517,510,438,7,0,0,65,7,4
2013,5,3,15,1469,1457,1209,17,0,1,230,12,13
2013,5,3,16,2469,2448,1940,113,2,2,391,21,29
2013,5,3,17,3388,3364,2514,266,0,1,583,24,17
2013,5,3,18,4163,4117,2843,542,2,8,722,46,43
2013,5,3,19,4910,4863,3215,725,5,15,903,47,36
2013,5,4,12,4,4,4,0,0,0,0,0,0
2013,5,4,13,38,38,30,0,0,0,8,0,1
2013,5,4,14,201,201,151,1,0,0,49,0,5
2013,5,4,15,510,505,360,10,1,0,134,5,12
2013,5,4,16,860,858,602,34,0,0,222,2,18
2013,5,4,17,1139,1133,701,94,0,3,335,6,23
2013,5,4,18,1435,1426,806,170,3,2,445,9,26
2013,5,4,19,1598,1585,842,247,0,0,496,13,45
2013,5,5,12,7,7,5,0,0,0,2,0,0
2013,5,5,13,33,29,20,1,0,0,8,4,0
2013,5,5,14,144,129,107,2,0,0,20,15,0
2013,5,5,15,364,350,236,8,1,0,105,14,4
2013,5,5,16,570,556,333,25,0,0,198,14,5
2013,5,5,17,780,773,402,81,0,0,290,7,4
2013,5,5,18,955,943,497,135,2,3,306,12,5
2013,5,5,19,1040,1029,543,155,0,2,329,11,4
2013,6,0,10,2,2,1,0,0,0,1,0,0
2013,6,0,11,6,6,2,0,0,0,4,0,1
2013,6,0,12,64,60,46,1,0,0,13,4,3
2013,6,0,13,537,527,398,9,0,0,120,10,7
2013,6,0,14,1857,1804,1309,21,1,2,471,53,29
2013,6,0,15,4540,4463,3049,93,2,1,1318,77,79
2013,6,0,16,7360,7260,4661,327,2,10,2260,100,107
2013,6,0,17,9640,9541,5786,772,4,11,2968,99,124
2013,6,0,18,11351,11218,6428,1172,6,25,3587,133,165
2013,6,0,19,12585,12412,6726,1792,12,29,3853,173,162
2013,6,1,11,1,1,0,0,0,0,1,0,0
2013,6,1,12,17,15,12,0,0,0,3,2,1
2013,6,1,13,110,109,64,2,0,0,43,1,2
2013,6,1,14,316,304,176,4,0,1,123,12,16
2013,6,1,15,757,741,434,14,0,0,293,16,36
2013,6,1,16,1136,1124,583,30,0,3,508,12,38
2013,6,1,17,1422,1410,694,78,1,1,636,12,41
2013,6,1,18,1577,1554,722,122,1,1,708,23,60
2013,6,1,19,1757,1726,778,161,1,1,785,31,53
2013,6,2,10,2,2,1,0,0,0,1,0,0
2013,6,2,11,4,4,2,0,0,0,2,0,0
2013,6,2,12,30,30,21,0,0,0,9,0,1
2013,6,2,13,225,219,161,2,0,0,56,6,3
2013,6,2,14,729,708,481,11,1,1,214,21,5
2013,6,2,15,1668,1639,986,46,2,1,604,29,20
2013,6,2,16,2523,2482,1407,124,2,5,944,41,27
2013,6,2,17,3215,3167,1689,267,1,5,1205,48,36
2013,6,2,18,3653,3586,1829,364,2,8,1383,67,43
2013,6,2,19,3870,3799,1840,515,3,7,1434,71,42
2013,6,3,11,1,1,0,0,0,0,1,0,1
2013,6,3,12,12,11,10,1,0,0,0,1,1
2013,6,3,13,113,113,104,2,0,0,7,0,0
2013,6,3,14,523,517,449,5,0,0,63,6,5
2013,6,3,15,1325,1311,1098,18,0,0,195,14,6
2013,6,3,16,2359,2334,1840,113,0,1,380,25,17
2013,6,3,17,3188,3161,2333,263,1,2,562,27,27
2013,6,3,18,3841,3814,2672,405,1,11,725,27,29
2013,6,3,19,4414,4368,2795,731,5,13,824,46,38
2013,6,4,12,2,2,2,0,0,0,0,0,0
2013,6,4,13,44,41,33,1,0,0,7,3,1
2013,6,4,14,166,166,122,1,0,0,43,0,3
2013,6,4,15,441,440,314,3,0,0,123,1,12
2013,6,4,16,771,767,498,29,0,1,239,4,15
2013,6,4,17,1131,1127,717,95,1,1,313,4,16
2013,6,4,18,1399,1392,769,150,2,2,469,7,29
2013,6,4,19,1502,1493,824,204,2,4,459,9,26
2013,6,5,12,3,2,1,0,0,0,1,1,0
2013,6,5,13,45,45,36,2,0,0,7,0,1
2013,6,5,14,123,109,81,0,0,0,28,14,0
2013,6,5,15,349,332,217,12,0,0,103,17,5
2013,6,5,16,571,553,333,31,0,0,189,18,10
2013,6,5,17,684,676,353,69,0,2,252,8,4
2013,6,5,18,881,872,436,131,0,3,302,9,4
2013,6,5,19,1042,1026,489,181,1,4,351,16,3
2013,7,0,11,5,5,4,0,0,0,1,0,0
2013,7,0,12,60,59,49,1,0,0,9,1,1
2013,7,0,13,472,467,353,7,0,0,107,5,8
2013,7,0,14,1854,1813,1361,20,2,1,429,41,39
2013,7,0,15,4351,4283,2939,81,2,1,1260,68,70
2013,7,0,16,7329,7234,4689,308,2,4,2231,95,143
2013,7,0,17,9849,9736,5875,790,4,11,3056,113,140
2013,7,0,18,11481,11343,6495,1243,12,13,3580,138,163
2013,7,0,19,12517,12364,6801,1705,16,15,3827,153,156
2013,7,1,11,2,2,1,0,0,0,1,0,0
2013,7,1,12,9,9,7,0,0,0,2,0,1
2013,7,1,13,109,107,72,4,0,0,31,2,5
2013,7,1,14,331,326,219,5,0,1,101,5,15
2013,7,1,15,696,684,389,10,1,0,284,12,33
2013,7,1,16,1156,1143,608,38,0,0,497,13,59
2013,7,1,17,1451,1426,674,78,0,2,672,25,58
2013,7,1,18,1613,1591,742,145,1,1,702,22,56
2013,7,1,19,1726,1696,745,142,2,4,803,30,61
2013,7,2,11,1,1,1,0,0,0,0,0,0
2013,7,2,12,33,32,25,1,0,0,6,1,0
2013,7,2,13,180,179,131,1,0,0,47,1,1
2013,7,2,14,661,643,422,8,2,0,211,18,8
2013,7,2,15,1535,1507,897,36,1,0,573,28,13
2013,7,2,16,2588,2534,1466,115,1,2,950,54,29
2013,7,2,17,3333,3282,1785,265,1,3,1228,51,28
2013,7,2,18,3699,3634,1830,396,4,6,1398,65,35
2013,7,2,19,3912,3848,1923,513,7,6,1399,64,35
2013,7,3,11,1,1,1,0,0,0,0,0,0
2013,7,3,12,8,8,8,0,0,0,0,0,0
2013,7,3,13,109,109,94,1,0,0,14,0,0
2013,7,3,14,537,529,467,4,0,0,58,8,10
2013,7,3,15,1333,1319,1114,14,0,1,190,14,10
2013,7,3,16,2244,2228,1770,86,1,1,370,16,27
2013,7,3,17,3185,3157,2317,265,2,3,570,28,32
2013,7,3,18,3816,3788,2634,443,4,2,705,28,35
2013,7,3,19,4349,4314,2829,650,3,4,828,35,31
2013,7,4,11,1,1,1,0,0,0,0,0,0
2013,7,4,12,6,6,5,0,0,0,1,0,0
2013,7,4,13,42,41,33,0,0,0,8,1,1
2013,7,4,14,185,184,144,1,0,0,39,1,4
2013,7,4,15,453,452,330,9,0,0,113,1,10
2013,7,4,16,776,774,511,39,0,0,224,2,18
2013,7,4,17,1127,1125,683,92,0,2,348,2,19
2013,7,4,18,1416,1407,808,133,2,3,461,9,27
2013,7,4,19,1510,1503,823,204,2,0,474,7,26
2013,7,5,12,4,4,4,0,0,0,0,0,0
2013,7,5,13,32,31,23,1,0,0,7,1,1
2013,7,5,14,140,131,109,2,0,0,20,9,2
2013,7,5,15,334,321,209,12,0,0,100,13,4
2013,7,5,16,565,555,334,30,0,1,190,10,10
2013,7,5,17,753,746,416,90,1,1,238,7,3
2013,7,5,18,937,923,481,126,1,1,314,14,10
2013,7,5,19,1020,1003,481,196,2,1,323,17,3
2013,8,0,10,1,1,0,0,0,0,1,0,0
2013,8,0,11,4,4,4,0,0,0,0,0,0
2013,8,0,12,57,55,44,0,0,0,11,2,1
2013,8,0,13,473,460,359,3,0,0,98,13,12
2013,8,0,14,1930,1882,1396,21,0,2,463,48,34
2013,8,0,15,4478,4401,3102,68,1,4,1226,77,57
2013,8,0,16,7280,7171,4569,299,6,5,2292,109,106
2013,8,0,17,9530,9427,5678,737,2,8,3002,103,154
2013,8,0,18,10934,10785,6108,1205,5,12,3455,149,144
2013,8,0,19,12340,12187,6759,1656,9,22,3741,153,165
2013,8,1,10,1,1,0,0,0,0,1,0,0
2013,8,1,12,13,13,9,0,0,0,4,0,0
2013,8,1,13,112,108,77,1,0,0,30,4,4
2013,8,1,14,350,337,224,1,0,1,111,13,11
2013,8,1,15,749,732,417,13,0,2,300,17,28
2013,8,1,16,1168,1143,576,27,2,1,537,25,37
2013,8,1,17,1425,1404,668,91,1,1,643,21,54
2013,8,1,18,1564,1523,689,114,0,2,718,41,46
2013,8,1,19,1812,1777,807,143,0,1,826,35,53
2013,8,2,11,4,4,4,0,0,0,0,0,0
2013,8,2,12,26,25,20,0,0,0,5,1,0
2013,8,2,13,157,156,112,1,0,0,43,1,4
2013,8,2,14,712,696,455,13,0,1,227,16,9
2013,8,2,15,1559,1526,974,31,0,2,519,33,13
2013,8,2,16,2509,2462,1362,115,4,3,978,47,35
2013,8,2,17,3243,3195,1678,258,0,0,1259,48,44
2013,8,2,18,3492,3439,1691,403,3,2,1340,53,40
2013,8,2,19,3702,3639,1801,478,4,7,1349,63,44
2013,8,3,12,10,9,9,0,0,0,0,1,1
2013,8,3,13,129,126,115,0,0,0,11,3,2
2013,8,3,14,510,502,445,2,0,0,55,8,7
2013,8,3,15,1368,1356,1134,13,1,0,208,12,8
2013,8,3,16,2258,2242,1794,86,0,1,361,16,15
2013,8,3,17,3055,3034,2254,230,1,1,548,21,36
2013,8,3,18,3644,3610,2509,413,2,3,683,34,28
2013,8,3,19,4327,4293,2863,666,2,11,751,34,35
2013,8,4,12,4,4,3,0,0,0,1,0,0
2013,8,4,13,38,38,30,0,0,0,8,0,2
2013,8,4,14,202,202,155,1,0,0,46,0,5
2013,8,4,15,451,451,330,4,0,0,117,0,5
2013,8,4,16,810,798,514,49,0,0,235,12,15
2013,8,4,17,1105,1098,685,97,0,4,312,7,14
2013,8,4,18,1379,1368,775,156,0,3,434,11,26
2013,8,4,19,1497,1489,816,205,3,0,465,8,25
2013,8,5,12,4,4,3,0,0,0,1,0,0
2013,8,5,13,37,32,25,1,0,0,6,5,0
2013,8,5,14,156,145,117,4,0,0,24,11,2
2013,8,5,15,351,336,247,7,0,0,82,15,3
2013,8,5,16,535,526,323,22,0,0,181,9,4
2013,8,5,17,702,696,393,61,0,2,240,6,6
2013,8,5,18,855,845,444,119,0,2,280,10,4
2013,8,5,19,1002,989,472,164,0,3,350,13,8
2013,9,0,10,1,1,1,0,0,0,0,0,0
2013,9,0,11,8,8,7,0,0,0,1,0,3
2013,9,0,12,61,60,53,1,0,0,6,1,2
2013,9,0,13,472,459,352,6,0,2,99,13,7
2013,9,0,14,1840,1809,1331,28,0,2,448,31,18
2013,9,0,15,4413,4336,2989,77,1,4,1265,77,43
2013,9,0,16,7072,6987,4431,341,3,8,2204,85,84
2013,9,0,17,9408,9277,5560,728,4,11,2974,131,85
2013,9,0,18,11087,10946,6270,1215,10,14,3437,141,109
2013,9,0,19,12090,11923,6493,1620,8,17,3785,167,104
2013,9,1,10,1,1,1,0,0,0,0,0,0
2013,9,1,11,3,3,3,0,0,0,0,0,1
2013,9,1,12,14,13,11,0,0,0,2,1,0
2013,9,1,13,105,101,67,1,0,0,33,4,3
2013,9,1,14,370,362,226,4,0,0,132,8,10
2013,9,1,15,777,767,421,10,0,0,336,10,8
2013,9,1,16,1205,1193,607,41,1,1,543,12,20
2013,9,1,17,1437,1417,687,65,2,1,662,20,16
2013,9,1,18,1641,1618,784,118,2,2,712,23,17
2013,9,1,19,1807,1777,794,159,1,3,820,30,17
2013,9,2,11,3,3,2,0,0,0,1,0,1
2013,9,2,12,18,18,17,0,0,0,1,0,0
2013,9,2,13,191,184,129,3,0,1,51,7,2
2013,9,2,14,633,621,421,14,0,1,185,12,4
2013,9,2,15,1608,1564,953,40,1,2,568,44,17
2013,9,2,16,2462,2421,1375,123,0,2,921,41,22
2013,9,2,17,3247,3190,1665,264,1,4,1256,57,22
2013,9,2,18,3709,3640,1837,400,4,8,1391,69,33
2013,9,2,19,3787,3709,1779,491,3,4,1432,78,40
2013,9,3,11,1,1,1,0,0,0,0,0,0
2013,9,3,12,13,13,11,1,0,0,1,0,2
2013,9,3,13,109,109,100,1,0,1,7,0,1
2013,9,3,14,482,478,424,5,0,0,49,4,1
2013,9,3,15,1246,1238,1063,14,0,1,160,8,11
2013,9,3,16,2087,2069,1661,101,2,1,304,18,27
2013,9,3,17,2974,2940,2218,222,1,4,495,34,34
2013,9,3,18,3574,3544,2477,433,2,2,630,30,39
2013,9,3,19,4125,4087,2685,638,3,6,755,38,32
2013,9,4,11,1,1,1,0,0,0,0,0,1
2013,9,4,12,7,7,7,0,0,0,0,0,0
2013,9,4,13,44,44,40,0,0,0,4,0,0
2013,9,4,14,185,184,127,1,0,1,55,1,2
2013,9,4,15,451,447,320,3,0,0,124,4,1
2013,9,4,16,764,762,460,42,0,3,257,2,8
2013,9,4,17,1034,1028,604,99,0,0,325,6,7
2013,9,4,18,1307,1298,737,150,0,0,411,9,12
2013,9,4,19,1407,1397,740,193,0,1,463,10,8
2013,9,5,12,9,9,7,0,0,0,2,0,0
2013,9,5,13,23,21,16,1,0,0,4,2,1
2013,9,5,14,170,164,133,4,0,0,27,6,1
2013,9,5,15,331,320,232,10,0,1,77,11,6
2013,9,5,16,554,542,328,34,0,1,179,12,7
2013,9,5,17,716,702,386,78,0,2,236,14,6
2013,9,5,18,856,846,435,114,2,2,293,10,8
2013,9,5,19,964,953,495,139,1,3,315,11,7
2013,10,0,11,3,3,3,0,0,0,0,0,0
2013,10,0,12,53,52,37,0,0,0,15,1,0
2013,10,0,13,433,424,315,2,0,1,106,9,5
2013,10,0,14,1760,1736,1241,24,0,4,467,24,14
2013,10,0,15,4119,4051,2779,73,0,8,1191,68,39
2013,10,0,16,6959,6863,4324,277,2,15,2245,96,67
2013,10,0,17,9244,9108,5393,738,5,14,2958,136,74
2013,10,0,18,11032,10877,6105,1282,12,34,3444,155,102
2013,10,0,19,11918,11752,6373,1718,6,26,3629,166,97
2013,10,1,12,16,16,10,0,0,0,6,0,0
2013,10,1,13,95,94,64,0,0,0,30,1,0
2013,10,1,14,326,323,203,5,0,0,115,3,6
2013,10,1,15,710,700,396,14,0,1,289,10,13
2013,10,1,16,1119,1108,554,36,1,2,515,11,11
2013,10,1,17,1442,1418,666,79,1,0,672,24,14
2013,10,1,18,1612,1583,687,122,3,5,766,29,20
2013,10,1,19,1811,1778,752,148,1,1,876,33,15
2013,10,2,11,2,2,2,0,0,0,0,0,0
2013,10,2,12,20,19,14,0,0,0,5,1,0
2013,10,2,13,158,152,98,1,0,1,52,6,4
2013,10,2,14,678,670,425,10,0,4,231,8,2
2013,10,2,15,1419,1397,845,33,0,6,513,22,10
2013,10,2,16,2361,2315,1271,102,1,9,932,46,15
2013,10,2,17,3096,3034,1603,251,4,12,1164,62,20
2013,10,2,18,3642,3574,1778,431,7,19,1339,68,34
2013,10,2,19,3621,3547,1710,517,3,15,1302,74,25
2013,10,3,12,12,12,10,0,0,0,2,0,0
2013,10,3,13,108,107,100,1,0,0,6,1,1
2013,10,3,14,464,458,399,4,0,0,55,6,4
2013,10,3,15,1186,1175,990,11,0,1,173,11,7
2013,10,3,16,2123,2098,1650,80,0,4,364,25,27
2013,10,3,17,2840,2816,2066,244,0,0,506,24,29
2013,10,3,18,3556,3519,2428,456,1,2,632,37,31
2013,10,3,19,4061,4024,2648,657,2,7,710,37,39
2013,10,4,11,1,1,1,0,0,0,0,0,0
2013,10,4,12,4,4,3,0,0,0,1,0,0
2013,10,4,13,36,36,28,0,0,0,8,0,0
2013,10,4,14,171,169,125,2,0,0,42,2,1
2013,10,4,15,457,454,313,7,0,0,134,3,5
2013,10,4,16,786,783,511,38,0,0,234,3,7
2013,10,4,17,1111,1099,650,92,0,1,356,12,4
2013,10,4,18,1309,1298,746,151,0,4,397,11,9
2013,10,4,19,1468,1459,795,220,0,1,443,9,10
2013,10,5,12,1,1,0,0,0,0,1,0,0
2013,10,5,13,36,35,25,0,0,0,10,1,0
2013,10,5,14,121,116,89,3,0,0,24,5,1
2013,10,5,15,347,325,235,8,0,0,82,22,4
2013,10,5,16,570,559,338,21,0,0,200,11,7
2013,10,5,17,755,741,408,72,0,1,260,14,7
2013,10,5,18,913,903,466,122,1,4,310,10,8
2013,10,5,19,957,944,468,176,0,2,298,13,8
2013,11,0,11,7,7,6,1,0,0,0,0,0
2013,11,0,12,57,53,42,1,0,0,10,4,0
2013,11,0,13,397,389,288,8,0,0,93,8,2
2013,11,0,14,1653,1619,1176,26,0,0,417,34,10
2013,11,0,15,3931,3873,2632,96,1,4,1140,58,18
2013,11,0,16,6582,6499,4059,320,2,11,2107,83,57
2013,11,0,17,8641,8513,5044,714,5,7,2743,128,54
2013,11,0,18,10218,10105,5672,1143,9,12,3269,113,88
2013,11,0,19,11226,11101,6102,1538,6,19,3436,125,79
2013,11,1,11,3,3,3,0,0,0,0,0,0
2013,11,1,12,15,14,12,0,0,0,2,1,0
2013,11,1,13,80,77,52,3,0,0,22,3,0
2013,11,1,14,311,301,189,7,0,0,105,10,3
2013,11,1,15,659,650,354,13,0,0,283,9,3
2013,11,1,16,1078,1064,530,36,2,1,495,14,8
2013,11,1,17,1352,1332,602,67,0,2,661,20,9
2013,11,1,18,1535,1512,658,115,0,2,737,23,11
2013,11,1,19,1632,1612,722,160,0,4,726,20,7
2013,11,2,11,2,2,2,0,0,0,0,0,0
2013,11,2,12,20,18,13,1,0,0,4,2,0
2013,11,2,13,153,150,100,1,0,0,49,3,1
2013,11,2,14,568,557,355,10,0,0,192,11,3
2013,11,2,15,1335,1307,774,39,1,1,492,28,3
2013,11,2,16,2186,2148,1197,95,0,6,850,38,22
2013,11,2,17,2861,2799,1467,244,2,1,1085,62,13
2013,11,2,18,3315,3264,1652,373,6,3,1230,51,23
2013,11,2,19,3311,3254,1542,445,4,5,1258,57,20
2013,11,3,11,2,2,1,1,0,0,0,0,0
2013,11,3,12,13,12,10,0,0,0,2,1,0
2013,11,3,13,94,93,80,3,0,0,10,1,0
2013,11,3,14,472,464,407,4,0,0,53,8,2
2013,11,3,15,1190,1179,970,27,0,1,181,11,7
2013,11,3,16,2055,2038,1570,107,0,1,360,17,20
2013,11,3,17,2753,2720,1978,266,1,2,473,33,19
2013,11,3,18,3268,3241,2208,391,3,4,635,27,33
2013,11,3,19,3956,3920,2600,587,0,5,728,36,30
2013,11,4,12,3,3,3,0,0,0,0,0,0
2013,11,4,13,37,37,31,0,0,0,6,0,1
2013,11,4,14,165,165,118,1,0,0,46,0,0
2013,11,4,15,440,439,321,6,0,1,111,1,2
2013,11,4,16,726,718,438,43,0,2,235,8,5
2013,11,4,17,978,973,592,84,1,0,296,5,11
2013,11,4,18,1253,1248,723,156,0,2,367,5,17
2013,11,4,19,1395,1389,771,183,1,4,430,6,18
2013,11,5,12,6,6,4,0,0,0,2,0,0
2013,11,5,13,33,32,25,1,0,0,6,1,0
2013,11,5,14,137,132,107,4,0,0,21,5,2
2013,11,5,15,307,298,213,11,0,1,73,9,3
2013,11,5,16,537,531,324,39,0,1,167,6,2
2013,11,5,17,697,689,405,53,1,2,228,8,2
2013,11,5,18,847,840,431,108,0,1,300,7,4
2013,11,5,19,932,926,467,163,1,1,294,6,4
2013,12,0,11,10,10,8,1,0,0,1,0,1
2013,12,0,12,47,45,40,0,0,0,5,2,1
2013,12,0,13,429,414,320,2,0,0,92,15,3
2013,12,0,14,1760,1721,1215,18,0,0,488,39,15
2013,12,0,15,3879,3797,2581,74,0,1,1141,82,33
2013,12,0,16,6632,6539,4183,305,4,6,2041,93,64
2013,12,0,17,8816,8685,5237,736,2,4,2706,131,94
2013,12,0,18,10470,10302,5767,1231,7,13,3284,168,115
2013,12,0,19,11721,11545,6252,1651,10,16,3616,176,128
2013,12,1,11,1,1,1,0,0,0,0,0,0
2013,12,1,12,11,11,10,0,0,0,1,0,0
2013,12,1,13,89,84,51,0,0,0,33,5,2
2013,12,1,14,306,301,181,4,0,0,116,5,1
2013,12,1,15,607,595,327,9,0,1,258,12,2
2013,12,1,16,1019,1006,541,25,0,0,440,13,7
2013,12,1,17,1267,1247,604,63,0,2,578,20,17
2013,12,1,18,1434,1412,637,97,1,1,676,22,11
2013,12,1,19,1626,1601,679,154,0,2,766,25,13
2013,12,2,11,7,7,6,0,0,0,1,0,0
2013,12,2,12,24,24,21,0,0,0,3,0,0
2013,12,2,13,150,144,101,1,0,0,42,6,0
2013,12,2,14,624,604,358,7,0,0,239,20,4
2013,12,2,15,1348,1312,785,30,0,0,497,36,6
2013,12,2,16,2100,2062,1114,129,3,2,814,38,16
2013,12,2,17,2765,2725,1429,220,0,1,1075,40,21
2013,12,2,18,3311,3246,1580,380,5,7,1274,65,15
2013,12,2,19,3346,3288,1574,448,7,5,1254,58,33
2013,12,3,11,1,1,0,1,0,0,0,0,1
2013,12,3,12,5,4,4,0,0,0,0,1,1
2013,12,3,13,112,108,101,0,0,0,7,4,1
2013,12,3,14,479,470,409,1,0,0,60,9,7
2013,12,3,15,1213,1188,988,17,0,0,183,25,18
2013,12,3,16,2151,2118,1663,81,1,2,371,33,37
2013,12,3,17,2978,2927,2141,271,1,1,513,51,50
2013,12,3,18,3514,3450,2328,484,1,2,635,64,73
2013,12,3,19,4131,4068,2659,648,2,5,754,63,63
2013,12,4,11,1,1,1,0,0,0,0,0,0
2013,12,4,12,3,3,2,0,0,0,1,0,0
2013,12,4,13,43,43,36,0,0,0,7,0,0
2013,12,4,14,180,180,133,1,0,0,46,0,1
2013,12,4,15,433,431,296,9,0,0,126,2,2
2013,12,4,16,804,802,533,40,0,0,229,2,3
2013,12,4,17,1072,1065,638,98,1,0,328,7,4
2013,12,4,18,1367,1361,786,160,0,2,413,6,11
2013,12,4,19,1590,1572,840,234,0,3,495,18,9
2013,12,5,12,4,3,3,0,0,0,0,1,0
2013,12,5,13,35,35,31,1,0,0,3,0,0
2013,12,5,14,171,166,134,5,0,0,27,5,2
2013,12,5,15,278,271,185,9,0,0,77,7,5
2013,12,5,16,558,551,332,30,0,2,187,7,1
2013,12,5,17,734,721,425,84,0,0,212,13,2
2013,12,5,18,844,833,436,110,0,1,286,11,5
2013,12,5,19,1028,1016,500,167,1,1,347,12,10
2014,1,0,11,4,4,3,0,0,0,1,0,1
2014,1,0,12,43,42,33,1,0,0,8,1,1
2014,1,0,13,400,392,306,3,0,0,83,8,2
2014,1,0,14,1857,1818,1366,22,1,1,428,39,18
2014,1,0,15,4266,4201,2897,68,0,0,1236,65,32
2014,1,0,16,6949,6869,4477,312,4,5,2071,80,63
2014,1,0,17,9335,9224,5601,753,7,12,2851,111,56
2014,1,0,18,10950,10815,6289,1231,6,14,3275,135,101
2014,1,0,19,12551,12416,6813,1776,11,20,3796,135,93
2014,1,1,11,1,1,1,0,0,0,0,0,1
2014,1,1,12,9,8,4,1,0,0,3,1,1
2014,1,1,13,68,68,46,2,0,0,20,0,0
2014,1,1,14,315,310,200,3,0,0,107,5,1
2014,1,1,15,638,630,362,11,0,0,257,8,4
2014,1,1,16,1064,1051,550,23,1,0,477,13,9
2014,1,1,17,1367,1343,667,80,0,0,596,24,5
2014,1,1,18,1484,1468,679,103,0,1,685,16,13
2014,1,1,19,1716,1693,739,164,2,1,787,23,11
2014,1,2,11,2,2,1,0,0,0,1,0,0
2014,1,2,12,12,12,9,0,0,0,3,0,0
2014,1,2,13,134,130,85,1,0,0,44,4,2
2014,1,2,14,625,608,410,8,1,1,188,17,2
2014,1,2,15,1458,1428,839,30,0,0,559,30,9
2014,1,2,16,2184,2142,1221,115,1,4,801,42,25
2014,1,2,17,2870,2821,1505,224,3,3,1086,49,17
2014,1,2,18,3297,3232,1645,378,4,2,1203,65,36
2014,1,2,19,3418,3360,1586,451,2,2,1319,58,22
2014,1,3,11,1,1,1,0,0,0,0,0,0
2014,1,3,12,10,10,9,0,0,0,1,0,0
2014,1,3,13,111,110,104,0,0,0,6,1,0
2014,1,3,14,542,531,475,7,0,0,49,11,9
2014,1,3,15,1346,1328,1103,13,0,0,212,18,16
2014,1,3,16,2295,2281,1816,109,1,1,354,14,21
2014,1,3,17,3168,3144,2283,260,1,7,593,24,16
2014,1,3,18,3853,3822,2647,476,1,5,693,31,31
2014,1,3,19,4664,4625,3021,740,2,13,849,39,38
2014,1,4,12,5,5,4,0,0,0,1,0,0
2014,1,4,13,60,58,48,0,0,0,10,2,0
2014,1,4,14,228,227,165,2,0,0,60,1,2
2014,1,4,15,480,478,348,9,0,0,121,2,3
2014,1,4,16,858,852,544,42,0,0,266,6,7
2014,1,4,17,1198,1193,727,122,3,2,339,5,7
2014,1,4,18,1403,1392,815,151,1,5,420,11,11
2014,1,4,19,1740,1733,954,252,4,3,520,7,16
2014,1,5,12,7,7,7,0,0,0,0,0,0
2014,1,5,13,27,26,23,0,0,0,3,1,0
2014,1,5,14,147,142,116,2,0,0,24,5,4
2014,1,5,15,344,337,245,5,0,0,87,7,0
2014,1,5,16,548,543,346,23,1,0,173,5,1
2014,1,5,17,732,723,419,67,0,0,237,9,11
2014,1,5,18,913,901,503,123,0,1,274,12,10
2014,1,5,19,1013,1005,513,169,1,1,321,8,6
2014,2,0,10,1,1,1,0,0,0,0,0,0
2014,2,0,12,47,44,38,2,0,0,4,3,2
2014,2,0,13,436,428,348,4,0,1,75,8,4
2014,2,0,14,1720,1690,1261,24,0,1,404,30,14
2014,2,0,15,4017,3949,2792,71,0,1,1085,68,33
2014,2,0,16,6834,6746,4339,290,6,8,2103,88,60
2014,2,0,17,8814,8708,5370,683,7,4,2644,106,70
2014,2,0,18,10469,10356,5900,1225,5,9,3217,113,112
2014,2,0,19,11753,11628,6400,1688,8,14,3518,125,121
2014,2,1,12,8,7,5,0,0,0,2,1,1
2014,2,1,13,69,68,51,3,0,0,14,1,1
2014,2,1,14,291,285,186,4,0,0,95,6,1
2014,2,1,15,607,599,339,7,0,1,252,8,2
2014,2,1,16,1000,983,472,33,0,2,476,17,2
2014,2,1,17,1226,1209,573,51,0,0,585,17,6
2014,2,1,18,1429,1412,630,95,0,0,687,17,3
2014,2,1,19,1507,1482,647,139,1,2,693,25,12
2014,2,2,12,13,12,10,0,0,0,2,1,0
2014,2,2,13,168,165,117,1,0,1,46,3,1
2014,2,2,14,583,568,372,6,0,0,190,15,8
2014,2,2,15,1319,1277,795,36,0,0,446,42,17
2014,2,2,16,2189,2150,1178,98,4,2,868,39,22
2014,2,2,17,2716,2668,1458,214,3,3,990,48,27
2014,2,2,18,3225,3171,1546,381,2,2,1240,54,53
2014,2,2,19,3367,3314,1560,483,3,1,1267,53,41
2014,2,3,12,14,14,14,0,0,0,0,0,1
2014,2,3,13,108,108,104,0,0,0,4,0,1
2014,2,3,14,511,508,449,9,0,1,49,3,5
2014,2,3,15,1293,1286,1102,16,0,0,168,7,4
2014,2,3,16,2344,2325,1873,112,2,2,336,19,25
2014,2,3,17,3042,3012,2187,285,2,0,538,30,29
2014,2,3,18,3709,3680,2580,476,1,4,619,29,36
2014,2,3,19,4404,4375,2885,691,1,4,794,29,50
2014,2,4,12,6,6,6,0,0,0,0,0,0
2014,2,4,13,43,43,39,0,0,0,4,0,0
2014,2,4,14,203,199,147,2,0,0,50,4,0
2014,2,4,15,445,443,306,4,0,0,133,2,6
2014,2,4,16,764,759,486,31,0,2,240,5,8
2014,2,4,17,1104,1098,715,72,1,1,309,6,3
2014,2,4,18,1239,1231,697,153,2,1,378,8,17
2014,2,4,19,1533,1525,842,214,2,2,465,8,12
2014,2,5,10,1,1,1,0,0,0,0,0,0
2014,2,5,12,6,5,3,2,0,0,0,1,0
2014,2,5,13,48,44,37,0,0,0,7,4,1
2014,2,5,14,132,130,107,3,0,0,20,2,0
2014,2,5,15,353,344,250,8,0,0,86,9,4
2014,2,5,16,537,529,330,16,0,0,183,8,3
2014,2,5,17,726,721,437,61,1,0,222,5,5
2014,2,5,18,867,862,447,120,0,2,293,5,3
2014,2,5,19,942,932,466,161,1,5,299,10,6
2014,3,0,10,2,2,2,0,0,0,0,0,1
2014,3,0,11,2,2,2,0,0,0,0,0,0
2014,3,0,12,53,52,37,4,0,0,11,1,2
2014,3,0,13,444,437,329,6,0,0,102,7,2
2014,3,0,14,1959,1919,1414,26,2,2,475,40,19
2014,3,0,15,4442,4369,3151,66,0,2,1150,73,45
2014,3,0,16,7565,7474,4885,321,8,4,2256,91,66
2014,3,0,17,9888,9779,5958,812,7,6,2996,109,101
2014,3,0,18,11763,11614,6661,1269,5,18,3661,149,104
2014,3,0,19,13181,13024,7319,1832,6,14,3853,157,105
2014,3,1,10,2,2,2,0,0,0,0,0,1
2014,3,1,12,13,12,10,0,0,0,2,1,1
2014,3,1,13,78,77,47,1,0,0,29,1,0
2014,3,1,14,321,315,204,1,0,1,109,6,4
2014,3,1,15,692,680,424,11,0,0,245,12,6
2014,3,1,16,1141,1126,556,30,2,1,537,15,6
2014,3,1,17,1387,1369,656,86,2,1,624,18,5
2014,3,1,18,1656,1625,728,101,1,2,793,31,13
2014,3,1,19,1686,1654,673,162,0,4,815,32,10
2014,3,2,11,2,2,2,0,0,0,0,0,0
2014,3,2,12,16,16,10,0,0,0,6,0,0
2014,3,2,13,176,170,120,1,0,0,49,6,0
2014,3,2,14,679,656,416,21,2,0,217,23,6
2014,3,2,15,1498,1459,958,21,0,2,478,39,9
2014,3,2,16,2475,2429,1380,119,3,0,927,46,16
2014,3,2,17,3208,3156,1673,268,2,3,1210,52,32
2014,3,2,18,3612,3544,1743,413,3,5,1380,68,31
2014,3,2,19,3861,3807,1917,553,1,0,1336,54,30
2014,3,3,12,11,11,10,1,0,0,0,0,0
2014,3,3,13,106,106,94,1,0,0,11,0,2
2014,3,3,14,561,553,488,2,0,1,62,8,4
2014,3,3,15,1415,1400,1190,16,0,0,194,15,20
2014,3,3,16,2547,2534,2040,105,2,1,386,13,25
2014,3,3,17,3375,3352,2482,302,3,1,564,23,45
2014,3,3,18,4094,4067,2836,470,1,5,755,27,44
2014,3,3,19,4806,4759,3190,715,4,5,845,47,44
2014,3,4,12,4,4,2,1,0,0,1,0,1
2014,3,4,13,47,47,41,1,0,0,5,0,0
2014,3,4,14,222,221,171,0,0,0,50,1,1
2014,3,4,15,467,463,315,9,0,0,139,4,4
2014,3,4,16,836,830,560,41,1,1,227,6,11
2014,3,4,17,1136,1130,696,90,0,0,344,6,14
2014,3,4,18,1421,1416,826,143,0,5,442,5,7
2014,3,4,19,1746,1735,986,244,1,3,501,11,12
2014,3,5,12,9,9,5,2,0,0,2,0,0
2014,3,5,13,37,37,27,2,0,0,8,0,0
2014,3,5,14,176,174,135,2,0,0,37,2,4
2014,3,5,15,370,367,264,9,0,0,94,3,6
2014,3,5,16,566,555,349,26,0,1,179,11,8
2014,3,5,17,782,772,451,66,0,1,254,10,5
2014,3,5,18,980,962,528,142,0,1,291,18,9
2014,3,5,19,1082,1069,553,158,0,2,356,13,9
2014,4,0,11,9,9,8,0,0,0,1,0,0
2014,4,0,12,65,64,46,0,0,0,18,1,0
2014,4,0,13,418,413,328,11,0,0,74,5,3
2014,4,0,14,1955,1926,1429,26,0,1,470,29,20
2014,4,0,15,4574,4503,3224,73,0,5,1201,71,46
2014,4,0,16,7389,7282,4801,310,6,6,2159,107,73
2014,4,0,17,9918,9801,5969,773,4,10,3045,117,90
2014,4,0,18,11635,11480,6665,1325,8,13,3469,155,102
2014,4,0,19,12967,12796,7069,1851,14,16,3846,171,108
2014,4,1,11,2,2,1,0,0,0,1,0,0
2014,4,1,12,20,19,13,0,0,0,6,1,0
2014,4,1,13,86,86,63,2,0,0,21,0,0
2014,4,1,14,333,329,216,3,0,0,110,4,3
2014,4,1,15,722,709,408,14,0,1,286,13,9
2014,4,1,16,1150,1136,598,31,1,0,506,14,14
2014,4,1,17,1462,1442,674,72,2,2,692,20,10
2014,4,1,18,1550,1522,674,98,2,0,748,28,7
2014,4,1,19,1688,1656,730,154,0,0,772,32,14
2014,4,2,11,4,4,4,0,0,0,0,0,0
2014,4,2,12,29,29,19,0,0,0,10,0,0
2014,4,2,13,147,145,104,4,0,0,37,2,2
2014,4,2,14,655,645,438,7,0,0,200,10,5
2014,4,2,15,1594,1559,1011,33,0,2,513,35,18
2014,4,2,16,2432,2369,1341,124,1,2,901,63,21
2014,4,2,17,3204,3144,1700,257,2,2,1183,60,27
2014,4,2,18,3646,3580,1813,418,6,4,1339,66,31
2014,4,2,19,3964,3894,1925,505,4,6,1454,70,23
2014,4,3,11,2,2,2,0,0,0,0,0,0
2014,4,3,12,8,8,8,0,0,0,0,0,0
2014,4,3,13,112,111,106,1,0,0,4,1,0
2014,4,3,14,598,590,512,6,0,0,72,8,6
2014,4,3,15,1382,1372,1166,14,0,2,190,10,11
2014,4,3,16,2443,2421,1952,92,4,3,370,22,28
2014,4,3,17,3309,3283,2432,279,0,1,571,26,39
2014,4,3,18,4125,4086,2894,521,0,4,667,39,41
2014,4,3,19,4595,4551,2970,758,8,7,808,44,49
2014,4,4,12,5,5,4,0,0,0,1,0,0
2014,4,4,13,39,39,31,0,0,0,8,0,0
2014,4,4,14,214,213,155,6,0,1,51,1,4
2014,4,4,15,497,495,366,7,0,0,122,2,6
2014,4,4,16,800,798,542,36,0,0,220,2,5
2014,4,4,17,1126,1121,702,92,0,3,324,5,7
2014,4,4,18,1377,1371,797,156,0,3,415,6,5
2014,4,4,19,1656,1649,907,257,1,3,481,7,12
2014,4,5,11,1,1,1,0,0,0,0,0,0
2014,4,5,12,3,3,2,0,0,0,1,0,0
2014,4,5,13,34,32,24,4,0,0,4,2,1
2014,4,5,14,155,149,108,4,0,0,37,6,2
2014,4,5,15,379,368,273,5,0,0,90,11,2
2014,4,5,16,564,558,368,27,0,1,162,6,5
2014,4,5,17,817,811,461,73,0,2,275,6,7
2014,4,5,18,937,921,487,132,0,2,300,16,18
2014,4,5,19,1064,1046,537,177,1,0,331,18,10
2014,5,0,10,1,1,1,0,0,0,0,0,0
2014,5,0,11,9,9,9,0,0,0,0,0,0
2014,5,0,12,61,60,50,2,0,0,8,1,0
2014,5,0,13,441,431,336,9,1,0,85,10,4
2014,5,0,14,2064,2018,1519,25,0,0,474,46,16
2014,5,0,15,4461,4398,3108,68,0,1,1221,63,46
2014,5,0,16,7714,7618,4992,310,8,9,2299,96,54
2014,5,0,17,10008,9879,6093,717,7,7,3055,129,85
2014,5,0,18,11743,11610,6754,1178,7,11,3660,133,89
2014,5,0,19,13523,13368,7536,1836,10,21,3965,155,124
2014,5,1,11,2,2,2,0,0,0,0,0,0
2014,5,1,12,14,14,10,2,0,0,2,0,0
2014,5,1,13,82,80,60,1,0,0,19,2,2
2014,5,1,14,338,333,197,6,0,0,130,5,2
2014,5,1,15,718,709,427,7,0,0,275,9,7
2014,5,1,16,1190,1170,618,30,0,1,521,20,10
2014,5,1,17,1470,1455,695,81,1,1,677,15,7
2014,5,1,18,1648,1620,705,113,1,0,801,28,12
2014,5,1,19,1681,1650,748,131,1,3,767,31,14
2014,5,2,11,2,2,2,0,0,0,0,0,0
2014,5,2,12,19,18,15,0,0,0,3,1,0
2014,5,2,13,178,173,122,3,1,0,47,5,1
2014,5,2,14,745,726,501,8,0,0,217,19,1
2014,5,2,15,1537,1499,941,27,0,0,531,38,15
2014,5,2,16,2554,2508,1454,114,4,7,929,46,19
2014,5,2,17,3298,3236,1730,248,4,2,1252,62,30
2014,5,2,18,3762,3703,1903,360,2,7,1431,59,35
2014,5,2,19,4146,4083,1996,555,4,6,1522,63,38
2014,5,3,10,1,1,1,0,0,0,0,0,0
2014,5,3,11,2,2,2,0,0,0,0,0,0
2014,5,3,12,17,17,16,0,0,0,1,0,0
2014,5,3,13,120,118,105,1,0,0,12,2,1
2014,5,3,14,642,631,565,3,0,0,63,11,9
2014,5,3,15,1397,1389,1181,16,0,0,192,8,17
2014,5,3,16,2526,2507,2018,91,2,1,395,19,11
2014,5,3,17,3290,3256,2456,251,1,2,546,34,30
2014,5,3,18,4031,4005,2853,451,3,3,695,26,29
2014,5,3,19,4817,4780,3224,712,4,6,834,37,49
2014,5,4,11,2,2,2,0,0,0,0,0,0
2014,5,4,12,4,4,3,0,0,0,1,0,0
2014,5,4,13,34,34,28,1,0,0,5,0,0
2014,5,4,14,189,187,141,3,0,0,43,2,1
2014,5,4,15,482,482,338,7,0,1,136,0,3
2014,5,4,16,828,822,540,35,0,0,247,6,4
2014,5,4,17,1122,1116,742,73,1,1,299,6,8
2014,5,4,18,1345,1334,797,130,0,1,406,11,6
2014,5,4,19,1732,1721,984,229,0,3,505,11,17
2014,5,5,11,1,1,1,0,0,0,0,0,0
2014,5,5,12,7,7,6,0,0,0,1,0,0
2014,5,5,13,27,26,21,3,0,0,2,1,0
2014,5,5,14,150,141,115,5,0,0,21,9,3
2014,5,5,15,327,319,221,11,0,0,87,8,4
2014,5,5,16,616,611,362,40,2,0,207,5,10
2014,5,5,17,828,816,470,64,0,1,281,12,10
2014,5,5,18,957,948,496,124,1,0,327,9,7
2014,5,5,19,1147,1134,584,209,1,3,337,13,6
2014,6,0,11,5,5,5,0,0,0,0,0,0
2014,6,0,12,61,61,55,1,0,0,5,0,0
2014,6,0,13,403,396,308,3,0,0,85,7,1
2014,6,0,14,1979,1944,1465,23,0,0,456,35,21
2014,6,0,15,4351,4252,3039,62,0,1,1150,99,37
2014,6,0,16,7488,7379,4801,295,8,8,2267,109,61
2014,6,0,17,9545,9401,5812,776,3,10,2800,144,111
2014,6,0,18,10874,10730,6305,1155,6,14,3250,144,78
2014,6,0,19,12689,12514,6972,1750,8,27,3757,175,102
2014,6,1,11,3,3,3,0,0,0,0,0,0
2014,6,1,12,15,15,13,0,0,0,2,0,0
2014,6,1,13,85,82,58,1,0,0,23,3,1
2014,6,1,14,362,353,233,6,0,0,114,9,4
2014,6,1,15,676,663,403,10,0,1,249,13,6
2014,6,1,16,1239,1224,633,31,0,0,560,15,11
2014,6,1,17,1347,1334,649,69,0,0,616,13,18
2014,6,1,18,1503,1482,689,82,0,3,708,21,15
2014,6,1,19,1738,1716,721,153,0,2,840,22,16
2014,6,2,11,1,1,1,0,0,0,0,0,0
2014,6,2,12,28,28,25,0,0,0,3,0,0
2014,6,2,13,141,140,93,0,0,0,47,1,0
2014,6,2,14,727,711,492,11,0,0,208,16,8
2014,6,2,15,1544,1492,934,28,0,0,530,52,8
2014,6,2,16,2530,2469,1456,132,6,3,872,61,19
2014,6,2,17,3151,3076,1653,285,2,4,1132,75,40
2014,6,2,18,3486,3414,1751,367,3,5,1288,72,23
2014,6,2,19,3864,3790,1930,489,4,5,1362,74,41
2014,6,3,12,7,7,6,1,0,0,0,0,0
2014,6,3,13,114,111,101,2,0,0,8,3,0
2014,6,3,14,514,508,455,5,0,0,48,6,5
2014,6,3,15,1375,1359,1153,13,0,0,193,16,19
2014,6,3,16,2302,2278,1805,86,2,0,385,24,17
2014,6,3,17,3194,3157,2389,243,1,4,520,37,38
2014,6,3,18,3747,3708,2621,471,3,3,610,39,26
2014,6,3,19,4461,4404,2927,698,0,12,767,57,30
2014,6,4,11,1,1,1,0,0,0,0,0,0
2014,6,4,12,4,4,4,0,0,0,0,0,0
2014,6,4,13,34,34,31,0,0,0,3,0,0
2014,6,4,14,222,222,163,0,0,0,59,0,1
2014,6,4,15,443,439,335,6,0,0,98,4,1
2014,6,4,16,806,801,531,19,0,3,248,5,7
2014,6,4,17,1078,1068,691,89,0,1,287,10,5
2014,6,4,18,1287,1285,796,136,0,2,351,2,8
2014,6,4,19,1550,1540,879,212,1,4,444,10,8
2014,6,5,12,7,7,7,0,0,0,0,0,0
2014,6,5,13,29,29,25,0,0,0,4,0,0
2014,6,5,14,154,150,122,1,0,0,27,4,3
2014,6,5,15,313,299,214,5,0,0,80,14,3
2014,6,5,16,611,607,376,27,0,2,202,4,7
2014,6,5,17,775,766,430,90,0,1,245,9,10
2014,6,5,18,851,841,448,99,0,1,293,10,6
2014,6,5,19,1076,1064,515,198,3,4,344,12,7
2014,7,0,11,4,4,2,1,0,0,1,0,0
2014,7,0,12,62,60,46,1,0,0,13,2,0
2014,7,0,13,429,420,320,5,0,0,95,9,5
2014,7,0,14,2002,1974,1459,23,0,4,488,28,18
2014,7,0,15,4451,4375,3110,59,2,3,1201,76,33
2014,7,0,16,7513,7430,4853,320,2,11,2244,83,65
2014,7,0,17,9664,9558,5837,741,6,13,2961,106,92
2014,7,0,18,11349,11223,6482,1202,7,10,3522,126,101
2014,7,0,19,12913,12786,7171,1735,7,31,3842,127,112
2014,7,1,11,3,3,1,1,0,0,1,0,0
2014,7,1,12,16,15,12,1,0,0,2,1,0
2014,7,1,13,73,71,53,0,0,0,18,2,2
2014,7,1,14,344,343,219,7,0,2,115,1,3
2014,7,1,15,756,743,450,8,0,1,284,13,13
2014,7,1,16,1202,1187,615,41,1,2,528,15,14
2014,7,1,17,1488,1468,687,76,2,3,700,20,16
2014,7,1,18,1676,1660,767,111,1,0,781,16,15
2014,7,1,19,1734,1712,784,138,1,6,783,22,15
2014,7,2,11,1,1,1,0,0,0,0,0,0
2014,7,2,12,24,23,14,0,0,0,9,1,0
2014,7,2,13,182,179,129,2,0,0,48,3,1
2014,7,2,14,732,716,482,9,0,1,224,16,4
2014,7,2,15,1528,1493,970,19,1,1,502,35,9
2014,7,2,16,2557,2511,1456,109,0,5,941,46,27
2014,7,2,17,3137,3080,1667,235,3,7,1168,57,28
2014,7,2,18,3598,3538,1802,387,2,2,1345,60,37
2014,7,2,19,4051,3990,1971,528,1,4,1486,61,36
2014,7,3,12,11,11,10,0,0,0,1,0,0
2014,7,3,13,96,95,85,1,0,0,9,1,0
2014,7,3,14,552,548,477,3,0,1,67,4,5
2014,7,3,15,1351,1334,1121,18,0,1,194,17,4
2014,7,3,16,2360,2345,1889,98,0,4,354,15,17
2014,7,3,17,3195,3180,2340,261,1,2,576,15,25
2014,7,3,18,3857,3826,2660,446,1,6,713,31,31
2014,7,3,19,4476,4444,2955,672,4,13,800,32,36
2014,7,4,12,4,4,4,0,0,0,0,0,0
2014,7,4,13,31,31,22,1,0,0,8,0,1
2014,7,4,14,207,206,150,3,0,0,53,1,5
2014,7,4,15,485,482,342,12,1,0,127,3,3
2014,7,4,16,836,834,554,38,0,0,242,2,4
2014,7,4,17,1102,1095,703,95,0,1,296,7,17
2014,7,4,18,1319,1312,790,131,3,1,387,7,7
2014,7,4,19,1618,1615,935,226,0,7,447,3,14
2014,7,5,12,7,7,6,0,0,0,1,0,0
2014,7,5,13,47,44,31,1,0,0,12,3,1
2014,7,5,14,167,161,131,1,0,0,29,6,1
2014,7,5,15,331,323,227,2,0,0,94,8,4
2014,7,5,16,558,553,339,34,1,0,179,5,3
2014,7,5,17,742,735,440,74,0,0,221,7,6
2014,7,5,18,899,887,463,127,0,1,296,12,11
2014,7,5,19,1034,1025,526,171,1,1,326,9,11
2014,8,0,10,2,2,2,0,0,0,0,0,0
2014,8,0,11,7,7,5,0,0,0,2,0,0
2014,8,0,12,70,70,63,0,0,0,7,0,0
2014,8,0,13,428,427,345,4,0,0,78,1,4
2014,8,0,14,1919,1883,1461,12,0,0,410,36,13
2014,8,0,15,4399,4338,3121,57,0,2,1158,61,32
2014,8,0,16,7255,7162,4663,300,1,10,2188,93,69
2014,8,0,17,9381,9288,5754,725,3,6,2800,93,76
2014,8,0,18,11296,11181,6488,1173,5,16,3499,115,66
2014,8,0,19,12723,12582,6923,1717,6,12,3924,141,85
2014,8,1,11,2,2,0,0,0,0,2,0,0
2014,8,1,12,26,26,24,0,0,0,2,0,0
2014,8,1,13,89,89,68,3,0,0,18,0,1
2014,8,1,14,363,353,258,3,0,0,92,10,5
2014,8,1,15,745,736,448,5,0,0,283,9,9
2014,8,1,16,1199,1186,607,30,0,1,548,13,19
2014,8,1,17,1465,1461,654,78,0,4,725,4,19
2014,8,1,18,1684,1664,765,98,0,0,801,20,18
2014,8,1,19,1794,1776,753,152,0,1,870,18,18
2014,8,2,11,3,3,3,0,0,0,0,0,0
2014,8,2,12,19,19,15,0,0,0,4,0,0
2014,8,2,13,157,156,115,0,0,0,41,1,1
2014,8,2,14,708,695,502,6,0,0,187,13,5
2014,8,2,15,1506,1476,936,32,0,1,507,30,11
2014,8,2,16,2458,2417,1415,96,0,3,903,41,24
2014,8,2,17,3075,3020,1674,246,3,0,1097,55,21
2014,8,2,18,3726,3668,1881,382,3,7,1395,58,20
2014,8,2,19,4035,3966,1936,517,1,2,1510,69,27
2014,8,3,10,2,2,2,0,0,0,0,0,0
2014,8,3,11,2,2,2,0,0,0,0,0,0
2014,8,3,12,12,12,12,0,0,0,0,0,0
2014,8,3,13,108,108,98,0,0,0,10,0,2
2014,8,3,14,488,484,430,1,0,0,53,4,2
2014,8,3,15,1303,1287,1123,10,0,0,154,16,8
2014,8,3,16,2242,2215,1770,114,1,2,328,27,15
2014,8,3,17,3060,3036,2332,240,0,2,462,24,24
2014,8,3,18,3711,3692,2601,421,1,7,662,19,19
2014,8,3,19,4319,4280,2877,635,4,7,757,39,20
2014,8,4,12,4,4,4,0,0,0,0,0,0
2014,8,4,13,39,39,38,0,0,0,1,0,0
2014,8,4,14,197,195,145,2,0,0,48,2,0
2014,8,4,15,489,487,349,3,0,0,135,2,2
2014,8,4,16,816,813,535,41,0,3,234,3,6
2014,8,4,17,1058,1056,670,92,0,0,294,2,3
2014,8,4,18,1293,1285,789,135,1,1,359,8,3
2014,8,4,19,1507,1503,830,230,0,2,441,4,10
2014,8,5,12,9,9,8,0,0,0,1,0,0
2014,8,5,13,35,35,26,1,0,0,8,0,0
2014,8,5,14,163,156,126,0,0,0,30,7,1
2014,8,5,15,356,352,265,7,0,1,79,4,2
2014,8,5,16,540,531,336,19,0,1,175,9,5
2014,8,5,17,723,715,424,69,0,0,222,8,9
2014,8,5,18,882,872,452,137,0,1,282,10,6
2014,8,5,19,1068,1057,527,183,1,0,346,11,10
2014,9,0,11,7,7,4,0,0,0,3,0,0
2014,9,0,12,64,63,49,0,0,0,14,1,0
2014,9,0,13,447,442,336,7,0,0,99,5,2
2014,9,0,14,1891,1840,1403,17,0,0,420,51,19
2014,9,0,15,4293,4220,3017,52,2,0,1149,73,33
2014,9,0,16,7225,7122,4599,294,3,9,2217,103,62
2014,9,0,17,9301,9181,5585,695,2,11,2888,120,86
2014,9,0,18,11016,10901,6251,1202,6,15,3427,115,91
2014,9,0,19,12623,12497,6833,1769,9,17,3869,126,104
2014,9,1,11,3,3,2,0,0,0,1,0,0
2014,9,1,12,18,17,13,0,0,0,4,1,0
2014,9,1,13,104,102,68,1,0,0,33,2,1
2014,9,1,14,354,347,232,5,0,0,110,7,3
2014,9,1,15,742,726,414,5,0,0,307,16,15
2014,9,1,16,1234,1221,630,32,2,2,555,13,17
2014,9,1,17,1578,1560,737,75,0,0,748,18,19
2014,9,1,18,1629,1608,736,122,2,4,744,21,23
2014,9,1,19,1823,1792,780,151,1,3,857,31,36
2014,9,2,11,2,2,1,0,0,0,1,0,0
2014,9,2,12,24,24,18,0,0,0,6,0,0
2014,9,2,13,174,173,123,4,0,0,46,1,0
2014,9,2,14,679,659,462,8,0,0,189,20,4
2014,9,2,15,1553,1520,985,30,2,0,503,33,10
2014,9,2,16,2459,2400,1378,112,0,6,904,59,16
2014,9,2,17,3125,3061,1669,228,2,5,1157,64,28
2014,9,2,18,3801,3746,1939,409,1,6,1391,55,26
2014,9,2,19,3889,3838,1880,525,4,6,1423,51,21
2014,9,3,12,12,12,11,0,0,0,1,0,0
2014,9,3,13,97,97,84,0,0,0,13,0,0
2014,9,3,14,523,510,451,1,0,0,58,13,10
2014,9,3,15,1216,1197,1057,5,0,0,135,19,6
2014,9,3,16,2130,2114,1674,88,1,1,350,16,18
2014,9,3,17,2811,2785,2100,244,0,4,437,26,24
2014,9,3,18,3472,3445,2354,434,1,3,653,27,31
2014,9,3,19,4315,4287,2787,671,3,3,823,28,33
2014,9,4,12,3,3,2,0,0,0,1,0,0
2014,9,4,13,34,34,29,0,0,0,5,0,0
2014,9,4,14,193,190,155,1,0,0,34,3,1
2014,9,4,15,474,473,326,8,0,0,139,1,2
2014,9,4,16,784,782,535,32,0,0,215,2,6
2014,9,4,17,1066,1060,673,83,0,2,302,6,7
2014,9,4,18,1257,1254,769,129,0,2,354,3,5
2014,9,4,19,1542,1536,888,236,1,4,407,6,9
2014,9,5,11,2,2,1,0,0,0,1,0,0
2014,9,5,12,7,7,5,0,0,0,2,0,0
2014,9,5,13,38,36,32,2,0,0,2,2,1
2014,9,5,14,142,134,103,2,0,0,29,8,1
2014,9,5,15,308,304,235,4,0,0,65,4,0
2014,9,5,16,618,605,382,30,0,0,193,13,5
2014,9,5,17,721,715,406,65,0,0,244,6,8
2014,9,5,18,857,848,453,108,2,0,285,9,6
2014,9,5,19,1054,1044,498,186,0,1,359,10,5
2014,10,0,10,1,1,1,0,0,0,0,0,0
2014,10,0,11,2,2,2,0,0,0,0,0,0
2014,10,0,12,55,55,50,0,0,0,5,0,0
2014,10,0,13,417,406,325,2,0,0,79,11,2
2014,10,0,14,1731,1693,1282,11,0,0,400,38,17
2014,10,0,15,4183,4122,2916,56,0,2,1148,61,55
2014,10,0,16,6872,6785,4436,289,2,5,2053,87,60
2014,10,0,17,8904,8796,5386,630,10,6,2764,108,120
2014,10,0,18,10694,10584,6000,1117,12,17,3438,110,130
2014,10,0,19,11996,11867,6549,1663,10,23,3622,129,140
2014,10,1,11,1,1,1,0,0,0,0,0,0
2014,10,1,12,16,16,14,0,0,0,2,0,0
2014,10,1,13,84,82,62,0,0,0,20,2,0
2014,10,1,14,338,332,221,5,0,0,106,6,6
2014,10,1,15,762,753,476,6,0,0,271,9,22
2014,10,1,16,1127,1109,618,30,1,0,460,18,24
2014,10,1,17,1486,1470,709,66,1,1,693,16,27
2014,10,1,18,1774,1749,818,109,3,2,817,25,33
2014,10,1,19,1735,1723,777,156,2,3,785,12,28
2014,10,2,10,1,1,1,0,0,0,0,0,0
2014,10,2,11,1,1,1,0,0,0,0,0,0
2014,10,2,12,20,20,18,0,0,0,2,0,0
2014,10,2,13,177,171,133,2,0,0,36,6,2
2014,10,2,14,631,619,427,5,0,0,187,12,8
2014,10,2,15,1489,1460,899,26,0,1,534,29,20
2014,10,2,16,2513,2473,1426,114,1,1,931,40,19
2014,10,2,17,3057,2996,1631,222,5,0,1138,61,51
2014,10,2,18,3541,3496,1791,355,4,5,1341,45,56
2014,10,2,19,3903,3845,1840,531,5,5,1464,58,62
2014,10,3,12,10,10,10,0,0,0,0,0,0
2014,10,3,13,94,94,81,0,0,0,13,0,0
2014,10,3,14,457,443,396,0,0,0,47,14,2
2014,10,3,15,1171,1155,981,13,0,0,161,16,10
2014,10,3,16,1994,1981,1581,89,0,1,310,13,12
2014,10,3,17,2696,2680,2019,222,4,3,432,16,25
2014,10,3,18,3401,3374,2329,391,5,6,643,27,24
2014,10,3,19,3967,3925,2620,623,3,9,670,42,29
2014,10,4,12,6,6,6,0,0,0,0,0,0
2014,10,4,13,30,30,26,0,0,0,4,0,0
2014,10,4,14,166,166,128,1,0,0,37,0,1
2014,10,4,15,420,419,296,7,0,0,116,1,2
2014,10,4,16,703,698,476,34,0,0,188,5,2
2014,10,4,17,952,949,611,68,0,1,269,3,11
2014,10,4,18,1118,1111,657,126,0,3,325,7,7
2014,10,4,19,1353,1347,814,167,0,3,363,6,11
2014,10,5,12,3,3,2,0,0,0,1,0,0
2014,10,5,13,32,29,23,0,0,0,6,3,0
2014,10,5,14,139,133,110,0,0,0,23,6,0
2014,10,5,15,341,335,264,4,0,1,66,6,1
2014,10,5,16,535,524,335,22,0,3,164,11,3
2014,10,5,17,713,701,416,52,0,1,232,12,6
2014,10,5,18,860,854,405,136,0,1,312,6,10
2014,10,5,19,1038,1027,498,186,0,3,340,11,10
2014,11,0,11,3,2,2,0,0,0,0,1,0
2014,11,0,12,55,55,46,0,0,0,9,0,1
2014,11,0,13,385,379,278,5,0,0,96,6,4
2014,11,0,14,1662,1631,1214,19,0,0,398,31,27
2014,11,0,15,4093,4035,2861,47,2,3,1122,58,57
2014,11,0,16,6422,6335,4112,286,0,9,1928,87,85
2014,11,0,17,8693,8592,5293,641,1,10,2647,101,114
2014,11,0,18,10472,10335,5916,1133,6,7,3273,137,107
2014,11,0,19,11555,11440,6189,1666,11,19,3555,115,152
2014,11,1,11,3,2,2,0,0,0,0,1,0
2014,11,1,12,19,19,13,0,0,0,6,0,0
2014,11,1,13,72,71,46,3,0,0,22,1,0
2014,11,1,14,317,314,206,7,0,0,101,3,8
2014,11,1,15,693,678,401,11,0,0,266,15,17
2014,11,1,16,1079,1070,584,30,0,2,454,9,14
2014,11,1,17,1386,1379,687,64,0,3,625,7,21
2014,11,1,18,1697,1673,763,128,0,2,780,24,20
2014,11,1,19,1695,1672,753,144,0,2,773,23,25
2014,11,2,12,18,18,15,0,0,0,3,0,1
2014,11,2,13,137,135,90,1,0,0,44,2,4
2014,11,2,14,635,624,420,8,0,0,196,11,14
2014,11,2,15,1458,1436,902,16,2,1,515,22,18
2014,11,2,16,2280,2226,1257,98,0,2,869,54,33
2014,11,2,17,2921,2870,1557,206,0,3,1104,51,44
2014,11,2,18,3431,3368,1672,408,2,1,1285,63,48
2014,11,2,19,3656,3609,1703,502,5,4,1395,47,62
2014,11,3,12,13,13,13,0,0,0,0,0,0
2014,11,3,13,104,103,88,0,0,0,15,1,0
2014,11,3,14,432,423,381,2,0,0,40,9,4
2014,11,3,15,1179,1166,989,14,0,0,163,13,20
2014,11,3,16,1928,1916,1543,103,0,1,269,12,30
2014,11,3,17,2724,2694,2053,234,0,1,406,30,37
2014,11,3,18,3352,3314,2336,362,3,3,610,38,30
2014,11,3,19,3856,3825,2507,657,2,7,652,31,46
2014,11,4,13,33,33,23,0,0,0,10,0,0
2014,11,4,14,146,145,112,1,0,0,32,1,1
2014,11,4,15,424,423,314,3,0,0,106,1,1
2014,11,4,16,616,613,420,28,0,2,163,3,4
2014,11,4,17,954,947,591,75,1,3,277,7,5
2014,11,4,18,1132,1128,702,120,0,0,306,4,2
2014,11,4,19,1343,1336,756,179,2,4,395,7,11
2014,11,5,12,5,5,5,0,0,0,0,0,0
2014,11,5,13,39,37,31,1,0,0,5,2,0
2014,11,5,14,132,125,95,1,0,0,29,7,0
2014,11,5,15,339,332,255,3,0,2,72,7,1
2014,11,5,16,519,510,308,27,0,2,173,9,4
2014,11,5,17,708,702,405,62,0,0,235,6,7
2014,11,5,18,860,852,443,115,1,1,292,8,7
2014,11,5,19,1005,998,470,184,2,2,340,7,8
2014,12,0,10,2,2,1,0,0,0,1,0,0
2014,12,0,11,6,6,6,0,0,0,0,0,0
2014,12,0,12,70,69,54,2,0,0,13,1,4
2014,12,0,13,410,404,317,1,0,0,86,6,5
2014,12,0,14,1674,1652,1237,10,0,0,405,22,26
2014,12,0,15,4391,4320,3119,61,1,3,1136,71,51
2014,12,0,16,6833,6757,4401,286,2,8,2060,76,77
2014,12,0,17,9059,8965,5550,711,6,6,2692,94,117
2014,12,0,18,10779,10634,6311,1125,9,10,3179,145,110
2014,12,0,19,12360,12203,6640,1801,2,23,3737,157,156
2014,12,1,11,1,1,1,0,0,0,0,0,0
2014,12,1,12,27,27,21,1,0,0,5,0,2
2014,12,1,13,92,91,72,0,0,0,19,1,1
2014,12,1,14,308,305,191,1,0,0,113,3,9
2014,12,1,15,728,723,459,9,1,0,254,5,18
2014,12,1,16,1123,1117,578,34,0,0,505,6,26
2014,12,1,17,1486,1472,731,82,1,2,656,14,41
2014,12,1,18,1590,1558,711,123,1,1,722,32,31
2014,12,1,19,1698,1665,739,163,0,4,759,33,28
2014,12,2,10,2,2,1,0,0,0,1,0,0
2014,12,2,11,4,4,4,0,0,0,0,0,0
2014,12,2,12,13,13,9,0,0,0,4,0,0
2014,12,2,13,150,147,99,0,0,0,48,3,2
2014,12,2,14,596,586,401,5,0,0,180,10,9
2014,12,2,15,1479,1448,919,24,0,2,503,31,14
2014,12,2,16,2232,2197,1263,94,2,5,833,35,22
2014,12,2,17,2757,2708,1480,206,2,2,1018,49,25
2014,12,2,18,3409,3340,1747,339,5,6,1243,69,39
2014,12,2,19,3751,3691,1743,517,1,8,1422,60,39
2014,12,3,12,15,14,13,0,0,0,1,1,1
2014,12,3,13,104,102,95,0,0,0,7,2,1
2014,12,3,14,456,454,407,2,0,0,45,2,5
2014,12,3,15,1357,1339,1146,16,0,1,176,18,15
2014,12,3,16,2207,2190,1759,88,0,1,342,17,24
2014,12,3,17,3049,3031,2273,267,1,2,488,18,43
2014,12,3,18,3596,3563,2557,408,1,0,597,33,25
2014,12,3,19,4301,4262,2805,683,1,10,763,39,65
2014,12,4,11,1,1,1,0,0,0,0,0,0
2014,12,4,12,7,7,6,1,0,0,0,0,1
2014,12,4,13,29,29,24,0,0,0,5,0,0
2014,12,4,14,171,170,124,2,0,0,44,1,2
2014,12,4,15,480,476,340,7,0,0,129,4,2
2014,12,4,16,733,730,486,42,0,1,201,3,2
2014,12,4,17,1025,1019,661,90,1,0,267,6,7
2014,12,4,18,1280,1273,806,130,0,3,334,7,6
2014,12,4,19,1582,1568,884,243,0,0,441,14,16
2014,12,5,12,8,8,5,0,0,0,3,0,0
2014,12,5,13,35,35,27,1,0,0,7,0,1
2014,12,5,14,143,137,114,0,0,0,23,6,1
2014,12,5,15,347,334,255,5,0,0,74,13,2
2014,12,5,16,538,523,315,28,0,1,179,15,3
2014,12,5,17,742,735,405,66,1,0,263,7,1
2014,12,5,18,904,900,490,125,2,0,283,4,9
2014,12,5,19,1028,1017,469,195,0,1,352,11,8
2015,1,0,10,2,2,2,0,0,0,0,0,0
2015,1,0,11,5,5,4,0,0,0,1,0,1
2015,1,0,12,52,52,41,1,0,0,10,0,2
2015,1,0,13,374,365,299,1,0,0,65,9,2
2015,1,0,14,1750,1728,1296,18,1,0,413,22,26
2015,1,0,15,4254,4184,3088,53,0,4,1039,70,73
2015,1,0,16,6760,6682,4366,294,5,6,2011,78,110
2015,1,0,17,8988,8874,5573,675,3,10,2613,114,94
2015,1,0,18,10714,10606,6201,1155,6,12,3232,108,165
2015,1,0,19,12388,12247,6893,1813,6,14,3521,141,190
2015,1,1,11,1,1,1,0,0,0,0,0,0
2015,1,1,12,11,11,7,1,0,0,3,0,0
2015,1,1,13,58,58,44,1,0,0,13,0,0
2015,1,1,14,252,248,160,5,1,0,82,4,4
2015,1,1,15,550,545,325,8,0,0,212,5,23
2015,1,1,16,859,850,443,22,0,1,384,9,31
2015,1,1,17,1069,1052,543,39,1,2,467,17,17
2015,1,1,18,1329,1315,614,117,0,1,583,14,36
2015,1,1,19,1448,1429,656,129,2,0,642,19,33
2015,1,2,11,2,2,2,0,0,0,0,0,0
2015,1,2,12,15,15,9,0,0,0,6,0,2
2015,1,2,13,157,151,113,0,0,0,38,6,1
2015,1,2,14,638,631,422,3,0,0,206,7,11
2015,1,2,15,1429,1396,914,23,0,3,456,33,20
2015,1,2,16,2356,2310,1308,115,4,3,880,46,30
2015,1,2,17,2950,2895,1564,242,1,2,1086,55,34
2015,1,2,18,3406,3353,1722,341,2,1,1287,53,61
2015,1,2,19,3758,3693,1840,526,2,4,1321,65,57
2015,1,3,10,2,2,2,0,0,0,0,0,0
2015,1,3,11,1,1,1,0,0,0,0,0,0
2015,1,3,12,14,14,14,0,0,0,0,0,0
2015,1,3,13,98,96,90,0,0,0,6,2,1
2015,1,3,14,552,546,476,5,0,0,65,6,10
2015,1,3,15,1441,1427,1236,13,0,1,177,14,25
2015,1,3,16,2222,2209,1753,97,0,0,359,13,37
2015,1,3,17,3191,3164,2378,257,0,4,525,27,30
2015,1,3,18,3769,3742,2635,443,1,7,656,27,42
2015,1,3,19,4525,4488,2953,746,1,6,782,37,70
2015,1,4,12,7,7,6,0,0,0,1,0,0
2015,1,4,13,31,31,26,0,0,0,5,0,0
2015,1,4,14,200,199,150,3,0,0,46,1,1
2015,1,4,15,467,462,331,2,0,0,129,5,3
2015,1,4,16,797,794,551,28,1,1,213,3,6
2015,1,4,17,1122,1116,700,82,0,1,333,6,7
2015,1,4,18,1357,1353,793,140,2,1,417,4,16
2015,1,4,19,1668,1661,947,229,1,3,481,7,21
2015,1,5,11,1,1,0,0,0,0,1,0,1
2015,1,5,12,5,5,5,0,0,0,0,0,0
2015,1,5,13,30,29,26,0,0,0,3,1,0
2015,1,5,14,108,104,88,2,0,0,14,4,0
2015,1,5,15,367,354,282,7,0,0,65,13,2
2015,1,5,16,526,519,311,32,0,1,175,7,6
2015,1,5,17,656,647,388,55,1,1,202,9,6
2015,1,5,18,853,843,437,114,1,2,289,10,10
2015,1,5,19,989,976,497,183,0,1,295,13,9
2015,2,0,10,1,1,1,0,0,0,0,0,0
2015,2,0,11,8,8,8,0,0,0,0,0,0
2015,2,0,12,50,50,38,0,0,0,12,0,0
2015,2,0,13,384,379,299,2,0,1,77,5,6
2015,2,0,14,1648,1617,1214,9,1,2,391,31,30
2015,2,0,15,3966,3907,2822,50,1,1,1033,59,48
2015,2,0,16,6189,6112,4066,249,0,1,1796,77,73
2015,2,0,17,8498,8409,5391,634,6,8,2370,89,120
2015,2,0,18,9857,9753,5775,1113,1,15,2849,104,133
2015,2,0,19,11511,11399,6398,1623,6,30,3342,112,140
2015,2,1,10,1,1,1,0,0,0,0,0,0
2015,2,1,11,4,4,4,0,0,0,0,0,0
2015,2,1,12,12,12,8,0,0,0,4,0,0
2015,2,1,13,74,73,60,0,0,0,13,1,0
2015,2,1,14,207,204,135,1,0,0,68,3,7
2015,2,1,15,517,512,295,6,0,0,211,5,11
2015,2,1,16,717,710,367,19,0,0,324,7,18
2015,2,1,17,952,946,501,57,1,1,386,6,18
2015,2,1,18,1051,1042,481,68,0,3,490,9,32
2015,2,1,19,1227,1210,513,129,0,1,567,17,33
2015,2,2,11,3,3,3,0,0,0,0,0,0
2015,2,2,12,20,20,14,0,0,0,6,0,0
2015,2,2,13,157,153,100,1,0,1,51,4,4
2015,2,2,14,632,620,398,6,1,2,213,12,15
2015,2,2,15,1377,1349,849,20,1,0,479,28,11
2015,2,2,16,2111,2073,1214,91,0,0,768,38,30
2015,2,2,17,2778,2729,1496,212,2,2,1017,49,45
2015,2,2,18,3158,3103,1616,352,1,2,1132,55,48
2015,2,2,19,3520,3472,1744,445,2,6,1275,48,39
2015,2,3,12,12,12,12,0,0,0,0,0,0
2015,2,3,13,95,95,92,0,0,0,3,0,2
2015,2,3,14,501,490,436,1,0,0,53,11,6
2015,2,3,15,1274,1262,1094,15,0,1,152,12,20
2015,2,3,16,2083,2066,1666,75,0,0,325,17,16
2015,2,3,17,3057,3040,2336,231,3,4,466,17,46
2015,2,3,18,3610,3580,2535,442,0,8,595,30,37
2015,2,3,19,4340,4308,2857,689,1,15,746,32,55
2015,2,4,12,1,1,0,0,0,0,1,0,0
2015,2,4,13,29,29,22,0,0,0,7,0,0
2015,2,4,14,164,163,130,1,0,0,32,1,1
2015,2,4,15,474,471,342,3,0,0,126,3,4
2015,2,4,16,769,764,516,31,0,0,217,5,5
2015,2,4,17,1011,1005,648,69,0,0,288,6,7
2015,2,4,18,1240,1237,738,133,0,1,365,3,12
2015,2,4,19,1485,1479,814,208,2,6,449,6,7
2015,2,5,11,1,1,1,0,0,0,0,0,0
2015,2,5,12,5,5,4,0,0,0,1,0,0
2015,2,5,13,29,29,25,1,0,0,3,0,0
2015,2,5,14,144,140,115,0,0,0,25,4,1
2015,2,5,15,324,313,242,6,0,0,65,11,2
2015,2,5,16,509,499,303,33,0,1,162,10,4
2015,2,5,17,700,689,410,65,0,1,213,11,4
2015,2,5,18,798,791,405,118,0,1,267,7,4
2015,2,5,19,939,930,470,152,1,2,305,9,6
2015,3,0,10,1,1,1,0,0,0,0,0,0
2015,3,0,11,8,7,7,0,0,0,0,1,0
2015,3,0,12,69,66,58,2,0,0,6,3,2
2015,3,0,13,420,415,337,7,0,1,70,5,6
2015,3,0,14,1839,1808,1375,12,1,1,419,31,22
2015,3,0,15,4537,4459,3323,51,0,2,1083,78,67
2015,3,0,16,6937,6852,4494,328,3,11,2016,85,81
2015,3,0,17,9600,9478,5884,755,6,10,2823,122,117
2015,3,0,18,11135,10996,6519,1152,7,14,3304,139,109
2015,3,0,19,12968,12830,7196,1814,8,20,3792,138,126
2015,3,1,12,9,9,8,0,0,0,1,0,0
2015,3,1,13,64,64,46,4,0,0,14,0,2
2015,3,1,14,196,193,124,6,0,1,62,3,6
2015,3,1,15,454,448,254,6,0,0,188,6,12
2015,3,1,16,677,663,327,17,0,1,318,14,8
2015,3,1,17,857,843,387,35,0,1,420,14,24
2015,3,1,18,975,964,432,67,1,1,463,11,18
2015,3,1,19,1058,1043,444,96,0,2,501,15,19
2015,3,2,11,3,3,3,0,0,0,0,0,0
2015,3,2,12,31,28,23,1,0,0,4,3,1
2015,3,2,13,164,159,116,3,0,0,40,5,0
2015,3,2,14,726,707,479,1,1,0,226,19,8
2015,3,2,15,1669,1623,1079,15,0,2,527,46,25
2015,3,2,16,2505,2470,1399,137,0,5,929,35,30
2015,3,2,17,3267,3195,1706,249,3,3,1234,72,33
2015,3,2,18,3770,3692,1937,353,1,6,1395,78,40
2015,3,2,19,4155,4086,1972,539,5,4,1566,69,48
2015,3,3,11,3,2,2,0,0,0,0,1,0
2015,3,3,12,15,15,15,0,0,0,0,0,1
2015,3,3,13,114,114,108,0,0,0,6,0,3
2015,3,3,14,566,558,501,1,0,0,56,8,5
2015,3,3,15,1527,1510,1328,19,0,0,163,17,25
2015,3,3,16,2357,2333,1863,113,2,4,351,24,33
2015,3,3,17,3501,3478,2596,288,1,4,589,23,44
2015,3,3,18,4021,3987,2829,453,3,2,700,34,40
2015,3,3,19,4937,4905,3224,773,2,10,896,32,45
2015,3,4,11,1,1,1,0,0,0,0,0,0
2015,3,4,12,6,6,6,0,0,0,0,0,0
2015,3,4,13,37,37,34,0,0,0,3,0,0
2015,3,4,14,192,192,141,3,0,0,48,0,0
2015,3,4,15,501,499,364,5,0,0,130,2,0
2015,3,4,16,810,807,532,35,1,1,238,3,4
2015,3,4,17,1137,1134,708,96,1,0,329,3,8
2015,3,4,18,1385,1378,799,152,0,5,422,7,4
2015,3,4,19,1684,1677,966,206,1,3,501,7,3
2015,3,5,10,1,1,1,0,0,0,0,0,0
2015,3,5,11,1,1,1,0,0,0,0,0,0
2015,3,5,12,8,8,6,1,0,0,1,0,0
2015,3,5,13,41,41,33,0,0,1,7,0,1
2015,3,5,14,159,158,130,1,0,0,27,1,3
2015,3,5,15,386,379,298,6,0,0,75,7,5
2015,3,5,16,588,579,373,26,0,0,180,9,6
2015,3,5,17,838,828,487,87,1,2,251,10,8
2015,3,5,18,984,975,522,127,2,0,324,9,7
2015,3,5,19,1134,1119,590,200,0,1,328,15,11
2015,4,0,10,2,2,2,0,0,0,0,0,0
2015,4,0,11,6,6,4,0,0,0,2,0,1
2015,4,0,12,43,42,32,0,0,0,10,1,2
2015,4,0,13,428,421,337,2,0,0,82,7,9
2015,4,0,14,1647,1613,1218,13,0,1,381,34,22
2015,4,0,15,4081,4022,2901,56,1,0,1064,59,57
2015,4,0,16,6524,6440,4315,296,1,4,1824,84,71
2015,4,0,17,8963,8867,5599,706,4,8,2550,96,112
2015,4,0,18,10588,10468,6207,1166,9,12,3074,120,130
2015,4,0,19,12340,12203,6920,1718,9,18,3538,137,144
2015,4,1,11,1,1,1,0,0,0,0,0,0
2015,4,1,12,8,8,5,0,0,0,3,0,1
2015,4,1,13,46,46,31,0,0,0,15,0,4
2015,4,1,14,143,141,76,0,0,0,65,2,4
2015,4,1,15,342,334,163,4,0,0,167,8,11
2015,4,1,16,532,525,220,18,0,1,286,7,12
2015,4,1,17,738,726,303,30,0,1,392,12,28
2015,4,1,18,817,811,328,59,1,2,421,6,23
2015,4,1,19,916,895,323,61,0,1,510,21,25
2015,4,2,11,3,3,1,0,0,0,2,0,1
2015,4,2,12,20,20,14,0,0,0,6,0,0
2015,4,2,13,186,181,133,1,0,0,47,5,3
2015,4,2,14,642,621,399,7,0,0,215,21,8
2015,4,2,15,1573,1548,989,27,0,0,532,25,19
2015,4,2,16,2446,2396,1423,112,1,2,858,50,24
2015,4,2,17,3088,3046,1718,224,0,2,1102,42,35
2015,4,2,18,3655,3583,1856,373,4,5,1345,72,28
2015,4,2,19,4011,3956,2004,524,1,4,1423,55,40
2015,4,3,10,2,2,2,0,0,0,0,0,0
2015,4,3,11,1,1,1,0,0,0,0,0,0
2015,4,3,12,7,6,6,0,0,0,0,1,0
2015,4,3,13,123,121,112,1,0,0,8,2,2
2015,4,3,14,502,497,451,3,0,1,42,5,6
2015,4,3,15,1338,1327,1151,12,0,0,164,11,19
2015,4,3,16,2233,2215,1792,106,0,1,316,18,31
2015,4,3,17,3194,3164,2389,273,2,2,498,30,38
2015,4,3,18,3851,3822,2735,438,2,4,643,29,59
2015,4,3,19,4665,4625,3079,733,3,9,801,40,61
2015,4,4,12,1,1,1,0,0,0,0,0,0
2015,4,4,13,32,32,28,0,0,0,4,0,0
2015,4,4,14,187,186,153,3,0,0,30,1,0
2015,4,4,15,460,459,326,6,1,0,126,1,6
2015,4,4,16,789,787,534,30,0,0,223,2,4
2015,4,4,17,1131,1126,723,99,2,1,301,5,3
2015,4,4,18,1350,1344,782,167,2,1,392,6,8
2015,4,4,19,1628,1622,942,215,4,3,458,6,7
2015,4,5,11,1,1,1,0,0,0,0,0,0
2015,4,5,12,7,7,6,0,0,0,1,0,1
2015,4,5,13,41,41,33,0,0,0,8,0,0
2015,4,5,14,173,168,139,0,0,0,29,5,4
2015,4,5,15,368,354,272,7,0,0,75,14,2
2015,4,5,16,524,517,346,30,0,0,141,7,0
2015,4,5,17,812,805,466,80,0,2,257,7,8
2015,4,5,18,915,908,506,129,0,0,273,7,12
2015,4,5,19,1120,1105,572,185,1,1,346,15,11
2015,5,0,10,3,3,2,0,0,0,1,0,0
2015,5,0,11,5,5,4,0,0,0,1,0,0
2015,5,0,12,56,55,38,3,0,0,14,1,0
2015,5,0,13,409,400,312,4,0,0,84,9,3
2015,5,0,14,1705,1669,1277,11,0,0,381,36,28
2015,5,0,15,4248,4185,3054,53,0,2,1076,63,54
2015,5,0,16,6760,6680,4516,261,4,11,1888,80,78
2015,5,0,17,9192,9087,5761,685,5,9,2627,105,135
2015,5,0,18,10632,10521,6286,1149,6,8,3072,111,147
2015,5,0,19,12276,12147,6851,1687,8,25,3576,129,167
2015,5,1,10,1,1,1,0,0,0,0,0,0
2015,5,1,12,5,5,5,0,0,0,0,0,0
2015,5,1,13,46,46,23,1,0,0,22,0,0
2015,5,1,14,160,153,93,1,0,0,59,7,2
2015,5,1,15,361,358,183,4,0,0,171,3,10
2015,5,1,16,531,523,228,10,0,0,285,8,18
2015,5,1,17,679,668,259,25,1,1,382,11,33
2015,5,1,18,798,786,319,47,0,0,420,12,23
2015,5,1,19,849,839,278,51,0,2,508,10,30
2015,5,2,10,2,2,1,0,0,0,1,0,0
2015,5,2,11,3,3,2,0,0,0,1,0,0
2015,5,2,12,29,29,17,1,0,0,11,0,0
2015,5,2,13,165,161,117,1,0,0,43,4,1
2015,5,2,14,703,689,462,5,0,0,222,14,18
2015,5,2,15,1652,1620,1057,27,0,1,535,32,17
2015,5,2,16,2511,2466,1467,111,3,3,882,45,36
2015,5,2,17,3318,3255,1779,263,3,5,1205,63,49
2015,5,2,18,3699,3645,1889,371,2,4,1379,54,55
2015,5,2,19,4137,4067,2053,532,2,5,1475,70,59
2015,5,3,11,2,2,2,0,0,0,0,0,0
2015,5,3,12,9,9,7,1,0,0,1,0,0
2015,5,3,13,120,117,105,1,0,0,11,3,1
2015,5,3,14,495,481,432,1,0,0,48,14,6
2015,5,3,15,1387,1375,1178,13,0,0,184,12,15
2015,5,3,16,2324,2308,1880,86,1,4,337,16,16
2015,5,3,17,3337,3319,2563,246,0,1,509,18,43
2015,5,3,18,3881,3848,2740,472,3,3,630,33,45
2015,5,3,19,4556,4528,3002,689,3,12,822,28,60
2015,5,4,12,3,3,3,0,0,0,0,0,0
2015,5,4,13,43,43,39,1,0,0,3,0,0
2015,5,4,14,196,196,165,0,0,0,31,0,0
2015,5,4,15,479,475,348,3,0,0,124,4,6
2015,5,4,16,819,816,558,32,0,3,223,3,2
2015,5,4,17,1125,1121,710,95,1,1,314,4,8
2015,5,4,18,1346,1340,810,156,0,1,373,6,12
2015,5,4,19,1685,1677,963,233,1,2,478,8,8
2015,5,5,12,10,9,6,1,0,0,2,1,0
2015,5,5,13,35,33,28,0,0,0,5,2,1
2015,5,5,14,151,150,125,4,0,0,21,1,2
2015,5,5,15,369,357,288,6,0,1,62,12,6
2015,5,5,16,575,567,383,22,0,1,161,8,6
2015,5,5,17,733,724,450,56,0,1,217,9,2
2015,5,5,18,908,902,528,103,1,0,270,6,12
2015,5,5,19,1049,1036,555,182,2,4,293,13,10
2015,6,0,11,5,5,5,0,0,0,0,0,1
2015,6,0,12,55,55,49,0,0,0,6,0,2
2015,6,0,13,401,396,300,5,0,0,91,5,3
2015,6,0,14,1550,1521,1146,6,0,0,369,29,14
2015,6,0,15,3960,3890,2817,40,1,3,1029,70,54
2015,6,0,16,6337,6254,4173,264,3,3,1811,83,81
2015,6,0,17,8605,8498,5389,641,6,8,2454,107,94
2015,6,0,18,10056,9946,5878,1092,5,19,2952,110,116
2015,6,0,19,11486,11344,6403,1580,5,22,3334,142,123
2015,6,1,12,5,5,3,0,0,0,2,0,0
2015,6,1,13,44,43,24,2,0,0,17,1,1
2015,6,1,14,154,149,78,2,0,0,69,5,3
2015,6,1,15,354,348,175,4,0,1,168,6,16
2015,6,1,16,511,505,215,13,1,0,276,6,17
2015,6,1,17,678,667,257,29,1,1,379,11,22
2015,6,1,18,761,755,277,54,0,1,423,6,18
2015,6,1,19,817,809,308,57,0,0,444,8,31
2015,6,2,11,4,4,4,0,0,0,0,0,0
2015,6,2,12,25,25,22,0,0,0,3,0,2
2015,6,2,13,187,184,127,2,0,0,55,3,2
2015,6,2,14,641,624,425,3,0,0,196,17,5
2015,6,2,15,1534,1498,948,15,0,0,535,36,15
2015,6,2,16,2372,2320,1366,94,2,2,856,52,27
2015,6,2,17,3139,3082,1726,234,2,1,1119,57,27
2015,6,2,18,3537,3471,1789,356,4,6,1316,66,52
2015,6,2,19,3937,3857,1952,497,1,6,1401,80,40
2015,6,3,11,1,1,1,0,0,0,0,0,1
2015,6,3,12,14,14,14,0,0,0,0,0,0
2015,6,3,13,108,108,99,1,0,0,8,0,0
2015,6,3,14,473,468,420,0,0,0,48,5,5
2015,6,3,15,1301,1283,1090,11,1,2,179,18,16
2015,6,3,16,2164,2147,1732,101,0,1,313,17,23
2015,6,3,17,2984,2967,2266,242,1,5,453,17,31
2015,6,3,18,3663,3636,2571,431,0,10,624,27,36
2015,6,3,19,4255,4217,2785,661,3,8,760,38,45
2015,6,4,12,6,6,5,0,0,0,1,0,0
2015,6,4,13,30,30,26,0,0,0,4,0,0
2015,6,4,14,161,159,123,1,0,0,35,2,0
2015,6,4,15,452,447,345,6,0,0,96,5,1
2015,6,4,16,786,784,525,34,0,0,225,2,7
2015,6,4,17,1062,1057,691,71,1,1,293,5,6
2015,6,4,18,1280,1272,786,120,1,2,363,8,7
2015,6,4,19,1474,1467,855,195,0,4,413,7,2
2015,6,5,12,5,5,5,0,0,0,0,0,0
2015,6,5,13,32,31,24,0,0,0,7,1,0
2015,6,5,14,121,121,100,0,0,0,21,0,1
2015,6,5,15,319,314,259,4,0,0,51,5,6
2015,6,5,16,504,498,335,22,0,0,141,6,7
2015,6,5,17,742,725,449,65,1,0,210,17,8
2015,6,5,18,815,812,455,131,0,0,226,3,3
2015,6,5,19,1003,994,503,170,1,4,316,9,5
2015,7,0,10,3,3,2,1,0,0,0,0,1
2015,7,0,11,3,3,3,0,0,0,0,0,0
2015,7,0,12,35,33,23,1,0,1,8,2,0
2015,7,0,13,408,403,319,0,0,0,84,5,6
2015,7,0,14,1669,1643,1237,17,0,1,388,26,13
2015,7,0,15,4023,3955,2895,63,0,2,995,68,51
2015,7,0,16,6433,6360,4235,237,3,4,1881,73,93
2015,7,0,17,8576,8479,5376,643,4,10,2446,97,125
2015,7,0,18,9972,9867,5823,1100,7,11,2926,105,137
2015,7,0,19,11717,11583,6666,1559,13,27,3318,134,119
2015,7,1,12,7,6,1,1,0,0,4,1,0
2015,7,1,13,47,46,28,0,0,0,18,1,0
2015,7,1,14,168,164,87,7,0,0,70,4,3
2015,7,1,15,352,346,180,8,0,0,158,6,14
2015,7,1,16,566,559,236,19,0,1,303,7,26
2015,7,1,17,671,664,259,38,1,1,365,7,22
2015,7,1,18,760,751,280,50,0,2,419,9,30
2015,7,1,19,847,837,293,64,4,0,476,10,22
2015,7,2,10,1,1,1,0,0,0,0,0,0
2015,7,2,11,1,1,1,0,0,0,0,0,0
2015,7,2,12,17,16,11,0,0,1,4,1,0
2015,7,2,13,189,187,140,0,0,0,47,2,2
2015,7,2,14,706,692,469,4,0,1,218,14,6
2015,7,2,15,1612,1575,1040,32,0,2,501,37,20
2015,7,2,16,2389,2346,1371,81,2,2,890,43,35
2015,7,2,17,3085,3036,1697,215,2,1,1121,49,57
2015,7,2,18,3455,3400,1743,352,1,4,1300,55,54
2015,7,2,19,3995,3918,2015,467,5,10,1421,77,46
2015,7,3,10,2,2,1,1,0,0,0,0,1
2015,7,3,11,1,1,1,0,0,0,0,0,0
2015,7,3,12,6,6,6,0,0,0,0,0,0
2015,7,3,13,103,101,92,0,0,0,9,2,3
2015,7,3,14,486,483,434,2,0,0,47,3,3
2015,7,3,15,1268,1254,1075,17,0,0,162,14,11
2015,7,3,16,2240,2227,1791,90,1,1,344,13,22
2015,7,3,17,3016,2989,2251,247,0,6,485,27,27
2015,7,3,18,3601,3572,2542,426,5,3,596,29,41
2015,7,3,19,4338,4311,2904,693,3,13,698,27,39
2015,7,4,12,2,2,2,0,0,0,0,0,0
2015,7,4,13,38,38,32,0,0,0,6,0,0
2015,7,4,14,178,178,136,3,0,0,39,0,0
2015,7,4,15,476,473,356,3,0,0,114,3,3
2015,7,4,16,751,750,507,26,0,0,217,1,5
2015,7,4,17,1058,1053,700,82,1,1,269,5,10
2015,7,4,18,1293,1290,803,154,0,2,331,3,5
2015,7,4,19,1511,1505,899,183,1,3,419,6,5
2015,7,5,11,1,1,1,0,0,0,0,0,0
2015,7,5,12,3,3,3,0,0,0,0,0,0
2015,7,5,13,31,31,27,0,0,0,4,0,1
2015,7,5,14,131,126,111,1,0,0,14,5,1
2015,7,5,15,315,307,244,3,0,0,60,8,3
2015,7,5,16,487,478,330,21,0,0,127,9,5
2015,7,5,17,746,737,469,61,0,1,206,9,9
2015,7,5,18,863,854,455,118,1,0,280,9,7
2015,7,5,19,1026,1012,555,152,0,1,304,14,7
2015,8,0,10,2,2,2,0,0,0,0,0,0
2015,8,0,12,45,45,35,0,0,0,10,0,0
2015,8,0,13,387,384,307,3,0,0,74,3,6
2015,8,0,14,1595,1564,1199,11,1,0,353,31,13
2015,8,0,15,3841,3775,2770,45,1,3,956,66,57
2015,8,0,16,6188,6100,4136,241,2,6,1715,88,102
2015,8,0,17,8289,8201,5128,652,4,10,2407,88,122
2015,8,0,18,9919,9789,5812,1033,7,10,2927,130,129
2015,8,0,19,11177,11059,6288,1515,7,18,3231,118,143
2015,8,1,12,10,10,7,0,0,0,3,0,0
2015,8,1,13,34,34,20,0,0,0,14,0,4
2015,8,1,14,157,154,83,8,0,0,63,3,2
2015,8,1,15,358,354,178,3,0,0,173,4,19
2015,8,1,16,530,521,233,23,1,0,264,9,20
2015,8,1,17,683,676,274,42,0,0,360,7,28
2015,8,1,18,840,827,303,50,1,1,472,13,26
2015,8,1,19,860,847,284,80,1,0,482,13,31
2015,8,2,10,1,1,1,0,0,0,0,0,0
2015,8,2,12,16,16,11,0,0,0,5,0,0
2015,8,2,13,193,190,148,2,0,0,40,3,1
2015,8,2,14,685,667,461,1,1,0,204,18,6
2015,8,2,15,1557,1513,979,21,1,2,510,44,19
2015,8,2,16,2337,2290,1355,85,1,2,847,47,36
2015,8,2,17,2972,2923,1613,227,0,4,1079,49,44
2015,8,2,18,3524,3462,1783,369,3,1,1306,62,52
2015,8,2,19,3752,3692,1846,478,2,7,1359,60,62
2015,8,3,10,1,1,1,0,0,0,0,0,0
2015,8,3,12,10,10,10,0,0,0,0,0,0
2015,8,3,13,99,99,89,0,0,0,10,0,1
2015,8,3,14,468,464,415,2,0,0,47,4,3
2015,8,3,15,1208,1196,1046,10,0,0,140,12,16
2015,8,3,16,2086,2064,1685,80,0,2,297,22,38
2015,8,3,17,2942,2920,2190,233,3,5,489,22,40
2015,8,3,18,3524,3488,2499,383,1,3,602,36,41
2015,8,3,19,4128,4101,2804,575,3,7,712,27,41
2015,8,4,12,5,5,4,0,0,0,1,0,0
2015,8,4,13,25,25,22,1,0,0,2,0,0
2015,8,4,14,165,164,137,0,0,0,27,1,0
2015,8,4,15,424,422,322,9,0,1,90,2,2
2015,8,4,16,719,717,510,35,0,1,171,2,0
2015,8,4,17,968,966,620,67,1,1,277,2,4
2015,8,4,18,1206,1199,767,126,1,4,301,7,6
2015,8,4,19,1451,1445,830,211,1,2,401,6,5
2015,8,5,12,4,4,3,0,0,0,1,0,0
2015,8,5,13,36,36,28,0,0,0,8,0,0
2015,8,5,14,120,115,103,0,0,0,12,5,2
2015,8,5,15,294,290,245,2,0,0,43,4,1
2015,8,5,16,516,508,353,18,0,1,136,8,8
2015,8,5,17,724,716,431,83,0,0,202,8,6
2015,8,5,18,825,813,460,105,1,1,246,12,4
2015,8,5,19,986,974,524,171,0,2,277,12,4
2015,9,0,11,6,6,5,0,0,0,1,0,0
2015,9,0,12,47,46,35,1,0,0,10,1,1
2015,9,0,13,334,328,262,3,0,0,63,6,6
2015,9,0,14,1415,1392,1038,9,1,1,343,23,28
2015,9,0,15,3830,3758,2750,50,1,1,956,72,63
2015,9,0,16,6067,5993,4008,251,0,4,1730,74,108
2015,9,0,17,8268,8163,5220,615,5,6,2317,105,117
2015,9,0,18,9778,9667,5742,1069,7,9,2840,111,138
2015,9,0,19,11010,10878,6239,1525,8,26,3080,132,155
2015,9,1,11,2,2,2,0,0,0,0,0,0
2015,9,1,12,9,9,7,1,0,0,1,0,0
2015,9,1,13,51,50,34,0,0,0,16,1,2
2015,9,1,14,138,135,70,3,0,0,62,3,6
2015,9,1,15,387,378,176,8,0,0,194,9,20
2015,9,1,16,505,495,203,14,0,0,278,10,33
2015,9,1,17,699,688,271,35,1,0,381,11,19
2015,9,1,18,788,771,289,54,1,0,427,17,27
2015,9,1,19,888,875,331,65,1,1,477,13,29
2015,9,2,11,3,3,2,0,0,0,1,0,0
2015,9,2,12,20,20,15,0,0,0,5,0,0
2015,9,2,13,128,127,95,1,0,0,31,1,4
2015,9,2,14,583,573,374,3,1,0,195,10,16
2015,9,2,15,1552,1511,1016,21,1,1,472,41,26
2015,9,2,16,2294,2259,1312,88,0,2,857,35,42
2015,9,2,17,2978,2919,1632,215,3,1,1068,59,48
2015,9,2,18,3487,3431,1795,382,2,5,1247,56,61
2015,9,2,19,3738,3661,1891,474,3,6,1287,77,62
2015,9,3,12,11,10,9,0,0,0,1,1,0
2015,9,3,13,92,89,81,1,0,0,7,3,0
2015,9,3,14,435,427,387,2,0,1,37,8,4
2015,9,3,15,1165,1158,1016,7,0,0,135,7,11
2015,9,3,16,2027,2012,1612,93,0,2,305,15,21
2015,9,3,17,2929,2911,2228,220,1,1,461,18,32
2015,9,3,18,3436,3412,2418,409,3,3,579,24,39
2015,9,3,19,4064,4035,2705,636,2,12,680,29,48
2015,9,4,11,1,1,1,0,0,0,0,0,0
2015,9,4,12,6,6,4,0,0,0,2,0,1
2015,9,4,13,33,33,28,0,0,0,5,0,0
2015,9,4,14,137,135,100,1,0,0,34,2,1
2015,9,4,15,409,408,293,7,0,0,108,1,4
2015,9,4,16,684,679,474,33,0,0,172,5,5
2015,9,4,17,960,954,624,85,0,2,243,6,13
2015,9,4,18,1169,1168,728,108,1,1,330,1,7
2015,9,4,19,1338,1335,778,172,1,5,379,3,4
2015,9,5,12,1,1,0,0,0,0,1,0,0
2015,9,5,13,30,29,24,1,0,0,4,1,0
2015,9,5,14,122,122,107,0,0,0,15,0,1
2015,9,5,15,317,303,249,7,0,0,47,14,2
2015,9,5,16,557,548,407,23,0,0,118,9,7
2015,9,5,17,702,691,465,60,0,2,164,11,5
2015,9,5,18,898,885,512,116,0,0,257,13,4
2015,9,5,19,982,972,534,178,1,2,257,10,12
2015,10,0,10,1,1,1,0,0,0,0,0,0
2015,10,0,11,4,4,2,0,0,0,2,0,1
2015,10,0,12,39,39,27,1,0,0,11,0,2
2015,10,0,13,307,298,241,3,0,1,53,9,11
2015,10,0,14,1409,1383,1079,12,0,0,292,26,30
2015,10,0,15,3465,3422,2563,34,0,0,825,43,79
2015,10,0,16,5699,5626,3856,238,1,8,1523,73,126
2015,10,0,17,7485,7401,4761,583,5,9,2043,84,143
2015,10,0,18,8874,8782,5202,1051,9,16,2504,92,182
2015,10,0,19,10151,10011,5737,1419,8,11,2836,140,187
2015,10,1,11,1,1,0,0,0,0,1,0,0
2015,10,1,12,3,3,1,1,0,0,1,0,0
2015,10,1,13,35,34,20,3,0,1,10,1,2
2015,10,1,14,137,134,63,1,0,0,70,3,9
2015,10,1,15,342,337,141,8,0,0,188,5,18
2015,10,1,16,507,499,234,14,0,2,249,8,25
2015,10,1,17,637,623,241,36,0,0,346,14,29
2015,10,1,18,745,738,258,63,0,1,416,7,35
2015,10,1,19,798,780,296,58,2,0,424,18,33
2015,10,2,10,1,1,1,0,0,0,0,0,0
2015,10,2,11,3,3,2,0,0,0,1,0,1
2015,10,2,12,16,16,10,0,0,0,6,0,0
2015,10,2,13,133,129,94,0,0,0,35,4,3
2015,10,2,14,601,584,434,6,0,0,144,17,11
2015,10,2,15,1320,1296,896,15,0,0,385,24,24
2015,10,2,16,2077,2031,1198,89,1,1,742,46,34
2015,10,2,17,2675,2638,1475,206,3,5,949,37,42
2015,10,2,18,2986,2939,1537,368,4,3,1027,47,51
2015,10,2,19,3303,3238,1591,434,2,2,1209,65,39
2015,10,3,12,7,7,7,0,0,0,0,0,1
2015,10,3,13,87,85,81,0,0,0,4,2,5
2015,10,3,14,413,410,361,4,0,0,45,3,3
2015,10,3,15,1134,1126,1001,9,0,0,116,8,11
2015,10,3,16,1927,1919,1569,86,0,0,264,8,15
2015,10,3,17,2698,2679,2057,224,2,1,395,19,26
2015,10,3,18,3328,3299,2336,406,4,7,546,29,32
2015,10,3,19,3931,3902,2620,610,3,3,666,29,23
2015,10,4,12,5,5,4,0,0,0,1,0,0
2015,10,4,13,23,22,20,0,0,0,2,1,0
2015,10,4,14,149,148,122,1,0,0,25,1,1
2015,10,4,15,369,367,272,0,0,0,95,2,1
2015,10,4,16,657,654,457,27,0,4,166,3,12
2015,10,4,17,792,788,533,60,0,1,194,4,3
2015,10,4,18,1051,1047,656,110,1,1,279,4,6
2015,10,4,19,1174,1162,676,175,1,2,308,12,9
2015,10,5,12,8,8,5,0,0,0,3,0,1
2015,10,5,13,29,28,26,0,0,0,2,1,1
2015,10,5,14,109,107,99,0,0,0,8,2,6
2015,10,5,15,300,296,253,2,0,0,41,4,25
2015,10,5,16,531,523,398,22,0,1,102,8,40
2015,10,5,17,683,673,455,57,0,2,159,10,43
2015,10,5,18,764,759,415,104,0,4,236,5,58
2015,10,5,19,945,929,554,142,0,4,229,16,83
2015,11,0,10,1,1,0,1,0,0,0,0,0
2015,11,0,11,3,3,3,0,0,0,0,0,0
2015,11,0,12,39,39,27,0,0,0,12,0,1
2015,11,0,13,289,284,212,2,0,0,70,5,7
2015,11,0,14,1178,1162,890,10,0,0,262,16,19
2015,11,0,15,3004,2954,2158,40,2,2,752,50,32
2015,11,0,16,5056,5004,3387,210,2,8,1397,52,90
2015,11,0,17,6619,6531,4117,509,5,7,1893,88,76
2015,11,0,18,8081,7997,4809,902,2,16,2268,84,134
2015,11,0,19,9292,9177,5225,1241,5,26,2680,115,139
2015,11,1,12,9,9,2,0,0,0,7,0,1
2015,11,1,13,32,31,16,1,0,0,14,1,0
2015,11,1,14,86,86,43,1,0,0,42,0,2
2015,11,1,15,232,228,91,4,1,0,132,4,7
2015,11,1,16,349,341,132,14,0,0,195,8,14
2015,11,1,17,493,486,176,25,0,1,284,7,16
2015,11,1,18,527,521,186,32,0,1,302,6,28
2015,11,1,19,580,570,175,46,1,2,346,10,37
2015,11,2,11,1,1,1,0,0,0,0,0,0
2015,11,2,12,17,17,13,0,0,0,4,0,0
2015,11,2,13,116,115,81,0,0,0,34,1,6
2015,11,2,14,474,463,321,5,0,0,137,11,8
2015,11,2,15,1105,1074,696,19,0,1,358,31,13
2015,11,2,16,1766,1745,991,81,0,5,668,21,37
2015,11,2,17,2196,2147,1183,160,2,2,800,49,29
2015,11,2,18,2645,2600,1366,274,0,2,958,45,47
2015,11,2,19,2936,2880,1396,353,2,9,1120,56,42
2015,11,3,10,1,1,0,1,0,0,0,0,0
2015,11,3,11,2,2,2,0,0,0,0,0,0
2015,11,3,12,5,5,5,0,0,0,0,0,0
2015,11,3,13,76,74,65,1,0,0,8,2,1
2015,11,3,14,361,359,319,1,0,0,39,2,4
2015,11,3,15,1038,1029,864,14,1,0,150,9,6
2015,11,3,16,1894,1880,1527,69,2,1,281,14,29
2015,11,3,17,2490,2473,1844,197,2,1,429,17,24
2015,11,3,18,3085,3063,2151,379,2,12,519,22,32
2015,11,3,19,3686,3652,2436,529,1,8,678,34,39
2015,11,4,12,3,3,2,0,0,0,1,0,0
2015,11,4,13,40,40,30,0,0,0,10,0,0
2015,11,4,14,137,136,104,0,0,0,32,1,1
2015,11,4,15,344,343,264,2,0,0,77,1,3
2015,11,4,16,565,564,403,31,0,1,129,1,6
2015,11,4,17,796,795,504,74,1,2,214,1,3
2015,11,4,18,1025,1020,625,117,0,0,278,5,12
2015,11,4,19,1219,1215,722,155,1,5,332,4,9
2015,11,5,12,5,5,5,0,0,0,0,0,0
2015,11,5,13,25,24,20,0,0,0,4,1,0
2015,11,5,14,120,118,103,3,0,0,12,2,4
2015,11,5,15,285,280,243,1,0,1,35,5,3
2015,11,5,16,482,474,334,15,0,1,124,8,4
2015,11,5,17,644,630,410,53,0,1,166,14,4
2015,11,5,18,799,793,481,100,0,1,211,6,15
2015,11,5,19,871,860,496,158,0,2,204,11,12
2015,12,0,10,1,1,1,0,0,0,0,0,0
2015,12,0,11,3,3,3,0,0,0,0,0,0
2015,12,0,12,28,28,23,0,0,0,5,0,0
2015,12,0,13,299,295,228,3,0,0,64,4,5
2015,12,0,14,1116,1101,837,11,0,0,253,15,19
2015,12,0,15,2908,2858,2157,38,0,1,662,50,47
2015,12,0,16,4838,4781,3294,205,0,7,1275,57,77
2015,12,0,17,6229,6145,3968,535,1,6,1635,84,74
2015,12,0,18,7720,7625,4641,862,6,16,2100,95,78
2015,12,0,19,8835,8716,4995,1335,7,25,2354,119,109
2015,12,1,12,3,3,3,0,0,0,0,0,0
2015,12,1,13,32,32,19,0,0,0,13,0,2
2015,12,1,14,73,71,42,0,0,0,29,2,8
2015,12,1,15,156,153,78,3,0,0,72,3,11
2015,12,1,16,238,237,104,11,0,1,121,1,12
2015,12,1,17,300,298,133,14,0,0,151,2,12
2015,12,1,18,346,341,135,22,1,0,183,5,14
2015,12,1,19,367,363,114,40,1,0,208,4,19
2015,12,2,10,1,1,1,0,0,0,0,0,0
2015,12,2,12,12,12,7,0,0,0,5,0,0
2015,12,2,13,113,110,78,2,0,0,30,3,0
2015,12,2,14,433,425,288,4,0,0,133,8,5
2015,12,2,15,1076,1046,694,18,0,1,333,30,19
2015,12,2,16,1622,1596,935,68,0,3,590,26,33
2015,12,2,17,2077,2024,1115,177,0,3,729,53,28
2015,12,2,18,2493,2439,1259,257,4,2,917,54,25
2015,12,2,19,2667,2606,1281,355,2,6,962,61,43
2015,12,3,11,1,1,1,0,0,0,0,0,0
2015,12,3,12,9,9,9,0,0,0,0,0,0
2015,12,3,13,83,83,72,0,0,0,11,0,3
2015,12,3,14,392,388,332,2,0,0,54,4,4
2015,12,3,15,1042,1027,878,11,0,0,138,15,14
2015,12,3,16,1841,1822,1442,85,0,2,293,19,27
2015,12,3,17,2394,2378,1789,198,1,2,388,16,22
2015,12,3,18,3064,3048,2148,367,0,6,527,16,27
2015,12,3,19,3677,3644,2350,632,2,12,648,33,43
2015,12,4,11,1,1,1,0,0,0,0,0,0
2015,12,4,12,2,2,2,0,0,0,0,0,0
2015,12,4,13,32,32,28,0,0,0,4,0,0
2015,12,4,14,113,113,88,1,0,0,24,0,0
2015,12,4,15,356,355,281,2,0,0,72,1,2
2015,12,4,16,692,684,473,31,0,0,180,8,5
2015,12,4,17,823,820,532,82,0,1,205,3,7
2015,12,4,18,1007,1000,608,113,1,2,276,7,4
2015,12,4,19,1206,1194,710,168,1,5,310,12,2
2015,12,5,11,1,1,1,0,0,0,0,0,0
2015,12,5,12,2,2,2,0,0,0,0,0,0
2015,12,5,13,39,38,31,1,0,0,6,1,0
2015,12,5,14,105,104,87,4,0,0,13,1,2
2015,12,5,15,278,277,226,4,0,0,47,1,1
2015,12,5,16,445,442,340,10,0,1,91,3,0
2015,12,5,17,635,625,399,64,0,0,162,10,5
2015,12,5,18,810,797,491,103,0,6,197,13,8
2015,12,5,19,918,909,540,140,1,2,226,9,2
2016,1,0,10,1,1,1,0,0,0,0,0,0
2016,1,0,11,5,5,5,0,0,0,0,0,0
2016,1,0,12,54,51,45,0,0,0,6,3,3
2016,1,0,13,393,387,305,8,0,0,74,6,8
2016,1,0,14,1532,1516,1115,9,0,2,390,16,25
2016,1,0,15,3875,3825,2886,45,1,2,891,50,47
2016,1,0,16,6736,6667,4578,243,5,6,1835,69,64
2016,1,0,17,8473,8368,5419,584,4,7,2354,105,91
2016,1,0,18,10297,10174,6249,1031,10,10,2874,123,116
2016,1,0,19,11759,11629,6665,1623,11,19,3311,130,137
2016,1,1,11,2,2,2,0,0,0,0,0,0
2016,1,1,12,19,19,15,0,0,0,4,0,2
2016,1,1,13,95,92,67,3,0,0,22,3,1
2016,1,1,14,268,265,168,1,0,0,96,3,9
2016,1,1,15,639,632,407,10,0,0,215,7,16
2016,1,1,16,1002,994,591,24,0,1,378,8,18
2016,1,1,17,1240,1223,638,52,2,0,531,17,34
2016,1,1,18,1458,1451,725,107,1,0,618,7,38
2016,1,1,19,1624,1599,754,160,2,1,682,25,47
2016,1,2,10,1,1,1,0,0,0,0,0,0
2016,1,2,12,16,13,11,0,0,0,2,3,0
2016,1,2,13,135,132,89,3,0,0,40,3,3
2016,1,2,14,547,535,335,5,0,1,194,12,10
2016,1,2,15,1283,1254,839,16,1,0,398,29,22
2016,1,2,16,2254,2218,1319,78,3,1,817,36,28
2016,1,2,17,2689,2632,1485,181,0,4,962,57,34
2016,1,2,18,3211,3154,1710,282,4,2,1156,57,37
2016,1,2,19,3567,3513,1766,447,5,5,1290,54,60
2016,1,3,11,3,3,3,0,0,0,0,0,0
2016,1,3,12,6,6,6,0,0,0,0,0,1
2016,1,3,13,102,102,95,0,0,0,7,0,3
2016,1,3,14,434,433,381,0,0,1,51,1,3
2016,1,3,15,1207,1194,1044,7,0,0,143,13,9
2016,1,3,16,2172,2156,1741,89,2,4,320,16,11
2016,1,3,17,2815,2795,2142,223,1,2,427,20,15
2016,1,3,18,3594,3555,2541,435,4,2,573,39,25
2016,1,3,19,4121,4083,2755,635,2,8,683,38,22
2016,1,4,12,8,8,8,0,0,0,0,0,0
2016,1,4,13,32,32,29,0,0,0,3,0,0
2016,1,4,14,159,159,124,2,0,0,33,0,1
2016,1,4,15,432,432,325,7,0,2,98,0,0
2016,1,4,16,816,811,561,31,0,0,219,5,4
2016,1,4,17,1044,1036,696,69,0,0,271,8,4
2016,1,4,18,1221,1213,783,113,1,4,312,8,11
2016,1,4,19,1480,1472,885,202,0,2,383,8,6
2016,1,5,12,5,5,5,0,0,0,0,0,0
2016,1,5,13,29,29,25,2,0,0,2,0,1
2016,1,5,14,124,124,107,1,0,0,16,0,2
2016,1,5,15,314,313,271,5,0,0,37,1,0
2016,1,5,16,492,488,366,21,0,0,101,4,3
2016,1,5,17,685,682,458,59,1,1,163,3,4
2016,1,5,18,813,801,490,94,0,2,215,12,5
2016,1,5,19,967,962,505,179,2,3,273,5,2
2016,2,0,10,1,1,1,0,0,0,0,0,0
2016,2,0,11,8,8,8,0,0,0,0,0,1
2016,2,0,12,61,61,52,2,0,0,7,0,1
2016,2,0,13,394,386,314,3,1,0,68,8,4
2016,2,0,14,1517,1486,1153,12,0,0,321,31,29
2016,2,0,15,3778,3722,2823,39,0,2,858,56,51
2016,2,0,16,6381,6323,4347,240,1,6,1729,58,61
2016,2,0,17,8014,7911,5044,584,5,8,2270,103,100
2016,2,0,18,10011,9878,5965,1080,9,10,2814,133,127
2016,2,0,19,11445,11315,6441,1638,8,22,3206,130,156
2016,2,1,10,1,1,1,0,0,0,0,0,0
2016,2,1,11,2,2,2,0,0,0,0,0,0
2016,2,1,12,13,13,11,1,0,0,1,0,0
2016,2,1,13,88,87,61,2,0,0,24,1,2
2016,2,1,14,275,271,199,4,0,0,68,4,8
2016,2,1,15,636,625,403,6,0,0,216,11,18
2016,2,1,16,988,979,580,28,1,1,369,9,22
2016,2,1,17,1229,1215,620,58,1,0,536,14,45
2016,2,1,18,1369,1352,654,102,1,1,594,17,41
2016,2,1,19,1608,1596,733,147,0,4,712,12,52
2016,2,2,11,1,1,1,0,0,0,0,0,0
2016,2,2,12,28,28,23,1,0,0,4,0,0
2016,2,2,13,151,148,112,1,1,0,34,3,0
2016,2,2,14,561,551,383,5,0,0,163,10,11
2016,2,2,15,1289,1262,837,20,0,0,405,27,17
2016,2,2,16,2090,2060,1207,74,0,5,774,30,18
2016,2,2,17,2580,2534,1395,186,3,5,945,46,33
2016,2,2,18,3029,2972,1559,311,3,3,1096,57,44
2016,2,2,19,3310,3259,1654,401,4,5,1195,51,49
2016,2,3,11,1,1,1,0,0,0,0,0,0
2016,2,3,12,12,12,12,0,0,0,0,0,1
2016,2,3,13,103,101,95,0,0,0,6,2,2
2016,2,3,14,412,398,353,2,0,0,43,14,9
2016,2,3,15,1138,1121,996,6,0,0,119,17,12
2016,2,3,16,2057,2048,1676,73,0,0,299,9,12
2016,2,3,17,2674,2642,2016,210,0,1,415,32,19
2016,2,3,18,3492,3447,2457,416,3,3,568,45,28
2016,2,3,19,4100,4055,2695,696,2,7,655,45,39
2016,2,4,11,3,3,3,0,0,0,0,0,1
2016,2,4,12,3,3,3,0,0,0,0,0,0
2016,2,4,13,30,30,28,0,0,0,2,0,0
2016,2,4,14,150,149,115,1,0,0,33,1,1
2016,2,4,15,427,426,335,6,0,2,83,1,3
2016,2,4,16,741,740,515,40,0,0,185,1,4
2016,2,4,17,907,903,580,78,1,1,243,4,3
2016,2,4,18,1266,1259,771,141,1,1,345,7,9
2016,2,4,19,1465,1455,849,196,1,5,404,10,11
2016,2,5,11,1,1,1,0,0,0,0,0,0
2016,2,5,12,5,5,3,0,0,0,2,0,0
2016,2,5,13,22,20,18,0,0,0,2,2,0
2016,2,5,14,119,117,103,0,0,0,14,2,0
2016,2,5,15,288,288,252,1,0,0,35,0,1
2016,2,5,16,505,496,369,25,0,0,102,9,5
2016,2,5,17,624,617,433,52,0,1,131,7,0
2016,2,5,18,855,848,524,110,1,2,211,7,5
2016,2,5,19,962,950,510,198,1,1,240,12,5
2016,3,0,10,2,2,2,0,0,0,0,0,1
2016,3,0,11,5,5,4,0,0,0,1,0,2
2016,3,0,12,77,75,62,1,0,0,12,2,2
2016,3,0,13,420,413,327,4,0,0,82,7,7
2016,3,0,14,1759,1727,1309,20,0,1,397,32,23
2016,3,0,15,4171,4102,3122,41,1,0,938,69,54
2016,3,0,16,7141,7064,4870,273,6,4,1911,77,112
2016,3,0,17,9068,8975,5880,609,3,7,2476,93,110
2016,3,0,18,11170,11031,6751,1147,8,9,3116,139,122
2016,3,0,19,12600,12452,7150,1698,10,26,3568,148,153
2016,3,1,12,21,20,14,0,0,0,6,1,1
2016,3,1,13,94,93,69,1,0,0,23,1,3
2016,3,1,14,320,315,220,2,0,0,93,5,7
2016,3,1,15,642,629,410,4,0,0,215,13,26
2016,3,1,16,1064,1059,605,26,0,0,428,5,51
2016,3,1,17,1201,1184,663,45,0,2,474,17,37
2016,3,1,18,1512,1498,702,116,0,1,679,14,42
2016,3,1,19,1569,1554,729,137,0,4,684,15,48
2016,3,2,10,1,1,1,0,0,0,0,0,0
2016,3,2,11,3,3,2,0,0,0,1,0,1
2016,3,2,12,25,24,17,1,0,0,6,1,1
2016,3,2,13,149,146,102,0,0,0,44,3,3
2016,3,2,14,665,648,442,10,0,0,196,17,8
2016,3,2,15,1528,1487,1021,22,1,0,443,41,16
2016,3,2,16,2504,2457,1481,103,2,2,869,47,39
2016,3,2,17,3094,3048,1750,209,2,3,1084,46,45
2016,3,2,18,3532,3463,1880,332,6,2,1243,69,55
2016,3,2,19,3980,3906,1990,500,4,5,1407,74,72
2016,3,3,10,1,1,1,0,0,0,0,0,1
2016,3,3,11,2,2,2,0,0,0,0,0,1
2016,3,3,12,15,15,15,0,0,0,0,0,0
2016,3,3,13,116,115,103,1,0,0,11,1,1
2016,3,3,14,470,464,409,3,0,1,51,6,5
2016,3,3,15,1279,1269,1099,9,0,0,161,10,9
2016,3,3,16,2314,2300,1876,87,4,0,333,14,18
2016,3,3,17,3066,3050,2363,212,1,1,473,16,19
2016,3,3,18,3905,3869,2779,453,2,3,632,36,17
2016,3,3,19,4498,4459,2973,671,1,12,802,39,21
2016,3,4,12,6,6,6,0,0,0,0,0,0
2016,3,4,13,26,26,24,1,0,0,1,0,0
2016,3,4,14,163,162,128,4,0,0,30,1,0
2016,3,4,15,406,404,326,4,0,0,74,2,2
2016,3,4,16,708,705,524,22,0,1,158,3,1
2016,3,4,17,987,981,622,73,0,1,285,6,6
2016,3,4,18,1242,1233,778,145,0,2,308,9,3
2016,3,4,19,1500,1492,860,213,4,3,412,8,8
2016,3,5,12,10,10,10,0,0,0,0,0,0
2016,3,5,13,35,33,29,1,0,0,3,2,0
2016,3,5,14,141,138,110,1,0,0,27,3,3
2016,3,5,15,316,313,266,2,0,0,45,3,1
2016,3,5,16,551,543,384,35,0,1,123,8,3
2016,3,5,17,720,712,482,70,0,0,160,8,3
2016,3,5,18,979,968,612,101,0,1,254,11,5
2016,3,5,19,1053,1041,598,177,1,2,263,12,4
2016,4,0,10,3,3,3,0,0,0,0,0,0
2016,4,0,11,2,2,1,0,0,0,1,0,0
2016,4,0,12,54,53,44,2,0,0,7,1,2
2016,4,0,13,418,416,328,3,0,0,85,2,7
2016,4,0,14,1701,1676,1306,14,0,1,355,25,23
2016,4,0,15,3959,3888,2918,37,2,3,928,71,34
2016,4,0,16,6844,6772,4629,249,4,7,1883,72,94
2016,4,0,17,8669,8564,5434,640,9,9,2472,105,93
2016,4,0,18,10748,10625,6486,1081,10,15,3033,123,120
2016,4,0,19,12071,11910,6965,1648,7,21,3269,161,137
2016,4,1,11,2,2,1,0,0,0,1,0,0
2016,4,1,12,12,12,10,0,0,0,2,0,0
2016,4,1,13,94,94,70,3,0,0,21,0,6
2016,4,1,14,301,297,209,2,0,0,86,4,7
2016,4,1,15,622,612,390,11,0,0,211,10,9
2016,4,1,16,1000,988,544,23,2,1,418,12,31
2016,4,1,17,1233,1217,628,62,1,0,526,16,47
2016,4,1,18,1478,1459,708,113,0,1,637,19,51
2016,4,1,19,1601,1576,771,158,1,0,646,25,61
2016,4,2,10,1,1,1,0,0,0,0,0,0
2016,4,2,12,22,21,17,1,0,0,3,1,0
2016,4,2,13,149,147,102,0,0,0,45,2,1
2016,4,2,14,635,622,426,6,0,0,190,13,5
2016,4,2,15,1475,1444,973,11,2,2,456,31,10
2016,4,2,16,2427,2389,1478,73,1,2,835,38,32
2016,4,2,17,2983,2927,1632,215,5,4,1071,56,21
2016,4,2,18,3466,3404,1872,311,7,2,1212,62,36
2016,4,2,19,3783,3724,1941,453,6,8,1316,59,32
2016,4,3,10,1,1,1,0,0,0,0,0,0
2016,4,3,12,10,10,9,0,0,0,1,0,1
2016,4,3,13,105,105,97,0,0,0,8,0,0
2016,4,3,14,482,475,426,2,0,0,47,7,7
2016,4,3,15,1170,1151,1011,7,0,0,133,19,10
2016,4,3,16,2142,2127,1704,96,1,4,322,15,21
2016,4,3,17,2851,2832,2115,240,3,3,471,19,17
2016,4,3,18,3653,3625,2595,426,3,4,597,28,24
2016,4,3,19,4227,4169,2826,664,0,8,671,58,32
2016,4,4,10,1,1,1,0,0,0,0,0,0
2016,4,4,12,4,4,4,0,0,0,0,0,0
2016,4,4,13,38,38,29,0,0,0,9,0,0
2016,4,4,14,162,162,142,3,0,1,16,0,3
2016,4,4,15,390,383,293,5,0,1,84,7,3
2016,4,4,16,729,726,505,27,0,0,194,3,8
2016,4,4,17,913,907,595,68,0,2,242,6,4
2016,4,4,18,1227,1224,744,124,0,4,352,3,5
2016,4,4,19,1452,1442,843,214,0,4,381,10,8
2016,4,5,12,6,6,4,1,0,0,1,0,1
2016,4,5,13,32,32,30,0,0,0,2,0,0
2016,4,5,14,121,120,103,1,0,0,16,1,1
2016,4,5,15,302,298,251,3,0,0,44,4,2
2016,4,5,16,546,542,398,30,0,0,114,4,2
2016,4,5,17,689,681,464,55,0,0,162,8,4
2016,4,5,18,924,913,567,107,0,4,235,11,4
2016,4,5,19,1008,999,584,159,0,1,255,9,4
2016,5,0,10,2,1,1,0,0,0,0,1,1
2016,5,0,11,3,3,1,1,0,0,1,0,0
2016,5,0,12,48,47,38,0,0,0,9,1,0
2016,5,0,13,419,415,345,4,0,0,66,4,6
2016,5,0,14,1689,1655,1280,6,0,1,368,34,16
2016,5,0,15,4090,4031,3020,35,1,1,974,59,49
2016,5,0,16,7024,6926,4810,246,5,3,1862,98,57
2016,5,0,17,8821,8729,5677,611,7,10,2424,92,95
2016,5,0,18,10819,10692,6612,1066,5,13,2996,127,113
2016,5,0,19,12303,12147,7163,1634,11,22,3317,156,156
2016,5,1,11,2,2,1,0,0,0,1,0,0
2016,5,1,12,9,9,7,0,0,0,2,0,0
2016,5,1,13,77,76,57,1,0,0,18,1,4
2016,5,1,14,302,294,200,2,0,0,92,8,11
2016,5,1,15,636,627,387,10,0,0,230,9,21
2016,5,1,16,1066,1054,637,25,0,1,391,12,27
2016,5,1,17,1267,1252,655,58,1,2,536,15,49
2016,5,1,18,1521,1507,764,115,0,1,627,14,45
2016,5,1,19,1636,1613,816,162,1,4,630,23,64
2016,5,2,10,1,0,0,0,0,0,0,1,1
2016,5,2,11,1,1,0,1,0,0,0,0,0
2016,5,2,12,18,17,12,0,0,0,5,1,0
2016,5,2,13,168,165,128,3,0,0,34,3,0
2016,5,2,14,671,652,468,3,0,1,180,19,1
2016,5,2,15,1531,1497,1042,11,0,1,443,34,18
2016,5,2,16,2534,2485,1528,80,2,0,875,49,15
2016,5,2,17,2950,2906,1717,193,2,4,990,44,21
2016,5,2,18,3657,3585,1971,335,2,4,1273,72,33
2016,5,2,19,3883,3817,1948,485,5,5,1374,66,44
2016,5,3,10,1,1,1,0,0,0,0,0,0
2016,5,3,12,11,11,11,0,0,0,0,0,0
2016,5,3,13,90,90,86,0,0,0,4,0,1
2016,5,3,14,403,399,357,0,0,0,42,4,2
2016,5,3,15,1205,1194,1040,6,1,0,147,11,6
2016,5,3,16,2145,2115,1733,90,3,2,287,30,13
2016,5,3,17,2908,2889,2187,229,2,2,469,19,19
2016,5,3,18,3590,3565,2559,408,3,5,590,25,27
2016,5,3,19,4308,4256,2912,650,1,6,687,52,38
2016,5,4,12,5,5,4,0,0,0,1,0,0
2016,5,4,13,48,48,43,0,0,0,5,0,0
2016,5,4,14,152,151,118,0,0,0,33,1,0
2016,5,4,15,411,409,306,5,0,0,98,2,1
2016,5,4,16,752,750,507,32,0,0,211,2,1
2016,5,4,17,981,976,636,70,0,2,268,5,3
2016,5,4,18,1197,1194,765,111,0,3,315,3,5
2016,5,4,19,1467,1462,873,203,2,2,382,5,5
2016,5,5,12,5,5,4,0,0,0,1,0,0
2016,5,5,13,36,36,31,0,0,0,5,0,1
2016,5,5,14,161,159,137,1,0,0,21,2,2
2016,5,5,15,307,304,245,3,0,0,56,3,3
2016,5,5,16,527,522,405,19,0,0,98,5,1
2016,5,5,17,715,706,482,61,2,0,161,9,3
2016,5,5,18,854,841,553,97,0,0,191,13,3
2016,5,5,19,1009,999,614,134,2,5,244,10,5
2016,6,0,11,5,5,4,0,0,0,1,0,0
2016,6,0,12,70,69,60,2,0,0,7,1,1
2016,6,0,13,411,404,314,4,0,1,85,7,4
2016,6,0,14,1624,1598,1228,11,1,0,358,26,16
2016,6,0,15,3875,3808,2874,41,1,3,889,67,47
2016,6,0,16,6692,6598,4531,230,4,5,1828,94,90
2016,6,0,17,8366,8265,5413,580,3,8,2261,101,100
2016,6,0,18,10270,10153,6218,1036,10,14,2875,117,108
2016,6,0,19,11589,11435,6629,1568,6,27,3205,154,141
2016,6,1,11,1,1,1,0,0,0,0,0,0
2016,6,1,12,14,13,10,1,0,0,2,1,1
2016,6,1,13,93,90,63,2,0,0,25,3,2
2016,6,1,14,294,288,205,3,0,0,80,6,9
2016,6,1,15,631,624,438,10,1,1,174,7,18
2016,6,1,16,1044,1025,606,23,0,1,395,19,47
2016,6,1,17,1209,1196,657,53,0,1,485,13,45
2016,6,1,18,1425,1406,708,101,2,2,593,19,48
2016,6,1,19,1580,1559,741,144,0,4,670,21,72
2016,6,2,11,3,3,2,0,0,0,1,0,0
2016,6,2,12,28,28,25,0,0,0,3,0,0
2016,6,2,13,161,157,110,0,0,1,46,4,0
2016,6,2,14,634,623,418,4,1,0,200,11,4
2016,6,2,15,1475,1439,980,14,0,2,443,36,14
2016,6,2,16,2410,2365,1430,80,1,2,852,45,25
2016,6,2,17,2797,2755,1556,178,3,1,1017,42,36
2016,6,2,18,3478,3425,1855,330,3,7,1230,53,35
2016,6,2,19,3672,3603,1854,442,2,10,1295,69,37
2016,6,3,12,18,18,15,1,0,0,2,0,0
2016,6,3,13,92,92,87,0,0,0,5,0,1
2016,6,3,14,448,443,400,1,0,0,42,5,1
2016,6,3,15,1107,1095,949,3,0,0,143,12,8
2016,6,3,16,2015,1996,1621,82,2,1,290,19,12
2016,6,3,17,2794,2766,2175,191,0,3,397,28,13
2016,6,3,18,3382,3348,2411,388,4,4,541,34,12
2016,6,3,19,4005,3969,2682,631,3,4,649,36,18
2016,6,4,11,1,1,1,0,0,0,0,0,0
2016,6,4,12,3,3,3,0,0,0,0,0,0
2016,6,4,13,40,40,35,0,0,0,5,0,0
2016,6,4,14,122,122,100,1,0,0,21,0,0
2016,6,4,15,384,379,281,6,0,0,92,5,4
2016,6,4,16,736,734,516,24,1,1,192,2,3
2016,6,4,17,967,962,638,98,0,2,224,5,3
2016,6,4,18,1183,1180,738,131,0,0,311,3,10
2016,6,4,19,1376,1367,814,194,0,5,354,9,9
2016,6,5,12,7,7,7,0,0,0,0,0,0
2016,6,5,13,25,25,19,2,0,0,4,0,1
2016,6,5,14,126,122,105,2,0,0,15,4,2
2016,6,5,15,278,271,226,8,0,0,37,7,3
2016,6,5,16,487,478,358,21,0,0,99,9,3
2016,6,5,17,599,586,387,60,0,1,138,13,3
2016,6,5,18,802,794,506,86,1,1,200,8,3
2016,6,5,19,956,937,538,157,1,4,237,19,5
2016,7,0,10,2,2,1,0,0,0,1,0,1
2016,7,0,11,3,3,3,0,0,0,0,0,0
2016,7,0,12,73,70,51,2,0,0,17,3,3
2016,7,0,13,387,382,314,1,0,0,67,5,5
2016,7,0,14,1597,1573,1176,11,0,1,385,24,13
2016,7,0,15,3738,3681,2770,38,0,2,871,57,61
2016,7,0,16,6628,6563,4498,201,2,3,1859,65,57
2016,7,0,17,8309,8219,5364,558,2,6,2289,90,80
2016,7,0,18,9922,9807,6008,957,7,9,2826,115,85
2016,7,0,19,11608,11491,6710,1599,4,20,3158,117,114
2016,7,1,10,1,1,0,0,0,0,1,0,0
2016,7,1,11,1,1,1,0,0,0,0,0,0
2016,7,1,12,19,16,10,1,0,0,5,3,1
2016,7,1,13,97,97,72,0,0,0,25,0,4
2016,7,1,14,321,314,222,6,0,0,86,7,3
2016,7,1,15,649,645,429,12,0,1,203,4,23
2016,7,1,16,1041,1027,592,28,1,0,406,14,19
2016,7,1,17,1228,1212,680,65,0,0,467,16,21
2016,7,1,18,1477,1460,765,94,2,2,597,17,32
2016,7,1,19,1634,1615,788,151,0,1,675,19,31
2016,7,2,11,1,1,1,0,0,0,0,0,0
2016,7,2,12,25,25,17,0,0,0,8,0,0
2016,7,2,13,161,156,123,0,0,0,33,5,0
2016,7,2,14,641,626,417,1,0,0,208,15,4
2016,7,2,15,1423,1386,975,14,0,1,396,37,19
2016,7,2,16,2424,2391,1500,65,1,1,824,33,16
2016,7,2,17,2856,2817,1617,180,2,6,1012,39,30
2016,7,2,18,3366,3308,1756,317,4,4,1227,58,30
2016,7,2,19,3771,3721,1978,470,1,6,1266,50,43
2016,7,3,10,1,1,1,0,0,0,0,0,1
2016,7,3,11,1,1,1,0,0,0,0,0,0
2016,7,3,12,13,13,13,0,0,0,0,0,0
2016,7,3,13,74,74,71,1,0,0,2,0,1
2016,7,3,14,359,358,315,2,0,1,40,1,2
2016,7,3,15,1065,1053,913,5,0,0,135,12,11
2016,7,3,16,1993,1978,1616,61,0,1,300,15,13
2016,7,3,17,2586,2559,1983,178,0,0,398,27,20
2016,7,3,18,3200,3177,2295,347,1,1,533,23,18
2016,7,3,19,3847,3818,2569,622,1,8,618,29,24
2016,7,4,12,8,8,6,1,0,0,1,0,1
2016,7,4,13,28,28,23,0,0,0,5,0,0
2016,7,4,14,142,142,111,0,0,0,31,0,1
2016,7,4,15,364,362,269,3,0,0,90,2,4
2016,7,4,16,701,700,461,30,0,0,209,1,1
2016,7,4,17,977,975,646,77,0,0,252,2,5
2016,7,4,18,1117,1109,712,109,0,1,287,8,5
2016,7,4,19,1418,1414,840,207,1,4,362,4,9
2016,7,5,12,8,8,5,0,0,0,3,0,1
2016,7,5,13,27,27,25,0,0,0,2,0,0
2016,7,5,14,134,133,111,2,0,0,20,1,3
2016,7,5,15,237,235,184,4,0,0,47,2,4
2016,7,5,16,469,467,329,17,0,1,120,2,8
2016,7,5,17,662,656,438,58,0,0,160,6,4
2016,7,5,18,762,753,480,90,0,1,182,9,0
2016,7,5,19,938,923,535,149,1,1,237,15,7
2016,8,0,10,5,5,3,0,0,0,2,0,0
2016,8,0,11,6,6,4,1,0,0,1,0,1
2016,8,0,12,64,64,53,1,0,0,10,0,2
2016,8,0,13,384,374,294,2,0,0,78,10,5
2016,8,0,14,1561,1542,1165,20,0,0,357,19,13
2016,8,0,15,3675,3613,2743,26,0,1,843,62,32
2016,8,0,16,6404,6337,4406,212,6,5,1708,67,70
2016,8,0,17,8223,8129,5308,533,4,4,2280,94,69
2016,8,0,18,9880,9770,5951,998,7,18,2796,110,96
2016,8,0,19,11177,11056,6433,1434,8,12,3169,121,117
2016,8,1,10,2,2,1,0,0,0,1,0,0
2016,8,1,11,3,3,2,1,0,0,0,0,0
2016,8,1,12,21,21,16,0,0,0,5,0,0
2016,8,1,13,82,82,60,0,0,0,22,0,1
2016,8,1,14,322,317,211,5,0,0,101,5,5
2016,8,1,15,657,646,452,4,0,0,190,11,11
2016,8,1,16,1077,1066,640,21,0,1,404,11,27
2016,8,1,17,1302,1285,728,67,1,0,489,17,27
2016,8,1,18,1475,1459,740,113,1,3,602,16,34
2016,8,1,19,1634,1613,809,148,2,1,653,21,39
2016,8,2,10,2,2,2,0,0,0,0,0,0
2016,8,2,11,1,1,1,0,0,0,0,0,0
2016,8,2,12,21,21,17,0,0,0,4,0,0
2016,8,2,13,160,153,111,1,0,0,41,7,3
2016,8,2,14,594,585,424,6,0,0,155,9,3
2016,8,2,15,1375,1348,925,11,0,1,411,27,7
2016,8,2,16,2288,2251,1390,67,4,2,788,37,24
2016,8,2,17,2813,2769,1600,165,1,2,1001,44,23
2016,8,2,18,3334,3283,1777,322,2,5,1177,51,25
2016,8,2,19,3562,3510,1809,405,3,5,1288,52,34
2016,8,3,11,2,2,1,0,0,0,1,0,1
2016,8,3,12,11,11,10,1,0,0,0,0,1
2016,8,3,13,79,76,72,0,0,0,4,3,1
2016,8,3,14,374,370,315,0,0,0,55,4,3
2016,8,3,15,1044,1025,902,4,0,0,119,19,8
2016,8,3,16,1926,1913,1577,74,2,1,259,13,9
2016,8,3,17,2522,2504,1942,182,1,0,379,18,12
2016,8,3,18,3161,3131,2254,346,3,6,522,30,24
2016,8,3,19,3765,3740,2518,569,2,2,649,25,28
2016,8,4,10,1,1,0,0,0,0,1,0,0
2016,8,4,12,6,6,6,0,0,0,0,0,0
2016,8,4,13,31,31,27,0,0,0,4,0,0
2016,8,4,14,157,156,119,4,0,0,33,1,1
2016,8,4,15,361,359,265,3,0,0,91,2,2
2016,8,4,16,639,638,453,28,0,1,156,1,8
2016,8,4,17,932,925,598,68,1,1,257,7,3
2016,8,4,18,1150,1146,709,124,1,2,310,4,9
2016,8,4,19,1325,1318,771,183,1,2,361,7,11
2016,8,5,12,5,5,4,0,0,0,1,0,1
2016,8,5,13,32,32,24,1,0,0,7,0,0
2016,8,5,14,114,114,96,5,0,0,13,0,1
2016,8,5,15,238,235,199,4,0,0,32,3,4
2016,8,5,16,474,469,346,22,0,0,101,5,2
2016,8,5,17,654,646,440,51,0,1,154,8,4
2016,8,5,18,760,751,471,93,0,2,185,9,4
2016,8,5,19,891,875,526,129,0,2,218,16,5
2016,9,0,11,10,10,10,0,0,0,0,0,1
2016,9,0,12,65,64,53,1,0,0,10,1,1
2016,9,0,13,418,413,335,1,0,1,76,5,8
2016,9,0,14,1448,1424,1093,4,1,0,326,24,16
2016,9,0,15,3489,3430,2536,27,2,0,865,59,46
2016,9,0,16,6038,5979,4119,202,2,3,1653,59,85
2016,9,0,17,8067,7962,5147,510,7,11,2287,105,91
2016,9,0,18,9808,9688,5980,931,1,10,2766,120,120
2016,9,0,19,11104,10976,6451,1411,7,23,3084,128,121
2016,9,1,11,3,3,3,0,0,0,0,0,1
2016,9,1,12,9,9,7,1,0,0,1,0,0
2016,9,1,13,107,106,81,0,0,0,25,1,4
2016,9,1,14,294,289,202,1,0,0,86,5,4
2016,9,1,15,676,669,418,7,0,0,244,7,22
2016,9,1,16,1050,1043,594,29,0,0,420,7,30
2016,9,1,17,1327,1315,671,62,0,3,579,12,25
2016,9,1,18,1541,1530,810,95,0,1,624,11,40
2016,9,1,19,1657,1640,817,132,1,2,688,17,39
2016,9,2,11,1,1,1,0,0,0,0,0,0
2016,9,2,12,29,28,19,0,0,0,9,1,0
2016,9,2,13,170,168,124,1,0,1,42,2,3
2016,9,2,14,580,566,399,2,1,0,164,14,7
2016,9,2,15,1285,1245,849,12,2,0,382,40,17
2016,9,2,16,2199,2168,1351,70,1,1,745,31,33
2016,9,2,17,2739,2680,1549,152,5,2,972,59,35
2016,9,2,18,3325,3265,1785,292,1,4,1183,60,49
2016,9,2,19,3438,3371,1761,406,1,4,1199,67,50
2016,9,3,11,3,3,3,0,0,0,0,0,0
2016,9,3,12,13,13,13,0,0,0,0,0,1
2016,9,3,13,78,76,74,0,0,0,2,2,0
2016,9,3,14,347,345,299,0,0,0,46,2,1
2016,9,3,15,947,942,809,3,0,0,130,5,3
2016,9,3,16,1702,1692,1385,64,0,0,243,10,10
2016,9,3,17,2528,2503,1948,179,0,3,373,25,17
2016,9,3,18,3059,3030,2205,340,0,4,481,29,15
2016,9,3,19,3720,3689,2504,532,4,13,636,31,13
2016,9,4,11,2,2,2,0,0,0,0,0,0
2016,9,4,12,5,5,5,0,0,0,0,0,0
2016,9,4,13,36,36,31,0,0,0,5,0,1
2016,9,4,14,122,121,101,0,0,0,20,1,2
2016,9,4,15,315,311,232,3,0,0,76,4,4
2016,9,4,16,636,635,456,27,1,2,149,1,6
2016,9,4,17,854,848,563,61,1,3,220,6,11
2016,9,4,18,1110,1101,687,116,0,0,298,9,11
2016,9,4,19,1330,1326,806,174,0,3,343,4,15
2016,9,5,11,1,1,1,0,0,0,0,0,0
2016,9,5,12,9,9,9,0,0,0,0,0,0
2016,9,5,13,27,27,25,0,0,0,2,0,0
2016,9,5,14,105,103,92,1,0,0,10,2,2
2016,9,5,15,266,263,228,2,0,0,33,3,0
2016,9,5,16,451,441,333,12,0,0,96,10,6
2016,9,5,17,619,616,416,56,1,0,143,3,3
2016,9,5,18,773,762,493,88,0,1,180,11,5
2016,9,5,19,959,950,563,167,1,1,218,9,4
2016,10,0,10,3,3,2,0,0,0,1,0,0
2016,10,0,11,6,6,6,0,0,0,0,0,0
2016,10,0,12,64,62,45,0,0,0,17,2,0
2016,10,0,13,342,339,278,4,0,0,57,3,6
2016,10,0,14,1406,1376,1082,4,0,1,289,30,18
2016,10,0,15,3334,3281,2403,27,0,1,850,53,42
2016,10,0,16,5930,5852,3994,214,3,8,1633,78,51
2016,10,0,17,7617,7506,4777,532,6,5,2186,111,87
2016,10,0,18,9212,9078,5521,841,5,19,2692,134,109
2016,10,0,19,10816,10694,6196,1438,9,20,3031,122,109
2016,10,1,10,2,2,1,0,0,0,1,0,0
2016,10,1,11,2,2,2,0,0,0,0,0,0
2016,10,1,12,21,19,12,0,0,0,7,2,0
2016,10,1,13,83,82,64,1,0,0,17,1,1
2016,10,1,14,264,258,185,3,0,1,69,6,4
2016,10,1,15,639,628,394,4,0,0,230,11,17
2016,10,1,16,1044,1028,586,26,0,0,416,16,15
2016,10,1,17,1242,1229,642,73,1,1,512,13,21
2016,10,1,18,1469,1447,735,101,2,1,608,22,29
2016,10,1,19,1622,1599,755,132,0,3,709,23,36
2016,10,2,11,1,1,1,0,0,0,0,0,0
2016,10,2,12,26,26,18,0,0,0,8,0,0
2016,10,2,13,120,119,88,0,0,0,31,1,1
2016,10,2,14,555,542,388,0,0,0,154,13,11
2016,10,2,15,1238,1217,823,11,0,1,382,21,15
2016,10,2,16,2116,2075,1256,80,1,5,733,41,25
2016,10,2,17,2575,2517,1406,162,4,0,945,58,36
2016,10,2,18,3110,3044,1617,256,3,6,1162,66,50
2016,10,2,19,3396,3343,1729,404,4,6,1200,53,40
2016,10,3,10,1,1,1,0,0,0,0,0,0
2016,10,3,12,10,10,10,0,0,0,0,0,0
2016,10,3,13,83,83,79,2,0,0,2,0,1
2016,10,3,14,367,360,327,1,0,0,32,7,2
2016,10,3,15,894,877,755,7,0,0,115,17,5
2016,10,3,16,1758,1753,1434,65,2,1,251,5,6
2016,10,3,17,2363,2340,1785,197,0,2,356,23,15
2016,10,3,18,2899,2871,2092,296,0,9,474,28,20
2016,10,3,19,3641,3619,2463,579,4,6,567,22,21
2016,10,4,12,2,2,2,0,0,0,0,0,0
2016,10,4,13,23,22,18,0,0,0,4,1,1
2016,10,4,14,121,120,102,0,0,0,18,1,1
2016,10,4,15,309,309,223,4,0,0,82,0,2
2016,10,4,16,580,578,401,26,0,1,150,2,3
2016,10,4,17,849,847,566,54,1,2,224,2,8
2016,10,4,18,1063,1060,658,104,0,2,296,3,7
2016,10,4,19,1215,1210,720,158,1,0,331,5,8
2016,10,5,11,3,3,3,0,0,0,0,0,0
2016,10,5,12,5,5,3,0,0,0,2,0,0
2016,10,5,13,33,33,29,1,0,0,3,0,2
2016,10,5,14,99,96,80,0,0,0,16,3,0
2016,10,5,15,254,250,208,1,0,0,41,4,3
2016,10,5,16,432,418,317,17,0,1,83,14,2
2016,10,5,17,588,573,378,46,0,0,149,15,7
2016,10,5,18,671,656,419,84,0,1,152,15,3
2016,10,5,19,942,923,529,165,0,5,224,19,4
2016,11,0,10,1,1,1,0,0,0,0,0,0
2016,11,0,11,11,11,10,0,0,0,1,0,0
2016,11,0,12,51,51,45,0,0,0,6,0,0
2016,11,0,13,364,356,294,1,0,0,61,8,9
2016,11,0,14,1337,1310,1007,11,0,1,291,27,19
2016,11,0,15,3210,3164,2343,28,1,0,792,46,40
2016,11,0,16,5660,5564,3775,170,0,5,1614,96,91
2016,11,0,17,7368,7276,4627,515,3,5,2126,92,78
2016,11,0,18,8637,8532,5233,864,1,10,2424,105,96
2016,11,0,19,10077,9952,5760,1370,7,21,2794,125,117
2016,11,1,11,3,3,3,0,0,0,0,0,0
2016,11,1,12,19,19,16,0,0,0,3,0,0
2016,11,1,13,83,82,59,0,0,0,23,1,0
2016,11,1,14,287,277,196,2,0,0,79,10,6
2016,11,1,15,586,578,376,4,1,0,197,8,8
2016,11,1,16,946,937,501,23,0,0,413,9,23
2016,11,1,17,1189,1176,602,65,0,1,508,13,25
2016,11,1,18,1359,1341,698,94,0,0,549,18,26
2016,11,1,19,1568,1556,724,128,4,3,697,12,24
2016,11,2,10,1,1,1,0,0,0,0,0,0
2016,11,2,11,3,3,2,0,0,0,1,0,0
2016,11,2,12,20,20,17,0,0,0,3,0,0
2016,11,2,13,146,142,116,1,0,0,25,4,4
2016,11,2,14,497,486,343,7,0,1,135,11,6
2016,11,2,15,1142,1115,722,14,0,0,379,27,22
2016,11,2,16,2030,1970,1191,56,0,3,720,60,37
2016,11,2,17,2558,2508,1441,155,1,1,910,50,29
2016,11,2,18,2884,2833,1565,250,0,2,1016,51,31
2016,11,2,19,3128,3067,1571,384,1,11,1100,61,43
2016,11,3,11,1,1,1,0,0,0,0,0,0
2016,11,3,12,7,7,7,0,0,0,0,0,0
2016,11,3,13,84,81,74,0,0,0,7,3,0
2016,11,3,14,320,318,283,1,0,0,34,2,2
2016,11,3,15,946,938,827,5,0,0,106,8,6
2016,11,3,16,1631,1616,1347,55,0,2,212,15,15
2016,11,3,17,2249,2233,1697,176,1,0,359,16,8
2016,11,3,18,2723,2702,1959,309,0,3,431,21,25
2016,11,3,19,3373,3348,2309,519,1,5,514,25,12
2016,11,4,11,1,1,1,0,0,0,0,0,0
2016,11,4,12,2,2,2,0,0,0,0,0,0
2016,11,4,13,21,21,20,0,0,0,1,0,1
2016,11,4,14,123,123,95,1,0,0,27,0,1
2016,11,4,15,315,312,235,3,0,0,74,3,2
2016,11,4,16,607,603,421,19,0,0,163,4,2
2016,11,4,17,831,830,531,71,1,2,225,1,5
2016,11,4,18,959,951,585,108,1,3,254,8,4
2016,11,4,19,1155,1144,656,187,1,0,300,11,12
2016,11,5,11,3,3,3,0,0,0,0,0,0
2016,11,5,12,3,3,3,0,0,0,0,0,0
2016,11,5,13,30,30,25,0,0,0,5,0,4
2016,11,5,14,110,106,90,0,0,0,16,4,4
2016,11,5,15,221,221,183,2,0,0,36,0,2
2016,11,5,16,446,438,315,17,0,0,106,8,14
2016,11,5,17,541,529,356,48,0,1,124,12,11
2016,11,5,18,712,705,426,103,0,2,174,7,10
2016,11,5,19,853,837,500,152,0,2,183,16,26
2016,12,0,10,2,2,1,0,0,0,1,0,0
2016,12,0,11,5,5,5,0,0,0,0,0,0
2016,12,0,12,49,48,46,0,0,0,2,1,2
2016,12,0,13,390,383,301,4,0,0,78,7,9
2016,12,0,14,1403,1372,1043,10,0,0,319,31,22
2016,12,0,15,3202,3146,2299,25,1,4,817,56,36
2016,12,0,16,5613,5550,3798,191,2,2,1557,63,75
2016,12,0,17,7775,7691,5048,478,2,5,2158,84,84
2016,12,0,18,9084,8953,5449,919,2,15,2568,131,106
2016,12,0,19,10582,10459,6139,1450,7,18,2845,123,116
2016,12,1,11,1,1,1,0,0,0,0,0,0
2016,12,1,12,8,8,7,0,0,0,1,0,1
2016,12,1,13,72,72,55,2,0,0,15,0,2
2016,12,1,14,254,248,159,4,0,0,85,6,8
2016,12,1,15,547,538,332,2,0,2,202,9,15
2016,12,1,16,945,934,565,18,1,2,348,11,21
2016,12,1,17,1225,1212,666,53,0,2,491,13,18
2016,12,1,18,1336,1314,624,92,0,3,595,22,26
2016,12,1,19,1550,1531,729,140,1,3,658,19,36
2016,12,2,10,1,1,1,0,0,0,0,0,0
2016,12,2,11,3,3,3,0,0,0,0,0,0
2016,12,2,12,17,16,15,0,0,0,1,1,0
2016,12,2,13,150,143,96,1,0,0,46,7,4
2016,12,2,14,512,496,348,3,0,0,145,16,10
2016,12,2,15,1134,1101,722,11,1,1,366,33,11
2016,12,2,16,1886,1856,1097,66,0,0,693,30,28
2016,12,2,17,2616,2574,1496,158,2,0,918,42,37
2016,12,2,18,2974,2908,1612,287,1,4,1004,66,46
2016,12,2,19,3169,3107,1619,403,1,4,1080,62,33
2016,12,3,10,1,1,0,0,0,0,1,0,0
2016,12,3,11,1,1,1,0,0,0,0,0,0
2016,12,3,12,9,9,9,0,0,0,0,0,1
2016,12,3,13,99,99,92,0,0,0,7,0,2
2016,12,3,14,391,386,342,1,0,0,43,5,4
2016,12,3,15,950,940,816,8,0,0,116,10,6
2016,12,3,16,1772,1760,1427,72,0,0,261,12,9
2016,12,3,17,2433,2418,1891,156,0,3,368,15,8
2016,12,3,18,2935,2908,2108,331,1,6,462,27,19
2016,12,3,19,3705,3679,2497,596,3,7,576,26,21
2016,12,4,12,5,5,5,0,0,0,0,0,0
2016,12,4,13,39,39,33,0,0,0,6,0,0
2016,12,4,14,128,127,92,1,0,0,34,1,0
2016,12,4,15,332,332,239,2,0,1,90,0,1
2016,12,4,16,581,579,401,22,1,0,155,2,1
2016,12,4,17,921,918,606,68,0,0,244,3,6
2016,12,4,18,1062,1058,627,126,0,0,305,4,4
2016,12,4,19,1267,1263,759,169,2,2,331,4,5
2016,12,5,12,10,10,10,0,0,0,0,0,0
2016,12,5,13,30,30,25,1,0,0,4,0,1
2016,12,5,14,118,115,102,1,0,0,12,3,0
2016,12,5,15,239,235,190,2,0,0,43,4,3
2016,12,5,16,429,421,308,13,0,0,100,8,16
2016,12,5,17,580,569,389,43,0,0,137,11,15
2016,12,5,18,777,765,478,83,0,2,202,12,11
2016,12,5,19,891,879,535,142,0,2,200,12,21
2017,1,0,11,11,11,7,0,0,0,4,0,1
2017,1,0,12,45,44,36,0,0,0,8,1,1
2017,1,0,13,345,340,274,1,0,0,65,5,7
2017,1,0,14,1366,1333,1029,10,0,1,293,33,18
2017,1,0,15,3434,3379,2528,32,0,0,819,55,43
2017,1,0,16,5765,5681,3919,180,1,4,1577,84,54
2017,1,0,17,8071,7976,5251,529,3,13,2180,95,91
2017,1,0,18,9179,9057,5550,932,7,10,2558,122,100
2017,1,0,19,10950,10781,6308,1427,8,26,3012,169,109
2017,1,1,11,3,3,0,0,0,0,3,0,0
2017,1,1,12,8,7,5,0,0,0,2,1,0
2017,1,1,13,81,80,65,0,0,0,15,1,3
2017,1,1,14,244,239,167,1,0,0,71,5,6
2017,1,1,15,544,538,348,6,0,0,184,6,17
2017,1,1,16,914,900,505,21,0,0,374,14,16
2017,1,1,17,1247,1230,656,65,1,3,505,17,23
2017,1,1,18,1421,1412,701,101,1,1,608,9,31
2017,1,1,19,1506,1490,705,128,0,3,654,16,34
2017,1,2,11,3,3,3,0,0,0,0,0,0
2017,1,2,12,21,21,16,0,0,0,5,0,1
2017,1,2,13,127,123,86,0,0,0,37,4,1
2017,1,2,14,543,521,372,6,0,1,142,22,6
2017,1,2,15,1252,1222,815,12,0,0,395,30,16
2017,1,2,16,1997,1945,1191,61,1,3,689,52,21
2017,1,2,17,2690,2645,1525,173,0,3,944,45,33
2017,1,2,18,3029,2957,1637,271,5,1,1043,72,33
2017,1,2,19,3465,3379,1756,409,5,5,1204,86,38
2017,1,3,11,1,1,1,0,0,0,0,0,0
2017,1,3,12,5,5,5,0,0,0,0,0,0
2017,1,3,13,82,82,77,0,0,0,5,0,2
2017,1,3,14,360,359,331,1,0,0,27,1,2
2017,1,3,15,1062,1054,917,7,0,0,130,8,7
2017,1,3,16,1826,1815,1516,65,0,0,234,11,6
2017,1,3,17,2609,2593,2042,185,0,4,362,16,15
2017,1,3,18,2937,2915,2114,329,1,4,467,22,16
2017,1,3,19,3783,3753,2565,578,1,8,601,30,17
2017,1,4,12,5,5,5,0,0,0,0,0,0
2017,1,4,13,21,21,18,0,0,0,3,0,0
2017,1,4,14,125,124,88,2,0,0,34,1,2
2017,1,4,15,335,332,253,6,0,0,73,3,0
2017,1,4,16,625,623,425,21,0,1,176,2,4
2017,1,4,17,890,888,613,60,1,1,213,2,3
2017,1,4,18,1063,1060,672,118,0,2,268,3,5
2017,1,4,19,1301,1294,776,176,1,3,338,7,7
2017,1,5,11,4,4,3,0,0,0,1,0,1
2017,1,5,12,6,6,5,0,0,0,1,0,0
2017,1,5,13,34,34,28,1,0,0,5,0,1
2017,1,5,14,94,90,71,0,0,0,19,4,2
2017,1,5,15,241,233,195,1,0,0,37,8,3
2017,1,5,16,403,398,282,12,0,0,104,5,7
2017,1,5,17,635,620,415,46,1,2,156,15,17
2017,1,5,18,729,713,426,113,0,2,172,16,15
2017,1,5,19,895,865,506,136,1,7,215,30,13
2017,2,0,12,40,40,33,0,0,0,7,0,0
2017,2,0,13,344,336,270,2,0,0,64,8,3
2017,2,0,14,1404,1377,1067,9,0,0,301,27,17
2017,2,0,15,3170,3103,2400,24,1,1,677,67,29
2017,2,0,16,5580,5509,3855,185,2,3,1464,71,48
2017,2,0,17,7841,7742,5128,499,5,7,2103,99,65
2017,2,0,18,8881,8771,5381,856,6,7,2521,110,81
2017,2,0,19,10450,10311,6086,1388,6,25,2806,139,86
2017,2,1,12,10,10,8,0,0,0,2,0,0
2017,2,1,13,68,67,52,1,0,0,14,1,1
2017,2,1,14,266,261,189,4,0,0,68,5,3
2017,2,1,15,483,478,331,1,0,1,145,5,4
2017,2,1,16,828,816,497,13,0,0,306,12,17
2017,2,1,17,1162,1151,634,40,3,1,473,11,26
2017,2,1,18,1208,1195,587,95,0,2,511,13,26
2017,2,1,19,1343,1329,632,115,1,5,576,14,20
2017,2,2,12,13,13,9,0,0,0,4,0,0
2017,2,2,13,147,143,103,1,0,0,39,4,1
2017,2,2,14,515,500,355,2,0,0,143,15,9
2017,2,2,15,1163,1123,792,13,0,0,318,40,10
2017,2,2,16,1868,1835,1118,57,2,3,655,33,19
2017,2,2,17,2586,2538,1502,153,2,1,880,48,17
2017,2,2,18,2817,2765,1530,240,2,3,990,52,21
2017,2,2,19,3218,3150,1682,394,2,6,1066,68,38
2017,2,3,12,9,9,9,0,0,0,0,0,0
2017,2,3,13,87,84,77,0,0,0,7,3,0
2017,2,3,14,392,388,347,2,0,0,39,4,2
2017,2,3,15,1000,984,875,3,0,0,106,16,6
2017,2,3,16,1821,1807,1487,65,0,0,255,14,6
2017,2,3,17,2622,2595,2024,176,0,5,390,27,11
2017,2,3,18,3121,3094,2236,330,3,1,524,27,21
2017,2,3,19,3705,3681,2535,539,0,5,602,24,13
2017,2,4,12,2,2,2,0,0,0,0,0,0
2017,2,4,13,20,20,18,0,0,0,2,0,0
2017,2,4,14,123,122,89,0,0,0,33,1,1
2017,2,4,15,298,296,211,5,0,0,80,2,4
2017,2,4,16,602,599,424,31,0,0,144,3,1
2017,2,4,17,892,890,585,88,0,0,217,2,3
2017,2,4,18,1022,1017,623,109,1,1,283,5,3
2017,2,4,19,1264,1258,744,178,1,6,329,6,6
2017,2,5,12,6,6,5,0,0,0,1,0,0
2017,2,5,13,22,22,20,0,0,0,2,0,1
2017,2,5,14,108,106,87,1,0,0,18,2,2
2017,2,5,15,226,222,191,2,1,0,28,4,5
2017,2,5,16,461,452,329,19,0,0,104,9,5
2017,2,5,17,579,568,383,42,0,0,143,11,8
2017,2,5,18,713,700,405,82,0,0,213,13,10
2017,2,5,19,920,893,493,162,2,3,233,27,9
2017,3,0,10,2,2,2,0,0,0,0,0,0
2017,3,0,11,2,2,1,0,0,0,1,0,0
2017,3,0,12,55,55,49,0,0,0,6,0,1
2017,3,0,13,431,423,358,2,0,1,62,8,8
2017,3,0,14,1644,1620,1240,13,1,2,364,24,6
2017,3,0,15,3832,3772,2855,28,1,1,887,60,39
2017,3,0,16,6536,6436,4543,190,3,5,1695,100,67
2017,3,0,17,9284,9164,6092,593,5,11,2463,120,75
2017,3,0,18,10472,10321,6391,1009,4,26,2891,151,108
2017,3,0,19,12269,12093,7106,1615,5,29,3338,176,123
2017,3,1,11,1,1,0,0,0,0,1,0,0
2017,3,1,12,15,15,15,0,0,0,0,0,1
2017,3,1,13,70,67,52,0,0,0,15,3,3
2017,3,1,14,287,284,181,0,0,0,103,3,1
2017,3,1,15,570,563,387,8,0,0,168,7,7
2017,3,1,16,1000,983,558,24,0,1,400,17,16
2017,3,1,17,1354,1341,732,66,0,3,540,13,27
2017,3,1,18,1525,1507,756,88,0,6,657,18,37
2017,3,1,19,1596,1570,744,143,2,1,680,26,31
2017,3,2,10,1,1,1,0,0,0,0,0,0
2017,3,2,12,17,17,12,0,0,0,5,0,0
2017,3,2,13,169,164,126,1,0,1,36,5,2
2017,3,2,14,623,605,433,8,1,1,162,18,1
2017,3,2,15,1386,1351,913,7,0,1,430,35,18
2017,3,2,16,2268,2223,1407,64,3,3,746,45,29
2017,3,2,17,3088,3024,1742,196,4,4,1078,64,22
2017,3,2,18,3410,3321,1833,299,3,6,1180,89,42
2017,3,2,19,3776,3693,1933,443,3,8,1306,83,50
2017,3,3,10,1,1,1,0,0,0,0,0,0
2017,3,3,11,1,1,1,0,0,0,0,0,0
2017,3,3,12,7,7,6,0,0,0,1,0,0
2017,3,3,13,119,119,114,1,0,0,4,0,1
2017,3,3,14,456,454,404,2,0,1,47,2,3
2017,3,3,15,1208,1193,1049,6,0,0,138,15,6
2017,3,3,16,2106,2086,1764,60,0,0,262,20,11
2017,3,3,17,3017,2989,2374,207,0,3,405,28,8
2017,3,3,18,3444,3425,2496,402,1,8,518,19,7
2017,3,3,19,4327,4285,2943,654,0,11,677,42,19
2017,3,4,12,8,8,8,0,0,0,0,0,0
2017,3,4,13,37,37,34,0,0,0,3,0,1
2017,3,4,14,142,142,105,2,0,0,35,0,0
2017,3,4,15,369,368,263,3,0,0,102,1,2
2017,3,4,16,690,683,482,29,0,1,171,7,2
2017,3,4,17,1061,1060,746,65,1,1,247,1,4
2017,3,4,18,1214,1207,764,120,0,3,320,7,5
2017,3,4,19,1497,1492,884,197,0,3,408,5,10
2017,3,5,12,8,8,8,0,0,0,0,0,0
2017,3,5,13,36,36,32,0,0,0,4,0,1
2017,3,5,14,136,135,117,1,0,0,17,1,1
2017,3,5,15,299,297,243,4,1,0,49,2,6
2017,3,5,16,472,461,332,13,0,0,116,11,9
2017,3,5,17,764,750,498,59,0,0,193,14,14
2017,3,5,18,879,861,542,100,0,3,216,18,17
2017,3,5,19,1073,1053,602,178,0,6,267,20,13
2017,4,0,11,5,5,5,0,0,0,0,0,0
2017,4,0,12,49,49,43,2,0,0,4,0,1
2017,4,0,13,365,358,283,3,0,0,72,7,7
2017,4,0,14,1606,1577,1229,12,0,2,334,29,24
2017,4,0,15,3735,3675,2750,29,1,0,895,60,54
2017,4,0,16,6164,6079,4308,154,1,9,1607,85,78
2017,4,0,17,8937,8813,5793,569,3,9,2439,124,131
2017,4,0,18,10030,9906,6188,971,3,13,2731,124,108
2017,4,0,19,11687,11568,6844,1477,8,18,3221,119,128
2017,4,1,11,3,3,3,0,0,0,0,0,0
2017,4,1,12,13,13,12,0,0,0,1,0,0
2017,4,1,13,60,60,39,0,0,0,21,0,1
2017,4,1,14,258,254,189,2,0,1,62,4,3
2017,4,1,15,658,654,420,5,0,0,229,4,9
2017,4,1,16,983,973,583,21,0,2,367,10,21
2017,4,1,17,1290,1279,683,69,0,3,524,11,32
2017,4,1,18,1444,1421,733,104,0,2,582,23,21
2017,4,1,19,1605,1592,786,126,0,2,678,13,34
2017,4,2,11,2,2,2,0,0,0,0,0,0
2017,4,2,12,13,13,9,1,0,0,3,0,0
2017,4,2,13,145,141,101,1,0,0,39,4,2
2017,4,2,14,637,619,431,6,0,1,181,18,12
2017,4,2,15,1391,1348,929,11,1,0,407,43,30
2017,4,2,16,2248,2195,1396,51,1,4,743,53,29
2017,4,2,17,3058,2980,1735,172,2,2,1069,78,59
2017,4,2,18,3250,3195,1804,301,2,3,1085,55,49
2017,4,2,19,3646,3585,1871,421,5,4,1284,61,51
2017,4,3,12,15,15,14,1,0,0,0,0,1
2017,4,3,13,86,85,79,0,0,0,6,1,0
2017,4,3,14,427,422,377,1,0,0,44,5,4
2017,4,3,15,1053,1045,926,5,0,0,114,8,8
2017,4,3,16,1880,1867,1574,55,0,1,237,13,14
2017,4,3,17,2939,2924,2296,225,1,3,399,15,16
2017,4,3,18,3360,3333,2427,351,1,7,547,27,18
2017,4,3,19,4104,4084,2816,596,1,8,663,20,19
2017,4,4,12,3,3,3,0,0,0,0,0,0
2017,4,4,13,36,35,33,1,0,0,1,1,0
2017,4,4,14,155,155,120,1,0,0,34,0,1
2017,4,4,15,348,347,247,3,0,0,97,1,2
2017,4,4,16,625,623,461,18,0,2,142,2,1
2017,4,4,17,941,934,614,54,0,1,265,7,4
2017,4,4,18,1163,1160,746,109,0,0,305,3,3
2017,4,4,19,1380,1375,824,202,1,3,345,5,9
2017,4,5,12,5,5,5,0,0,0,0,0,0
2017,4,5,13,38,37,31,1,0,0,5,1,4
2017,4,5,14,129,127,112,2,0,0,13,2,4
2017,4,5,15,285,281,228,5,0,0,48,4,5
2017,4,5,16,428,421,294,9,0,0,118,7,13
2017,4,5,17,709,696,465,49,0,0,182,13,20
2017,4,5,18,813,797,478,106,0,1,212,16,17
2017,4,5,19,952,932,547,132,1,1,251,20,15
2017,5,0,10,1,1,1,0,0,0,0,0,0
2017,5,0,11,8,8,8,0,0,0,0,0,1
2017,5,0,12,57,55,44,0,0,0,11,2,1
2017,5,0,13,353,343,283,1,0,1,58,10,1
2017,5,0,14,1545,1517,1206,11,0,0,300,28,21
2017,5,0,15,3871,3804,2918,29,0,1,856,67,45
2017,5,0,16,6573,6489,4531,201,1,3,1753,84,86
2017,5,0,17,9113,9026,6020,539,2,13,2452,87,104
2017,5,0,18,10627,10480,6542,1014,6,10,2908,147,123
2017,5,0,19,12232,12066,7228,1559,4,22,3253,166,131
2017,5,1,11,3,3,3,0,0,0,0,0,0
2017,5,1,12,12,12,10,0,0,0,2,0,0
2017,5,1,13,65,64,51,0,0,0,13,1,0
2017,5,1,14,286,282,212,1,0,0,69,4,7
2017,5,1,15,645,637,418,5,0,0,214,8,19
2017,5,1,16,1021,1010,602,20,0,1,387,11,26
2017,5,1,17,1344,1331,746,50,0,3,532,13,34
2017,5,1,18,1584,1561,812,110,1,1,637,23,45
2017,5,1,19,1634,1620,796,147,1,3,673,14,38
2017,5,2,10,1,1,1,0,0,0,0,0,0
2017,5,2,11,4,4,4,0,0,0,0,0,0
2017,5,2,12,28,26,21,0,0,0,5,2,0
2017,5,2,13,160,154,118,1,0,1,34,6,0
2017,5,2,14,618,601,428,7,0,0,166,17,10
2017,5,2,15,1463,1430,1000,16,0,1,413,33,12
2017,5,2,16,2407,2356,1455,81,1,2,817,51,48
2017,5,2,17,3174,3124,1899,163,1,8,1053,50,39
2017,5,2,18,3472,3402,1898,313,2,4,1185,70,52
2017,5,2,19,3909,3813,2074,444,2,4,1289,96,60
2017,5,3,12,12,12,10,0,0,0,2,0,1
2017,5,3,13,81,81,74,0,0,0,7,0,0
2017,5,3,14,412,406,372,3,0,0,31,6,3
2017,5,3,15,1077,1062,949,4,0,0,109,15,8
2017,5,3,16,2026,2014,1646,67,0,0,301,12,7
2017,5,3,17,2938,2924,2300,204,0,0,420,14,20
2017,5,3,18,3523,3493,2551,369,2,3,568,30,14
2017,5,3,19,4208,4182,2875,604,1,11,691,26,20
2017,5,4,11,1,1,1,0,0,0,0,0,1
2017,5,4,12,1,1,1,0,0,0,0,0,0
2017,5,4,13,19,17,14,0,0,0,3,2,0
2017,5,4,14,115,115,97,0,0,0,18,0,0
2017,5,4,15,381,376,293,4,0,0,79,5,2
2017,5,4,16,647,645,461,19,0,0,165,2,0
2017,5,4,17,1020,1017,675,66,0,0,276,3,3
2017,5,4,18,1232,1225,776,127,1,1,320,7,3
2017,5,4,19,1445,1438,892,181,0,1,364,7,1
2017,5,5,12,4,4,2,0,0,0,2,0,0
2017,5,5,13,28,27,26,0,0,0,1,1,1
2017,5,5,14,114,113,97,0,0,0,16,1,1
2017,5,5,15,305,299,258,0,0,0,41,6,4
2017,5,5,16,472,464,367,14,0,0,83,8,5
2017,5,5,17,637,630,400,56,1,2,171,7,8
2017,5,5,18,816,799,505,95,0,1,198,17,9
2017,5,5,19,1036,1013,591,183,0,3,236,23,12
2017,6,0,11,5,5,4,0,0,0,1,0,1
2017,6,0,12,45,44,31,1,0,0,12,1,2
2017,6,0,13,415,408,336,0,0,0,72,7,3
2017,6,0,14,1447,1420,1116,9,0,1,294,27,21
2017,6,0,15,3611,3556,2737,36,1,1,781,55,56
2017,6,0,16,6138,6043,4245,178,7,3,1610,95,76
2017,6,0,17,8587,8477,5638,519,3,8,2309,110,94
2017,6,0,18,9866,9733,6057,920,9,12,2735,133,122
2017,6,0,19,11663,11479,6916,1406,9,18,3130,184,116
2017,6,1,11,2,2,2,0,0,0,0,0,0
2017,6,1,12,13,13,7,1,0,0,5,0,1
2017,6,1,13,87,86,71,0,0,0,15,1,0
2017,6,1,14,268,267,194,2,0,0,71,1,7
2017,6,1,15,619,610,401,2,1,0,206,9,17
2017,6,1,16,988,977,583,19,2,1,372,11,25
2017,6,1,17,1333,1318,730,56,0,1,531,15,27
2017,6,1,18,1385,1370,696,91,0,4,579,15,34
2017,6,1,19,1530,1516,752,118,2,1,643,14,26
2017,6,2,11,1,1,1,0,0,0,0,0,0
2017,6,2,12,18,18,13,0,0,0,5,0,1
2017,6,2,13,166,161,125,0,0,0,36,5,2
2017,6,2,14,595,574,418,3,0,1,152,21,10
2017,6,2,15,1322,1285,906,17,0,0,362,37,25
2017,6,2,16,2274,2218,1371,68,4,1,774,56,30
2017,6,2,17,2931,2868,1746,154,3,4,961,63,42
2017,6,2,18,3337,3256,1825,289,8,4,1130,81,49
2017,6,2,19,3751,3640,1984,397,5,6,1248,111,59
2017,6,3,11,1,1,1,0,0,0,0,0,0
2017,6,3,12,5,5,4,0,0,0,1,0,0
2017,6,3,13,94,93,82,0,0,0,11,1,0
2017,6,3,14,359,355,314,1,0,0,40,4,1
2017,6,3,15,1056,1052,924,8,0,1,119,4,6
2017,6,3,16,1797,1782,1516,49,1,1,215,15,11
2017,6,3,17,2680,2657,2051,187,0,1,418,23,8
2017,6,3,18,3297,3273,2415,317,1,2,538,24,13
2017,6,3,19,4038,4002,2747,564,2,8,681,36,16
2017,6,4,12,3,2,2,0,0,0,0,1,0
2017,6,4,13,31,31,27,0,0,0,4,0,0
2017,6,4,14,136,136,115,2,0,0,19,0,0
2017,6,4,15,359,356,282,5,0,0,69,3,0
2017,6,4,16,672,668,491,29,0,0,148,4,1
2017,6,4,17,973,970,666,73,0,1,230,3,1
2017,6,4,18,1092,1085,673,127,0,1,284,7,2
2017,6,4,19,1384,1373,850,176,0,1,346,11,0
2017,6,5,11,1,1,0,0,0,0,1,0,1
2017,6,5,12,6,6,5,0,0,0,1,0,0
2017,6,5,13,37,37,31,0,0,0,6,0,1
2017,6,5,14,89,88,75,1,0,0,12,1,3
2017,6,5,15,255,253,224,4,0,0,25,2,8
2017,6,5,16,407,398,284,13,0,0,101,9,9
2017,6,5,17,670,664,445,49,0,1,169,6,16
2017,6,5,18,755,749,448,96,0,1,204,6,24
2017,6,5,19,960,948,583,151,0,2,212,12,15
2017,7,0,11,10,10,8,1,0,0,1,0,0
2017,7,0,12,40,40,31,1,0,0,8,0,0
2017,7,0,13,407,404,336,1,0,0,67,3,6
2017,7,0,14,1466,1445,1113,11,0,1,320,21,26
2017,7,0,15,3548,3488,2668,35,0,0,785,60,44
2017,7,0,16,5927,5846,4110,176,1,7,1552,81,72
2017,7,0,17,8354,8251,5439,469,3,11,2329,103,86
2017,7,0,18,9681,9574,6113,877,6,9,2569,107,88
2017,7,0,19,11421,11279,6851,1390,7,17,3014,142,119
2017,7,1,11,4,4,4,0,0,0,0,0,0
2017,7,1,12,10,10,5,1,0,0,4,0,0
2017,7,1,13,87,86,76,0,0,0,10,1,2
2017,7,1,14,289,287,200,0,0,0,87,2,7
2017,7,1,15,627,612,401,6,0,0,205,15,12
2017,7,1,16,997,987,568,21,0,0,398,10,25
2017,7,1,17,1318,1301,706,52,2,1,540,17,21
2017,7,1,18,1401,1388,772,76,1,1,538,13,23
2017,7,1,19,1579,1556,765,123,0,3,665,23,30
2017,7,2,11,4,4,3,0,0,0,1,0,0
2017,7,2,12,19,19,16,0,0,0,3,0,0
2017,7,2,13,163,162,127,1,0,0,34,1,2
2017,7,2,14,596,580,412,9,0,1,158,16,13
2017,7,2,15,1265,1226,836,13,0,0,377,39,24
2017,7,2,16,2089,2040,1295,58,0,3,684,49,33
2017,7,2,17,2981,2924,1725,154,1,4,1040,57,44
2017,7,2,18,3108,3046,1721,237,2,1,1085,62,36
2017,7,2,19,3571,3499,1970,386,4,6,1133,72,50
2017,7,3,11,1,1,0,1,0,0,0,0,0
2017,7,3,12,7,7,6,0,0,0,1,0,0
2017,7,3,13,100,99,87,0,0,0,12,1,2
2017,7,3,14,355,353,315,0,0,0,38,2,1
2017,7,3,15,1024,1020,923,6,0,0,91,4,2
2017,7,3,16,1756,1739,1454,56,1,2,226,17,7
2017,7,3,17,2556,2537,1977,167,0,5,388,19,8
2017,7,3,18,3232,3214,2382,353,2,6,471,18,11
2017,7,3,19,3944,3916,2732,570,2,8,604,28,19
2017,7,4,11,1,1,1,0,0,0,0,0,0
2017,7,4,12,2,2,2,0,0,0,0,0,0
2017,7,4,13,23,23,20,0,0,0,3,0,0
2017,7,4,14,105,104,80,1,0,0,23,1,1
2017,7,4,15,328,328,258,8,0,0,62,0,0
2017,7,4,16,660,658,478,26,0,2,152,2,2
2017,7,4,17,902,899,634,53,0,0,212,3,1
2017,7,4,18,1165,1160,757,133,0,1,269,5,2
2017,7,4,19,1401,1393,872,168,1,0,352,8,4
2017,7,5,12,2,2,2,0,0,0,0,0,0
2017,7,5,13,34,34,26,0,0,0,8,0,0
2017,7,5,14,121,121,106,1,0,0,14,0,4
2017,7,5,15,304,302,250,2,0,0,50,2,6
2017,7,5,16,425,422,315,15,0,0,92,3,5
2017,7,5,17,597,590,397,43,0,1,149,7,12
2017,7,5,18,775,766,481,78,1,0,206,9,16
2017,7,5,19,926,915,512,143,0,0,260,11,16
2017,8,0,11,6,6,6,0,0,0,0,0,0
2017,8,0,12,54,53,44,0,0,0,9,1,0
2017,8,0,13,370,364,295,1,0,0,68,6,9
2017,8,0,14,1396,1370,1045,12,0,3,310,26,13
2017,8,0,15,3567,3518,2647,21,2,3,845,49,47
2017,8,0,16,5787,5708,4058,146,3,2,1499,79,66
2017,8,0,17,8227,8132,5468,457,5,5,2197,95,111
2017,8,0,18,9684,9564,6133,856,8,13,2554,120,114
2017,8,0,19,10934,10795,6573,1324,4,16,2878,139,120
2017,8,1,11,3,3,3,0,0,0,0,0,0
2017,8,1,12,14,14,11,0,0,0,3,0,0
2017,8,1,13,76,75,53,0,0,0,22,1,0
2017,8,1,14,275,271,187,2,0,1,81,4,1
2017,8,1,15,650,640,429,3,1,0,207,10,13
2017,8,1,16,984,969,606,19,0,1,343,15,12
2017,8,1,17,1290,1275,720,53,0,2,500,15,24
2017,8,1,18,1483,1461,756,85,2,2,616,22,25
2017,8,1,19,1482,1465,734,119,0,1,611,17,26
2017,8,2,11,1,1,1,0,0,0,0,0,0
2017,8,2,12,19,18,15,0,0,0,3,1,0
2017,8,2,13,149,145,109,0,0,0,36,4,8
2017,8,2,14,519,504,355,4,0,1,144,15,9
2017,8,2,15,1338,1305,887,8,1,2,407,33,22
2017,8,2,16,2121,2076,1315,43,2,1,715,45,39
2017,8,2,17,2911,2855,1735,134,2,1,983,56,70
2017,8,2,18,3220,3150,1822,275,4,5,1044,70,67
2017,8,2,19,3525,3449,1928,384,3,5,1129,76,64
2017,8,3,11,1,1,1,0,0,0,0,0,0
2017,8,3,12,10,10,10,0,0,0,0,0,0
2017,8,3,13,79,78,73,1,0,0,4,1,0
2017,8,3,14,366,360,308,3,0,1,48,6,3
2017,8,3,15,960,956,846,6,0,1,103,4,5
2017,8,3,16,1664,1655,1380,49,1,0,225,9,6
2017,8,3,17,2539,2525,1990,162,1,2,370,14,8
2017,8,3,18,3139,3119,2341,325,2,3,448,20,9
2017,8,3,19,3715,3688,2590,513,1,5,579,27,17
2017,8,4,12,6,6,6,0,0,0,0,0,0
2017,8,4,13,37,37,31,0,0,0,6,0,0
2017,8,4,14,131,130,105,1,0,0,24,1,0
2017,8,4,15,345,345,266,1,0,0,78,0,2
2017,8,4,16,572,571,429,20,0,0,122,1,2
2017,8,4,17,849,846,580,58,1,0,207,3,2
2017,8,4,18,1073,1071,739,86,0,1,245,2,6
2017,8,4,19,1281,1272,808,144,0,2,318,9,4
2017,8,5,11,1,1,1,0,0,0,0,0,0
2017,8,5,12,5,5,2,0,0,0,3,0,0
2017,8,5,13,29,29,29,0,0,0,0,0,1
2017,8,5,14,105,105,90,2,0,0,13,0,0
2017,8,5,15,274,272,219,3,0,0,50,2,5
2017,8,5,16,446,437,328,15,0,0,94,9,7
2017,8,5,17,638,631,443,50,1,0,137,7,7
2017,8,5,18,769,763,475,85,0,2,201,6,7
2017,8,5,19,931,921,513,164,0,3,241,10,9
2017,9,0,11,10,10,10,0,0,0,0,0,0
2017,9,0,12,54,54,47,2,0,0,5,0,0
2017,9,0,13,349,340,284,5,0,0,51,9,7
2017,9,0,14,1355,1328,1064,6,0,0,258,27,15
2017,9,0,15,3300,3246,2450,30,0,3,763,54,39
2017,9,0,16,5612,5547,3909,151,3,7,1477,65,78
2017,9,0,17,7879,7792,5263,441,5,4,2079,87,94
2017,9,0,18,9316,9181,5795,859,2,15,2510,135,120
2017,9,0,19,10862,10736,6452,1379,3,21,2881,126,120
2017,9,1,11,2,2,2,0,0,0,0,0,0
2017,9,1,12,13,13,11,0,0,0,2,0,0
2017,9,1,13,68,65,50,2,0,0,13,3,1
2017,9,1,14,291,286,209,4,0,0,73,5,5
2017,9,1,15,649,641,431,4,0,0,206,8,7
2017,9,1,16,1012,998,578,30,0,2,388,14,23
2017,9,1,17,1339,1326,755,59,2,0,510,13,21
2017,9,1,18,1463,1442,764,90,0,3,585,21,29
2017,9,1,19,1620,1607,808,150,0,4,645,13,23
2017,9,2,11,7,7,7,0,0,0,0,0,0
2017,9,2,12,22,22,18,2,0,0,2,0,0
2017,9,2,13,139,134,108,1,0,0,25,5,2
2017,9,2,14,502,484,361,1,0,0,122,18,7
2017,9,2,15,1223,1194,818,14,0,1,361,29,25
2017,9,2,16,1978,1944,1241,46,1,2,654,34,47
2017,9,2,17,2755,2707,1643,149,3,2,910,48,58
2017,9,2,18,3186,3101,1815,281,0,6,999,85,72
2017,9,2,19,3464,3392,1839,411,1,4,1137,72,70
2017,9,3,12,14,14,13,0,0,0,1,0,0
2017,9,3,13,87,87,82,2,0,0,3,0,1
2017,9,3,14,331,329,304,0,0,0,25,2,1
2017,9,3,15,895,885,785,7,0,2,91,10,5
2017,9,3,16,1641,1632,1368,41,1,1,221,9,4
2017,9,3,17,2341,2327,1840,137,0,1,349,14,12
2017,9,3,18,2907,2891,2109,304,2,4,472,16,14
2017,9,3,19,3676,3647,2541,526,1,7,572,29,19
2017,9,4,12,1,1,1,0,0,0,0,0,0
2017,9,4,13,28,27,22,0,0,0,5,1,0
2017,9,4,14,125,125,102,0,0,0,23,0,0
2017,9,4,15,295,291,232,1,0,0,58,4,1
2017,9,4,16,559,556,416,22,1,1,116,3,1
2017,9,4,17,811,809,582,56,0,1,170,2,2
2017,9,4,18,1033,1026,657,109,0,0,260,7,3
2017,9,4,19,1236,1233,757,169,0,2,305,3,2
2017,9,5,11,1,1,1,0,0,0,0,0,0
2017,9,5,12,4,4,4,0,0,0,0,0,0
2017,9,5,13,27,27,22,0,0,0,5,0,3
2017,9,5,14,106,104,88,1,0,0,15,2,2
2017,9,5,15,238,235,184,4,0,0,47,3,1
2017,9,5,16,422,417,306,12,0,1,98,5,3
2017,9,5,17,633,623,443,40,0,0,140,10,1
2017,9,5,18,727,721,450,75,0,2,194,6,2
2017,9,5,19,866,857,507,123,1,4,222,9,6
2017,10,0,10,1,1,1,0,0,0,0,0,0
2017,10,0,11,4,4,3,0,0,0,1,0,0
2017,10,0,12,68,66,55,0,0,0,11,2,1
2017,10,0,13,328,322,259,2,0,0,61,6,5
2017,10,0,14,1324,1300,1035,9,0,1,255,24,19
2017,10,0,15,3201,3135,2372,27,2,0,734,66,44
2017,10,0,16,5405,5335,3764,161,3,1,1406,70,82
2017,10,0,17,7653,7546,5049,451,3,6,2037,107,93
2017,10,0,18,9219,9097,5678,848,7,12,2552,122,125
2017,10,0,19,10645,10514,6355,1342,3,21,2793,131,136
2017,10,1,11,2,2,1,0,0,0,1,0,0
2017,10,1,12,20,18,13,0,0,0,5,2,0
2017,10,1,13,76,75,61,1,0,0,13,1,1
2017,10,1,14,252,248,179,3,0,0,66,4,5
2017,10,1,15,619,612,420,6,0,0,186,7,8
2017,10,1,16,983,969,598,13,0,0,358,14,16
2017,10,1,17,1274,1258,712,50,2,2,492,16,16
2017,10,1,18,1485,1469,737,93,2,1,636,16,30
2017,10,1,19,1636,1619,800,146,1,2,670,17,35
2017,10,2,10,1,1,1,0,0,0,0,0,0
2017,10,2,11,1,1,1,0,0,0,0,0,0
2017,10,2,12,30,30,26,0,0,0,4,0,1
2017,10,2,13,122,119,84,1,0,0,34,3,2
2017,10,2,14,563,545,412,3,0,1,129,18,13
2017,10,2,15,1174,1136,776,14,2,0,344,38,26
2017,10,2,16,1986,1947,1254,55,2,0,636,39,53
2017,10,2,17,2800,2741,1669,150,1,2,919,59,63
2017,10,2,18,3105,3036,1720,255,2,3,1056,69,76
2017,10,2,19,3589,3507,1931,415,2,5,1154,82,78
2017,10,3,11,1,1,1,0,0,0,0,0,0
2017,10,3,12,7,7,6,0,0,0,1,0,0
2017,10,3,13,75,74,70,0,0,0,4,1,0
2017,10,3,14,313,312,287,1,0,0,24,1,0
2017,10,3,15,874,865,761,3,0,0,101,9,8
2017,10,3,16,1515,1505,1247,49,0,1,208,10,10
2017,10,3,17,2214,2194,1717,147,0,0,330,20,11
2017,10,3,18,2889,2869,2102,293,2,5,467,20,16
2017,10,3,19,3454,3433,2426,503,0,7,497,21,20
2017,10,4,12,6,6,6,0,0,0,0,0,0
2017,10,4,13,30,30,24,0,0,0,6,0,0
2017,10,4,14,97,97,73,0,0,0,24,0,0
2017,10,4,15,264,263,197,1,0,0,65,1,1
2017,10,4,16,499,496,355,21,1,0,119,3,0
2017,10,4,17,772,771,552,60,0,0,159,1,0
2017,10,4,18,1022,1018,668,121,1,3,225,4,0
2017,10,4,19,1110,1107,694,159,0,3,251,3,3
2017,10,5,12,5,5,4,0,0,0,1,0,0
2017,10,5,13,25,24,20,0,0,0,4,1,2
2017,10,5,14,99,98,84,2,0,0,12,1,1
2017,10,5,15,270,259,218,3,0,0,38,11,1
2017,10,5,16,422,418,310,23,0,0,85,4,3
2017,10,5,17,593,582,399,44,0,2,137,11,3
2017,10,5,18,718,705,451,86,0,0,168,13,3
2017,10,5,19,856,848,504,119,0,4,221,8,0
2017,11,0,10,1,0,0,0,0,0,0,1,0
2017,11,0,11,4,4,3,0,0,0,1,0,0
2017,11,0,12,51,48,40,0,0,0,8,3,5
2017,11,0,13,287,285,218,2,0,1,64,2,6
2017,11,0,14,1256,1235,971,12,0,0,252,21,22
2017,11,0,15,3138,3080,2341,25,2,1,711,58,56
2017,11,0,16,5207,5125,3605,134,0,7,1379,82,68
2017,11,0,17,7313,7231,4850,428,5,13,1935,82,90
2017,11,0,18,8908,8795,5563,837,8,14,2373,113,104
2017,11,0,19,10258,10118,6099,1310,11,15,2683,140,133
2017,11,1,10,1,0,0,0,0,0,0,1,0
2017,11,1,11,2,2,2,0,0,0,0,0,0
2017,11,1,12,14,13,11,0,0,0,2,1,3
2017,11,1,13,77,77,47,2,0,0,28,0,3
2017,11,1,14,250,245,171,3,0,0,71,5,5
2017,11,1,15,593,581,390,2,0,0,189,12,16
2017,11,1,16,879,869,520,9,0,0,340,10,20
2017,11,1,17,1212,1200,657,48,0,1,494,12,17
2017,11,1,18,1405,1393,715,94,0,1,583,12,25
2017,11,1,19,1539,1519,780,144,2,1,592,20,27
2017,11,2,11,1,1,0,0,0,0,1,0,0
2017,11,2,12,17,16,11,0,0,0,5,1,1
2017,11,2,13,109,107,81,0,0,0,26,2,3
2017,11,2,14,486,473,339,7,0,0,127,13,15
2017,11,2,15,1122,1091,748,15,2,1,325,31,32
2017,11,2,16,1915,1870,1176,52,0,4,638,45,42
2017,11,2,17,2577,2524,1537,145,3,8,831,53,55
2017,11,2,18,2920,2854,1636,241,4,5,968,66,57
2017,11,2,19,3232,3155,1739,352,4,4,1056,77,88
2017,11,3,12,13,13,12,0,0,0,1,0,1
2017,11,3,13,61,61,57,0,0,0,4,0,0
2017,11,3,14,317,315,289,2,0,0,24,2,2
2017,11,3,15,891,883,778,4,0,0,101,8,5
2017,11,3,16,1531,1518,1266,41,0,2,209,13,6
2017,11,3,17,2244,2235,1738,152,1,4,340,9,14
2017,11,3,18,2910,2885,2124,298,3,6,454,25,16
2017,11,3,19,3497,3466,2397,524,3,4,538,31,15
2017,11,4,12,1,1,1,0,0,0,0,0,0
2017,11,4,13,24,24,21,0,0,0,3,0,0
2017,11,4,14,110,110,90,0,0,0,20,0,0
2017,11,4,15,286,286,226,3,0,0,57,0,1
2017,11,4,16,477,470,347,17,0,0,106,7,0
2017,11,4,17,770,768,559,44,1,0,164,2,3
2017,11,4,18,956,951,627,119,1,0,204,5,2
2017,11,4,19,1131,1128,694,168,0,2,264,3,1
2017,11,5,11,1,1,1,0,0,0,0,0,0
2017,11,5,12,6,5,5,0,0,0,0,1,0
2017,11,5,13,16,16,12,0,0,1,3,0,0
2017,11,5,14,93,92,82,0,0,0,10,1,0
2017,11,5,15,246,239,199,1,0,0,39,7,2
2017,11,5,16,405,398,296,15,0,1,86,7,0
2017,11,5,17,510,504,359,39,0,0,106,6,1
2017,11,5,18,717,712,461,85,0,2,164,5,4
2017,11,5,19,859,850,489,122,2,4,233,9,2
2017,12,0,10,1,1,1,0,0,0,0,0,1
2017,12,0,11,6,6,5,1,0,0,0,0,0
2017,12,0,12,37,37,29,1,0,0,7,0,2
2017,12,0,13,320,318,278,0,0,0,40,2,2
2017,12,0,14,1351,1332,1038,9,0,0,285,19,17
2017,12,0,15,3108,3056,2320,16,0,0,720,52,46
2017,12,0,16,5321,5267,3700,184,0,6,1377,54,67
2017,12,0,17,7269,7180,4879,425,3,9,1864,89,84
2017,12,0,18,9062,8962,5646,819,5,14,2478,100,110
2017,12,0,19,10423,10272,6216,1259,6,27,2764,151,142
2017,12,1,10,1,1,1,0,0,0,0,0,1
2017,12,1,11,3,3,3,0,0,0,0,0,0
2017,12,1,12,9,9,5,0,0,0,4,0,1
2017,12,1,13,82,81,72,0,0,0,9,1,1
2017,12,1,14,286,284,203,3,0,0,78,2,3
2017,12,1,15,563,550,379,2,0,0,169,13,9
2017,12,1,16,884,876,527,24,0,1,324,8,25
2017,12,1,17,1152,1140,637,49,0,1,453,12,14
2017,12,1,18,1390,1381,707,87,0,0,587,9,24
2017,12,1,19,1507,1489,748,132,0,0,609,18,33
2017,12,2,11,1,1,1,0,0,0,0,0,0
2017,12,2,12,11,11,9,0,0,0,2,0,1
2017,12,2,13,113,113,92,0,0,0,21,0,1
2017,12,2,14,496,484,350,2,0,0,132,12,9
2017,12,2,15,1126,1102,769,9,0,0,324,24,25
2017,12,2,16,1938,1911,1191,65,0,2,653,27,35
2017,12,2,17,2522,2472,1520,154,2,3,793,50,58
2017,12,2,18,2999,2942,1677,249,5,8,1003,57,69
2017,12,2,19,3254,3168,1723,352,2,4,1087,86,87
2017,12,3,11,1,1,1,0,0,0,0,0,0
2017,12,3,12,7,7,6,1,0,0,0,0,0
2017,12,3,13,83,82,78,0,0,0,4,1,0
2017,12,3,14,350,346,300,2,0,0,44,4,3
2017,12,3,15,904,895,777,2,0,0,116,9,8
2017,12,3,16,1579,1569,1319,48,0,2,200,10,7
2017,12,3,17,2299,2280,1818,133,1,4,324,19,7
2017,12,3,18,2992,2966,2174,318,0,1,473,26,10
2017,12,3,19,3590,3559,2478,495,1,18,567,31,19
2017,12,4,12,2,2,2,0,0,0,0,0,0
2017,12,4,13,20,20,18,0,0,0,2,0,0
2017,12,4,14,111,111,98,1,0,0,12,0,0
2017,12,4,15,262,259,188,2,0,0,69,3,3
2017,12,4,16,506,503,378,29,0,0,96,3,0
2017,12,4,17,744,741,522,51,0,0,168,3,2
2017,12,4,18,997,993,666,91,0,2,234,4,3
2017,12,4,19,1241,1237,785,149,1,2,300,4,2
2017,12,5,11,1,1,0,1,0,0,0,0,0
2017,12,5,12,8,8,7,0,0,0,1,0,0
2017,12,5,13,22,22,18,0,0,0,4,0,0
2017,12,5,14,108,107,87,1,0,0,19,1,2
2017,12,5,15,253,250,207,1,0,0,42,3,1
2017,12,5,16,414,408,285,18,0,1,104,6,0
2017,12,5,17,552,547,382,38,0,1,126,5,3
2017,12,5,18,684,680,422,74,0,3,181,4,4
2017,12,5,19,831,819,482,131,2,3,201,12,1
2018,1,0,11,5,5,5,0,0,0,0,0,0
2018,1,0,12,47,45,35,0,0,0,10,2,1
2018,1,0,13,357,353,284,1,0,0,68,4,10
2018,1,0,14,1336,1321,1023,8,0,0,290,15,16
2018,1,0,15,3280,3232,2470,30,0,0,732,48,34
2018,1,0,16,5511,5442,3909,154,0,8,1371,69,65
2018,1,0,17,7798,7715,5339,417,4,13,1942,83,110
2018,1,0,18,9584,9461,6055,891,5,14,2496,123,114
2018,1,0,19,10884,10758,6543,1423,6,18,2768,126,108
2018,1,1,12,20,20,14,0,0,0,6,0,0
2018,1,1,13,81,80,65,0,0,0,15,1,2
2018,1,1,14,239,238,159,3,0,0,76,1,5
2018,1,1,15,598,586,387,5,0,0,194,12,5
2018,1,1,16,915,905,573,20,0,1,311,10,20
2018,1,1,17,1164,1150,666,46,0,1,437,14,24
2018,1,1,18,1380,1368,751,92,0,1,524,12,26
2018,1,1,19,1497,1487,755,148,0,1,583,10,24
2018,1,2,11,3,3,3,0,0,0,0,0,0
2018,1,2,12,15,14,11,0,0,0,3,1,1
2018,1,2,13,142,139,98,1,0,0,40,3,7
2018,1,2,14,505,493,352,3,0,0,138,12,10
2018,1,2,15,1148,1121,784,7,0,0,330,27,21
2018,1,2,16,1920,1879,1203,58,0,5,613,41,39
2018,1,2,17,2617,2570,1582,136,2,5,845,47,63
2018,1,2,18,3117,3040,1740,235,3,5,1057,77,68
2018,1,2,19,3433,3364,1872,376,4,4,1108,69,65
2018,1,3,11,2,2,2,0,0,0,0,0,0
2018,1,3,12,7,7,7,0,0,0,0,0,0
2018,1,3,13,78,78,74,0,0,0,4,0,1
2018,1,3,14,371,370,330,0,0,0,40,1,1
2018,1,3,15,1022,1016,883,13,0,0,120,6,7
2018,1,3,16,1696,1687,1415,51,0,1,220,9,6
2018,1,3,17,2587,2573,2055,153,0,5,360,14,20
2018,1,3,18,3257,3233,2370,363,2,5,493,24,16
2018,1,3,19,3812,3781,2604,579,2,8,588,31,17
2018,1,4,12,4,4,3,0,0,0,1,0,0
2018,1,4,13,28,28,24,0,0,0,4,0,0
2018,1,4,14,108,108,85,1,0,0,22,0,0
2018,1,4,15,303,302,235,4,0,0,63,1,0
2018,1,4,16,552,547,403,15,0,1,128,5,0
2018,1,4,17,833,829,589,51,0,0,189,4,2
2018,1,4,18,1120,1117,760,115,0,0,242,3,0
2018,1,4,19,1320,1309,835,199,0,3,272,11,2
2018,1,5,12,1,0,0,0,0,0,0,1,0
2018,1,5,13,28,28,23,0,0,0,5,0,0
2018,1,5,14,113,112,97,1,0,0,14,1,0
2018,1,5,15,209,207,181,1,0,0,25,2,1
2018,1,5,16,428,424,315,10,0,0,99,4,0
2018,1,5,17,597,593,447,31,2,2,111,4,1
2018,1,5,18,710,703,434,86,0,3,180,7,4
2018,1,5,19,822,817,477,121,0,2,217,5,0
2018,2,0,11,7,7,6,0,0,0,1,0,0
2018,2,0,12,37,36,29,1,0,0,6,1,1
2018,2,0,13,290,286,223,2,0,0,61,4,3
2018,2,0,14,1268,1252,977,12,0,0,263,16,14
2018,2,0,15,3057,3004,2280,26,2,0,696,53,23
2018,2,0,16,5223,5156,3655,159,0,0,1342,67,42
2018,2,0,17,7051,6957,4727,380,5,6,1839,94,58
2018,2,0,18,8679,8576,5495,789,3,16,2273,103,67
2018,2,0,19,9734,9608,5888,1212,5,14,2489,126,79
2018,2,1,11,3,3,3,0,0,0,0,0,0
2018,2,1,12,11,11,9,0,0,0,2,0,0
2018,2,1,13,62,61,44,1,0,0,16,1,3
2018,2,1,14,235,233,159,2,0,0,72,2,4
2018,2,1,15,511,503,322,5,0,0,176,8,10
2018,2,1,16,858,847,498,15,0,0,334,11,11
2018,2,1,17,1092,1082,618,47,0,1,416,10,17
2018,2,1,18,1251,1236,696,79,0,2,459,15,27
2018,2,1,19,1286,1275,658,101,0,2,514,11,20
2018,2,2,11,2,2,1,0,0,0,1,0,0
2018,2,2,12,19,18,14,1,0,0,3,1,1
2018,2,2,13,118,117,81,0,0,0,36,1,0
2018,2,2,14,474,465,337,3,0,0,125,9,3
2018,2,2,15,1117,1090,781,8,2,0,299,27,8
2018,2,2,16,1844,1808,1169,57,0,0,582,36,21
2018,2,2,17,2351,2304,1421,118,2,2,761,47,28
2018,2,2,18,2800,2740,1635,205,2,9,889,60,23
2018,2,2,19,3058,2978,1689,324,2,1,962,80,41
2018,2,3,11,1,1,1,0,0,0,0,0,0
2018,2,3,12,1,1,1,0,0,0,0,0,0
2018,2,3,13,79,79,75,1,0,0,3,0,0
2018,2,3,14,353,349,311,2,0,0,36,4,4
2018,2,3,15,901,892,783,7,0,0,102,9,4
2018,2,3,16,1600,1587,1329,54,0,0,204,13,6
2018,2,3,17,2358,2333,1840,142,1,3,347,25,11
2018,2,3,18,2968,2947,2147,315,1,1,483,21,13
2018,2,3,19,3425,3405,2358,504,1,7,535,20,15
2018,2,4,12,3,3,2,0,0,0,1,0,0
2018,2,4,13,13,11,9,0,0,0,2,2,0
2018,2,4,14,105,105,87,0,0,0,18,0,0
2018,2,4,15,296,289,216,5,0,0,68,7,0
2018,2,4,16,496,493,365,20,0,0,108,3,2
2018,2,4,17,749,743,517,43,2,0,181,6,0
2018,2,4,18,971,966,619,109,0,1,237,5,1
2018,2,4,19,1157,1151,708,158,2,1,282,6,1
2018,2,5,11,1,1,1,0,0,0,0,0,0
2018,2,5,12,3,3,3,0,0,0,0,0,0
2018,2,5,13,18,18,14,0,0,0,4,0,0
2018,2,5,14,101,100,83,5,0,0,12,1,3
2018,2,5,15,232,230,178,1,0,0,51,2,1
2018,2,5,16,425,421,294,13,0,0,114,4,2
2018,2,5,17,501,495,331,30,0,0,134,6,2
2018,2,5,18,689,687,398,81,0,3,205,2,3
2018,2,5,19,808,799,475,125,0,3,196,9,2
2018,3,0,11,3,3,3,0,0,0,0,0,0
2018,3,0,12,60,58,46,1,0,0,11,2,2
2018,3,0,13,355,351,284,3,0,0,64,4,7
2018,3,0,14,1459,1441,1177,10,0,0,254,18,17
2018,3,0,15,3431,3380,2585,20,2,3,770,51,33
2018,3,0,16,5869,5790,4171,162,1,5,1451,79,59
2018,3,0,17,7969,7868,5369,456,2,4,2037,101,60
2018,3,0,18,10097,9989,6466,882,4,12,2625,108,79
2018,3,0,19,11411,11247,6970,1431,9,17,2820,164,107
2018,3,1,11,1,1,1,0,0,0,0,0,0
2018,3,1,12,15,15,13,0,0,0,2,0,1
2018,3,1,13,60,60,50,0,0,0,10,0,0
2018,3,1,14,279,275,204,3,0,0,68,4,4
2018,3,1,15,573,569,357,0,0,0,212,4,9
2018,3,1,16,924,909,552,14,0,0,343,15,20
2018,3,1,17,1150,1139,636,53,0,0,450,11,18
2018,3,1,18,1472,1456,803,83,1,2,567,16,31
2018,3,1,19,1459,1440,776,117,3,1,543,19,26
2018,3,2,11,1,1,1,0,0,0,0,0,0
2018,3,2,12,24,23,17,0,0,0,6,1,0
2018,3,2,13,146,142,105,1,0,0,36,4,3
2018,3,2,14,551,540,419,3,0,0,118,11,7
2018,3,2,15,1257,1225,883,4,2,2,334,32,16
2018,3,2,16,2097,2053,1366,63,0,0,624,44,22
2018,3,2,17,2741,2689,1702,140,1,1,845,52,28
2018,3,2,18,3328,3268,1950,261,1,5,1051,60,26
2018,3,2,19,3692,3596,2043,432,4,5,1112,96,54
2018,3,3,12,10,9,8,1,0,0,0,1,0
2018,3,3,13,89,89,84,0,0,0,5,0,1
2018,3,3,14,391,390,362,0,0,0,28,1,4
2018,3,3,15,1004,997,871,10,0,1,115,7,7
2018,3,3,16,1819,1807,1505,57,0,4,241,12,16
2018,3,3,17,2583,2561,2009,171,1,2,378,22,10
2018,3,3,18,3348,3327,2438,343,1,2,543,21,14
2018,3,3,19,4016,3991,2811,568,2,6,604,25,17
2018,3,4,11,1,1,1,0,0,0,0,0,0
2018,3,4,12,4,4,3,0,0,0,1,0,0
2018,3,4,13,27,27,23,0,0,0,4,0,0
2018,3,4,14,120,119,95,1,0,0,23,1,0
2018,3,4,15,322,318,251,3,0,0,64,4,1
2018,3,4,16,531,528,389,13,1,1,124,3,0
2018,3,4,17,860,852,610,46,0,0,196,8,1
2018,3,4,18,1129,1125,749,111,0,2,263,4,4
2018,3,4,19,1296,1285,800,182,0,2,301,11,4
2018,3,5,12,7,7,5,0,0,0,2,0,1
2018,3,5,13,33,33,22,2,0,0,9,0,3
2018,3,5,14,118,117,97,3,0,0,17,1,2
2018,3,5,15,275,271,223,3,0,0,45,4,0
2018,3,5,16,498,493,359,15,0,0,119,5,1
2018,3,5,17,635,627,412,46,0,1,168,8,3
2018,3,5,18,820,813,526,84,1,1,201,7,4
2018,3,5,19,948,935,540,132,0,3,260,13,6
2018,4,0,11,6,5,4,0,0,0,1,1,1
2018,4,0,12,47,47,40,0,0,0,7,0,0
2018,4,0,13,370,362,309,2,0,0,51,8,5
2018,4,0,14,1522,1497,1179,7,0,0,311,25,21
2018,4,0,15,3469,3410,2605,30,0,5,770,59,51
2018,4,0,16,5913,5842,4175,170,2,6,1489,71,53
2018,4,0,17,8051,7925,5450,444,2,7,2022,126,84
2018,4,0,18,10242,10128,6597,841,4,12,2674,114,98
2018,4,0,19,11260,11111,6811,1389,4,22,2885,149,100
2018,4,1,11,1,1,0,0,0,0,1,0,0
2018,4,1,12,12,12,10,0,0,0,2,0,0
2018,4,1,13,75,73,57,0,0,0,16,2,1
2018,4,1,14,277,275,190,3,0,0,82,2,6
2018,4,1,15,626,618,408,5,0,1,204,8,11
2018,4,1,16,1013,1006,609,27,2,1,367,7,14
2018,4,1,17,1235,1220,715,41,0,0,464,15,16
2018,4,1,18,1512,1499,816,91,0,1,591,13,21
2018,4,1,19,1597,1583,828,129,1,2,623,14,21
2018,4,2,11,4,3,3,0,0,0,0,1,1
2018,4,2,12,17,17,12,0,0,0,5,0,0
2018,4,2,13,143,140,116,2,0,0,22,3,3
2018,4,2,14,578,562,423,1,0,0,138,16,11
2018,4,2,15,1293,1259,908,12,0,3,336,34,30
2018,4,2,16,2177,2131,1421,66,0,4,640,46,30
2018,4,2,17,2798,2718,1726,148,1,3,840,80,49
2018,4,2,18,3357,3288,1989,256,3,5,1035,69,50
2018,4,2,19,3571,3488,1982,416,1,9,1080,83,56
2018,4,3,11,1,1,1,0,0,0,0,0,0
2018,4,3,12,9,9,9,0,0,0,0,0,0
2018,4,3,13,94,92,86,0,0,0,6,2,1
2018,4,3,14,421,416,370,1,0,0,45,5,0
2018,4,3,15,978,968,853,5,0,1,109,10,7
2018,4,3,16,1684,1670,1405,41,0,0,224,14,6
2018,4,3,17,2508,2488,1965,149,1,3,370,20,10
2018,4,3,18,3389,3366,2482,324,0,5,555,23,19
2018,4,3,19,3805,3773,2611,544,1,7,610,32,18
2018,4,4,12,3,3,3,0,0,0,0,0,0
2018,4,4,13,27,27,24,0,0,0,3,0,0
2018,4,4,14,117,116,95,0,0,0,21,1,1
2018,4,4,15,319,317,242,3,0,0,72,2,2
2018,4,4,16,593,592,421,25,0,0,146,1,1
2018,4,4,17,835,829,573,59,0,0,197,6,3
2018,4,4,18,1174,1171,791,102,1,0,277,3,1
2018,4,4,19,1346,1338,838,167,0,0,333,8,1
2018,4,5,12,6,6,6,0,0,0,0,0,0
2018,4,5,13,31,30,26,0,0,0,4,1,0
2018,4,5,14,129,128,101,2,0,0,25,1,3
2018,4,5,15,253,248,194,5,0,0,49,5,1
2018,4,5,16,446,443,319,11,0,1,112,3,2
2018,4,5,17,675,670,471,47,0,1,151,5,6
2018,4,5,18,810,804,519,68,0,1,216,6,7
2018,4,5,19,941,929,552,133,1,4,239,12,4
2018,5,0,11,8,8,6,2,0,0,0,0,1
2018,5,0,12,71,70,60,0,0,0,10,1,2
2018,5,0,13,409,400,328,4,0,0,68,9,10
2018,5,0,14,1460,1432,1108,8,1,0,315,28,17
2018,5,0,15,3540,3484,2706,23,1,0,754,56,45
2018,5,0,16,5973,5894,4219,142,0,7,1526,79,57
2018,5,0,17,8240,8130,5643,441,6,3,2037,110,94
2018,5,0,18,10089,9954,6413,850,7,14,2670,135,92
2018,5,0,19,11894,11729,7264,1487,4,26,2948,165,95
2018,5,1,11,3,3,3,0,0,0,0,0,0
2018,5,1,12,23,23,20,0,0,0,3,0,2
2018,5,1,13,81,81,55,1,0,0,25,0,2
2018,5,1,14,281,279,184,1,1,0,93,2,3
2018,5,1,15,604,598,403,9,0,0,186,6,10
2018,5,1,16,989,981,584,19,0,0,378,8,12
2018,5,1,17,1244,1231,691,44,2,1,493,13,14
2018,5,1,18,1521,1501,829,76,0,1,595,20,13
2018,5,1,19,1579,1569,819,147,2,1,600,10,15
2018,5,2,11,1,1,1,0,0,0,0,0,0
2018,5,2,12,26,25,18,0,0,0,7,1,0
2018,5,2,13,166,160,132,1,0,0,27,6,5
2018,5,2,14,579,561,410,5,0,0,146,18,11
2018,5,2,15,1378,1342,985,6,1,0,350,36,20
2018,5,2,16,2173,2124,1424,54,0,2,644,49,33
2018,5,2,17,2998,2929,1925,156,4,0,844,69,60
2018,5,2,18,3398,3320,2014,248,3,4,1051,78,53
2018,5,2,19,3818,3718,2141,447,1,12,1117,100,58
2018,5,3,11,1,1,1,0,0,0,0,0,0
2018,5,3,12,14,14,14,0,0,0,0,0,0
2018,5,3,13,93,92,87,0,0,0,5,1,0
2018,5,3,14,375,370,327,1,0,0,42,5,3
2018,5,3,15,940,931,821,2,0,0,108,9,12
2018,5,3,16,1781,1769,1470,41,0,1,257,12,6
2018,5,3,17,2556,2537,2015,152,0,1,369,19,16
2018,5,3,18,3206,3183,2310,339,3,5,526,23,18
2018,5,3,19,4134,4109,2861,577,0,7,664,25,19
2018,5,4,12,4,4,4,0,0,0,0,0,0
2018,5,4,13,36,35,28,1,0,0,6,1,0
2018,5,4,14,120,119,95,0,0,0,24,1,0
2018,5,4,15,334,332,271,2,0,0,59,2,1
2018,5,4,16,559,558,398,19,0,1,140,1,2
2018,5,4,17,834,832,580,52,0,0,200,2,3
2018,5,4,18,1120,1116,722,111,1,3,279,4,3
2018,5,4,19,1398,1388,856,186,0,5,341,10,2
2018,5,5,11,3,3,1,2,0,0,0,0,1
2018,5,5,12,4,4,4,0,0,0,0,0,0
2018,5,5,13,33,32,26,1,0,0,5,1,3
2018,5,5,14,105,103,92,1,0,0,10,2,0
2018,5,5,15,284,281,226,4,0,0,51,3,2
2018,5,5,16,471,462,343,9,0,3,107,9,4
2018,5,5,17,608,601,432,37,0,1,131,7,1
2018,5,5,18,844,834,538,76,0,1,219,10,5
2018,5,5,19,965,945,587,130,1,1,226,20,1
2018,6,0,11,12,12,8,0,0,0,4,0,0
2018,6,0,12,52,51,46,1,0,0,4,1,1
2018,6,0,13,342,334,267,2,0,0,65,8,7
2018,6,0,14,1419,1394,1089,15,0,1,289,25,19
2018,6,0,15,3358,3318,2535,22,0,1,760,40,52
2018,6,0,16,5529,5442,3944,137,2,5,1354,87,80
2018,6,0,17,7514,7408,5098,420,3,5,1882,106,99
2018,6,0,18,9702,9560,6249,849,3,10,2449,142,125
2018,6,0,19,10716,10576,6588,1281,9,24,2674,140,122
2018,6,1,11,5,5,3,0,0,0,2,0,0
2018,6,1,12,18,17,13,1,0,0,3,1,1
2018,6,1,13,83,82,67,0,0,0,15,1,2
2018,6,1,14,292,289,201,4,0,0,84,3,4
2018,6,1,15,584,576,374,4,0,0,198,8,7
2018,6,1,16,939,928,563,14,1,1,349,11,8
2018,6,1,17,1205,1190,682,43,2,0,463,15,14
2018,6,1,18,1464,1445,772,104,0,1,568,19,16
2018,6,1,19,1472,1461,745,123,0,5,588,11,14
2018,6,2,11,4,4,3,0,0,0,1,0,0
2018,6,2,12,17,17,16,0,0,0,1,0,0
2018,6,2,13,140,136,97,0,0,0,39,4,3
2018,6,2,14,563,543,396,7,0,1,139,20,13
2018,6,2,15,1229,1209,856,9,0,1,343,20,39
2018,6,2,16,2018,1970,1345,49,1,2,573,48,54
2018,6,2,17,2634,2567,1660,126,0,3,778,67,63
2018,6,2,18,3355,3266,1979,260,2,2,1023,89,85
2018,6,2,19,3434,3346,1945,382,7,6,1006,88,89
2018,6,3,11,1,1,0,0,0,0,1,0,0
2018,6,3,12,12,12,12,0,0,0,0,0,0
2018,6,3,13,71,71,67,0,0,0,4,0,0
2018,6,3,14,360,360,330,2,0,0,28,0,2
2018,6,3,15,946,938,828,5,0,0,105,8,2
2018,6,3,16,1566,1549,1301,49,0,1,198,17,10
2018,6,3,17,2318,2307,1823,168,1,1,314,11,14
2018,6,3,18,3119,3098,2338,322,1,2,435,21,19
2018,6,3,19,3714,3692,2581,508,0,6,597,22,10
2018,6,4,12,2,2,2,0,0,0,0,0,0
2018,6,4,13,22,21,17,0,0,0,4,1,0
2018,6,4,14,108,108,83,1,0,0,24,0,0
2018,6,4,15,330,329,261,4,0,0,64,1,1
2018,6,4,16,561,558,403,17,0,1,137,3,2
2018,6,4,17,794,788,542,45,0,0,201,6,2
2018,6,4,18,1053,1050,699,97,0,2,252,3,2
2018,6,4,19,1242,1239,785,162,1,3,288,3,3
2018,6,5,11,2,2,2,0,0,0,0,0,0
2018,6,5,12,3,3,3,0,0,0,0,0,0
2018,6,5,13,26,24,19,2,0,0,3,2,2
2018,6,5,14,96,94,79,1,0,0,14,2,0
2018,6,5,15,269,266,216,0,0,0,50,3,3
2018,6,5,16,445,437,332,8,0,0,97,8,6
2018,6,5,17,563,556,391,38,0,1,126,7,6
2018,6,5,18,711,701,461,66,0,3,171,10,3
2018,6,5,19,854,838,532,106,1,4,195,16,6
2018,7,0,11,8,7,5,0,0,0,2,1,1
2018,7,0,12,47,46,37,1,0,0,8,1,1
2018,7,0,13,355,348,287,1,1,0,59,7,4
2018,7,0,14,1429,1409,1119,2,1,1,286,20,13
2018,7,0,15,3298,3261,2495,25,1,0,740,37,29
2018,7,0,16,5699,5633,4060,135,3,4,1431,66,49
2018,7,0,17,7482,7393,5156,394,1,10,1832,89,86
2018,7,0,18,9537,9414,6156,794,5,7,2452,123,101
2018,7,0,19,10809,10700,6601,1298,5,23,2773,109,100
2018,7,1,11,6,6,4,0,0,0,2,0,0
2018,7,1,12,20,19,16,1,0,0,2,1,0
2018,7,1,13,72,72,59,0,0,0,13,0,2
2018,7,1,14,295,293,208,0,0,1,84,2,1
2018,7,1,15,628,623,408,4,0,0,211,5,5
2018,7,1,16,976,965,576,15,2,0,372,11,10
2018,7,1,17,1277,1262,743,43,0,2,474,15,19
2018,7,1,18,1491,1470,824,76,0,0,570,21,22
2018,7,1,19,1563,1554,807,117,3,2,625,9,13
2018,7,2,11,1,0,0,0,0,0,0,1,1
2018,7,2,12,16,16,12,0,0,0,4,0,0
2018,7,2,13,154,148,113,1,1,0,33,6,2
2018,7,2,14,551,538,397,0,1,0,140,13,9
2018,7,2,15,1252,1228,891,14,1,0,322,24,15
2018,7,2,16,2088,2051,1370,54,0,3,624,37,26
2018,7,2,17,2643,2589,1682,139,1,2,765,54,47
2018,7,2,18,3266,3191,1944,251,2,3,991,75,62
2018,7,2,19,3424,3359,1945,352,2,5,1055,65,68
2018,7,3,12,5,5,5,0,0,0,0,0,0
2018,7,3,13,81,81,74,0,0,0,7,0,0
2018,7,3,14,368,365,335,1,0,0,29,3,2
2018,7,3,15,867,861,753,5,0,0,103,6,8
2018,7,3,16,1623,1613,1364,43,0,0,206,10,7
2018,7,3,17,2250,2239,1814,131,0,4,290,11,15
2018,7,3,18,2996,2979,2219,283,2,2,473,17,15
2018,7,3,19,3606,3587,2465,534,0,11,577,19,12
2018,7,4,11,1,1,1,0,0,0,0,0,0
2018,7,4,12,1,1,1,0,0,0,0,0,0
2018,7,4,13,20,19,16,0,0,0,3,1,0
2018,7,4,14,119,117,92,1,0,0,24,2,0
2018,7,4,15,322,322,251,2,0,0,69,0,0
2018,7,4,16,581,578,435,14,0,1,128,3,0
2018,7,4,17,748,745,516,40,0,0,189,3,1
2018,7,4,18,1075,1071,699,108,1,1,262,4,1
2018,7,4,19,1285,1282,824,155,0,1,302,3,1
2018,7,5,12,5,5,3,0,0,0,2,0,1
2018,7,5,13,28,28,25,0,0,0,3,0,0
2018,7,5,14,96,96,87,0,0,0,9,0,1
2018,7,5,15,229,227,192,0,0,0,35,2,1
2018,7,5,16,431,426,315,9,1,0,101,5,6
2018,7,5,17,564,558,401,41,0,2,114,6,4
2018,7,5,18,709,703,470,76,0,1,156,6,1
2018,7,5,19,931,918,560,140,0,4,214,13,6
2018,8,0,10,1,1,1,0,0,0,0,0,0
2018,8,0,11,8,8,7,1,0,0,0,0,1
2018,8,0,12,52,52,46,0,0,0,6,0,1
2018,8,0,13,330,329,277,3,0,0,49,1,4
2018,8,0,14,1387,1358,1074,11,0,0,273,29,18
2018,8,0,15,3398,3352,2577,22,0,2,751,46,49
2018,8,0,16,5534,5456,3939,132,3,4,1378,78,47
2018,8,0,17,7362,7282,5054,400,2,3,1823,80,79
2018,8,0,18,9448,9330,5968,806,3,18,2535,118,91
2018,8,0,19,10677,10525,6589,1239,8,15,2674,152,106
2018,8,1,11,1,1,1,0,0,0,0,0,0
2018,8,1,12,16,16,14,0,0,0,2,0,1
2018,8,1,13,77,77,64,0,0,0,13,0,0
2018,8,1,14,300,294,213,2,0,0,79,6,1
2018,8,1,15,632,628,410,6,0,0,212,4,8
2018,8,1,16,967,952,569,16,0,0,367,15,10
2018,8,1,17,1201,1187,685,53,1,0,448,14,11
2018,8,1,18,1487,1466,770,75,0,3,618,21,10
2018,8,1,19,1541,1524,807,126,0,1,590,17,18
2018,8,2,10,1,1,1,0,0,0,0,0,0
2018,8,2,11,5,5,4,1,0,0,0,0,1
2018,8,2,12,20,20,16,0,0,0,4,0,0
2018,8,2,13,153,152,123,1,0,0,28,1,3
2018,8,2,14,514,501,368,4,0,0,129,13,10
2018,8,2,15,1290,1260,893,9,0,2,356,30,33
2018,8,2,16,2021,1981,1324,50,2,2,603,40,29
2018,8,2,17,2588,2546,1639,133,1,3,770,42,53
2018,8,2,18,3221,3151,1849,251,2,7,1042,70,68
2018,8,2,19,3403,3319,1938,353,4,4,1020,84,68
2018,8,3,12,11,11,11,0,0,0,0,0,0
2018,8,3,13,55,55,51,1,0,0,3,0,0
2018,8,3,14,358,355,327,2,0,0,26,3,5
2018,8,3,15,922,914,828,4,0,0,82,8,4
2018,8,3,16,1557,1544,1317,36,0,0,191,13,5
2018,8,3,17,2198,2184,1769,121,0,0,294,14,9
2018,8,3,18,2966,2947,2180,307,1,6,453,19,9
2018,8,3,19,3558,3521,2473,494,2,7,545,37,11
2018,8,4,11,2,2,2,0,0,0,0,0,0
2018,8,4,13,19,19,19,0,0,0,0,0,0
2018,8,4,14,120,119,96,0,0,0,23,1,0
2018,8,4,15,299,297,238,1,0,0,58,2,0
2018,8,4,16,548,545,412,15,0,2,116,3,3
2018,8,4,17,762,761,516,50,0,0,195,1,2
2018,8,4,18,1008,1004,678,86,0,1,239,4,1
2018,8,4,19,1290,1284,802,154,1,0,327,6,2
2018,8,5,12,5,5,5,0,0,0,0,0,0
2018,8,5,13,26,26,20,1,0,0,5,0,1
2018,8,5,14,95,89,70,3,0,0,16,6,2
2018,8,5,15,255,253,208,2,0,0,43,2,4
2018,8,5,16,441,434,317,15,1,0,101,7,0
2018,8,5,17,613,604,445,43,0,0,116,9,4
2018,8,5,18,766,762,491,87,0,1,183,4,3
2018,8,5,19,885,877,569,112,1,3,192,8,7
2018,9,0,11,8,8,4,1,0,0,3,0,0
2018,9,0,12,49,49,40,0,0,0,9,0,0
2018,9,0,13,367,361,299,2,0,0,60,6,8
2018,9,0,14,1336,1316,1069,13,0,1,233,20,13
2018,9,0,15,3133,3081,2351,32,1,1,696,52,41
2018,9,0,16,5323,5259,3789,133,2,8,1327,64,73
2018,9,0,17,7129,7035,4877,376,5,4,1773,94,70
2018,9,0,18,9106,8995,5907,768,3,11,2306,111,84
2018,9,0,19,10391,10270,6508,1195,7,18,2542,121,89
2018,9,1,11,3,3,2,0,0,0,1,0,0
2018,9,1,12,19,19,14,0,0,0,5,0,0
2018,9,1,13,83,82,67,1,0,0,14,1,3
2018,9,1,14,264,260,201,4,0,0,55,4,1
2018,9,1,15,620,612,392,7,0,0,213,8,8
2018,9,1,16,1038,1032,663,21,0,3,345,6,9
2018,9,1,17,1284,1270,722,53,1,0,494,14,14
2018,9,1,18,1537,1520,839,89,1,1,590,17,13
2018,9,1,19,1564,1548,838,141,0,0,569,16,19
2018,9,2,11,5,5,2,1,0,0,2,0,0
2018,9,2,12,19,19,16,0,0,0,3,0,0
2018,9,2,13,171,166,128,0,0,0,38,5,5
2018,9,2,14,520,508,381,3,0,1,123,12,10
2018,9,2,15,1199,1164,841,10,1,1,311,35,23
2018,9,2,16,1942,1899,1267,45,0,3,584,43,42
2018,9,2,17,2509,2445,1574,129,2,3,737,64,38
2018,9,2,18,3054,2992,1865,239,1,3,884,62,49
2018,9,2,19,3310,3244,1933,335,4,9,963,66,40
2018,9,3,12,8,8,8,0,0,0,0,0,0
2018,9,3,13,57,57,53,0,0,0,4,0,0
2018,9,3,14,333,331,302,3,0,0,26,2,1
2018,9,3,15,787,781,694,8,0,0,79,6,6
2018,9,3,16,1478,1471,1209,45,0,0,217,7,15
2018,9,3,17,2057,2047,1683,110,2,1,251,10,9
2018,9,3,18,2735,2720,2015,262,1,2,440,15,8
2018,9,3,19,3504,3482,2474,465,0,9,534,22,14
2018,9,4,12,1,1,1,0,0,0,0,0,0
2018,9,4,13,28,28,25,0,0,0,3,0,0
2018,9,4,14,118,118,97,0,0,0,21,0,1
2018,9,4,15,266,266,199,2,0,0,65,0,2
2018,9,4,16,474,470,353,14,2,0,101,4,5
2018,9,4,17,726,723,497,39,0,0,187,3,5
2018,9,4,18,988,983,670,98,0,2,213,5,7
2018,9,4,19,1183,1175,740,147,1,0,287,8,9
2018,9,5,12,2,2,1,0,0,0,1,0,0
2018,9,5,13,28,28,26,1,0,0,1,0,0
2018,9,5,14,101,99,88,3,0,0,8,2,0
2018,9,5,15,261,258,225,5,0,0,28,3,2
2018,9,5,16,391,387,297,8,0,2,80,4,2
2018,9,5,17,553,550,401,45,0,0,104,3,4
2018,9,5,18,792,780,518,80,0,3,179,12,7
2018,9,5,19,830,821,523,107,2,0,189,9,7
2018,10,0,10,1,1,1,0,0,0,0,0,0
2018,10,0,11,12,12,12,0,0,0,0,0,1
2018,10,0,12,48,48,40,0,0,0,8,0,2
2018,10,0,13,348,340,276,1,0,0,63,8,9
2018,10,0,14,1329,1314,1013,15,0,0,286,15,27
2018,10,0,15,3095,3051,2300,28,0,1,722,44,59
2018,10,0,16,5222,5158,3706,124,4,4,1320,64,74
2018,10,0,17,6943,6876,4724,365,1,5,1781,67,85
2018,10,0,18,8934,8835,5740,724,6,19,2346,99,95
2018,10,0,19,10517,10409,6442,1278,2,16,2671,108,120
2018,10,1,11,2,2,2,0,0,0,0,0,0
2018,10,1,12,16,16,13,0,0,0,3,0,1
2018,10,1,13,77,75,59,0,0,0,16,2,2
2018,10,1,14,286,283,190,6,0,0,87,3,3
2018,10,1,15,650,642,432,7,0,0,203,8,6
2018,10,1,16,1016,1006,612,18,1,1,374,10,10
2018,10,1,17,1249,1235,729,49,0,2,455,14,14
2018,10,1,18,1500,1488,848,100,0,2,538,12,16
2018,10,1,19,1621,1604,810,156,0,3,635,17,10
2018,10,2,11,4,4,4,0,0,0,0,0,1
2018,10,2,12,18,18,14,0,0,0,4,0,0
2018,10,2,13,146,141,109,0,0,0,32,5,6
2018,10,2,14,542,532,393,3,0,0,136,10,16
2018,10,2,15,1191,1163,826,11,0,0,326,28,42
2018,10,2,16,1966,1924,1294,46,3,2,579,42,51
2018,10,2,17,2444,2406,1522,120,0,1,763,38,48
2018,10,2,18,3134,3068,1848,237,1,7,975,66,60
2018,10,2,19,3469,3418,2021,360,0,2,1035,51,89
2018,10,3,11,2,2,2,0,0,0,0,0,0
2018,10,3,12,7,7,7,0,0,0,0,0,0
2018,10,3,13,77,76,66,1,0,0,9,1,1
2018,10,3,14,283,283,256,2,0,0,25,0,3
2018,10,3,15,740,735,645,3,0,1,86,5,5
2018,10,3,16,1382,1375,1171,41,0,0,163,7,8
2018,10,3,17,2048,2039,1647,114,1,0,277,9,15
2018,10,3,18,2674,2662,1953,246,2,6,455,12,11
2018,10,3,19,3316,3290,2311,466,2,5,506,26,9
2018,10,4,11,2,2,2,0,0,0,0,0,0
2018,10,4,12,2,2,2,0,0,0,0,0,0
2018,10,4,13,25,25,22,0,0,0,3,0,0
2018,10,4,14,109,109,90,1,0,0,18,0,0
2018,10,4,15,288,286,215,5,0,0,66,2,2
2018,10,4,16,473,472,334,13,0,0,125,1,3
2018,10,4,17,679,678,473,37,0,1,167,1,5
2018,10,4,18,907,906,609,74,1,1,221,1,5
2018,10,4,19,1227,1223,769,171,0,2,281,4,7
2018,10,5,10,1,1,1,0,0,0,0,0,0
2018,10,5,11,2,2,2,0,0,0,0,0,0
2018,10,5,12,5,5,4,0,0,0,1,0,1
2018,10,5,13,23,23,20,0,0,0,3,0,0
2018,10,5,14,109,107,84,3,0,0,20,2,5
2018,10,5,15,226,225,182,2,0,0,41,1,4
2018,10,5,16,385,381,295,6,0,1,79,4,2
2018,10,5,17,523,518,353,45,0,1,119,5,3
2018,10,5,18,719,711,482,67,2,3,157,8,3
2018,10,5,19,884,874,531,125,0,4,214,10,5
2018,11,0,10,1,1,1,0,0,0,0,0,0
2018,11,0,11,8,8,8,0,0,0,0,0,0
2018,11,0,12,30,29,24,0,0,0,5,1,0
2018,11,0,13,344,338,288,3,0,0,47,6,4
2018,11,0,14,1153,1139,916,8,0,0,215,14,15
2018,11,0,15,2966,2934,2288,24,1,0,621,32,36
2018,11,0,16,4879,4823,3465,118,2,7,1231,56,56
2018,11,0,17,6760,6676,4572,385,1,4,1714,84,81
2018,11,0,18,8414,8316,5499,675,4,8,2130,98,108
2018,11,0,19,10069,9947,6192,1178,6,27,2544,122,125
2018,11,1,10,1,1,1,0,0,0,0,0,0
2018,11,1,11,2,2,2,0,0,0,0,0,0
2018,11,1,12,7,7,6,0,0,0,1,0,0
2018,11,1,13,87,87,68,0,0,0,19,0,1
2018,11,1,14,232,230,173,0,0,0,57,2,3
2018,11,1,15,588,584,427,4,0,0,153,4,5
2018,11,1,16,950,944,589,17,0,0,338,6,11
2018,11,1,17,1216,1203,744,49,0,0,410,13,11
2018,11,1,18,1412,1401,777,86,0,0,538,11,18
2018,11,1,19,1562,1551,829,124,1,3,594,11,23
2018,11,2,11,3,3,3,0,0,0,0,0,0
2018,11,2,12,11,10,7,0,0,0,3,1,0
2018,11,2,13,133,129,106,1,0,0,22,4,3
2018,11,2,14,470,460,349,3,0,0,108,10,8
2018,11,2,15,1141,1120,801,12,1,0,306,21,22
2018,11,2,16,1676,1644,1071,52,1,3,517,32,30
2018,11,2,17,2435,2388,1503,131,1,2,751,47,55
2018,11,2,18,2862,2798,1745,185,3,3,862,64,61
2018,11,2,19,3156,3079,1796,322,1,7,953,77,65
2018,11,3,11,3,3,3,0,0,0,0,0,0
2018,11,3,12,7,7,7,0,0,0,0,0,0
2018,11,3,13,81,81,78,0,0,0,3,0,0
2018,11,3,14,296,294,268,2,0,0,24,2,3
2018,11,3,15,730,727,648,4,0,0,75,3,6
2018,11,3,16,1399,1387,1163,31,0,4,189,12,10
2018,11,3,17,1941,1928,1532,116,0,0,280,13,9
2018,11,3,18,2561,2547,1903,257,0,2,385,14,17
2018,11,3,19,3340,3324,2369,452,1,7,495,16,13
2018,11,4,12,1,1,1,0,0,0,0,0,0
2018,11,4,13,21,21,19,1,0,0,1,0,0
2018,11,4,14,69,69,57,1,0,0,11,0,0
2018,11,4,15,283,281,230,0,0,0,51,2,2
2018,11,4,16,471,468,355,9,1,0,103,3,2
2018,11,4,17,631,629,428,55,0,2,144,2,4
2018,11,4,18,940,937,633,80,1,2,221,3,6
2018,11,4,19,1171,1163,727,151,1,6,278,8,15
2018,11,5,12,4,4,3,0,0,0,1,0,0
2018,11,5,13,22,20,17,1,0,0,2,2,0
2018,11,5,14,86,86,69,2,0,0,15,0,1
2018,11,5,15,224,222,182,4,0,0,36,2,1
2018,11,5,16,383,380,287,9,0,0,84,3,3
2018,11,5,17,537,528,365,34,0,0,129,9,2
2018,11,5,18,639,633,441,67,0,1,124,6,6
2018,11,5,19,840,830,471,129,2,4,224,10,9
2018,12,0,11,4,4,3,0,0,0,1,0,0
2018,12,0,12,48,47,35,2,0,0,10,1,1
2018,12,0,13,335,328,274,4,0,0,50,7,8
2018,12,0,14,1192,1177,929,7,0,0,241,15,19
2018,12,0,15,3077,3035,2358,29,1,2,645,42,46
2018,12,0,16,4963,4906,3527,114,2,4,1259,57,66
2018,12,0,17,6608,6549,4572,331,1,5,1640,59,91
2018,12,0,18,8629,8545,5686,705,3,7,2144,84,103
2018,12,0,19,10486,10376,6457,1190,4,22,2703,110,110
2018,12,1,11,1,1,0,0,0,0,1,0,0
2018,12,1,12,11,11,8,0,0,0,3,0,0
2018,12,1,13,89,87,68,3,0,0,16,2,2
2018,12,1,14,259,256,195,2,0,0,59,3,2
2018,12,1,15,575,569,389,4,0,0,176,6,5
2018,12,1,16,932,928,580,19,0,0,329,4,9
2018,12,1,17,1146,1140,708,42,0,2,388,6,16
2018,12,1,18,1359,1346,746,73,0,2,525,13,16
2018,12,1,19,1551,1539,828,106,0,1,604,12,8
2018,12,2,11,2,2,2,0,0,0,0,0,0
2018,12,2,12,20,19,15,1,0,0,3,1,0
2018,12,2,13,132,128,104,1,0,0,23,4,5
2018,12,2,14,444,434,318,4,0,0,112,10,13
2018,12,2,15,1184,1153,863,14,1,2,273,31,32
2018,12,2,16,1804,1767,1192,44,1,1,529,37,44
2018,12,2,17,2370,2332,1540,106,0,2,684,38,47
2018,12,2,18,2939,2898,1784,227,1,3,883,41,54
2018,12,2,19,3357,3303,1930,336,2,5,1030,54,66
2018,12,3,11,1,1,1,0,0,0,0,0,0
2018,12,3,12,7,7,5,0,0,0,2,0,0
2018,12,3,13,62,61,57,0,0,0,4,1,0
2018,12,3,14,293,292,248,1,0,0,43,1,0
2018,12,3,15,820,817,725,3,0,0,89,3,5
2018,12,3,16,1390,1380,1154,26,1,3,196,10,9
2018,12,3,17,1932,1924,1517,107,0,0,300,8,18
2018,12,3,18,2700,2682,2072,235,1,0,374,18,16
2018,12,3,19,3491,3469,2398,454,2,11,604,22,18
2018,12,4,12,3,3,2,0,0,0,1,0,0
2018,12,4,13,25,25,23,0,0,0,2,0,0
2018,12,4,14,109,109,90,0,0,0,19,0,1
2018,12,4,15,256,256,186,4,0,0,66,0,1
2018,12,4,16,440,438,323,10,0,0,105,2,3
2018,12,4,17,631,629,425,35,0,0,169,2,6
2018,12,4,18,975,969,646,105,0,2,216,6,8
2018,12,4,19,1254,1246,791,163,0,4,288,8,14
2018,12,5,12,7,7,5,1,0,0,1,0,1
2018,12,5,13,27,27,22,0,0,0,5,0,1
2018,12,5,14,87,86,78,0,0,0,8,1,3
2018,12,5,15,242,240,195,4,0,0,41,2,3
2018,12,5,16,397,393,278,15,0,0,100,4,1
2018,12,5,17,529,524,382,41,1,1,99,5,4
2018,12,5,18,656,650,438,65,1,0,146,6,9
2018,12,5,19,833,819,510,131,0,1,177,14,4
2019,1,0,11,4,4,2,0,0,0,2,0,0
2019,1,0,12,45,44,39,0,0,0,5,1,0
2019,1,0,13,332,326,274,4,0,0,48,6,5
2019,1,0,14,1304,1287,1046,9,0,0,232,17,15
2019,1,0,15,3061,3015,2356,25,0,2,632,46,39
2019,1,0,16,5115,5050,3751,129,1,4,1165,65,66
2019,1,0,17,7125,7036,4878,387,1,4,1766,89,87
2019,1,0,18,8879,8790,5868,754,4,12,2152,89,94
2019,1,0,19,10613,10491,6635,1288,8,21,2539,122,115
2019,1,1,11,3,3,2,0,0,0,1,0,0
2019,1,1,12,10,10,9,0,0,0,1,0,0
2019,1,1,13,70,69,52,0,0,0,17,1,0
2019,1,1,14,250,248,183,0,0,0,65,2,2
2019,1,1,15,544,537,373,2,0,1,161,7,6
2019,1,1,16,879,870,540,11,0,1,318,9,10
2019,1,1,17,1215,1203,708,39,1,3,452,12,11
2019,1,1,18,1337,1328,740,82,1,3,502,9,10
2019,1,1,19,1448,1428,760,115,2,1,550,20,16
2019,1,2,11,1,1,0,0,0,0,1,0,0
2019,1,2,12,18,17,14,0,0,0,3,1,0
2019,1,2,13,143,138,110,3,0,0,25,5,4
2019,1,2,14,492,481,368,6,0,0,107,11,10
2019,1,2,15,1100,1073,789,12,0,1,271,27,24
2019,1,2,16,1778,1740,1216,48,1,0,475,38,45
2019,1,2,17,2489,2437,1564,131,0,0,742,52,51
2019,1,2,18,2958,2901,1837,230,3,1,830,57,57
2019,1,2,19,3307,3234,1889,359,3,3,980,73,69
2019,1,3,12,9,9,9,0,0,0,0,0,0
2019,1,3,13,69,69,66,1,0,0,2,0,1
2019,1,3,14,335,333,304,2,0,0,27,2,1
2019,1,3,15,876,868,761,7,0,0,100,8,3
2019,1,3,16,1517,1506,1269,48,0,3,186,11,5
2019,1,3,17,2116,2099,1682,121,0,0,296,17,14
2019,1,3,18,2867,2849,2163,260,0,6,420,18,17
2019,1,3,19,3733,3711,2618,516,3,12,562,22,23
2019,1,4,12,3,3,3,0,0,0,0,0,0
2019,1,4,13,20,20,17,0,0,0,3,0,0
2019,1,4,14,120,119,97,0,0,0,22,1,1
2019,1,4,15,296,295,227,2,0,0,66,1,5
2019,1,4,16,500,498,388,8,0,0,102,2,3
2019,1,4,17,730,725,516,51,0,1,157,5,8
2019,1,4,18,974,971,647,95,0,1,228,3,4
2019,1,4,19,1234,1230,802,162,0,1,265,4,4
2019,1,5,12,5,5,4,0,0,0,1,0,0
2019,1,5,13,30,30,29,0,0,0,1,0,0
2019,1,5,14,107,106,94,1,0,0,11,1,1
2019,1,5,15,245,242,206,2,0,0,34,3,1
2019,1,5,16,441,436,338,14,0,0,84,5,3
2019,1,5,17,575,572,408,45,0,0,119,3,3
2019,1,5,18,743,741,481,87,0,1,172,2,6
2019,1,5,19,891,888,566,136,0,4,182,3,3
2019,2,0,11,8,8,7,0,0,0,1,0,0
2019,2,0,12,42,39,34,0,0,0,5,3,1
2019,2,0,13,304,301,255,2,0,1,43,3,6
2019,2,0,14,1254,1239,1011,4,0,1,223,15,21
2019,2,0,15,2891,2856,2268,13,1,1,573,35,48
2019,2,0,16,4807,4737,3532,123,1,4,1077,70,76
2019,2,0,17,6651,6568,4579,372,2,4,1611,83,92
2019,2,0,18,8306,8220,5499,651,4,8,2058,86,101
2019,2,0,19,10111,9999,6316,1203,4,22,2454,112,119
2019,2,1,11,2,2,1,0,0,0,1,0,0
2019,2,1,12,9,8,6,0,0,0,2,1,0
2019,2,1,13,71,70,55,0,0,0,15,1,2
2019,2,1,14,263,262,192,0,0,0,70,1,2
2019,2,1,15,501,496,332,3,0,0,161,5,5
2019,2,1,16,770,766,470,11,0,0,285,4,8
2019,2,1,17,1024,1015,598,41,1,1,374,9,10
2019,2,1,18,1212,1202,651,75,1,4,471,10,14
2019,2,1,19,1447,1434,774,106,0,3,551,13,7
2019,2,2,11,4,4,4,0,0,0,0,0,0
2019,2,2,12,18,16,13,0,0,0,3,2,1
2019,2,2,13,100,99,83,0,0,1,15,1,2
2019,2,2,14,459,451,345,1,0,1,104,8,13
2019,2,2,15,1072,1047,776,2,0,1,268,25,31
2019,2,2,16,1731,1685,1207,36,1,3,438,46,45
2019,2,2,17,2313,2263,1426,124,1,2,710,50,52
2019,2,2,18,2802,2745,1731,217,2,2,793,57,64
2019,2,2,19,3138,3069,1868,319,3,4,875,69,86
2019,2,3,11,2,2,2,0,0,0,0,0,0
2019,2,3,12,5,5,5,0,0,0,0,0,0
2019,2,3,13,68,68,63,0,0,0,5,0,1
2019,2,3,14,332,330,305,1,0,0,24,2,4
2019,2,3,15,839,837,753,5,1,0,78,2,3
2019,2,3,16,1440,1427,1190,50,0,1,186,13,16
2019,2,3,17,2099,2085,1700,117,0,0,268,14,17
2019,2,3,18,2668,2658,2002,230,0,0,426,10,14
2019,2,3,19,3496,3477,2423,502,1,9,542,19,15
2019,2,4,12,3,3,3,0,0,0,0,0,0
2019,2,4,13,30,30,27,0,0,0,3,0,0
2019,2,4,14,95,93,80,0,0,0,13,2,0
2019,2,4,15,256,254,209,0,0,0,45,2,5
2019,2,4,16,477,473,370,11,0,0,92,4,6
2019,2,4,17,670,666,468,47,0,1,150,4,11
2019,2,4,18,927,923,628,66,1,1,227,4,6
2019,2,4,19,1213,1208,774,137,0,2,295,5,7
2019,2,5,12,7,7,7,0,0,0,0,0,0
2019,2,5,13,35,34,27,2,0,0,5,1,1
2019,2,5,14,105,103,89,2,0,0,12,2,2
2019,2,5,15,223,222,198,3,0,0,21,1,4
2019,2,5,16,389,386,295,15,0,0,76,3,1
2019,2,5,17,545,539,387,43,0,0,109,6,2
2019,2,5,18,697,692,487,63,0,1,141,5,3
2019,2,5,19,817,811,477,139,0,4,191,6,4
2019,3,0,10,1,1,1,0,0,0,0,0,0
2019,3,0,11,10,10,8,0,0,0,2,0,0
2019,3,0,12,52,52,44,1,0,0,7,0,1
2019,3,0,13,366,363,300,3,0,1,59,3,4
2019,3,0,14,1301,1292,1056,11,0,0,225,9,25
2019,3,0,15,3255,3203,2527,32,1,2,641,52,49
2019,3,0,16,5304,5248,3911,115,5,5,1212,56,63
2019,3,0,17,7487,7410,5209,381,3,8,1809,77,84
2019,3,0,18,9354,9269,6226,739,7,9,2288,85,134
2019,3,0,19,11414,11296,7215,1387,2,24,2668,118,136
2019,3,1,11,4,4,2,0,0,0,2,0,0
2019,3,1,12,13,13,11,0,0,0,2,0,0
2019,3,1,13,81,80,65,3,0,0,12,1,0
2019,3,1,14,245,245,179,3,0,0,63,0,6
2019,3,1,15,577,568,388,8,0,1,171,9,4
2019,3,1,16,878,872,547,12,1,0,312,6,7
2019,3,1,17,1152,1145,681,43,1,2,418,7,12
2019,3,1,18,1405,1393,788,76,1,0,528,12,17
2019,3,1,19,1525,1506,812,125,1,1,567,19,14
2019,3,2,11,1,1,1,0,0,0,0,0,0
2019,3,2,12,24,24,19,0,0,0,5,0,0
2019,3,2,13,140,138,106,0,0,1,31,2,3
2019,3,2,14,493,484,375,5,0,0,104,9,13
2019,3,2,15,1232,1200,873,14,1,1,311,32,28
2019,3,2,16,1930,1896,1324,37,2,3,530,34,42
2019,3,2,17,2585,2540,1657,129,1,3,750,45,46
2019,3,2,18,3086,3037,1906,232,3,2,894,49,85
2019,3,2,19,3683,3624,2217,391,0,7,1009,59,90
2019,3,3,11,2,2,2,0,0,0,0,0,0
2019,3,3,12,6,6,6,0,0,0,0,0,0
2019,3,3,13,82,82,74,0,0,0,8,0,0
2019,3,3,14,363,363,326,2,0,0,35,0,5
2019,3,3,15,913,906,813,7,0,0,86,7,10
2019,3,3,16,1586,1577,1340,40,0,0,197,9,7
2019,3,3,17,2287,2275,1827,119,1,2,326,12,13
2019,3,3,18,3069,3055,2331,262,3,2,457,14,18
2019,3,3,19,3843,3817,2693,526,1,7,590,26,13
2019,3,4,11,1,1,1,0,0,0,0,0,0
2019,3,4,12,2,2,2,0,0,0,0,0,0
2019,3,4,13,28,28,26,0,0,0,2,0,0
2019,3,4,14,99,99,89,0,0,0,10,0,1
2019,3,4,15,291,289,232,1,0,0,56,2,3
2019,3,4,16,505,502,394,13,1,0,94,3,5
2019,3,4,17,802,798,571,49,0,0,178,4,9
2019,3,4,18,993,986,678,89,0,4,215,7,10
2019,3,4,19,1364,1357,887,198,0,2,270,7,12
2019,3,5,10,1,1,1,0,0,0,0,0,0
2019,3,5,11,2,2,2,0,0,0,0,0,0
2019,3,5,12,7,7,6,1,0,0,0,0,1
2019,3,5,13,35,35,29,0,0,0,6,0,1
2019,3,5,14,101,101,87,1,0,0,13,0,0
2019,3,5,15,242,240,221,2,0,0,17,2,4
2019,3,5,16,405,401,306,13,1,2,79,4,2
2019,3,5,17,661,652,473,41,0,1,137,9,4
2019,3,5,18,801,798,523,80,0,1,194,3,4
2019,3,5,19,999,992,606,147,0,7,232,7,7
2019,4,0,11,8,8,6,0,0,0,2,0,0
2019,4,0,12,45,44,39,1,0,0,4,1,0
2019,4,0,13,348,347,289,5,0,0,53,1,7
2019,4,0,14,1330,1305,1045,7,0,0,253,25,23
2019,4,0,15,3137,3097,2411,27,0,2,657,40,61
2019,4,0,16,5202,5126,3791,129,1,2,1203,76,103
2019,4,0,17,7217,7134,5038,387,5,4,1700,83,88
2019,4,0,18,9056,8969,6009,678,7,9,2266,87,135
2019,4,0,19,10916,10800,7008,1142,2,21,2627,116,169
2019,4,1,11,4,4,2,0,0,0,2,0,0
2019,4,1,12,14,13,11,0,0,0,2,1,0
2019,4,1,13,74,74,60,2,0,0,12,0,1
2019,4,1,14,255,253,174,2,0,0,77,2,1
2019,4,1,15,627,621,418,8,0,0,195,6,11
2019,4,1,16,903,894,549,14,0,1,330,9,20
2019,4,1,17,1176,1164,663,53,2,0,446,12,11
2019,4,1,18,1407,1392,775,59,1,1,556,15,24
2019,4,1,19,1612,1597,869,114,0,5,609,15,25
2019,4,2,11,3,3,3,0,0,0,0,0,0
2019,4,2,12,16,16,14,1,0,0,1,0,0
2019,4,2,13,149,149,112,1,0,0,36,0,4
2019,4,2,14,511,498,383,4,0,0,111,13,15
2019,4,2,15,1191,1163,854,12,0,2,295,28,39
2019,4,2,16,1903,1853,1290,51,1,0,511,50,63
2019,4,2,17,2524,2476,1695,127,2,3,649,48,54
2019,4,2,18,3038,2988,1912,223,4,1,848,50,74
2019,4,2,19,3386,3316,2048,316,1,4,947,70,98
2019,4,3,11,1,1,1,0,0,0,0,0,0
2019,4,3,12,9,9,8,0,0,0,1,0,0
2019,4,3,13,76,76,72,1,0,0,3,0,0
2019,4,3,14,358,351,322,0,0,0,29,7,4
2019,4,3,15,824,820,736,2,0,0,82,4,5
2019,4,3,16,1486,1475,1253,36,0,0,186,11,12
2019,4,3,17,2138,2122,1701,119,0,0,302,16,11
2019,4,3,18,2913,2899,2165,251,1,5,477,14,20
2019,4,3,19,3715,3698,2648,459,1,9,581,17,22
2019,4,4,12,2,2,2,0,0,0,0,0,0
2019,4,4,13,18,18,18,0,0,0,0,0,0
2019,4,4,14,105,103,88,1,0,0,14,2,0
2019,4,4,15,280,280,223,3,0,0,54,0,3
2019,4,4,16,490,487,377,14,0,1,95,3,5
2019,4,4,17,766,764,539,48,0,1,176,2,3
2019,4,4,18,924,921,630,86,0,0,205,3,13
2019,4,4,19,1304,1298,881,136,0,1,280,6,19
2019,4,5,12,4,4,4,0,0,0,0,0,0
2019,4,5,13,31,30,27,1,0,0,2,1,2
2019,4,5,14,101,100,78,0,0,0,22,1,3
2019,4,5,15,215,213,180,2,0,0,31,2,3
2019,4,5,16,420,417,322,14,0,0,81,3,3
2019,4,5,17,613,608,440,40,1,0,127,5,9
2019,4,5,18,774,769,527,59,1,2,180,5,4
2019,4,5,19,899,891,562,117,0,2,210,8,5
2019,5,0,11,8,8,7,0,0,0,1,0,1
2019,5,0,12,46,45,39,0,0,0,6,1,3
2019,5,0,13,370,363,312,1,0,0,50,7,5
2019,5,0,14,1259,1245,985,7,0,0,253,14,26
2019,5,0,15,3166,3130,2456,23,0,3,648,36,44
2019,5,0,16,5215,5164,3818,126,0,5,1215,51,81
2019,5,0,17,7465,7397,5191,382,2,8,1814,68,108
2019,5,0,18,9025,8937,6031,709,4,12,2181,88,129
2019,5,0,19,11177,11079,7104,1207,5,13,2750,98,163
2019,5,1,11,2,2,2,0,0,0,0,0,0
2019,5,1,12,8,8,8,0,0,0,0,0,0
2019,5,1,13,79,78,62,0,0,0,16,1,2
2019,5,1,14,251,246,173,0,0,0,73,5,7
2019,5,1,15,595,590,385,3,0,0,202,5,9
2019,5,1,16,911,901,574,16,0,0,311,10,14
2019,5,1,17,1160,1150,632,43,1,2,472,10,24
2019,5,1,18,1412,1399,771,74,1,2,551,13,27
2019,5,1,19,1612,1600,861,129,1,0,609,12,42
2019,5,2,11,5,5,5,0,0,0,0,0,1
2019,5,2,12,24,23,18,0,0,0,5,1,2
2019,5,2,13,151,146,122,0,0,0,24,5,2
2019,5,2,14,499,494,373,4,0,0,117,5,12
2019,5,2,15,1191,1169,878,7,0,3,281,22,27
2019,5,2,16,1908,1888,1309,40,0,1,538,20,42
2019,5,2,17,2599,2564,1699,117,0,3,745,35,63
2019,5,2,18,2959,2908,1803,232,1,3,869,51,76
2019,5,2,19,3540,3483,2112,331,1,3,1036,57,83
2019,5,3,12,8,8,8,0,0,0,0,0,0
2019,5,3,13,94,93,89,0,0,0,4,1,0
2019,5,3,14,302,300,268,2,0,0,30,2,5
2019,5,3,15,861,854,764,6,0,0,84,7,3
2019,5,3,16,1476,1468,1246,42,0,3,177,8,14
2019,5,3,17,2310,2298,1851,130,0,2,315,12,14
2019,5,3,18,2911,2896,2229,253,1,2,411,15,17
2019,5,3,19,3788,3774,2655,496,2,6,615,14,23
2019,5,4,12,1,1,1,0,0,0,0,0,0
2019,5,4,13,22,22,19,0,0,0,3,0,0
2019,5,4,14,98,98,79,0,0,0,19,0,0
2019,5,4,15,276,276,228,2,0,0,46,0,1
2019,5,4,16,504,500,379,16,0,1,104,4,8
2019,5,4,17,774,772,557,50,1,0,164,2,2
2019,5,4,18,1005,1002,725,79,1,2,195,3,6
2019,5,4,19,1362,1355,906,135,1,2,311,7,12
2019,5,5,11,1,1,0,0,0,0,1,0,0
2019,5,5,12,5,5,4,0,0,0,1,0,1
2019,5,5,13,24,24,20,1,0,0,3,0,1
2019,5,5,14,109,107,92,1,0,0,14,2,2
2019,5,5,15,243,241,201,5,0,0,35,2,4
2019,5,5,16,416,407,310,12,0,0,85,9,3
2019,5,5,17,622,613,452,42,0,1,118,9,5
2019,5,5,18,738,732,503,71,0,3,155,6,3
2019,5,5,19,875,867,570,116,0,2,179,8,3
2019,6,0,10,1,1,1,0,0,0,0,0,0
2019,6,0,11,10,10,9,1,0,0,0,0,1
2019,6,0,12,44,43,38,1,0,0,4,1,0
2019,6,0,13,339,333,294,0,0,0,39,6,5
2019,6,0,14,1261,1246,988,5,0,0,253,15,21
2019,6,0,15,3015,2980,2315,24,0,0,641,35,63
2019,6,0,16,5057,5008,3707,137,1,1,1162,49,89
2019,6,0,17,6757,6683,4798,353,3,6,1523,74,104
2019,6,0,18,8529,8444,5742,682,1,9,2010,85,143
2019,6,0,19,10084,9986,6502,1104,1,8,2371,98,170
2019,6,1,11,3,3,2,1,0,0,0,0,0
2019,6,1,12,11,10,8,0,0,0,2,1,0
2019,6,1,13,70,69,55,0,0,0,14,1,2
2019,6,1,14,253,251,195,1,0,0,55,2,4
2019,6,1,15,533,529,355,2,0,0,172,4,15
2019,6,1,16,867,860,570,18,0,0,272,7,18
2019,6,1,17,1165,1157,722,39,0,0,396,8,21
2019,6,1,18,1287,1274,737,72,0,2,463,13,24
2019,6,1,19,1474,1465,821,100,0,1,543,9,22
2019,6,2,11,6,6,6,0,0,0,0,0,1
2019,6,2,12,18,18,17,0,0,0,1,0,0
2019,6,2,13,132,129,112,0,0,0,17,3,2
2019,6,2,14,525,514,371,4,0,0,139,11,16
2019,6,2,15,1106,1085,790,13,0,0,282,21,32
2019,6,2,16,1827,1793,1251,46,1,1,494,34,53
2019,6,2,17,2338,2294,1552,112,3,2,625,44,58
2019,6,2,18,2870,2816,1798,218,1,1,798,54,89
2019,6,2,19,3154,3089,1897,311,0,0,881,65,112
2019,6,3,10,1,1,1,0,0,0,0,0,0
2019,6,3,11,1,1,1,0,0,0,0,0,0
2019,6,3,12,8,8,7,1,0,0,0,0,0
2019,6,3,13,77,75,73,0,0,0,2,2,0
2019,6,3,14,303,302,276,0,0,0,26,1,0
2019,6,3,15,834,832,749,3,0,0,80,2,8
2019,6,3,16,1417,1413,1172,43,0,0,198,4,8
2019,6,3,17,2057,2044,1658,118,0,3,265,13,7
2019,6,3,18,2805,2794,2122,237,0,3,432,11,15
2019,6,3,19,3405,3392,2440,464,0,6,482,13,14
2019,6,4,12,2,2,2,0,0,0,0,0,0
2019,6,4,13,29,29,27,0,0,0,2,0,0
2019,6,4,14,91,91,76,0,0,0,15,0,1
2019,6,4,15,288,286,220,3,0,0,63,2,3
2019,6,4,16,508,507,377,17,0,0,113,1,5
2019,6,4,17,680,676,485,51,0,1,139,4,8
2019,6,4,18,879,876,610,78,0,0,188,3,10
2019,6,4,19,1236,1229,812,127,1,0,289,7,11
2019,6,5,12,5,5,4,0,0,0,1,0,0
2019,6,5,13,31,31,27,0,0,0,4,0,1
2019,6,5,14,89,88,70,0,0,0,18,1,0
2019,6,5,15,254,248,201,3,0,0,44,6,5
2019,6,5,16,438,435,337,13,0,0,85,3,5
2019,6,5,17,517,512,381,33,0,0,98,5,10
2019,6,5,18,688,684,475,77,0,3,129,4,5
2019,6,5,19,815,811,532,102,0,1,176,4,11
2019,7,0,10,1,1,0,0,0,0,1,0,0
2019,7,0,11,11,11,8,0,0,0,3,0,3
2019,7,0,12,57,55,47,0,0,0,8,2,1
2019,7,0,13,315,313,259,1,0,0,53,2,6
2019,7,0,14,1259,1242,1029,6,1,0,206,17,20
2019,7,0,15,2916,2876,2279,19,0,2,576,40,52
2019,7,0,16,4971,4915,3653,119,2,3,1138,56,98
2019,7,0,17,6773,6698,4791,332,3,4,1568,75,118
2019,7,0,18,8444,8354,5693,656,3,8,1994,90,129
2019,7,0,19,10503,10368,6742,1124,5,19,2478,135,137
2019,7,1,10,1,1,0,0,0,0,1,0,0
2019,7,1,11,3,3,2,0,0,0,1,0,0
2019,7,1,12,14,14,10,0,0,0,4,0,0
2019,7,1,13,60,60,49,0,0,0,11,0,3
2019,7,1,14,240,237,182,1,1,0,53,3,5
2019,7,1,15,482,477,329,3,0,0,145,5,7
2019,7,1,16,913,908,588,17,0,0,303,5,17
2019,7,1,17,1149,1140,720,42,1,3,374,9,17
2019,7,1,18,1302,1293,736,86,1,2,468,9,28
2019,7,1,19,1540,1522,861,122,1,1,537,18,33
2019,7,2,11,5,5,5,0,0,0,0,0,2
2019,7,2,12,25,23,20,0,0,0,3,2,1
2019,7,2,13,142,140,114,0,0,0,26,2,2
2019,7,2,14,518,507,399,1,0,0,107,11,9
2019,7,2,15,1141,1114,837,9,0,2,266,27,31
2019,7,2,16,1877,1843,1268,43,0,2,530,34,59
2019,7,2,17,2357,2306,1532,101,1,0,672,51,80
2019,7,2,18,2796,2736,1742,186,2,3,803,60,69
2019,7,2,19,3366,3281,2002,316,2,3,958,85,69
2019,7,3,11,1,1,1,0,0,0,0,0,0
2019,7,3,12,9,9,9,0,0,0,0,0,0
2019,7,3,13,69,69,63,0,0,0,6,0,1
2019,7,3,14,294,292,272,2,0,0,18,2,3
2019,7,3,15,793,788,698,2,0,0,88,5,6
2019,7,3,16,1324,1316,1131,30,2,1,152,8,7
2019,7,3,17,2016,2005,1636,106,0,1,262,11,8
2019,7,3,18,2751,2742,2115,233,0,2,392,9,24
2019,7,3,19,3381,3358,2432,405,1,10,510,23,12
2019,7,4,12,2,2,2,0,0,0,0,0,0
2019,7,4,13,27,27,20,1,0,0,6,0,0
2019,7,4,14,109,108,95,0,0,0,13,1,0
2019,7,4,15,296,295,241,2,0,0,52,1,5
2019,7,4,16,478,471,364,17,0,0,90,7,9
2019,7,4,17,688,685,503,38,0,0,144,3,6
2019,7,4,18,904,901,623,89,0,0,189,3,4
2019,7,4,19,1311,1306,852,162,1,3,288,5,13
2019,7,5,11,2,2,0,0,0,0,2,0,1
2019,7,5,12,7,7,6,0,0,0,1,0,0
2019,7,5,13,17,17,13,0,0,0,4,0,0
2019,7,5,14,98,98,81,2,0,0,15,0,3
2019,7,5,15,204,202,174,3,0,0,25,2,3
2019,7,5,16,379,377,302,12,0,0,63,2,6
2019,7,5,17,563,562,400,45,1,0,116,1,7
2019,7,5,18,691,682,477,62,0,1,142,9,4
2019,7,5,19,905,901,595,119,0,2,185,4,10
2019,8,0,10,2,2,1,0,0,0,1,0,0
2019,8,0,11,9,9,8,0,0,0,1,0,0
2019,8,0,12,35,34,26,0,0,1,7,1,2
2019,8,0,13,319,314,263,0,0,0,51,5,6
2019,8,0,14,1316,1305,1067,11,0,0,227,11,22
2019,8,0,15,2928,2894,2271,16,0,1,606,34,54
2019,8,0,16,4880,4836,3620,92,2,0,1122,44,83
2019,8,0,17,6677,6603,4733,321,6,7,1536,74,100
2019,8,0,18,8113,8040,5391,627,6,5,2011,73,99
2019,8,0,19,10081,9979,6547,1080,5,29,2318,102,144
2019,8,1,10,2,2,1,0,0,0,1,0,0
2019,8,1,11,2,2,2,0,0,0,0,0,0
2019,8,1,12,6,6,5,0,0,0,1,0,0
2019,8,1,13,72,72,59,0,0,0,13,0,1
2019,8,1,14,284,284,221,0,0,0,63,0,4
2019,8,1,15,566,558,391,5,0,0,162,8,12
2019,8,1,16,852,849,538,17,0,0,294,3,17
2019,8,1,17,1197,1188,761,45,2,2,378,9,21
2019,8,1,18,1383,1371,763,99,0,1,508,12,25
2019,8,1,19,1539,1527,854,129,1,4,539,12,23
2019,8,2,11,3,3,3,0,0,0,0,0,0
2019,8,2,12,18,17,11,0,0,1,5,1,0
2019,8,2,13,116,114,91,0,0,0,23,2,3
2019,8,2,14,520,515,406,4,0,0,105,5,13
2019,8,2,15,1094,1074,799,8,0,1,266,20,27
2019,8,2,16,1774,1741,1212,35,1,0,493,33,42
2019,8,2,17,2299,2258,1487,111,2,3,655,41,54
2019,8,2,18,2721,2686,1698,196,3,0,789,35,51
2019,8,2,19,3198,3142,1982,279,3,8,870,56,81
2019,8,3,11,2,2,1,0,0,0,1,0,0
2019,8,3,12,7,7,7,0,0,0,0,0,1
2019,8,3,13,71,69,64,0,0,0,5,2,0
2019,8,3,14,307,305,283,1,0,0,21,2,2
2019,8,3,15,750,746,664,1,0,0,81,4,11
2019,8,3,16,1381,1374,1188,23,1,0,162,7,11
2019,8,3,17,1970,1951,1597,94,2,1,257,19,16
2019,8,3,18,2500,2484,1893,192,2,3,394,16,9
2019,8,3,19,3309,3288,2388,414,0,7,479,21,16
2019,8,4,12,3,3,3,0,0,0,0,0,0
2019,8,4,13,34,34,32,0,0,0,2,0,1
2019,8,4,14,114,112,85,1,0,0,26,2,0
2019,8,4,15,280,279,221,2,0,0,56,1,0
2019,8,4,16,437,436,341,6,0,0,89,1,5
2019,8,4,17,701,698,512,39,0,0,147,3,7
2019,8,4,18,850,843,586,77,1,0,179,7,9
2019,8,4,19,1178,1173,759,141,0,5,268,5,11
2019,8,5,11,2,2,2,0,0,0,0,0,0
2019,8,5,12,1,1,0,0,0,0,1,0,1
2019,8,5,13,26,25,17,0,0,0,8,1,1
2019,8,5,14,91,89,72,5,0,0,12,2,3
2019,8,5,15,238,237,196,0,0,0,41,1,4
2019,8,5,16,436,436,341,11,0,0,84,0,8
2019,8,5,17,510,508,376,32,0,1,99,2,2
2019,8,5,18,659,656,451,63,0,1,141,3,5
2019,8,5,19,857,849,564,117,1,5,162,8,13
2019,9,0,10,1,1,0,0,0,0,1,0,0
2019,9,0,11,8,8,6,1,0,1,0,0,0
2019,9,0,12,49,47,43,0,0,0,4,2,1
2019,9,0,13,310,304,256,2,0,0,46,6,5
2019,9,0,14,1224,1205,978,6,0,0,221,19,20
2019,9,0,15,3086,3038,2429,22,1,0,586,48,53
2019,9,0,16,4921,4869,3590,93,2,3,1181,52,78
2019,9,0,17,6515,6447,4535,332,2,3,1575,68,86
2019,9,0,18,8253,8178,5564,579,4,10,2021,75,112
2019,9,0,19,10085,9994,6521,1070,5,18,2380,91,143
2019,9,1,10,1,1,0,0,0,0,1,0,0
2019,9,1,11,2,2,2,0,0,0,0,0,0
2019,9,1,12,16,16,16,0,0,0,0,0,0
2019,9,1,13,82,79,64,1,0,0,14,3,1
2019,9,1,14,266,263,201,2,0,0,60,3,3
2019,9,1,15,627,618,450,4,0,0,164,9,14
2019,9,1,16,990,975,634,19,0,1,321,15,13
2019,9,1,17,1236,1217,726,55,0,0,436,19,18
2019,9,1,18,1491,1480,825,79,1,2,573,11,24
2019,9,1,19,1650,1629,921,138,2,4,564,21,41
2019,9,2,11,4,4,3,1,0,0,0,0,0
2019,9,2,12,19,17,14,0,0,0,3,2,1
2019,9,2,13,111,109,85,0,0,0,24,2,2
2019,9,2,14,483,471,366,3,0,0,102,12,15
2019,9,2,15,1175,1152,886,10,1,0,255,23,25
2019,9,2,16,1844,1819,1264,29,2,2,522,25,51
2019,9,2,17,2324,2295,1525,124,2,2,642,29,46
2019,9,2,18,2806,2765,1792,156,1,4,812,41,55
2019,9,2,19,3310,3266,2032,316,2,6,910,44,73
2019,9,3,11,1,1,0,0,0,1,0,0,0
2019,9,3,12,9,9,9,0,0,0,0,0,0
2019,9,3,13,70,70,69,0,0,0,1,0,0
2019,9,3,14,286,283,260,1,0,0,22,3,1
2019,9,3,15,791,783,704,4,0,0,75,8,7
2019,9,3,16,1258,1251,1061,24,0,0,166,7,8
2019,9,3,17,1818,1803,1452,90,0,0,261,15,12
2019,9,3,18,2481,2465,1892,218,1,1,353,16,16
2019,9,3,19,3186,3173,2257,405,0,4,507,13,16
2019,9,4,11,1,1,1,0,0,0,0,0,0
2019,9,4,12,1,1,1,0,0,0,0,0,0
2019,9,4,13,22,21,18,0,0,0,3,1,0
2019,9,4,14,105,105,83,0,0,0,22,0,1
2019,9,4,15,281,277,228,1,0,0,48,4,2
2019,9,4,16,457,454,334,12,0,0,108,3,2
2019,9,4,17,626,625,455,39,0,1,130,1,7
2019,9,4,18,827,822,576,77,0,1,168,5,12
2019,9,4,19,1130,1124,787,105,0,3,229,6,10
2019,9,5,12,4,4,3,0,0,0,1,0,0
2019,9,5,13,25,25,20,1,0,0,4,0,2
2019,9,5,14,84,83,68,0,0,0,15,1,0
2019,9,5,15,212,208,161,3,0,0,44,4,5
2019,9,5,16,372,370,297,9,0,0,64,2,4
2019,9,5,17,511,507,377,24,0,0,106,4,3
2019,9,5,18,648,646,479,49,1,2,115,2,5
2019,9,5,19,809,802,524,106,1,1,170,7,3
2019,10,0,10,1,1,1,0,0,0,0,0,1
2019,10,0,11,5,5,5,0,0,0,0,0,0
2019,10,0,12,53,52,46,1,0,0,5,1,0
2019,10,0,13,260,256,220,2,0,0,34,4,2
2019,10,0,14,1158,1139,906,9,0,0,224,19,16
2019,10,0,15,2831,2791,2197,23,1,2,568,40,40
2019,10,0,16,4772,4714,3550,105,1,5,1053,58,55
2019,10,0,17,6350,6282,4470,270,2,10,1530,68,83
2019,10,0,18,7910,7820,5343,586,5,5,1881,90,106
2019,10,0,19,9933,9838,6430,1074,6,18,2310,95,108
2019,10,1,11,1,1,1,0,0,0,0,0,0
2019,10,1,12,15,15,13,1,0,0,1,0,0
2019,10,1,13,59,57,41,0,0,0,16,2,1
2019,10,1,14,278,274,203,1,0,0,70,4,4
2019,10,1,15,560,552,382,13,0,1,156,8,9
2019,10,1,16,929,915,607,12,1,1,294,14,10
2019,10,1,17,1208,1190,743,40,0,1,406,18,21
2019,10,1,18,1343,1320,748,75,2,1,494,23,28
2019,10,1,19,1530,1503,854,121,0,1,527,27,23
2019,10,2,11,1,1,1,0,0,0,0,0,0
2019,10,2,12,23,22,20,0,0,0,2,1,0
2019,10,2,13,92,90,76,1,0,0,13,2,1
2019,10,2,14,438,427,321,3,0,0,103,11,7
2019,10,2,15,1075,1055,801,7,0,1,246,20,25
2019,10,2,16,1780,1751,1238,40,0,2,471,29,36
2019,10,2,17,2257,2223,1472,86,2,6,657,34,36
2019,10,2,18,2753,2707,1738,186,1,1,781,46,57
2019,10,2,19,3218,3177,1950,294,1,3,929,41,57
2019,10,3,11,2,2,2,0,0,0,0,0,0
2019,10,3,12,7,7,6,0,0,0,1,0,0
2019,10,3,13,54,54,52,0,0,0,2,0,0
2019,10,3,14,270,268,245,1,0,0,22,2,3
2019,10,3,15,717,712,626,1,0,0,85,5,2
2019,10,3,16,1263,1251,1066,31,0,0,154,12,7
2019,10,3,17,1818,1807,1453,92,0,1,261,11,15
2019,10,3,18,2384,2369,1824,207,1,1,336,15,12
2019,10,3,19,3288,3275,2370,417,3,6,479,13,12
2019,10,4,12,1,1,1,0,0,0,0,0,0
2019,10,4,13,24,24,24,0,0,0,0,0,0
2019,10,4,14,76,75,62,1,0,0,12,1,0
2019,10,4,15,250,248,202,1,1,0,44,2,1
2019,10,4,16,431,429,340,11,0,2,76,2,0
2019,10,4,17,584,583,442,26,0,1,114,1,4
2019,10,4,18,811,807,579,62,0,1,165,4,1
2019,10,4,19,1097,1089,746,120,2,5,216,8,7
2019,10,5,10,1,1,1,0,0,0,0,0,1
2019,10,5,11,1,1,1,0,0,0,0,0,0
2019,10,5,12,7,7,6,0,0,0,1,0,0
2019,10,5,13,31,31,27,1,0,0,3,0,0
2019,10,5,14,96,95,75,3,0,0,17,1,2
2019,10,5,15,229,224,186,1,0,0,37,5,3
2019,10,5,16,369,368,299,11,0,0,58,1,2
2019,10,5,17,483,479,360,26,0,1,92,4,7
2019,10,5,18,619,617,454,56,1,1,105,2,8
2019,10,5,19,800,794,510,122,0,3,159,6,9
2019,11,0,10,1,1,1,0,0,0,0,0,0
2019,11,0,11,8,8,8,0,0,0,0,0,0
2019,11,0,12,43,43,36,1,0,0,6,0,2
2019,11,0,13,263,261,227,2,0,0,32,2,5
2019,11,0,14,1106,1101,863,6,1,0,231,5,16
2019,11,0,15,2563,2543,2019,13,0,1,510,20,29
2019,11,0,16,4307,4253,3190,99,0,4,960,54,58
2019,11,0,17,5958,5897,4224,293,6,6,1368,61,67
2019,11,0,18,7563,7499,5126,573,2,2,1796,64,78
2019,11,0,19,9157,9065,5873,1001,10,27,2154,92,80
2019,11,1,11,1,1,1,0,0,0,0,0,0
2019,11,1,12,13,13,11,0,0,0,2,0,0
2019,11,1,13,68,67,56,2,0,0,9,1,3
2019,11,1,14,254,252,166,3,0,0,83,2,4
2019,11,1,15,522,515,373,0,0,0,142,7,11
2019,11,1,16,817,798,528,10,0,1,259,19,14
2019,11,1,17,1035,1026,642,38,2,2,342,9,20
2019,11,1,18,1322,1314,724,76,0,0,514,8,29
2019,11,1,19,1412,1395,739,110,0,2,544,17,29
2019,11,2,11,6,6,6,0,0,0,0,0,0
2019,11,2,12,18,18,15,0,0,0,3,0,1
2019,11,2,13,96,96,79,0,0,0,17,0,0
2019,11,2,14,414,413,320,0,0,0,93,1,6
2019,11,2,15,975,967,737,9,0,1,220,8,10
2019,11,2,16,1588,1565,1109,36,0,0,420,23,29
2019,11,2,17,2122,2085,1437,85,3,2,558,37,34
2019,11,2,18,2548,2514,1636,183,1,0,694,34,29
2019,11,2,19,2924,2887,1767,305,5,9,801,37,32
2019,11,3,10,1,1,1,0,0,0,0,0,0
2019,11,3,11,1,1,1,0,0,0,0,0,0
2019,11,3,12,7,7,6,0,0,0,1,0,0
2019,11,3,13,59,58,54,0,0,0,4,1,1
2019,11,3,14,268,266,238,1,1,0,26,2,3
2019,11,3,15,640,636,571,3,0,0,62,4,3
2019,11,3,16,1176,1170,993,27,0,3,147,6,11
2019,11,3,17,1729,1719,1362,105,0,2,250,10,8
2019,11,3,18,2308,2297,1759,188,1,2,347,11,12
2019,11,3,19,2977,2953,2108,374,3,11,457,24,12
2019,11,4,12,2,2,2,0,0,0,0,0,0
2019,11,4,13,21,21,21,0,0,0,0,0,0
2019,11,4,14,94,94,74,1,0,0,19,0,1
2019,11,4,15,222,222,172,1,0,0,49,0,2
2019,11,4,16,371,367,285,13,0,0,69,4,2
2019,11,4,17,575,571,409,35,0,0,127,4,1
2019,11,4,18,777,771,551,68,0,0,152,6,2
2019,11,4,19,1079,1074,730,121,1,2,220,5,3
2019,11,5,12,3,3,2,1,0,0,0,0,1
2019,11,5,13,19,19,17,0,0,0,2,0,1
2019,11,5,14,76,76,65,1,0,0,10,0,2
2019,11,5,15,204,203,166,0,0,0,37,1,3
2019,11,5,16,355,353,275,13,0,0,65,2,2
2019,11,5,17,497,496,374,30,1,0,91,1,4
2019,11,5,18,608,603,456,58,0,0,89,5,6
2019,11,5,19,765,756,529,91,1,3,132,9,4
2019,12,0,10,1,1,1,0,0,0,0,0,0
2019,12,0,11,9,9,5,0,1,0,3,0,0
2019,12,0,12,39,38,28,2,0,0,8,1,1
2019,12,0,13,267,265,227,4,0,0,34,2,7
2019,12,0,14,1108,1093,907,3,1,0,182,15,11
2019,12,0,15,2687,2655,2087,18,0,1,549,32,33
2019,12,0,16,4426,4379,3316,91,1,2,969,47,53
2019,12,0,17,5970,5906,4267,285,6,2,1346,64,63
2019,12,0,18,7609,7521,5108,630,1,9,1773,88,82
2019,12,0,19,9349,9251,6075,990,6,27,2153,98,107
2019,12,1,11,3,3,2,0,0,0,1,0,0
2019,12,1,12,14,14,13,0,0,0,1,0,0
2019,12,1,13,70,70,58,1,0,0,11,0,3
2019,12,1,14,240,237,180,0,0,0,57,3,3
2019,12,1,15,514,508,358,2,0,0,148,6,6
2019,12,1,16,753,743,497,8,0,1,237,10,10
2019,12,1,17,1074,1063,649,33,1,0,380,11,17
2019,12,1,18,1284,1268,735,84,1,1,447,16,29
2019,12,1,19,1414,1397,772,123,0,4,498,17,24
2019,12,2,11,4,4,3,0,1,0,0,0,0
2019,12,2,12,12,11,7,0,0,0,4,1,0
2019,12,2,13,107,106,89,2,0,0,15,1,2
2019,12,2,14,397,390,316,1,0,0,73,7,7
2019,12,2,15,986,969,704,9,0,0,256,17,21
2019,12,2,16,1590,1562,1105,25,1,1,430,28,27
2019,12,2,17,2005,1966,1331,80,3,1,551,39,31
2019,12,2,18,2491,2456,1586,168,0,2,700,35,42
2019,12,2,19,2932,2888,1802,266,2,7,811,44,57
2019,12,3,10,1,1,1,0,0,0,0,0,0
2019,12,3,12,7,7,5,1,0,0,1,0,1
2019,12,3,13,51,50,46,0,0,0,4,1,1
2019,12,3,14,271,266,243,1,1,0,21,5,0
2019,12,3,15,709,702,633,3,0,0,66,7,4
2019,12,3,16,1266,1259,1090,33,0,0,136,7,9
2019,12,3,17,1780,1772,1424,115,2,0,231,8,7
2019,12,3,18,2343,2326,1764,219,0,5,338,17,8
2019,12,3,19,3120,3093,2228,371,2,10,482,27,20
2019,12,4,13,21,21,18,1,0,0,2,0,1
2019,12,4,14,99,99,79,1,0,0,19,0,0
2019,12,4,15,253,252,202,2,0,1,47,1,1
2019,12,4,16,435,434,325,17,0,0,92,1,2
2019,12,4,17,599,598,464,30,0,1,103,1,4
2019,12,4,18,868,855,593,91,0,0,171,13,1
2019,12,4,19,1136,1130,774,132,1,3,220,6,2
2019,12,5,11,2,2,0,0,0,0,2,0,0
2019,12,5,12,6,6,3,1,0,0,2,0,0
2019,12,5,13,18,18,16,0,0,0,2,0,0
2019,12,5,14,101,101,89,0,0,0,12,0,1
2019,12,5,15,225,224,190,2,0,0,32,1,1
2019,12,5,16,382,381,299,8,0,0,74,1,5
2019,12,5,17,512,507,399,27,0,0,81,5,4
2019,12,5,18,623,616,430,68,0,1,117,7,2
2019,12,5,19,747,743,499,98,1,3,142,4,4
2020,1,0,10,1,1,1,0,0,0,0,0,0
2020,1,0,11,8,8,5,0,0,0,3,0,1
2020,1,0,12,57,56,51,0,0,0,5,1,1
2020,1,0,13,253,247,214,1,0,0,32,6,0
2020,1,0,14,1128,1111,904,8,0,1,198,17,13
2020,1,0,15,2679,2652,2127,20,0,0,505,27,35
2020,1,0,16,4425,4375,3293,89,2,5,986,50,52
2020,1,0,17,6213,6158,4426,296,2,2,1432,55,77
2020,1,0,18,7776,7690,5256,566,1,16,1851,86,83
2020,1,0,19,9697,9589,6302,1044,2,16,2225,108,103
2020,1,1,10,1,1,1,0,0,0,0,0,0
2020,1,1,11,2,2,2,0,0,0,0,0,0
2020,1,1,12,19,19,17,0,0,0,2,0,0
2020,1,1,13,49,47,40,0,0,0,7,2,0
2020,1,1,14,255,250,178,0,0,0,72,5,3
2020,1,1,15,482,475,335,6,0,0,134,7,6
2020,1,1,16,786,777,528,13,0,2,234,9,7
2020,1,1,17,1062,1055,637,41,0,0,377,7,12
2020,1,1,18,1252,1231,750,57,0,2,422,21,8
2020,1,1,19,1432,1423,805,120,1,2,495,9,16
2020,1,2,11,4,4,3,0,0,0,1,0,0
2020,1,2,12,22,22,21,0,0,0,1,0,0
2020,1,2,13,91,87,71,0,0,0,16,4,0
2020,1,2,14,399,389,296,7,0,0,86,10,8
2020,1,2,15,955,941,712,7,0,0,222,14,23
2020,1,2,16,1561,1539,1042,36,1,0,460,22,37
2020,1,2,17,2005,1972,1339,75,0,2,556,33,50
2020,1,2,18,2554,2510,1574,180,0,3,753,44,56
2020,1,2,19,3042,2980,1854,284,1,4,837,62,57
2020,1,3,11,1,1,0,0,0,0,1,0,0
2020,1,3,12,7,6,6,0,0,0,0,1,1
2020,1,3,13,74,74,69,0,0,0,5,0,0
2020,1,3,14,275,274,254,1,0,0,19,1,1
2020,1,3,15,749,747,663,2,0,0,82,2,2
2020,1,3,16,1293,1283,1102,16,0,2,163,10,7
2020,1,3,17,1926,1914,1547,107,1,0,259,12,10
2020,1,3,18,2481,2465,1879,196,0,7,383,16,17
2020,1,3,19,3271,3243,2333,391,0,5,514,28,20
2020,1,4,12,5,5,4,0,0,0,1,0,0
2020,1,4,13,23,23,19,1,0,0,3,0,0
2020,1,4,14,105,105,96,0,0,1,8,0,0
2020,1,4,15,249,248,208,2,0,0,38,1,0
2020,1,4,16,419,418,328,14,0,1,75,1,0
2020,1,4,17,682,679,510,40,1,0,128,3,4
2020,1,4,18,864,861,603,76,1,2,179,3,0
2020,1,4,19,1151,1148,760,142,0,3,243,3,4
2020,1,5,11,1,1,0,0,0,0,1,0,1
2020,1,5,12,4,4,3,0,0,0,1,0,0
2020,1,5,13,16,16,15,0,0,0,1,0,0
2020,1,5,14,94,93,80,0,0,0,13,1,1
2020,1,5,15,244,241,209,3,0,0,29,3,4
2020,1,5,16,366,358,293,10,1,0,54,8,1
2020,1,5,17,538,538,393,33,0,0,112,0,1
2020,1,5,18,625,623,450,57,0,2,114,2,2
2020,1,5,19,801,795,550,107,0,2,136,6,6
2020,2,0,10,1,1,1,0,0,0,0,0,0
2020,2,0,11,7,7,4,1,0,0,2,0,0
2020,2,0,12,48,44,39,0,0,0,5,4,0
2020,2,0,13,279,277,233,3,0,0,41,2,5
2020,2,0,14,1064,1050,861,9,0,0,180,14,18
2020,2,0,15,2524,2493,2001,18,0,4,470,31,37
2020,2,0,16,4237,4195,3209,95,2,3,886,42,47
2020,2,0,17,5754,5692,4100,277,2,5,1308,62,74
2020,2,0,18,7431,7356,5046,525,1,11,1773,75,105
2020,2,0,19,9161,9053,6022,859,9,13,2150,108,101
2020,2,1,11,4,4,2,1,0,0,1,0,0
2020,2,1,12,13,11,10,0,0,0,1,2,0
2020,2,1,13,65,65,50,1,0,0,14,0,0
2020,2,1,14,209,206,156,2,0,0,48,3,4
2020,2,1,15,449,441,335,4,0,0,102,8,6
2020,2,1,16,763,757,501,10,0,1,245,6,8
2020,2,1,17,979,971,594,33,0,1,343,8,19
2020,2,1,18,1174,1160,719,53,0,1,387,14,9
2020,2,1,19,1348,1330,764,79,2,1,484,18,11
2020,2,2,10,1,1,1,0,0,0,0,0,0
2020,2,2,11,2,2,1,0,0,0,1,0,0
2020,2,2,12,21,20,16,0,0,0,4,1,0
2020,2,2,13,121,119,100,0,0,0,19,2,2
2020,2,2,14,406,399,310,4,0,0,85,7,10
2020,2,2,15,912,894,674,4,0,4,212,18,21
2020,2,2,16,1433,1405,1000,32,1,1,371,28,28
2020,2,2,17,1930,1893,1271,92,1,1,528,37,41
2020,2,2,18,2443,2400,1507,170,0,2,721,43,77
2020,2,2,19,2761,2704,1671,235,2,6,790,57,61
2020,2,3,11,1,1,1,0,0,0,0,0,0
2020,2,3,12,9,9,9,0,0,0,0,0,0
2020,2,3,13,47,47,44,1,0,0,2,0,1
2020,2,3,14,283,280,258,0,0,0,22,3,2
2020,2,3,15,721,718,635,4,0,0,79,3,8
2020,2,3,16,1267,1262,1091,32,1,0,138,5,8
2020,2,3,17,1792,1779,1451,105,0,2,221,13,10
2020,2,3,18,2414,2404,1857,182,1,4,360,10,13
2020,2,3,19,3202,3182,2329,352,3,4,494,20,22
2020,2,4,13,21,21,20,0,0,0,1,0,0
2020,2,4,14,91,91,73,1,0,0,17,0,1
2020,2,4,15,244,242,192,4,0,0,46,2,0
2020,2,4,16,421,420,337,14,0,1,68,1,1
2020,2,4,17,607,606,452,27,0,1,126,1,2
2020,2,4,18,804,801,536,74,0,3,188,3,1
2020,2,4,19,1110,1103,749,108,2,1,243,7,2
2020,2,5,12,5,4,4,0,0,0,0,1,0
2020,2,5,13,25,25,19,1,0,0,5,0,2
2020,2,5,14,75,74,64,2,0,0,8,1,1
2020,2,5,15,198,198,165,2,0,0,31,0,2
2020,2,5,16,353,351,280,7,0,0,64,2,2
2020,2,5,17,446,443,332,20,1,0,90,3,2
2020,2,5,18,596,591,427,46,0,1,117,5,5
2020,2,5,19,740,734,509,85,0,1,139,6,5
2020,3,0,11,8,8,7,0,0,0,1,0,0
2020,3,0,12,38,36,31,0,0,0,5,2,1
2020,3,0,13,268,267,227,1,0,0,39,1,3
2020,3,0,14,1261,1250,1026,8,0,0,216,11,19
2020,3,0,15,2902,2859,2283,21,1,2,552,43,41
2020,3,0,16,4691,4643,3566,108,1,4,964,48,56
2020,3,0,17,6421,6362,4635,307,3,2,1415,59,88
2020,3,0,18,8419,8332,5742,623,5,11,1951,87,87
2020,3,0,19,10123,10008,6657,1071,8,11,2261,115,104
2020,3,1,11,1,1,1,0,0,0,0,0,0
2020,3,1,12,11,11,11,0,0,0,0,0,0
2020,3,1,13,58,58,53,0,0,0,5,0,1
2020,3,1,14,237,234,174,1,0,0,59,3,2
2020,3,1,15,519,515,370,4,1,0,140,4,9
2020,3,1,16,810,805,541,12,0,0,252,5,7
2020,3,1,17,1034,1024,627,41,0,0,356,10,14
2020,3,1,18,1313,1302,766,67,0,1,468,11,8
2020,3,1,19,1442,1421,793,121,2,1,504,21,7
2020,3,2,11,4,4,3,0,0,0,1,0,0
2020,3,2,12,17,15,12,0,0,0,3,2,0
2020,3,2,13,110,109,85,0,0,0,24,1,2
2020,3,2,14,511,505,394,3,0,0,108,6,12
2020,3,2,15,1106,1079,820,10,0,1,248,27,25
2020,3,2,16,1653,1619,1146,39,0,3,431,34,28
2020,3,2,17,2153,2120,1449,100,2,1,568,33,57
2020,3,2,18,2868,2816,1816,194,1,3,802,52,61
2020,3,2,19,3198,3133,2007,292,3,2,829,65,72
2020,3,3,11,1,1,1,0,0,0,0,0,0
2020,3,3,12,5,5,4,0,0,0,1,0,0
2020,3,3,13,57,57,54,1,0,0,2,0,0
2020,3,3,14,304,302,273,2,0,0,27,2,2
2020,3,3,15,804,794,706,2,0,0,86,10,2
2020,3,3,16,1401,1394,1207,31,0,0,156,7,14
2020,3,3,17,2050,2040,1664,111,1,1,263,10,10
2020,3,3,18,2662,2646,2029,209,3,3,402,16,11
2020,3,3,19,3470,3450,2503,405,1,5,536,20,19
2020,3,4,12,2,2,2,0,0,0,0,0,0
2020,3,4,13,21,21,17,0,0,0,4,0,0
2020,3,4,14,102,102,86,0,0,0,16,0,0
2020,3,4,15,248,247,199,2,0,0,46,1,0
2020,3,4,16,464,462,380,14,1,0,67,2,2
2020,3,4,17,635,635,476,25,0,0,134,0,2
2020,3,4,18,889,885,638,91,1,0,155,4,5
2020,3,4,19,1171,1163,781,143,0,2,237,8,3
2020,3,5,11,2,2,2,0,0,0,0,0,0
2020,3,5,12,3,3,2,0,0,0,1,0,1
2020,3,5,13,22,22,18,0,0,0,4,0,0
2020,3,5,14,107,107,99,2,0,0,6,0,3
2020,3,5,15,225,224,188,3,0,1,32,1,5
2020,3,5,16,363,363,292,12,0,1,58,0,5
2020,3,5,17,549,543,419,30,0,0,94,6,5
2020,3,5,18,687,683,493,62,0,4,124,4,2
2020,3,5,19,842,841,573,110,2,1,155,1,3
2020,4,0,10,2,2,1,0,0,0,1,0,0
2020,4,0,11,14,14,11,0,0,0,3,0,0
2020,4,0,12,35,35,24,1,0,0,10,0,4
2020,4,0,13,316,314,261,2,1,0,50,2,6
2020,4,0,14,1242,1227,994,10,0,0,223,15,18
2020,4,0,15,2799,2769,2214,16,0,0,539,30,32
2020,4,0,16,4729,4674,3542,96,1,5,1030,55,79
2020,4,0,17,6527,6445,4676,296,3,5,1465,82,83
2020,4,0,18,8192,8108,5649,563,6,11,1879,84,93
2020,4,0,19,9857,9738,6518,983,7,19,2211,119,120
2020,4,1,10,2,2,1,0,0,0,1,0,0
2020,4,1,11,6,6,5,0,0,0,1,0,0
2020,4,1,12,11,11,9,1,0,0,1,0,0
2020,4,1,13,71,71,54,1,0,0,16,0,0
2020,4,1,14,254,250,182,3,0,0,65,4,5
2020,4,1,15,489,480,350,4,0,0,126,9,5
2020,4,1,16,833,826,531,13,0,0,282,7,12
2020,4,1,17,1061,1050,620,40,1,2,387,11,6
2020,4,1,18,1263,1243,702,78,3,2,458,20,13
2020,4,1,19,1404,1379,770,89,1,2,517,25,16
2020,4,2,11,7,7,5,0,0,0,2,0,0
2020,4,2,12,12,12,8,0,0,0,4,0,3
2020,4,2,13,126,125,99,0,1,0,25,1,5
2020,4,2,14,482,472,366,4,0,0,102,10,7
2020,4,2,15,1054,1038,776,7,0,0,255,16,19
2020,4,2,16,1718,1683,1201,38,1,4,439,35,49
2020,4,2,17,2283,2241,1534,93,1,1,612,42,57
2020,4,2,18,2819,2773,1865,156,1,3,748,46,62
2020,4,2,19,3145,3088,2014,269,2,3,800,57,85
2020,4,3,11,1,1,1,0,0,0,0,0,0
2020,4,3,12,7,7,5,0,0,0,2,0,1
2020,4,3,13,76,75,68,1,0,0,6,1,0
2020,4,3,14,313,313,284,0,0,0,29,0,5
2020,4,3,15,774,770,692,3,0,0,75,4,5
2020,4,3,16,1313,1304,1135,21,0,1,147,9,15
2020,4,3,17,2025,2006,1642,110,0,0,254,19,13
2020,4,3,18,2587,2575,1996,192,2,3,382,12,13
2020,4,3,19,3381,3357,2376,442,2,9,528,24,9
2020,4,4,12,2,2,1,0,0,0,1,0,0
2020,4,4,13,18,18,16,0,0,0,2,0,0
2020,4,4,14,101,100,88,0,0,0,12,1,0
2020,4,4,15,249,249,200,2,0,0,47,0,1
2020,4,4,16,439,435,344,9,0,0,82,4,1
2020,4,4,17,613,606,483,29,0,1,93,7,1
2020,4,4,18,820,818,590,66,0,1,161,2,4
2020,4,4,19,1126,1119,782,97,1,4,235,7,1
2020,4,5,12,3,3,1,0,0,0,2,0,0
2020,4,5,13,25,25,24,0,0,0,1,0,1
2020,4,5,14,92,92,74,3,0,0,15,0,1
2020,4,5,15,233,232,196,0,0,0,36,1,2
2020,4,5,16,426,426,331,15,0,0,80,0,2
2020,4,5,17,545,542,397,24,1,1,119,3,6
2020,4,5,18,703,699,496,71,0,2,130,4,1
2020,4,5,19,801,795,576,86,1,1,131,6,9
2020,5,0,10,1,1,0,0,0,0,1,0,0
2020,5,0,11,7,7,5,1,0,0,1,0,0
2020,5,0,12,34,33,30,0,0,0,3,1,2
2020,5,0,13,310,307,261,1,0,0,45,3,6
2020,5,0,14,1227,1212,1009,5,0,0,198,15,13
2020,5,0,15,2704,2668,2153,17,0,0,498,36,46
2020,5,0,16,4775,4727,3646,87,3,1,990,48,66
2020,5,0,17,6730,6654,4905,260,2,9,1478,76,83
2020,5,0,18,8267,8189,5656,580,2,6,1945,78,106
2020,5,0,19,9964,9864,6631,982,8,24,2219,100,116
2020,5,1,10,1,1,0,0,0,0,1,0,0
2020,5,1,12,14,14,13,0,0,0,1,0,0
2020,5,1,13,66,64,48,1,0,0,15,2,1
2020,5,1,14,238,236,173,2,0,0,61,2,2
2020,5,1,15,504,495,357,2,0,0,136,9,5
2020,5,1,16,882,869,577,7,0,0,285,13,8
2020,5,1,17,1047,1042,642,30,1,0,369,5,8
2020,5,1,18,1323,1310,777,59,1,0,473,13,18
2020,5,1,19,1488,1468,804,102,2,3,557,20,22
2020,5,2,11,6,6,4,1,0,0,1,0,0
2020,5,2,12,12,11,10,0,0,0,1,1,1
2020,5,2,13,130,129,107,0,0,0,22,1,4
2020,5,2,14,487,476,381,1,0,0,94,11,8
2020,5,2,15,1012,997,773,11,0,0,213,15,32
2020,5,2,16,1750,1728,1266,37,2,0,423,22,36
2020,5,2,17,2426,2382,1675,90,0,1,616,44,52
2020,5,2,18,2831,2794,1830,165,1,2,796,37,69
2020,5,2,19,3160,3106,2017,268,3,7,811,54,64
2020,5,3,11,1,1,1,0,0,0,0,0,0
2020,5,3,12,2,2,2,0,0,0,0,0,0
2020,5,3,13,70,70,64,0,0,0,6,0,1
2020,5,3,14,298,298,275,1,0,0,22,0,1
2020,5,3,15,777,766,683,3,0,0,80,11,8
2020,5,3,16,1324,1317,1137,23,1,1,155,7,14
2020,5,3,17,2061,2043,1679,89,1,4,270,18,18
2020,5,3,18,2547,2530,1934,212,0,3,381,17,12
2020,5,3,19,3373,3355,2465,364,2,6,518,18,20
2020,5,4,13,14,14,13,0,0,0,1,0,0
2020,5,4,14,114,112,101,0,0,0,11,2,0
2020,5,4,15,223,222,182,1,0,0,39,1,1
2020,5,4,16,422,420,349,9,0,0,62,2,3
2020,5,4,17,666,662,507,27,0,3,125,4,0
2020,5,4,18,880,875,634,75,0,0,166,5,2
2020,5,4,19,1137,1132,808,129,0,5,190,5,4
2020,5,5,12,6,6,5,0,0,0,1,0,1
2020,5,5,13,30,30,29,0,0,0,1,0,0
2020,5,5,14,90,90,79,1,0,0,10,0,2
2020,5,5,15,188,188,158,0,0,0,30,0,0
2020,5,5,16,397,393,317,11,0,0,65,4,5
2020,5,5,17,530,525,402,24,0,1,98,5,5
2020,5,5,18,686,680,481,69,0,1,129,6,5
2020,5,5,19,806,803,537,119,1,3,143,3,6
2020,6,0,11,16,16,12,1,0,0,3,0,0
2020,6,0,12,48,47,43,0,0,0,4,1,2
2020,6,0,13,265,260,217,1,0,0,42,5,5
2020,6,0,14,1150,1145,946,10,0,0,189,5,17
2020,6,0,15,2783,2739,2221,18,1,0,499,44,51
2020,6,0,16,4555,4503,3455,98,1,1,948,52,80
2020,6,0,17,6225,6158,4527,233,4,3,1391,67,87
2020,6,0,18,7872,7798,5456,532,3,9,1798,74,121
2020,6,0,19,9212,9118,6112,901,3,12,2090,94,141
2020,6,1,11,1,1,1,0,0,0,0,0,0
2020,6,1,12,10,10,8,0,0,0,2,0,0
2020,6,1,13,70,70,55,0,0,0,15,0,1
2020,6,1,14,214,212,168,4,0,0,40,2,1
2020,6,1,15,505,497,348,3,0,0,146,8,4
2020,6,1,16,827,817,543,13,0,0,261,10,6
2020,6,1,17,1037,1021,642,44,1,0,334,16,11
2020,6,1,18,1265,1258,729,53,2,4,470,7,17
2020,6,1,19,1354,1340,733,117,1,3,486,14,11
2020,6,2,11,7,7,5,0,0,0,2,0,0
2020,6,2,12,24,24,22,0,0,0,2,0,2
2020,6,2,13,109,104,83,0,0,0,21,5,4
2020,6,2,14,458,455,349,5,0,0,101,3,10
2020,6,2,15,1049,1025,799,10,0,0,216,24,33
2020,6,2,16,1651,1626,1180,38,0,1,407,25,53
2020,6,2,17,2253,2216,1542,65,1,2,606,37,59
2020,6,2,18,2721,2676,1816,163,0,2,695,45,74
2020,6,2,19,2956,2898,1859,264,0,2,773,58,99
2020,6,3,11,5,5,4,1,0,0,0,0,0
2020,6,3,12,10,10,10,0,0,0,0,0,0
2020,6,3,13,55,55,51,1,0,0,3,0,0
2020,6,3,14,293,293,271,0,0,0,22,0,3
2020,6,3,15,742,732,668,2,1,0,61,10,9
2020,6,3,16,1277,1266,1101,20,1,0,144,11,10
2020,6,3,17,1784,1779,1464,73,1,1,240,5,9
2020,6,3,18,2426,2413,1858,198,1,0,356,13,20
2020,6,3,19,3036,3023,2220,319,2,6,476,13,22
2020,6,4,12,2,1,1,0,0,0,0,1,0
2020,6,4,13,10,10,9,0,0,0,1,0,0
2020,6,4,14,91,91,79,0,0,0,12,0,1
2020,6,4,15,294,293,243,2,0,0,48,1,1
2020,6,4,16,422,421,331,17,0,0,73,1,5
2020,6,4,17,639,633,476,27,0,0,130,6,5
2020,6,4,18,820,816,599,64,0,2,151,4,7
2020,6,4,19,1127,1121,789,108,0,0,224,6,5
2020,6,5,11,3,3,2,0,0,0,1,0,0
2020,6,5,12,2,2,2,0,0,0,0,0,0
2020,6,5,13,21,21,19,0,0,0,2,0,0
2020,6,5,14,94,94,79,1,0,0,14,0,2
2020,6,5,15,193,192,163,1,0,0,28,1,4
2020,6,5,16,378,373,300,10,0,0,63,5,6
2020,6,5,17,512,509,403,24,1,0,81,3,3
2020,6,5,18,640,635,454,54,0,1,126,5,3
2020,6,5,19,739,736,511,93,0,1,131,3,4
2020,7,0,11,8,8,5,1,0,0,2,0,0
2020,7,0,12,49,49,45,0,0,0,4,0,1
2020,7,0,13,299,294,253,4,0,0,37,5,5
2020,7,0,14,1163,1152,962,9,0,0,181,11,24
2020,7,0,15,2747,2719,2193,15,0,1,510,28,41
2020,7,0,16,4551,4488,3439,87,0,3,959,63,70
2020,7,0,17,6273,6204,4610,249,1,6,1338,69,88
2020,7,0,18,7950,7862,5502,535,5,13,1807,88,102
2020,7,0,19,9534,9433,6309,954,3,14,2153,101,142
2020,7,1,11,1,1,1,0,0,0,0,0,0
2020,7,1,12,10,10,8,0,0,0,2,0,0
2020,7,1,13,73,71,53,3,0,0,15,2,0
2020,7,1,14,226,223,168,3,0,0,52,3,5
2020,7,1,15,525,519,364,3,0,1,151,6,5
2020,7,1,16,813,802,520,14,0,1,267,11,9
2020,7,1,17,1083,1071,656,29,0,0,386,12,4
2020,7,1,18,1351,1338,773,75,0,3,487,13,14
2020,7,1,19,1459,1444,800,113,0,1,530,15,13
2020,7,2,11,3,3,2,0,0,0,1,0,0
2020,7,2,12,19,19,18,0,0,0,1,0,0
2020,7,2,13,112,111,92,1,0,0,18,1,3
2020,7,2,14,455,449,357,6,0,0,86,6,14
2020,7,2,15,1071,1058,827,5,0,0,226,13,18
2020,7,2,16,1644,1617,1174,30,0,0,413,27,44
2020,7,2,17,2279,2242,1607,84,0,4,547,37,63
2020,7,2,18,2670,2635,1772,164,4,2,693,35,62
2020,7,2,19,3140,3091,2013,272,2,3,801,49,100
2020,7,3,11,2,2,0,1,0,0,1,0,0
2020,7,3,12,15,15,15,0,0,0,0,0,0
2020,7,3,13,67,65,64,0,0,0,1,2,0
2020,7,3,14,280,280,255,0,0,0,25,0,1
2020,7,3,15,689,684,615,1,0,0,68,5,12
2020,7,3,16,1307,1288,1137,20,0,0,131,19,8
2020,7,3,17,1768,1758,1489,76,1,0,192,10,14
2020,7,3,18,2378,2355,1826,183,0,5,341,23,13
2020,7,3,19,3108,3086,2254,338,1,6,487,22,18
2020,7,4,11,1,1,1,0,0,0,0,0,0
2020,7,4,12,1,1,1,0,0,0,0,0,0
2020,7,4,13,23,23,23,0,0,0,0,0,0
2020,7,4,14,107,106,100,0,0,0,6,1,1
2020,7,4,15,246,244,205,3,0,0,36,2,2
2020,7,4,16,427,426,340,16,0,1,69,1,3
2020,7,4,17,584,583,443,34,0,1,105,1,2
2020,7,4,18,889,879,649,67,1,2,160,10,7
2020,7,4,19,1061,1054,719,133,0,1,201,7,5
2020,7,5,11,1,1,1,0,0,0,0,0,0
2020,7,5,12,4,4,3,0,0,0,1,0,1
2020,7,5,13,24,24,21,0,0,0,3,0,2
2020,7,5,14,95,94,82,0,0,0,12,1,3
2020,7,5,15,216,214,182,3,0,0,29,2,4
2020,7,5,16,360,355,268,7,0,1,79,5,6
2020,7,5,17,559,550,415,26,0,1,108,9,5
2020,7,5,18,662,655,482,46,0,1,126,7,6
2020,7,5,19,766,758,523,98,0,3,134,8,6
2020,8,0,10,1,1,0,0,0,0,1,0,0
2020,8,0,11,14,14,11,1,0,0,2,0,0
2020,8,0,12,51,51,43,0,0,0,8,0,0
2020,8,0,13,287,284,253,1,0,0,30,3,5
2020,8,0,14,1132,1116,914,4,0,0,198,16,21
2020,8,0,15,2719,2688,2179,10,0,1,498,31,48
2020,8,0,16,4495,4444,3379,85,3,2,975,51,75
2020,8,0,17,6129,6059,4491,226,3,3,1336,70,96
2020,8,0,18,7637,7547,5356,448,5,5,1733,90,129
2020,8,0,19,9081,8994,6074,865,7,15,2033,87,132
2020,8,1,10,1,1,0,0,0,0,1,0,0
2020,8,1,11,5,5,4,0,0,0,1,0,0
2020,8,1,12,12,12,11,0,0,0,1,0,0
2020,8,1,13,76,75,64,0,0,0,11,1,0
2020,8,1,14,256,254,189,1,0,0,64,2,1
2020,8,1,15,489,482,352,2,0,0,128,7,7
2020,8,1,16,805,799,516,17,0,1,265,6,9
2020,8,1,17,1132,1119,717,25,0,1,376,13,19
2020,8,1,18,1308,1288,762,58,3,1,464,20,31
2020,8,1,19,1430,1417,815,104,2,1,495,13,18
2020,8,2,11,7,7,5,1,0,0,1,0,0
2020,8,2,12,20,20,15,0,0,0,5,0,0
2020,8,2,13,100,98,85,0,0,0,13,2,4
2020,8,2,14,440,434,348,1,0,0,85,6,13
2020,8,2,15,1033,1017,768,6,0,1,242,16,34
2020,8,2,16,1645,1619,1162,32,2,1,422,26,50
2020,8,2,17,2140,2102,1489,70,2,0,541,38,48
2020,8,2,18,2595,2556,1729,137,1,1,688,39,73
2020,8,2,19,2896,2849,1822,244,3,4,776,47,79
2020,8,3,11,2,2,2,0,0,0,0,0,0
2020,8,3,12,11,11,11,0,0,0,0,0,0
2020,8,3,13,65,65,63,0,0,0,2,0,0
2020,8,3,14,274,269,247,1,0,0,21,5,4
2020,8,3,15,748,743,668,1,0,0,74,5,5
2020,8,3,16,1225,1213,1050,18,1,0,144,12,11
2020,8,3,17,1755,1741,1428,81,1,1,230,14,19
2020,8,3,18,2289,2271,1785,155,1,2,328,18,17
2020,8,3,19,2935,2916,2170,312,2,7,425,19,22
2020,8,4,12,3,3,2,0,0,0,1,0,0
2020,8,4,13,17,17,16,0,0,0,1,0,0
2020,8,4,14,87,85,68,0,0,0,17,2,1
2020,8,4,15,220,217,188,0,0,0,29,3,1
2020,8,4,16,458,456,367,10,0,0,79,2,3
2020,8,4,17,604,603,477,22,0,1,103,1,3
2020,8,4,18,823,819,620,53,0,0,146,4,3
2020,8,4,19,1021,1017,710,115,0,2,190,4,5
2020,8,5,12,5,5,4,0,0,0,1,0,0
2020,8,5,13,29,29,25,1,0,0,3,0,1
2020,8,5,14,75,74,62,1,0,0,11,1,2
2020,8,5,15,229,229,203,1,0,0,25,0,1
2020,8,5,16,362,357,284,8,0,0,65,5,2
2020,8,5,17,498,494,380,28,0,0,86,4,7
2020,8,5,18,622,613,460,45,0,1,107,9,5
2020,8,5,19,799,795,557,90,0,1,147,4,8
2020,9,0,11,8,8,6,0,0,0,2,0,0
2020,9,0,12,40,40,36,0,0,0,4,0,1
2020,9,0,13,251,247,215,3,0,0,29,4,5
2020,9,0,14,1145,1131,928,4,0,1,198,14,21
2020,9,0,15,2785,2751,2251,16,0,1,483,34,50
2020,9,0,16,4452,4397,3363,74,1,7,952,55,85
2020,9,0,17,6106,6026,4455,241,1,3,1326,80,92
2020,9,0,18,7753,7672,5468,440,3,12,1749,81,105
2020,9,0,19,9069,8962,6026,816,2,14,2104,107,126
2020,9,1,11,1,1,1,0,0,0,0,0,0
2020,9,1,12,9,9,7,0,0,0,2,0,0
2020,9,1,13,62,62,51,1,0,0,10,0,0
2020,9,1,14,252,250,185,0,0,0,65,2,1
2020,9,1,15,546,543,389,4,0,0,150,3,9
2020,9,1,16,845,838,541,6,0,1,290,7,14
2020,9,1,17,1143,1128,698,34,0,1,395,15,18
2020,9,1,18,1359,1344,817,61,2,1,463,15,23
2020,9,1,19,1458,1440,767,101,1,0,571,18,16
2020,9,2,11,3,3,1,0,0,0,2,0,0
2020,9,2,12,20,20,18,0,0,0,2,0,1
2020,9,2,13,96,93,77,1,0,0,15,3,1
2020,9,2,14,422,413,317,2,0,0,94,9,15
2020,9,2,15,1054,1031,821,5,0,1,204,23,30
2020,9,2,16,1614,1581,1144,21,1,4,411,33,63
2020,9,2,17,2183,2143,1539,73,1,1,529,40,58
2020,9,2,18,2617,2581,1766,125,0,5,685,36,61
2020,9,2,19,2902,2861,1869,223,0,4,765,41,74
2020,9,3,12,6,6,6,0,0,0,0,0,0
2020,9,3,13,63,63,62,0,0,0,1,0,2
2020,9,3,14,279,279,254,1,0,1,23,0,2
2020,9,3,15,754,748,678,4,0,0,66,6,4
2020,9,3,16,1198,1187,1025,28,0,1,133,11,4
2020,9,3,17,1709,1690,1396,80,0,0,214,19,12
2020,9,3,18,2344,2323,1829,145,1,4,344,21,14
2020,9,3,19,2933,2908,2183,283,1,6,435,25,20
2020,9,4,11,2,2,2,0,0,0,0,0,0
2020,9,4,12,4,4,4,0,0,0,0,0,0
2020,9,4,13,10,10,8,0,0,0,2,0,1
2020,9,4,14,101,100,90,0,0,0,10,1,0
2020,9,4,15,230,228,192,1,0,0,35,2,3
2020,9,4,16,456,454,386,12,0,0,56,2,1
2020,9,4,17,595,592,455,25,0,0,112,3,3
2020,9,4,18,825,819,611,55,0,1,152,6,2
2020,9,4,19,1034,1024,713,116,0,4,191,10,7
2020,9,5,11,2,2,2,0,0,0,0,0,0
2020,9,5,12,1,1,1,0,0,0,0,0,0
2020,9,5,13,20,19,17,1,0,0,1,1,1
2020,9,5,14,91,89,82,1,0,0,6,2,3
2020,9,5,15,201,201,171,2,0,0,28,0,4
2020,9,5,16,339,337,267,7,0,1,62,2,3
2020,9,5,17,476,473,367,29,0,1,76,3,1
2020,9,5,18,608,605,445,54,0,1,105,3,5
2020,9,5,19,742,729,494,93,0,0,142,13,9
2020,10,0,11,9,9,6,2,0,0,1,0,1
2020,10,0,12,30,30,27,0,0,0,3,0,0
2020,10,0,13,276,269,237,1,0,0,31,7,5
2020,10,0,14,1138,1124,921,9,0,0,194,14,24
2020,10,0,15,2648,2617,2060,21,0,2,534,31,33
2020,10,0,16,4438,4394,3327,84,0,3,980,44,66
2020,10,0,17,5756,5683,4214,225,3,3,1238,73,69
2020,10,0,18,7264,7177,5005,423,4,9,1736,87,115
2020,10,0,19,8800,8705,5887,814,6,17,1981,95,129
2020,10,1,11,2,2,0,1,0,0,1,0,0
2020,10,1,12,7,7,5,0,0,0,2,0,0
2020,10,1,13,65,63,52,0,0,0,11,2,1
2020,10,1,14,223,218,160,5,0,0,53,5,4
2020,10,1,15,537,535,373,6,0,0,156,2,4
2020,10,1,16,837,826,515,16,0,0,295,11,10
2020,10,1,17,1106,1092,687,35,1,2,367,14,11
2020,10,1,18,1317,1301,783,59,0,1,458,16,14
2020,10,1,19,1423,1401,814,110,1,3,473,22,10
2020,10,2,11,3,3,3,0,0,0,0,0,0
2020,10,2,12,14,14,14,0,0,0,0,0,0
2020,10,2,13,117,113,97,0,0,0,16,4,2
2020,10,2,14,460,454,365,1,0,0,88,6,15
2020,10,2,15,980,958,716,9,0,2,231,22,26
2020,10,2,16,1569,1548,1105,22,0,1,420,21,43
2020,10,2,17,2070,2028,1459,67,2,0,500,42,48
2020,10,2,18,2527,2478,1619,151,3,4,701,49,83
2020,10,2,19,2879,2838,1802,253,3,2,778,41,88
2020,10,3,11,2,2,2,0,0,0,0,0,1
2020,10,3,12,2,2,2,0,0,0,0,0,0
2020,10,3,13,48,48,47,1,0,0,0,0,1
2020,10,3,14,269,266,236,0,0,0,30,3,2
2020,10,3,15,703,700,618,3,0,0,79,3,1
2020,10,3,16,1214,1207,1049,21,0,1,136,7,5
2020,10,3,17,1600,1589,1339,65,0,0,185,11,5
2020,10,3,18,2148,2136,1678,123,1,3,331,12,9
2020,10,3,19,2747,2728,2025,281,0,10,412,19,19
2020,10,4,12,2,2,2,0,0,0,0,0,0
2020,10,4,13,22,21,20,0,0,0,1,1,0
2020,10,4,14,98,98,83,1,0,0,14,0,0
2020,10,4,15,206,203,162,2,0,0,39,3,0
2020,10,4,16,449,446,371,12,0,0,63,3,2
2020,10,4,17,535,530,392,30,0,1,107,5,2
2020,10,4,18,691,687,497,46,0,1,143,4,5
2020,10,4,19,1028,1019,739,93,2,0,185,9,0
2020,10,5,11,2,2,1,1,0,0,0,0,0
2020,10,5,12,5,5,4,0,0,0,1,0,0
2020,10,5,13,24,24,21,0,0,0,3,0,1
2020,10,5,14,88,88,77,2,0,0,9,0,3
2020,10,5,15,222,221,191,1,0,0,29,1,2
2020,10,5,16,369,367,287,13,0,1,66,2,6
2020,10,5,17,445,444,337,28,0,0,79,1,3
2020,10,5,18,581,575,428,44,0,0,103,6,4
2020,10,5,19,723,719,507,77,0,2,133,4,12
2020,11,0,11,6,6,4,0,0,0,2,0,0
2020,11,0,12,39,39,34,0,0,1,4,0,0
2020,11,0,13,243,239,204,2,0,0,33,4,9
2020,11,0,14,946,934,733,8,0,1,192,12,10
2020,11,0,15,2507,2471,1987,11,0,2,471,36,47
2020,11,0,16,3929,3885,2987,82,4,4,808,44,55
2020,11,0,17,5574,5504,4075,196,1,8,1224,70,83
2020,11,0,18,7142,7049,4986,450,1,6,1606,93,99
2020,11,0,19,8414,8334,5666,780,4,20,1864,80,107
2020,11,1,11,2,2,2,0,0,0,0,0,0
2020,11,1,12,12,12,12,0,0,0,0,0,0
2020,11,1,13,63,62,50,0,0,0,12,1,0
2020,11,1,14,208,204,139,2,0,1,62,4,1
2020,11,1,15,509,499,362,2,0,0,135,10,7
2020,11,1,16,750,739,498,9,0,0,232,11,8
2020,11,1,17,1023,1014,605,30,1,0,378,9,13
2020,11,1,18,1144,1128,642,63,0,0,423,16,11
2020,11,1,19,1312,1299,709,101,1,3,485,13,18
2020,11,2,11,1,1,0,0,0,0,1,0,0
2020,11,2,12,16,16,14,0,0,1,1,0,0
2020,11,2,13,84,82,69,0,0,0,13,2,6
2020,11,2,14,369,362,265,4,0,0,93,7,7
2020,11,2,15,932,915,695,5,0,2,213,17,31
2020,11,2,16,1415,1393,992,32,3,2,364,22,34
2020,11,2,17,1914,1877,1331,59,0,3,484,37,52
2020,11,2,18,2474,2421,1648,135,0,1,637,53,59
2020,11,2,19,2657,2619,1714,214,0,5,686,38,71
2020,11,3,11,3,3,2,0,0,0,1,0,0
2020,11,3,12,3,3,3,0,0,0,0,0,0
2020,11,3,13,56,56,55,0,0,0,1,0,1
2020,11,3,14,242,241,222,1,0,0,18,1,2
2020,11,3,15,671,666,595,2,0,0,69,5,6
2020,11,3,16,1070,1065,936,25,1,2,101,5,4
2020,11,3,17,1684,1668,1399,65,0,4,200,16,9
2020,11,3,18,2196,2184,1720,153,0,3,308,12,15
2020,11,3,19,2793,2780,2077,301,2,3,397,13,8
2020,11,4,12,2,2,1,0,0,0,1,0,0
2020,11,4,13,14,14,13,0,0,0,1,0,0
2020,11,4,14,69,69,59,1,0,0,9,0,0
2020,11,4,15,206,204,180,1,0,0,23,2,0
2020,11,4,16,374,371,300,9,0,0,62,3,2
2020,11,4,17,511,508,392,23,0,0,93,3,4
2020,11,4,18,762,753,563,52,0,1,137,9,4
2020,11,4,19,953,943,689,84,0,4,166,10,1
2020,11,5,12,6,6,4,0,0,0,2,0,0
2020,11,5,13,26,25,17,2,0,0,6,1,2
2020,11,5,14,58,58,48,0,0,0,10,0,0
2020,11,5,15,189,187,155,1,0,0,31,2,3
2020,11,5,16,320,317,261,7,0,0,49,3,7
2020,11,5,17,442,437,348,19,0,1,69,5,5
2020,11,5,18,566,563,413,47,1,1,101,3,10
2020,11,5,19,699,693,477,80,1,5,130,6,9
2020,12,0,11,7,7,6,0,0,0,1,0,0
2020,12,0,12,30,30,27,1,0,0,2,0,0
2020,12,0,13,248,242,207,0,0,1,34,6,2
2020,12,0,14,1071,1054,868,8,0,1,177,17,19
2020,12,0,15,2554,2518,2020,20,2,2,474,36,37
2020,12,0,16,4176,4134,3141,81,1,2,909,42,61
2020,12,0,17,5865,5798,4219,229,0,7,1343,67,91
2020,12,0,18,7180,7108,5005,459,3,9,1632,72,90
2020,12,0,19,8902,8795,5915,823,6,9,2042,107,108
2020,12,1,11,2,2,1,0,0,0,1,0,0
2020,12,1,12,6,6,5,0,0,0,1,0,0
2020,12,1,13,64,61,47,0,0,0,14,3,0
2020,12,1,14,220,215,160,3,0,0,52,5,1
2020,12,1,15,479,472,332,3,1,0,136,7,3
2020,12,1,16,824,813,539,18,0,0,256,11,3
2020,12,1,17,1055,1049,642,31,0,1,375,6,9
2020,12,1,18,1186,1173,679,58,2,0,434,13,12
2020,12,1,19,1372,1353,738,88,2,2,523,19,9
2020,12,2,11,4,4,4,0,0,0,0,0,0
2020,12,2,12,9,9,8,1,0,0,0,0,0
2020,12,2,13,92,90,75,0,0,0,15,2,1
2020,12,2,14,387,381,301,2,0,1,77,6,12
2020,12,2,15,945,932,698,12,1,1,220,13,25
2020,12,2,16,1480,1461,1051,31,1,1,377,19,47
2020,12,2,17,1988,1950,1339,69,0,4,538,38,54
2020,12,2,18,2353,2319,1575,118,0,4,622,34,53
2020,12,2,19,2766,2714,1727,222,2,4,759,52,75
2020,12,3,11,1,1,1,0,0,0,0,0,0
2020,12,3,12,7,7,7,0,0,0,0,0,0
2020,12,3,13,50,50,47,0,0,0,3,0,1
2020,12,3,14,268,267,240,1,0,0,26,1,5
2020,12,3,15,677,665,608,2,0,1,54,12,6
2020,12,3,16,1128,1124,968,20,0,1,135,4,6
2020,12,3,17,1803,1784,1470,73,0,2,239,19,19
2020,12,3,18,2307,2292,1774,170,0,3,345,15,17
2020,12,3,19,2906,2880,2163,293,1,2,421,26,13
2020,12,4,12,2,2,2,0,0,0,0,0,0
2020,12,4,13,26,26,24,0,0,1,1,0,0
2020,12,4,14,97,94,83,0,0,0,11,3,0
2020,12,4,15,224,223,186,1,0,0,36,1,0
2020,12,4,16,421,415,330,9,0,0,76,6,4
2020,12,4,17,569,567,429,32,0,0,106,2,0
2020,12,4,18,753,746,559,70,1,1,115,7,2
2020,12,4,19,1142,1135,807,126,0,0,202,7,2
2020,12,5,12,6,6,5,0,0,0,1,0,0
2020,12,5,13,16,15,14,0,0,0,1,1,0
2020,12,5,14,99,97,84,2,0,0,11,2,1
2020,12,5,15,229,226,196,2,0,0,28,3,3
2020,12,5,16,323,321,253,3,0,0,65,2,1
2020,12,5,17,450,448,339,24,0,0,85,2,9
2020,12,5,18,581,578,418,43,0,1,116,3,6
2020,12,5,19,716,713,480,94,1,1,137,3,9
2021,1,0,11,9,9,8,0,0,0,1,0,0
2021,1,0,12,53,53,44,1,0,0,8,0,0
2021,1,0,13,272,267,230,3,0,0,34,5,3
2021,1,0,14,1138,1131,936,2,0,0,193,7,22
2021,1,0,15,2668,2643,2109,27,2,0,505,25,42
2021,1,0,16,4317,4257,3252,93,3,3,906,60,48
2021,1,0,17,6089,6009,4396,248,0,5,1360,80,93
2021,1,0,18,7380,7274,5062,480,3,12,1717,106,78
2021,1,0,19,9158,9073,6094,856,2,19,2102,85,102
2021,1,1,11,2,2,2,0,0,0,0,0,0
2021,1,1,12,7,7,4,0,0,0,3,0,0
2021,1,1,13,60,57,45,2,0,0,10,3,0
2021,1,1,14,228,228,174,0,0,0,54,0,1
2021,1,1,15,490,486,333,7,0,0,146,4,4
2021,1,1,16,798,786,519,19,0,0,248,12,6
2021,1,1,17,1006,997,632,32,0,2,331,9,10
2021,1,1,18,1191,1167,665,64,0,3,435,24,6
2021,1,1,19,1365,1351,741,98,1,3,508,14,17
2021,1,2,11,3,3,2,0,0,0,1,0,0
2021,1,2,12,23,23,20,1,0,0,2,0,0
2021,1,2,13,96,95,79,0,0,0,16,1,2
2021,1,2,14,431,427,337,0,0,0,90,4,17
2021,1,2,15,1008,992,752,11,2,0,227,16,32
2021,1,2,16,1469,1441,1027,35,1,1,377,28,34
2021,1,2,17,1999,1956,1325,87,0,2,542,43,68
2021,1,2,18,2406,2360,1530,144,1,4,681,46,54
2021,1,2,19,2853,2817,1810,217,0,4,786,36,64
2021,1,3,11,2,2,2,0,0,0,0,0,0
2021,1,3,12,8,8,8,0,0,0,0,0,0
2021,1,3,13,70,69,65,0,0,0,4,1,1
2021,1,3,14,285,283,258,1,0,0,24,2,4
2021,1,3,15,724,720,638,3,0,0,79,4,3
2021,1,3,16,1261,1255,1069,18,1,2,165,6,4
2021,1,3,17,1873,1853,1518,70,0,0,265,20,8
2021,1,3,18,2383,2359,1862,160,1,3,333,24,7
2021,1,3,19,3066,3050,2219,330,0,8,493,16,10
2021,1,4,11,1,1,1,0,0,0,0,0,0
2021,1,4,12,7,7,7,0,0,0,0,0,0
2021,1,4,13,25,25,23,0,0,0,2,0,0
2021,1,4,14,95,95,84,1,0,0,10,0,0
2021,1,4,15,221,221,193,2,0,0,26,0,1
2021,1,4,16,444,436,362,12,1,0,61,8,2
2021,1,4,17,690,685,527,35,0,0,123,5,4
2021,1,4,18,803,797,587,58,0,2,150,6,5
2021,1,4,19,1088,1078,759,126,1,2,190,10,9
2021,1,5,11,1,1,1,0,0,0,0,0,0
2021,1,5,12,8,8,5,0,0,0,3,0,0
2021,1,5,13,21,21,18,1,0,0,2,0,0
2021,1,5,14,99,98,83,0,0,0,15,1,0
2021,1,5,15,225,224,193,4,0,0,27,1,2
2021,1,5,16,345,339,275,9,0,0,55,6,2
2021,1,5,17,521,518,394,24,0,1,99,3,3
2021,1,5,18,597,591,418,54,1,0,118,6,6
2021,1,5,19,786,777,565,85,0,2,125,9,2
2021,2,0,11,12,12,7,2,0,0,3,0,2
2021,2,0,12,59,56,46,1,0,0,9,3,1
2021,2,0,13,291,283,229,2,0,0,52,8,9
2021,2,0,14,1069,1053,891,5,0,0,157,16,15
2021,2,0,15,2543,2512,2024,20,0,1,467,31,41
2021,2,0,16,4053,3995,3050,85,1,4,855,58,58
2021,2,0,17,5683,5613,4130,217,2,1,1263,70,84
2021,2,0,18,7007,6935,4949,430,1,8,1547,72,97
2021,2,0,19,8526,8412,5763,759,6,17,1867,114,105
2021,2,1,11,1,1,0,0,0,0,1,0,0
2021,2,1,12,16,16,14,0,0,0,2,0,0
2021,2,1,13,67,65,50,1,0,0,14,2,0
2021,2,1,14,219,217,165,1,0,0,51,2,0
2021,2,1,15,463,457,321,3,0,0,133,6,1
2021,2,1,16,688,682,452,9,0,1,220,6,10
2021,2,1,17,1054,1042,667,25,1,0,349,12,9
2021,2,1,18,1141,1131,696,55,1,1,378,10,10
2021,2,1,19,1262,1246,714,85,1,1,445,16,12
2021,2,2,11,3,3,2,0,0,0,1,0,0
2021,2,2,12,22,20,16,1,0,0,3,2,0
2021,2,2,13,121,115,91,1,0,0,23,6,7
2021,2,2,14,397,385,318,0,0,0,67,12,12
2021,2,2,15,950,932,706,9,0,0,217,18,36
2021,2,2,16,1430,1403,980,34,0,1,388,27,40
2021,2,2,17,1906,1865,1277,75,1,0,512,41,62
2021,2,2,18,2235,2203,1480,125,0,3,595,32,68
2021,2,2,19,2610,2558,1691,198,3,4,662,52,75
2021,2,3,11,6,6,5,1,0,0,0,0,0
2021,2,3,12,10,9,9,0,0,0,0,1,0
2021,2,3,13,52,52,46,0,0,0,6,0,0
2021,2,3,14,275,273,255,2,0,0,16,2,0
2021,2,3,15,696,690,631,3,0,0,56,6,0
2021,2,3,16,1190,1177,1017,29,1,1,129,13,4
2021,2,3,17,1664,1653,1362,73,0,1,217,11,7
2021,2,3,18,2223,2202,1737,153,0,2,310,21,13
2021,2,3,19,2915,2886,2142,317,2,10,415,29,13
2021,2,4,12,6,6,5,0,0,0,1,0,0
2021,2,4,13,20,20,16,0,0,0,4,0,0
2021,2,4,14,91,91,77,0,0,0,14,0,1
2021,2,4,15,221,221,184,2,0,1,34,0,1
2021,2,4,16,421,414,343,6,0,0,65,7,2
2021,2,4,17,566,564,438,22,0,0,104,2,3
2021,2,4,18,774,771,578,48,0,1,144,3,1
2021,2,4,19,1006,998,695,91,0,1,211,8,2
2021,2,5,11,2,2,0,1,0,0,1,0,2
2021,2,5,12,5,5,2,0,0,0,3,0,1
2021,2,5,13,31,31,26,0,0,0,5,0,2
2021,2,5,14,87,87,76,2,0,0,9,0,2
2021,2,5,15,213,212,182,3,0,0,27,1,3
2021,2,5,16,324,319,258,7,0,1,53,5,2
2021,2,5,17,493,489,386,22,0,0,81,4,3
2021,2,5,18,634,628,458,49,0,1,120,6,5
2021,2,5,19,733,724,521,68,0,1,134,9,3
2021,3,0,11,10,10,9,0,0,0,1,0,1
2021,3,0,12,55,55,50,2,0,0,3,0,0
2021,3,0,13,298,292,261,3,0,0,28,6,4
2021,3,0,14,1181,1169,956,14,0,0,199,12,20
2021,3,0,15,2935,2897,2292,35,0,3,567,38,47
2021,3,0,16,4610,4559,3466,87,2,3,1001,51,66
2021,3,0,17,6394,6307,4644,235,2,7,1419,87,97
2021,3,0,18,7858,7751,5430,515,4,17,1785,107,93
2021,3,0,19,9714,9605,6543,908,3,15,2136,109,123
2021,3,1,11,3,3,3,0,0,0,0,0,0
2021,3,1,12,11,11,10,0,0,0,1,0,0
2021,3,1,13,68,66,56,0,0,0,10,2,0
2021,3,1,14,244,244,184,4,0,0,56,0,3
2021,3,1,15,560,552,391,6,0,1,154,8,6
2021,3,1,16,828,814,537,10,1,0,266,14,11
2021,3,1,17,1100,1086,664,33,0,0,389,14,16
2021,3,1,18,1274,1252,723,66,1,3,459,22,19
2021,3,1,19,1484,1465,809,97,0,2,557,19,20
2021,3,2,11,4,4,3,0,0,0,1,0,1
2021,3,2,12,25,25,23,0,0,0,2,0,0
2021,3,2,13,118,115,101,1,0,0,13,3,4
2021,3,2,14,460,449,356,6,0,0,87,11,15
2021,3,2,15,1048,1030,756,11,0,1,262,18,32
2021,3,2,16,1671,1644,1161,31,0,0,452,27,42
2021,3,2,17,2234,2190,1527,65,1,4,593,44,73
2021,3,2,18,2615,2562,1716,152,2,4,688,53,62
2021,3,2,19,3054,2997,1966,254,3,7,767,57,79
2021,3,3,12,9,9,8,1,0,0,0,0,0
2021,3,3,13,77,77,73,0,0,0,4,0,0
2021,3,3,14,314,313,284,0,0,0,29,1,1
2021,3,3,15,818,809,727,6,0,0,76,9,3
2021,3,3,16,1302,1295,1123,28,0,0,144,7,9
2021,3,3,17,1831,1816,1499,75,0,1,241,15,3
2021,3,3,18,2444,2421,1879,175,1,7,359,23,7
2021,3,3,19,3198,3172,2375,337,0,4,456,26,17
2021,3,4,11,2,2,2,0,0,0,0,0,0
2021,3,4,12,4,4,4,0,0,0,0,0,0
2021,3,4,13,20,20,20,0,0,0,0,0,0
2021,3,4,14,78,78,65,0,0,0,13,0,1
2021,3,4,15,292,292,242,6,0,1,43,0,1
2021,3,4,16,436,434,354,9,0,0,71,2,0
2021,3,4,17,668,659,529,35,0,1,94,9,0
2021,3,4,18,848,843,618,65,0,1,159,5,1
2021,3,4,19,1094,1091,781,114,0,1,195,3,1
2021,3,5,11,1,1,1,0,0,0,0,0,0
2021,3,5,12,6,6,5,1,0,0,0,0,0
2021,3,5,13,15,14,11,2,0,0,1,1,0
2021,3,5,14,85,85,67,4,0,0,14,0,0
2021,3,5,15,217,214,176,6,0,0,32,3,5
2021,3,5,16,373,372,291,9,1,3,68,1,4
2021,3,5,17,561,556,425,27,1,1,102,5,5
2021,3,5,18,677,673,494,57,0,2,120,4,4
2021,3,5,19,884,880,612,106,0,1,161,4,6
2021,4,0,10,2,2,2,0,0,0,0,0,0
2021,4,0,11,10,9,8,1,0,0,0,1,0
2021,4,0,12,51,51,39,1,0,0,11,0,2
2021,4,0,13,346,341,282,5,0,0,54,5,6
2021,4,0,14,1259,1237,1022,12,0,2,201,22,20
2021,4,0,15,2855,2819,2268,21,0,0,530,36,54
2021,4,0,16,4525,4469,3412,84,3,4,966,56,88
2021,4,0,17,6098,6007,4437,224,4,8,1334,91,80
2021,4,0,18,7616,7506,5267,484,4,9,1742,110,106
2021,4,0,19,9458,9317,6252,870,2,15,2178,141,154
2021,4,1,11,2,2,2,0,0,0,0,0,0
2021,4,1,12,13,13,11,0,0,0,2,0,0
2021,4,1,13,91,90,72,3,0,0,15,1,0
2021,4,1,14,290,287,213,4,0,0,70,3,1
2021,4,1,15,544,538,393,5,0,0,140,6,1
2021,4,1,16,866,855,585,16,1,0,253,11,15
2021,4,1,17,1094,1084,686,36,1,2,359,10,7
2021,4,1,18,1214,1203,664,69,1,1,468,11,13
2021,4,1,19,1464,1437,809,104,0,2,522,27,18
2021,4,2,10,1,1,1,0,0,0,0,0,0
2021,4,2,11,3,2,2,0,0,0,0,1,0
2021,4,2,12,19,19,13,0,0,0,6,0,0
2021,4,2,13,149,145,113,1,0,0,31,4,5
2021,4,2,14,498,487,395,3,0,2,87,11,17
2021,4,2,15,1119,1099,841,7,0,0,251,20,48
2021,4,2,16,1682,1649,1185,29,1,3,431,33,63
2021,4,2,17,2185,2133,1519,48,1,5,560,52,60
2021,4,2,18,2698,2632,1795,134,2,4,697,66,73
2021,4,2,19,3130,3053,1942,250,0,3,858,77,115
2021,4,3,11,2,2,1,1,0,0,0,0,0
2021,4,3,12,12,12,11,0,0,0,1,0,0
2021,4,3,13,55,55,51,0,0,0,4,0,0
2021,4,3,14,279,275,255,2,0,0,18,4,0
2021,4,3,15,714,707,636,4,0,0,67,7,2
2021,4,3,16,1212,1203,1037,19,0,0,147,9,5
2021,4,3,17,1747,1732,1416,90,1,0,225,15,6
2021,4,3,18,2293,2275,1773,185,1,3,313,18,12
2021,4,3,19,3013,2991,2201,325,2,5,458,22,15
2021,4,4,11,2,2,2,0,0,0,0,0,0
2021,4,4,12,3,3,3,0,0,0,0,0,0
2021,4,4,13,22,22,21,0,0,0,1,0,0
2021,4,4,14,93,91,74,0,0,0,17,2,0
2021,4,4,15,242,242,206,1,0,0,35,0,2
2021,4,4,16,398,395,323,11,0,1,60,3,3
2021,4,4,17,579,573,439,28,0,0,106,6,5
2021,4,4,18,773,765,581,47,0,0,137,8,6
2021,4,4,19,1032,1025,738,103,0,4,180,7,4
2021,4,5,10,1,1,1,0,0,0,0,0,0
2021,4,5,11,1,1,1,0,0,0,0,0,0
2021,4,5,12,4,4,1,1,0,0,2,0,2
2021,4,5,13,29,29,25,1,0,0,3,0,1
2021,4,5,14,99,97,85,3,0,0,9,2,2
2021,4,5,15,236,233,192,4,0,0,37,3,1
2021,4,5,16,367,367,282,9,1,0,75,0,2
2021,4,5,17,493,485,377,22,1,1,84,8,2
2021,4,5,18,638,631,454,49,0,1,127,7,2
2021,4,5,19,819,811,562,88,0,1,160,8,2
2021,5,0,11,9,9,8,0,0,0,1,0,0
2021,5,0,12,70,67,61,2,0,0,4,3,2
2021,5,0,13,302,296,247,4,0,0,45,6,11
2021,5,0,14,1182,1154,928,4,0,1,221,28,28
2021,5,0,15,2915,2859,2267,25,0,1,566,56,54
2021,5,0,16,4724,4661,3547,86,1,2,1025,63,74
2021,5,0,17,6336,6253,4632,245,1,4,1371,83,132
2021,5,0,18,7755,7643,5437,425,3,8,1770,112,135
2021,5,0,19,9736,9615,6525,933,7,22,2128,121,154
2021,5,1,12,21,21,19,0,0,0,2,0,0
2021,5,1,13,63,62,48,0,0,0,14,1,1
2021,5,1,14,257,252,177,2,0,0,73,5,7
2021,5,1,15,591,583,402,4,0,0,177,8,13
2021,5,1,16,831,823,523,11,0,0,289,8,5
2021,5,1,17,1154,1147,730,36,1,1,379,7,26
2021,5,1,18,1305,1291,758,43,1,1,488,14,23
2021,5,1,19,1578,1564,917,106,1,4,536,14,27
2021,5,2,11,7,7,6,0,0,0,1,0,0
2021,5,2,12,22,21,18,1,0,0,2,1,2
2021,5,2,13,136,133,108,2,0,0,23,3,8
2021,5,2,14,475,459,348,1,0,0,110,16,20
2021,5,2,15,1149,1115,854,11,0,1,249,34,32
2021,5,2,16,1766,1729,1236,32,1,0,460,37,61
2021,5,2,17,2249,2198,1566,69,0,1,562,51,81
2021,5,2,18,2775,2711,1864,135,2,2,708,64,95
2021,5,2,19,3142,3079,2016,263,4,6,790,63,103
2021,5,3,11,2,2,2,0,0,0,0,0,0
2021,5,3,12,11,11,11,0,0,0,0,0,0
2021,5,3,13,62,60,54,0,0,0,6,2,0
2021,5,3,14,273,268,249,0,0,0,19,5,1
2021,5,3,15,706,697,624,5,0,0,68,9,6
2021,5,3,16,1293,1282,1114,21,0,1,146,11,2
2021,5,3,17,1818,1798,1502,71,0,1,224,20,10
2021,5,3,18,2224,2200,1733,153,0,2,312,24,8
2021,5,3,19,3021,2995,2221,340,2,7,425,26,14
2021,5,4,12,6,6,6,0,0,0,0,0,0
2021,5,4,13,25,25,25,0,0,0,0,0,0
2021,5,4,14,87,87,76,1,0,1,9,0,0
2021,5,4,15,244,243,206,1,0,0,36,1,1
2021,5,4,16,445,442,374,6,0,1,61,3,3
2021,5,4,17,588,586,440,34,0,0,112,2,6
2021,5,4,18,804,798,600,47,0,1,150,6,2
2021,5,4,19,1164,1155,809,130,0,2,214,9,4
2021,5,5,12,10,8,7,1,0,0,0,2,0
2021,5,5,13,16,16,12,2,0,0,2,0,2
2021,5,5,14,90,88,78,0,0,0,10,2,0
2021,5,5,15,225,221,181,4,0,0,36,4,2
2021,5,5,16,389,385,300,16,0,0,69,4,3
2021,5,5,17,527,524,394,35,0,1,94,3,9
2021,5,5,18,647,643,482,47,0,2,112,4,7
2021,5,5,19,831,822,562,94,0,3,163,9,6
2021,6,0,11,9,9,8,0,0,0,1,0,0
2021,6,0,12,52,52,38,1,0,0,13,0,1
2021,6,0,13,300,292,235,6,1,0,50,8,9
2021,6,0,14,1149,1140,913,5,0,0,222,9,18
2021,6,0,15,2597,2567,2025,19,0,0,523,30,41
2021,6,0,16,4324,4264,3181,85,0,2,996,60,77
2021,6,0,17,5796,5739,4237,218,1,6,1277,57,114
2021,6,0,18,7219,7142,5047,451,3,7,1634,77,136
2021,6,0,19,9035,8910,6138,755,1,17,1999,125,146
2021,6,1,11,2,2,2,0,0,0,0,0,0
2021,6,1,12,14,14,8,0,0,0,6,0,1
2021,6,1,13,75,74,57,2,1,0,14,1,1
2021,6,1,14,277,274,202,1,0,0,71,3,4
2021,6,1,15,484,478,343,4,0,0,131,6,4
2021,6,1,16,811,802,534,11,0,0,257,9,9
2021,6,1,17,1008,996,615,32,0,2,347,12,19
2021,6,1,18,1214,1203,703,56,1,2,441,11,19
2021,6,1,19,1448,1427,810,103,0,2,512,21,24
2021,6,2,11,4,4,3,0,0,0,1,0,0
2021,6,2,12,17,17,14,0,0,0,3,0,0
2021,6,2,13,137,131,105,0,0,0,26,6,8
2021,6,2,14,446,441,339,1,0,0,101,5,13
2021,6,2,15,1039,1021,761,8,0,0,252,18,29
2021,6,2,16,1685,1653,1167,41,0,1,444,32,60
2021,6,2,17,2066,2039,1428,64,1,2,544,27,82
2021,6,2,18,2486,2443,1680,131,0,2,630,43,98
2021,6,2,19,3053,2991,1981,220,1,5,784,62,102
2021,6,3,11,2,2,2,0,0,0,0,0,0
2021,6,3,12,11,11,10,0,0,0,1,0,0
2021,6,3,13,47,47,42,1,0,0,4,0,0
2021,6,3,14,260,260,233,1,0,0,26,0,1
2021,6,3,15,674,671,589,2,0,0,80,3,2
2021,6,3,16,1104,1093,922,19,0,0,152,11,4
2021,6,3,17,1685,1676,1397,70,0,2,207,9,4
2021,6,3,18,2190,2178,1685,160,0,2,331,12,10
2021,6,3,19,2743,2713,2052,271,0,5,385,30,13
2021,6,4,12,3,3,2,0,0,0,1,0,0
2021,6,4,13,14,14,11,1,0,0,2,0,0
2021,6,4,14,72,72,60,0,0,0,12,0,0
2021,6,4,15,218,216,187,2,0,0,27,2,1
2021,6,4,16,376,372,286,8,0,1,77,4,2
2021,6,4,17,549,544,424,31,0,0,89,5,3
2021,6,4,18,756,750,568,55,2,0,125,6,5
2021,6,4,19,1011,1005,746,91,0,2,166,6,6
2021,6,5,11,1,1,1,0,0,0,0,0,0
2021,6,5,12,7,7,4,1,0,0,2,0,0
2021,6,5,13,27,26,20,2,0,0,4,1,0
2021,6,5,14,94,93,79,2,0,0,12,1,0
2021,6,5,15,182,181,145,3,0,0,33,1,5
2021,6,5,16,348,344,272,6,0,0,66,4,2
2021,6,5,17,488,484,373,21,0,0,90,4,6
2021,6,5,18,573,568,411,49,0,1,107,5,4
2021,6,5,19,780,774,549,70,0,3,152,6,1
2021,7,0,11,8,8,6,1,0,0,1,0,0
2021,7,0,12,57,57,47,2,0,0,8,0,3
2021,7,0,13,298,292,240,3,0,0,49,6,7
2021,7,0,14,1067,1053,852,5,0,1,195,14,12
2021,7,0,15,2634,2602,2048,16,0,2,536,32,49
2021,7,0,16,4275,4219,3242,75,1,1,900,56,65
2021,7,0,17,5849,5790,4265,220,3,5,1297,59,96
2021,7,0,18,7188,7098,4970,422,2,6,1698,90,123
2021,7,0,19,8876,8778,6000,784,2,21,1971,98,129
2021,7,1,11,2,2,2,0,0,0,0,0,0
2021,7,1,12,20,20,17,0,0,0,3,0,1
2021,7,1,13,78,78,64,1,0,0,13,0,2
2021,7,1,14,268,266,198,1,0,0,67,2,2
2021,7,1,15,533,527,367,5,0,0,155,6,9
2021,7,1,16,850,841,589,13,1,0,238,9,8
2021,7,1,17,1065,1051,685,33,0,1,332,14,11
2021,7,1,18,1266,1259,758,56,0,0,445,7,14
2021,7,1,19,1458,1432,802,115,0,2,513,26,18
2021,7,2,11,2,2,1,0,0,0,1,0,0
2021,7,2,12,18,18,14,0,0,0,4,0,0
2021,7,2,13,129,125,99,0,0,0,26,4,4
2021,7,2,14,407,398,319,1,0,1,77,9,10
2021,7,2,15,991,976,727,4,0,1,244,15,31
2021,7,2,16,1564,1539,1109,26,0,1,403,25,50
2021,7,2,17,2131,2105,1462,77,0,3,563,26,70
2021,7,2,18,2526,2472,1669,122,0,4,677,54,89
2021,7,2,19,2896,2854,1910,206,1,7,730,42,92
2021,7,3,11,4,4,3,1,0,0,0,0,0
2021,7,3,12,9,9,8,0,0,0,1,0,0
2021,7,3,13,56,55,51,1,0,0,3,1,0
2021,7,3,14,226,224,196,3,0,0,25,2,0
2021,7,3,15,664,657,582,2,0,0,73,7,4
2021,7,3,16,1121,1107,952,21,0,0,134,14,5
2021,7,3,17,1598,1584,1317,64,3,1,199,14,6
2021,7,3,18,2069,2049,1588,145,2,0,314,20,7
2021,7,3,19,2848,2829,2096,291,1,7,434,19,12
2021,7,4,12,5,5,5,0,0,0,0,0,0
2021,7,4,13,14,13,10,0,0,0,3,1,0
2021,7,4,14,83,82,70,0,0,0,12,1,0
2021,7,4,15,232,230,199,0,0,1,30,2,1
2021,7,4,16,398,396,322,6,0,0,68,2,1
2021,7,4,17,547,544,409,21,0,0,114,3,3
2021,7,4,18,743,740,544,48,0,2,146,3,4
2021,7,4,19,959,954,690,93,0,1,170,5,3
2021,7,5,12,5,5,3,2,0,0,0,0,2
2021,7,5,13,21,21,16,1,0,0,4,0,1
2021,7,5,14,83,83,69,0,0,0,14,0,0
2021,7,5,15,214,212,173,5,0,0,34,2,4
2021,7,5,16,342,336,270,9,0,0,57,6,1
2021,7,5,17,508,506,392,25,0,0,89,2,6
2021,7,5,18,584,578,411,51,0,0,116,6,9
2021,7,5,19,715,709,502,79,0,4,124,6,4
2021,8,0,11,6,6,3,0,0,0,3,0,0
2021,8,0,12,57,57,51,1,0,1,4,0,4
2021,8,0,13,279,276,254,3,0,0,19,3,4
2021,8,0,14,1136,1120,931,11,1,1,176,16,16
2021,8,0,15,2609,2574,2078,19,1,2,474,35,48
2021,8,0,16,4249,4194,3174,74,2,5,939,55,82
2021,8,0,17,5754,5665,4243,184,1,8,1229,89,96
2021,8,0,18,7279,7164,5012,462,4,8,1678,115,96
2021,8,0,19,8594,8475,5786,786,4,9,1890,119,128
2021,8,1,11,2,2,1,0,0,0,1,0,0
2021,8,1,12,14,14,12,1,0,0,1,0,0
2021,8,1,13,74,73,61,3,0,0,9,1,2
2021,8,1,14,246,239,194,2,0,0,43,7,1
2021,8,1,15,571,566,414,3,0,0,149,5,2
2021,8,1,16,865,853,571,13,0,0,269,12,12
2021,8,1,17,1146,1115,723,27,0,2,363,31,16
2021,8,1,18,1332,1304,784,58,1,0,461,28,14
2021,8,1,19,1477,1458,874,89,0,3,492,19,20
2021,8,2,11,2,2,1,0,0,0,1,0,0
2021,8,2,12,24,24,23,0,0,1,0,0,1
2021,8,2,13,101,101,94,0,0,0,7,0,2
2021,8,2,14,468,462,352,3,0,1,106,6,8
2021,8,2,15,1011,991,756,10,1,2,222,20,42
2021,8,2,16,1556,1531,1067,29,0,3,432,25,55
2021,8,2,17,1968,1932,1379,52,0,5,496,36,72
2021,8,2,18,2448,2392,1590,134,2,3,663,56,69
2021,8,2,19,2770,2714,1785,239,2,3,685,56,91
2021,8,3,11,2,2,1,0,0,0,1,0,0
2021,8,3,12,10,10,10,0,0,0,0,0,0
2021,8,3,13,51,49,47,0,0,0,2,2,0
2021,8,3,14,239,236,223,0,1,0,12,3,2
2021,8,3,15,599,593,541,4,0,0,48,6,1
2021,8,3,16,1116,1107,974,16,1,1,115,9,8
2021,8,3,17,1654,1636,1358,69,1,0,208,18,7
2021,8,3,18,2189,2168,1671,164,1,2,330,21,7
2021,8,3,19,2709,2679,1978,289,2,1,409,30,12
2021,8,4,12,4,4,4,0,0,0,0,0,0
2021,8,4,13,30,30,29,0,0,0,1,0,0
2021,8,4,14,92,92,85,0,0,0,7,0,0
2021,8,4,15,222,220,189,1,0,0,30,2,3
2021,8,4,16,377,371,296,9,1,1,64,6,2
2021,8,4,17,511,510,426,19,0,0,65,1,0
2021,8,4,18,713,705,532,54,0,1,118,8,2
2021,8,4,19,911,903,641,85,0,0,177,8,2
2021,8,5,12,5,5,2,0,0,0,3,0,3
2021,8,5,13,23,23,23,0,0,0,0,0,0
2021,8,5,14,91,91,77,6,0,0,8,0,5
2021,8,5,15,206,204,178,1,0,0,25,2,0
2021,8,5,16,335,332,266,7,0,0,59,3,5
2021,8,5,17,475,472,357,17,0,1,97,3,1
2021,8,5,18,597,595,435,52,0,2,106,2,4
2021,8,5,19,727,721,508,84,0,2,127,6,3
2021,9,0,10,1,1,1,0,0,0,0,0,0
2021,9,0,11,8,8,8,0,0,0,0,0,0
2021,9,0,12,55,54,48,2,0,0,4,1,0
2021,9,0,13,296,290,255,2,0,0,33,6,6
2021,9,0,14,1060,1033,867,5,0,0,161,27,22
2021,9,0,15,2593,2562,2073,12,0,1,476,31,43
2021,9,0,16,4232,4184,3163,76,1,4,940,48,61
2021,9,0,17,5618,5536,4105,226,3,3,1199,82,83
2021,9,0,18,7167,7052,5013,431,5,6,1597,115,106
2021,9,0,19,8792,8661,5938,753,4,12,1954,131,112
2021,9,1,11,6,6,6,0,0,0,0,0,0
2021,9,1,12,18,18,18,0,0,0,0,0,0
2021,9,1,13,68,67,57,0,0,0,10,1,0
2021,9,1,14,235,231,173,1,0,0,57,4,4
2021,9,1,15,544,538,395,4,0,0,139,6,3
2021,9,1,16,852,841,557,12,0,0,272,11,3
2021,9,1,17,1078,1064,684,41,0,0,339,14,6
2021,9,1,18,1344,1317,793,59,0,2,463,27,14
2021,9,1,19,1518,1487,850,101,0,3,533,31,12
2021,9,2,10,1,1,1,0,0,0,0,0,0
2021,9,2,11,2,2,2,0,0,0,0,0,0
2021,9,2,12,23,23,18,1,0,0,4,0,0
2021,9,2,13,127,125,107,0,0,0,18,2,6
2021,9,2,14,429,415,345,2,0,0,68,14,14
2021,9,2,15,990,973,750,3,0,1,219,17,32
2021,9,2,16,1565,1539,1118,23,1,1,396,26,49
2021,9,2,17,1994,1951,1384,63,3,2,499,43,63
2021,9,2,18,2401,2350,1589,120,1,0,640,51,87
2021,9,2,19,2832,2778,1832,226,1,1,718,54,89
2021,9,3,12,5,5,4,1,0,0,0,0,0
2021,9,3,13,55,53,52,0,0,0,1,2,0
2021,9,3,14,234,227,205,1,0,0,21,7,2
2021,9,3,15,653,648,584,1,0,0,63,5,4
2021,9,3,16,1081,1073,909,22,0,2,140,8,2
2021,9,3,17,1575,1556,1288,81,0,0,187,19,6
2021,9,3,18,2079,2058,1619,143,3,2,291,21,3
2021,9,3,19,2703,2678,2036,254,1,5,382,25,5
2021,9,4,12,3,3,3,0,0,0,0,0,0
2021,9,4,13,13,12,10,1,0,0,1,1,0
2021,9,4,14,83,81,74,0,0,0,7,2,2
2021,9,4,15,217,215,181,4,0,0,30,2,1
2021,9,4,16,404,403,326,11,0,0,66,1,2
2021,9,4,17,506,504,396,21,0,1,86,2,2
2021,9,4,18,726,716,537,57,0,1,121,10,0
2021,9,4,19,946,936,675,88,0,1,172,10,2
2021,9,5,12,6,5,5,0,0,0,0,1,0
2021,9,5,13,33,33,29,1,0,0,3,0,0
2021,9,5,14,79,79,70,1,0,0,8,0,0
2021,9,5,15,189,188,163,0,0,0,25,1,3
2021,9,5,16,330,328,253,8,0,1,66,2,5
2021,9,5,17,465,461,353,20,0,0,88,4,6
2021,9,5,18,617,611,475,52,1,1,82,6,2
2021,9,5,19,793,782,545,84,2,2,149,11,4
2021,10,0,11,9,9,6,0,0,0,3,0,0
2021,10,0,12,53,52,47,1,0,0,4,1,2
2021,10,0,13,265,261,214,4,0,0,43,4,8
2021,10,0,14,1015,999,831,11,0,0,157,16,24
2021,10,0,15,2393,2355,1882,26,1,1,445,38,47
2021,10,0,16,4123,4065,3119,70,1,2,873,58,57
2021,10,0,17,5482,5402,4076,205,4,4,1113,80,89
2021,10,0,18,6994,6891,4948,412,3,11,1517,103,113
2021,10,0,19,8514,8388,5727,769,3,13,1876,126,132
2021,10,1,11,2,2,2,0,0,0,0,0,0
2021,10,1,12,20,20,19,0,0,0,1,0,0
2021,10,1,13,65,63,56,0,0,0,7,2,2
2021,10,1,14,241,234,174,3,0,0,57,7,3
2021,10,1,15,537,530,383,9,0,0,138,7,10
2021,10,1,16,923,912,593,13,0,0,306,11,8
2021,10,1,17,1092,1073,709,37,0,1,326,19,7
2021,10,1,18,1258,1236,765,64,1,1,405,22,18
2021,10,1,19,1454,1424,808,109,1,5,501,30,18
2021,10,2,11,3,3,1,0,0,0,2,0,0
2021,10,2,12,21,21,18,1,0,0,2,0,2
2021,10,2,13,112,110,84,0,0,0,26,2,2
2021,10,2,14,407,399,326,1,0,0,72,8,16
2021,10,2,15,918,898,688,6,1,1,202,20,26
2021,10,2,16,1520,1485,1097,23,1,1,363,35,43
2021,10,2,17,1995,1952,1421,57,1,3,470,43,67
2021,10,2,18,2477,2429,1690,127,1,4,607,48,77
2021,10,2,19,2803,2738,1841,226,1,4,666,65,84
2021,10,3,11,2,2,2,0,0,0,0,0,0
2021,10,3,12,6,6,5,0,0,0,1,0,0
2021,10,3,13,47,47,44,0,0,0,3,0,0
2021,10,3,14,219,218,208,3,0,0,7,1,1
2021,10,3,15,562,557,487,6,0,0,64,5,2
2021,10,3,16,1040,1031,901,17,0,1,112,9,2
2021,10,3,17,1404,1391,1165,59,0,0,167,13,6
2021,10,3,18,1963,1941,1529,143,0,4,265,22,6
2021,10,3,19,2548,2526,1863,258,0,2,403,22,8
2021,10,4,12,1,1,1,0,0,0,0,0,0
2021,10,4,13,13,13,10,0,0,0,3,0,0
2021,10,4,14,69,69,58,1,0,0,10,0,2
2021,10,4,15,185,182,158,1,0,0,23,3,4
2021,10,4,16,335,335,279,11,0,0,45,0,3
2021,10,4,17,536,534,425,26,2,0,81,2,7
2021,10,4,18,702,697,536,41,0,2,118,5,10
2021,10,4,19,949,944,687,75,1,1,180,5,18
2021,10,5,11,2,2,1,0,0,0,1,0,0
2021,10,5,12,5,4,4,0,0,0,0,1,0
2021,10,5,13,28,28,20,4,0,0,4,0,4
2021,10,5,14,79,79,65,3,0,0,11,0,2
2021,10,5,15,191,188,166,4,0,0,18,3,5
2021,10,5,16,305,302,249,6,0,0,47,3,1
2021,10,5,17,455,452,356,26,1,0,69,3,2
2021,10,5,18,594,588,428,37,1,0,122,6,2
2021,10,5,19,760,756,528,101,0,1,126,4,4
2021,11,0,10,1,1,1,0,0,0,0,0,0
2021,11,0,11,6,6,5,0,0,0,1,0,0
2021,11,0,12,42,40,32,2,0,0,6,2,1
2021,11,0,13,257,252,211,1,0,0,40,5,6
2021,11,0,14,931,915,744,4,0,1,166,16,19
2021,11,0,15,2374,2337,1887,21,0,0,429,37,29
2021,11,0,16,4036,3985,3027,80,1,2,875,51,63
2021,11,0,17,5359,5272,3907,204,1,7,1153,87,86
2021,11,0,18,6777,6689,4820,376,6,4,1483,88,114
2021,11,0,19,8208,8105,5583,739,4,8,1771,103,143
2021,11,1,10,1,1,1,0,0,0,0,0,0
2021,11,1,11,2,2,2,0,0,0,0,0,0
2021,11,1,12,13,13,10,0,0,0,3,0,0
2021,11,1,13,74,73,57,0,0,0,16,1,2
2021,11,1,14,240,236,181,1,0,1,53,4,2
2021,11,1,15,520,513,378,6,0,0,129,7,1
2021,11,1,16,807,797,502,17,0,0,278,10,11
2021,11,1,17,990,976,632,29,0,3,312,14,13
2021,11,1,18,1260,1246,765,44,2,1,434,14,22
2021,11,1,19,1375,1356,802,111,0,0,443,19,13
2021,11,2,11,1,1,0,0,0,0,1,0,0
2021,11,2,12,17,15,13,0,0,0,2,2,0
2021,11,2,13,102,99,81,0,0,0,18,3,4
2021,11,2,14,330,321,251,0,0,0,70,9,15
2021,11,2,15,905,882,670,9,0,0,203,23,27
2021,11,2,16,1452,1429,1052,28,1,1,347,23,39
2021,11,2,17,1948,1896,1313,74,1,2,506,52,55
2021,11,2,18,2333,2293,1570,130,4,2,587,40,71
2021,11,2,19,2613,2568,1705,197,1,2,663,45,103
2021,11,3,11,2,2,2,0,0,0,0,0,0
2021,11,3,12,6,6,5,1,0,0,0,0,0
2021,11,3,13,41,41,40,0,0,0,1,0,0
2021,11,3,14,199,198,184,0,0,0,14,1,0
2021,11,3,15,589,586,529,2,0,0,55,3,0
2021,11,3,16,1061,1050,900,16,0,0,134,11,5
2021,11,3,17,1475,1463,1220,57,0,2,184,12,3
2021,11,3,18,1967,1945,1542,130,0,0,273,22,8
2021,11,3,19,2576,2555,1897,277,2,0,379,21,10
2021,11,4,11,1,1,1,0,0,0,0,0,0
2021,11,4,12,4,4,3,0,0,0,1,0,0
2021,11,4,13,17,17,14,0,0,0,3,0,0
2021,11,4,14,95,94,79,0,0,0,15,1,1
2021,11,4,15,178,175,155,0,0,0,20,3,0
2021,11,4,16,365,360,284,11,0,1,64,5,7
2021,11,4,17,496,494,394,20,0,0,80,2,10
2021,11,4,18,630,625,481,35,0,0,109,5,11
2021,11,4,19,911,904,645,87,1,2,169,7,13
2021,11,5,12,2,2,1,1,0,0,0,0,1
2021,11,5,13,23,22,19,1,0,0,2,1,0
2021,11,5,14,67,66,49,3,0,0,14,1,1
2021,11,5,15,182,181,155,4,0,0,22,1,1
2021,11,5,16,351,349,289,8,0,0,52,2,1
2021,11,5,17,450,443,348,24,0,0,71,7,5
2021,11,5,18,587,580,462,37,0,1,80,7,2
2021,11,5,19,733,722,534,67,0,4,117,11,4
2021,12,0,11,3,2,2,0,0,0,0,1,0
2021,12,0,12,49,49,42,0,0,0,7,0,4
2021,12,0,13,292,288,249,1,0,0,38,4,9
2021,12,0,14,1017,1009,837,3,0,0,169,8,20
2021,12,0,15,2417,2383,1896,19,0,0,468,34,36
2021,12,0,16,4014,3961,3108,86,3,1,763,53,43
2021,12,0,17,5532,5468,4069,236,6,6,1151,64,91
2021,12,0,18,7045,6973,5008,453,3,12,1497,72,97
2021,12,0,19,8377,8280,5704,753,7,10,1806,97,131
2021,12,1,11,1,0,0,0,0,0,0,1,0
2021,12,1,12,14,14,11,0,0,0,3,0,0
2021,12,1,13,87,85,71,0,0,0,14,2,3
2021,12,1,14,235,233,188,1,0,0,44,2,4
2021,12,1,15,559,554,395,1,0,0,158,5,6
2021,12,1,16,852,841,578,16,1,1,245,11,9
2021,12,1,17,1110,1095,700,42,0,2,351,15,15
2021,12,1,18,1286,1271,779,62,0,3,427,15,18
2021,12,1,19,1428,1408,830,85,1,1,491,20,20
2021,12,2,11,2,2,2,0,0,0,0,0,0
2021,12,2,12,17,17,16,0,0,0,1,0,2
2021,12,2,13,122,121,99,1,0,0,21,1,6
2021,12,2,14,396,392,312,0,0,0,80,4,16
2021,12,2,15,925,901,701,10,0,0,190,24,23
2021,12,2,16,1459,1437,1079,37,2,0,319,22,27
2021,12,2,17,1921,1897,1370,60,1,1,465,24,62
2021,12,2,18,2375,2347,1644,137,1,6,559,28,59
2021,12,2,19,2615,2572,1699,205,2,3,663,43,80
2021,12,3,12,9,9,9,0,0,0,0,0,0
2021,12,3,13,49,48,46,0,0,0,2,1,0
2021,12,3,14,256,255,222,0,0,0,33,1,0
2021,12,3,15,566,564,508,2,0,0,54,2,1
2021,12,3,16,1020,1010,892,19,0,0,99,10,3
2021,12,3,17,1521,1508,1236,80,2,2,188,13,5
2021,12,3,18,2057,2038,1595,156,0,2,285,19,4
2021,12,3,19,2648,2631,1972,295,2,4,358,17,13
2021,12,4,12,5,5,5,0,0,0,0,0,0
2021,12,4,13,13,13,13,0,0,0,0,0,0
2021,12,4,14,68,68,64,1,0,0,3,0,0
2021,12,4,15,188,187,156,3,0,0,28,1,4
2021,12,4,16,362,356,299,10,0,0,47,6,4
2021,12,4,17,534,527,429,28,1,1,68,7,7
2021,12,4,18,742,737,557,55,0,1,124,5,14
2021,12,4,19,956,951,692,90,1,2,166,5,17
2021,12,5,12,4,4,1,0,0,0,3,0,2
2021,12,5,13,21,21,20,0,0,0,1,0,0
2021,12,5,14,62,61,51,1,0,0,9,1,0
2021,12,5,15,179,177,136,3,0,0,38,2,2
2021,12,5,16,321,317,260,4,0,0,53,4,0
2021,12,5,17,446,441,334,26,2,0,79,5,2
2021,12,5,18,585,580,433,43,2,0,102,5,2
2021,12,5,19,730,718,511,78,1,0,128,12,1
2022,1,0,10,1,1,1,0,0,0,0,0,0
2022,1,0,11,2,2,1,0,0,0,1,0,0
2022,1,0,12,47,44,39,2,0,0,3,3,1
2022,1,0,13,299,297,257,3,0,0,37,2,8
2022,1,0,14,1044,1039,848,7,0,0,184,5,18
2022,1,0,15,2485,2453,1993,16,0,1,443,32,37
2022,1,0,16,4147,4111,3214,88,2,3,804,36,56
2022,1,0,17,5443,5388,4035,211,2,4,1136,55,76
2022,1,0,18,6869,6783,4846,431,5,5,1496,86,97
2022,1,0,19,8704,8604,5996,748,4,13,1843,100,129
2022,1,1,10,1,1,1,0,0,0,0,0,0
2022,1,1,11,1,1,1,0,0,0,0,0,0
2022,1,1,12,11,10,9,0,0,0,1,1,0
2022,1,1,13,86,85,67,0,0,0,18,1,0
2022,1,1,14,225,225,175,1,0,0,49,0,3
2022,1,1,15,509,504,372,4,0,0,128,5,9
2022,1,1,16,824,816,561,17,0,0,238,8,9
2022,1,1,17,1020,1006,642,29,0,1,334,14,13
2022,1,1,18,1198,1183,716,56,1,1,409,15,19
2022,1,1,19,1389,1374,823,74,0,2,475,15,20
2022,1,2,12,19,17,14,2,0,0,1,2,1
2022,1,2,13,109,109,96,0,0,0,13,0,4
2022,1,2,14,413,410,308,3,0,0,99,3,12
2022,1,2,15,931,912,716,7,0,1,188,19,22
2022,1,2,16,1464,1453,1084,34,1,3,331,11,35
2022,1,2,17,1844,1820,1304,62,1,2,451,24,45
2022,1,2,18,2256,2218,1504,122,3,2,587,38,60
2022,1,2,19,2673,2626,1776,197,2,2,649,47,83
2022,1,3,11,1,1,0,0,0,0,1,0,0
2022,1,3,12,10,10,10,0,0,0,0,0,0
2022,1,3,13,56,56,54,1,0,0,1,0,3
2022,1,3,14,250,248,230,2,0,0,16,2,2
2022,1,3,15,616,614,551,2,0,0,61,2,1
2022,1,3,16,1105,1097,953,22,0,0,122,8,8
2022,1,3,17,1565,1552,1291,66,1,1,193,13,12
2022,1,3,18,2053,2036,1597,144,1,1,293,17,15
2022,1,3,19,2838,2809,2107,302,2,4,394,29,19
2022,1,4,12,4,4,4,0,0,0,0,0,0
2022,1,4,13,14,14,13,1,0,0,0,0,0
2022,1,4,14,91,91,80,0,0,0,11,0,0
2022,1,4,15,206,203,174,1,0,0,28,3,1
2022,1,4,16,377,374,316,5,1,0,52,3,0
2022,1,4,17,548,545,447,23,0,0,75,3,2
2022,1,4,18,762,754,589,53,0,0,112,8,1
2022,1,4,19,1029,1026,751,91,0,4,180,3,5
2022,1,5,12,3,3,2,0,0,0,1,0,0
2022,1,5,13,34,33,27,1,0,0,5,1,1
2022,1,5,14,65,65,55,1,0,0,9,0,1
2022,1,5,15,223,220,180,2,0,0,38,3,4
2022,1,5,16,377,371,300,10,0,0,61,6,4
2022,1,5,17,466,465,351,31,0,0,83,1,4
2022,1,5,18,600,592,440,56,0,1,95,8,2
2022,1,5,19,775,769,539,84,0,1,145,6,2
2022,2,0,10,1,1,1,0,0,0,0,0,0
2022,2,0,11,5,5,3,1,0,0,1,0,0
2022,2,0,12,46,46,41,1,0,0,4,0,0
2022,2,0,13,236,232,201,0,0,0,31,4,5
2022,2,0,14,887,875,736,6,0,1,132,12,13
2022,2,0,15,2189,2162,1736,16,0,0,410,27,33
2022,2,0,16,3774,3733,2880,74,2,2,775,41,54
2022,2,0,17,4995,4950,3727,196,1,2,1024,45,67
2022,2,0,18,6408,6351,4523,455,2,8,1363,57,75
2022,2,0,19,7848,7780,5497,723,0,12,1548,68,101
2022,2,1,12,18,18,16,0,0,0,2,0,0
2022,2,1,13,56,54,48,0,0,0,6,2,1
2022,2,1,14,180,176,130,0,0,0,46,4,0
2022,2,1,15,485,477,350,4,0,0,123,8,5
2022,2,1,16,696,683,453,11,1,0,218,13,12
2022,2,1,17,916,910,608,21,0,1,280,6,9
2022,2,1,18,1099,1087,665,61,1,1,359,12,5
2022,2,1,19,1146,1131,678,96,0,1,356,15,17
2022,2,2,11,1,1,1,0,0,0,0,0,0
2022,2,2,12,14,14,12,1,0,0,1,0,0
2022,2,2,13,81,79,63,0,0,0,16,2,3
2022,2,2,14,355,352,289,3,0,1,59,3,10
2022,2,2,15,805,791,616,6,0,0,169,14,22
2022,2,2,16,1292,1273,918,27,1,0,327,19,35
2022,2,2,17,1633,1616,1141,61,1,1,412,17,48
2022,2,2,18,2096,2073,1410,133,0,0,530,23,60
2022,2,2,19,2453,2427,1673,194,0,5,555,26,64
2022,2,3,11,1,1,1,0,0,0,0,0,0
2022,2,3,12,10,10,10,0,0,0,0,0,0
2022,2,3,13,63,63,57,0,0,0,6,0,1
2022,2,3,14,204,201,189,0,0,0,12,3,0
2022,2,3,15,529,527,463,3,0,0,61,2,5
2022,2,3,16,1111,1106,951,25,0,1,129,5,4
2022,2,3,17,1486,1473,1232,73,0,0,168,13,8
2022,2,3,18,1951,1935,1512,150,1,4,268,16,6
2022,2,3,19,2647,2631,1992,275,0,2,362,16,15
2022,2,4,11,1,1,0,1,0,0,0,0,0
2022,2,4,12,1,1,1,0,0,0,0,0,0
2022,2,4,13,15,15,14,0,0,0,1,0,0
2022,2,4,14,72,71,65,1,0,0,5,1,0
2022,2,4,15,187,185,152,1,0,0,32,2,0
2022,2,4,16,351,351,292,6,0,1,52,0,0
2022,2,4,17,536,533,427,20,0,0,86,3,0
2022,2,4,18,651,648,476,57,0,0,115,3,3
2022,2,4,19,923,917,679,81,0,2,155,6,4
2022,2,5,10,1,1,1,0,0,0,0,0,0
2022,2,5,11,2,2,1,0,0,0,1,0,0
2022,2,5,12,3,3,2,0,0,0,1,0,0
2022,2,5,13,21,21,19,0,0,0,2,0,0
2022,2,5,14,76,75,63,2,0,0,10,1,3
2022,2,5,15,183,182,155,2,0,0,25,1,1
2022,2,5,16,324,320,266,5,0,0,49,4,3
2022,2,5,17,424,418,319,21,0,0,78,6,2
2022,2,5,18,611,608,460,54,0,3,91,3,1
2022,2,5,19,679,674,475,77,0,2,120,5,1
2022,3,0,11,6,6,5,0,0,0,1,0,0
2022,3,0,12,53,53,50,0,0,0,3,0,1
2022,3,0,13,250,243,216,0,0,0,27,7,4
2022,3,0,14,953,939,789,9,0,0,141,14,17
2022,3,0,15,2557,2522,2054,9,0,1,458,35,44
2022,3,0,16,4217,4180,3268,83,0,3,826,37,61
2022,3,0,17,5590,5532,4183,231,2,2,1114,58,81
2022,3,0,18,7119,7050,5082,464,5,9,1490,69,91
2022,3,0,19,8829,8745,6138,811,2,17,1777,84,90
2022,3,1,11,1,1,1,0,0,0,0,0,0
2022,3,1,12,16,16,16,0,0,0,0,0,0
2022,3,1,13,58,56,49,0,0,0,7,2,1
2022,3,1,14,205,202,168,2,0,0,32,3,2
2022,3,1,15,556,549,410,4,0,1,134,7,6
2022,3,1,16,779,773,538,8,0,1,226,6,9
2022,3,1,17,962,951,602,35,1,0,313,11,13
2022,3,1,18,1133,1114,690,58,1,3,362,19,14
2022,3,1,19,1253,1234,739,85,1,2,407,19,16
2022,3,2,11,1,1,1,0,0,0,0,0,0
2022,3,2,12,21,21,19,0,0,0,2,0,0
2022,3,2,13,107,104,85,0,0,0,19,3,3
2022,3,2,14,368,361,280,4,0,0,77,7,12
2022,3,2,15,952,937,721,1,0,0,215,15,33
2022,3,2,16,1512,1496,1104,32,0,2,358,16,46
2022,3,2,17,1901,1874,1365,71,1,2,435,27,62
2022,3,2,18,2340,2315,1577,141,3,2,592,25,64
2022,3,2,19,2775,2735,1851,220,1,1,662,40,59
2022,3,3,11,4,4,3,0,0,0,1,0,0
2022,3,3,12,12,12,11,0,0,0,1,0,1
2022,3,3,13,48,46,46,0,0,0,0,2,0
2022,3,3,14,224,223,210,2,0,0,11,1,3
2022,3,3,15,640,636,579,3,0,0,54,4,3
2022,3,3,16,1199,1189,1025,26,0,0,138,10,4
2022,3,3,17,1680,1665,1389,70,0,0,206,15,4
2022,3,3,18,2240,2225,1751,158,1,2,313,15,7
2022,3,3,19,2936,2921,2221,308,0,9,383,15,14
2022,3,4,12,2,2,2,0,0,0,0,0,0
2022,3,4,13,13,13,13,0,0,0,0,0,0
2022,3,4,14,69,69,60,1,0,0,8,0,0
2022,3,4,15,214,210,174,0,0,0,36,4,1
2022,3,4,16,360,357,307,8,0,0,42,3,0
2022,3,4,17,586,585,468,29,0,0,88,1,1
2022,3,4,18,739,734,573,53,0,2,106,5,2
2022,3,4,19,1083,1078,767,114,0,1,196,5,0
2022,3,5,12,2,2,2,0,0,0,0,0,0
2022,3,5,13,24,24,23,0,0,0,1,0,0
2022,3,5,14,87,84,71,0,0,0,13,3,0
2022,3,5,15,195,190,170,1,0,0,19,5,1
2022,3,5,16,367,365,294,9,0,0,62,2,2
2022,3,5,17,461,457,359,26,0,0,72,4,1
2022,3,5,18,667,662,491,54,0,0,117,5,4
2022,3,5,19,782,777,560,84,0,4,129,5,1
2022,4,0,10,1,1,1,0,0,0,0,0,0
2022,4,0,11,4,3,3,0,0,0,0,1,0
2022,4,0,12,49,45,35,0,0,0,10,4,2
2022,4,0,13,273,273,233,2,0,0,38,0,7
2022,4,0,14,956,945,782,7,0,1,155,11,8
2022,4,0,15,2400,2363,1943,15,0,1,404,37,32
2022,4,0,16,4034,4002,3090,95,2,2,813,32,39
2022,4,0,17,5453,5394,4054,223,2,6,1109,59,65
2022,4,0,18,6930,6851,4969,426,5,10,1441,79,85
2022,4,0,19,8512,8425,5994,755,4,14,1658,87,84
2022,4,1,11,2,2,2,0,0,0,0,0,0
2022,4,1,12,15,14,12,0,0,0,2,1,0
2022,4,1,13,81,81,66,1,0,0,14,0,1
2022,4,1,14,220,219,177,1,0,0,41,1,3
2022,4,1,15,490,487,356,2,0,0,129,3,9
2022,4,1,16,739,728,489,20,0,1,218,11,13
2022,4,1,17,954,944,605,28,1,1,309,10,13
2022,4,1,18,1137,1125,665,62,0,3,395,12,18
2022,4,1,19,1241,1220,686,103,0,2,429,21,13
2022,4,2,11,2,1,1,0,0,0,0,1,0
2022,4,2,12,17,15,8,0,0,0,7,2,1
2022,4,2,13,106,106,90,0,0,0,16,0,4
2022,4,2,14,352,345,265,2,0,0,78,7,5
2022,4,2,15,867,848,667,7,0,1,173,19,22
2022,4,2,16,1427,1411,1030,26,2,1,352,16,18
2022,4,2,17,1884,1861,1337,74,0,2,448,23,44
2022,4,2,18,2246,2203,1542,135,1,2,523,43,53
2022,4,2,19,2668,2636,1807,211,3,3,612,32,53
2022,4,3,12,9,9,9,0,0,0,0,0,0
2022,4,3,13,38,38,33,0,0,0,5,0,1
2022,4,3,14,244,242,220,3,0,1,18,2,0
2022,4,3,15,619,612,553,4,0,0,55,7,1
2022,4,3,16,1148,1146,992,30,0,0,124,2,3
2022,4,3,17,1548,1531,1270,65,0,2,194,17,5
2022,4,3,18,2214,2197,1722,145,3,2,325,17,10
2022,4,3,19,2812,2784,2149,256,0,8,371,28,17
2022,4,4,12,2,2,2,0,0,0,0,0,1
2022,4,4,13,19,19,18,0,0,0,1,0,0
2022,4,4,14,46,46,41,1,0,0,4,0,0
2022,4,4,15,209,206,186,1,0,0,19,3,0
2022,4,4,16,381,380,303,10,0,0,67,1,4
2022,4,4,17,587,582,465,33,1,1,82,5,2
2022,4,4,18,735,731,564,52,1,0,114,4,4
2022,4,4,19,998,994,759,92,0,0,143,4,1
2022,4,5,10,1,1,1,0,0,0,0,0,0
2022,4,5,12,6,5,4,0,0,0,1,1,0
2022,4,5,13,29,29,26,1,0,0,2,0,1
2022,4,5,14,94,93,79,0,0,0,14,1,0
2022,4,5,15,215,210,181,1,0,0,28,5,0
2022,4,5,16,339,337,276,9,0,0,52,2,1
2022,4,5,17,480,476,377,23,0,0,76,4,1
2022,4,5,18,598,595,476,32,0,3,84,3,0
2022,4,5,19,793,791,593,93,1,1,103,2,0
2022,5,0,11,7,6,5,0,0,0,1,1,1
2022,5,0,12,65,64,57,0,0,0,7,1,0
2022,5,0,13,291,285,234,4,0,0,47,6,3
2022,5,0,14,1004,993,825,8,0,0,160,11,12
2022,5,0,15,2394,2365,1908,13,0,0,444,29,14
2022,5,0,16,4035,3980,3125,69,1,4,781,55,38
2022,5,0,17,5390,5332,4039,210,3,2,1078,58,42
2022,5,0,18,6913,6849,4957,441,1,4,1446,64,54
2022,5,0,19,8688,8591,6023,751,5,15,1797,97,67
2022,5,1,11,2,1,1,0,0,0,0,1,0
2022,5,1,12,19,18,15,0,0,0,3,1,0
2022,5,1,13,60,56,42,1,0,0,13,4,0
2022,5,1,14,238,234,188,1,0,0,45,4,1
2022,5,1,15,545,539,405,5,0,0,129,6,3
2022,5,1,16,773,758,526,8,0,1,223,15,4
2022,5,1,17,946,932,595,35,1,0,301,14,5
2022,5,1,18,1167,1149,689,68,0,0,392,18,14
2022,5,1,19,1332,1297,785,77,1,3,431,35,10
2022,5,2,11,4,4,3,0,0,0,1,0,1
2022,5,2,12,27,27,23,0,0,0,4,0,0
2022,5,2,13,125,123,93,2,0,0,28,2,1
2022,5,2,14,376,370,294,4,0,0,72,6,6
2022,5,2,15,854,840,643,1,0,0,196,14,6
2022,5,2,16,1443,1420,1063,22,0,1,334,23,21
2022,5,2,17,1847,1823,1327,64,1,1,430,24,27
2022,5,2,18,2263,2241,1601,113,0,2,525,22,23
2022,5,2,19,2753,2717,1845,216,1,1,654,36,39
2022,5,3,12,13,13,13,0,0,0,0,0,0
2022,5,3,13,64,64,62,0,0,0,2,0,0
2022,5,3,14,229,228,204,0,0,0,24,1,2
2022,5,3,15,617,613,539,4,0,0,70,4,3
2022,5,3,16,1109,1098,959,22,1,0,116,11,8
2022,5,3,17,1565,1550,1292,61,1,1,195,15,8
2022,5,3,18,2125,2106,1666,157,0,1,282,19,14
2022,5,3,19,2770,2753,2088,267,0,6,392,17,15
2022,5,4,12,2,2,2,0,0,0,0,0,0
2022,5,4,13,17,17,14,0,0,0,3,0,0
2022,5,4,14,73,73,66,0,0,0,7,0,0
2022,5,4,15,190,189,167,2,0,0,20,1,1
2022,5,4,16,380,379,309,8,0,0,62,1,2
2022,5,4,17,573,572,460,27,0,0,85,1,0
2022,5,4,18,729,728,540,55,1,1,131,1,1
2022,5,4,19,1063,1058,755,115,0,4,184,5,1
2022,5,5,11,1,1,1,0,0,0,0,0,0
2022,5,5,12,4,4,4,0,0,0,0,0,0
2022,5,5,13,25,25,23,1,0,0,1,0,2
2022,5,5,14,88,88,73,3,0,0,12,0,3
2022,5,5,15,188,184,154,1,0,0,29,4,1
2022,5,5,16,330,325,268,9,0,2,46,5,3
2022,5,5,17,459,455,365,23,0,0,67,4,2
2022,5,5,18,629,625,461,48,0,0,116,4,2
2022,5,5,19,770,766,550,76,3,1,136,4,2
2022,6,0,11,6,6,4,2,0,0,0,0,0
2022,6,0,12,49,48,43,1,0,0,4,1,1
2022,6,0,13,263,261,220,2,0,0,39,2,3
2022,6,0,14,928,909,756,8,1,0,144,19,6
2022,6,0,15,2202,2180,1746,17,1,0,416,22,17
2022,6,0,16,3632,3595,2790,60,0,7,738,37,30
2022,6,0,17,5027,4971,3755,179,0,5,1032,56,31
2022,6,0,18,6345,6272,4559,382,2,4,1325,73,42
2022,6,0,19,7967,7882,5518,696,3,11,1654,85,44
2022,6,1,11,3,3,3,0,0,0,0,0,0
2022,6,1,12,19,18,17,0,0,0,1,1,0
2022,6,1,13,73,73,57,1,0,0,15,0,0
2022,6,1,14,207,201,142,3,0,0,56,6,2
2022,6,1,15,466,459,331,4,1,0,123,7,5
2022,6,1,16,716,708,494,9,0,0,205,8,8
2022,6,1,17,907,892,587,21,0,3,281,15,9
2022,6,1,18,1097,1078,672,67,0,1,338,19,4
2022,6,1,19,1220,1207,716,89,0,1,401,13,6
2022,6,2,12,18,18,16,0,0,0,2,0,0
2022,6,2,13,98,98,84,0,0,0,14,0,1
2022,6,2,14,371,363,297,3,0,0,63,8,4
2022,6,2,15,830,821,635,8,0,0,178,9,10
2022,6,2,16,1309,1290,946,17,0,3,324,19,20
2022,6,2,17,1733,1714,1240,50,0,1,423,19,21
2022,6,2,18,2052,2022,1392,106,1,1,522,30,26
2022,6,2,19,2520,2479,1684,192,1,3,599,41,33
2022,6,3,11,1,1,0,1,0,0,0,0,0
2022,6,3,12,9,9,8,1,0,0,0,0,1
2022,6,3,13,55,54,51,0,0,0,3,1,0
2022,6,3,14,214,212,196,2,0,0,14,2,0
2022,6,3,15,527,523,465,3,0,0,55,4,0
2022,6,3,16,971,965,824,21,0,1,119,6,1
2022,6,3,17,1484,1469,1217,67,0,1,184,15,1
2022,6,3,18,1893,1876,1496,125,1,1,253,17,5
2022,6,3,19,2553,2533,1937,231,1,5,359,20,2
2022,6,4,11,1,1,0,1,0,0,0,0,0
2022,6,4,12,2,2,2,0,0,0,0,0,0
2022,6,4,13,14,14,13,0,0,0,1,0,0
2022,6,4,14,68,67,62,0,0,0,5,1,0
2022,6,4,15,178,177,149,1,0,0,27,1,1
2022,6,4,16,338,338,288,5,0,3,42,0,0
2022,6,4,17,467,462,371,21,0,0,70,5,0
2022,6,4,18,730,726,561,51,0,1,113,4,4
2022,6,4,19,941,935,653,99,1,1,181,6,3
2022,6,5,11,1,1,1,0,0,0,0,0,0
2022,6,5,12,1,1,0,0,0,0,1,0,0
2022,6,5,13,23,22,15,1,0,0,6,1,2
2022,6,5,14,68,66,59,0,1,0,6,2,0
2022,6,5,15,201,200,166,1,0,0,33,1,1
2022,6,5,16,298,294,238,8,0,0,48,4,1
2022,6,5,17,436,434,340,20,0,0,74,2,0
2022,6,5,18,573,570,438,33,0,0,99,3,3
2022,6,5,19,733,728,528,85,0,1,114,5,0
2022,7,0,10,2,2,2,0,0,0,0,0,0
2022,7,0,11,3,3,3,0,0,0,0,0,0
2022,7,0,12,38,37,32,0,0,0,5,1,0
2022,7,0,13,254,251,213,5,0,0,33,3,5
2022,7,0,14,914,905,755,5,0,0,145,9,10
2022,7,0,15,2042,2021,1668,10,0,1,342,21,26
2022,7,0,16,3669,3624,2818,62,0,7,737,45,30
2022,7,0,17,5111,5067,3857,192,2,3,1013,44,37
2022,7,0,18,6248,6188,4551,375,1,6,1255,60,43
2022,7,0,19,7862,7798,5489,701,4,5,1599,64,61
2022,7,1,10,1,1,1,0,0,0,0,0,0
2022,7,1,11,1,1,1,0,0,0,0,0,0
2022,7,1,12,6,6,6,0,0,0,0,0,0
2022,7,1,13,71,69,54,0,0,0,15,2,3
2022,7,1,14,202,199,157,0,0,0,42,3,3
2022,7,1,15,434,429,309,4,0,0,116,5,4
2022,7,1,16,737,727,505,10,0,2,210,10,11
2022,7,1,17,886,879,560,32,0,1,286,7,9
2022,7,1,18,1056,1041,673,56,0,1,311,15,11
2022,7,1,19,1196,1184,680,89,0,0,415,12,8
2022,7,2,10,1,1,1,0,0,0,0,0,0
2022,7,2,11,1,1,1,0,0,0,0,0,0
2022,7,2,12,18,17,14,0,0,0,3,1,0
2022,7,2,13,98,97,83,1,0,0,13,1,0
2022,7,2,14,367,364,283,4,0,0,77,3,5
2022,7,2,15,728,716,568,3,0,1,144,12,16
2022,7,2,16,1298,1273,926,16,0,2,329,25,15
2022,7,2,17,1851,1827,1358,61,2,1,405,24,17
2022,7,2,18,2042,2011,1409,110,0,2,490,31,21
2022,7,2,19,2409,2379,1615,188,1,0,575,30,40
2022,7,3,11,1,1,1,0,0,0,0,0,0
2022,7,3,12,6,6,6,0,0,0,0,0,0
2022,7,3,13,44,44,39,1,0,0,4,0,0
2022,7,3,14,210,207,192,1,0,0,14,3,1
2022,7,3,15,521,518,480,0,0,0,38,3,1
2022,7,3,16,991,982,850,23,0,3,106,9,0
2022,7,3,17,1403,1395,1166,62,0,0,167,8,4
2022,7,3,18,1897,1887,1495,124,1,1,266,10,6
2022,7,3,19,2529,2511,1924,243,2,3,339,18,8
2022,7,4,12,2,2,2,0,0,0,0,0,0
2022,7,4,13,17,17,15,1,0,0,1,0,1
2022,7,4,14,70,70,63,0,0,0,7,0,1
2022,7,4,15,192,192,171,2,0,0,19,0,3
2022,7,4,16,338,338,288,4,0,0,46,0,3
2022,7,4,17,544,542,432,19,0,1,90,2,5
2022,7,4,18,706,704,552,47,0,1,104,2,2
2022,7,4,19,989,986,741,92,1,2,150,3,3
2022,7,5,12,6,6,4,0,0,0,2,0,0
2022,7,5,13,24,24,22,2,0,0,0,0,1
2022,7,5,14,65,65,60,0,0,0,5,0,0
2022,7,5,15,167,166,140,1,0,0,25,1,2
2022,7,5,16,305,304,249,9,0,0,46,1,1
2022,7,5,17,427,424,341,18,0,0,65,3,2
2022,7,5,18,547,545,422,38,0,1,84,2,3
2022,7,5,19,739,738,529,89,0,0,120,1,2
2022,8,0,11,10,10,4,1,0,0,5,0,2
2022,8,0,12,24,23,18,0,0,0,5,1,1
2022,8,0,13,226,225,194,2,0,0,29,1,2
2022,8,0,14,850,843,715,2,0,1,125,7,13
2022,8,0,15,2080,2068,1660,14,0,0,394,12,15
2022,8,0,16,3405,3378,2636,53,2,5,682,27,18
2022,8,0,17,4918,4877,3734,195,3,1,944,41,37
2022,8,0,18,6190,6142,4381,378,3,5,1375,48,46
2022,8,0,19,7574,7529,5318,684,4,10,1513,45,60
2022,8,1,11,2,2,1,0,0,0,1,0,1
2022,8,1,12,5,5,4,0,0,0,1,0,0
2022,8,1,13,75,74,59,1,0,0,14,1,2
2022,8,1,14,199,199,166,1,0,0,32,0,4
2022,8,1,15,453,451,341,3,0,0,107,2,4
2022,8,1,16,707,701,487,9,1,2,202,6,6
2022,8,1,17,983,976,664,31,2,0,279,7,4
2022,8,1,18,1096,1087,660,61,0,1,365,9,11
2022,8,1,19,1211,1199,710,79,2,3,405,12,17
2022,8,2,11,2,2,0,1,0,0,1,0,0
2022,8,2,12,12,11,8,0,0,0,3,1,1
2022,8,2,13,78,78,67,1,0,0,10,0,0
2022,8,2,14,323,317,252,0,0,0,65,6,4
2022,8,2,15,750,746,571,4,0,0,171,4,7
2022,8,2,16,1192,1177,870,18,0,0,289,15,4
2022,8,2,17,1647,1625,1186,49,1,0,389,22,25
2022,8,2,18,1999,1982,1355,109,1,1,516,17,23
2022,8,2,19,2376,2355,1629,190,0,4,532,21,31
2022,8,3,11,3,3,3,0,0,0,0,0,0
2022,8,3,12,5,5,5,0,0,0,0,0,0
2022,8,3,13,46,46,44,0,0,0,2,0,0
2022,8,3,14,196,195,183,0,0,1,11,1,1
2022,8,3,15,534,530,461,5,0,0,64,4,2
2022,8,3,16,864,861,752,15,0,2,92,3,4
2022,8,3,17,1344,1337,1119,64,0,1,153,7,2
2022,8,3,18,1837,1825,1410,134,1,2,278,12,4
2022,8,3,19,2370,2364,1796,239,1,2,326,6,2
2022,8,4,11,1,1,0,0,0,0,1,0,0
2022,8,4,13,14,14,13,0,0,0,1,0,0
2022,8,4,14,75,75,65,0,0,0,10,0,2
2022,8,4,15,168,166,143,0,0,0,23,2,0
2022,8,4,16,321,320,267,6,0,1,46,1,3
2022,8,4,17,500,496,410,27,0,0,59,4,5
2022,8,4,18,699,694,522,48,0,0,124,5,6
2022,8,4,19,930,926,672,95,1,0,158,4,7
2022,8,5,11,2,2,0,0,0,0,2,0,1
2022,8,5,12,2,2,1,0,0,0,1,0,0
2022,8,5,13,13,13,11,0,0,0,2,0,0
2022,8,5,14,57,57,49,1,0,0,7,0,2
2022,8,5,15,175,175,144,2,0,0,29,0,2
2022,8,5,16,321,319,260,5,1,0,53,2,1
2022,8,5,17,444,443,355,24,0,0,64,1,1
2022,8,5,18,559,554,434,26,1,1,92,5,2
2022,8,5,19,687,685,511,81,0,1,92,2,3
2022,9,0,11,3,2,1,1,0,0,0,1,1
2022,9,0,12,28,28,28,0,0,0,0,0,0
2022,9,0,13,204,202,180,1,0,0,21,2,0
2022,9,0,14,738,726,615,5,0,1,105,12,6
2022,9,0,15,1773,1752,1421,11,0,0,320,21,17
2022,9,0,16,3119,3090,2392,55,1,0,642,29,30
2022,9,0,17,4262,4231,3204,188,2,8,829,31,47
2022,9,0,18,5544,5499,4012,321,4,7,1155,45,36
2022,9,0,19,6986,6942,4933,596,2,4,1407,44,48
2022,9,1,12,9,9,9,0,0,0,0,0,0
2022,9,1,13,49,48,43,0,0,0,5,1,0
2022,9,1,14,172,169,133,0,0,0,36,3,2
2022,9,1,15,419,414,308,3,0,0,103,5,5
2022,9,1,16,601,597,411,7,0,0,179,4,5
2022,9,1,17,770,766,505,22,1,2,236,4,9
2022,9,1,18,981,970,585,51,1,4,329,11,9
2022,9,1,19,1155,1149,694,83,0,1,371,6,6
2022,9,2,11,2,2,1,1,0,0,0,0,0
2022,9,2,12,7,7,7,0,0,0,0,0,0
2022,9,2,13,82,82,69,0,0,0,13,0,0
2022,9,2,14,276,269,217,1,0,0,51,7,0
2022,9,2,15,647,636,483,3,0,0,150,11,6
2022,9,2,16,1122,1109,813,19,1,0,276,13,17
2022,9,2,17,1397,1384,1018,47,0,3,316,13,24
2022,9,2,18,1772,1748,1227,89,0,1,431,24,18
2022,9,2,19,2179,2155,1464,161,1,0,529,24,27
2022,9,3,11,1,0,0,0,0,0,0,1,1
2022,9,3,12,3,3,3,0,0,0,0,0,0
2022,9,3,13,42,41,39,0,0,0,2,1,0
2022,9,3,14,156,155,143,1,0,1,10,1,1
2022,9,3,15,422,417,379,1,0,0,37,5,1
2022,9,3,16,827,823,715,19,0,0,89,4,1
2022,9,3,17,1209,1201,992,61,0,1,147,8,5
2022,9,3,18,1664,1659,1322,106,2,1,228,5,2
2022,9,3,19,2142,2132,1648,201,0,2,281,10,4
2022,9,4,12,5,5,5,0,0,0,0,0,0
2022,9,4,13,16,16,15,0,0,0,1,0,0
2022,9,4,14,61,61,56,2,0,0,3,0,0
2022,9,4,15,159,159,144,0,0,0,15,0,2
2022,9,4,16,295,289,229,5,0,0,55,6,7
2022,9,4,17,498,496,389,32,0,2,73,2,6
2022,9,4,18,677,675,522,51,1,1,100,2,4
2022,9,4,19,900,899,668,90,0,0,141,1,7
2022,9,5,12,4,4,4,0,0,0,0,0,0
2022,9,5,13,15,15,14,1,0,0,0,0,0
2022,9,5,14,73,72,66,1,0,0,5,1,3
2022,9,5,15,126,126,107,4,0,0,15,0,3
2022,9,5,16,274,272,224,5,0,0,43,2,0
2022,9,5,17,388,384,300,26,1,0,57,4,3
2022,9,5,18,450,447,356,24,0,0,67,3,3
2022,9,5,19,610,607,459,61,1,1,85,3,4
2022,10,0,10,1,1,1,0,0,0,0,0,0
2022,10,0,11,6,6,4,1,0,0,1,0,0
2022,10,0,12,31,30,30,0,0,0,0,1,0
2022,10,0,13,216,213,184,0,0,0,29,3,5
2022,10,0,14,756,750,614,5,0,0,131,6,5
2022,10,0,15,1709,1698,1387,9,1,1,300,11,14
2022,10,0,16,3016,2995,2322,54,1,1,617,21,24
2022,10,0,17,4265,4233,3221,175,0,5,832,32,35
2022,10,0,18,5360,5321,3883,326,5,5,1102,39,33
2022,10,0,19,6858,6813,4809,620,2,10,1372,45,44
2022,10,1,10,1,1,1,0,0,0,0,0,0
2022,10,1,11,1,1,1,0,0,0,0,0,0
2022,10,1,12,10,10,10,0,0,0,0,0,0
2022,10,1,13,56,56,49,0,0,0,7,0,2
2022,10,1,14,176,176,133,2,0,0,41,0,0
2022,10,1,15,383,381,307,1,0,0,73,2,1
2022,10,1,16,699,693,487,10,1,0,195,6,5
2022,10,1,17,863,857,565,29,0,0,263,6,12
2022,10,1,18,1000,996,634,51,0,1,310,4,7
2022,10,1,19,1158,1152,697,82,0,2,371,6,7
2022,10,2,11,1,1,1,0,0,0,0,0,0
2022,10,2,12,9,9,9,0,0,0,0,0,0
2022,10,2,13,81,80,61,0,0,0,19,1,2
2022,10,2,14,296,291,222,2,0,0,67,5,0
2022,10,2,15,675,667,496,3,0,1,167,8,6
2022,10,2,16,1027,1020,744,19,0,0,257,7,14
2022,10,2,17,1379,1357,1003,51,0,1,302,22,17
2022,10,2,18,1681,1656,1141,99,3,1,412,25,15
2022,10,2,19,2109,2085,1384,195,2,4,500,24,24
2022,10,3,11,2,2,1,1,0,0,0,0,0
2022,10,3,12,7,6,6,0,0,0,0,1,0
2022,10,3,13,50,49,46,0,0,0,3,1,0
2022,10,3,14,172,171,159,0,0,0,12,1,3
2022,10,3,15,392,392,366,1,1,0,24,0,1
2022,10,3,16,773,767,655,17,0,0,95,6,2
2022,10,3,17,1258,1256,1032,59,0,3,162,2,2
2022,10,3,18,1599,1592,1284,100,0,2,206,7,3
2022,10,3,19,2125,2115,1607,215,0,2,291,10,5
2022,10,4,11,1,1,0,0,0,0,1,0,0
2022,10,4,12,2,2,2,0,0,0,0,0,0
2022,10,4,13,16,16,16,0,0,0,0,0,1
2022,10,4,14,55,55,50,0,0,0,5,0,0
2022,10,4,15,135,135,113,2,0,0,20,0,6
2022,10,4,16,274,273,229,4,0,0,40,1,3
2022,10,4,17,417,416,339,19,0,0,58,1,4
2022,10,4,18,606,605,458,48,2,1,96,1,7
2022,10,4,19,832,830,655,59,0,2,114,2,6
2022,10,5,11,1,1,1,0,0,0,0,0,0
2022,10,5,12,3,3,3,0,0,0,0,0,0
2022,10,5,13,13,12,12,0,0,0,0,1,0
2022,10,5,14,57,57,50,1,0,0,6,0,2
2022,10,5,15,124,123,105,2,0,0,16,1,0
2022,10,5,16,243,242,207,4,0,1,30,1,0
2022,10,5,17,348,347,282,17,0,1,47,1,0
2022,10,5,18,474,472,366,28,0,0,78,2,1
2022,10,5,19,634,631,466,69,0,0,96,3,2
2022,11,0,10,1,1,1,0,0,0,0,0,0
2022,11,0,11,11,11,9,0,0,0,2,0,0
2022,11,0,12,40,38,31,2,0,0,5,2,1
2022,11,0,13,224,222,192,1,0,0,29,2,1
2022,11,0,14,775,771,609,9,0,0,153,4,4
2022,11,0,15,1831,1822,1476,18,1,2,325,9,23
2022,11,0,16,3175,3152,2508,57,0,1,586,23,40
2022,11,0,17,4647,4616,3493,173,5,3,942,31,52
2022,11,0,18,5996,5944,4355,354,4,4,1227,52,56
2022,11,0,19,7659,7610,5392,664,2,9,1543,49,68
2022,11,1,11,2,2,2,0,0,0,0,0,0
2022,11,1,12,16,15,14,0,0,0,1,1,1
2022,11,1,13,61,60,51,0,0,0,9,1,0
2022,11,1,14,190,188,144,2,0,0,42,2,1
2022,11,1,15,443,439,332,6,0,0,101,4,8
2022,11,1,16,646,638,463,8,0,0,167,8,8
2022,11,1,17,983,976,621,31,0,0,324,7,7
2022,11,1,18,1101,1085,700,48,1,1,335,16,9
2022,11,1,19,1367,1361,826,103,1,2,429,6,10
2022,11,2,10,1,1,1,0,0,0,0,0,0
2022,11,2,11,7,7,5,0,0,0,2,0,0
2022,11,2,12,14,13,9,1,0,0,3,1,0
2022,11,2,13,76,75,63,0,0,0,12,1,1
2022,11,2,14,330,329,244,1,0,0,84,1,2
2022,11,2,15,696,691,527,7,1,0,156,5,12
2022,11,2,16,1188,1177,901,16,0,0,260,11,19
2022,11,2,17,1596,1579,1158,56,3,2,360,17,32
2022,11,2,18,1950,1928,1329,108,1,0,490,22,42
2022,11,2,19,2381,2356,1643,175,0,1,537,25,40
2022,11,3,11,1,1,1,0,0,0,0,0,0
2022,11,3,12,5,5,4,1,0,0,0,0,0
2022,11,3,13,49,49,43,1,0,0,5,0,0
2022,11,3,14,148,147,133,4,0,0,10,1,0
2022,11,3,15,424,424,391,3,0,2,28,0,2
2022,11,3,16,790,788,695,17,0,1,75,2,5
2022,11,3,17,1278,1275,1079,50,1,0,145,3,8
2022,11,3,18,1761,1752,1409,110,1,2,230,9,0
2022,11,3,19,2422,2412,1827,229,0,3,353,10,6
2022,11,4,11,1,1,1,0,0,0,0,0,0
2022,11,4,12,2,2,2,0,0,0,0,0,0
2022,11,4,13,16,16,15,0,0,0,1,0,0
2022,11,4,14,48,48,38,1,0,0,9,0,0
2022,11,4,15,126,126,111,0,0,0,15,0,1
2022,11,4,16,272,271,219,9,0,0,43,1,5
2022,11,4,17,429,426,339,21,1,1,64,3,4
2022,11,4,18,617,614,472,46,0,0,96,3,5
2022,11,4,19,831,828,622,83,1,1,121,3,9
2022,11,5,12,3,3,2,0,0,0,1,0,0
2022,11,5,13,22,22,20,0,0,0,2,0,0
2022,11,5,14,59,59,50,1,0,0,8,0,1
2022,11,5,15,142,142,115,2,0,0,25,0,0
2022,11,5,16,279,278,230,7,0,0,41,1,3
2022,11,5,17,361,360,296,15,0,0,49,1,1
2022,11,5,18,567,565,445,42,1,1,76,2,0
2022,11,5,19,658,653,474,74,0,2,103,5,3
2022,12,0,10,1,1,1,0,0,0,0,0,0
2022,12,0,11,10,10,6,0,0,0,4,0,0
2022,12,0,12,32,32,29,1,0,0,2,0,1
2022,12,0,13,266,264,232,4,0,0,28,2,1
2022,12,0,14,903,882,739,8,0,0,135,21,14
2022,12,0,15,1971,1951,1595,10,1,0,345,20,20
2022,12,0,16,3546,3510,2761,71,3,2,673,36,45
2022,12,0,17,4964,4920,3771,208,2,6,933,44,48
2022,12,0,18,6379,6328,4683,340,9,8,1288,51,66
2022,12,0,19,8058,7988,5668,698,2,12,1608,70,67
2022,12,1,11,3,3,2,0,0,0,1,0,0
2022,12,1,12,11,11,10,0,0,0,1,0,0
2022,12,1,13,77,76,68,0,0,0,8,1,0
2022,12,1,14,219,214,175,1,0,0,38,5,3
2022,12,1,15,457,452,339,3,0,0,110,5,4
2022,12,1,16,725,715,497,14,1,1,202,10,10
2022,12,1,17,943,933,635,28,1,0,269,10,11
2022,12,1,18,1119,1111,716,46,3,1,345,8,12
2022,12,1,19,1310,1293,793,95,0,4,401,17,9
2022,12,2,11,6,6,3,0,0,0,3,0,0
2022,12,2,12,11,11,10,0,0,0,1,0,0
2022,12,2,13,97,96,79,3,0,0,14,1,1
2022,12,2,14,332,321,258,4,0,0,59,11,10
2022,12,2,15,722,712,543,4,1,0,164,10,11
2022,12,2,16,1235,1218,924,21,1,0,272,17,31
2022,12,2,17,1750,1726,1267,78,0,4,377,24,25
2022,12,2,18,2104,2084,1482,91,4,3,504,20,35
2022,12,2,19,2493,2464,1664,189,1,5,605,29,36
2022,12,3,12,7,7,7,0,0,0,0,0,0
2022,12,3,13,54,54,51,1,0,0,2,0,0
2022,12,3,14,207,204,184,2,0,0,18,3,1
2022,12,3,15,502,501,467,1,0,0,33,1,2
2022,12,3,16,960,953,815,22,1,1,114,7,2
2022,12,3,17,1382,1377,1168,53,1,0,155,5,3
2022,12,3,18,1970,1956,1566,125,1,1,263,14,6
2022,12,3,19,2622,2605,1985,251,0,3,366,17,9
2022,12,4,11,1,1,1,0,0,0,0,0,0
2022,12,4,12,1,1,1,0,0,0,0,0,0
2022,12,4,13,12,12,11,0,0,0,1,0,0
2022,12,4,14,73,72,64,0,0,0,8,1,0
2022,12,4,15,136,133,116,0,0,0,17,3,0
2022,12,4,16,311,310,260,6,0,0,44,1,1
2022,12,4,17,508,503,402,34,0,2,65,5,7
2022,12,4,18,635,632,508,37,1,1,85,3,10
2022,12,4,19,934,931,704,91,0,0,136,3,11
2022,12,5,10,1,1,1,0,0,0,0,0,0
2022,12,5,12,2,2,1,1,0,0,0,0,1
2022,12,5,13,26,26,23,0,0,0,3,0,0
2022,12,5,14,72,71,58,1,0,0,12,1,0
2022,12,5,15,154,153,130,2,0,0,21,1,3
2022,12,5,16,315,314,265,8,0,0,41,1,1
2022,12,5,17,381,381,299,15,0,0,67,0,2
2022,12,5,18,551,545,411,41,0,2,91,6,3
2022,12,5,19,699,695,522,72,1,0,100,4,2
2023,1,0,11,6,6,5,1,0,0,0,0,1
2023,1,0,12,37,36,31,1,0,0,4,1,2
2023,1,0,13,236,233,200,1,0,0,32,3,4
2023,1,0,14,898,890,748,3,0,0,139,8,9
2023,1,0,15,2068,2050,1685,8,0,0,357,18,19
2023,1,0,16,3631,3600,2813,74,1,1,711,31,29
2023,1,0,17,5216,5176,3967,194,2,10,1003,40,42
2023,1,0,18,6415,6371,4737,366,2,3,1263,44,43
2023,1,0,19,8348,8287,5904,724,2,15,1642,61,76
2023,1,1,11,3,3,3,0,0,0,0,0,0
2023,1,1,12,14,13,11,0,0,0,2,1,0
2023,1,1,13,65,64,53,1,0,0,10,1,0
2023,1,1,14,221,219,179,0,0,0,40,2,3
2023,1,1,15,458,454,334,2,0,0,118,4,7
2023,1,1,16,751,745,517,12,1,1,214,6,7
2023,1,1,17,957,951,652,20,0,1,278,6,7
2023,1,1,18,1117,1115,702,52,0,0,361,2,10
2023,1,1,19,1375,1366,825,94,1,4,442,9,15
2023,1,2,11,1,1,0,1,0,0,0,0,1
2023,1,2,12,14,14,13,0,0,0,1,0,0
2023,1,2,13,89,88,71,0,0,0,17,1,3
2023,1,2,14,334,329,259,1,0,0,69,5,4
2023,1,2,15,743,733,566,2,0,0,165,10,8
2023,1,2,16,1265,1248,931,24,0,0,293,17,16
2023,1,2,17,1791,1772,1295,76,1,3,397,19,31
2023,1,2,18,2048,2025,1423,116,1,1,484,23,24
2023,1,2,19,2585,2553,1712,211,0,2,628,32,43
2023,1,3,12,4,4,4,0,0,0,0,0,0
2023,1,3,13,47,47,46,0,0,0,1,0,0
2023,1,3,14,206,205,191,0,0,0,14,1,0
2023,1,3,15,518,514,474,3,0,0,37,4,1
2023,1,3,16,981,976,855,18,0,0,103,5,0
2023,1,3,17,1490,1479,1246,56,0,2,175,11,1
2023,1,3,18,1956,1941,1587,104,1,1,248,15,5
2023,1,3,19,2719,2704,2116,259,0,4,325,15,5
2023,1,4,12,2,2,2,0,0,0,0,0,0
2023,1,4,13,16,16,15,0,0,0,1,0,0
2023,1,4,14,70,70,62,0,0,0,8,0,0
2023,1,4,15,186,186,164,0,0,0,22,0,3
2023,1,4,16,335,334,275,8,0,0,51,1,3
2023,1,4,17,540,539,419,23,1,3,93,1,3
2023,1,4,18,730,728,570,53,0,1,104,2,2
2023,1,4,19,926,925,682,91,1,2,149,1,8
2023,1,5,11,2,2,2,0,0,0,0,0,0
2023,1,5,12,3,3,1,1,0,0,1,0,2
2023,1,5,13,19,18,15,0,0,0,3,1,1
2023,1,5,14,67,67,57,2,0,0,8,0,2
2023,1,5,15,163,163,147,1,0,0,15,0,0
2023,1,5,16,299,297,235,12,0,0,50,2,3
2023,1,5,17,438,435,355,19,0,1,60,3,0
2023,1,5,18,564,562,455,41,0,0,66,2,2
2023,1,5,19,743,739,569,69,0,3,98,4,5
2023,2,0,11,3,3,3,0,0,0,0,0,0
2023,2,0,12,35,35,29,2,0,0,4,0,1
2023,2,0,13,190,190,170,1,0,1,18,0,1
2023,2,0,14,798,792,656,5,0,0,131,6,3
2023,2,0,15,1926,1906,1568,11,0,0,327,20,14
2023,2,0,16,3287,3255,2609,53,1,1,591,32,32
2023,2,0,17,4686,4654,3609,165,1,5,874,32,33
2023,2,0,18,6020,5970,4400,353,7,4,1206,50,37
2023,2,0,19,7470,7417,5391,660,3,12,1351,53,40
2023,2,1,12,11,11,9,0,0,0,2,0,0
2023,2,1,13,53,53,48,0,0,0,5,0,1
2023,2,1,14,172,171,135,2,0,0,34,1,3
2023,2,1,15,419,414,320,4,0,0,90,5,1
2023,2,1,16,638,634,462,5,1,0,166,4,6
2023,2,1,17,826,825,561,19,1,0,244,1,4
2023,2,1,18,1018,1010,621,55,1,2,331,8,12
2023,2,1,19,1110,1107,670,82,1,1,353,3,10
2023,2,2,11,1,1,1,0,0,0,0,0,0
2023,2,2,12,13,13,10,2,0,0,1,0,0
2023,2,2,13,75,75,64,1,0,1,9,0,0
2023,2,2,14,290,288,225,1,0,0,62,2,0
2023,2,2,15,728,717,552,4,0,0,161,11,8
2023,2,2,16,1140,1125,842,20,0,1,262,15,21
2023,2,2,17,1597,1582,1157,58,0,1,366,15,22
2023,2,2,18,1918,1896,1320,109,2,0,465,22,21
2023,2,2,19,2318,2296,1616,192,0,4,484,22,20
2023,2,3,11,2,2,2,0,0,0,0,0,0
2023,2,3,12,5,5,4,0,0,0,1,0,1
2023,2,3,13,38,38,37,0,0,0,1,0,0
2023,2,3,14,200,198,183,0,0,0,15,2,0
2023,2,3,15,453,452,420,0,0,0,32,1,1
2023,2,3,16,942,935,825,13,0,0,97,7,0
2023,2,3,17,1405,1394,1188,54,0,2,150,11,3
2023,2,3,18,1901,1890,1526,125,1,1,237,11,2
2023,2,3,19,2491,2474,1923,237,2,2,310,17,3
2023,2,4,12,2,2,2,0,0,0,0,0,0
2023,2,4,13,7,7,6,0,0,0,1,0,0
2023,2,4,14,57,57,48,0,0,0,9,0,0
2023,2,4,15,162,161,139,1,0,0,21,1,1
2023,2,4,16,296,292,245,7,0,0,40,4,4
2023,2,4,17,449,446,369,17,0,0,60,3,3
2023,2,4,18,619,615,493,34,2,0,86,4,2
2023,2,4,19,857,853,662,73,0,3,115,4,5
2023,2,5,12,4,4,4,0,0,0,0,0,0
2023,2,5,13,17,17,15,0,0,0,2,0,0
2023,2,5,14,79,78,65,2,0,0,11,1,0
2023,2,5,15,164,162,137,2,0,0,23,2,3
2023,2,5,16,271,269,235,8,0,0,26,2,1
2023,2,5,17,409,407,334,17,0,2,54,2,1
2023,2,5,18,564,559,440,30,1,1,87,5,0
2023,2,5,19,694,687,520,76,0,2,89,7,2
2023,3,0,10,1,1,1,0,0,0,0,0,0
2023,3,0,11,4,4,3,0,0,0,1,0,0
2023,3,0,12,49,46,41,1,0,0,4,3,0
2023,3,0,13,263,263,234,1,0,0,28,0,1
2023,3,0,14,1030,1021,870,2,0,1,148,9,9
2023,3,0,15,2172,2155,1805,15,0,3,332,17,17
2023,3,0,16,3829,3799,3060,68,2,4,665,30,25
2023,3,0,17,5566,5518,4282,205,6,7,1018,48,31
2023,3,0,18,6658,6618,4925,425,2,10,1256,40,49
2023,3,0,19,8440,8370,6054,730,3,13,1570,70,57
2023,3,1,11,1,1,1,0,0,0,0,0,0
2023,3,1,12,10,8,8,0,0,0,0,2,0
2023,3,1,13,65,65,55,0,0,0,10,0,1
2023,3,1,14,231,228,187,1,0,1,39,3,4
2023,3,1,15,435,430,337,3,0,1,89,5,5
2023,3,1,16,748,745,524,13,1,1,206,3,5
2023,3,1,17,992,987,659,29,1,1,297,5,9
2023,3,1,18,1116,1107,715,53,1,1,337,9,11
2023,3,1,19,1266,1256,817,70,0,3,366,10,9
2023,3,2,10,1,1,1,0,0,0,0,0,0
2023,3,2,11,2,2,1,0,0,0,1,0,0
2023,3,2,12,18,17,14,0,0,0,3,1,0
2023,3,2,13,113,113,98,0,0,0,15,0,0
2023,3,2,14,410,407,324,0,0,0,83,3,4
2023,3,2,15,757,748,583,5,0,0,160,9,8
2023,3,2,16,1328,1309,1011,16,0,2,280,19,13
2023,3,2,17,1897,1876,1392,64,3,3,414,21,15
2023,3,2,18,2077,2060,1461,123,0,5,471,17,29
2023,3,2,19,2521,2489,1741,184,1,4,559,32,25
2023,3,3,11,1,1,1,0,0,0,0,0,0
2023,3,3,12,10,10,8,1,0,0,1,0,0
2023,3,3,13,55,55,52,1,0,0,2,0,0
2023,3,3,14,235,234,224,0,0,0,10,1,1
2023,3,3,15,594,593,548,6,0,0,39,1,2
2023,3,3,16,1101,1098,978,19,0,0,101,3,3
2023,3,3,17,1631,1618,1374,64,1,2,177,13,4
2023,3,3,18,2136,2128,1706,148,1,3,270,8,3
2023,3,3,19,2817,2796,2135,275,2,4,380,21,16
2023,3,4,12,5,5,5,0,0,0,0,0,0
2023,3,4,13,10,10,10,0,0,0,0,0,0
2023,3,4,14,77,76,70,1,0,0,5,1,0
2023,3,4,15,199,197,174,0,0,2,21,2,1
2023,3,4,16,324,321,271,11,0,1,38,3,4
2023,3,4,17,578,571,467,31,1,0,72,7,3
2023,3,4,18,684,684,544,50,0,0,90,0,1
2023,3,4,19,1030,1028,774,108,0,1,145,2,7
2023,3,5,12,6,6,6,0,0,0,0,0,0
2023,3,5,13,20,20,19,0,0,0,1,0,0
2023,3,5,14,77,76,65,0,0,0,11,1,0
2023,3,5,15,187,187,163,1,0,0,23,0,1
2023,3,5,16,328,326,276,9,1,0,40,2,0
2023,3,5,17,468,466,390,17,0,1,58,2,0
2023,3,5,18,645,639,499,51,0,1,88,6,5
2023,3,5,19,806,801,587,93,0,1,120,5,0
2023,4,0,10,1,1,1,0,0,0,0,0,0
2023,4,0,11,7,6,5,0,0,0,1,1,1
2023,4,0,12,33,32,31,0,0,0,1,1,1
2023,4,0,13,252,248,221,1,0,0,26,4,4
2023,4,0,14,982,973,797,3,0,0,173,9,8
2023,4,0,15,2099,2080,1765,16,1,0,298,19,14
2023,4,0,16,3717,3695,2971,64,3,3,654,22,25
2023,4,0,17,5093,5057,3893,180,4,3,977,36,48
2023,4,0,18,6301,6260,4654,373,4,9,1220,41,37
2023,4,0,19,7921,7879,5746,666,4,19,1444,42,54
2023,4,1,11,2,2,2,0,0,0,0,0,0
2023,4,1,12,7,6,6,0,0,0,0,1,1
2023,4,1,13,74,73,66,0,0,0,7,1,0
2023,4,1,14,230,227,172,2,0,0,53,3,1
2023,4,1,15,424,418,332,2,1,0,83,6,3
2023,4,1,16,699,697,518,15,0,0,164,2,7
2023,4,1,17,932,923,630,25,1,0,267,9,6
2023,4,1,18,1023,1018,651,55,0,0,312,5,4
2023,4,1,19,1185,1176,724,71,0,2,379,9,9
2023,4,2,11,1,0,0,0,0,0,0,1,1
2023,4,2,12,12,12,12,0,0,0,0,0,0
2023,4,2,13,99,97,82,1,0,0,14,2,2
2023,4,2,14,357,354,271,1,0,0,82,3,4
2023,4,2,15,771,765,621,4,0,0,140,6,10
2023,4,2,16,1348,1336,998,25,2,1,310,12,16
2023,4,2,17,1756,1740,1273,58,1,2,406,16,29
2023,4,2,18,2053,2032,1429,113,1,4,485,21,19
2023,4,2,19,2408,2388,1680,179,1,4,524,20,30
2023,4,3,10,1,1,1,0,0,0,0,0,0
2023,4,3,11,1,1,1,0,0,0,0,0,0
2023,4,3,12,9,9,8,0,0,0,1,0,0
2023,4,3,13,45,44,43,0,0,0,1,1,0
2023,4,3,14,237,234,219,0,0,0,15,3,1
2023,4,3,15,542,537,490,5,0,0,42,5,0
2023,4,3,16,1027,1019,918,11,0,1,89,8,1
2023,4,3,17,1474,1469,1256,56,2,0,155,5,2
2023,4,3,18,1980,1972,1591,140,0,2,239,8,6
2023,4,3,19,2604,2599,2026,261,0,6,306,5,2
2023,4,4,12,1,1,1,0,0,0,0,0,0
2023,4,4,13,19,19,19,0,0,0,0,0,0
2023,4,4,14,77,77,68,0,0,0,9,0,0
2023,4,4,15,158,158,140,3,0,0,15,0,0
2023,4,4,16,337,337,271,10,1,1,54,0,1
2023,4,4,17,463,461,356,24,0,1,80,2,5
2023,4,4,18,697,693,553,34,3,1,102,4,7
2023,4,4,19,952,947,708,82,2,2,153,5,7
2023,4,5,11,3,3,2,0,0,0,1,0,0
2023,4,5,12,4,4,4,0,0,0,0,0,0
2023,4,5,13,15,15,11,0,0,0,4,0,2
2023,4,5,14,81,81,67,0,0,0,14,0,2
2023,4,5,15,204,202,182,2,0,0,18,2,1
2023,4,5,16,306,306,266,3,0,0,37,0,0
2023,4,5,17,468,464,378,17,0,0,69,4,6
2023,4,5,18,548,545,430,31,0,2,82,3,1
2023,4,5,19,772,769,608,73,1,5,82,3,6
2023,5,0,10,1,1,1,0,0,0,0,0,0
2023,5,0,11,7,7,5,2,0,0,0,0,0
2023,5,0,12,28,26,23,1,0,0,2,2,3
2023,5,0,13,241,237,219,1,0,0,17,4,4
2023,5,0,14,965,951,817,6,0,0,128,14,7
2023,5,0,15,2226,2205,1869,14,0,0,322,21,28
2023,5,0,16,3802,3766,3028,79,1,0,658,36,39
2023,5,0,17,5358,5321,4196,201,3,7,914,37,62
2023,5,0,18,6573,6519,4949,380,0,4,1186,54,46
2023,5,0,19,8281,8217,6013,695,6,12,1491,64,56
2023,5,1,11,1,1,1,0,0,0,0,0,0
2023,5,1,12,7,6,6,0,0,0,0,1,1
2023,5,1,13,61,59,54,1,0,0,4,2,1
2023,5,1,14,200,194,163,1,0,0,30,6,1
2023,5,1,15,440,432,322,1,0,0,109,8,3
2023,5,1,16,713,703,514,14,0,0,175,10,5
2023,5,1,17,942,937,664,30,1,1,241,5,14
2023,5,1,18,1049,1043,671,50,0,2,320,6,12
2023,5,1,19,1250,1239,775,94,1,0,369,11,12
2023,5,2,11,1,1,0,1,0,0,0,0,0
2023,5,2,12,11,11,9,0,0,0,2,0,1
2023,5,2,13,90,88,80,0,0,0,8,2,2
2023,5,2,14,381,374,302,2,0,0,70,7,5
2023,5,2,15,833,823,681,5,0,0,137,10,15
2023,5,2,16,1385,1366,1040,26,0,0,300,19,23
2023,5,2,17,1826,1804,1369,63,0,1,371,22,28
2023,5,2,18,2072,2039,1484,128,0,0,427,33,20
2023,5,2,19,2506,2466,1753,182,1,4,526,40,26
2023,5,3,11,3,3,2,1,0,0,0,0,0
2023,5,3,12,5,5,5,0,0,0,0,0,0
2023,5,3,13,57,57,53,0,0,0,4,0,0
2023,5,3,14,230,229,219,1,0,0,9,1,0
2023,5,3,15,554,553,512,3,0,0,38,1,7
2023,5,3,16,1035,1030,908,22,1,0,99,5,6
2023,5,3,17,1548,1540,1320,60,0,2,158,8,9
2023,5,3,18,2092,2083,1729,115,0,0,239,9,7
2023,5,3,19,2776,2770,2177,251,2,4,336,6,7
2023,5,4,12,1,1,1,0,0,0,0,0,0
2023,5,4,13,14,14,14,0,0,0,0,0,1
2023,5,4,14,71,71,63,0,0,0,8,0,0
2023,5,4,15,197,197,174,1,0,0,22,0,1
2023,5,4,16,357,355,306,11,0,0,38,2,3
2023,5,4,17,577,577,468,29,2,0,78,0,8
2023,5,4,18,748,747,586,52,0,2,107,1,4
2023,5,4,19,996,993,742,85,0,1,165,3,9
2023,5,5,10,1,1,1,0,0,0,0,0,0
2023,5,5,11,2,2,2,0,0,0,0,0,0
2023,5,5,12,4,3,2,1,0,0,0,1,1
2023,5,5,13,19,19,18,0,0,0,1,0,0
2023,5,5,14,83,83,70,2,0,0,11,0,1
2023,5,5,15,202,200,180,4,0,0,16,2,2
2023,5,5,16,312,312,260,6,0,0,46,0,2
2023,5,5,17,465,463,375,19,0,3,66,2,3
2023,5,5,18,612,607,479,35,0,0,93,5,3
2023,5,5,19,753,749,566,83,2,3,95,4,2
2023,6,0,11,3,3,3,0,0,0,0,0,1
2023,6,0,12,33,33,32,0,0,0,1,0,0
2023,6,0,13,233,231,202,4,0,0,25,2,2
2023,6,0,14,919,909,775,6,0,0,128,10,10
2023,6,0,15,2054,2037,1693,12,1,0,331,17,22
2023,6,0,16,3471,3438,2782,63,0,2,591,33,40
2023,6,0,17,5010,4966,3861,188,2,3,912,44,45
2023,6,0,18,6423,6362,4808,356,1,4,1193,61,63
2023,6,0,19,8075,8003,5860,645,5,16,1477,72,83
2023,6,1,11,1,1,1,0,0,0,0,0,0
2023,6,1,12,11,11,10,0,0,0,1,0,0
2023,6,1,13,58,57,50,1,0,0,6,1,0
2023,6,1,14,217,212,163,0,0,0,49,5,1
2023,6,1,15,396,390,285,4,0,0,101,6,1
2023,6,1,16,666,660,481,8,0,0,171,6,9
2023,6,1,17,952,945,652,27,1,1,264,7,9
2023,6,1,18,1085,1079,709,39,0,0,331,6,9
2023,6,1,19,1157,1149,691,87,1,0,370,8,13
2023,6,2,11,1,1,1,0,0,0,0,0,1
2023,6,2,12,10,10,10,0,0,0,0,0,0
2023,6,2,13,82,81,62,2,0,0,17,1,1
2023,6,2,14,363,360,297,1,0,0,62,3,4
2023,6,2,15,811,804,651,3,0,0,150,7,14
2023,6,2,16,1272,1250,961,22,0,2,265,22,22
2023,6,2,17,1742,1716,1297,48,0,1,370,26,29
2023,6,2,18,2106,2069,1494,104,0,1,470,37,39
2023,6,2,19,2456,2410,1707,164,1,2,536,46,53
2023,6,3,12,5,5,5,0,0,0,0,0,0
2023,6,3,13,61,61,61,0,0,0,0,0,1
2023,6,3,14,203,202,192,2,0,0,8,1,1
2023,6,3,15,496,492,446,2,0,0,44,4,2
2023,6,3,16,931,929,827,14,0,0,88,2,2
2023,6,3,17,1429,1423,1220,65,0,0,138,6,1
2023,6,3,18,1932,1923,1580,125,0,2,216,9,5
2023,6,3,19,2745,2738,2126,263,3,10,336,7,10
2023,6,4,12,4,4,4,0,0,0,0,0,0
2023,6,4,13,13,13,12,0,0,0,1,0,0
2023,6,4,14,63,63,59,0,0,0,4,0,1
2023,6,4,15,181,181,165,0,0,0,16,0,3
2023,6,4,16,312,311,271,10,0,0,30,1,4
2023,6,4,17,454,451,364,23,1,0,63,3,5
2023,6,4,18,751,744,595,44,0,1,104,7,10
2023,6,4,19,1003,998,790,72,0,2,134,5,4
2023,6,5,11,1,1,1,0,0,0,0,0,0
2023,6,5,12,3,3,3,0,0,0,0,0,0
2023,6,5,13,19,19,17,1,0,0,1,0,0
2023,6,5,14,73,72,64,3,0,0,5,1,3
2023,6,5,15,170,170,146,3,1,0,20,0,2
2023,6,5,16,290,288,242,9,0,0,37,2,3
2023,6,5,17,433,431,328,25,0,1,77,2,1
2023,6,5,18,549,547,430,44,1,0,72,2,0
2023,6,5,19,714,708,546,59,0,2,101,6,3
2023,7,0,10,2,1,1,0,0,0,0,1,1
2023,7,0,11,5,5,3,0,0,0,2,0,0
2023,7,0,12,44,44,40,1,0,0,3,0,0
2023,7,0,13,247,244,218,0,0,0,26,3,3
2023,7,0,14,946,937,808,3,0,0,126,9,6
2023,7,0,15,2079,2059,1717,17,0,0,325,20,21
2023,7,0,16,3547,3514,2854,51,4,2,603,33,35
2023,7,0,17,4826,4790,3792,171,2,3,822,36,46
2023,7,0,18,6326,6289,4785,353,2,4,1145,37,54
2023,7,0,19,7689,7638,5609,631,4,9,1385,51,73
2023,7,1,10,1,1,1,0,0,0,0,0,0
2023,7,1,12,15,15,14,0,0,0,1,0,0
2023,7,1,13,50,48,45,0,0,0,3,2,0
2023,7,1,14,224,224,186,1,0,0,37,0,2
2023,7,1,15,466,461,351,6,0,0,104,5,11
2023,7,1,16,738,730,517,13,1,1,198,8,7
2023,7,1,17,851,847,581,28,1,1,236,4,6
2023,7,1,18,1055,1048,693,49,0,1,305,7,13
2023,7,1,19,1153,1144,741,77,0,2,324,9,12
2023,7,2,11,2,2,0,0,0,0,2,0,0
2023,7,2,12,15,15,13,1,0,0,1,0,0
2023,7,2,13,98,97,80,0,0,0,17,1,2
2023,7,2,14,387,380,313,1,0,0,66,7,4
2023,7,2,15,791,782,622,9,0,0,151,9,7
2023,7,2,16,1272,1252,995,23,1,0,233,20,19
2023,7,2,17,1666,1644,1273,47,1,0,323,22,35
2023,7,2,18,2039,2018,1492,84,0,1,441,21,28
2023,7,2,19,2353,2320,1648,170,1,4,497,33,44
2023,7,3,10,1,0,0,0,0,0,0,1,1
2023,7,3,11,3,3,3,0,0,0,0,0,0
2023,7,3,12,9,9,8,0,0,0,1,0,0
2023,7,3,13,61,61,59,0,0,0,2,0,1
2023,7,3,14,195,194,182,1,0,0,11,1,0
2023,7,3,15,508,503,464,2,0,0,37,5,1
2023,7,3,16,929,927,820,5,2,0,100,2,7
2023,7,3,17,1407,1402,1203,57,0,2,140,5,2
2023,7,3,18,1949,1943,1576,137,2,2,226,6,6
2023,7,3,19,2540,2536,1961,238,0,3,334,4,7
2023,7,4,12,2,2,2,0,0,0,0,0,0
2023,7,4,13,20,20,19,0,0,0,1,0,0
2023,7,4,14,66,65,61,0,0,0,4,1,0
2023,7,4,15,161,160,146,0,0,0,14,1,0
2023,7,4,16,339,337,295,4,0,1,37,2,2
2023,7,4,17,460,459,378,22,0,0,59,1,1
2023,7,4,18,754,751,600,53,0,0,98,3,6
2023,7,4,19,968,966,737,81,1,0,147,2,7
2023,7,5,12,3,3,3,0,0,0,0,0,0
2023,7,5,13,18,18,15,0,0,0,3,0,0
2023,7,5,14,74,74,66,0,0,0,8,0,0
2023,7,5,15,153,153,134,0,0,0,19,0,2
2023,7,5,16,269,268,227,6,0,0,35,1,0
2023,7,5,17,442,438,357,17,0,0,64,4,2
2023,7,5,18,529,529,424,30,0,0,75,0,1
2023,7,5,19,675,672,522,65,2,0,83,3,3
2023,8,0,10,2,2,1,1,0,0,0,0,0
2023,8,0,11,6,6,6,0,0,0,0,0,0
2023,8,0,12,34,33,29,1,0,0,3,1,0
2023,8,0,13,239,234,211,1,0,0,22,5,2
2023,8,0,14,960,950,831,8,0,0,111,10,16
2023,8,0,15,2034,2004,1682,9,0,2,311,30,17
2023,8,0,16,3302,3281,2661,55,1,3,561,21,38
2023,8,0,17,4717,4680,3668,179,0,5,828,37,40
2023,8,0,18,6213,6170,4647,351,3,7,1162,43,56
2023,8,0,19,7601,7542,5527,646,1,7,1361,59,59
2023,8,1,10,1,1,0,1,0,0,0,0,0
2023,8,1,11,4,4,4,0,0,0,0,0,0
2023,8,1,12,15,15,13,0,0,0,2,0,0
2023,8,1,13,66,63,55,0,0,0,8,3,1
2023,8,1,14,232,229,180,2,0,0,47,3,4
2023,8,1,15,428,420,307,1,0,0,112,8,3
2023,8,1,16,683,678,499,6,0,0,173,5,10
2023,8,1,17,928,922,647,34,0,1,240,6,12
2023,8,1,18,1096,1090,678,57,1,2,352,6,13
2023,8,1,19,1277,1266,797,83,0,1,385,11,12
2023,8,2,11,1,1,1,0,0,0,0,0,0
2023,8,2,12,6,6,5,0,0,0,1,0,0
2023,8,2,13,90,90,79,1,0,0,10,0,0
2023,8,2,14,360,354,307,3,0,0,44,6,8
2023,8,2,15,759,744,615,4,0,1,124,15,6
2023,8,2,16,1192,1179,914,19,1,1,244,13,19
2023,8,2,17,1586,1571,1167,57,0,4,343,15,17
2023,8,2,18,2017,1991,1487,84,1,2,417,26,25
2023,8,2,19,2291,2257,1657,155,0,0,445,34,34
2023,8,3,10,1,1,1,0,0,0,0,0,0
2023,8,3,12,3,2,2,0,0,0,0,1,0
2023,8,3,13,44,44,43,0,0,0,1,0,1
2023,8,3,14,214,213,204,0,0,0,9,1,1
2023,8,3,15,495,490,458,2,0,1,29,5,3
2023,8,3,16,857,856,770,17,0,1,68,1,4
2023,8,3,17,1312,1303,1122,47,0,0,134,9,8
2023,8,3,18,1869,1865,1504,135,1,2,223,4,8
2023,8,3,19,2429,2420,1871,249,1,2,297,9,11
2023,8,4,12,1,1,1,0,0,0,0,0,0
2023,8,4,13,19,19,18,0,0,0,1,0,0
2023,8,4,14,86,86,80,1,0,0,5,0,0
2023,8,4,15,171,169,144,0,0,0,25,2,2
2023,8,4,16,308,307,265,7,0,0,35,1,1
2023,8,4,17,482,478,389,24,0,0,65,4,0
2023,8,4,18,658,655,526,40,0,1,88,3,7
2023,8,4,19,944,939,698,85,0,1,155,5,2
2023,8,5,11,1,1,1,0,0,0,0,0,0
2023,8,5,12,9,9,8,1,0,0,0,0,0
2023,8,5,13,20,18,16,0,0,0,2,2,0
2023,8,5,14,68,68,60,2,0,0,6,0,3
2023,8,5,15,181,181,158,2,0,0,21,0,3
2023,8,5,16,262,261,213,6,0,1,41,1,4
2023,8,5,17,409,406,343,17,0,0,46,3,3
2023,8,5,18,573,569,452,35,0,0,82,4,3
2023,8,5,19,660,660,504,74,0,3,79,0,0
2023,9,0,11,4,4,4,0,0,0,0,0,0
2023,9,0,12,20,18,17,0,0,0,1,2,1
2023,9,0,13,238,236,204,2,0,1,29,2,5
2023,9,0,14,892,882,775,5,0,0,102,10,11
2023,9,0,15,1904,1890,1611,14,1,0,264,14,16
2023,9,0,16,3395,3367,2715,60,2,0,590,28,31
2023,9,0,17,4611,4571,3561,191,3,8,808,40,40
2023,9,0,18,6126,6084,4607,311,2,6,1158,42,40
2023,9,0,19,7471,7408,5470,603,6,13,1316,63,55
2023,9,1,11,1,1,1,0,0,0,0,0,0
2023,9,1,12,5,4,4,0,0,0,0,1,0
2023,9,1,13,61,60,47,0,0,0,13,1,1
2023,9,1,14,215,211,183,0,0,0,28,4,3
2023,9,1,15,417,413,331,1,0,0,81,4,5
2023,9,1,16,724,720,539,10,1,0,170,4,4
2023,9,1,17,936,927,627,29,1,4,266,9,8
2023,9,1,18,1103,1098,697,49,0,1,351,5,16
2023,9,1,19,1227,1224,745,76,1,3,399,3,15
2023,9,2,11,2,2,2,0,0,0,0,0,0
2023,9,2,12,7,6,6,0,0,0,0,1,0
2023,9,2,13,88,87,78,1,0,0,8,1,1
2023,9,2,14,302,299,249,1,0,0,49,3,5
2023,9,2,15,725,719,598,7,1,0,113,6,8
2023,9,2,16,1215,1201,901,17,0,0,283,14,16
2023,9,2,17,1595,1575,1204,52,1,3,315,20,23
2023,9,2,18,2033,2006,1489,88,1,1,427,27,15
2023,9,2,19,2380,2339,1696,165,2,4,472,41,34
2023,9,3,12,4,4,3,0,0,0,1,0,1
2023,9,3,13,46,46,43,0,0,1,2,0,1
2023,9,3,14,218,217,204,2,0,0,11,1,0
2023,9,3,15,463,460,421,4,0,0,35,3,1
2023,9,3,16,822,818,735,18,1,0,64,4,7
2023,9,3,17,1221,1216,1033,66,1,0,116,5,3
2023,9,3,18,1792,1786,1452,113,0,1,220,6,4
2023,9,3,19,2259,2248,1793,207,2,3,243,11,2
2023,9,4,11,1,1,1,0,0,0,0,0,0
2023,9,4,12,2,2,2,0,0,0,0,0,0
2023,9,4,13,21,21,17,0,0,0,4,0,0
2023,9,4,14,79,79,69,1,0,0,9,0,1
2023,9,4,15,147,147,129,1,0,0,17,0,1
2023,9,4,16,301,298,261,6,0,0,31,3,2
2023,9,4,17,459,455,366,19,0,0,70,4,6
2023,9,4,18,629,627,506,34,1,2,84,2,4
2023,9,4,19,917,914,703,83,1,3,124,3,3
2023,9,5,12,2,2,2,0,0,0,0,0,0
2023,9,5,13,22,22,19,1,0,0,2,0,2
2023,9,5,14,78,76,70,1,0,0,5,2,2
2023,9,5,15,152,151,132,1,0,0,18,1,1
2023,9,5,16,333,330,279,9,0,0,42,3,2
2023,9,5,17,400,398,331,25,0,1,41,2,0
2023,9,5,18,569,567,463,27,0,1,76,2,1
2023,9,5,19,688,683,533,72,0,0,78,5,1
2023,10,0,11,6,6,5,0,0,0,1,0,0
2023,10,0,12,31,31,30,0,0,0,1,0,0
2023,10,0,13,216,213,190,0,0,0,23,3,0
2023,10,0,14,830,825,706,7,1,0,111,5,7
2023,10,0,15,1863,1839,1574,9,1,0,255,24,13
2023,10,0,16,3254,3232,2621,61,3,1,546,22,24
2023,10,0,17,4476,4447,3421,191,0,5,830,29,27
2023,10,0,18,5950,5899,4415,361,2,5,1116,51,41
2023,10,0,19,7265,7213,5258,647,3,12,1293,52,48
2023,10,1,11,2,2,1,0,0,0,1,0,0
2023,10,1,12,13,13,12,0,0,0,1,0,0
2023,10,1,13,65,63,51,0,0,0,12,2,0
2023,10,1,14,181,179,139,3,0,0,37,2,2
2023,10,1,15,437,430,341,2,0,0,87,7,5
2023,10,1,16,725,720,523,9,1,0,187,5,8
2023,10,1,17,912,911,605,33,0,0,273,1,9
2023,10,1,18,1158,1149,720,59,0,1,369,9,10
2023,10,1,19,1245,1240,787,77,0,2,374,5,16
2023,10,2,12,10,10,10,0,0,0,0,0,0
2023,10,2,13,81,81,71,0,0,0,10,0,0
2023,10,2,14,318,317,257,1,0,0,59,1,2
2023,10,2,15,687,679,558,3,1,0,117,8,5
2023,10,2,16,1184,1172,929,16,1,0,226,12,13
2023,10,2,17,1585,1567,1172,53,0,2,340,18,18
2023,10,2,18,1990,1959,1431,100,2,0,426,31,23
2023,10,2,19,2260,2227,1580,166,0,4,477,33,25
2023,10,3,11,1,1,1,0,0,0,0,0,0
2023,10,3,12,4,4,4,0,0,0,0,0,0
2023,10,3,13,39,38,38,0,0,0,0,1,0
2023,10,3,14,203,203,195,1,0,0,7,0,0
2023,10,3,15,441,435,413,1,0,0,21,6,0
2023,10,3,16,785,783,708,15,1,0,59,2,1
2023,10,3,17,1152,1146,980,45,0,2,119,6,0
2023,10,3,18,1669,1663,1360,129,0,2,172,6,4
2023,10,3,19,2313,2307,1781,259,2,4,261,6,4
2023,10,4,11,1,1,1,0,0,0,0,0,0
2023,10,4,12,3,3,3,0,0,0,0,0,0
2023,10,4,13,13,13,12,0,0,0,1,0,0
2023,10,4,14,60,59,54,0,0,0,5,1,1
2023,10,4,15,151,150,130,0,0,0,20,1,1
2023,10,4,16,275,274,231,7,0,0,36,1,1
2023,10,4,17,412,410,326,33,0,0,51,2,0
2023,10,4,18,607,607,491,33,0,1,82,0,1
2023,10,4,19,812,807,610,80,0,2,115,5,3
2023,10,5,11,2,2,2,0,0,0,0,0,0
2023,10,5,12,1,1,1,0,0,0,0,0,0
2023,10,5,13,18,18,18,0,0,0,0,0,0
2023,10,5,14,68,67,61,2,1,0,3,1,2
2023,10,5,15,147,145,132,3,0,0,10,2,2
2023,10,5,16,285,283,230,14,0,1,38,2,1
2023,10,5,17,415,413,338,27,0,1,47,2,0
2023,10,5,18,526,521,413,40,0,1,67,5,3
2023,10,5,19,635,632,500,65,1,0,66,3,0
2023,11,0,11,2,2,2,0,0,0,0,0,0
2023,11,0,12,35,35,29,0,0,0,6,0,0
2023,11,0,13,182,179,162,2,0,0,15,3,1
2023,11,0,14,775,764,662,3,0,0,99,11,12
2023,11,0,15,1752,1732,1467,12,0,0,253,20,22
2023,11,0,16,2974,2937,2411,64,1,2,459,37,23
2023,11,0,17,4131,4092,3178,149,2,2,761,39,27
2023,11,0,18,5517,5477,4104,331,0,4,1038,40,45
2023,11,0,19,6876,6819,5021,546,3,5,1244,57,41
2023,11,1,12,10,10,9,0,0,0,1,0,0
2023,11,1,13,50,49,44,0,0,0,5,1,0
2023,11,1,14,192,188,150,0,0,0,38,4,4
2023,11,1,15,423,418,321,3,0,0,94,5,3
2023,11,1,16,644,633,465,11,0,0,157,11,7
2023,11,1,17,876,871,595,26,0,0,250,5,6
2023,11,1,18,1060,1058,664,49,0,1,344,2,6
2023,11,1,19,1160,1153,692,70,0,0,391,7,9
2023,11,2,12,14,14,10,0,0,0,4,0,0
2023,11,2,13,64,62,57,0,0,0,5,2,0
2023,11,2,14,292,288,247,2,0,0,39,4,6
2023,11,2,15,626,616,491,6,0,0,119,10,12
2023,11,2,16,1060,1044,810,30,0,1,203,16,7
2023,11,2,17,1404,1379,1025,49,1,1,303,25,14
2023,11,2,18,1854,1827,1382,87,0,1,357,27,34
2023,11,2,19,2195,2161,1550,162,1,1,447,34,25
2023,11,3,11,1,1,1,0,0,0,0,0,0
2023,11,3,12,7,7,7,0,0,0,0,0,0
2023,11,3,13,43,43,42,0,0,0,1,0,0
2023,11,3,14,179,177,168,1,0,0,8,2,0
2023,11,3,15,434,430,407,1,0,0,22,4,3
2023,11,3,16,736,732,664,15,0,0,53,4,2
2023,11,3,17,1090,1085,919,46,1,1,118,5,3
2023,11,3,18,1525,1517,1219,118,0,1,179,8,1
2023,11,3,19,2146,2139,1695,195,1,2,246,7,2
2023,11,4,11,1,1,1,0,0,0,0,0,0
2023,11,4,12,2,2,1,0,0,0,1,0,0
2023,11,4,13,13,13,11,0,0,0,2,0,0
2023,11,4,14,49,48,45,0,0,0,3,1,1
2023,11,4,15,130,129,122,0,0,0,7,1,0
2023,11,4,16,269,265,241,6,1,0,17,4,7
2023,11,4,17,394,391,321,13,0,0,57,3,3
2023,11,4,18,584,582,457,30,0,1,94,2,3
2023,11,4,19,796,792,624,66,0,2,100,4,5
2023,11,5,12,2,2,2,0,0,0,0,0,0
2023,11,5,13,12,12,8,2,0,0,2,0,1
2023,11,5,14,63,63,52,0,0,0,11,0,1
2023,11,5,15,139,139,126,2,0,0,11,0,4
2023,11,5,16,265,263,231,2,0,1,29,2,0
2023,11,5,17,367,366,318,15,0,0,33,1,1
2023,11,5,18,494,493,382,47,0,0,64,1,1
2023,11,5,19,579,574,460,53,1,0,60,5,0
2023,12,0,11,3,3,3,0,0,0,0,0,0
2023,12,0,12,38,38,34,0,0,0,4,0,0
2023,12,0,13,180,179,159,1,0,0,19,1,0
2023,12,0,14,747,737,643,3,0,0,91,10,10
2023,12,0,15,1810,1789,1537,16,0,0,236,21,20
2023,12,0,16,2917,2896,2336,60,2,1,497,21,21
2023,12,0,17,4178,4146,3254,134,0,2,756,32,34
2023,12,0,18,5419,5387,4087,313,3,6,978,32,43
2023,12,0,19,6981,6941,5063,616,5,16,1241,40,50
2023,12,1,11,2,2,2,0,0,0,0,0,0
2023,12,1,12,10,10,9,0,0,0,1,0,0
2023,12,1,13,61,61,53,0,0,0,8,0,0
2023,12,1,14,179,175,147,0,0,0,28,4,6
2023,12,1,15,419,414,326,5,0,0,83,5,7
2023,12,1,16,626,620,428,14,1,0,177,6,4
2023,12,1,17,848,846,588,18,0,0,240,2,5
2023,12,1,18,992,986,635,41,0,0,310,6,9
2023,12,1,19,1149,1144,706,84,1,0,353,5,8
2023,12,2,12,11,11,9,0,0,0,2,0,0
2023,12,2,13,55,55,44,1,0,0,10,0,0
2023,12,2,14,292,290,240,3,0,0,47,2,2
2023,12,2,15,660,648,536,4,0,0,108,12,7
2023,12,2,16,1043,1032,802,17,0,0,213,11,11
2023,12,2,17,1405,1384,1045,36,0,1,302,21,16
2023,12,2,18,1808,1791,1308,87,1,2,393,17,21
2023,12,2,19,2120,2098,1483,171,3,5,436,22,31
2023,12,3,12,11,11,11,0,0,0,0,0,0
2023,12,3,13,32,31,31,0,0,0,0,1,0
2023,12,3,14,164,162,154,0,0,0,8,2,2
2023,12,3,15,452,450,422,4,0,0,24,2,5
2023,12,3,16,756,754,687,13,1,0,53,2,2
2023,12,3,17,1145,1139,987,43,0,1,108,6,8
2023,12,3,18,1582,1575,1296,109,2,3,165,7,10
2023,12,3,19,2236,2227,1759,204,1,9,254,9,8
2023,12,4,12,2,2,2,0,0,0,0,0,0
2023,12,4,13,14,14,14,0,0,0,0,0,0
2023,12,4,14,51,49,46,0,0,0,3,2,0
2023,12,4,15,146,144,128,2,0,0,14,2,1
2023,12,4,16,247,246,214,6,0,0,26,1,4
2023,12,4,17,422,419,333,22,0,0,64,3,4
2023,12,4,18,563,563,447,49,0,0,67,0,2
2023,12,4,19,826,825,621,84,0,2,118,1,3
2023,12,5,11,1,1,1,0,0,0,0,0,0
2023,12,5,12,4,4,3,0,0,0,1,0,0
2023,12,5,13,18,18,17,0,0,0,1,0,0
2023,12,5,14,61,61,56,0,0,0,5,0,0
2023,12,5,15,133,133,125,1,0,0,7,0,0
2023,12,5,16,245,244,205,10,0,1,28,1,0
2023,12,5,17,358,358,301,15,0,0,42,0,1
2023,12,5,18,474,472,401,27,0,1,43,2,1
2023,12,5,19,650,647,494,73,0,0,80,3,0
2024,1,0,10,1,1,1,0,0,0,0,0,0
2024,1,0,11,3,3,3,0,0,0,0,0,0
2024,1,0,12,34,34,32,0,0,0,2,0,0
2024,1,0,13,207,204,186,0,0,0,18,3,1
2024,1,0,14,740,733,659,1,0,0,73,7,8
2024,1,0,15,1801,1778,1515,16,0,1,246,23,13
2024,1,0,16,3001,2968,2433,54,0,1,480,33,18
2024,1,0,17,4274,4233,3347,154,4,4,724,41,37
2024,1,0,18,5894,5847,4378,364,2,1,1102,47,44
2024,1,0,19,7135,7087,5127,665,0,12,1283,48,74
2024,1,1,12,9,9,9,0,0,0,0,0,0
2024,1,1,13,51,49,45,0,0,0,4,2,0
2024,1,1,14,151,150,128,0,0,0,22,1,2
2024,1,1,15,388,380,299,2,0,1,78,8,5
2024,1,1,16,615,601,429,8,0,0,164,14,3
2024,1,1,17,805,799,546,25,0,0,228,6,7
2024,1,1,18,1010,1002,642,43,0,0,317,8,8
2024,1,1,19,1052,1046,625,74,0,1,346,6,11
2024,1,2,11,2,2,2,0,0,0,0,0,0
2024,1,2,12,9,9,7,0,0,0,2,0,0
2024,1,2,13,77,76,65,0,0,0,11,1,1
2024,1,2,14,273,268,227,1,0,0,40,5,0
2024,1,2,15,651,639,519,4,0,0,116,12,5
2024,1,2,16,1070,1055,833,15,0,1,206,15,8
2024,1,2,17,1452,1429,1076,56,2,3,292,23,13
2024,1,2,18,1945,1924,1393,110,1,0,420,21,17
2024,1,2,19,2184,2160,1512,175,0,1,472,24,34
2024,1,3,10,1,1,1,0,0,0,0,0,0
2024,1,3,11,1,1,1,0,0,0,0,0,0
2024,1,3,12,11,11,11,0,0,0,0,0,0
2024,1,3,13,39,39,38,0,0,0,1,0,0
2024,1,3,14,185,184,177,0,0,0,7,1,3
2024,1,3,15,476,474,447,3,0,0,24,2,3
2024,1,3,16,836,834,753,21,0,0,60,2,3
2024,1,3,17,1246,1240,1090,30,1,1,118,6,11
2024,1,3,18,1813,1802,1451,134,1,1,215,11,14
2024,1,3,19,2323,2309,1796,249,0,4,260,14,19
2024,1,4,12,3,3,3,0,0,0,0,0,0
2024,1,4,13,15,15,14,0,0,0,1,0,0
2024,1,4,14,59,59,58,0,0,0,1,0,3
2024,1,4,15,126,126,107,5,0,0,14,0,0
2024,1,4,16,234,233,199,6,0,0,28,1,4
2024,1,4,17,399,396,322,23,1,0,50,3,4
2024,1,4,18,579,574,445,38,0,0,91,5,5
2024,1,4,19,869,867,641,95,0,3,128,2,8
2024,1,5,12,2,2,2,0,0,0,0,0,0
2024,1,5,13,25,25,24,0,0,0,1,0,0
2024,1,5,14,72,72,69,0,0,0,3,0,0
2024,1,5,15,160,159,143,2,0,0,14,1,0
2024,1,5,16,246,245,219,4,0,0,22,1,0
2024,1,5,17,372,369,313,20,0,0,36,3,2
2024,1,5,18,547,545,447,39,0,0,59,2,0
2024,1,5,19,707,705,553,72,0,3,77,2,2
2024,2,0,11,3,3,2,1,0,0,0,0,0
2024,2,0,12,29,29,28,0,0,0,1,0,0
2024,2,0,13,183,181,163,0,0,0,18,2,1
2024,2,0,14,773,764,662,6,0,0,96,9,9
2024,2,0,15,1798,1780,1540,11,0,1,228,18,19
2024,2,0,16,2844,2809,2318,52,0,0,439,35,26
2024,2,0,17,4147,4107,3240,152,1,6,708,40,29
2024,2,0,18,5498,5463,4220,279,1,9,954,35,41
2024,2,0,19,6961,6904,5126,604,3,6,1165,57,52
2024,2,1,12,10,10,10,0,0,0,0,0,0
2024,2,1,13,34,34,29,0,0,0,5,0,0
2024,2,1,14,150,146,112,1,0,0,33,4,3
2024,2,1,15,337,334,260,1,0,0,73,3,4
2024,2,1,16,513,509,362,6,0,0,141,4,10
2024,2,1,17,773,765,525,18,0,1,221,8,7
2024,2,1,18,902,900,576,41,1,4,278,2,11
2024,2,1,19,1049,1045,660,88,1,1,295,4,11
2024,2,2,12,12,12,11,0,0,0,1,0,0
2024,2,2,13,73,71,59,0,0,0,12,2,0
2024,2,2,14,321,317,267,2,0,0,48,4,3
2024,2,2,15,645,634,521,5,0,0,108,11,9
2024,2,2,16,1029,1007,817,17,0,0,173,22,9
2024,2,2,17,1344,1321,1001,51,0,3,266,23,13
2024,2,2,18,1750,1729,1318,68,0,2,341,21,10
2024,2,2,19,1988,1953,1407,142,1,0,403,35,18
2024,2,3,11,2,2,2,0,0,0,0,0,0
2024,2,3,12,5,5,5,0,0,0,0,0,0
2024,2,3,13,48,48,48,0,0,0,0,0,0
2024,2,3,14,190,189,180,2,0,0,7,1,3
2024,2,3,15,513,509,479,3,0,0,27,4,6
2024,2,3,16,804,797,722,19,0,0,56,7,6
2024,2,3,17,1231,1224,1049,42,0,1,132,7,9
2024,2,3,18,1713,1706,1415,96,0,2,193,7,13
2024,2,3,19,2388,2376,1898,217,1,2,258,12,16
2024,2,4,12,1,1,1,0,0,0,0,0,0
2024,2,4,13,8,8,8,0,0,0,0,0,0
2024,2,4,14,56,56,52,0,0,0,4,0,0
2024,2,4,15,143,143,132,0,0,0,11,0,0
2024,2,4,16,248,247,204,4,0,0,39,1,0
2024,2,4,17,421,420,341,24,1,0,54,1,0
2024,2,4,18,604,601,488,30,0,0,83,3,5
2024,2,4,19,862,859,641,85,0,1,132,3,5
2024,2,5,11,1,1,0,1,0,0,0,0,0
2024,2,5,12,1,1,1,0,0,0,0,0,0
2024,2,5,13,20,20,19,0,0,0,1,0,1
2024,2,5,14,56,56,51,1,0,0,4,0,0
2024,2,5,15,160,160,148,2,0,1,9,0,0
2024,2,5,16,250,249,213,6,0,0,30,1,1
2024,2,5,17,378,377,324,17,0,1,35,1,0
2024,2,5,18,529,527,423,44,0,1,59,2,2
2024,2,5,19,674,671,520,72,0,2,77,3,2
2024,3,0,10,1,1,0,0,0,0,1,0,0
2024,3,0,11,6,6,6,0,0,0,0,0,0
2024,3,0,12,31,30,28,0,0,0,2,1,0
2024,3,0,13,210,206,188,2,0,0,16,4,3
2024,3,0,14,820,804,709,1,0,0,94,16,4
2024,3,0,15,1967,1942,1658,9,0,1,274,25,18
2024,3,0,16,3262,3226,2663,53,1,5,504,36,22
2024,3,0,17,4846,4796,3824,176,4,5,787,50,39
2024,3,0,18,6026,5977,4561,367,3,4,1042,49,41
2024,3,0,19,7559,7499,5596,631,5,14,1253,60,51
2024,3,1,11,2,2,2,0,0,0,0,0,0
2024,3,1,12,6,6,6,0,0,0,0,0,0
2024,3,1,13,61,60,53,1,0,0,6,1,1
2024,3,1,14,180,175,137,0,0,0,38,5,0
2024,3,1,15,424,415,322,1,0,0,92,9,3
2024,3,1,16,585,573,420,11,0,0,142,12,5
2024,3,1,17,919,908,612,33,1,0,262,11,5
2024,3,1,18,985,977,612,47,1,0,317,8,10
2024,3,1,19,1094,1089,677,79,1,1,331,5,5
2024,3,2,10,1,1,0,0,0,0,1,0,0
2024,3,2,11,1,1,1,0,0,0,0,0,0
2024,3,2,12,10,9,8,0,0,0,1,1,0
2024,3,2,13,81,79,71,0,0,0,8,2,1
2024,3,2,14,309,303,256,0,0,0,47,6,2
2024,3,2,15,738,730,604,4,0,1,121,8,8
2024,3,2,16,1196,1180,941,16,0,4,219,16,10
2024,3,2,17,1647,1621,1277,53,3,3,285,26,21
2024,3,2,18,1916,1889,1429,102,1,1,356,27,12
2024,3,2,19,2280,2242,1624,172,0,5,441,38,19
2024,3,3,11,2,2,2,0,0,0,0,0,0
2024,3,3,12,10,10,9,0,0,0,1,0,0
2024,3,3,13,38,37,37,0,0,0,0,1,0
2024,3,3,14,193,188,185,1,0,0,2,5,0
2024,3,3,15,458,454,419,2,0,0,33,4,4
2024,3,3,16,923,917,820,14,0,1,82,6,7
2024,3,3,17,1371,1365,1191,47,0,2,125,6,6
2024,3,3,18,1904,1893,1548,131,0,2,212,11,12
2024,3,3,19,2560,2546,2011,232,3,3,297,14,19
2024,3,4,12,2,2,2,0,0,0,0,0,0
2024,3,4,13,10,10,9,0,0,0,1,0,1
2024,3,4,14,69,69,66,0,0,0,3,0,1
2024,3,4,15,153,150,135,0,0,0,15,3,0
2024,3,4,16,268,267,226,7,0,0,34,1,0
2024,3,4,17,487,482,400,21,0,0,61,5,6
2024,3,4,18,657,655,518,35,1,1,100,2,6
2024,3,4,19,898,896,704,79,1,1,111,2,5
2024,3,5,11,1,1,1,0,0,0,0,0,0
2024,3,5,12,3,3,3,0,0,0,0,0,0
2024,3,5,13,20,20,18,1,0,0,1,0,0
2024,3,5,14,69,69,65,0,0,0,4,0,1
2024,3,5,15,194,193,178,2,0,0,13,1,3
2024,3,5,16,290,289,256,5,1,0,27,1,0
2024,3,5,17,422,420,344,22,0,0,54,2,1
2024,3,5,18,564,563,454,52,0,0,57,1,1
2024,3,5,19,727,726,580,69,0,4,73,1,3
2024,4,0,10,1,1,0,0,0,0,1,0,0
2024,4,0,11,6,6,5,0,0,0,1,0,0
2024,4,0,12,31,30,27,1,0,0,2,1,0
2024,4,0,13,268,264,239,2,0,0,23,4,1
2024,4,0,14,834,824,711,4,0,0,109,10,9
2024,4,0,15,2065,2046,1777,13,0,0,256,19,13
2024,4,0,16,3229,3181,2647,75,1,1,457,48,29
2024,4,0,17,4647,4606,3639,178,1,5,783,41,36
2024,4,0,18,6126,6078,4668,345,3,7,1055,48,43
2024,4,0,19,7637,7587,5665,593,6,14,1309,50,52
2024,4,1,10,1,1,0,0,0,0,1,0,0
2024,4,1,11,2,2,2,0,0,0,0,0,0
2024,4,1,12,11,11,10,1,0,0,0,0,0
2024,4,1,13,52,52,43,0,0,0,9,0,0
2024,4,1,14,159,155,127,0,0,0,28,4,1
2024,4,1,15,407,404,325,2,0,0,77,3,5
2024,4,1,16,596,580,426,9,0,0,145,16,3
2024,4,1,17,815,806,534,31,1,3,237,9,7
2024,4,1,18,1002,995,659,42,1,1,292,7,9
2024,4,1,19,1142,1140,706,65,2,2,365,2,6
2024,4,2,11,3,3,2,0,0,0,1,0,0
2024,4,2,12,13,12,11,0,0,0,1,1,0
2024,4,2,13,116,113,99,1,0,0,13,3,1
2024,4,2,14,354,350,286,1,0,0,63,4,6
2024,4,2,15,787,775,662,5,0,0,108,12,4
2024,4,2,16,1180,1159,937,27,1,0,194,21,16
2024,4,2,17,1604,1580,1235,41,0,0,304,24,10
2024,4,2,18,1970,1946,1461,82,1,1,401,24,16
2024,4,2,19,2398,2373,1741,161,1,3,467,25,25
2024,4,3,12,3,3,2,0,0,0,1,0,0
2024,4,3,13,60,60,58,1,0,0,1,0,0
2024,4,3,14,189,188,181,1,0,0,6,1,1
2024,4,3,15,532,530,485,2,0,0,43,2,3
2024,4,3,16,873,865,782,24,0,1,58,8,6
2024,4,3,17,1366,1360,1141,72,0,1,146,6,11
2024,4,3,18,1938,1930,1580,131,1,3,215,8,12
2024,4,3,19,2430,2413,1927,221,2,4,259,17,18
2024,4,4,11,1,1,1,0,0,0,0,0,0
2024,4,4,12,1,1,1,0,0,0,0,0,0
2024,4,4,13,16,16,16,0,0,0,0,0,0
2024,4,4,14,58,57,54,0,0,0,3,1,0
2024,4,4,15,164,164,146,1,0,0,17,0,0
2024,4,4,16,280,279,240,10,0,0,29,1,3
2024,4,4,17,456,454,377,17,0,1,59,2,7
2024,4,4,18,621,614,490,39,0,1,84,7,2
2024,4,4,19,957,953,711,91,1,1,149,4,2
2024,4,5,12,3,3,3,0,0,0,0,0,0
2024,4,5,13,24,23,23,0,0,0,0,1,0
2024,4,5,14,74,74,63,2,0,0,9,0,1
2024,4,5,15,175,173,159,3,0,0,11,2,1
2024,4,5,16,300,298,262,5,0,0,31,2,1
2024,4,5,17,406,406,352,17,0,0,37,0,1
2024,4,5,18,595,593,478,51,0,1,63,2,4
2024,4,5,19,710,708,580,55,0,4,69,2,1
2024,5,0,11,4,4,3,0,0,0,1,0,0
2024,5,0,12,37,35,30,1,0,0,4,2,3
2024,5,0,13,196,194,175,1,0,0,18,2,2
2024,5,0,14,819,815,714,4,0,0,97,4,4
2024,5,0,15,2097,2075,1800,11,0,0,264,22,16
2024,5,0,16,3197,3177,2643,42,0,0,492,20,35
2024,5,0,17,4619,4577,3690,152,2,2,731,42,38
2024,5,0,18,6007,5957,4568,336,1,9,1043,50,47
2024,5,0,19,7613,7552,5597,631,1,15,1308,61,55
2024,5,1,11,1,1,0,0,0,0,1,0,0
2024,5,1,12,9,8,6,0,0,0,2,1,0
2024,5,1,13,50,50,44,1,0,0,5,0,0
2024,5,1,14,176,176,144,1,0,0,31,0,0
2024,5,1,15,398,392,303,0,0,0,89,6,2
2024,5,1,16,615,610,444,7,0,0,159,5,3
2024,5,1,17,834,824,589,20,0,0,215,10,8
2024,5,1,18,952,948,611,39,0,1,297,4,10
2024,5,1,19,1196,1190,765,68,0,1,356,6,11
2024,5,2,11,1,1,1,0,0,0,0,0,0
2024,5,2,12,12,12,10,1,0,0,1,0,2
2024,5,2,13,79,78,69,0,0,0,9,1,0
2024,5,2,14,329,326,276,1,0,0,49,3,3
2024,5,2,15,817,806,688,7,0,0,111,11,5
2024,5,2,16,1211,1200,969,16,0,0,215,11,15
2024,5,2,17,1607,1583,1258,36,0,1,288,24,18
2024,5,2,18,1982,1952,1470,102,0,2,378,30,23
2024,5,2,19,2297,2263,1657,162,0,2,442,34,21
2024,5,3,11,1,1,1,0,0,0,0,0,0
2024,5,3,12,8,7,7,0,0,0,0,1,0
2024,5,3,13,44,43,42,0,0,0,1,1,0
2024,5,3,14,185,184,176,1,0,0,7,1,0
2024,5,3,15,525,523,486,1,0,0,36,2,5
2024,5,3,16,826,824,756,11,0,0,57,2,10
2024,5,3,17,1325,1321,1139,58,1,0,123,4,7
2024,5,3,18,1859,1848,1510,123,0,5,210,11,6
2024,5,3,19,2480,2465,1933,236,0,5,291,15,12
2024,5,4,12,2,2,2,0,0,0,0,0,0
2024,5,4,13,10,10,10,0,0,0,0,0,0
2024,5,4,14,72,72,67,0,0,0,5,0,0
2024,5,4,15,182,180,162,0,0,0,18,2,1
2024,5,4,16,265,263,226,5,0,0,32,2,2
2024,5,4,17,448,444,365,22,1,0,56,4,5
2024,5,4,18,640,637,501,36,0,1,99,3,5
2024,5,4,19,915,911,690,82,1,5,133,4,10
2024,5,5,11,1,1,1,0,0,0,0,0,0
2024,5,5,12,6,6,5,0,0,0,1,0,1
2024,5,5,13,13,13,10,0,0,0,3,0,2
2024,5,5,14,57,57,51,1,0,0,5,0,1
2024,5,5,15,175,174,161,3,0,0,10,1,3
2024,5,5,16,280,280,248,3,0,0,29,0,5
2024,5,5,17,405,405,339,16,0,1,49,0,0
2024,5,5,18,574,572,476,36,1,0,59,2,3
2024,5,5,19,725,723,552,83,0,2,86,2,1
2024,6,0,11,1,1,1,0,0,0,0,0,0
2024,6,0,12,41,40,37,0,0,0,3,1,0
2024,6,0,13,166,164,146,2,0,0,16,2,0
2024,6,0,14,764,755,665,8,0,0,82,9,7
2024,6,0,15,1838,1823,1600,12,0,1,210,15,23
2024,6,0,16,2980,2961,2431,54,1,2,473,19,33
2024,6,0,17,4273,4249,3456,132,0,5,656,24,32
2024,6,0,18,5731,5691,4415,303,3,8,962,40,48
2024,6,0,19,7012,6972,5197,586,2,6,1181,40,74
2024,6,1,11,1,1,1,0,0,0,0,0,0
2024,6,1,12,8,8,7,0,0,0,1,0,0
2024,6,1,13,41,39,33,0,0,0,6,2,0
2024,6,1,14,181,180,152,1,0,0,27,1,2
2024,6,1,15,362,358,290,3,0,0,65,4,6
2024,6,1,16,613,608,449,9,0,2,148,5,4
2024,6,1,17,810,802,568,25,0,2,207,8,7
2024,6,1,18,947,939,631,41,0,2,265,8,6
2024,6,1,19,1076,1071,672,83,0,1,315,5,16
2024,6,2,12,18,17,16,0,0,0,1,1,0
2024,6,2,13,57,57,52,0,0,0,5,0,0
2024,6,2,14,299,292,253,4,0,0,35,7,5
2024,6,2,15,713,704,598,7,0,1,98,9,11
2024,6,2,16,1048,1040,829,16,0,0,195,8,18
2024,6,2,17,1501,1492,1180,47,0,1,264,9,11
2024,6,2,18,1865,1845,1388,83,2,2,370,20,21
2024,6,2,19,2135,2111,1522,143,1,2,443,24,26
2024,6,3,12,6,6,5,0,0,0,1,0,0
2024,6,3,13,37,37,36,0,0,0,1,0,0
2024,6,3,14,169,169,160,2,0,0,7,0,0
2024,6,3,15,471,470,452,0,0,0,18,1,5
2024,6,3,16,822,817,724,15,1,0,77,5,9
2024,6,3,17,1202,1196,1053,39,0,2,102,6,7
2024,6,3,18,1737,1729,1425,120,0,2,182,8,11
2024,6,3,19,2298,2292,1849,208,1,3,231,6,21
2024,6,4,12,4,4,4,0,0,0,0,0,0
2024,6,4,13,22,22,18,1,0,0,3,0,0
2024,6,4,14,54,54,48,0,0,0,6,0,0
2024,6,4,15,153,153,135,1,0,0,17,0,1
2024,6,4,16,256,255,219,7,0,0,29,1,2
2024,6,4,17,418,418,349,11,0,0,58,0,5
2024,6,4,18,644,643,512,34,0,1,96,1,5
2024,6,4,19,864,862,666,90,0,0,106,2,6
2024,6,5,12,5,5,5,0,0,0,0,0,0
2024,6,5,13,9,9,7,1,0,0,1,0,0
2024,6,5,14,61,60,52,1,0,0,7,1,0
2024,6,5,15,139,138,125,1,0,0,12,1,0
2024,6,5,16,241,241,210,7,0,0,24,0,0
2024,6,5,17,342,341,306,10,0,0,25,1,2
2024,6,5,18,538,535,459,25,1,1,49,3,5
2024,6,5,19,639,636,488,62,0,0,86,3,5
2024,7,0,10,1,1,1,0,0,0,0,0,0
2024,7,0,11,8,7,5,2,0,0,0,1,1
2024,7,0,12,32,32,31,0,0,0,1,0,0
2024,7,0,13,219,219,198,2,0,0,19,0,2
2024,7,0,14,789,786,701,4,0,0,81,3,7
2024,7,0,15,1860,1850,1603,11,0,0,236,10,22
2024,7,0,16,2951,2930,2452,43,1,0,434,21,27
2024,7,0,17,4194,4159,3355,143,3,1,657,35,39
2024,7,0,18,5531,5477,4236,299,0,4,938,54,62
2024,7,0,19,7099,7057,5286,594,6,13,1158,42,59
2024,7,1,11,2,2,2,0,0,0,0,0,0
2024,7,1,12,5,5,5,0,0,0,0,0,0
2024,7,1,13,50,50,46,0,0,0,4,0,0
2024,7,1,14,179,179,149,2,0,0,28,0,1
2024,7,1,15,386,384,304,1,0,0,79,2,6
2024,7,1,16,583,580,437,11,1,0,131,3,9
2024,7,1,17,798,791,552,26,0,1,212,7,8
2024,7,1,18,926,915,601,45,0,0,269,11,16
2024,7,1,19,1117,1109,712,78,0,0,319,8,16
2024,7,2,10,1,1,1,0,0,0,0,0,0
2024,7,2,12,13,13,12,0,0,0,1,0,0
2024,7,2,13,95,95,85,1,0,0,9,0,0
2024,7,2,14,289,286,253,1,0,0,32,3,6
2024,7,2,15,713,709,602,3,0,0,104,4,8
2024,7,2,16,1100,1085,876,15,0,0,194,15,13
2024,7,2,17,1473,1455,1161,34,1,0,259,18,17
2024,7,2,18,1892,1864,1433,89,0,2,340,28,30
2024,7,2,19,2256,2240,1689,171,2,3,375,16,18
2024,7,3,11,2,2,2,0,0,0,0,0,0
2024,7,3,12,10,10,10,0,0,0,0,0,0
2024,7,3,13,38,38,34,1,0,0,3,0,1
2024,7,3,14,194,194,186,0,0,0,8,0,0
2024,7,3,15,455,453,418,5,0,0,30,2,6
2024,7,3,16,771,768,708,13,0,0,47,3,2
2024,7,3,17,1121,1115,958,54,2,0,101,6,11
2024,7,3,18,1581,1574,1297,107,0,0,170,7,10
2024,7,3,19,2262,2255,1774,218,3,7,253,7,19
2024,7,4,11,2,1,0,1,0,0,0,1,0
2024,7,4,12,1,1,1,0,0,0,0,0,0
2024,7,4,13,16,16,16,0,0,0,0,0,0
2024,7,4,14,66,66,56,0,0,0,10,0,0
2024,7,4,15,165,165,155,0,0,0,10,0,0
2024,7,4,16,244,244,205,1,0,0,38,0,1
2024,7,4,17,415,413,351,20,0,0,42,2,2
2024,7,4,18,615,610,481,35,0,2,92,5,5
2024,7,4,19,866,862,652,74,1,0,135,4,4
2024,7,5,11,2,2,1,1,0,0,0,0,1
2024,7,5,12,3,3,3,0,0,0,0,0,0
2024,7,5,13,20,20,17,0,0,0,3,0,1
2024,7,5,14,61,61,57,1,0,0,3,0,0
2024,7,5,15,141,139,124,2,0,0,13,2,2
2024,7,5,16,253,253,226,3,0,0,24,0,2
2024,7,5,17,387,385,333,9,0,0,43,2,1
2024,7,5,18,517,514,424,23,0,0,67,3,1
2024,7,5,19,598,591,459,53,0,3,76,7,2
2024,8,0,10,1,1,1,0,0,0,0,0,0
2024,8,0,11,1,1,1,0,0,0,0,0,0
2024,8,0,12,28,28,26,0,0,0,2,0,0
2024,8,0,13,188,186,173,0,0,0,13,2,1
2024,8,0,14,769,762,671,2,0,0,89,7,6
2024,8,0,15,1857,1839,1594,13,1,2,229,18,19
2024,8,0,16,3054,3024,2523,57,1,1,442,30,22
2024,8,0,17,4302,4269,3354,170,0,6,739,33,43
2024,8,0,18,5502,5459,4218,294,4,9,934,43,54
2024,8,0,19,6994,6959,5202,599,7,10,1141,35,54
2024,8,1,11,1,1,1,0,0,0,0,0,0
2024,8,1,12,11,11,11,0,0,0,0,0,0
2024,8,1,13,51,51,47,0,0,0,4,0,1
2024,8,1,14,165,164,134,0,0,0,30,1,0
2024,8,1,15,393,386,318,2,0,1,65,7,3
2024,8,1,16,671,667,501,13,1,0,152,4,5
2024,8,1,17,847,843,571,32,0,0,240,4,10
2024,8,1,18,981,974,644,38,0,0,292,7,18
2024,8,1,19,1093,1087,696,63,0,2,326,6,8
2024,8,2,10,1,1,1,0,0,0,0,0,0
2024,8,2,12,9,9,8,0,0,0,1,0,0
2024,8,2,13,66,66,59,0,0,0,7,0,0
2024,8,2,14,311,308,260,1,0,0,47,3,5
2024,8,2,15,709,702,589,7,0,1,105,7,8
2024,8,2,16,1126,1110,893,20,0,1,196,16,10
2024,8,2,17,1489,1465,1111,50,0,2,302,24,23
2024,8,2,18,1868,1842,1387,88,4,7,356,26,19
2024,8,2,19,2218,2199,1625,170,4,2,398,19,23
2024,8,3,12,4,4,4,0,0,0,0,0,0
2024,8,3,13,51,49,48,0,0,0,1,2,0
2024,8,3,14,168,167,160,1,0,0,6,1,0
2024,8,3,15,449,446,415,2,0,0,29,3,4
2024,8,3,16,776,769,704,13,0,0,52,7,5
2024,8,3,17,1194,1192,1031,59,0,2,100,2,5
2024,8,3,18,1602,1595,1332,97,0,2,164,7,9
2024,8,3,19,2170,2162,1725,200,2,0,235,8,15
2024,8,4,12,3,3,3,0,0,0,0,0,0
2024,8,4,13,10,10,10,0,0,0,0,0,0
2024,8,4,14,64,63,60,0,0,0,3,1,1
2024,8,4,15,154,154,137,0,1,0,16,0,1
2024,8,4,16,246,245,215,6,0,0,24,1,1
2024,8,4,17,387,386,309,15,0,1,61,1,2
2024,8,4,18,570,569,462,38,0,0,69,1,4
2024,8,4,19,815,814,627,87,1,2,97,1,4
2024,8,5,12,1,1,0,0,0,0,1,0,0
2024,8,5,13,10,10,9,0,0,0,1,0,0
2024,8,5,14,61,60,57,0,0,0,3,1,0
2024,8,5,15,152,151,135,2,0,0,14,1,3
2024,8,5,16,235,233,210,5,0,0,18,2,1
2024,8,5,17,385,383,332,14,0,1,36,2,3
2024,8,5,18,481,479,393,33,0,0,53,2,4
2024,8,5,19,698,697,529,79,0,4,85,1,4
2024,9,0,10,2,2,1,1,0,0,0,0,0
2024,9,0,11,10,10,9,1,0,0,0,0,0
2024,9,0,12,27,27,25,1,0,0,1,0,0
2024,9,0,13,189,186,173,1,0,0,12,3,3
2024,9,0,14,809,802,692,5,0,0,105,7,8
2024,9,0,15,1838,1818,1565,5,0,0,248,20,22
2024,9,0,16,2992,2962,2427,74,0,2,459,30,20
2024,9,0,17,4185,4139,3292,156,2,3,686,46,35
2024,9,0,18,5485,5438,4159,309,2,3,965,47,57
2024,9,0,19,6979,6934,5126,614,4,11,1179,45,60
2024,9,1,10,1,1,1,0,0,0,0,0,0
2024,9,1,11,3,3,3,0,0,0,0,0,0
2024,9,1,12,5,5,4,0,0,0,1,0,0
2024,9,1,13,47,46,44,0,0,0,2,1,0
2024,9,1,14,182,179,142,2,0,0,35,3,4
2024,9,1,15,380,370,296,0,0,0,74,10,3
2024,9,1,16,675,665,493,14,0,1,157,10,8
2024,9,1,17,822,811,575,24,0,1,211,11,9
2024,9,1,18,999,991,667,48,0,0,276,8,15
2024,9,1,19,1130,1124,723,99,1,1,300,6,12
2024,9,2,11,5,5,5,0,0,0,0,0,0
2024,9,2,12,14,14,14,0,0,0,0,0,0
2024,9,2,13,75,73,67,0,0,0,6,2,1
2024,9,2,14,288,286,241,0,0,0,45,2,3
2024,9,2,15,681,676,573,3,0,0,100,5,11
2024,9,2,16,1062,1044,823,23,0,1,197,18,9
2024,9,2,17,1464,1442,1114,51,0,2,275,22,13
2024,9,2,18,1834,1811,1328,91,2,0,390,23,28
2024,9,2,19,2205,2182,1561,178,3,1,439,23,28
2024,9,3,11,1,1,0,1,0,0,0,0,0
2024,9,3,12,5,5,4,1,0,0,0,0,0
2024,9,3,13,39,39,37,1,0,0,1,0,1
2024,9,3,14,203,202,186,1,0,0,15,1,0
2024,9,3,15,452,448,416,0,0,0,32,4,5
2024,9,3,16,754,754,690,14,0,0,50,0,1
2024,9,3,17,1130,1123,988,36,2,0,97,7,11
2024,9,3,18,1562,1552,1285,89,0,1,177,10,6
2024,9,3,19,2197,2185,1741,195,0,7,242,12,16
2024,9,4,10,1,1,0,1,0,0,0,0,0
2024,9,4,12,1,1,1,0,0,0,0,0,0
2024,9,4,13,12,12,12,0,0,0,0,0,0
2024,9,4,14,67,66,61,1,0,0,4,1,1
2024,9,4,15,161,160,131,0,0,0,29,1,0
2024,9,4,16,240,240,205,8,0,0,27,0,0
2024,9,4,17,389,386,305,23,0,0,58,3,0
2024,9,4,18,593,591,471,40,0,0,80,2,5
2024,9,4,19,798,796,600,70,0,0,126,2,2
2024,9,5,11,1,1,1,0,0,0,0,0,0
2024,9,5,12,2,2,2,0,0,0,0,0,0
2024,9,5,13,16,16,13,0,0,0,3,0,1
2024,9,5,14,69,69,62,1,0,0,6,0,0
2024,9,5,15,164,164,149,2,0,0,13,0,3
2024,9,5,16,261,259,216,15,0,0,28,2,2
2024,9,5,17,380,377,310,22,0,0,45,3,2
2024,9,5,18,497,493,408,41,0,2,42,4,3
2024,9,5,19,649,647,501,72,0,2,72,2,2
2024,10,0,10,1,1,0,0,0,0,1,0,0
2024,10,0,11,7,7,5,1,0,0,1,0,0
2024,10,0,12,32,32,29,0,0,0,3,0,0
2024,10,0,13,197,197,177,1,0,0,19,0,1
2024,10,0,14,718,710,624,5,0,0,81,8,14
2024,10,0,15,1786,1762,1521,7,0,0,234,24,16
2024,10,0,16,2875,2843,2321,54,0,1,467,32,26
2024,10,0,17,4089,4066,3255,126,1,2,682,23,40
2024,10,0,18,5318,5280,4006,305,3,3,963,38,50
2024,10,0,19,6883,6831,5041,603,3,13,1171,52,67
2024,10,1,11,2,2,2,0,0,0,0,0,0
2024,10,1,12,6,6,6,0,0,0,0,0,0
2024,10,1,13,57,57,50,1,0,0,6,0,0
2024,10,1,14,175,172,139,1,0,0,32,3,2
2024,10,1,15,404,396,312,2,0,0,82,8,4
2024,10,1,16,630,620,454,11,0,1,154,10,5
2024,10,1,17,901,898,636,27,0,0,235,3,13
2024,10,1,18,947,941,611,46,0,0,284,6,13
2024,10,1,19,1160,1153,704,93,2,2,352,7,22
2024,10,2,10,1,1,0,0,0,0,1,0,0
2024,10,2,11,4,4,2,1,0,0,1,0,0
2024,10,2,12,11,11,9,0,0,0,2,0,0
2024,10,2,13,74,74,64,0,0,0,10,0,1
2024,10,2,14,259,255,219,2,0,0,34,4,8
2024,10,2,15,663,652,553,2,0,0,97,11,9
2024,10,2,16,1039,1026,802,18,0,0,206,13,8
2024,10,2,17,1409,1394,1077,31,0,1,285,15,19
2024,10,2,18,1822,1799,1325,82,3,2,387,23,22
2024,10,2,19,2110,2088,1517,168,0,2,401,22,20
2024,10,3,11,1,1,1,0,0,0,0,0,0
2024,10,3,12,10,10,10,0,0,0,0,0,0
2024,10,3,13,35,35,35,0,0,0,0,0,0
2024,10,3,14,167,167,160,1,0,0,6,0,2
2024,10,3,15,421,419,394,2,0,0,23,2,2
2024,10,3,16,726,719,660,7,0,0,52,7,4
2024,10,3,17,1080,1076,951,40,1,1,83,4,5
2024,10,3,18,1558,1553,1288,97,0,1,167,5,9
2024,10,3,19,2194,2177,1737,201,1,5,233,17,18
2024,10,4,13,9,9,9,0,0,0,0,0,0
2024,10,4,14,50,50,45,1,0,0,4,0,1
2024,10,4,15,159,157,141,1,0,0,15,2,1
2024,10,4,16,233,233,198,10,0,0,25,0,6
2024,10,4,17,355,354,300,13,0,0,41,1,2
2024,10,4,18,533,532,410,43,0,0,79,1,3
2024,10,4,19,794,791,606,84,0,3,98,3,5
2024,10,5,12,5,5,4,0,0,0,1,0,0
2024,10,5,13,22,22,19,0,0,0,3,0,0
2024,10,5,14,67,66,61,0,0,0,5,1,1
2024,10,5,15,139,138,121,0,0,0,17,1,0
2024,10,5,16,247,245,207,8,0,0,30,2,3
2024,10,5,17,344,344,291,15,0,0,38,0,1
2024,10,5,18,458,455,372,37,0,0,46,3,3
2024,10,5,19,625,622,477,57,0,1,87,3,2
2024,11,0,11,5,5,3,0,0,0,2,0,1
2024,11,0,12,28,28,26,0,0,0,2,0,0
2024,11,0,13,186,181,163,2,0,0,16,5,2
2024,11,0,14,674,669,589,4,0,1,75,5,10
2024,11,0,15,1576,1559,1353,11,0,0,195,17,11
2024,11,0,16,2697,2673,2228,42,1,0,402,24,21
2024,11,0,17,3741,3720,2935,127,0,1,657,21,38
2024,11,0,18,5064,5024,3866,301,1,5,851,40,50
2024,11,0,19,6529,6489,4815,574,5,9,1086,40,61
2024,11,1,11,2,2,1,0,0,0,1,0,0
2024,11,1,12,7,7,6,0,0,0,1,0,0
2024,11,1,13,52,51,44,1,0,0,6,1,1
2024,11,1,14,161,156,129,1,0,0,26,5,5
2024,11,1,15,342,333,273,1,0,0,59,9,3
2024,11,1,16,605,597,444,11,0,0,142,8,7
2024,11,1,17,738,731,511,26,0,0,194,7,12
2024,11,1,18,940,931,631,48,0,1,251,9,10
2024,11,1,19,1099,1092,686,69,0,1,336,7,20
2024,11,2,11,1,1,1,0,0,0,0,0,0
2024,11,2,12,9,9,8,0,0,0,1,0,0
2024,11,2,13,72,69,62,0,0,0,7,3,1
2024,11,2,14,252,252,217,1,0,0,34,0,4
2024,11,2,15,571,565,466,6,0,0,93,6,3
2024,11,2,16,958,947,761,13,1,0,172,11,6
2024,11,2,17,1283,1274,960,45,0,0,269,9,14
2024,11,2,18,1669,1650,1224,91,0,0,335,19,22
2024,11,2,19,2003,1983,1439,154,1,6,383,20,23
2024,11,3,11,1,1,1,0,0,0,0,0,1
2024,11,3,12,7,7,7,0,0,0,0,0,0
2024,11,3,13,32,32,32,0,0,0,0,0,0
2024,11,3,14,170,170,161,0,0,1,8,0,0
2024,11,3,15,388,386,366,1,0,0,19,2,2
2024,11,3,16,702,698,647,11,0,0,40,4,3
2024,11,3,17,1036,1033,897,30,0,1,105,3,6
2024,11,3,18,1539,1531,1287,92,1,2,149,8,11
2024,11,3,19,2034,2023,1590,227,4,1,201,11,8
2024,11,4,13,9,8,8,0,0,0,0,1,0
2024,11,4,14,36,36,31,1,0,0,4,0,1
2024,11,4,15,133,133,120,0,0,0,13,0,1
2024,11,4,16,211,210,181,2,0,0,27,1,1
2024,11,4,17,360,358,304,11,0,0,43,2,3
2024,11,4,18,470,466,365,26,0,2,73,4,5
2024,11,4,19,783,781,598,78,0,0,105,2,6
2024,11,5,11,1,1,0,0,0,0,1,0,0
2024,11,5,12,5,5,5,0,0,0,0,0,0
2024,11,5,13,21,21,17,1,0,0,3,0,0
2024,11,5,14,55,55,51,1,0,0,3,0,0
2024,11,5,15,142,142,128,3,0,0,11,0,2
2024,11,5,16,221,221,195,5,0,0,21,0,4
2024,11,5,17,324,324,263,15,0,0,46,0,3
2024,11,5,18,446,446,359,44,0,0,43,0,2
2024,11,5,19,610,610,502,46,0,1,61,0,4
2024,12,0,10,1,1,1,0,0,0,0,0,0
2024,12,0,12,23,23,20,1,0,0,2,0,0
2024,12,0,13,176,173,163,1,0,0,9,3,0
2024,12,0,14,674,668,588,2,0,0,78,6,4
2024,12,0,15,1602,1586,1368,10,0,0,208,16,15
2024,12,0,16,2709,2684,2241,39,1,3,400,25,30
2024,12,0,17,3827,3801,3053,130,1,2,615,26,41
2024,12,0,18,5053,5015,3896,287,5,5,822,38,43
2024,12,0,19,6550,6501,4902,550,2,7,1040,49,55
2024,12,1,10,1,1,1,0,0,0,0,0,0
2024,12,1,12,8,8,6,1,0,0,1,0,0
2024,12,1,13,39,38,35,0,0,0,3,1,0
2024,12,1,14,153,150,126,1,0,0,23,3,2
2024,12,1,15,359,355,281,2,0,0,72,4,2
2024,12,1,16,568,557,417,7,0,1,132,11,6
2024,12,1,17,787,783,559,22,0,0,202,4,8
2024,12,1,18,916,910,630,39,1,0,240,6,8
2024,12,1,19,1068,1061,702,71,1,1,286,7,6
2024,12,2,12,10,10,10,0,0,0,0,0,0
2024,12,2,13,70,70,65,0,0,0,5,0,0
2024,12,2,14,255,254,214,1,0,0,39,1,2
2024,12,2,15,583,575,488,7,0,0,80,8,11
2024,12,2,16,936,927,741,11,1,0,174,9,12
2024,12,2,17,1317,1305,1010,41,1,2,251,12,22
2024,12,2,18,1623,1606,1204,77,1,3,321,17,19
2024,12,2,19,1967,1946,1418,146,0,1,381,21,22
2024,12,3,12,2,2,2,0,0,0,0,0,0
2024,12,3,13,42,40,39,1,0,0,0,2,0
2024,12,3,14,154,154,149,0,0,0,5,0,0
2024,12,3,15,411,408,377,0,0,0,31,3,1
2024,12,3,16,711,708,658,10,0,1,39,3,5
2024,12,3,17,1036,1032,902,41,0,0,89,4,8
2024,12,3,18,1483,1473,1221,108,1,0,143,10,11
2024,12,3,19,2121,2107,1700,190,0,1,216,14,17
2024,12,4,12,2,2,1,0,0,0,1,0,0
2024,12,4,13,13,13,13,0,0,0,0,0,0
2024,12,4,14,53,53,47,0,0,0,6,0,0
2024,12,4,15,124,123,108,1,0,0,14,1,1
2024,12,4,16,253,251,217,6,0,1,27,2,5
2024,12,4,17,334,333,279,10,0,0,44,1,2
2024,12,4,18,552,550,441,38,2,0,69,2,4
2024,12,4,19,750,746,565,81,0,0,100,4,7
2024,12,5,12,1,1,1,0,0,0,0,0,0
2024,12,5,13,12,12,11,0,0,0,1,0,0
2024,12,5,14,59,57,52,0,0,0,5,2,0
2024,12,5,15,125,125,114,0,0,0,11,0,0
2024,12,5,16,241,241,208,5,0,0,28,0,2
2024,12,5,17,353,348,303,16,0,0,29,5,1
2024,12,5,18,479,476,400,25,0,2,49,3,1
2024,12,5,19,644,641,517,62,1,4,57,3,3
