birth_year,birth_month,region,age,n_births,n_valid_status,n_single,n_married,n_widowed,n_separated,n_uniao_estavel,n_unknown,n_dtnascmae_invalid
2013,1,0,11,4,4,3,0,0,0,1,0,0
2013,1,0,12,56,55,42,2,0,0,11,1,0
2013,1,0,13,469,457,343,8,0,0,106,12,0
2013,1,0,14,1649,1602,1158,15,1,0,428,47,0
2013,1,0,15,4148,4075,2779,70,0,2,1224,73,0
2013,1,0,16,7025,6924,4383,342,1,4,2194,101,0
2013,1,0,17,9409,9283,5555,762,7,13,2946,126,0
2013,1,0,18,11000,10851,6189,1230,10,7,3415,149,0
2013,1,0,19,12037,11884,6399,1837,7,15,3626,153,0
2013,1,1,11,1,1,0,0,0,0,1,0,0
2013,1,1,12,13,13,10,1,0,0,2,0,0
2013,1,1,13,78,75,46,1,0,0,28,3,0
2013,1,1,14,271,262,165,2,0,0,95,9,0
2013,1,1,15,670,656,346,16,0,0,294,14,0
2013,1,1,16,1065,1054,551,31,0,0,472,11,0
2013,1,1,17,1348,1329,656,78,0,0,595,19,0
2013,1,1,18,1507,1489,659,123,0,1,706,18,0
2013,1,1,19,1627,1610,693,164,1,1,751,17,0
2013,1,2,12,27,26,18,1,0,0,7,1,0
2013,1,2,13,188,182,123,4,0,0,55,6,0
2013,1,2,14,615,596,407,5,1,0,183,19,0
2013,1,2,15,1417,1387,851,28,0,1,507,30,0
2013,1,2,16,2295,2248,1245,114,0,2,887,47,0
2013,1,2,17,3039,2975,1515,253,3,7,1197,64,0
2013,1,2,18,3283,3215,1614,355,6,3,1237,68,0
2013,1,2,19,3673,3600,1697,527,4,1,1371,73,0
2013,1,3,11,2,2,2,0,0,0,0,0,0
2013,1,3,12,8,8,7,0,0,0,1,0,0
2013,1,3,13,115,112,104,0,0,0,8,3,0
2013,1,3,14,479,469,384,6,0,0,79,10,0
2013,1,3,15,1292,1274,1052,15,0,1,206,18,0
2013,1,3,16,2231,2201,1712,118,1,0,370,30,0
2013,1,3,17,3121,3092,2269,266,2,4,551,29,0
2013,1,3,18,3837,3790,2601,465,1,3,720,47,0
2013,1,3,19,4281,4237,2738,712,2,8,777,44,0
2013,1,4,11,1,1,1,0,0,0,0,0,0
2013,1,4,12,5,5,4,0,0,0,1,0,0
2013,1,4,13,49,49,39,1,0,0,9,0,0
2013,1,4,14,158,157,111,2,0,0,44,1,0
2013,1,4,15,464,460,330,5,0,0,125,4,0
2013,1,4,16,872,868,547,44,0,1,276,4,0
2013,1,4,17,1127,1120,673,93,0,1,353,7,0
2013,1,4,18,1439,1431,821,165,1,0,444,8,0
2013,1,4,19,1515,1503,811,256,0,2,434,12,0
2013,1,5,12,3,3,3,0,0,0,0,0,0
2013,1,5,13,39,39,31,2,0,0,6,0,0
2013,1,5,14,126,118,91,0,0,0,27,8,0
2013,1,5,15,305,298,200,6,0,0,92,7,0
2013,1,5,16,562,553,328,35,0,1,189,9,0
2013,1,5,17,774,767,442,72,2,1,250,7,0
2013,1,5,18,934,926,494,122,2,0,308,8,0
2013,1,5,19,941,934,460,178,0,3,293,7,0
2013,2,0,10,1,1,1,0,0,0,0,0,0
2013,2,0,11,6,6,6,0,0,0,0,0,0
2013,2,0,12,57,55,47,0,0,0,8,2,0
2013,2,0,13,458,448,342,13,0,0,93,10,0
2013,2,0,14,1565,1523,1130,22,0,1,370,42,0
2013,2,0,15,3883,3812,2579,65,0,1,1167,71,0
2013,2,0,16,6701,6596,4215,323,3,7,2048,105,0
2013,2,0,17,8589,8478,5084,727,7,7,2653,111,0
2013,2,0,18,10291,10152,5812,1251,3,19,3067,139,0
2013,2,0,19,11513,11371,6178,1721,8,16,3448,142,0
2013,2,1,10,1,1,1,0,0,0,0,0,0
2013,2,1,11,3,3,3,0,0,0,0,0,0
2013,2,1,12,12,12,10,0,0,0,2,0,0
2013,2,1,13,80,78,58,1,0,0,19,2,0
2013,2,1,14,263,257,162,4,0,0,91,6,0
2013,2,1,15,605,595,337,8,0,1,249,10,0
2013,2,1,16,944,928,510,29,0,1,388,16,0
2013,2,1,17,1250,1233,601,69,2,1,560,17,0
2013,2,1,18,1358,1340,635,114,1,3,587,18,0
2013,2,1,19,1508,1489,649,137,2,3,698,19,0
2013,2,2,12,29,27,21,0,0,0,6,2,0
2013,2,2,13,179,177,116,10,0,0,51,2,0
2013,2,2,14,579,558,362,11,0,0,185,21,0
2013,2,2,15,1335,1300,766,33,0,0,501,35,0
2013,2,2,16,2244,2188,1189,120,2,3,874,56,0
2013,2,2,17,2703,2650,1376,242,1,2,1029,53,0
2013,2,2,18,3094,3028,1509,359,1,5,1154,66,0
2013,2,2,19,3383,3315,1598,495,2,2,1218,68,0
2013,2,3,11,1,1,1,0,0,0,0,0,0
2013,2,3,12,9,9,9,0,0,0,0,0,0
2013,2,3,13,107,106,98,2,0,0,6,1,0
2013,2,3,14,468,463,407,3,0,1,52,5,0
2013,2,3,15,1233,1217,1019,12,0,0,186,16,0
2013,2,3,16,2235,2210,1718,99,0,2,391,25,0
2013,2,3,17,2988,2957,2166,244,2,2,543,31,0
2013,2,3,18,3732,3692,2525,498,0,5,664,40,0
2013,2,3,19,4254,4209,2733,727,0,7,742,45,0
2013,2,4,11,1,1,1,0,0,0,0,0,0
2013,2,4,12,5,5,5,0,0,0,0,0,0
2013,2,4,13,41,40,32,0,0,0,8,1,0
2013,2,4,14,140,139,118,1,0,0,20,1,0
2013,2,4,15,420,418,284,4,0,0,130,2,0
2013,2,4,16,770,766,508,43,0,0,215,4,0
2013,2,4,17,972,966,579,100,0,1,286,6,0
2013,2,4,18,1314,1308,732,165,0,5,406,6,0
2013,2,4,19,1427,1422,756,205,2,3,456,5,0
2013,2,5,11,1,1,1,0,0,0,0,0,0
2013,2,5,12,2,2,2,0,0,0,0,0,0
2013,2,5,13,51,47,38,0,0,0,9,4,0
2013,2,5,14,115,106,81,3,0,0,22,9,0
2013,2,5,15,290,282,173,8,0,0,101,8,0
2013,2,5,16,508,504,290,32,1,1,180,4,0
2013,2,5,17,676,672,362,72,2,1,235,4,0
2013,2,5,18,793,784,411,115,1,1,256,9,0
2013,2,5,19,941,936,442,157,2,1,334,5,0
2013,3,0,11,8,8,6,0,0,0,2,0,0
2013,3,0,12,60,59,50,0,0,0,9,1,0
2013,3,0,13,540,523,376,13,1,1,132,17,0
2013,3,0,14,1802,1763,1272,25,0,0,466,39,0
2013,3,0,15,4445,4370,3005,81,0,3,1281,75,0
2013,3,0,16,7387,7289,4640,358,2,8,2281,98,0
2013,3,0,17,9965,9822,5957,843,4,11,3007,143,0
2013,3,0,18,11446,11287,6552,1294,14,10,3417,159,0
2013,3,0,19,12758,12601,6906,1828,8,16,3843,157,0
2013,3,1,11,4,4,3,0,0,0,1,0,0
2013,3,1,12,16,16,13,0,0,0,3,0,0
2013,3,1,13,100,94,59,4,1,1,29,6,0
2013,3,1,14,348,339,218,2,0,0,119,9,0
2013,3,1,15,689,677,399,16,0,0,262,12,0
2013,3,1,16,1111,1098,591,33,0,0,474,13,0
2013,3,1,17,1349,1337,634,66,1,2,634,12,0
2013,3,1,18,1574,1551,728,90,3,1,729,23,0
2013,3,1,19,1701,1684,718,173,1,1,791,17,0
2013,3,2,11,3,3,2,0,0,0,1,0,0
2013,3,2,12,27,27,21,0,0,0,6,0,0
2013,3,2,13,220,213,135,7,0,0,71,7,0
2013,3,2,14,618,603,392,13,0,0,198,15,0
2013,3,2,15,1544,1512,916,29,0,0,567,32,0
2013,3,2,16,2554,2511,1425,126,0,4,956,43,0
2013,3,2,17,3381,3307,1786,300,2,6,1213,74,0
2013,3,2,18,3630,3562,1847,419,10,2,1284,68,0
2013,3,2,19,3872,3794,1859,541,3,7,1384,78,0
2013,3,3,12,4,4,4,0,0,0,0,0,0
2013,3,3,13,132,132,120,2,0,0,10,0,0
2013,3,3,14,498,493,425,7,0,0,61,5,0
2013,3,3,15,1386,1368,1127,23,0,1,217,18,0
2013,3,3,16,2329,2305,1763,133,1,2,406,24,0
2013,3,3,17,3315,3279,2390,312,1,3,573,36,0
2013,3,3,18,3950,3902,2706,480,0,5,711,48,0
2013,3,3,19,4557,4514,2975,718,4,3,814,43,0
2013,3,4,11,1,1,1,0,0,0,0,0,0
2013,3,4,12,3,3,3,0,0,0,0,0,0
2013,3,4,13,43,43,31,0,0,0,12,0,0
2013,3,4,14,203,202,151,1,0,0,50,1,0
2013,3,4,15,461,457,333,9,0,1,114,4,0
2013,3,4,16,806,800,504,41,0,1,254,6,0
2013,3,4,17,1111,1104,693,91,0,0,320,7,0
2013,3,4,18,1425,1414,817,186,1,2,408,11,0
2013,3,4,19,1559,1553,834,227,0,3,489,6,0
2013,3,5,12,10,9,9,0,0,0,0,1,0
2013,3,5,13,45,41,31,0,0,0,10,4,0
2013,3,5,14,135,126,86,2,0,0,38,9,0
2013,3,5,15,365,356,230,4,0,1,121,9,0
2013,3,5,16,587,575,357,25,1,1,191,12,0
2013,3,5,17,809,795,454,74,0,0,267,14,0
2013,3,5,18,867,858,454,119,0,0,285,9,0
2013,3,5,19,1069,1056,520,169,0,2,365,13,0
2013,4,0,10,2,2,2,0,0,0,0,0,0
2013,4,0,11,8,8,5,1,0,0,2,0,0
2013,4,0,12,55,54,46,0,0,0,8,1,0
2013,4,0,13,514,507,377,8,0,0,122,7,0
2013,4,0,14,1782,1733,1292,21,0,0,420,49,0
2013,4,0,15,4480,4430,3002,79,1,2,1346,50,0
2013,4,0,16,7289,7199,4724,342,3,8,2122,90,0
2013,4,0,17,9863,9747,5854,848,6,11,3028,116,0
2013,4,0,18,11534,11392,6568,1336,8,14,3466,142,0
2013,4,0,19,12770,12622,6967,1871,12,15,3757,148,0
2013,4,1,10,1,1,1,0,0,0,0,0,0
2013,4,1,11,4,4,2,1,0,0,1,0,0
2013,4,1,12,13,13,12,0,0,0,1,0,0
2013,4,1,13,114,112,65,3,0,0,44,2,0
2013,4,1,14,309,304,202,4,0,0,98,5,0
2013,4,1,15,736,726,405,7,0,0,314,10,0
2013,4,1,16,1090,1078,585,34,1,0,458,12,0
2013,4,1,17,1384,1375,635,80,0,2,658,9,0
2013,4,1,18,1619,1599,711,122,0,4,762,20,0
2013,4,1,19,1729,1707,787,155,0,1,764,22,0
2013,4,2,11,3,3,2,0,0,0,1,0,0
2013,4,2,12,23,22,16,0,0,0,6,1,0
2013,4,2,13,182,178,127,2,0,0,49,4,0
2013,4,2,14,676,654,439,9,0,0,206,22,0
2013,4,2,15,1535,1514,931,26,1,1,555,21,0
2013,4,2,16,2453,2408,1413,126,0,4,865,45,0
2013,4,2,17,3188,3126,1658,283,3,2,1180,62,0
2013,4,2,18,3561,3490,1822,420,2,2,1244,71,0
2013,4,2,19,3886,3811,1867,555,5,7,1377,75,0
2013,4,3,10,1,1,1,0,0,0,0,0,0
2013,4,3,12,13,13,12,0,0,0,1,0,0
2013,4,3,13,124,124,109,2,0,0,13,0,0
2013,4,3,14,495,483,426,3,0,0,54,12,0
2013,4,3,15,1367,1359,1124,25,0,0,210,8,0
2013,4,3,16,2384,2370,1890,105,2,3,370,14,0
2013,4,3,17,3325,3297,2407,306,2,3,579,28,0
2013,4,3,18,3939,3907,2725,489,6,5,682,32,0
2013,4,3,19,4582,4546,2995,739,4,4,804,36,0
2013,4,4,12,1,1,1,0,0,0,0,0,0
2013,4,4,13,43,43,38,0,0,0,5,0,0
2013,4,4,14,171,171,129,1,0,0,41,0,0
2013,4,4,15,464,463,314,10,0,1,138,1,0
2013,4,4,16,806,799,499,40,0,1,259,7,0
2013,4,4,17,1169,1163,698,109,1,3,352,6,0
2013,4,4,18,1449,1438,819,192,0,2,425,11,0
2013,4,4,19,1550,1545,827,236,2,0,480,5,0
2013,4,5,11,1,1,1,0,0,0,0,0,0
2013,4,5,12,5,5,5,0,0,0,0,0,0
2013,4,5,13,51,50,38,1,0,0,11,1,0
2013,4,5,14,131,121,96,4,0,0,21,10,0
2013,4,5,15,378,368,228,11,0,0,129,10,0
2013,4,5,16,556,544,337,37,0,0,170,12,0
2013,4,5,17,797,786,456,70,0,1,259,11,0
2013,4,5,18,966,958,491,113,0,1,353,8,0
2013,4,5,19,1023,1013,491,186,1,3,332,10,0
2013,5,0,10,1,1,0,0,0,0,1,0,0
2013,5,0,11,10,10,10,0,0,0,0,0,0
2013,5,0,12,69,68,54,0,0,0,14,1,0
2013,5,0,13,476,460,343,4,0,0,113,16,0
2013,5,0,14,1905,1860,1356,32,0,0,472,45,0
2013,5,0,15,4643,4580,3151,94,2,2,1331,63,0
2013,5,0,16,7549,7452,4871,330,6,6,2239,97,0
2013,5,0,17,10128,9999,6066,819,4,5,3105,129,0
2013,5,0,18,11875,11733,6757,1360,9,16,3591,142,0
2013,5,0,19,13227,13064,7217,1827,8,25,3987,163,0
2013,5,1,10,1,1,0,0,0,0,1,0,0
2013,5,1,11,6,6,6,0,0,0,0,0,0
2013,5,1,12,19,19,15,0,0,0,4,0,0
2013,5,1,13,82,81,54,0,0,0,27,1,0
2013,5,1,14,309,305,197,3,0,0,105,4,0
2013,5,1,15,710,704,381,11,0,0,312,6,0
2013,5,1,16,1156,1137,595,37,1,1,503,19,0
2013,5,1,17,1459,1433,697,77,1,0,658,26,0
2013,5,1,18,1619,1598,715,112,0,1,770,21,0
2013,5,1,19,1705,1683,729,152,0,4,798,22,0
2013,5,2,11,3,3,3,0,0,0,0,0,0
2013,5,2,12,24,23,18,0,0,0,5,1,0
2013,5,2,13,194,186,126,3,0,0,57,8,0
2013,5,2,14,743,723,469,19,0,0,235,20,0
2013,5,2,15,1620,1591,981,53,0,1,556,29,0
2013,5,2,16,2529,2485,1422,126,3,3,931,44,0
2013,5,2,17,3422,3356,1794,306,3,1,1252,66,0
2013,5,2,18,3777,3721,1943,415,2,2,1359,56,0
2013,5,2,19,4060,3988,1942,559,3,4,1480,72,0
2013,5,3,11,1,1,1,0,0,0,0,0,0
2013,5,3,12,15,15,12,0,0,0,3,0,0
2013,5,3,13,130,127,114,0,0,0,13,3,0
2013,5,3,14,513,507,435,7,0,0,65,6,0
2013,5,3,15,1456,1446,1202,15,0,1,228,10,0
2013,5,3,16,2452,2434,1930,111,2,2,389,18,0
2013,5,3,17,3359,3335,2489,264,0,1,581,24,0
2013,5,3,18,4120,4075,2818,532,2,8,715,45,0
2013,5,3,19,4873,4828,3194,716,5,15,898,45,0
2013,5,4,12,4,4,4,0,0,0,0,0,0
2013,5,4,13,37,37,29,0,0,0,8,0,0
2013,5,4,14,196,196,148,1,0,0,47,0,0
2013,5,4,15,497,492,352,7,1,0,132,5,0
2013,5,4,16,844,842,592,31,0,0,219,2,0
2013,5,4,17,1114,1108,687,91,0,3,327,6,0
2013,5,4,18,1410,1402,790,166,3,2,441,8,0
2013,5,4,19,1553,1540,811,245,0,0,484,13,0
2013,5,5,12,7,7,5,0,0,0,2,0,0
2013,5,5,13,33,29,20,1,0,0,8,4,0
2013,5,5,14,144,129,107,2,0,0,20,15,0
2013,5,5,15,360,347,235,8,1,0,103,13,0
2013,5,5,16,568,554,332,25,0,0,197,14,0
2013,5,5,17,774,767,399,81,0,0,287,7,0
2013,5,5,18,949,937,491,135,2,3,306,12,0
2013,5,5,19,1036,1025,541,155,0,2,327,11,0
2013,6,0,10,2,2,1,0,0,0,1,0,0
2013,6,0,11,5,5,2,0,0,0,3,0,0
2013,6,0,12,62,58,43,1,0,0,14,4,0
2013,6,0,13,529,520,394,9,0,0,117,9,0
2013,6,0,14,1827,1776,1291,21,1,2,461,51,0
2013,6,0,15,4461,4389,3008,88,2,0,1291,72,0
2013,6,0,16,7288,7196,4619,322,2,10,2243,92,0
2013,6,0,17,9484,9392,5696,757,4,11,2924,92,0
2013,6,0,18,11183,11060,6329,1153,6,24,3548,123,0
2013,6,0,19,12423,12255,6641,1759,12,29,3814,168,0
2013,6,1,11,1,1,0,0,0,0,1,0,0
2013,6,1,12,16,14,11,0,0,0,3,2,0
2013,6,1,13,108,107,63,2,0,0,42,1,0
2013,6,1,14,300,289,169,4,0,1,115,11,0
2013,6,1,15,721,709,419,11,0,0,279,12,0
2013,6,1,16,1101,1094,564,28,0,3,499,7,0
2013,6,1,17,1378,1369,669,72,1,1,626,9,0
2013,6,1,18,1517,1500,692,114,1,1,692,17,0
2013,6,1,19,1704,1675,753,152,1,1,768,29,0
2013,6,2,10,2,2,1,0,0,0,1,0,0
2013,6,2,11,4,4,2,0,0,0,2,0,0
2013,6,2,12,29,29,20,0,0,0,9,0,0
2013,6,2,13,222,217,159,2,0,0,56,5,0
2013,6,2,14,723,703,476,11,1,1,214,20,0
2013,6,2,15,1649,1620,974,46,2,0,598,29,0
2013,6,2,16,2508,2470,1399,123,2,5,941,38,0
2013,6,2,17,3167,3122,1666,264,1,5,1186,45,0
2013,6,2,18,3609,3543,1805,361,2,8,1367,66,0
2013,6,2,19,3829,3760,1816,509,3,7,1425,69,0
2013,6,3,12,12,11,9,1,0,0,1,1,0
2013,6,3,13,112,112,104,2,0,0,6,0,0
2013,6,3,14,518,512,445,5,0,0,62,6,0
2013,6,3,15,1318,1304,1093,18,0,0,193,14,0
2013,6,3,16,2355,2330,1837,111,0,1,381,25,0
2013,6,3,17,3150,3124,2306,260,1,2,555,26,0
2013,6,3,18,3811,3787,2650,403,1,10,723,24,0
2013,6,3,19,4375,4330,2771,724,5,13,817,45,0
2013,6,4,12,2,2,2,0,0,0,0,0,0
2013,6,4,13,43,40,33,1,0,0,6,3,0
2013,6,4,14,163,163,120,1,0,0,42,0,0
2013,6,4,15,429,429,307,2,0,0,120,0,0
2013,6,4,16,758,754,488,29,0,1,236,4,0
2013,6,4,17,1113,1109,706,93,1,1,308,4,0
2013,6,4,18,1370,1363,749,145,2,2,465,7,0
2013,6,4,19,1476,1467,814,193,2,4,454,9,0
2013,6,5,12,3,2,1,0,0,0,1,1,0
2013,6,5,13,44,44,35,2,0,0,7,0,0
2013,6,5,14,123,109,81,0,0,0,28,14,0
2013,6,5,15,344,327,215,11,0,0,101,17,0
2013,6,5,16,566,548,331,31,0,0,186,18,0
2013,6,5,17,676,668,349,68,0,2,249,8,0
2013,6,5,18,876,867,433,130,0,3,301,9,0
2013,6,5,19,1039,1023,487,181,1,4,350,16,0
2013,7,0,11,5,5,4,0,0,0,1,0,0
2013,7,0,12,59,58,48,1,0,0,9,1,0
2013,7,0,13,464,459,347,7,0,0,105,5,0
2013,7,0,14,1814,1775,1334,19,2,1,419,39,0
2013,7,0,15,4282,4218,2894,77,2,1,1244,64,0
2013,7,0,16,7217,7123,4612,299,2,4,2206,94,0
2013,7,0,17,9678,9574,5771,778,4,11,3010,104,0
2013,7,0,18,11318,11189,6406,1226,12,13,3532,129,0
2013,7,0,19,12358,12212,6705,1689,16,14,3788,146,0
2013,7,1,11,2,2,1,0,0,0,1,0,0
2013,7,1,12,8,8,6,0,0,0,2,0,0
2013,7,1,13,104,102,69,4,0,0,29,2,0
2013,7,1,14,316,311,211,4,0,1,95,5,0
2013,7,1,15,663,653,370,7,1,0,275,10,0
2013,7,1,16,1104,1091,580,32,0,0,479,13,0
2013,7,1,17,1386,1367,639,72,0,2,654,19,0
2013,7,1,18,1557,1538,717,142,1,1,677,19,0
2013,7,1,19,1664,1639,717,138,2,4,778,25,0
2013,7,2,11,1,1,1,0,0,0,0,0,0
2013,7,2,12,33,32,25,1,0,0,6,1,0
2013,7,2,13,179,178,130,1,0,0,47,1,0
2013,7,2,14,652,635,417,8,2,0,208,17,0
2013,7,2,15,1523,1495,888,36,1,0,570,28,0
2013,7,2,16,2571,2516,1449,115,1,2,949,55,0
2013,7,2,17,3292,3243,1761,264,1,3,1214,49,0
2013,7,2,18,3665,3600,1808,391,4,6,1391,65,0
2013,7,2,19,3875,3812,1900,506,7,5,1394,63,0
2013,7,3,11,1,1,1,0,0,0,0,0,0
2013,7,3,12,8,8,8,0,0,0,0,0,0
2013,7,3,13,109,109,94,1,0,0,14,0,0
2013,7,3,14,527,520,458,4,0,0,58,7,0
2013,7,3,15,1323,1310,1108,14,0,1,187,13,0
2013,7,3,16,2223,2208,1755,83,1,1,368,15,0
2013,7,3,17,3148,3122,2290,260,2,3,567,26,0
2013,7,3,18,3780,3756,2615,435,4,2,700,24,0
2013,7,3,19,4318,4284,2804,647,3,4,826,34,0
2013,7,4,11,1,1,1,0,0,0,0,0,0
2013,7,4,12,6,6,5,0,0,0,1,0,0
2013,7,4,13,41,40,32,0,0,0,8,1,0
2013,7,4,14,181,180,140,1,0,0,39,1,0
2013,7,4,15,443,442,321,8,0,0,113,1,0
2013,7,4,16,763,761,498,39,0,0,224,2,0
2013,7,4,17,1103,1101,667,92,0,2,340,2,0
2013,7,4,18,1389,1381,790,132,2,3,454,8,0
2013,7,4,19,1484,1477,805,202,2,0,468,7,0
2013,7,5,12,4,4,4,0,0,0,0,0,0
2013,7,5,13,31,30,22,1,0,0,7,1,0
2013,7,5,14,138,129,108,2,0,0,19,9,0
2013,7,5,15,330,318,207,12,0,0,99,12,0
2013,7,5,16,556,547,330,30,0,1,186,9,0
2013,7,5,17,749,741,414,90,1,1,235,8,0
2013,7,5,18,927,914,476,126,1,1,310,13,0
2013,7,5,19,1017,1000,479,196,2,1,322,17,0
2013,8,0,10,1,1,0,0,0,0,1,0,0
2013,8,0,11,4,4,4,0,0,0,0,0,0
2013,8,0,12,56,54,43,0,0,0,11,2,0
2013,8,0,13,461,448,349,3,0,0,96,13,0
2013,8,0,14,1896,1852,1378,20,0,2,452,44,0
2013,8,0,15,4421,4345,3065,65,1,4,1210,76,0
2013,8,0,16,7201,7096,4509,291,6,5,2285,105,0
2013,8,0,17,9350,9253,5574,723,2,8,2946,97,0
2013,8,0,18,10786,10647,6027,1181,5,12,3422,139,0
2013,8,0,19,12177,12035,6669,1630,9,22,3705,142,0
2013,8,1,10,1,1,0,0,0,0,1,0,0
2013,8,1,12,13,13,9,0,0,0,4,0,0
2013,8,1,13,108,104,75,1,0,0,28,4,0
2013,8,1,14,339,329,223,0,0,1,105,10,0
2013,8,1,15,720,704,402,10,0,2,290,16,0
2013,8,1,16,1133,1109,554,22,2,1,530,24,0
2013,8,1,17,1369,1351,644,83,1,1,622,18,0
2013,8,1,18,1518,1484,668,108,0,2,706,34,0
2013,8,1,19,1760,1726,775,139,0,1,811,34,0
2013,8,2,11,4,4,4,0,0,0,0,0,0
2013,8,2,12,26,25,20,0,0,0,5,1,0
2013,8,2,13,153,152,108,1,0,0,43,1,0
2013,8,2,14,703,687,447,13,0,1,226,16,0
2013,8,2,15,1547,1514,964,31,0,2,517,33,0
2013,8,2,16,2487,2441,1340,113,4,3,981,46,0
2013,8,2,17,3185,3137,1644,254,0,0,1239,48,0
2013,8,2,18,3452,3399,1658,398,3,2,1338,53,0
2013,8,2,19,3658,3599,1774,471,4,7,1343,59,0
2013,8,3,12,9,8,8,0,0,0,0,1,0
2013,8,3,13,127,124,113,0,0,0,11,3,0
2013,8,3,14,503,496,440,2,0,0,54,7,0
2013,8,3,15,1360,1348,1127,13,1,0,207,12,0
2013,8,3,16,2250,2235,1787,86,0,1,361,15,0
2013,8,3,17,3014,2996,2226,229,1,1,539,18,0
2013,8,3,18,3613,3581,2493,406,2,3,677,32,0
2013,8,3,19,4293,4264,2849,656,2,11,746,29,0
2013,8,4,12,4,4,3,0,0,0,1,0,0
2013,8,4,13,36,36,28,0,0,0,8,0,0
2013,8,4,14,197,197,151,1,0,0,45,0,0
2013,8,4,15,446,446,327,4,0,0,115,0,0
2013,8,4,16,798,787,509,48,0,0,230,11,0
2013,8,4,17,1087,1080,672,96,0,4,308,7,0
2013,8,4,18,1354,1344,767,152,0,3,422,10,0
2013,8,4,19,1471,1463,801,200,3,0,459,8,0
2013,8,5,12,4,4,3,0,0,0,1,0,0
2013,8,5,13,37,32,25,1,0,0,6,5,0
2013,8,5,14,154,143,117,4,0,0,22,11,0
2013,8,5,15,348,333,245,7,0,0,81,15,0
2013,8,5,16,533,524,319,22,0,0,183,9,0
2013,8,5,17,695,689,388,61,0,2,238,6,0
2013,8,5,18,849,839,441,117,0,2,279,10,0
2013,8,5,19,995,983,470,164,0,3,346,12,0
2013,9,0,10,1,1,1,0,0,0,0,0,0
2013,9,0,11,5,5,5,0,0,0,0,0,0
2013,9,0,12,61,60,53,0,0,0,7,1,0
2013,9,0,13,463,450,345,6,0,2,97,13,0
2013,9,0,14,1821,1791,1320,28,0,2,441,30,0
2013,9,0,15,4368,4294,2958,76,1,4,1255,74,0
2013,9,0,16,7024,6944,4401,337,3,8,2195,80,0
2013,9,0,17,9288,9163,5489,718,4,11,2941,125,0
2013,9,0,18,10982,10847,6201,1211,10,14,3411,135,0
2013,9,0,19,11982,11818,6435,1604,8,17,3754,164,0
2013,9,1,10,1,1,1,0,0,0,0,0,0
2013,9,1,11,2,2,2,0,0,0,0,0,0
2013,9,1,12,15,14,12,0,0,0,2,1,0
2013,9,1,13,101,97,63,1,0,0,33,4,0
2013,9,1,14,360,353,222,4,0,0,127,7,0
2013,9,1,15,769,759,416,10,0,0,333,10,0
2013,9,1,16,1190,1179,599,40,1,1,538,11,0
2013,9,1,17,1416,1398,679,63,2,1,653,18,0
2013,9,1,18,1625,1604,780,117,2,2,703,21,0
2013,9,1,19,1788,1758,786,156,1,3,812,30,0
2013,9,2,11,2,2,2,0,0,0,0,0,0
2013,9,2,12,19,19,17,0,0,0,2,0,0
2013,9,2,13,188,181,128,3,0,1,49,7,0
2013,9,2,14,629,617,418,14,0,1,184,12,0
2013,9,2,15,1591,1549,943,39,1,2,564,42,0
2013,9,2,16,2453,2413,1365,123,0,2,923,40,0
2013,9,2,17,3213,3156,1646,260,1,4,1245,57,0
2013,9,2,18,3677,3609,1810,399,4,8,1388,68,0
2013,9,2,19,3745,3667,1757,486,3,4,1417,78,0
2013,9,3,11,1,1,1,0,0,0,0,0,0
2013,9,3,12,11,11,10,0,0,0,1,0,0
2013,9,3,13,108,108,99,1,0,1,7,0,0
2013,9,3,14,480,476,422,5,0,0,49,4,0
2013,9,3,15,1236,1229,1055,14,0,1,159,7,0
2013,9,3,16,2067,2052,1648,99,2,1,302,15,0
2013,9,3,17,2932,2902,2189,219,1,4,489,30,0
2013,9,3,18,3536,3509,2451,433,2,2,621,27,0
2013,9,3,19,4092,4057,2666,633,3,6,749,35,0
2013,9,4,12,7,7,7,0,0,0,0,0,0
2013,9,4,13,44,44,40,0,0,0,4,0,0
2013,9,4,14,183,182,126,1,0,1,54,1,0
2013,9,4,15,448,444,317,3,0,0,124,4,0
2013,9,4,16,764,762,462,43,0,3,254,2,0
2013,9,4,17,1019,1013,593,98,0,0,322,6,0
2013,9,4,18,1296,1287,730,148,0,0,409,9,0
2013,9,4,19,1400,1390,733,193,0,1,463,10,0
2013,9,5,12,9,9,7,0,0,0,2,0,0
2013,9,5,13,22,20,15,1,0,0,4,2,0
2013,9,5,14,169,163,132,4,0,0,27,6,0
2013,9,5,15,324,313,227,10,0,1,75,11,0
2013,9,5,16,550,538,327,32,0,1,178,12,0
2013,9,5,17,708,694,382,78,0,2,232,14,0
2013,9,5,18,848,838,430,114,2,2,290,10,0
2013,9,5,19,957,946,493,136,1,3,313,11,0
2013,10,0,11,3,3,3,0,0,0,0,0,0
2013,10,0,12,54,53,37,0,0,0,16,1,0
2013,10,0,13,426,417,310,2,0,1,104,9,0
2013,10,0,14,1747,1725,1236,23,0,4,462,22,0
2013,10,0,15,4080,4015,2757,68,0,8,1182,65,0
2013,10,0,16,6919,6828,4307,272,2,14,2233,91,0
2013,10,0,17,9145,9015,5336,735,5,14,2925,130,0
2013,10,0,18,10925,10777,6047,1272,12,34,3412,148,0
2013,10,0,19,11822,11666,6318,1708,6,26,3608,156,0
2013,10,1,12,17,17,10,0,0,0,7,0,0
2013,10,1,13,93,92,63,0,0,0,29,1,0
2013,10,1,14,321,319,201,4,0,0,114,2,0
2013,10,1,15,697,688,389,13,0,1,285,9,0
2013,10,1,16,1114,1105,553,36,1,2,513,9,0
2013,10,1,17,1422,1402,659,77,1,0,665,20,0
2013,10,1,18,1590,1562,679,121,3,5,754,28,0
2013,10,1,19,1798,1768,747,148,1,1,871,30,0
2013,10,2,11,2,2,2,0,0,0,0,0,0
2013,10,2,12,20,19,14,0,0,0,5,1,0
2013,10,2,13,154,148,95,1,0,1,51,6,0
2013,10,2,14,676,668,424,10,0,4,230,8,0
2013,10,2,15,1409,1387,837,32,0,6,512,22,0
2013,10,2,16,2354,2308,1270,100,1,8,929,46,0
2013,10,2,17,3069,3007,1588,250,4,12,1153,62,0
2013,10,2,18,3607,3540,1756,427,7,19,1331,67,0
2013,10,2,19,3595,3522,1693,515,3,15,1296,73,0
2013,10,3,12,12,12,10,0,0,0,2,0,0
2013,10,3,13,107,106,99,1,0,0,6,1,0
2013,10,3,14,460,455,398,4,0,0,53,5,0
2013,10,3,15,1179,1169,988,10,0,1,170,10,0
2013,10,3,16,2099,2077,1638,78,0,4,357,22,0
2013,10,3,17,2808,2786,2045,244,0,0,497,22,0
2013,10,3,18,3524,3491,2412,452,1,2,624,33,0
2013,10,3,19,4022,3991,2623,653,2,7,706,31,0
2013,10,4,11,1,1,1,0,0,0,0,0,0
2013,10,4,12,4,4,3,0,0,0,1,0,0
2013,10,4,13,36,36,28,0,0,0,8,0,0
2013,10,4,14,170,168,124,2,0,0,42,2,0
2013,10,4,15,452,450,311,6,0,0,133,2,0
2013,10,4,16,785,782,511,38,0,0,233,3,0
2013,10,4,17,1102,1090,644,92,0,1,353,12,0
2013,10,4,18,1299,1289,740,151,0,4,394,10,0
2013,10,4,19,1458,1449,789,219,0,1,440,9,0
2013,10,5,12,1,1,0,0,0,0,1,0,0
2013,10,5,13,36,35,25,0,0,0,10,1,0
2013,10,5,14,120,115,89,3,0,0,23,5,0
2013,10,5,15,343,321,232,7,0,0,82,22,0
2013,10,5,16,567,556,335,20,0,0,201,11,0
2013,10,5,17,744,730,400,72,0,1,257,14,0
2013,10,5,18,905,895,460,121,1,4,309,10,0
2013,10,5,19,949,936,466,173,0,2,295,13,0
2013,11,0,11,7,7,6,1,0,0,0,0,0
2013,11,0,12,58,53,42,1,0,0,10,5,0
2013,11,0,13,394,387,286,8,0,0,93,7,0
2013,11,0,14,1643,1610,1169,25,0,0,416,33,0
2013,11,0,15,3910,3853,2622,95,1,4,1131,57,0
2013,11,0,16,6555,6477,4050,320,2,11,2094,78,0
2013,11,0,17,8561,8438,4999,706,4,7,2722,123,0
2013,11,0,18,10129,10023,5629,1130,9,12,3243,106,0
2013,11,0,19,11147,11024,6053,1526,6,18,3421,123,0
2013,11,1,11,3,3,3,0,0,0,0,0,0
2013,11,1,12,15,14,12,0,0,0,2,1,0
2013,11,1,13,80,77,52,3,0,0,22,3,0
2013,11,1,14,308,299,187,7,0,0,105,9,0
2013,11,1,15,656,648,354,13,0,0,281,8,0
2013,11,1,16,1073,1060,528,36,2,1,493,13,0
2013,11,1,17,1341,1321,598,67,0,2,654,20,0
2013,11,1,18,1524,1503,657,113,0,2,731,21,0
2013,11,1,19,1624,1604,717,159,0,3,725,20,0
2013,11,2,11,2,2,2,0,0,0,0,0,0
2013,11,2,12,21,18,13,1,0,0,4,3,0
2013,11,2,13,151,149,99,1,0,0,49,2,0
2013,11,2,14,565,554,352,10,0,0,192,11,0
2013,11,2,15,1332,1304,773,39,1,1,490,28,0
2013,11,2,16,2172,2134,1190,94,0,6,844,38,0
2013,11,2,17,2840,2780,1457,241,1,1,1080,60,0
2013,11,2,18,3292,3243,1639,370,6,3,1225,49,0
2013,11,2,19,3291,3234,1529,442,4,5,1254,57,0
2013,11,3,11,2,2,1,1,0,0,0,0,0
2013,11,3,12,13,12,10,0,0,0,2,1,0
2013,11,3,13,94,93,80,3,0,0,10,1,0
2013,11,3,14,470,462,406,3,0,0,53,8,0
2013,11,3,15,1180,1169,965,26,0,1,177,11,0
2013,11,3,16,2050,2036,1571,107,0,1,357,14,0
2013,11,3,17,2722,2692,1956,262,1,2,471,30,0
2013,11,3,18,3235,3211,2193,385,3,4,626,24,0
2013,11,3,19,3926,3892,2582,582,0,5,723,34,0
2013,11,4,12,3,3,3,0,0,0,0,0,0
2013,11,4,13,36,36,30,0,0,0,6,0,0
2013,11,4,14,165,165,118,1,0,0,46,0,0
2013,11,4,15,438,437,319,6,0,1,111,1,0
2013,11,4,16,723,716,437,43,0,2,234,7,0
2013,11,4,17,965,960,585,84,1,0,290,5,0
2013,11,4,18,1235,1230,710,155,0,2,363,5,0
2013,11,4,19,1378,1372,759,180,1,4,428,6,0
2013,11,5,12,6,6,4,0,0,0,2,0,0
2013,11,5,13,33,32,25,1,0,0,6,1,0
2013,11,5,14,135,130,106,4,0,0,20,5,0
2013,11,5,15,304,295,211,11,0,1,72,9,0
2013,11,5,16,537,531,324,40,0,1,166,6,0
2013,11,5,17,693,685,403,52,1,2,227,8,0
2013,11,5,18,843,836,430,107,0,1,298,7,0
2013,11,5,19,928,922,466,163,1,1,291,6,0
2013,12,0,11,9,9,8,0,0,0,1,0,0
2013,12,0,12,46,45,40,0,0,0,5,1,0
2013,12,0,13,426,413,319,2,0,0,92,13,0
2013,12,0,14,1743,1705,1202,18,0,0,485,38,0
2013,12,0,15,3847,3776,2565,73,0,1,1137,71,0
2013,12,0,16,6596,6518,4168,309,4,6,2031,78,0
2013,12,0,17,8695,8586,5175,727,2,4,2678,109,0
2013,12,0,18,10353,10219,5720,1219,7,13,3260,134,0
2013,12,0,19,11591,11438,6197,1637,9,16,3579,153,0
2013,12,1,11,1,1,1,0,0,0,0,0,0
2013,12,1,12,10,10,9,0,0,0,1,0,0
2013,12,1,13,88,84,51,0,0,0,33,4,0
2013,12,1,14,305,300,180,4,0,0,116,5,0
2013,12,1,15,606,594,326,9,0,1,258,12,0
2013,12,1,16,1014,1001,538,25,0,0,438,13,0
2013,12,1,17,1248,1230,593,61,0,2,574,18,0
2013,12,1,18,1422,1401,630,96,1,1,673,21,0
2013,12,1,19,1613,1588,670,154,0,2,762,25,0
2013,12,2,11,7,7,6,0,0,0,1,0,0
2013,12,2,12,24,24,21,0,0,0,3,0,0
2013,12,2,13,150,144,101,1,0,0,42,6,0
2013,12,2,14,619,599,354,7,0,0,238,20,0
2013,12,2,15,1341,1305,781,29,0,0,495,36,0
2013,12,2,16,2092,2054,1109,132,3,2,808,38,0
2013,12,2,17,2736,2696,1410,217,0,1,1068,40,0
2013,12,2,18,3296,3231,1572,377,5,7,1270,65,0
2013,12,2,19,3312,3255,1559,446,6,5,1239,57,0
2013,12,3,12,4,4,4,0,0,0,0,0,0
2013,12,3,13,111,108,101,0,0,0,7,3,0
2013,12,3,14,471,463,403,1,0,0,59,8,0
2013,12,3,15,1196,1182,982,17,0,0,183,14,0
2013,12,3,16,2120,2101,1652,81,1,2,365,19,0
2013,12,3,17,2924,2893,2116,269,1,1,506,31,0
2013,12,3,18,3440,3408,2301,479,1,2,625,32,0
2013,12,3,19,4067,4026,2635,636,2,5,748,41,0
2013,12,4,11,1,1,1,0,0,0,0,0,0
2013,12,4,12,4,4,3,0,0,0,1,0,0
2013,12,4,13,42,42,35,0,0,0,7,0,0
2013,12,4,14,179,179,133,1,0,0,45,0,0
2013,12,4,15,431,429,294,9,0,0,126,2,0
2013,12,4,16,807,806,534,40,0,0,232,1,0
2013,12,4,17,1061,1054,635,97,1,0,321,7,0
2013,12,4,18,1356,1351,783,158,0,2,408,5,0
2013,12,4,19,1581,1563,837,234,0,3,489,18,0
2013,12,5,12,4,3,3,0,0,0,0,1,0
2013,12,5,13,35,35,31,1,0,0,3,0,0
2013,12,5,14,169,164,132,5,0,0,27,5,0
2013,12,5,15,273,266,182,9,0,0,75,7,0
2013,12,5,16,563,556,335,31,0,2,188,7,0
2013,12,5,17,726,713,421,83,0,0,209,13,0
2013,12,5,18,839,828,434,109,0,1,284,11,0
2013,12,5,19,1018,1006,496,167,1,1,341,12,0
2014,1,0,11,3,3,2,0,0,0,1,0,0
2014,1,0,12,42,41,33,1,0,0,7,1,0
2014,1,0,13,398,390,304,3,0,0,83,8,0
2014,1,0,14,1840,1804,1358,21,1,1,423,36,0
2014,1,0,15,4235,4171,2874,68,0,0,1229,64,0
2014,1,0,16,6912,6836,4457,310,4,5,2060,76,0
2014,1,0,17,9252,9145,5544,744,7,12,2838,107,0
2014,1,0,18,10848,10720,6235,1218,6,14,3247,128,0
2014,1,0,19,12458,12329,6769,1754,11,20,3775,129,0
2014,1,1,12,8,7,4,1,0,0,2,1,0
2014,1,1,13,68,68,46,2,0,0,20,0,0
2014,1,1,14,314,310,200,3,0,0,107,4,0
2014,1,1,15,634,626,360,11,0,0,255,8,0
2014,1,1,16,1060,1049,554,22,1,0,472,11,0
2014,1,1,17,1357,1334,660,79,0,0,595,23,0
2014,1,1,18,1471,1457,671,103,0,1,682,14,0
2014,1,1,19,1705,1683,733,163,2,1,784,22,0
2014,1,2,11,2,2,1,0,0,0,1,0,0
2014,1,2,12,12,12,9,0,0,0,3,0,0
2014,1,2,13,132,128,83,1,0,0,44,4,0
2014,1,2,14,624,607,408,8,1,1,189,17,0
2014,1,2,15,1450,1419,830,30,0,0,559,31,0
2014,1,2,16,2167,2125,1210,113,1,4,797,42,0
2014,1,2,17,2843,2796,1488,220,3,3,1082,47,0
2014,1,2,18,3261,3199,1629,372,4,2,1192,62,0
2014,1,2,19,3396,3340,1578,445,2,2,1313,56,0
2014,1,3,11,1,1,1,0,0,0,0,0,0
2014,1,3,12,10,10,9,0,0,0,1,0,0
2014,1,3,13,111,110,104,0,0,0,6,1,0
2014,1,3,14,533,523,470,6,0,0,47,10,0
2014,1,3,15,1330,1314,1093,13,0,0,208,16,0
2014,1,3,16,2281,2269,1805,109,1,1,353,12,0
2014,1,3,17,3146,3123,2266,259,1,7,590,23,0
2014,1,3,18,3821,3792,2627,471,1,5,688,29,0
2014,1,3,19,4626,4590,2999,733,2,13,843,36,0
2014,1,4,12,5,5,4,0,0,0,1,0,0
2014,1,4,13,60,58,48,0,0,0,10,2,0
2014,1,4,14,226,225,165,2,0,0,58,1,0
2014,1,4,15,477,475,346,9,0,0,120,2,0
2014,1,4,16,854,848,541,42,0,0,265,6,0
2014,1,4,17,1188,1183,719,122,3,2,337,5,0
2014,1,4,18,1392,1381,810,149,1,5,416,11,0
2014,1,4,19,1724,1717,949,245,4,3,516,7,0
2014,1,5,12,7,7,7,0,0,0,0,0,0
2014,1,5,13,27,26,23,0,0,0,3,1,0
2014,1,5,14,143,139,115,2,0,0,22,4,0
2014,1,5,15,344,337,245,5,0,0,87,7,0
2014,1,5,16,550,545,347,24,1,0,173,5,0
2014,1,5,17,718,709,411,64,0,0,234,9,0
2014,1,5,18,903,891,498,123,0,1,269,12,0
2014,1,5,19,1007,999,510,168,1,1,319,8,0
2014,2,0,10,1,1,1,0,0,0,0,0,0
2014,2,0,12,45,42,36,2,0,0,4,3,0
2014,2,0,13,433,425,346,4,0,1,74,8,0
2014,2,0,14,1705,1676,1248,24,0,1,403,29,0
2014,2,0,15,3985,3917,2767,71,0,1,1078,68,0
2014,2,0,16,6809,6724,4322,290,6,8,2098,85,0
2014,2,0,17,8710,8614,5302,676,7,3,2626,96,0
2014,2,0,18,10357,10254,5837,1215,5,9,3188,103,0
2014,2,0,19,11630,11512,6328,1673,8,14,3489,118,0
2014,2,1,12,7,6,4,0,0,0,2,1,0
2014,2,1,13,68,67,50,3,0,0,14,1,0
2014,2,1,14,290,285,186,4,0,0,95,5,0
2014,2,1,15,605,597,338,7,0,1,251,8,0
2014,2,1,16,1002,984,473,33,0,2,476,18,0
2014,2,1,17,1216,1200,567,51,0,0,582,16,0
2014,2,1,18,1426,1409,628,94,0,0,687,17,0
2014,2,1,19,1495,1473,640,139,1,2,691,22,0
2014,2,2,12,13,12,10,0,0,0,2,1,0
2014,2,2,13,167,164,116,1,0,1,46,3,0
2014,2,2,14,575,560,364,6,0,0,190,15,0
2014,2,2,15,1302,1260,779,36,0,0,445,42,0
2014,2,2,16,2178,2140,1166,99,4,2,869,38,0
2014,2,2,17,2679,2635,1435,211,3,2,984,44,0
2014,2,2,18,3171,3123,1515,376,2,2,1228,48,0
2014,2,2,19,3326,3274,1531,476,3,1,1263,52,0
2014,2,3,12,13,13,13,0,0,0,0,0,0
2014,2,3,13,108,108,105,0,0,0,3,0,0
2014,2,3,14,505,502,444,9,0,1,48,3,0
2014,2,3,15,1290,1283,1100,16,0,0,167,7,0
2014,2,3,16,2332,2315,1864,112,2,2,335,17,0
2014,2,3,17,3000,2975,2159,283,2,0,531,25,0
2014,2,3,18,3673,3647,2561,472,1,4,609,26,0
2014,2,3,19,4353,4327,2856,685,1,4,781,26,0
2014,2,4,12,6,6,6,0,0,0,0,0,0
2014,2,4,13,43,43,39,0,0,0,4,0,0
2014,2,4,14,203,199,147,2,0,0,50,4,0
2014,2,4,15,439,437,302,4,0,0,131,2,0
2014,2,4,16,760,756,487,31,0,2,236,4,0
2014,2,4,17,1097,1091,709,72,1,1,308,6,0
2014,2,4,18,1223,1216,689,153,2,1,371,7,0
2014,2,4,19,1520,1512,837,213,2,2,458,8,0
2014,2,5,10,1,1,1,0,0,0,0,0,0
2014,2,5,12,6,5,3,2,0,0,0,1,0
2014,2,5,13,47,43,36,0,0,0,7,4,0
2014,2,5,14,132,130,107,3,0,0,20,2,0
2014,2,5,15,349,340,248,8,0,0,84,9,0
2014,2,5,16,537,529,332,15,0,0,182,8,0
2014,2,5,17,718,713,432,59,1,0,221,5,0
2014,2,5,18,864,859,444,120,0,2,293,5,0
2014,2,5,19,936,926,464,160,1,5,296,10,0
2014,3,0,10,1,1,1,0,0,0,0,0,0
2014,3,0,11,2,2,2,0,0,0,0,0,0
2014,3,0,12,51,50,36,3,0,0,11,1,0
2014,3,0,13,452,445,334,7,0,0,104,7,0
2014,3,0,14,1930,1891,1395,24,1,2,469,39,0
2014,3,0,15,4397,4329,3122,64,0,2,1141,68,0
2014,3,0,16,7533,7446,4872,320,8,4,2242,87,0
2014,3,0,17,9794,9687,5894,801,7,6,2979,107,0
2014,3,0,18,11617,11471,6572,1253,5,18,3623,146,0
2014,3,0,19,13077,12924,7251,1818,6,14,3835,153,0
2014,3,1,10,1,1,1,0,0,0,0,0,0
2014,3,1,12,12,11,9,0,0,0,2,1,0
2014,3,1,13,81,80,49,1,0,0,30,1,0
2014,3,1,14,314,308,198,1,0,1,108,6,0
2014,3,1,15,686,677,421,11,0,0,245,9,0
2014,3,1,16,1137,1123,554,30,2,1,536,14,0
2014,3,1,17,1386,1369,655,86,2,1,625,17,0
2014,3,1,18,1637,1606,719,99,1,2,785,31,0
2014,3,1,19,1676,1645,666,162,0,4,813,31,0
2014,3,2,11,2,2,2,0,0,0,0,0,0
2014,3,2,12,16,16,10,0,0,0,6,0,0
2014,3,2,13,179,173,121,2,0,0,50,6,0
2014,3,2,14,670,647,412,20,1,0,214,23,0
2014,3,2,15,1489,1451,954,20,0,2,475,38,0
2014,3,2,16,2469,2424,1376,120,3,0,925,45,0
2014,3,2,17,3179,3128,1651,265,2,3,1207,51,0
2014,3,2,18,3567,3500,1711,412,3,5,1369,67,0
2014,3,2,19,3832,3778,1899,548,1,0,1330,54,0
2014,3,3,12,11,11,10,1,0,0,0,0,0
2014,3,3,13,106,106,94,1,0,0,11,0,0
2014,3,3,14,555,548,484,2,0,1,61,7,0
2014,3,3,15,1395,1381,1175,15,0,0,191,14,0
2014,3,3,16,2539,2527,2040,105,2,1,379,12,0
2014,3,3,17,3325,3302,2447,294,3,1,557,23,0
2014,3,3,18,4038,4013,2799,466,1,5,742,25,0
2014,3,3,19,4762,4717,3161,710,4,5,837,45,0
2014,3,4,12,3,3,2,0,0,0,1,0,0
2014,3,4,13,47,47,41,1,0,0,5,0,0
2014,3,4,14,221,220,171,0,0,0,49,1,0
2014,3,4,15,463,459,311,9,0,0,139,4,0
2014,3,4,16,829,824,554,40,1,1,228,5,0
2014,3,4,17,1124,1118,689,91,0,0,338,6,0
2014,3,4,18,1408,1403,821,137,0,5,440,5,0
2014,3,4,19,1734,1723,975,243,1,3,501,11,0
2014,3,5,12,9,9,5,2,0,0,2,0,0
2014,3,5,13,39,39,29,2,0,0,8,0,0
2014,3,5,14,170,168,130,1,0,0,37,2,0
2014,3,5,15,364,361,261,9,0,0,91,3,0
2014,3,5,16,559,548,348,25,0,1,174,11,0
2014,3,5,17,780,770,452,65,0,1,252,10,0
2014,3,5,18,967,949,522,139,0,1,287,18,0
2014,3,5,19,1073,1061,550,155,0,2,354,12,0
2014,4,0,11,9,9,8,0,0,0,1,0,0
2014,4,0,12,66,65,47,0,0,0,18,1,0
2014,4,0,13,420,415,328,11,0,0,76,5,0
2014,4,0,14,1930,1902,1415,25,0,1,461,28,0
2014,4,0,15,4527,4462,3192,73,0,5,1192,65,0
2014,4,0,16,7341,7239,4768,308,6,6,2151,102,0
2014,4,0,17,9838,9723,5926,762,4,10,3021,115,0
2014,4,0,18,11496,11346,6579,1313,8,13,3433,150,0
2014,4,0,19,12860,12699,7020,1836,14,15,3814,161,0
2014,4,1,11,2,2,1,0,0,0,1,0,0
2014,4,1,12,20,19,13,0,0,0,6,1,0
2014,4,1,13,86,86,63,2,0,0,21,0,0
2014,4,1,14,331,328,216,2,0,0,110,3,0
2014,4,1,15,711,702,403,14,0,1,284,9,0
2014,4,1,16,1143,1129,595,29,1,0,504,14,0
2014,4,1,17,1447,1427,667,70,2,2,686,20,0
2014,4,1,18,1541,1514,668,98,2,0,746,27,0
2014,4,1,19,1674,1643,724,153,0,0,766,31,0
2014,4,2,11,4,4,4,0,0,0,0,0,0
2014,4,2,12,30,30,20,0,0,0,10,0,0
2014,4,2,13,146,144,102,4,0,0,38,2,0
2014,4,2,14,648,638,433,7,0,0,198,10,0
2014,4,2,15,1577,1542,997,33,0,2,510,35,0
2014,4,2,16,2420,2358,1330,124,1,2,901,62,0
2014,4,2,17,3174,3114,1680,257,2,2,1173,60,0
2014,4,2,18,3608,3542,1787,413,6,4,1332,66,0
2014,4,2,19,3941,3871,1912,502,4,6,1447,70,0
2014,4,3,11,2,2,2,0,0,0,0,0,0
2014,4,3,12,8,8,8,0,0,0,0,0,0
2014,4,3,13,114,113,108,1,0,0,4,1,0
2014,4,3,14,590,582,507,6,0,0,69,8,0
2014,4,3,15,1371,1363,1159,14,0,2,188,8,0
2014,4,3,16,2421,2403,1937,93,4,3,366,18,0
2014,4,3,17,3282,3258,2420,270,0,1,567,24,0
2014,4,3,18,4065,4030,2852,518,0,4,656,35,0
2014,4,3,19,4547,4512,2951,749,8,6,798,35,0
2014,4,4,12,5,5,4,0,0,0,1,0,0
2014,4,4,13,40,40,31,0,0,0,9,0,0
2014,4,4,14,209,208,152,6,0,1,49,1,0
2014,4,4,15,491,489,362,7,0,0,120,2,0
2014,4,4,16,796,794,538,36,0,0,220,2,0
2014,4,4,17,1122,1117,699,93,0,3,322,5,0
2014,4,4,18,1368,1362,792,154,0,3,413,6,0
2014,4,4,19,1644,1637,900,255,1,3,478,7,0
2014,4,5,11,1,1,1,0,0,0,0,0,0
2014,4,5,12,3,3,2,0,0,0,1,0,0
2014,4,5,13,34,32,24,4,0,0,4,2,0
2014,4,5,14,152,146,107,4,0,0,35,6,0
2014,4,5,15,377,366,271,5,0,0,90,11,0
2014,4,5,16,561,555,368,26,0,1,160,6,0
2014,4,5,17,813,807,460,72,0,2,273,6,0
2014,4,5,18,914,898,480,130,0,2,286,16,0
2014,4,5,19,1054,1036,533,177,1,0,325,18,0
2014,5,0,10,1,1,1,0,0,0,0,0,0
2014,5,0,11,9,9,9,0,0,0,0,0,0
2014,5,0,12,61,60,50,2,0,0,8,1,0
2014,5,0,13,440,431,336,9,1,0,85,9,0
2014,5,0,14,2044,2001,1506,24,0,0,471,43,0
2014,5,0,15,4414,4355,3078,68,0,1,1208,59,0
2014,5,0,16,7695,7599,4982,307,8,9,2293,96,0
2014,5,0,17,9926,9802,6048,713,7,7,3027,124,0
2014,5,0,18,11617,11491,6674,1160,7,11,3639,126,0
2014,5,0,19,13399,13256,7475,1817,10,21,3933,143,0
2014,5,1,11,2,2,2,0,0,0,0,0,0
2014,5,1,12,14,14,10,2,0,0,2,0,0
2014,5,1,13,80,79,59,1,0,0,19,1,0
2014,5,1,14,336,331,197,5,0,0,129,5,0
2014,5,1,15,711,704,425,7,0,0,272,7,0
2014,5,1,16,1186,1166,615,27,0,1,523,20,0
2014,5,1,17,1459,1444,689,80,1,1,673,15,0
2014,5,1,18,1634,1607,697,111,1,0,798,27,0
2014,5,1,19,1667,1639,740,130,1,3,765,28,0
2014,5,2,11,2,2,2,0,0,0,0,0,0
2014,5,2,12,19,18,15,0,0,0,3,1,0
2014,5,2,13,178,173,122,3,1,0,47,5,0
2014,5,2,14,742,723,498,8,0,0,217,19,0
2014,5,2,15,1523,1487,932,27,0,0,528,36,0
2014,5,2,16,2548,2502,1453,115,4,7,923,46,0
2014,5,2,17,3265,3204,1706,247,4,2,1245,61,0
2014,5,2,18,3717,3664,1879,355,2,7,1421,53,0
2014,5,2,19,4108,4047,1973,550,4,6,1514,61,0
2014,5,3,10,1,1,1,0,0,0,0,0,0
2014,5,3,11,2,2,2,0,0,0,0,0,0
2014,5,3,12,17,17,16,0,0,0,1,0,0
2014,5,3,13,121,119,106,1,0,0,12,2,0
2014,5,3,14,631,622,556,3,0,0,63,9,0
2014,5,3,15,1379,1371,1167,16,0,0,188,8,0
2014,5,3,16,2525,2506,2016,91,2,1,396,19,0
2014,5,3,17,3267,3236,2446,248,1,2,539,31,0
2014,5,3,18,3985,3959,2815,444,3,3,694,26,0
2014,5,3,19,4768,4736,3204,700,4,6,822,32,0
2014,5,4,11,2,2,2,0,0,0,0,0,0
2014,5,4,12,4,4,3,0,0,0,1,0,0
2014,5,4,13,34,34,28,1,0,0,5,0,0
2014,5,4,14,188,186,140,3,0,0,43,2,0
2014,5,4,15,478,478,334,7,0,1,136,0,0
2014,5,4,16,828,822,539,35,0,0,248,6,0
2014,5,4,17,1115,1109,739,74,1,1,294,6,0
2014,5,4,18,1335,1324,792,129,0,1,402,11,0
2014,5,4,19,1715,1706,977,228,0,3,498,9,0
2014,5,5,11,1,1,1,0,0,0,0,0,0
2014,5,5,12,7,7,6,0,0,0,1,0,0
2014,5,5,13,27,26,21,3,0,0,2,1,0
2014,5,5,14,147,139,115,5,0,0,19,8,0
2014,5,5,15,323,315,220,11,0,0,84,8,0
2014,5,5,16,608,603,359,39,2,0,203,5,0
2014,5,5,17,820,809,468,64,0,1,276,11,0
2014,5,5,18,946,937,491,121,1,0,324,9,0
2014,5,5,19,1141,1128,581,209,1,3,334,13,0
2014,6,0,11,5,5,5,0,0,0,0,0,0
2014,6,0,12,61,61,55,1,0,0,5,0,0
2014,6,0,13,409,402,312,3,0,0,87,7,0
2014,6,0,14,1951,1919,1447,23,0,0,449,32,0
2014,6,0,15,4313,4219,3011,61,0,1,1146,94,0
2014,6,0,16,7462,7356,4784,297,8,8,2259,106,0
2014,6,0,17,9428,9295,5746,772,3,10,2764,133,0
2014,6,0,18,10766,10627,6251,1145,6,14,3211,139,0
2014,6,0,19,12588,12422,6922,1737,8,27,3728,166,0
2014,6,1,11,3,3,3,0,0,0,0,0,0
2014,6,1,12,15,15,13,0,0,0,2,0,0
2014,6,1,13,84,81,57,1,0,0,23,3,0
2014,6,1,14,358,349,230,6,0,0,113,9,0
2014,6,1,15,670,658,398,10,0,1,249,12,0
2014,6,1,16,1231,1217,625,31,0,0,561,14,0
2014,6,1,17,1330,1317,639,69,0,0,609,13,0
2014,6,1,18,1484,1465,683,82,0,3,697,19,0
2014,6,1,19,1722,1702,716,151,0,2,833,20,0
2014,6,2,11,1,1,1,0,0,0,0,0,0
2014,6,2,12,28,28,25,0,0,0,3,0,0
2014,6,2,13,144,143,95,0,0,0,48,1,0
2014,6,2,14,716,701,484,11,0,0,206,15,0
2014,6,2,15,1536,1484,926,28,0,0,530,52,0
2014,6,2,16,2519,2459,1447,133,6,3,870,60,0
2014,6,2,17,3112,3040,1629,284,2,4,1121,72,0
2014,6,2,18,3455,3385,1734,365,3,5,1278,70,0
2014,6,2,19,3822,3749,1904,484,4,5,1352,73,0
2014,6,3,12,7,7,6,1,0,0,0,0,0
2014,6,3,13,117,114,104,2,0,0,8,3,0
2014,6,3,14,506,502,449,5,0,0,48,4,0
2014,6,3,15,1355,1343,1142,12,0,0,189,12,0
2014,6,3,16,2300,2279,1810,87,2,0,380,21,0
2014,6,3,17,3148,3117,2363,239,1,4,510,31,0
2014,6,3,18,3713,3675,2600,468,3,3,601,38,0
2014,6,3,19,4432,4381,2914,694,0,12,761,51,0
2014,6,4,11,1,1,1,0,0,0,0,0,0
2014,6,4,12,4,4,4,0,0,0,0,0,0
2014,6,4,13,35,35,31,0,0,0,4,0,0
2014,6,4,14,220,220,162,0,0,0,58,0,0
2014,6,4,15,442,438,334,6,0,0,98,4,0
2014,6,4,16,805,799,527,19,0,3,250,6,0
2014,6,4,17,1074,1065,688,90,0,1,286,9,0
2014,6,4,18,1271,1269,789,133,0,2,345,2,0
2014,6,4,19,1543,1533,875,211,1,4,442,10,0
2014,6,5,12,7,7,7,0,0,0,0,0,0
2014,6,5,13,29,29,25,0,0,0,4,0,0
2014,6,5,14,151,147,122,1,0,0,24,4,0
2014,6,5,15,310,296,211,5,0,0,80,14,0
2014,6,5,16,607,602,375,27,0,2,198,5,0
2014,6,5,17,764,756,427,90,0,1,238,8,0
2014,6,5,18,843,833,445,97,0,1,290,10,0
2014,6,5,19,1069,1057,513,197,3,4,340,12,0
2014,7,0,11,4,4,2,1,0,0,1,0,0
2014,7,0,12,63,61,47,1,0,0,13,2,0
2014,7,0,13,426,417,317,4,0,0,96,9,0
2014,7,0,14,1981,1954,1444,23,0,4,483,27,0
2014,7,0,15,4418,4345,3089,59,2,3,1192,73,0
2014,7,0,16,7480,7398,4825,321,2,11,2239,82,0
2014,7,0,17,9576,9472,5782,725,6,13,2946,104,0
2014,7,0,18,11212,11087,6399,1186,7,10,3485,125,0
2014,7,0,19,12798,12680,7112,1719,7,30,3812,118,0
2014,7,1,11,3,3,1,1,0,0,1,0,0
2014,7,1,12,16,15,12,1,0,0,2,1,0
2014,7,1,13,72,70,51,0,0,0,19,2,0
2014,7,1,14,340,339,216,7,0,2,114,1,0
2014,7,1,15,743,732,442,8,0,1,281,11,0
2014,7,1,16,1191,1176,605,42,1,2,526,15,0
2014,7,1,17,1475,1456,680,73,2,3,698,19,0
2014,7,1,18,1656,1640,757,109,1,0,773,16,0
2014,7,1,19,1718,1699,779,136,1,6,777,19,0
2014,7,2,11,1,1,1,0,0,0,0,0,0
2014,7,2,12,24,23,14,0,0,0,9,1,0
2014,7,2,13,181,178,128,2,0,0,48,3,0
2014,7,2,14,728,712,478,9,0,1,224,16,0
2014,7,2,15,1519,1484,963,19,1,1,500,35,0
2014,7,2,16,2541,2495,1441,108,0,5,941,46,0
2014,7,2,17,3111,3054,1647,231,3,7,1166,57,0
2014,7,2,18,3547,3487,1769,382,2,2,1332,60,0
2014,7,2,19,4014,3956,1948,523,1,4,1480,58,0
2014,7,3,12,11,11,10,0,0,0,1,0,0
2014,7,3,13,98,97,87,1,0,0,9,1,0
2014,7,3,14,545,541,472,3,0,1,65,4,0
2014,7,3,15,1347,1331,1120,18,0,1,192,16,0
2014,7,3,16,2353,2339,1887,98,0,4,350,14,0
2014,7,3,17,3168,3154,2322,259,1,2,570,14,0
2014,7,3,18,3818,3788,2633,440,1,6,708,30,0
2014,7,3,19,4440,4411,2937,667,4,12,791,29,0
2014,7,4,12,5,5,5,0,0,0,0,0,0
2014,7,4,13,29,29,20,1,0,0,8,0,0
2014,7,4,14,202,202,147,3,0,0,52,0,0
2014,7,4,15,482,479,340,12,1,0,126,3,0
2014,7,4,16,835,833,552,39,0,0,242,2,0
2014,7,4,17,1087,1080,693,89,0,1,297,7,0
2014,7,4,18,1307,1300,783,130,3,1,383,7,0
2014,7,4,19,1603,1600,927,224,0,7,442,3,0
2014,7,5,12,7,7,6,0,0,0,1,0,0
2014,7,5,13,46,43,31,0,0,0,12,3,0
2014,7,5,14,166,160,131,1,0,0,28,6,0
2014,7,5,15,327,319,224,2,0,0,93,8,0
2014,7,5,16,560,555,340,34,1,0,180,5,0
2014,7,5,17,735,728,440,73,0,0,215,7,0
2014,7,5,18,884,872,457,125,0,1,289,12,0
2014,7,5,19,1023,1014,521,169,1,1,322,9,0
2014,8,0,10,2,2,2,0,0,0,0,0,0
2014,8,0,11,7,7,5,0,0,0,2,0,0
2014,8,0,12,71,71,64,0,0,0,7,0,0
2014,8,0,13,428,427,344,4,0,0,79,1,0
2014,8,0,14,1899,1863,1445,12,0,0,406,36,0
2014,8,0,15,4370,4311,3101,57,0,2,1151,59,0
2014,8,0,16,7203,7114,4634,298,1,9,2172,89,0
2014,8,0,17,9326,9234,5728,718,3,6,2779,92,0
2014,8,0,18,11190,11076,6428,1162,5,15,3466,114,0
2014,8,0,19,12637,12499,6877,1705,6,12,3899,138,0
2014,8,1,11,2,2,0,0,0,0,2,0,0
2014,8,1,12,26,26,24,0,0,0,2,0,0
2014,8,1,13,88,88,67,3,0,0,18,0,0
2014,8,1,14,358,348,254,3,0,0,91,10,0
2014,8,1,15,736,729,443,5,0,0,281,7,0
2014,8,1,16,1183,1171,598,29,0,1,543,12,0
2014,8,1,17,1451,1447,654,78,0,4,711,4,0
2014,8,1,18,1658,1638,748,97,0,0,793,20,0
2014,8,1,19,1776,1758,745,150,0,1,862,18,0
2014,8,2,11,3,3,3,0,0,0,0,0,0
2014,8,2,12,20,20,16,0,0,0,4,0,0
2014,8,2,13,158,157,115,0,0,0,42,1,0
2014,8,2,14,700,687,496,6,0,0,185,13,0
2014,8,2,15,1495,1465,928,32,0,1,504,30,0
2014,8,2,16,2437,2398,1404,96,0,2,896,39,0
2014,8,2,17,3066,3012,1670,244,3,0,1095,54,0
2014,8,2,18,3691,3634,1863,380,3,6,1382,57,0
2014,8,2,19,4008,3940,1923,513,1,2,1501,68,0
2014,8,3,10,2,2,2,0,0,0,0,0,0
2014,8,3,11,2,2,2,0,0,0,0,0,0
2014,8,3,12,12,12,12,0,0,0,0,0,0
2014,8,3,13,107,107,97,0,0,0,10,0,0
2014,8,3,14,484,480,426,1,0,0,53,4,0
2014,8,3,15,1296,1280,1117,10,0,0,153,16,0
2014,8,3,16,2235,2209,1765,114,1,2,327,26,0
2014,8,3,17,3041,3017,2320,236,0,2,459,24,0
2014,8,3,18,3679,3660,2583,415,1,7,654,19,0
2014,8,3,19,4298,4261,2861,633,4,7,756,37,0
2014,8,4,12,4,4,4,0,0,0,0,0,0
2014,8,4,13,39,39,38,0,0,0,1,0,0
2014,8,4,14,196,194,144,2,0,0,48,2,0
2014,8,4,15,489,487,349,3,0,0,135,2,0
2014,8,4,16,811,808,533,41,0,3,231,3,0
2014,8,4,17,1055,1053,667,92,0,0,294,2,0
2014,8,4,18,1287,1279,786,134,1,1,357,8,0
2014,8,4,19,1498,1494,824,228,0,2,440,4,0
2014,8,5,12,9,9,8,0,0,0,1,0,0
2014,8,5,13,36,36,27,1,0,0,8,0,0
2014,8,5,14,161,154,125,0,0,0,29,7,0
2014,8,5,15,354,350,264,7,0,1,78,4,0
2014,8,5,16,537,528,334,18,0,1,175,9,0
2014,8,5,17,713,705,417,68,0,0,220,8,0
2014,8,5,18,875,865,448,136,0,1,280,10,0
2014,8,5,19,1057,1046,524,181,1,0,340,11,0
2014,9,0,11,7,7,4,0,0,0,3,0,0
2014,9,0,12,64,63,49,0,0,0,14,1,0
2014,9,0,13,448,443,339,7,0,0,97,5,0
2014,9,0,14,1870,1819,1386,17,0,0,416,51,0
2014,9,0,15,4259,4189,2994,52,2,0,1141,70,0
2014,9,0,16,7192,7094,4577,294,3,9,2211,98,0
2014,9,0,17,9220,9103,5530,694,2,10,2867,117,0
2014,9,0,18,10891,10782,6198,1184,6,15,3379,109,0
2014,9,0,19,12519,12402,6777,1754,9,17,3845,117,0
2014,9,1,11,3,3,2,0,0,0,1,0,0
2014,9,1,12,18,17,13,0,0,0,4,1,0
2014,9,1,13,103,101,68,1,0,0,32,2,0
2014,9,1,14,351,343,230,5,0,0,108,8,0
2014,9,1,15,727,714,405,5,0,0,304,13,0
2014,9,1,16,1224,1212,621,32,2,2,555,12,0
2014,9,1,17,1555,1538,728,73,0,0,737,17,0
2014,9,1,18,1603,1586,727,120,2,4,733,17,0
2014,9,1,19,1787,1764,767,146,1,3,847,23,0
2014,9,2,11,2,2,1,0,0,0,1,0,0
2014,9,2,12,24,24,18,0,0,0,6,0,0
2014,9,2,13,176,175,125,4,0,0,46,1,0
2014,9,2,14,674,654,458,8,0,0,188,20,0
2014,9,2,15,1543,1510,975,30,2,0,503,33,0
2014,9,2,16,2452,2394,1374,111,0,6,903,58,0
2014,9,2,17,3099,3036,1648,228,2,5,1153,63,0
2014,9,2,18,3763,3708,1925,401,1,6,1375,55,0
2014,9,2,19,3868,3817,1863,521,4,6,1423,51,0
2014,9,3,12,12,12,11,0,0,0,1,0,0
2014,9,3,13,98,98,85,0,0,0,13,0,0
2014,9,3,14,512,500,442,1,0,0,57,12,0
2014,9,3,15,1209,1190,1054,5,0,0,131,19,0
2014,9,3,16,2121,2107,1670,89,1,1,346,14,0
2014,9,3,17,2788,2763,2078,245,0,4,436,25,0
2014,9,3,18,3432,3407,2333,429,1,3,641,25,0
2014,9,3,19,4282,4255,2767,668,3,3,814,27,0
2014,9,4,12,3,3,2,0,0,0,1,0,0
2014,9,4,13,34,34,29,0,0,0,5,0,0
2014,9,4,14,192,189,154,1,0,0,34,3,0
2014,9,4,15,472,471,325,8,0,0,138,1,0
2014,9,4,16,782,780,534,32,0,0,214,2,0
2014,9,4,17,1060,1054,670,84,0,1,299,6,0
2014,9,4,18,1247,1244,763,128,0,2,351,3,0
2014,9,4,19,1533,1527,884,234,1,4,404,6,0
2014,9,5,11,2,2,1,0,0,0,1,0,0
2014,9,5,12,7,7,5,0,0,0,2,0,0
2014,9,5,13,37,35,32,2,0,0,1,2,0
2014,9,5,14,141,133,102,2,0,0,29,8,0
2014,9,5,15,308,304,235,4,0,0,65,4,0
2014,9,5,16,613,601,378,30,0,0,193,12,0
2014,9,5,17,718,712,406,64,0,0,242,6,0
2014,9,5,18,846,837,450,106,2,0,279,9,0
2014,9,5,19,1049,1039,496,185,0,1,357,10,0
2014,10,0,10,1,1,1,0,0,0,0,0,0
2014,10,0,11,2,2,2,0,0,0,0,0,0
2014,10,0,12,55,55,50,0,0,0,5,0,0
2014,10,0,13,419,408,326,2,0,0,80,11,0
2014,10,0,14,1711,1673,1269,11,0,0,393,38,0
2014,10,0,15,4127,4067,2879,54,0,2,1132,60,0
2014,10,0,16,6834,6748,4412,289,3,5,2039,86,0
2014,10,0,17,8792,8686,5322,619,9,6,2730,106,0
2014,10,0,18,10531,10428,5909,1103,11,16,3389,103,0
2014,10,0,19,11856,11738,6487,1640,10,22,3579,118,0
2014,10,1,11,1,1,1,0,0,0,0,0,0
2014,10,1,12,16,16,14,0,0,0,2,0,0
2014,10,1,13,87,85,64,0,0,0,21,2,0
2014,10,1,14,330,324,216,5,0,0,103,6,0
2014,10,1,15,741,733,465,5,0,0,263,8,0
2014,10,1,16,1106,1088,605,30,1,0,452,18,0
2014,10,1,17,1460,1444,691,67,1,1,684,16,0
2014,10,1,18,1735,1715,804,106,3,2,800,20,0
2014,10,1,19,1706,1696,768,151,2,3,772,10,0
2014,10,2,10,1,1,1,0,0,0,0,0,0
2014,10,2,11,1,1,1,0,0,0,0,0,0
2014,10,2,12,20,20,18,0,0,0,2,0,0
2014,10,2,13,176,170,132,2,0,0,36,6,0
2014,10,2,14,622,610,421,5,0,0,184,12,0
2014,10,2,15,1467,1438,882,25,0,1,530,29,0
2014,10,2,16,2506,2466,1418,112,2,1,933,40,0
2014,10,2,17,3006,2945,1601,217,4,0,1123,61,0
2014,10,2,18,3473,3428,1745,348,3,4,1328,45,0
2014,10,2,19,3843,3788,1804,523,5,5,1451,55,0
2014,10,3,12,10,10,10,0,0,0,0,0,0
2014,10,3,13,94,94,81,0,0,0,13,0,0
2014,10,3,14,455,441,394,0,0,0,47,14,0
2014,10,3,15,1161,1145,974,13,0,0,158,16,0
2014,10,3,16,1985,1973,1579,89,0,1,304,12,0
2014,10,3,17,2677,2662,2012,218,4,3,425,15,0
2014,10,3,18,3367,3342,2307,389,5,6,635,25,0
2014,10,3,19,3938,3902,2612,617,3,8,662,36,0
2014,10,4,12,6,6,6,0,0,0,0,0,0
2014,10,4,13,30,30,26,0,0,0,4,0,0
2014,10,4,14,165,165,128,1,0,0,36,0,0
2014,10,4,15,418,417,294,7,0,0,116,1,0
2014,10,4,16,705,700,477,36,0,0,187,5,0
2014,10,4,17,941,938,603,65,0,1,269,3,0
2014,10,4,18,1107,1100,653,124,0,3,320,7,0
2014,10,4,19,1342,1336,809,164,0,3,360,6,0
2014,10,5,12,3,3,2,0,0,0,1,0,0
2014,10,5,13,32,29,23,0,0,0,6,3,0
2014,10,5,14,139,133,110,0,0,0,23,6,0
2014,10,5,15,340,334,264,4,0,1,65,6,0
2014,10,5,16,532,521,333,22,0,3,163,11,0
2014,10,5,17,708,697,415,52,0,1,229,11,0
2014,10,5,18,849,843,400,136,0,1,306,6,0
2014,10,5,19,1027,1016,494,185,0,3,334,11,0
2014,11,0,11,3,2,2,0,0,0,0,1,0
2014,11,0,12,55,55,46,0,0,0,9,0,0
2014,11,0,13,383,377,277,5,0,0,95,6,0
2014,11,0,14,1632,1603,1193,19,0,0,391,29,0
2014,11,0,15,4037,3987,2829,46,2,3,1107,50,0
2014,11,0,16,6354,6269,4069,286,0,9,1905,85,0
2014,11,0,17,8590,8494,5241,640,1,10,2602,96,0
2014,11,0,18,10335,10205,5838,1117,6,7,3237,130,0
2014,11,0,19,11402,11292,6108,1643,11,19,3511,110,0
2014,11,1,11,3,2,2,0,0,0,0,1,0
2014,11,1,12,19,19,13,0,0,0,6,0,0
2014,11,1,13,73,72,46,3,0,0,23,1,0
2014,11,1,14,308,305,203,7,0,0,95,3,0
2014,11,1,15,676,662,392,11,0,0,259,14,0
2014,11,1,16,1068,1059,579,30,0,2,448,9,0
2014,11,1,17,1367,1360,680,66,0,3,611,7,0
2014,11,1,18,1672,1648,754,126,0,2,766,24,0
2014,11,1,19,1670,1648,742,142,0,2,762,22,0
2014,11,2,12,17,17,14,0,0,0,3,0,0
2014,11,2,13,134,132,89,1,0,0,42,2,0
2014,11,2,14,620,610,407,8,0,0,195,10,0
2014,11,2,15,1441,1419,890,15,2,1,511,22,0
2014,11,2,16,2249,2195,1235,97,0,2,861,54,0
2014,11,2,17,2882,2833,1529,205,0,3,1096,49,0
2014,11,2,18,3375,3313,1635,402,2,1,1273,62,0
2014,11,2,19,3592,3545,1664,494,5,4,1378,47,0
2014,11,3,12,14,14,14,0,0,0,0,0,0
2014,11,3,13,104,103,88,0,0,0,15,1,0
2014,11,3,14,427,419,377,2,0,0,40,8,0
2014,11,3,15,1159,1153,979,14,0,0,160,6,0
2014,11,3,16,1902,1892,1529,104,0,1,258,10,0
2014,11,3,17,2693,2666,2039,231,0,1,395,27,0
2014,11,3,18,3311,3279,2314,356,3,3,603,32,0
2014,11,3,19,3811,3784,2489,646,2,7,640,27,0
2014,11,4,13,33,33,23,0,0,0,10,0,0
2014,11,4,14,145,144,111,1,0,0,32,1,0
2014,11,4,15,423,422,314,3,0,0,105,1,0
2014,11,4,16,615,612,418,28,0,2,164,3,0
2014,11,4,17,949,942,591,75,1,3,272,7,0
2014,11,4,18,1127,1123,697,120,0,0,306,4,0
2014,11,4,19,1332,1325,748,178,2,4,393,7,0
2014,11,5,12,5,5,5,0,0,0,0,0,0
2014,11,5,13,39,37,31,1,0,0,5,2,0
2014,11,5,14,132,125,95,1,0,0,29,7,0
2014,11,5,15,338,331,254,3,0,2,72,7,0
2014,11,5,16,520,511,308,27,0,2,174,9,0
2014,11,5,17,699,693,402,63,0,0,228,6,0
2014,11,5,18,850,842,438,113,1,1,289,8,0
2014,11,5,19,997,990,465,183,2,2,338,7,0
2014,12,0,10,2,2,1,0,0,0,1,0,0
2014,12,0,11,6,6,6,0,0,0,0,0,0
2014,12,0,12,67,66,52,2,0,0,12,1,0
2014,12,0,13,409,404,318,1,0,0,85,5,0
2014,12,0,14,1642,1620,1213,10,0,0,397,22,0
2014,12,0,15,4339,4269,3088,59,1,3,1118,70,0
2014,12,0,16,6787,6714,4370,286,2,8,2048,73,0
2014,12,0,17,8948,8859,5494,704,6,6,2649,89,0
2014,12,0,18,10633,10499,6251,1111,9,10,3118,134,0
2014,12,0,19,12204,12066,6578,1780,2,23,3683,138,0
2014,12,1,11,1,1,1,0,0,0,0,0,0
2014,12,1,12,26,26,20,1,0,0,5,0,0
2014,12,1,13,92,91,72,0,0,0,19,1,0
2014,12,1,14,297,294,184,1,0,0,109,3,0
2014,12,1,15,710,705,447,9,1,0,248,5,0
2014,12,1,16,1106,1100,567,34,0,0,499,6,0
2014,12,1,17,1442,1431,711,80,1,2,637,11,0
2014,12,1,18,1553,1528,697,122,1,1,707,25,0
2014,12,1,19,1670,1645,732,161,0,4,748,25,0
2014,12,2,10,2,2,1,0,0,0,1,0,0
2014,12,2,11,4,4,4,0,0,0,0,0,0
2014,12,2,12,13,13,9,0,0,0,4,0,0
2014,12,2,13,148,145,98,0,0,0,47,3,0
2014,12,2,14,587,577,393,5,0,0,179,10,0
2014,12,2,15,1465,1435,913,23,0,2,497,30,0
2014,12,2,16,2219,2185,1253,94,2,5,831,34,0
2014,12,2,17,2735,2687,1469,209,2,2,1005,48,0
2014,12,2,18,3358,3291,1729,332,5,6,1219,67,0
2014,12,2,19,3712,3654,1728,512,1,8,1405,58,0
2014,12,3,12,14,13,13,0,0,0,0,1,0
2014,12,3,13,103,102,95,0,0,0,7,1,0
2014,12,3,14,450,448,402,2,0,0,44,2,0
2014,12,3,15,1341,1323,1135,16,0,1,171,18,0
2014,12,3,16,2192,2177,1751,88,0,1,337,15,0
2014,12,3,17,3006,2989,2249,260,1,2,477,17,0
2014,12,3,18,3563,3531,2540,403,1,0,587,32,0
2014,12,3,19,4236,4204,2775,675,1,10,743,32,0
2014,12,4,11,1,1,1,0,0,0,0,0,0
2014,12,4,12,6,6,5,1,0,0,0,0,0
2014,12,4,13,32,32,26,0,0,0,6,0,0
2014,12,4,14,166,165,120,2,0,0,43,1,0
2014,12,4,15,478,474,340,6,0,0,128,4,0
2014,12,4,16,733,730,485,42,0,1,202,3,0
2014,12,4,17,1022,1016,660,89,1,0,266,6,0
2014,12,4,18,1268,1262,800,129,0,3,330,6,0
2014,12,4,19,1566,1554,877,238,0,0,439,12,0
2014,12,5,12,8,8,5,0,0,0,3,0,0
2014,12,5,13,34,34,27,1,0,0,6,0,0
2014,12,5,14,142,136,114,0,0,0,22,6,0
2014,12,5,15,345,332,253,5,0,0,74,13,0
2014,12,5,16,537,522,314,28,0,1,179,15,0
2014,12,5,17,743,736,405,66,1,0,264,7,0
2014,12,5,18,891,887,485,125,2,0,275,4,0
2014,12,5,19,1020,1009,466,194,0,1,348,11,0
2015,1,0,10,2,2,2,0,0,0,0,0,0
2015,1,0,11,4,4,4,0,0,0,0,0,0
2015,1,0,12,50,50,39,1,0,0,10,0,0
2015,1,0,13,373,365,299,1,0,0,65,8,0
2015,1,0,14,1723,1702,1280,18,1,0,403,21,0
2015,1,0,15,4182,4114,3047,51,0,4,1012,68,0
2015,1,0,16,6670,6593,4321,292,5,6,1969,77,0
2015,1,0,17,8909,8798,5544,668,3,10,2573,111,0
2015,1,0,18,10514,10413,6093,1130,6,12,3172,101,0
2015,1,0,19,12197,12064,6806,1786,6,14,3452,133,0
2015,1,1,11,1,1,1,0,0,0,0,0,0
2015,1,1,12,11,11,7,1,0,0,3,0,0
2015,1,1,13,58,58,44,1,0,0,13,0,0
2015,1,1,14,248,244,159,5,1,0,79,4,0
2015,1,1,15,528,524,318,8,0,0,198,4,0
2015,1,1,16,829,820,430,21,0,1,368,9,0
2015,1,1,17,1056,1039,541,38,1,2,457,17,0
2015,1,1,18,1288,1275,598,112,0,1,564,13,0
2015,1,1,19,1414,1398,650,125,2,0,621,16,0
2015,1,2,11,2,2,2,0,0,0,0,0,0
2015,1,2,12,13,13,7,0,0,0,6,0,0
2015,1,2,13,157,151,113,0,0,0,38,6,0
2015,1,2,14,626,620,414,3,0,0,203,6,0
2015,1,2,15,1409,1376,901,21,0,3,451,33,0
2015,1,2,16,2335,2289,1291,116,4,3,875,46,0
2015,1,2,17,2915,2861,1548,239,1,2,1071,54,0
2015,1,2,18,3337,3288,1685,331,2,1,1269,49,0
2015,1,2,19,3701,3638,1809,517,2,4,1306,63,0
2015,1,3,10,2,2,2,0,0,0,0,0,0
2015,1,3,11,1,1,1,0,0,0,0,0,0
2015,1,3,12,14,14,14,0,0,0,0,0,0
2015,1,3,13,97,96,90,0,0,0,6,1,0
2015,1,3,14,542,536,469,5,0,0,62,6,0
2015,1,3,15,1416,1403,1218,13,0,1,171,13,0
2015,1,3,16,2191,2179,1740,97,0,0,342,12,0
2015,1,3,17,3173,3148,2371,256,0,4,517,25,0
2015,1,3,18,3709,3684,2596,439,1,7,641,25,0
2015,1,3,19,4455,4421,2920,736,1,6,758,34,0
2015,1,4,12,7,7,6,0,0,0,1,0,0
2015,1,4,13,31,31,26,0,0,0,5,0,0
2015,1,4,14,199,198,150,3,0,0,45,1,0
2015,1,4,15,464,459,330,2,0,0,127,5,0
2015,1,4,16,794,791,550,28,1,1,211,3,0
2015,1,4,17,1116,1110,699,81,0,1,329,6,0
2015,1,4,18,1337,1333,780,137,2,1,413,4,0
2015,1,4,19,1647,1640,934,226,1,3,476,7,0
2015,1,5,12,5,5,5,0,0,0,0,0,0
2015,1,5,13,30,29,26,0,0,0,3,1,0
2015,1,5,14,108,104,88,2,0,0,14,4,0
2015,1,5,15,365,352,280,7,0,0,65,13,0
2015,1,5,16,521,514,310,30,0,1,173,7,0
2015,1,5,17,649,640,385,54,1,1,199,9,0
2015,1,5,18,843,833,434,111,1,2,285,10,0
2015,1,5,19,980,967,493,182,0,1,291,13,0
2015,2,0,10,1,1,1,0,0,0,0,0,0
2015,2,0,11,8,8,8,0,0,0,0,0,0
2015,2,0,12,50,50,38,0,0,0,12,0,0
2015,2,0,13,381,378,298,2,0,1,77,3,0
2015,2,0,14,1616,1588,1193,8,1,2,384,28,0
2015,2,0,15,3916,3859,2789,50,1,1,1018,57,0
2015,2,0,16,6134,6060,4035,247,0,1,1777,74,0
2015,2,0,17,8386,8301,5334,624,6,8,2329,85,0
2015,2,0,18,9699,9600,5689,1097,1,15,2798,99,0
2015,2,0,19,11370,11264,6329,1599,6,30,3300,106,0
2015,2,1,10,1,1,1,0,0,0,0,0,0
2015,2,1,11,4,4,4,0,0,0,0,0,0
2015,2,1,12,12,12,8,0,0,0,4,0,0
2015,2,1,13,75,74,61,0,0,0,13,1,0
2015,2,1,14,199,197,129,1,0,0,67,2,0
2015,2,1,15,506,501,290,6,0,0,205,5,0
2015,2,1,16,700,694,361,19,0,0,314,6,0
2015,2,1,17,934,928,493,56,1,1,377,6,0
2015,2,1,18,1018,1009,470,66,0,3,470,9,0
2015,2,1,19,1194,1178,506,125,0,1,546,16,0
2015,2,2,11,3,3,3,0,0,0,0,0,0
2015,2,2,12,20,20,14,0,0,0,6,0,0
2015,2,2,13,154,152,100,1,0,1,50,2,0
2015,2,2,14,616,605,387,5,1,2,210,11,0
2015,2,2,15,1366,1338,838,20,1,0,479,28,0
2015,2,2,16,2085,2048,1194,90,0,0,764,37,0
2015,2,2,17,2739,2690,1473,206,2,2,1007,49,0
2015,2,2,18,3101,3047,1584,344,1,2,1116,54,0
2015,2,2,19,3480,3432,1718,439,2,6,1267,48,0
2015,2,3,12,12,12,12,0,0,0,0,0,0
2015,2,3,13,93,93,90,0,0,0,3,0,0
2015,2,3,14,496,486,433,1,0,0,52,10,0
2015,2,3,15,1253,1243,1082,15,0,1,145,10,0
2015,2,3,16,2078,2062,1666,75,0,0,321,16,0
2015,2,3,17,3009,2996,2313,228,3,4,448,13,0
2015,2,3,18,3564,3538,2505,439,0,8,586,26,0
2015,2,3,19,4285,4258,2826,680,1,15,736,27,0
2015,2,4,12,1,1,0,0,0,0,1,0,0
2015,2,4,13,29,29,22,0,0,0,7,0,0
2015,2,4,14,163,162,129,1,0,0,32,1,0
2015,2,4,15,470,467,339,3,0,0,125,3,0
2015,2,4,16,765,760,514,31,0,0,215,5,0
2015,2,4,17,1005,999,643,69,0,0,287,6,0
2015,2,4,18,1226,1223,730,131,0,1,361,3,0
2015,2,4,19,1478,1472,812,206,2,6,446,6,0
2015,2,5,11,1,1,1,0,0,0,0,0,0
2015,2,5,12,5,5,4,0,0,0,1,0,0
2015,2,5,13,30,30,25,1,0,0,4,0,0
2015,2,5,14,142,138,115,0,0,0,23,4,0
2015,2,5,15,321,310,240,6,0,0,64,11,0
2015,2,5,16,506,496,300,32,0,1,163,10,0
2015,2,5,17,699,688,412,65,0,1,210,11,0
2015,2,5,18,790,783,400,117,0,1,265,7,0
2015,2,5,19,933,924,467,149,1,2,305,9,0
2015,3,0,10,1,1,1,0,0,0,0,0,0
2015,3,0,11,8,7,7,0,0,0,0,1,0
2015,3,0,12,68,65,58,1,0,0,6,3,0
2015,3,0,13,415,410,333,7,0,1,69,5,0
2015,3,0,14,1826,1797,1367,11,1,1,417,29,0
2015,3,0,15,4458,4382,3274,50,0,2,1056,76,0
2015,3,0,16,6880,6800,4470,325,3,11,1991,80,0
2015,3,0,17,9494,9376,5830,742,6,10,2788,118,0
2015,3,0,18,11024,10889,6470,1145,7,14,3253,135,0
2015,3,0,19,12809,12676,7115,1788,7,20,3746,133,0
2015,3,1,12,9,9,8,0,0,0,1,0,0
2015,3,1,13,62,62,45,4,0,0,13,0,0
2015,3,1,14,190,188,121,6,0,1,60,2,0
2015,3,1,15,442,436,251,6,0,0,179,6,0
2015,3,1,16,670,657,324,17,0,1,315,13,0
2015,3,1,17,835,821,377,33,0,1,410,14,0
2015,3,1,18,955,944,426,66,1,1,450,11,0
2015,3,1,19,1038,1023,433,93,0,2,495,15,0
2015,3,2,11,3,3,3,0,0,0,0,0,0
2015,3,2,12,30,27,23,0,0,0,4,3,0
2015,3,2,13,164,159,116,3,0,0,40,5,0
2015,3,2,14,727,708,480,0,1,0,227,19,0
2015,3,2,15,1634,1589,1053,15,0,2,519,45,0
2015,3,2,16,2483,2448,1382,136,0,5,925,35,0
2015,3,2,17,3232,3160,1685,241,3,3,1228,72,0
2015,3,2,18,3740,3663,1918,349,1,6,1389,77,0
2015,3,2,19,4092,4025,1941,528,4,4,1548,67,0
2015,3,3,11,3,2,2,0,0,0,0,1,0
2015,3,3,12,14,14,14,0,0,0,0,0,0
2015,3,3,13,113,113,107,0,0,0,6,0,0
2015,3,3,14,560,553,497,1,0,0,55,7,0
2015,3,3,15,1501,1485,1311,18,0,0,156,16,0
2015,3,3,16,2332,2312,1859,111,2,4,336,20,0
2015,3,3,17,3462,3443,2579,287,1,4,572,19,0
2015,3,3,18,3981,3950,2814,451,3,2,680,31,0
2015,3,3,19,4879,4850,3194,764,2,10,880,29,0
2015,3,4,11,1,1,1,0,0,0,0,0,0
2015,3,4,12,7,7,7,0,0,0,0,0,0
2015,3,4,13,36,36,33,0,0,0,3,0,0
2015,3,4,14,193,193,142,3,0,0,48,0,0
2015,3,4,15,500,498,363,5,0,0,130,2,0
2015,3,4,16,810,807,532,35,1,1,238,3,0
2015,3,4,17,1130,1127,705,94,1,0,327,3,0
2015,3,4,18,1379,1372,795,152,0,5,420,7,0
2015,3,4,19,1678,1671,963,204,1,3,500,7,0
2015,3,5,10,1,1,1,0,0,0,0,0,0
2015,3,5,11,1,1,1,0,0,0,0,0,0
2015,3,5,12,8,8,6,1,0,0,1,0,0
2015,3,5,13,40,40,32,0,0,1,7,0,0
2015,3,5,14,156,155,127,1,0,0,27,1,0
2015,3,5,15,381,374,296,6,0,0,72,7,0
2015,3,5,16,585,576,373,26,0,0,177,9,0
2015,3,5,17,835,825,484,87,1,2,251,10,0
2015,3,5,18,969,960,517,127,2,0,314,9,0
2015,3,5,19,1122,1107,584,199,0,1,323,15,0
2015,4,0,10,2,2,2,0,0,0,0,0,0
2015,4,0,11,5,5,4,0,0,0,1,0,0
2015,4,0,12,41,40,30,0,0,0,10,1,0
2015,4,0,13,424,417,333,2,0,0,82,7,0
2015,4,0,14,1634,1601,1216,13,0,1,371,33,0
2015,4,0,15,4009,3950,2840,54,1,0,1055,59,0
2015,4,0,16,6475,6394,4289,296,1,4,1804,81,0
2015,4,0,17,8846,8755,5523,703,4,8,2517,91,0
2015,4,0,18,10475,10358,6147,1156,9,12,3034,117,0
2015,4,0,19,12162,12031,6819,1692,8,17,3495,131,0
2015,4,1,11,1,1,1,0,0,0,0,0,0
2015,4,1,12,7,7,4,0,0,0,3,0,0
2015,4,1,13,42,42,29,0,0,0,13,0,0
2015,4,1,14,139,137,73,0,0,0,64,2,0
2015,4,1,15,331,323,157,4,0,0,162,8,0
2015,4,1,16,522,515,216,18,0,1,280,7,0
2015,4,1,17,709,700,292,30,0,1,377,9,0
2015,4,1,18,797,791,321,58,1,2,409,6,0
2015,4,1,19,887,866,313,58,0,1,494,21,0
2015,4,2,11,2,2,1,0,0,0,1,0,0
2015,4,2,12,20,20,14,0,0,0,6,0,0
2015,4,2,13,186,181,131,1,0,0,49,5,0
2015,4,2,14,636,616,397,7,0,0,212,20,0
2015,4,2,15,1549,1524,967,26,0,0,531,25,0
2015,4,2,16,2426,2377,1410,111,1,2,853,49,0
2015,4,2,17,3056,3014,1689,225,0,2,1098,42,0
2015,4,2,18,3629,3558,1837,370,4,5,1342,71,0
2015,4,2,19,3962,3908,1973,515,1,4,1415,54,0
2015,4,3,10,2,2,2,0,0,0,0,0,0
2015,4,3,11,1,1,1,0,0,0,0,0,0
2015,4,3,12,7,6,6,0,0,0,0,1,0
2015,4,3,13,122,120,111,1,0,0,8,2,0
2015,4,3,14,499,494,450,3,0,1,40,5,0
2015,4,3,15,1315,1304,1130,12,0,0,162,11,0
2015,4,3,16,2207,2191,1777,106,0,1,307,16,0
2015,4,3,17,3157,3129,2361,272,2,2,492,28,0
2015,4,3,18,3796,3769,2703,434,2,4,626,27,0
2015,4,3,19,4593,4557,3035,722,3,8,789,36,0
2015,4,4,12,1,1,1,0,0,0,0,0,0
2015,4,4,13,32,32,28,0,0,0,4,0,0
2015,4,4,14,188,187,154,3,0,0,30,1,0
2015,4,4,15,452,451,319,5,1,0,126,1,0
2015,4,4,16,789,787,535,30,0,0,222,2,0
2015,4,4,17,1125,1120,721,99,2,1,297,5,0
2015,4,4,18,1347,1341,781,166,2,1,391,6,0
2015,4,4,19,1616,1610,934,214,3,3,456,6,0
2015,4,5,11,1,1,1,0,0,0,0,0,0
2015,4,5,12,6,6,5,0,0,0,1,0,0
2015,4,5,13,42,42,34,0,0,0,8,0,0
2015,4,5,14,172,167,142,0,0,0,25,5,0
2015,4,5,15,362,348,267,7,0,0,74,14,0
2015,4,5,16,531,524,351,31,0,0,142,7,0
2015,4,5,17,799,792,460,77,0,2,253,7,0
2015,4,5,18,906,899,505,128,0,0,266,7,0
2015,4,5,19,1104,1090,564,183,1,1,341,14,0
2015,5,0,10,3,3,2,0,0,0,1,0,0
2015,5,0,11,5,5,4,0,0,0,1,0,0
2015,5,0,12,56,55,38,3,0,0,14,1,0
2015,5,0,13,409,400,314,4,0,0,82,9,0
2015,5,0,14,1680,1644,1261,9,0,0,374,36,0
2015,5,0,15,4188,4128,3015,53,0,1,1059,60,0
2015,5,0,16,6711,6632,4483,261,3,11,1874,79,0
2015,5,0,17,9055,8955,5703,670,5,8,2569,100,0
2015,5,0,18,10505,10404,6220,1130,6,8,3040,101,0
2015,5,0,19,12061,11935,6757,1657,8,25,3488,126,0
2015,5,1,10,1,1,1,0,0,0,0,0,0
2015,5,1,12,5,5,5,0,0,0,0,0,0
2015,5,1,13,46,46,23,1,0,0,22,0,0
2015,5,1,14,158,151,92,1,0,0,58,7,0
2015,5,1,15,351,348,179,4,0,0,165,3,0
2015,5,1,16,516,508,223,9,0,0,276,8,0
2015,5,1,17,645,635,251,22,1,1,360,10,0
2015,5,1,18,779,767,309,44,0,0,414,12,0
2015,5,1,19,813,804,271,47,0,2,484,9,0
2015,5,2,10,2,2,1,0,0,0,1,0,0
2015,5,2,11,3,3,2,0,0,0,1,0,0
2015,5,2,12,29,29,17,1,0,0,11,0,0
2015,5,2,13,166,162,118,1,0,0,43,4,0
2015,5,2,14,684,670,447,5,0,0,218,14,0
2015,5,2,15,1634,1602,1043,27,0,1,531,32,0
2015,5,2,16,2483,2438,1446,111,2,3,876,45,0
2015,5,2,17,3269,3209,1756,257,3,4,1189,60,0
2015,5,2,18,3654,3605,1862,364,2,4,1373,49,0
2015,5,2,19,4060,3991,2011,522,2,5,1451,69,0
2015,5,3,11,2,2,2,0,0,0,0,0,0
2015,5,3,12,9,9,7,1,0,0,1,0,0
2015,5,3,13,119,116,105,1,0,0,10,3,0
2015,5,3,14,490,477,430,1,0,0,46,13,0
2015,5,3,15,1371,1359,1164,13,0,0,182,12,0
2015,5,3,16,2319,2304,1876,86,1,4,337,15,0
2015,5,3,17,3293,3276,2539,243,0,1,493,17,0
2015,5,3,18,3845,3816,2723,464,3,3,623,29,0
2015,5,3,19,4476,4449,2967,675,3,12,792,27,0
2015,5,4,12,3,3,3,0,0,0,0,0,0
2015,5,4,13,43,43,39,1,0,0,3,0,0
2015,5,4,14,197,197,166,0,0,0,31,0,0
2015,5,4,15,472,469,346,3,0,0,120,3,0
2015,5,4,16,819,816,557,32,0,3,224,3,0
2015,5,4,17,1119,1115,707,94,1,1,312,4,0
2015,5,4,18,1333,1327,802,156,0,1,368,6,0
2015,5,4,19,1674,1666,959,231,1,2,473,8,0
2015,5,5,12,10,9,6,1,0,0,2,1,0
2015,5,5,13,35,33,29,0,0,0,4,2,0
2015,5,5,14,151,149,126,2,0,0,21,2,0
2015,5,5,15,360,350,283,6,0,0,61,10,0
2015,5,5,16,574,566,381,23,0,1,161,8,0
2015,5,5,17,729,720,450,54,0,1,215,9,0
2015,5,5,18,894,889,524,102,1,0,262,5,0
2015,5,5,19,1038,1025,549,182,2,4,288,13,0
2015,6,0,11,4,4,4,0,0,0,0,0,0
2015,6,0,12,53,53,47,0,0,0,6,0,0
2015,6,0,13,403,398,303,5,0,0,90,5,0
2015,6,0,14,1541,1513,1139,7,0,0,367,28,0
2015,6,0,15,3895,3829,2785,37,1,3,1003,66,0
2015,6,0,16,6286,6205,4153,264,3,3,1782,81,0
2015,6,0,17,8525,8421,5352,629,6,8,2426,104,0
2015,6,0,18,9928,9825,5806,1083,5,18,2913,103,0
2015,6,0,19,11330,11195,6329,1550,5,22,3289,135,0
2015,6,1,12,5,5,3,0,0,0,2,0,0
2015,6,1,13,43,42,24,2,0,0,16,1,0
2015,6,1,14,152,147,76,3,0,0,68,5,0
2015,6,1,15,337,331,171,3,0,1,156,6,0
2015,6,1,16,494,488,212,13,1,0,262,6,0
2015,6,1,17,658,648,252,26,1,1,368,10,0
2015,6,1,18,746,741,273,54,0,1,413,5,0
2015,6,1,19,781,774,295,54,0,0,425,7,0
2015,6,2,11,4,4,4,0,0,0,0,0,0
2015,6,2,12,23,23,20,0,0,0,3,0,0
2015,6,2,13,187,184,127,2,0,0,55,3,0
2015,6,2,14,638,622,423,3,0,0,196,16,0
2015,6,2,15,1514,1479,934,14,0,0,531,35,0
2015,6,2,16,2358,2306,1355,94,2,2,853,52,0
2015,6,2,17,3113,3057,1710,233,2,1,1111,56,0
2015,6,2,18,3481,3416,1756,349,4,6,1301,65,0
2015,6,2,19,3886,3808,1924,489,1,6,1388,78,0
2015,6,3,12,14,14,14,0,0,0,0,0,0
2015,6,3,13,111,111,102,1,0,0,8,0,0
2015,6,3,14,467,462,415,0,0,0,47,5,0
2015,6,3,15,1283,1268,1080,11,1,2,174,15,0
2015,6,3,16,2155,2140,1729,102,0,1,308,15,0
2015,6,3,17,2959,2943,2258,236,1,5,443,16,0
2015,6,3,18,3614,3592,2537,431,0,9,615,22,0
2015,6,3,19,4203,4169,2759,649,3,8,750,34,0
2015,6,4,12,6,6,5,0,0,0,1,0,0
2015,6,4,13,30,30,26,0,0,0,4,0,0
2015,6,4,14,163,161,124,1,0,0,36,2,0
2015,6,4,15,449,444,344,5,0,0,95,5,0
2015,6,4,16,779,777,520,34,0,0,223,2,0
2015,6,4,17,1063,1058,691,71,1,1,294,5,0
2015,6,4,18,1271,1263,783,119,1,2,358,8,0
2015,6,4,19,1467,1460,851,192,0,4,413,7,0
2015,6,5,12,5,5,5,0,0,0,0,0,0
2015,6,5,13,32,31,24,0,0,0,7,1,0
2015,6,5,14,121,121,101,0,0,0,20,0,0
2015,6,5,15,312,307,256,4,0,0,47,5,0
2015,6,5,16,500,494,337,21,0,0,136,6,0
2015,6,5,17,732,715,441,63,1,0,210,17,0
2015,6,5,18,816,813,457,130,0,0,226,3,0
2015,6,5,19,993,984,500,166,1,4,313,9,0
2015,7,0,10,2,2,2,0,0,0,0,0,0
2015,7,0,11,3,3,3,0,0,0,0,0,0
2015,7,0,12,36,34,24,1,0,1,8,2,0
2015,7,0,13,404,400,317,0,0,0,83,4,0
2015,7,0,14,1663,1637,1233,18,0,1,385,26,0
2015,7,0,15,3959,3895,2858,61,0,2,974,64,0
2015,7,0,16,6360,6290,4204,236,3,4,1843,70,0
2015,7,0,17,8469,8377,5332,631,4,10,2400,92,0
2015,7,0,18,9830,9731,5758,1085,7,10,2871,99,0
2015,7,0,19,11567,11438,6595,1538,13,27,3265,129,0
2015,7,1,12,7,6,1,1,0,0,4,1,0
2015,7,1,13,48,47,28,0,0,0,19,1,0
2015,7,1,14,166,163,88,7,0,0,68,3,0
2015,7,1,15,336,331,176,8,0,0,147,5,0
2015,7,1,16,542,536,227,19,0,1,289,6,0
2015,7,1,17,653,649,256,38,1,1,353,4,0
2015,7,1,18,728,720,275,47,0,2,396,8,0
2015,7,1,19,821,811,284,61,4,0,462,10,0
2015,7,2,10,1,1,1,0,0,0,0,0,0
2015,7,2,11,1,1,1,0,0,0,0,0,0
2015,7,2,12,17,16,11,0,0,1,4,1,0
2015,7,2,13,187,185,139,0,0,0,46,2,0
2015,7,2,14,701,687,466,4,0,1,216,14,0
2015,7,2,15,1590,1555,1025,31,0,2,497,35,0
2015,7,2,16,2360,2317,1358,80,2,2,875,43,0
2015,7,2,17,3030,2981,1670,206,2,1,1102,49,0
2015,7,2,18,3400,3346,1714,343,1,4,1284,54,0
2015,7,2,19,3943,3867,1991,462,5,10,1399,76,0
2015,7,3,10,1,1,1,0,0,0,0,0,0
2015,7,3,11,1,1,1,0,0,0,0,0,0
2015,7,3,12,6,6,6,0,0,0,0,0,0
2015,7,3,13,100,99,90,0,0,0,9,1,0
2015,7,3,14,485,481,432,2,0,0,47,4,0
2015,7,3,15,1254,1241,1065,17,0,0,159,13,0
2015,7,3,16,2226,2215,1781,91,1,1,341,11,0
2015,7,3,17,2997,2972,2247,246,0,6,473,25,0
2015,7,3,18,3557,3532,2516,425,5,2,584,25,0
2015,7,3,19,4286,4262,2874,681,3,13,691,24,0
2015,7,4,12,3,3,3,0,0,0,0,0,0
2015,7,4,13,38,38,32,0,0,0,6,0,0
2015,7,4,14,179,179,136,4,0,0,39,0,0
2015,7,4,15,470,467,352,2,0,0,113,3,0
2015,7,4,16,750,749,508,26,0,0,215,1,0
2015,7,4,17,1049,1044,692,81,1,1,269,5,0
2015,7,4,18,1288,1285,800,152,0,2,331,3,0
2015,7,4,19,1502,1496,894,182,1,3,416,6,0
2015,7,5,11,1,1,1,0,0,0,0,0,0
2015,7,5,12,3,3,3,0,0,0,0,0,0
2015,7,5,13,31,31,28,0,0,0,3,0,0
2015,7,5,14,132,127,111,1,0,0,15,5,0
2015,7,5,15,309,301,240,3,0,0,58,8,0
2015,7,5,16,482,473,330,20,0,0,123,9,0
2015,7,5,17,740,731,467,60,0,1,203,9,0
2015,7,5,18,857,848,453,118,1,0,276,9,0
2015,7,5,19,1015,1002,552,152,0,1,297,13,0
2015,8,0,10,2,2,2,0,0,0,0,0,0
2015,8,0,12,45,45,35,0,0,0,10,0,0
2015,8,0,13,382,379,302,3,0,0,74,3,0
2015,8,0,14,1591,1560,1197,11,1,0,351,31,0
2015,8,0,15,3775,3712,2732,45,1,3,931,63,0
2015,8,0,16,6112,6032,4093,238,2,6,1693,80,0
2015,8,0,17,8163,8081,5063,644,4,10,2360,82,0
2015,8,0,18,9797,9678,5761,1020,7,10,2880,119,0
2015,8,0,19,11004,10899,6197,1498,7,18,3179,105,0
2015,8,1,12,10,10,7,0,0,0,3,0,0
2015,8,1,13,30,30,16,0,0,0,14,0,0
2015,8,1,14,157,154,82,8,0,0,64,3,0
2015,8,1,15,337,334,172,3,0,0,159,3,0
2015,8,1,16,514,506,227,23,1,0,255,8,0
2015,8,1,17,652,645,268,38,0,0,339,7,0
2015,8,1,18,817,804,300,44,1,1,458,13,0
2015,8,1,19,825,813,274,75,1,0,463,12,0
2015,8,2,10,1,1,1,0,0,0,0,0,0
2015,8,2,12,16,16,11,0,0,0,5,0,0
2015,8,2,13,192,189,147,2,0,0,40,3,0
2015,8,2,14,681,663,459,1,1,0,202,18,0
2015,8,2,15,1536,1492,962,21,1,2,506,44,0
2015,8,2,16,2312,2265,1341,82,1,2,839,47,0
2015,8,2,17,2928,2882,1582,227,0,4,1069,46,0
2015,8,2,18,3472,3410,1757,366,3,1,1283,62,0
2015,8,2,19,3679,3623,1805,469,2,7,1340,56,0
2015,8,3,10,1,1,1,0,0,0,0,0,0
2015,8,3,12,10,10,10,0,0,0,0,0,0
2015,8,3,13,99,99,89,0,0,0,10,0,0
2015,8,3,14,467,463,415,2,0,0,46,4,0
2015,8,3,15,1190,1180,1034,10,0,0,136,10,0
2015,8,3,16,2052,2038,1662,80,0,2,294,14,0
2015,8,3,17,2900,2880,2165,231,3,5,476,20,0
2015,8,3,18,3488,3462,2482,380,1,3,596,26,0
2015,8,3,19,4079,4060,2775,574,3,7,701,19,0
2015,8,4,12,5,5,4,0,0,0,1,0,0
2015,8,4,13,25,25,22,1,0,0,2,0,0
2015,8,4,14,167,166,138,0,0,0,28,1,0
2015,8,4,15,420,418,320,9,0,1,88,2,0
2015,8,4,16,722,720,512,35,0,1,172,2,0
2015,8,4,17,967,965,621,67,1,1,275,2,0
2015,8,4,18,1200,1193,763,125,1,4,300,7,0
2015,8,4,19,1440,1434,821,210,1,2,400,6,0
2015,8,5,12,4,4,3,0,0,0,1,0,0
2015,8,5,13,36,36,28,0,0,0,8,0,0
2015,8,5,14,119,114,103,0,0,0,11,5,0
2015,8,5,15,292,288,244,2,0,0,42,4,0
2015,8,5,16,512,503,351,18,0,1,133,9,0
2015,8,5,17,716,709,427,81,0,0,201,7,0
2015,8,5,18,820,809,459,105,1,1,243,11,0
2015,8,5,19,981,969,522,170,0,2,275,12,0
2015,9,0,11,6,6,5,0,0,0,1,0,0
2015,9,0,12,47,46,35,1,0,0,10,1,0
2015,9,0,13,330,324,259,3,0,0,62,6,0
2015,9,0,14,1393,1371,1021,9,1,1,339,22,0
2015,9,0,15,3758,3688,2703,49,1,1,934,70,0
2015,9,0,16,5979,5909,3962,251,0,4,1692,70,0
2015,9,0,17,8156,8053,5157,602,5,5,2284,103,0
2015,9,0,18,9654,9547,5675,1061,7,9,2795,107,0
2015,9,0,19,10813,10690,6149,1495,8,26,3012,123,0
2015,9,1,11,2,2,2,0,0,0,0,0,0
2015,9,1,12,9,9,7,1,0,0,1,0,0
2015,9,1,13,49,48,32,0,0,0,16,1,0
2015,9,1,14,132,129,65,3,0,0,61,3,0
2015,9,1,15,367,358,166,7,0,0,185,9,0
2015,9,1,16,475,465,192,14,0,0,259,10,0
2015,9,1,17,680,669,265,33,1,0,370,11,0
2015,9,1,18,758,742,279,53,1,0,409,16,0
2015,9,1,19,859,847,327,64,1,1,454,12,0
2015,9,2,11,3,3,2,0,0,0,1,0,0
2015,9,2,12,21,21,16,0,0,0,5,0,0
2015,9,2,13,124,123,92,1,0,0,30,1,0
2015,9,2,14,571,561,363,3,1,0,194,10,0
2015,9,2,15,1521,1481,996,21,1,1,462,40,0
2015,9,2,16,2260,2227,1288,88,0,2,849,33,0
2015,9,2,17,2930,2872,1601,209,3,1,1058,58,0
2015,9,2,18,3439,3384,1762,380,2,5,1235,55,0
2015,9,2,19,3655,3581,1850,456,3,6,1266,74,0
2015,9,3,12,11,10,9,0,0,0,1,1,0
2015,9,3,13,94,91,83,1,0,0,7,3,0
2015,9,3,14,430,423,385,2,0,1,35,7,0
2015,9,3,15,1153,1147,1007,7,0,0,133,6,0
2015,9,3,16,2012,1999,1605,93,0,2,299,13,0
2015,9,3,17,2898,2881,2207,219,1,1,453,17,0
2015,9,3,18,3400,3378,2401,404,3,3,567,22,0
2015,9,3,19,4004,3980,2671,629,2,12,666,24,0
2015,9,4,11,1,1,1,0,0,0,0,0,0
2015,9,4,12,5,5,3,0,0,0,2,0,0
2015,9,4,13,33,33,28,0,0,0,5,0,0
2015,9,4,14,138,136,101,1,0,0,34,2,0
2015,9,4,15,403,402,287,7,0,0,108,1,0
2015,9,4,16,680,675,470,33,0,0,172,5,0
2015,9,4,17,949,943,621,81,0,1,240,6,0
2015,9,4,18,1165,1164,726,108,1,1,328,1,0
2015,9,4,19,1327,1324,773,172,1,5,373,3,0
2015,9,5,12,1,1,0,0,0,0,1,0,0
2015,9,5,13,30,29,24,1,0,0,4,1,0
2015,9,5,14,122,122,107,0,0,0,15,0,0
2015,9,5,15,314,300,247,7,0,0,46,14,0
2015,9,5,16,552,543,407,23,0,0,113,9,0
2015,9,5,17,699,688,463,60,0,2,163,11,0
2015,9,5,18,892,879,507,116,0,0,256,13,0
2015,9,5,19,968,958,528,174,1,2,253,10,0
2015,10,0,10,1,1,1,0,0,0,0,0,0
2015,10,0,11,3,3,2,0,0,0,1,0,0
2015,10,0,12,37,37,26,1,0,0,10,0,0
2015,10,0,13,295,287,233,3,0,1,50,8,0
2015,10,0,14,1388,1363,1067,11,0,0,285,25,0
2015,10,0,15,3374,3332,2503,30,0,0,799,42,0
2015,10,0,16,5593,5523,3778,237,0,8,1500,70,0
2015,10,0,17,7344,7265,4674,569,5,8,2009,79,0
2015,10,0,18,8698,8608,5099,1026,9,15,2459,90,0
2015,10,0,19,9932,9799,5604,1391,7,9,2788,133,0
2015,10,1,11,1,1,0,0,0,0,1,0,0
2015,10,1,12,3,3,1,1,0,0,1,0,0
2015,10,1,13,33,32,19,3,0,1,9,1,0
2015,10,1,14,131,128,57,1,0,0,70,3,0
2015,10,1,15,320,315,137,7,0,0,171,5,0
2015,10,1,16,482,475,223,14,0,2,236,7,0
2015,10,1,17,609,596,232,33,0,0,331,13,0
2015,10,1,18,711,704,248,61,0,1,394,7,0
2015,10,1,19,763,746,281,58,1,0,406,17,0
2015,10,2,10,1,1,1,0,0,0,0,0,0
2015,10,2,11,2,2,2,0,0,0,0,0,0
2015,10,2,12,16,16,10,0,0,0,6,0,0
2015,10,2,13,129,125,90,0,0,0,35,4,0
2015,10,2,14,593,576,432,6,0,0,138,17,0
2015,10,2,15,1292,1268,875,14,0,0,379,24,0
2015,10,2,16,2049,2004,1177,88,0,1,738,45,0
2015,10,2,17,2635,2598,1452,203,3,5,935,37,0
2015,10,2,18,2940,2892,1513,358,4,3,1014,48,0
2015,10,2,19,3250,3187,1559,427,2,2,1197,63,0
2015,10,3,12,6,6,6,0,0,0,0,0,0
2015,10,3,13,82,81,78,0,0,0,3,1,0
2015,10,3,14,413,410,362,4,0,0,44,3,0
2015,10,3,15,1120,1112,991,8,0,0,113,8,0
2015,10,3,16,1922,1914,1565,87,0,0,262,8,0
2015,10,3,17,2670,2654,2041,220,2,1,390,16,0
2015,10,3,18,3296,3270,2314,403,4,7,542,26,0
2015,10,3,19,3897,3869,2604,607,3,3,652,28,0
2015,10,4,12,5,5,4,0,0,0,1,0,0
2015,10,4,13,23,22,20,0,0,0,2,1,0
2015,10,4,14,149,148,123,0,0,0,25,1,0
2015,10,4,15,366,364,269,0,0,0,95,2,0
2015,10,4,16,647,644,451,26,0,4,163,3,0
2015,10,4,17,790,786,532,60,0,1,193,4,0
2015,10,4,18,1046,1042,653,110,1,1,277,4,0
2015,10,4,19,1162,1150,668,173,1,2,306,12,0
2015,10,5,12,7,7,5,0,0,0,2,0,0
2015,10,5,13,28,27,26,0,0,0,1,1,0
2015,10,5,14,102,101,93,0,0,0,8,1,0
2015,10,5,15,276,273,231,1,0,0,41,3,0
2015,10,5,16,493,486,362,22,0,1,101,7,0
2015,10,5,17,640,631,417,53,0,1,160,9,0
2015,10,5,18,705,700,371,94,0,3,232,5,0
2015,10,5,19,860,847,492,126,0,2,227,13,0
2015,11,0,10,1,1,0,1,0,0,0,0,0
2015,11,0,11,3,3,3,0,0,0,0,0,0
2015,11,0,12,38,38,27,0,0,0,11,0,0
2015,11,0,13,284,279,209,2,0,0,68,5,0
2015,11,0,14,1164,1148,882,10,0,0,256,16,0
2015,11,0,15,2965,2919,2135,39,2,2,741,46,0
2015,11,0,16,4980,4932,3340,206,2,8,1376,48,0
2015,11,0,17,6559,6471,4099,509,5,4,1854,88,0
2015,11,0,18,7937,7857,4735,883,2,16,2221,80,0
2015,11,0,19,9133,9029,5155,1221,5,26,2622,104,0
2015,11,1,12,8,8,2,0,0,0,6,0,0
2015,11,1,13,33,32,17,1,0,0,14,1,0
2015,11,1,14,84,84,42,1,0,0,41,0,0
2015,11,1,15,224,220,87,4,1,0,128,4,0
2015,11,1,16,336,328,128,14,0,0,186,8,0
2015,11,1,17,480,473,178,24,0,1,270,7,0
2015,11,1,18,496,489,174,30,0,1,284,7,0
2015,11,1,19,542,534,164,45,1,2,322,8,0
2015,11,2,11,1,1,1,0,0,0,0,0,0
2015,11,2,12,17,17,13,0,0,0,4,0,0
2015,11,2,13,111,110,77,0,0,0,33,1,0
2015,11,2,14,468,458,319,5,0,0,134,10,0
2015,11,2,15,1089,1060,688,18,0,1,353,29,0
2015,11,2,16,1734,1714,969,80,0,5,660,20,0
2015,11,2,17,2168,2119,1171,161,2,1,784,49,0
2015,11,2,18,2598,2554,1335,267,0,2,950,44,0
2015,11,2,19,2888,2835,1377,348,2,9,1099,53,0
2015,11,3,10,1,1,0,1,0,0,0,0,0
2015,11,3,11,2,2,2,0,0,0,0,0,0
2015,11,3,12,5,5,5,0,0,0,0,0,0
2015,11,3,13,75,73,65,1,0,0,7,2,0
2015,11,3,14,357,355,316,1,0,0,38,2,0
2015,11,3,15,1032,1023,859,14,1,0,149,9,0
2015,11,3,16,1871,1860,1511,66,2,1,280,11,0
2015,11,3,17,2473,2456,1835,198,2,0,421,17,0
2015,11,3,18,3050,3031,2135,376,2,12,506,19,0
2015,11,3,19,3637,3608,2409,521,1,8,669,29,0
2015,11,4,12,3,3,2,0,0,0,1,0,0
2015,11,4,13,40,40,30,0,0,0,10,0,0
2015,11,4,14,137,136,104,0,0,0,32,1,0
2015,11,4,15,340,340,261,2,0,0,77,0,0
2015,11,4,16,559,558,399,31,0,1,127,1,0
2015,11,4,17,794,793,504,72,1,2,214,1,0
2015,11,4,18,1012,1007,617,118,0,0,272,5,0
2015,11,4,19,1210,1207,720,153,1,5,328,3,0
2015,11,5,12,5,5,5,0,0,0,0,0,0
2015,11,5,13,25,24,20,0,0,0,4,1,0
2015,11,5,14,118,115,101,3,0,0,11,3,0
2015,11,5,15,280,276,240,1,0,1,34,4,0
2015,11,5,16,480,472,333,15,0,1,123,8,0
2015,11,5,17,644,630,411,54,0,0,165,14,0
2015,11,5,18,781,776,474,92,0,1,209,5,0
2015,11,5,19,856,845,485,154,0,2,204,11,0
2015,12,0,10,1,1,1,0,0,0,0,0,0
2015,12,0,11,3,3,3,0,0,0,0,0,0
2015,12,0,12,28,28,23,0,0,0,5,0,0
2015,12,0,13,297,293,227,3,0,0,63,4,0
2015,12,0,14,1101,1087,829,10,0,0,248,14,0
2015,12,0,15,2855,2808,2122,38,0,1,647,47,0
2015,12,0,16,4777,4723,3260,200,0,7,1256,54,0
2015,12,0,17,6161,6081,3938,536,1,6,1600,80,0
2015,12,0,18,7638,7544,4599,855,5,16,2069,94,0
2015,12,0,19,8706,8593,4945,1318,7,25,2298,113,0
2015,12,1,12,3,3,3,0,0,0,0,0,0
2015,12,1,13,30,30,18,0,0,0,12,0,0
2015,12,1,14,65,63,37,0,0,0,26,2,0
2015,12,1,15,145,142,74,3,0,0,65,3,0
2015,12,1,16,227,226,100,9,0,1,116,1,0
2015,12,1,17,288,286,131,14,0,0,141,2,0
2015,12,1,18,330,325,134,20,1,0,170,5,0
2015,12,1,19,349,345,108,37,1,0,199,4,0
2015,12,2,10,1,1,1,0,0,0,0,0,0
2015,12,2,12,12,12,7,0,0,0,5,0,0
2015,12,2,13,115,112,79,2,0,0,31,3,0
2015,12,2,14,429,421,286,4,0,0,131,8,0
2015,12,2,15,1054,1026,680,18,0,1,327,28,0
2015,12,2,16,1593,1568,916,68,0,3,581,25,0
2015,12,2,17,2050,1997,1104,176,0,3,714,53,0
2015,12,2,18,2476,2422,1243,260,3,2,914,54,0
2015,12,2,19,2610,2550,1263,347,2,6,932,60,0
2015,12,3,11,1,1,1,0,0,0,0,0,0
2015,12,3,12,9,9,9,0,0,0,0,0,0
2015,12,3,13,80,80,70,0,0,0,10,0,0
2015,12,3,14,389,386,330,2,0,0,54,3,0
2015,12,3,15,1028,1014,867,11,0,0,136,14,0
2015,12,3,16,1821,1805,1431,82,0,2,290,16,0
2015,12,3,17,2372,2358,1775,200,1,2,380,14,0
2015,12,3,18,3029,3015,2129,362,0,6,518,14,0
2015,12,3,19,3634,3605,2330,626,2,12,635,29,0
2015,12,4,11,1,1,1,0,0,0,0,0,0
2015,12,4,12,2,2,2,0,0,0,0,0,0
2015,12,4,13,33,33,29,0,0,0,4,0,0
2015,12,4,14,114,114,89,1,0,0,24,0,0
2015,12,4,15,352,351,277,2,0,0,72,1,0
2015,12,4,16,690,682,473,31,0,0,178,8,0
2015,12,4,17,817,814,529,81,0,1,203,3,0
2015,12,4,18,1003,995,606,112,1,2,274,8,0
2015,12,4,19,1200,1189,707,168,1,5,308,11,0
2015,12,5,11,1,1,1,0,0,0,0,0,0
2015,12,5,12,2,2,2,0,0,0,0,0,0
2015,12,5,13,39,38,31,1,0,0,6,1,0
2015,12,5,14,104,103,87,3,0,0,13,1,0
2015,12,5,15,276,275,224,4,0,0,47,1,0
2015,12,5,16,446,442,340,10,0,1,91,4,0
2015,12,5,17,634,626,399,65,0,0,162,8,0
2015,12,5,18,800,787,487,101,0,6,193,13,0
2015,12,5,19,913,904,537,140,1,2,224,9,0
2016,1,0,10,1,1,1,0,0,0,0,0,0
2016,1,0,11,5,5,5,0,0,0,0,0,0
2016,1,0,12,51,48,42,0,0,0,6,3,0
2016,1,0,13,386,380,300,8,0,0,72,6,0
2016,1,0,14,1514,1500,1110,8,0,2,380,14,0
2016,1,0,15,3821,3773,2852,44,1,2,874,48,0
2016,1,0,16,6694,6626,4562,243,5,6,1810,68,0
2016,1,0,17,8387,8286,5379,580,4,7,2316,101,0
2016,1,0,18,10188,10070,6195,1021,10,9,2835,118,0
2016,1,0,19,11587,11469,6607,1598,10,19,3235,118,0
2016,1,1,11,2,2,2,0,0,0,0,0,0
2016,1,1,12,17,17,13,0,0,0,4,0,0
2016,1,1,13,94,91,66,3,0,0,22,3,0
2016,1,1,14,260,257,163,1,0,0,93,3,0
2016,1,1,15,623,616,400,10,0,0,206,7,0
2016,1,1,16,985,979,589,23,0,1,366,6,0
2016,1,1,17,1205,1188,624,51,2,0,511,17,0
2016,1,1,18,1424,1417,709,104,1,0,603,7,0
2016,1,1,19,1572,1549,741,155,2,1,650,23,0
2016,1,2,10,1,1,1,0,0,0,0,0,0
2016,1,2,12,16,13,11,0,0,0,2,3,0
2016,1,2,13,133,130,88,3,0,0,39,3,0
2016,1,2,14,539,529,334,4,0,1,190,10,0
2016,1,2,15,1258,1229,821,16,1,0,391,29,0
2016,1,2,16,2236,2199,1308,79,3,1,808,37,0
2016,1,2,17,2651,2596,1462,178,0,4,952,55,0
2016,1,2,18,3174,3120,1692,280,4,2,1142,54,0
2016,1,2,19,3501,3451,1742,433,4,5,1267,50,0
2016,1,3,11,3,3,3,0,0,0,0,0,0
2016,1,3,12,5,5,5,0,0,0,0,0,0
2016,1,3,13,99,99,93,0,0,0,6,0,0
2016,1,3,14,433,432,382,0,0,1,49,1,0
2016,1,3,15,1196,1185,1037,6,0,0,142,11,0
2016,1,3,16,2169,2153,1741,89,2,4,317,16,0
2016,1,3,17,2802,2784,2137,224,1,2,420,18,0
2016,1,3,18,3577,3539,2532,433,4,2,568,38,0
2016,1,3,19,4081,4049,2741,631,2,8,667,32,0
2016,1,4,12,8,8,8,0,0,0,0,0,0
2016,1,4,13,32,32,29,0,0,0,3,0,0
2016,1,4,14,159,159,124,2,0,0,33,0,0
2016,1,4,15,431,431,324,7,0,2,98,0,0
2016,1,4,16,813,808,559,31,0,0,218,5,0
2016,1,4,17,1043,1035,694,70,0,0,271,8,0
2016,1,4,18,1209,1202,779,110,1,4,308,7,0
2016,1,4,19,1471,1463,880,202,0,2,379,8,0
2016,1,5,12,5,5,5,0,0,0,0,0,0
2016,1,5,13,28,28,24,2,0,0,2,0,0
2016,1,5,14,123,123,107,1,0,0,15,0,0
2016,1,5,15,313,312,270,5,0,0,37,1,0
2016,1,5,16,491,487,365,21,0,0,101,4,0
2016,1,5,17,686,683,462,57,1,1,162,3,0
2016,1,5,18,804,792,483,94,0,1,214,12,0
2016,1,5,19,962,957,503,177,2,3,272,5,0
2016,2,0,11,7,7,7,0,0,0,0,0,0
2016,2,0,12,62,62,53,2,0,0,7,0,0
2016,2,0,13,390,383,310,3,1,0,69,7,0
2016,2,0,14,1488,1463,1140,11,0,0,312,25,0
2016,2,0,15,3725,3675,2798,39,0,2,836,50,0
2016,2,0,16,6339,6285,4330,238,1,5,1711,54,0
2016,2,0,17,7922,7826,5006,587,5,8,2220,96,0
2016,2,0,18,9897,9773,5930,1069,7,10,2757,124,0
2016,2,0,19,11249,11134,6366,1616,7,22,3123,115,0
2016,2,1,11,2,2,2,0,0,0,0,0,0
2016,2,1,12,15,15,13,1,0,0,1,0,0
2016,2,1,13,84,83,57,2,0,0,24,1,0
2016,2,1,14,267,263,196,4,0,0,63,4,0
2016,2,1,15,618,608,398,6,0,0,204,10,0
2016,2,1,16,970,963,575,28,1,1,358,7,0
2016,2,1,17,1182,1169,603,59,1,0,506,13,0
2016,2,1,18,1331,1315,648,97,0,1,569,16,0
2016,2,1,19,1551,1541,715,142,0,4,680,10,0
2016,2,2,11,1,1,1,0,0,0,0,0,0
2016,2,2,12,28,28,23,1,0,0,4,0,0
2016,2,2,13,152,149,112,1,1,0,35,3,0
2016,2,2,14,549,540,376,4,0,0,160,9,0
2016,2,2,15,1272,1246,831,20,0,0,395,26,0
2016,2,2,16,2080,2050,1201,73,0,4,772,30,0
2016,2,2,17,2551,2505,1378,187,3,5,932,46,0
2016,2,2,18,2984,2930,1540,309,3,3,1075,54,0
2016,2,2,19,3250,3200,1629,399,4,5,1163,50,0
2016,2,3,11,1,1,1,0,0,0,0,0,0
2016,2,3,12,11,11,11,0,0,0,0,0,0
2016,2,3,13,101,100,94,0,0,0,6,1,0
2016,2,3,14,403,394,349,2,0,0,43,9,0
2016,2,3,15,1126,1113,988,6,0,0,119,13,0
2016,2,3,16,2051,2044,1673,73,0,0,298,7,0
2016,2,3,17,2655,2629,2008,213,0,1,407,26,0
2016,2,3,18,3479,3439,2458,414,3,3,561,40,0
2016,2,3,19,4040,4007,2665,689,2,7,644,33,0
2016,2,4,11,2,2,2,0,0,0,0,0,0
2016,2,4,12,3,3,3,0,0,0,0,0,0
2016,2,4,13,31,31,29,0,0,0,2,0,0
2016,2,4,14,149,148,115,1,0,0,32,1,0
2016,2,4,15,423,422,331,6,0,2,83,1,0
2016,2,4,16,738,737,513,40,0,0,184,1,0
2016,2,4,17,907,903,581,76,1,1,244,4,0
2016,2,4,18,1254,1247,764,141,1,1,340,7,0
2016,2,4,19,1453,1443,847,192,0,5,399,10,0
2016,2,5,11,1,1,1,0,0,0,0,0,0
2016,2,5,12,5,5,3,0,0,0,2,0,0
2016,2,5,13,22,20,18,0,0,0,2,2,0
2016,2,5,14,120,118,104,0,0,0,14,2,0
2016,2,5,15,286,286,250,1,0,0,35,0,0
2016,2,5,16,500,491,368,24,0,0,99,9,0
2016,2,5,17,627,620,436,52,0,1,131,7,0
2016,2,5,18,849,842,520,108,0,2,212,7,0
2016,2,5,19,955,943,510,194,1,1,237,12,0
2016,3,0,10,1,1,1,0,0,0,0,0,0
2016,3,0,11,3,3,3,0,0,0,0,0,0
2016,3,0,12,75,73,61,0,0,0,12,2,0
2016,3,0,13,413,406,324,4,0,0,78,7,0
2016,3,0,14,1736,1705,1297,18,0,1,389,31,0
2016,3,0,15,4118,4053,3091,41,1,0,920,65,0
2016,3,0,16,7028,6955,4816,267,6,4,1862,73,0
2016,3,0,17,8958,8866,5824,602,3,7,2430,92,0
2016,3,0,18,11049,10912,6696,1140,8,9,3059,137,0
2016,3,0,19,12446,12308,7079,1686,10,26,3507,138,0
2016,3,1,12,20,19,13,0,0,0,6,1,0
2016,3,1,13,91,90,68,1,0,0,21,1,0
2016,3,1,14,313,308,216,2,0,0,90,5,0
2016,3,1,15,616,604,397,4,0,0,203,12,0
2016,3,1,16,1013,1008,580,25,0,0,403,5,0
2016,3,1,17,1164,1148,652,44,0,2,450,16,0
2016,3,1,18,1471,1458,692,115,0,1,650,13,0
2016,3,1,19,1520,1509,716,135,0,4,654,11,0
2016,3,2,10,1,1,1,0,0,0,0,0,0
2016,3,2,11,2,2,2,0,0,0,0,0,0
2016,3,2,12,24,23,17,0,0,0,6,1,0
2016,3,2,13,146,143,101,0,0,0,42,3,0
2016,3,2,14,657,640,437,9,0,0,194,17,0
2016,3,2,15,1513,1474,1011,22,1,0,440,39,0
2016,3,2,16,2464,2418,1463,100,2,2,851,46,0
2016,3,2,17,3049,3003,1723,206,2,3,1069,46,0
2016,3,2,18,3478,3410,1849,327,6,2,1226,68,0
2016,3,2,19,3907,3834,1945,493,4,5,1387,73,0
2016,3,3,11,1,1,1,0,0,0,0,0,0
2016,3,3,12,15,15,15,0,0,0,0,0,0
2016,3,3,13,115,114,102,1,0,0,11,1,0
2016,3,3,14,465,460,406,3,0,1,50,5,0
2016,3,3,15,1270,1261,1092,9,0,0,160,9,0
2016,3,3,16,2296,2285,1867,85,4,0,329,11,0
2016,3,3,17,3046,3030,2349,211,1,1,468,16,0
2016,3,3,18,3889,3853,2771,452,2,3,625,36,0
2016,3,3,19,4477,4443,2964,669,1,12,797,34,0
2016,3,4,12,6,6,6,0,0,0,0,0,0
2016,3,4,13,26,26,24,1,0,0,1,0,0
2016,3,4,14,163,162,128,4,0,0,30,1,0
2016,3,4,15,404,402,325,4,0,0,73,2,0
2016,3,4,16,707,704,523,22,0,1,158,3,0
2016,3,4,17,982,976,619,72,0,1,284,6,0
2016,3,4,18,1237,1228,774,145,0,2,307,9,0
2016,3,4,19,1493,1485,859,212,4,3,407,8,0
2016,3,5,12,10,10,10,0,0,0,0,0,0
2016,3,5,13,35,33,29,1,0,0,3,2,0
2016,3,5,14,138,135,110,0,0,0,25,3,0
2016,3,5,15,315,312,266,2,0,0,44,3,0
2016,3,5,16,548,540,383,35,0,1,121,8,0
2016,3,5,17,717,709,481,69,0,0,159,8,0
2016,3,5,18,974,963,610,101,0,1,251,11,0
2016,3,5,19,1049,1037,595,177,1,2,262,12,0
2016,4,0,10,3,3,3,0,0,0,0,0,0
2016,4,0,11,2,2,1,0,0,0,1,0,0
2016,4,0,12,52,51,44,2,0,0,5,1,0
2016,4,0,13,411,409,324,3,0,0,82,2,0
2016,4,0,14,1678,1657,1294,14,0,1,348,21,0
2016,4,0,15,3927,3861,2903,37,2,3,916,66,0
2016,4,0,16,6748,6684,4574,247,4,7,1852,64,0
2016,4,0,17,8575,8478,5397,635,9,9,2428,97,0
2016,4,0,18,10626,10510,6426,1073,10,15,2986,116,0
2016,4,0,19,11935,11784,6902,1639,5,21,3217,151,0
2016,4,1,11,2,2,1,0,0,0,1,0,0
2016,4,1,12,12,12,10,0,0,0,2,0,0
2016,4,1,13,88,88,66,3,0,0,19,0,0
2016,4,1,14,294,290,205,2,0,0,83,4,0
2016,4,1,15,614,604,387,11,0,0,206,10,0
2016,4,1,16,968,956,527,22,2,1,404,12,0
2016,4,1,17,1186,1171,607,61,1,0,502,15,0
2016,4,1,18,1427,1409,684,111,0,1,613,18,0
2016,4,1,19,1540,1516,737,155,0,0,624,24,0
2016,4,2,10,1,1,1,0,0,0,0,0,0
2016,4,2,12,22,21,17,1,0,0,3,1,0
2016,4,2,13,148,146,102,0,0,0,44,2,0
2016,4,2,14,630,618,424,6,0,0,188,12,0
2016,4,2,15,1465,1435,968,11,2,2,452,30,0
2016,4,2,16,2395,2360,1462,72,1,2,823,35,0
2016,4,2,17,2962,2908,1624,213,5,4,1062,54,0
2016,4,2,18,3429,3369,1853,308,7,2,1199,60,0
2016,4,2,19,3751,3693,1925,451,5,8,1304,58,0
2016,4,3,10,1,1,1,0,0,0,0,0,0
2016,4,3,12,9,9,9,0,0,0,0,0,0
2016,4,3,13,105,105,97,0,0,0,8,0,0
2016,4,3,14,475,471,422,2,0,0,47,4,0
2016,4,3,15,1161,1146,1007,7,0,0,132,15,0
2016,4,3,16,2120,2110,1689,96,1,4,320,10,0
2016,4,3,17,2833,2819,2111,239,3,3,463,14,0
2016,4,3,18,3629,3605,2583,424,3,4,591,24,0
2016,4,3,19,4195,4145,2815,662,0,8,660,50,0
2016,4,4,10,1,1,1,0,0,0,0,0,0
2016,4,4,12,4,4,4,0,0,0,0,0,0
2016,4,4,13,38,38,29,0,0,0,9,0,0
2016,4,4,14,159,159,140,3,0,1,15,0,0
2016,4,4,15,387,380,291,5,0,1,83,7,0
2016,4,4,16,721,718,498,27,0,0,193,3,0
2016,4,4,17,909,903,593,68,0,2,240,6,0
2016,4,4,18,1221,1218,742,123,0,4,349,3,0
2016,4,4,19,1445,1435,842,213,0,4,376,10,0
2016,4,5,12,5,5,4,1,0,0,0,0,0
2016,4,5,13,32,32,30,0,0,0,2,0,0
2016,4,5,14,120,119,103,1,0,0,15,1,0
2016,4,5,15,300,296,250,3,0,0,43,4,0
2016,4,5,16,544,540,398,30,0,0,112,4,0
2016,4,5,17,685,677,462,54,0,0,161,8,0
2016,4,5,18,920,909,564,107,0,4,234,11,0
2016,4,5,19,1004,995,583,158,0,1,253,9,0
2016,5,0,10,1,1,1,0,0,0,0,0,0
2016,5,0,11,3,3,1,1,0,0,1,0,0
2016,5,0,12,48,47,38,0,0,0,9,1,0
2016,5,0,13,413,409,341,4,0,0,64,4,0
2016,5,0,14,1673,1641,1270,6,0,1,364,32,0
2016,5,0,15,4043,3986,2989,36,1,1,959,57,0
2016,5,0,16,6965,6876,4776,246,5,3,1846,89,0
2016,5,0,17,8725,8641,5626,605,7,9,2394,84,0
2016,5,0,18,10706,10588,6558,1060,5,13,2952,118,0
2016,5,0,19,12146,12006,7094,1618,10,22,3262,140,0
2016,5,1,11,2,2,1,0,0,0,1,0,0
2016,5,1,12,9,9,7,0,0,0,2,0,0
2016,5,1,13,73,72,54,1,0,0,17,1,0
2016,5,1,14,291,284,192,2,0,0,90,7,0
2016,5,1,15,615,606,373,10,0,0,223,9,0
2016,5,1,16,1040,1029,621,26,0,1,381,11,0
2016,5,1,17,1217,1203,627,56,1,1,518,14,0
2016,5,1,18,1476,1462,739,114,0,1,608,14,0
2016,5,1,19,1572,1551,783,157,1,4,606,21,0
2016,5,2,11,1,1,0,1,0,0,0,0,0
2016,5,2,12,18,17,12,0,0,0,5,1,0
2016,5,2,13,168,165,128,3,0,0,34,3,0
2016,5,2,14,670,651,467,3,0,1,180,19,0
2016,5,2,15,1515,1483,1033,12,0,1,437,32,0
2016,5,2,16,2517,2470,1518,79,2,0,871,47,0
2016,5,2,17,2929,2886,1704,192,2,4,984,43,0
2016,5,2,18,3624,3553,1956,333,2,4,1258,71,0
2016,5,2,19,3838,3773,1930,477,4,5,1357,65,0
2016,5,3,10,1,1,1,0,0,0,0,0,0
2016,5,3,12,11,11,11,0,0,0,0,0,0
2016,5,3,13,89,89,85,0,0,0,4,0,0
2016,5,3,14,401,398,356,0,0,0,42,3,0
2016,5,3,15,1199,1188,1035,6,1,0,146,11,0
2016,5,3,16,2132,2108,1728,90,3,2,285,24,0
2016,5,3,17,2889,2876,2178,227,2,2,467,13,0
2016,5,3,18,3563,3546,2549,405,3,5,584,17,0
2016,5,3,19,4270,4231,2899,648,1,6,677,39,0
2016,5,4,12,5,5,4,0,0,0,1,0,0
2016,5,4,13,48,48,43,0,0,0,5,0,0
2016,5,4,14,152,151,118,0,0,0,33,1,0
2016,5,4,15,410,408,305,5,0,0,98,2,0
2016,5,4,16,751,749,506,32,0,0,211,2,0
2016,5,4,17,978,973,635,69,0,2,267,5,0
2016,5,4,18,1192,1189,763,111,0,3,312,3,0
2016,5,4,19,1462,1457,870,203,2,2,380,5,0
2016,5,5,12,5,5,4,0,0,0,1,0,0
2016,5,5,13,35,35,31,0,0,0,4,0,0
2016,5,5,14,159,157,137,1,0,0,19,2,0
2016,5,5,15,304,301,243,3,0,0,55,3,0
2016,5,5,16,525,520,403,19,0,0,98,5,0
2016,5,5,17,712,703,482,61,2,0,158,9,0
2016,5,5,18,851,838,551,97,0,0,190,13,0
2016,5,5,19,1004,994,612,133,2,5,242,10,0
2016,6,0,11,5,5,4,0,0,0,1,0,0
2016,6,0,12,69,68,60,2,0,0,6,1,0
2016,6,0,13,407,400,311,4,0,1,84,7,0
2016,6,0,14,1609,1584,1221,10,1,0,352,25,0
2016,6,0,15,3831,3768,2857,37,1,3,870,63,0
2016,6,0,16,6598,6510,4490,228,4,5,1783,88,0
2016,6,0,17,8265,8166,5371,574,3,8,2210,99,0
2016,6,0,18,10162,10048,6170,1027,10,13,2828,114,0
2016,6,0,19,11447,11302,6578,1554,6,26,3138,145,0
2016,6,1,11,1,1,1,0,0,0,0,0,0
2016,6,1,12,13,12,10,1,0,0,1,1,0
2016,6,1,13,91,88,62,2,0,0,24,3,0
2016,6,1,14,285,279,200,3,0,0,76,6,0
2016,6,1,15,614,608,434,10,1,1,162,6,0
2016,6,1,16,996,978,583,21,0,1,373,18,0
2016,6,1,17,1163,1150,642,51,0,1,456,13,0
2016,6,1,18,1378,1359,691,99,2,1,566,19,0
2016,6,1,19,1507,1487,708,140,0,3,636,20,0
2016,6,2,11,3,3,2,0,0,0,1,0,0
2016,6,2,12,28,28,25,0,0,0,3,0,0
2016,6,2,13,161,157,110,0,0,1,46,4,0
2016,6,2,14,630,620,416,4,1,0,199,10,0
2016,6,2,15,1462,1427,972,13,0,2,440,35,0
2016,6,2,16,2384,2342,1421,80,1,2,838,42,0
2016,6,2,17,2761,2720,1539,175,3,1,1002,41,0
2016,6,2,18,3442,3390,1837,325,3,7,1218,52,0
2016,6,2,19,3635,3568,1841,439,2,10,1276,67,0
2016,6,3,12,18,18,15,1,0,0,2,0,0
2016,6,3,13,91,91,86,0,0,0,5,0,0
2016,6,3,14,448,443,400,1,0,0,42,5,0
2016,6,3,15,1100,1090,948,3,0,0,139,10,0
2016,6,3,16,2001,1984,1615,82,2,1,284,17,0
2016,6,3,17,2781,2754,2167,190,0,3,394,27,0
2016,6,3,18,3370,3338,2405,388,4,4,537,32,0
2016,6,3,19,3987,3957,2679,627,3,4,644,30,0
2016,6,4,11,1,1,1,0,0,0,0,0,0
2016,6,4,12,3,3,3,0,0,0,0,0,0
2016,6,4,13,40,40,35,0,0,0,5,0,0
2016,6,4,14,122,122,100,1,0,0,21,0,0
2016,6,4,15,380,375,277,6,0,0,92,5,0
2016,6,4,16,733,731,514,24,1,1,191,2,0
2016,6,4,17,964,959,636,98,0,2,223,5,0
2016,6,4,18,1173,1170,732,130,0,0,308,3,0
2016,6,4,19,1367,1358,812,193,0,5,348,9,0
2016,6,5,12,7,7,7,0,0,0,0,0,0
2016,6,5,13,24,24,18,2,0,0,4,0,0
2016,6,5,14,124,120,105,1,0,0,14,4,0
2016,6,5,15,275,268,226,5,0,0,37,7,0
2016,6,5,16,484,475,357,21,0,0,97,9,0
2016,6,5,17,596,583,387,60,0,1,135,13,0
2016,6,5,18,799,791,505,85,1,1,199,8,0
2016,6,5,19,951,932,538,155,1,4,234,19,0
2016,7,0,10,1,1,0,0,0,0,1,0,0
2016,7,0,11,3,3,3,0,0,0,0,0,0
2016,7,0,12,70,67,50,1,0,0,16,3,0
2016,7,0,13,382,377,311,1,0,0,65,5,0
2016,7,0,14,1584,1560,1168,10,0,1,381,24,0
2016,7,0,15,3678,3625,2740,36,0,2,847,53,0
2016,7,0,16,6571,6509,4465,198,2,3,1841,62,0
2016,7,0,17,8227,8141,5324,554,2,6,2255,86,0
2016,7,0,18,9835,9728,5973,950,7,8,2790,107,0
2016,7,0,19,11494,11387,6668,1584,4,20,3111,107,0
2016,7,1,10,1,1,0,0,0,0,1,0,0
2016,7,1,11,1,1,1,0,0,0,0,0,0
2016,7,1,12,18,15,9,1,0,0,5,3,0
2016,7,1,13,93,93,70,0,0,0,23,0,0
2016,7,1,14,318,311,219,6,0,0,86,7,0
2016,7,1,15,626,622,411,12,0,1,198,4,0
2016,7,1,16,1022,1009,583,28,1,0,397,13,0
2016,7,1,17,1207,1191,669,65,0,0,457,16,0
2016,7,1,18,1445,1429,752,94,2,1,580,16,0
2016,7,1,19,1603,1586,781,146,0,1,658,17,0
2016,7,2,11,1,1,1,0,0,0,0,0,0
2016,7,2,12,25,25,17,0,0,0,8,0,0
2016,7,2,13,161,156,123,0,0,0,33,5,0
2016,7,2,14,637,622,414,1,0,0,207,15,0
2016,7,2,15,1404,1368,968,14,0,1,385,36,0
2016,7,2,16,2408,2375,1489,64,1,1,820,33,0
2016,7,2,17,2826,2788,1606,177,2,6,997,38,0
2016,7,2,18,3335,3279,1746,312,4,4,1213,56,0
2016,7,2,19,3729,3681,1959,465,1,6,1250,48,0
2016,7,3,11,1,1,1,0,0,0,0,0,0
2016,7,3,12,13,13,13,0,0,0,0,0,0
2016,7,3,13,73,73,70,1,0,0,2,0,0
2016,7,3,14,357,356,314,2,0,1,39,1,0
2016,7,3,15,1055,1045,911,5,0,0,129,10,0
2016,7,3,16,1979,1966,1606,61,0,1,298,13,0
2016,7,3,17,2565,2541,1969,177,0,0,395,24,0
2016,7,3,18,3181,3163,2285,346,1,1,530,18,0
2016,7,3,19,3822,3799,2560,619,1,8,611,23,0
2016,7,4,12,7,7,6,0,0,0,1,0,0
2016,7,4,13,28,28,23,0,0,0,5,0,0
2016,7,4,14,141,141,111,0,0,0,30,0,0
2016,7,4,15,360,358,266,3,0,0,89,2,0
2016,7,4,16,701,700,461,30,0,0,209,1,0
2016,7,4,17,971,969,643,77,0,0,249,2,0
2016,7,4,18,1112,1104,710,108,0,1,285,8,0
2016,7,4,19,1409,1405,836,206,1,4,358,4,0
2016,7,5,12,7,7,5,0,0,0,2,0,0
2016,7,5,13,27,27,25,0,0,0,2,0,0
2016,7,5,14,131,130,110,1,0,0,19,1,0
2016,7,5,15,233,232,184,2,0,0,46,1,0
2016,7,5,16,461,459,326,15,0,1,117,2,0
2016,7,5,17,658,652,437,58,0,0,157,6,0
2016,7,5,18,762,753,480,90,0,1,182,9,0
2016,7,5,19,931,916,532,148,1,1,234,15,0
2016,8,0,10,5,5,3,0,0,0,2,0,0
2016,8,0,11,5,5,4,1,0,0,0,0,0
2016,8,0,12,62,62,53,0,0,0,9,0,0
2016,8,0,13,379,369,291,2,0,0,76,10,0
2016,8,0,14,1548,1530,1159,18,0,0,353,18,0
2016,8,0,15,3643,3582,2723,24,0,1,834,61,0
2016,8,0,16,6334,6269,4372,210,6,5,1676,65,0
2016,8,0,17,8154,8061,5284,527,4,4,2242,93,0
2016,8,0,18,9785,9684,5906,994,7,18,2759,101,0
2016,8,0,19,11059,10942,6385,1418,8,12,3119,117,0
2016,8,1,10,2,2,1,0,0,0,1,0,0
2016,8,1,11,3,3,2,1,0,0,0,0,0
2016,8,1,12,21,21,16,0,0,0,5,0,0
2016,8,1,13,81,81,59,0,0,0,22,0,0
2016,8,1,14,317,313,210,4,0,0,99,4,0
2016,8,1,15,646,635,442,4,0,0,189,11,0
2016,8,1,16,1050,1039,631,20,0,1,387,11,0
2016,8,1,17,1275,1258,719,64,1,0,474,17,0
2016,8,1,18,1441,1428,722,113,1,3,589,13,0
2016,8,1,19,1595,1575,795,143,2,1,634,20,0
2016,8,2,10,2,2,2,0,0,0,0,0,0
2016,8,2,11,1,1,1,0,0,0,0,0,0
2016,8,2,12,21,21,17,0,0,0,4,0,0
2016,8,2,13,157,150,110,1,0,0,39,7,0
2016,8,2,14,591,582,423,6,0,0,153,9,0
2016,8,2,15,1368,1341,921,11,0,1,408,27,0
2016,8,2,16,2264,2227,1376,67,4,2,778,37,0
2016,8,2,17,2790,2746,1588,164,1,2,991,44,0
2016,8,2,18,3309,3260,1767,320,2,5,1166,49,0
2016,8,2,19,3528,3477,1796,401,3,5,1272,51,0
2016,8,3,11,1,1,1,0,0,0,0,0,0
2016,8,3,12,10,10,10,0,0,0,0,0,0
2016,8,3,13,78,75,71,0,0,0,4,3,0
2016,8,3,14,371,367,312,0,0,0,55,4,0
2016,8,3,15,1036,1018,897,4,0,0,117,18,0
2016,8,3,16,1917,1905,1571,74,2,1,257,12,0
2016,8,3,17,2510,2493,1940,182,1,0,370,17,0
2016,8,3,18,3138,3112,2245,345,3,6,513,26,0
2016,8,3,19,3736,3713,2504,566,2,2,639,23,0
2016,8,4,10,1,1,0,0,0,0,1,0,0
2016,8,4,12,6,6,6,0,0,0,0,0,0
2016,8,4,13,31,31,27,0,0,0,4,0,0
2016,8,4,14,156,155,118,4,0,0,33,1,0
2016,8,4,15,359,357,264,3,0,0,90,2,0
2016,8,4,16,631,630,448,28,0,1,153,1,0
2016,8,4,17,929,922,597,67,1,1,256,7,0
2016,8,4,18,1141,1137,703,123,1,2,308,4,0
2016,8,4,19,1314,1307,765,182,1,2,357,7,0
2016,8,5,12,4,4,4,0,0,0,0,0,0
2016,8,5,13,32,32,24,1,0,0,7,0,0
2016,8,5,14,113,113,96,4,0,0,13,0,0
2016,8,5,15,234,231,199,2,0,0,30,3,0
2016,8,5,16,472,468,346,21,0,0,101,4,0
2016,8,5,17,650,642,440,50,0,1,151,8,0
2016,8,5,18,756,747,469,93,0,2,183,9,0
2016,8,5,19,886,870,525,126,0,2,217,16,0
2016,9,0,11,9,9,9,0,0,0,0,0,0
2016,9,0,12,64,63,52,1,0,0,10,1,0
2016,9,0,13,410,406,330,1,0,1,74,4,0
2016,9,0,14,1431,1410,1084,3,1,0,322,21,0
2016,9,0,15,3445,3392,2515,27,2,0,848,53,0
2016,9,0,16,5953,5906,4084,197,2,3,1620,47,0
2016,9,0,17,7975,7881,5112,503,7,11,2248,94,0
2016,9,0,18,9686,9584,5940,917,1,10,2716,102,0
2016,9,0,19,10984,10872,6411,1396,7,23,3035,112,0
2016,9,1,11,2,2,2,0,0,0,0,0,0
2016,9,1,12,9,9,7,1,0,0,1,0,0
2016,9,1,13,103,102,78,0,0,0,24,1,0
2016,9,1,14,290,285,200,1,0,0,84,5,0
2016,9,1,15,654,647,405,7,0,0,235,7,0
2016,9,1,16,1020,1013,579,27,0,0,407,7,0
2016,9,1,17,1302,1290,656,61,0,3,570,12,0
2016,9,1,18,1501,1491,796,92,0,1,602,10,0
2016,9,1,19,1618,1602,802,127,1,2,670,16,0
2016,9,2,11,1,1,1,0,0,0,0,0,0
2016,9,2,12,29,28,19,0,0,0,9,1,0
2016,9,2,13,167,166,123,1,0,1,41,1,0
2016,9,2,14,573,562,397,2,1,0,162,11,0
2016,9,2,15,1269,1235,844,12,2,0,377,34,0
2016,9,2,16,2165,2146,1341,70,1,1,733,19,0
2016,9,2,17,2703,2654,1541,149,5,2,957,49,0
2016,9,2,18,3275,3230,1770,287,1,4,1168,45,0
2016,9,2,19,3389,3337,1747,402,1,4,1183,52,0
2016,9,3,11,3,3,3,0,0,0,0,0,0
2016,9,3,12,12,12,12,0,0,0,0,0,0
2016,9,3,13,78,76,74,0,0,0,2,2,0
2016,9,3,14,345,343,297,0,0,0,46,2,0
2016,9,3,15,945,940,808,3,0,0,129,5,0
2016,9,3,16,1692,1682,1378,64,0,0,240,10,0
2016,9,3,17,2511,2487,1943,178,0,3,363,24,0
2016,9,3,18,3043,3015,2198,337,0,4,476,28,0
2016,9,3,19,3708,3677,2503,529,4,13,628,31,0
2016,9,4,11,2,2,2,0,0,0,0,0,0
2016,9,4,12,5,5,5,0,0,0,0,0,0
2016,9,4,13,35,35,30,0,0,0,5,0,0
2016,9,4,14,120,119,99,0,0,0,20,1,0
2016,9,4,15,311,307,230,3,0,0,74,4,0
2016,9,4,16,631,630,454,26,1,2,147,1,0
2016,9,4,17,843,837,558,59,1,3,216,6,0
2016,9,4,18,1099,1091,683,115,0,0,293,8,0
2016,9,4,19,1314,1310,797,172,0,3,338,4,0
2016,9,5,11,1,1,1,0,0,0,0,0,0
2016,9,5,12,9,9,9,0,0,0,0,0,0
2016,9,5,13,27,27,25,0,0,0,2,0,0
2016,9,5,14,103,101,91,0,0,0,10,2,0
2016,9,5,15,266,263,228,2,0,0,33,3,0
2016,9,5,16,445,435,332,10,0,0,93,10,0
2016,9,5,17,616,613,414,56,1,0,142,3,0
2016,9,5,18,768,757,493,86,0,1,177,11,0
2016,9,5,19,955,946,562,166,1,1,216,9,0
2016,10,0,10,3,3,2,0,0,0,1,0,0
2016,10,0,11,6,6,6,0,0,0,0,0,0
2016,10,0,12,64,62,45,0,0,0,17,2,0
2016,10,0,13,335,332,274,2,0,0,56,3,0
2016,10,0,14,1389,1364,1073,4,0,1,286,25,0
2016,10,0,15,3291,3243,2384,27,0,1,831,48,0
2016,10,0,16,5880,5812,3975,213,3,8,1613,68,0
2016,10,0,17,7527,7429,4736,528,6,5,2154,98,0
2016,10,0,18,9106,8991,5479,842,5,19,2646,115,0
2016,10,0,19,10704,10605,6168,1428,9,19,2981,99,0
2016,10,1,10,2,2,1,0,0,0,1,0,0
2016,10,1,11,2,2,2,0,0,0,0,0,0
2016,10,1,12,21,19,12,0,0,0,7,2,0
2016,10,1,13,82,81,63,1,0,0,17,1,0
2016,10,1,14,261,255,182,3,0,1,69,6,0
2016,10,1,15,621,610,384,4,0,0,222,11,0
2016,10,1,16,1029,1014,579,26,0,0,409,15,0
2016,10,1,17,1220,1207,633,71,1,1,501,13,0
2016,10,1,18,1442,1422,724,102,2,1,593,20,0
2016,10,1,19,1585,1564,745,129,0,2,688,21,0
2016,10,2,11,1,1,1,0,0,0,0,0,0
2016,10,2,12,26,26,18,0,0,0,8,0,0
2016,10,2,13,119,118,88,0,0,0,30,1,0
2016,10,2,14,543,534,383,0,0,0,151,9,0
2016,10,2,15,1224,1207,820,11,0,1,375,17,0
2016,10,2,16,2090,2057,1246,80,1,5,725,33,0
2016,10,2,17,2540,2494,1392,161,4,0,937,46,0
2016,10,2,18,3059,3008,1598,255,3,6,1146,51,0
2016,10,2,19,3356,3323,1723,402,4,6,1188,33,0
2016,10,3,10,1,1,1,0,0,0,0,0,0
2016,10,3,12,10,10,10,0,0,0,0,0,0
2016,10,3,13,82,82,79,1,0,0,2,0,0
2016,10,3,14,365,359,326,1,0,0,32,6,0
2016,10,3,15,888,872,753,7,0,0,112,16,0
2016,10,3,16,1754,1749,1434,64,2,1,248,5,0
2016,10,3,17,2345,2323,1774,196,0,2,351,22,0
2016,10,3,18,2881,2855,2084,297,0,9,465,26,0
2016,10,3,19,3619,3598,2455,576,4,6,557,21,0
2016,10,4,12,2,2,2,0,0,0,0,0,0
2016,10,4,13,21,20,16,0,0,0,4,1,0
2016,10,4,14,121,120,102,0,0,0,18,1,0
2016,10,4,15,307,307,222,4,0,0,81,0,0
2016,10,4,16,577,575,400,26,0,1,148,2,0
2016,10,4,17,841,839,562,54,1,2,220,2,0
2016,10,4,18,1056,1053,657,104,0,2,290,3,0
2016,10,4,19,1207,1202,719,156,1,0,326,5,0
2016,10,5,11,3,3,3,0,0,0,0,0,0
2016,10,5,12,5,5,3,0,0,0,2,0,0
2016,10,5,13,31,31,28,0,0,0,3,0,0
2016,10,5,14,99,96,80,0,0,0,16,3,0
2016,10,5,15,251,247,205,1,0,0,41,4,0
2016,10,5,16,430,417,316,17,0,1,83,13,0
2016,10,5,17,581,566,375,46,0,0,145,15,0
2016,10,5,18,668,653,416,84,0,1,152,15,0
2016,10,5,19,937,918,526,165,0,5,222,19,0
2016,11,0,10,1,1,1,0,0,0,0,0,0
2016,11,0,11,11,11,10,0,0,0,1,0,0
2016,11,0,12,51,51,45,0,0,0,6,0,0
2016,11,0,13,355,348,288,1,0,0,59,7,0
2016,11,0,14,1318,1294,996,11,0,1,286,24,0
2016,11,0,15,3169,3134,2329,27,1,0,777,35,0
2016,11,0,16,5570,5495,3740,169,0,5,1581,75,0
2016,11,0,17,7290,7208,4593,507,3,5,2100,82,0
2016,11,0,18,8542,8454,5194,860,1,10,2389,88,0
2016,11,0,19,9959,9846,5716,1356,7,19,2748,113,0
2016,11,1,11,3,3,3,0,0,0,0,0,0
2016,11,1,12,19,19,16,0,0,0,3,0,0
2016,11,1,13,83,82,59,0,0,0,23,1,0
2016,11,1,14,281,272,192,2,0,0,78,9,0
2016,11,1,15,578,571,374,4,1,0,192,7,0
2016,11,1,16,923,915,494,22,0,0,399,8,0
2016,11,1,17,1164,1151,593,61,0,1,496,13,0
2016,11,1,18,1333,1319,689,93,0,0,537,14,0
2016,11,1,19,1544,1532,716,126,4,1,685,12,0
2016,11,2,10,1,1,1,0,0,0,0,0,0
2016,11,2,11,3,3,2,0,0,0,1,0,0
2016,11,2,12,20,20,17,0,0,0,3,0,0
2016,11,2,13,142,139,113,1,0,0,25,3,0
2016,11,2,14,491,482,340,7,0,1,134,9,0
2016,11,2,15,1119,1102,717,13,0,0,372,17,0
2016,11,2,16,1994,1954,1184,56,0,3,711,40,0
2016,11,2,17,2529,2489,1431,154,1,1,902,40,0
2016,11,2,18,2854,2813,1557,250,0,2,1004,41,0
2016,11,2,19,3084,3034,1556,382,1,11,1084,50,0
2016,11,3,11,1,1,1,0,0,0,0,0,0
2016,11,3,12,7,7,7,0,0,0,0,0,0
2016,11,3,13,84,81,74,0,0,0,7,3,0
2016,11,3,14,318,316,281,1,0,0,34,2,0
2016,11,3,15,940,932,823,5,0,0,104,8,0
2016,11,3,16,1616,1601,1337,55,0,2,207,15,0
2016,11,3,17,2241,2225,1694,175,1,0,355,16,0
2016,11,3,18,2698,2680,1948,307,0,3,422,18,0
2016,11,3,19,3361,3337,2302,519,1,5,510,24,0
2016,11,4,11,1,1,1,0,0,0,0,0,0
2016,11,4,12,2,2,2,0,0,0,0,0,0
2016,11,4,13,20,20,19,0,0,0,1,0,0
2016,11,4,14,122,122,95,1,0,0,26,0,0
2016,11,4,15,313,310,233,3,0,0,74,3,0
2016,11,4,16,605,601,420,19,0,0,162,4,0
2016,11,4,17,826,825,527,71,1,2,224,1,0
2016,11,4,18,955,947,582,108,1,3,253,8,0
2016,11,4,19,1143,1132,654,186,1,0,291,11,0
2016,11,5,11,3,3,3,0,0,0,0,0,0
2016,11,5,12,3,3,3,0,0,0,0,0,0
2016,11,5,13,26,26,23,0,0,0,3,0,0
2016,11,5,14,106,102,88,0,0,0,14,4,0
2016,11,5,15,219,219,182,2,0,0,35,0,0
2016,11,5,16,432,424,305,17,0,0,102,8,0
2016,11,5,17,530,518,348,46,0,1,123,12,0
2016,11,5,18,702,695,418,102,0,2,173,7,0
2016,11,5,19,827,811,488,143,0,2,178,16,0
2016,12,0,10,2,2,1,0,0,0,1,0,0
2016,12,0,11,5,5,5,0,0,0,0,0,0
2016,12,0,12,47,46,44,0,0,0,2,1,0
2016,12,0,13,380,375,295,4,0,0,76,5,0
2016,12,0,14,1382,1356,1032,10,0,0,314,26,0
2016,12,0,15,3164,3114,2283,25,1,4,801,50,0
2016,12,0,16,5538,5483,3756,189,2,2,1534,55,0
2016,12,0,17,7693,7620,5008,475,2,5,2130,73,0
2016,12,0,18,8977,8871,5406,913,2,15,2535,106,0
2016,12,0,19,10463,10357,6096,1431,7,18,2805,106,0
2016,12,1,11,1,1,1,0,0,0,0,0,0
2016,12,1,12,7,7,6,0,0,0,1,0,0
2016,12,1,13,70,70,53,2,0,0,15,0,0
2016,12,1,14,246,241,155,4,0,0,82,5,0
2016,12,1,15,530,522,323,2,0,2,195,8,0
2016,12,1,16,925,914,554,17,1,2,340,11,0
2016,12,1,17,1208,1195,655,53,0,2,485,13,0
2016,12,1,18,1310,1291,612,91,0,3,585,19,0
2016,12,1,19,1514,1497,715,134,1,3,644,17,0
2016,12,2,10,1,1,1,0,0,0,0,0,0
2016,12,2,11,3,3,3,0,0,0,0,0,0
2016,12,2,12,17,16,15,0,0,0,1,1,0
2016,12,2,13,145,140,94,1,0,0,45,5,0
2016,12,2,14,503,491,344,3,0,0,144,12,0
2016,12,2,15,1123,1094,719,11,1,1,362,29,0
2016,12,2,16,1857,1834,1086,65,0,0,683,23,0
2016,12,2,17,2580,2547,1483,158,2,0,904,33,0
2016,12,2,18,2927,2880,1597,285,1,4,993,47,0
2016,12,2,19,3135,3087,1613,401,1,4,1068,48,0
2016,12,3,10,1,1,0,0,0,0,1,0,0
2016,12,3,11,1,1,1,0,0,0,0,0,0
2016,12,3,12,8,8,8,0,0,0,0,0,0
2016,12,3,13,97,97,91,0,0,0,6,0,0
2016,12,3,14,387,382,339,1,0,0,42,5,0
2016,12,3,15,944,935,815,8,0,0,112,9,0
2016,12,3,16,1763,1752,1423,72,0,0,257,11,0
2016,12,3,17,2425,2412,1888,156,0,3,365,13,0
2016,12,3,18,2916,2892,2100,330,1,6,455,24,0
2016,12,3,19,3682,3657,2489,591,3,7,567,25,0
2016,12,4,12,5,5,5,0,0,0,0,0,0
2016,12,4,13,39,39,33,0,0,0,6,0,0
2016,12,4,14,128,127,92,1,0,0,34,1,0
2016,12,4,15,331,331,238,2,0,1,90,0,0
2016,12,4,16,580,578,400,22,1,0,155,2,0
2016,12,4,17,915,912,603,68,0,0,241,3,0
2016,12,4,18,1058,1054,625,126,0,0,303,4,0
2016,12,4,19,1262,1258,755,169,2,2,330,4,0
2016,12,5,12,10,10,10,0,0,0,0,0,0
2016,12,5,13,29,29,24,1,0,0,4,0,0
2016,12,5,14,118,115,102,1,0,0,12,3,0
2016,12,5,15,236,232,188,2,0,0,42,4,0
2016,12,5,16,413,405,293,13,0,0,99,8,0
2016,12,5,17,565,554,379,40,0,0,135,11,0
2016,12,5,18,766,754,472,81,0,2,199,12,0
2016,12,5,19,870,858,524,136,0,2,196,12,0
2017,1,0,11,10,10,6,0,0,0,4,0,0
2017,1,0,12,44,43,35,0,0,0,8,1,0
2017,1,0,13,337,333,270,0,0,0,63,4,0
2017,1,0,14,1349,1321,1021,10,0,1,289,28,0
2017,1,0,15,3391,3344,2510,31,0,0,803,47,0
2017,1,0,16,5711,5639,3896,179,1,4,1559,72,0
2017,1,0,17,7981,7900,5206,524,3,12,2155,81,0
2017,1,0,18,9078,8973,5506,918,7,10,2532,105,0
2017,1,0,19,10840,10697,6272,1414,8,26,2977,143,0
2017,1,1,11,3,3,0,0,0,0,3,0,0
2017,1,1,12,8,7,5,0,0,0,2,1,0
2017,1,1,13,78,77,64,0,0,0,13,1,0
2017,1,1,14,238,233,163,1,0,0,69,5,0
2017,1,1,15,526,520,338,5,0,0,177,6,0
2017,1,1,16,899,885,499,21,0,0,365,14,0
2017,1,1,17,1224,1207,647,63,1,2,494,17,0
2017,1,1,18,1390,1381,690,94,1,1,595,9,0
2017,1,1,19,1472,1458,692,123,0,3,640,14,0
2017,1,2,11,3,3,3,0,0,0,0,0,0
2017,1,2,12,20,20,15,0,0,0,5,0,0
2017,1,2,13,126,123,86,0,0,0,37,3,0
2017,1,2,14,537,520,372,6,0,1,141,17,0
2017,1,2,15,1237,1215,812,12,0,0,391,22,0
2017,1,2,16,1975,1935,1187,61,1,3,683,40,0
2017,1,2,17,2658,2627,1510,173,0,3,941,31,0
2017,1,2,18,2995,2939,1628,270,5,1,1035,56,0
2017,1,2,19,3426,3364,1753,407,5,5,1194,62,0
2017,1,3,11,1,1,1,0,0,0,0,0,0
2017,1,3,12,5,5,5,0,0,0,0,0,0
2017,1,3,13,79,79,74,0,0,0,5,0,0
2017,1,3,14,359,358,330,1,0,0,27,1,0
2017,1,3,15,1055,1047,915,7,0,0,125,8,0
2017,1,3,16,1820,1809,1510,65,0,0,234,11,0
2017,1,3,17,2594,2578,2032,185,0,4,357,16,0
2017,1,3,18,2921,2900,2102,328,1,4,465,21,0
2017,1,3,19,3766,3736,2556,575,1,8,596,30,0
2017,1,4,12,5,5,5,0,0,0,0,0,0
2017,1,4,13,21,21,18,0,0,0,3,0,0
2017,1,4,14,123,122,87,2,0,0,33,1,0
2017,1,4,15,335,332,253,6,0,0,73,3,0
2017,1,4,16,621,619,423,21,0,1,174,2,0
2017,1,4,17,887,885,612,60,1,1,211,2,0
2017,1,4,18,1058,1055,669,118,0,2,266,3,0
2017,1,4,19,1294,1287,772,176,1,3,335,7,0
2017,1,5,11,3,3,2,0,0,0,1,0,0
2017,1,5,12,6,6,5,0,0,0,1,0,0
2017,1,5,13,33,33,28,0,0,0,5,0,0
2017,1,5,14,92,88,69,0,0,0,19,4,0
2017,1,5,15,238,230,192,1,0,0,37,8,0
2017,1,5,16,396,391,277,11,0,0,103,5,0
2017,1,5,17,618,603,405,43,1,2,152,15,0
2017,1,5,18,714,698,417,108,0,2,171,16,0
2017,1,5,19,882,852,499,133,1,7,212,30,0
2017,2,0,12,40,40,33,0,0,0,7,0,0
2017,2,0,13,341,333,269,2,0,0,62,8,0
2017,2,0,14,1387,1367,1059,9,0,0,299,20,0
2017,2,0,15,3142,3083,2387,23,1,1,671,59,0
2017,2,0,16,5533,5470,3832,182,2,3,1451,63,0
2017,2,0,17,7776,7689,5103,495,5,7,2079,87,0
2017,2,0,18,8799,8701,5347,854,6,6,2488,98,0
2017,2,0,19,10362,10246,6057,1372,6,24,2787,116,0
2017,2,1,12,10,10,8,0,0,0,2,0,0
2017,2,1,13,67,66,51,1,0,0,14,1,0
2017,2,1,14,263,259,187,4,0,0,68,4,0
2017,2,1,15,479,474,327,1,0,1,145,5,0
2017,2,1,16,811,799,490,11,0,0,298,12,0
2017,2,1,17,1137,1129,624,39,3,1,462,8,0
2017,2,1,18,1181,1169,581,94,0,2,492,12,0
2017,2,1,19,1322,1309,626,111,1,5,566,13,0
2017,2,2,12,13,13,9,0,0,0,4,0,0
2017,2,2,13,146,142,103,1,0,0,38,4,0
2017,2,2,14,506,496,353,2,0,0,141,10,0
2017,2,2,15,1153,1121,790,13,0,0,318,32,0
2017,2,2,16,1850,1824,1108,56,2,3,655,26,0
2017,2,2,17,2569,2530,1499,151,2,1,877,39,0
2017,2,2,18,2796,2755,1524,239,2,2,988,41,0
2017,2,2,19,3179,3132,1670,391,2,5,1064,47,0
2017,2,3,12,9,9,9,0,0,0,0,0,0
2017,2,3,13,87,84,77,0,0,0,7,3,0
2017,2,3,14,390,386,345,2,0,0,39,4,0
2017,2,3,15,995,979,872,3,0,0,104,16,0
2017,2,3,16,1815,1801,1484,65,0,0,252,14,0
2017,2,3,17,2610,2583,2016,176,0,5,386,27,0
2017,2,3,18,3100,3073,2221,330,3,1,518,27,0
2017,2,3,19,3692,3668,2529,536,0,5,598,24,0
2017,2,4,12,2,2,2,0,0,0,0,0,0
2017,2,4,13,20,20,18,0,0,0,2,0,0
2017,2,4,14,122,121,88,0,0,0,33,1,0
2017,2,4,15,294,292,210,5,0,0,77,2,0
2017,2,4,16,601,598,423,31,0,0,144,3,0
2017,2,4,17,889,887,583,88,0,0,216,2,0
2017,2,4,18,1019,1014,622,109,1,1,281,5,0
2017,2,4,19,1258,1252,742,175,1,6,328,6,0
2017,2,5,12,6,6,5,0,0,0,1,0,0
2017,2,5,13,21,21,20,0,0,0,1,0,0
2017,2,5,14,106,105,86,1,0,0,18,1,0
2017,2,5,15,221,217,188,1,1,0,27,4,0
2017,2,5,16,456,448,327,19,0,0,102,8,0
2017,2,5,17,571,560,381,41,0,0,138,11,0
2017,2,5,18,703,690,399,82,0,0,209,13,0
2017,2,5,19,911,885,490,159,2,3,231,26,0
2017,3,0,10,2,2,2,0,0,0,0,0,0
2017,3,0,11,2,2,1,0,0,0,1,0,0
2017,3,0,12,54,54,48,0,0,0,6,0,0
2017,3,0,13,423,416,352,2,0,1,61,7,0
2017,3,0,14,1638,1616,1238,13,1,2,362,22,0
2017,3,0,15,3792,3741,2836,27,1,1,876,51,0
2017,3,0,16,6506,6418,4539,187,3,5,1684,88,0
2017,3,0,17,9175,9066,6030,586,5,11,2434,109,0
2017,3,0,18,10364,10235,6345,1002,4,25,2859,129,0
2017,3,0,19,12143,11996,7057,1602,5,28,3304,147,0
2017,3,1,11,1,1,0,0,0,0,1,0,0
2017,3,1,12,14,14,14,0,0,0,0,0,0
2017,3,1,13,67,64,50,0,0,0,14,3,0
2017,3,1,14,286,284,181,0,0,0,103,2,0
2017,3,1,15,563,557,384,8,0,0,165,6,0
2017,3,1,16,984,968,552,23,0,1,392,16,0
2017,3,1,17,1328,1314,721,64,0,3,526,14,0
2017,3,1,18,1487,1470,740,87,0,6,637,17,0
2017,3,1,19,1564,1541,738,133,2,1,667,23,0
2017,3,2,10,1,1,1,0,0,0,0,0,0
2017,3,2,12,17,17,12,0,0,0,5,0,0
2017,3,2,13,167,163,125,1,0,1,36,4,0
2017,3,2,14,622,605,433,8,1,1,162,17,0
2017,3,2,15,1368,1341,904,7,0,1,429,27,0
2017,3,2,16,2254,2220,1406,64,3,3,744,34,0
2017,3,2,17,3051,2997,1723,196,4,4,1070,54,0
2017,3,2,18,3370,3300,1822,296,3,6,1173,70,0
2017,3,2,19,3724,3666,1915,441,3,8,1299,58,0
2017,3,3,10,1,1,1,0,0,0,0,0,0
2017,3,3,11,1,1,1,0,0,0,0,0,0
2017,3,3,12,7,7,6,0,0,0,1,0,0
2017,3,3,13,118,118,113,1,0,0,4,0,0
2017,3,3,14,453,451,402,2,0,1,46,2,0
2017,3,3,15,1201,1186,1044,6,0,0,136,15,0
2017,3,3,16,2113,2092,1770,60,0,0,262,21,0
2017,3,3,17,2992,2965,2352,207,0,3,403,27,0
2017,3,3,18,3437,3418,2490,402,1,7,518,19,0
2017,3,3,19,4308,4266,2932,654,0,10,670,42,0
2017,3,4,12,8,8,8,0,0,0,0,0,0
2017,3,4,13,36,36,33,0,0,0,3,0,0
2017,3,4,14,142,142,105,2,0,0,35,0,0
2017,3,4,15,367,366,262,2,0,0,102,1,0
2017,3,4,16,690,683,483,28,0,1,171,7,0
2017,3,4,17,1055,1054,743,64,1,1,245,1,0
2017,3,4,18,1209,1202,762,119,0,3,318,7,0
2017,3,4,19,1487,1482,878,196,0,3,405,5,0
2017,3,5,12,8,8,8,0,0,0,0,0,0
2017,3,5,13,35,35,31,0,0,0,4,0,0
2017,3,5,14,135,134,117,1,0,0,16,1,0
2017,3,5,15,293,291,242,4,1,0,44,2,0
2017,3,5,16,465,455,328,12,0,0,115,10,0
2017,3,5,17,749,736,491,55,0,0,190,13,0
2017,3,5,18,861,845,531,98,0,3,213,16,0
2017,3,5,19,1060,1041,594,178,0,6,263,19,0
2017,4,0,11,5,5,5,0,0,0,0,0,0
2017,4,0,12,48,48,43,1,0,0,4,0,0
2017,4,0,13,358,354,282,3,0,0,69,4,0
2017,4,0,14,1582,1560,1217,12,0,2,329,22,0
2017,4,0,15,3682,3636,2722,28,1,0,885,46,0
2017,4,0,16,6111,6036,4278,153,1,9,1595,75,0
2017,4,0,17,8780,8679,5705,562,3,9,2400,101,0
2017,4,0,18,9924,9813,6128,966,3,13,2703,111,0
2017,4,0,19,11556,11452,6775,1466,8,18,3185,104,0
2017,4,1,11,3,3,3,0,0,0,0,0,0
2017,4,1,12,13,13,12,0,0,0,1,0,0
2017,4,1,13,59,59,39,0,0,0,20,0,0
2017,4,1,14,255,251,188,2,0,1,60,4,0
2017,4,1,15,650,646,415,5,0,0,226,4,0
2017,4,1,16,965,955,575,21,0,2,357,10,0
2017,4,1,17,1255,1246,671,68,0,3,504,9,0
2017,4,1,18,1423,1403,721,104,0,2,576,20,0
2017,4,1,19,1570,1558,770,124,0,2,662,12,0
2017,4,2,11,2,2,2,0,0,0,0,0,0
2017,4,2,12,13,13,9,1,0,0,3,0,0
2017,4,2,13,143,141,101,1,0,0,39,2,0
2017,4,2,14,625,614,427,6,0,1,180,11,0
2017,4,2,15,1361,1332,916,11,1,0,404,29,0
2017,4,2,16,2227,2182,1386,50,1,4,741,45,0
2017,4,2,17,2990,2933,1700,168,2,2,1061,57,0
2017,4,2,18,3202,3157,1783,298,2,3,1071,45,0
2017,4,2,19,3594,3547,1843,414,5,4,1281,47,0
2017,4,3,12,14,14,14,0,0,0,0,0,0
2017,4,3,13,86,85,79,0,0,0,6,1,0
2017,4,3,14,423,418,374,1,0,0,43,5,0
2017,4,3,15,1045,1037,920,5,0,0,112,8,0
2017,4,3,16,1872,1860,1566,55,0,1,238,12,0
2017,4,3,17,2917,2902,2277,224,1,3,397,15,0
2017,4,3,18,3342,3315,2414,351,1,7,542,27,0
2017,4,3,19,4085,4065,2805,596,1,8,655,20,0
2017,4,4,12,3,3,3,0,0,0,0,0,0
2017,4,4,13,36,35,33,1,0,0,1,1,0
2017,4,4,14,154,154,119,1,0,0,34,0,0
2017,4,4,15,346,345,246,3,0,0,96,1,0
2017,4,4,16,631,630,467,18,0,2,143,1,0
2017,4,4,17,930,923,607,54,0,1,261,7,0
2017,4,4,18,1161,1158,744,109,0,0,305,3,0
2017,4,4,19,1370,1365,819,202,1,3,340,5,0
2017,4,5,12,5,5,5,0,0,0,0,0,0
2017,4,5,13,34,34,30,1,0,0,3,0,0
2017,4,5,14,125,123,109,2,0,0,12,2,0
2017,4,5,15,280,276,225,4,0,0,47,4,0
2017,4,5,16,416,409,284,9,0,0,116,7,0
2017,4,5,17,688,675,450,48,0,0,177,13,0
2017,4,5,18,796,780,466,104,0,1,209,16,0
2017,4,5,19,937,917,538,130,1,1,247,20,0
2017,5,0,10,1,1,1,0,0,0,0,0,0
2017,5,0,11,7,7,7,0,0,0,0,0,0
2017,5,0,12,58,56,46,0,0,0,10,2,0
2017,5,0,13,350,340,280,1,0,1,58,10,0
2017,5,0,14,1524,1497,1193,11,0,0,293,27,0
2017,5,0,15,3826,3762,2898,29,0,1,834,64,0
2017,5,0,16,6511,6442,4511,199,1,2,1729,69,0
2017,5,0,17,8985,8907,5954,531,2,13,2407,78,0
2017,5,0,18,10504,10372,6481,1005,5,10,2871,132,0
2017,5,0,19,12098,11956,7179,1544,4,22,3207,142,0
2017,5,1,11,3,3,3,0,0,0,0,0,0
2017,5,1,12,12,12,10,0,0,0,2,0,0
2017,5,1,13,65,64,51,0,0,0,13,1,0
2017,5,1,14,279,275,209,1,0,0,65,4,0
2017,5,1,15,626,618,411,5,0,0,202,8,0
2017,5,1,16,998,987,597,18,0,1,371,11,0
2017,5,1,17,1306,1293,733,48,0,3,509,13,0
2017,5,1,18,1539,1518,793,104,1,1,619,21,0
2017,5,1,19,1595,1581,789,142,1,3,646,14,0
2017,5,2,10,1,1,1,0,0,0,0,0,0
2017,5,2,11,4,4,4,0,0,0,0,0,0
2017,5,2,12,30,28,23,0,0,0,5,2,0
2017,5,2,13,158,152,116,1,0,1,34,6,0
2017,5,2,14,608,592,421,7,0,0,164,16,0
2017,5,2,15,1451,1421,995,16,0,1,409,30,0
2017,5,2,16,2367,2331,1437,80,1,1,812,36,0
2017,5,2,17,3127,3086,1873,162,1,8,1042,41,0
2017,5,2,18,3421,3363,1873,310,2,4,1174,58,0
2017,5,2,19,3847,3773,2051,440,2,4,1276,74,0
2017,5,3,12,11,11,10,0,0,0,1,0,0
2017,5,3,13,81,81,74,0,0,0,7,0,0
2017,5,3,14,409,403,370,3,0,0,30,6,0
2017,5,3,15,1069,1054,943,4,0,0,107,15,0
2017,5,3,16,2030,2018,1652,67,0,0,299,12,0
2017,5,3,17,2908,2894,2278,201,0,0,415,14,0
2017,5,3,18,3508,3478,2542,369,1,3,563,30,0
2017,5,3,19,4188,4163,2863,600,1,11,688,25,0
2017,5,4,12,1,1,1,0,0,0,0,0,0
2017,5,4,13,19,17,14,0,0,0,3,2,0
2017,5,4,14,115,115,97,0,0,0,18,0,0
2017,5,4,15,379,374,293,4,0,0,77,5,0
2017,5,4,16,649,647,462,20,0,0,165,2,0
2017,5,4,17,1015,1012,673,65,0,0,274,3,0
2017,5,4,18,1229,1223,774,127,1,1,320,6,0
2017,5,4,19,1444,1437,892,181,0,1,363,7,0
2017,5,5,12,4,4,2,0,0,0,2,0,0
2017,5,5,13,27,26,25,0,0,0,1,1,0
2017,5,5,14,113,112,96,0,0,0,16,1,0
2017,5,5,15,301,295,256,0,0,0,39,6,0
2017,5,5,16,467,459,363,14,0,0,82,8,0
2017,5,5,17,629,622,397,55,1,2,167,7,0
2017,5,5,18,807,790,499,95,0,1,195,17,0
2017,5,5,19,1024,1002,584,181,0,3,234,22,0
2017,6,0,11,4,4,4,0,0,0,0,0,0
2017,6,0,12,43,42,31,1,0,0,10,1,0
2017,6,0,13,412,405,333,0,0,0,72,7,0
2017,6,0,14,1426,1402,1101,9,0,1,291,24,0
2017,6,0,15,3554,3508,2706,36,1,1,764,46,0
2017,6,0,16,6089,6010,4224,177,7,3,1599,79,0
2017,6,0,17,8467,8372,5582,513,3,8,2266,95,0
2017,6,0,18,9745,9628,5993,913,9,12,2701,117,0
2017,6,0,19,11545,11380,6872,1397,9,18,3084,165,0
2017,6,1,11,2,2,2,0,0,0,0,0,0
2017,6,1,12,12,12,7,1,0,0,4,0,0
2017,6,1,13,87,86,71,0,0,0,15,1,0
2017,6,1,14,261,260,189,2,0,0,69,1,0
2017,6,1,15,602,595,392,2,1,0,200,7,0
2017,6,1,16,968,959,575,18,2,1,363,9,0
2017,6,1,17,1301,1287,719,54,0,1,513,14,0
2017,6,1,18,1351,1339,678,89,0,4,568,12,0
2017,6,1,19,1504,1490,749,113,2,1,625,14,0
2017,6,2,11,1,1,1,0,0,0,0,0,0
2017,6,2,12,17,17,13,0,0,0,4,0,0
2017,6,2,13,164,159,123,0,0,0,36,5,0
2017,6,2,14,585,567,411,3,0,1,152,18,0
2017,6,2,15,1297,1267,898,17,0,0,352,30,0
2017,6,2,16,2254,2211,1364,68,4,1,774,43,0
2017,6,2,17,2879,2828,1721,154,3,4,946,51,0
2017,6,2,18,3289,3220,1806,287,8,4,1115,69,0
2017,6,2,19,3690,3598,1959,395,5,6,1233,92,0
2017,6,3,11,1,1,1,0,0,0,0,0,0
2017,6,3,12,5,5,4,0,0,0,1,0,0
2017,6,3,13,94,93,82,0,0,0,11,1,0
2017,6,3,14,358,354,313,1,0,0,40,4,0
2017,6,3,15,1049,1045,917,8,0,1,119,4,0
2017,6,3,16,1795,1780,1515,50,1,1,213,15,0
2017,6,3,17,2664,2643,2041,186,0,1,415,21,0
2017,6,3,18,3284,3260,2405,316,1,2,536,24,0
2017,6,3,19,4022,3986,2739,562,2,8,675,36,0
2017,6,4,12,3,2,2,0,0,0,0,1,0
2017,6,4,13,31,31,27,0,0,0,4,0,0
2017,6,4,14,136,136,115,2,0,0,19,0,0
2017,6,4,15,359,356,282,5,0,0,69,3,0
2017,6,4,16,671,667,491,28,0,0,148,4,0
2017,6,4,17,972,969,666,73,0,1,229,3,0
2017,6,4,18,1090,1083,672,127,0,1,283,7,0
2017,6,4,19,1384,1373,850,176,0,1,346,11,0
2017,6,5,12,6,6,5,0,0,0,1,0,0
2017,6,5,13,36,36,30,0,0,0,6,0,0
2017,6,5,14,86,85,73,1,0,0,11,1,0
2017,6,5,15,247,245,217,4,0,0,24,2,0
2017,6,5,16,401,393,279,13,0,0,101,8,0
2017,6,5,17,651,645,435,46,0,1,163,6,0
2017,6,5,18,731,726,432,94,0,1,199,5,0
2017,6,5,19,945,933,575,151,0,2,205,12,0
2017,7,0,11,10,10,8,1,0,0,1,0,0
2017,7,0,12,42,42,32,1,0,0,9,0,0
2017,7,0,13,399,397,331,1,0,0,65,2,0
2017,7,0,14,1440,1424,1098,11,0,1,314,16,0
2017,7,0,15,3503,3451,2647,34,0,0,770,52,0
2017,7,0,16,5875,5807,4098,177,1,7,1524,68,0
2017,7,0,17,8249,8167,5396,463,3,11,2294,82,0
2017,7,0,18,9591,9499,6078,867,6,9,2539,92,0
2017,7,0,19,11303,11185,6806,1380,7,17,2975,118,0
2017,7,1,11,4,4,4,0,0,0,0,0,0
2017,7,1,12,10,10,5,1,0,0,4,0,0
2017,7,1,13,85,84,75,0,0,0,9,1,0
2017,7,1,14,282,280,196,0,0,0,84,2,0
2017,7,1,15,615,601,399,5,0,0,197,14,0
2017,7,1,16,975,966,562,20,0,0,384,9,0
2017,7,1,17,1294,1277,697,51,2,1,526,17,0
2017,7,1,18,1377,1366,766,72,1,1,526,11,0
2017,7,1,19,1550,1527,758,121,0,3,645,23,0
2017,7,2,11,4,4,3,0,0,0,1,0,0
2017,7,2,12,21,21,17,0,0,0,4,0,0
2017,7,2,13,159,159,125,1,0,0,33,0,0
2017,7,2,14,583,572,406,9,0,1,156,11,0
2017,7,2,15,1241,1209,825,13,0,0,371,32,0
2017,7,2,16,2062,2025,1289,59,0,3,674,37,0
2017,7,2,17,2932,2894,1707,152,1,4,1030,38,0
2017,7,2,18,3071,3022,1707,233,2,1,1079,49,0
2017,7,2,19,3520,3472,1952,382,4,6,1128,48,0
2017,7,3,11,1,1,0,1,0,0,0,0,0
2017,7,3,12,7,7,6,0,0,0,1,0,0
2017,7,3,13,98,97,85,0,0,0,12,1,0
2017,7,3,14,354,352,314,0,0,0,38,2,0
2017,7,3,15,1022,1018,921,6,0,0,91,4,0
2017,7,3,16,1755,1738,1453,57,1,2,225,17,0
2017,7,3,17,2541,2523,1967,165,0,5,386,18,0
2017,7,3,18,3222,3204,2375,353,2,6,468,18,0
2017,7,3,19,3925,3897,2718,568,2,8,601,28,0
2017,7,4,11,1,1,1,0,0,0,0,0,0
2017,7,4,12,2,2,2,0,0,0,0,0,0
2017,7,4,13,23,23,20,0,0,0,3,0,0
2017,7,4,14,104,103,80,1,0,0,22,1,0
2017,7,4,15,327,327,258,8,0,0,61,0,0
2017,7,4,16,662,660,480,25,0,2,153,2,0
2017,7,4,17,898,895,631,53,0,0,211,3,0
2017,7,4,18,1162,1157,756,133,0,1,267,5,0
2017,7,4,19,1398,1390,872,167,1,0,350,8,0
2017,7,5,12,2,2,2,0,0,0,0,0,0
2017,7,5,13,34,34,26,0,0,0,8,0,0
2017,7,5,14,117,117,102,1,0,0,14,0,0
2017,7,5,15,298,296,244,2,0,0,50,2,0
2017,7,5,16,421,418,314,16,0,0,88,3,0
2017,7,5,17,584,578,394,42,0,1,141,6,0
2017,7,5,18,759,750,474,76,1,0,199,9,0
2017,7,5,19,910,899,506,142,0,0,251,11,0
2017,8,0,11,6,6,6,0,0,0,0,0,0
2017,8,0,12,54,53,44,0,0,0,9,1,0
2017,8,0,13,361,357,290,1,0,0,66,4,0
2017,8,0,14,1383,1357,1035,12,0,3,307,26,0
2017,8,0,15,3520,3479,2627,20,2,3,827,41,0
2017,8,0,16,5747,5677,4044,146,3,2,1482,70,0
2017,8,0,17,8090,8010,5404,446,4,5,2151,80,0
2017,8,0,18,9570,9474,6099,845,8,13,2509,96,0
2017,8,0,19,10813,10692,6538,1305,4,15,2830,121,0
2017,8,1,11,3,3,3,0,0,0,0,0,0
2017,8,1,12,14,14,11,0,0,0,3,0,0
2017,8,1,13,76,75,53,0,0,0,22,1,0
2017,8,1,14,274,270,186,2,0,1,81,4,0
2017,8,1,15,637,627,422,3,1,0,201,10,0
2017,8,1,16,973,958,596,19,0,1,342,15,0
2017,8,1,17,1265,1250,708,52,0,2,488,15,0
2017,8,1,18,1458,1438,747,82,2,2,605,20,0
2017,8,1,19,1456,1440,726,118,0,1,595,16,0
2017,8,2,11,1,1,1,0,0,0,0,0,0
2017,8,2,12,19,18,15,0,0,0,3,1,0
2017,8,2,13,141,139,105,0,0,0,34,2,0
2017,8,2,14,510,495,348,4,0,1,142,15,0
2017,8,2,15,1316,1291,881,8,1,2,399,25,0
2017,8,2,16,2090,2054,1306,42,2,1,703,36,0
2017,8,2,17,2833,2792,1706,129,1,1,955,41,0
2017,8,2,18,3153,3105,1810,268,4,5,1018,48,0
2017,8,2,19,3461,3402,1919,371,3,5,1104,59,0
2017,8,3,11,1,1,1,0,0,0,0,0,0
2017,8,3,12,10,10,10,0,0,0,0,0,0
2017,8,3,13,79,78,73,1,0,0,4,1,0
2017,8,3,14,363,357,306,3,0,1,47,6,0
2017,8,3,15,955,951,843,6,0,1,101,4,0
2017,8,3,16,1668,1659,1382,50,1,0,226,9,0
2017,8,3,17,2522,2508,1979,161,1,2,365,14,0
2017,8,3,18,3129,3109,2333,325,2,3,446,20,0
2017,8,3,19,3698,3671,2581,511,1,4,574,27,0
2017,8,4,12,6,6,6,0,0,0,0,0,0
2017,8,4,13,37,37,31,0,0,0,6,0,0
2017,8,4,14,131,130,105,1,0,0,24,1,0
2017,8,4,15,344,344,267,1,0,0,76,0,0
2017,8,4,16,575,574,432,20,0,0,122,1,0
2017,8,4,17,840,837,574,56,1,0,206,3,0
2017,8,4,18,1068,1066,739,85,0,1,241,2,0
2017,8,4,19,1276,1267,803,144,0,2,318,9,0
2017,8,5,11,1,1,1,0,0,0,0,0,0
2017,8,5,12,5,5,2,0,0,0,3,0,0
2017,8,5,13,28,28,28,0,0,0,0,0,0
2017,8,5,14,105,105,90,2,0,0,13,0,0
2017,8,5,15,268,266,214,2,0,0,50,2,0
2017,8,5,16,441,432,328,15,0,0,89,9,0
2017,8,5,17,630,623,437,48,1,0,137,7,0
2017,8,5,18,762,756,470,85,0,2,199,6,0
2017,8,5,19,922,912,509,161,0,3,239,10,0
2017,9,0,11,10,10,10,0,0,0,0,0,0
2017,9,0,12,54,54,47,2,0,0,5,0,0
2017,9,0,13,343,335,284,5,0,0,46,8,0
2017,9,0,14,1339,1316,1057,5,0,0,254,23,0
2017,9,0,15,3261,3211,2427,29,0,3,752,50,0
2017,9,0,16,5554,5502,3886,149,3,7,1457,52,0
2017,9,0,17,7763,7688,5203,436,5,4,2040,75,0
2017,9,0,18,9196,9079,5744,849,2,15,2469,117,0
2017,9,0,19,10738,10624,6397,1362,3,21,2841,114,0
2017,9,1,11,2,2,2,0,0,0,0,0,0
2017,9,1,12,13,13,11,0,0,0,2,0,0
2017,9,1,13,68,65,51,2,0,0,12,3,0
2017,9,1,14,285,280,204,3,0,0,73,5,0
2017,9,1,15,642,635,427,4,0,0,204,7,0
2017,9,1,16,994,980,572,29,0,2,377,14,0
2017,9,1,17,1313,1300,740,58,2,0,500,13,0
2017,9,1,18,1433,1414,752,89,0,3,570,19,0
2017,9,1,19,1595,1582,803,145,0,4,630,13,0
2017,9,2,11,7,7,7,0,0,0,0,0,0
2017,9,2,12,22,22,18,2,0,0,2,0,0
2017,9,2,13,137,133,108,1,0,0,24,4,0
2017,9,2,14,495,481,360,1,0,0,120,14,0
2017,9,2,15,1198,1172,804,14,0,1,353,26,0
2017,9,2,16,1937,1915,1220,46,1,2,646,22,0
2017,9,2,17,2691,2655,1617,145,3,2,888,36,0
2017,9,2,18,3113,3042,1787,273,0,6,976,71,0
2017,9,2,19,3394,3333,1805,404,1,4,1119,61,0
2017,9,3,12,14,14,13,0,0,0,1,0,0
2017,9,3,13,86,86,81,2,0,0,3,0,0
2017,9,3,14,330,328,303,0,0,0,25,2,0
2017,9,3,15,890,880,781,6,0,2,91,10,0
2017,9,3,16,1640,1631,1367,41,1,1,221,9,0
2017,9,3,17,2326,2312,1829,137,0,1,345,14,0
2017,9,3,18,2893,2878,2100,303,2,4,469,15,0
2017,9,3,19,3655,3626,2527,522,1,7,569,29,0
2017,9,4,12,1,1,1,0,0,0,0,0,0
2017,9,4,13,28,27,22,0,0,0,5,1,0
2017,9,4,14,125,125,102,0,0,0,23,0,0
2017,9,4,15,294,290,231,1,0,0,58,4,0
2017,9,4,16,563,560,421,22,1,1,115,3,0
2017,9,4,17,803,801,575,56,0,1,169,2,0
2017,9,4,18,1031,1024,656,109,0,0,259,7,0
2017,9,4,19,1234,1231,756,169,0,2,304,3,0
2017,9,5,11,1,1,1,0,0,0,0,0,0
2017,9,5,12,4,4,4,0,0,0,0,0,0
2017,9,5,13,24,24,22,0,0,0,2,0,0
2017,9,5,14,104,102,88,1,0,0,13,2,0
2017,9,5,15,237,234,184,4,0,0,46,3,0
2017,9,5,16,420,416,306,11,0,1,98,4,0
2017,9,5,17,630,620,442,40,0,0,138,10,0
2017,9,5,18,726,721,449,75,0,2,195,5,0
2017,9,5,19,860,852,506,122,1,4,219,8,0
2017,10,0,10,1,1,1,0,0,0,0,0,0
2017,10,0,11,4,4,3,0,0,0,1,0,0
2017,10,0,12,68,66,55,0,0,0,11,2,0
2017,10,0,13,322,317,256,2,0,0,59,5,0
2017,10,0,14,1305,1283,1027,8,0,1,247,22,0
2017,10,0,15,3155,3098,2347,27,2,0,722,57,0
2017,10,0,16,5345,5284,3737,157,3,1,1386,61,0
2017,10,0,17,7540,7454,4995,447,3,6,2003,86,0
2017,10,0,18,9095,8991,5638,828,7,12,2506,104,0
2017,10,0,19,10504,10392,6305,1323,3,21,2740,112,0
2017,10,1,11,2,2,1,0,0,0,1,0,0
2017,10,1,12,20,18,13,0,0,0,5,2,0
2017,10,1,13,75,74,61,1,0,0,12,1,0
2017,10,1,14,247,243,177,3,0,0,63,4,0
2017,10,1,15,609,602,416,6,0,0,180,7,0
2017,10,1,16,971,958,590,13,0,0,355,13,0
2017,10,1,17,1256,1241,702,49,2,2,486,15,0
2017,10,1,18,1455,1440,729,89,2,1,619,15,0
2017,10,1,19,1600,1584,788,139,1,2,654,16,0
2017,10,2,10,1,1,1,0,0,0,0,0,0
2017,10,2,11,1,1,1,0,0,0,0,0,0
2017,10,2,12,29,29,25,0,0,0,4,0,0
2017,10,2,13,120,117,82,1,0,0,34,3,0
2017,10,2,14,550,534,406,3,0,1,124,16,0
2017,10,2,15,1148,1119,763,14,2,0,340,29,0
2017,10,2,16,1943,1912,1235,52,2,0,623,31,0
2017,10,2,17,2726,2686,1640,147,1,2,896,40,0
2017,10,2,18,3030,2976,1698,243,2,3,1030,54,0
2017,10,2,19,3511,3446,1911,406,2,5,1122,65,0
2017,10,3,11,1,1,1,0,0,0,0,0,0
2017,10,3,12,7,7,6,0,0,0,1,0,0
2017,10,3,13,75,74,70,0,0,0,4,1,0
2017,10,3,14,313,312,287,1,0,0,24,1,0
2017,10,3,15,866,857,753,3,0,0,101,9,0
2017,10,3,16,1511,1501,1248,48,0,1,204,10,0
2017,10,3,17,2198,2178,1704,147,0,0,327,20,0
2017,10,3,18,2873,2854,2093,290,2,5,464,19,0
2017,10,3,19,3431,3411,2410,500,0,7,494,20,0
2017,10,4,12,7,7,7,0,0,0,0,0,0
2017,10,4,13,29,29,23,0,0,0,6,0,0
2017,10,4,14,97,97,73,0,0,0,24,0,0
2017,10,4,15,263,262,197,1,0,0,64,1,0
2017,10,4,16,501,498,356,21,1,0,120,3,0
2017,10,4,17,770,769,551,60,0,0,158,1,0
2017,10,4,18,1022,1018,668,121,1,3,225,4,0
2017,10,4,19,1107,1104,693,159,0,3,249,3,0
2017,10,5,12,5,5,4,0,0,0,1,0,0
2017,10,5,13,23,23,20,0,0,0,3,0,0
2017,10,5,14,98,97,84,1,0,0,12,1,0
2017,10,5,15,269,258,218,3,0,0,37,11,0
2017,10,5,16,419,415,308,23,0,0,84,4,0
2017,10,5,17,590,580,398,44,0,2,136,10,0
2017,10,5,18,715,703,450,85,0,0,168,12,0
2017,10,5,19,855,847,503,119,0,4,221,8,0
2017,11,0,10,1,0,0,0,0,0,0,1,0
2017,11,0,11,4,4,3,0,0,0,1,0,0
2017,11,0,12,47,45,37,0,0,0,8,2,0
2017,11,0,13,280,278,216,1,0,1,60,2,0
2017,11,0,14,1234,1216,962,12,0,0,242,18,0
2017,11,0,15,3082,3030,2308,26,2,1,693,52,0
2017,11,0,16,5155,5086,3592,131,0,7,1356,69,0
2017,11,0,17,7206,7144,4805,422,5,13,1899,62,0
2017,11,0,18,8803,8704,5532,823,8,14,2327,99,0
2017,11,0,19,10123,10008,6052,1292,11,15,2638,115,0
2017,11,1,10,1,0,0,0,0,0,0,1,0
2017,11,1,11,2,2,2,0,0,0,0,0,0
2017,11,1,12,11,10,8,0,0,0,2,1,0
2017,11,1,13,74,74,47,1,0,0,26,0,0
2017,11,1,14,246,241,171,3,0,0,67,5,0
2017,11,1,15,576,564,378,2,0,0,184,12,0
2017,11,1,16,861,851,515,9,0,0,327,10,0
2017,11,1,17,1192,1180,646,47,0,1,486,12,0
2017,11,1,18,1380,1369,709,90,0,1,569,11,0
2017,11,1,19,1512,1492,771,141,2,1,577,20,0
2017,11,2,11,1,1,0,0,0,0,1,0,0
2017,11,2,12,16,16,11,0,0,0,5,0,0
2017,11,2,13,106,104,80,0,0,0,24,2,0
2017,11,2,14,470,460,331,7,0,0,122,10,0
2017,11,2,15,1092,1067,731,16,2,1,317,25,0
2017,11,2,16,1873,1842,1161,50,0,4,627,31,0
2017,11,2,17,2521,2486,1527,141,3,8,807,35,0
2017,11,2,18,2863,2810,1621,234,4,5,946,53,0
2017,11,2,19,3143,3090,1713,339,4,4,1030,53,0
2017,11,3,12,13,13,12,0,0,0,1,0,0
2017,11,3,13,60,60,56,0,0,0,4,0,0
2017,11,3,14,315,313,288,2,0,0,23,2,0
2017,11,3,15,885,877,774,4,0,0,99,8,0
2017,11,3,16,1536,1523,1270,41,0,2,210,13,0
2017,11,3,17,2220,2212,1720,151,1,4,336,8,0
2017,11,3,18,2893,2868,2115,295,3,6,449,25,0
2017,11,3,19,3482,3452,2386,523,3,4,536,30,0
2017,11,4,12,1,1,1,0,0,0,0,0,0
2017,11,4,13,24,24,21,0,0,0,3,0,0
2017,11,4,14,110,110,90,0,0,0,20,0,0
2017,11,4,15,285,285,226,3,0,0,56,0,0
2017,11,4,16,480,473,350,17,0,0,106,7,0
2017,11,4,17,764,762,553,44,1,0,164,2,0
2017,11,4,18,954,949,626,119,1,0,203,5,0
2017,11,4,19,1130,1127,694,168,0,2,263,3,0
2017,11,5,11,1,1,1,0,0,0,0,0,0
2017,11,5,12,6,5,5,0,0,0,0,1,0
2017,11,5,13,16,16,12,0,0,1,3,0,0
2017,11,5,14,93,92,82,0,0,0,10,1,0
2017,11,5,15,244,237,199,1,0,0,37,7,0
2017,11,5,16,405,397,296,14,0,1,86,8,0
2017,11,5,17,509,504,359,39,0,0,106,5,0
2017,11,5,18,713,708,461,85,0,2,160,5,0
2017,11,5,19,856,847,488,121,2,4,232,9,0
2017,12,0,11,6,6,5,1,0,0,0,0,0
2017,12,0,12,35,35,27,1,0,0,7,0,0
2017,12,0,13,318,316,276,0,0,0,40,2,0
2017,12,0,14,1333,1317,1028,7,0,0,282,16,0
2017,12,0,15,3063,3018,2291,16,0,0,711,45,0
2017,12,0,16,5276,5228,3686,184,0,6,1352,48,0
2017,12,0,17,7160,7087,4829,418,3,8,1829,73,0
2017,12,0,18,8951,8861,5609,811,4,13,2424,90,0
2017,12,0,19,10284,10155,6171,1236,6,27,2715,129,0
2017,12,1,11,3,3,3,0,0,0,0,0,0
2017,12,1,12,8,8,4,0,0,0,4,0,0
2017,12,1,13,81,80,71,0,0,0,9,1,0
2017,12,1,14,282,280,200,2,0,0,78,2,0
2017,12,1,15,555,542,375,2,0,0,165,13,0
2017,12,1,16,863,855,517,24,0,1,313,8,0
2017,12,1,17,1134,1122,627,48,0,1,446,12,0
2017,12,1,18,1365,1358,698,86,0,0,574,7,0
2017,12,1,19,1475,1458,741,128,0,0,589,17,0
2017,12,2,11,1,1,1,0,0,0,0,0,0
2017,12,2,12,10,10,8,0,0,0,2,0,0
2017,12,2,13,112,112,91,0,0,0,21,0,0
2017,12,2,14,487,478,345,2,0,0,131,9,0
2017,12,2,15,1102,1085,754,9,0,0,322,17,0
2017,12,2,16,1906,1885,1178,65,0,1,641,21,0
2017,12,2,17,2459,2425,1500,150,2,3,770,34,0
2017,12,2,18,2929,2880,1656,246,4,7,967,49,0
2017,12,2,19,3168,3102,1699,335,2,4,1062,66,0
2017,12,3,11,1,1,1,0,0,0,0,0,0
2017,12,3,12,7,7,6,1,0,0,0,0,0
2017,12,3,13,83,82,78,0,0,0,4,1,0
2017,12,3,14,347,343,298,1,0,0,44,4,0
2017,12,3,15,895,886,769,2,0,0,115,9,0
2017,12,3,16,1583,1573,1324,48,0,3,198,10,0
2017,12,3,17,2281,2262,1805,131,1,3,322,19,0
2017,12,3,18,2983,2957,2168,316,0,1,472,26,0
2017,12,3,19,3571,3540,2465,493,1,18,563,31,0
2017,12,4,12,3,3,3,0,0,0,0,0,0
2017,12,4,13,19,19,17,0,0,0,2,0,0
2017,12,4,14,111,111,98,1,0,0,12,0,0
2017,12,4,15,259,256,187,2,0,0,67,3,0
2017,12,4,16,509,506,381,29,0,0,96,3,0
2017,12,4,17,738,735,516,51,0,0,168,3,0
2017,12,4,18,994,990,665,90,0,2,233,4,0
2017,12,4,19,1240,1237,785,149,1,2,300,3,0
2017,12,5,11,1,1,0,1,0,0,0,0,0
2017,12,5,12,7,7,6,0,0,0,1,0,0
2017,12,5,13,23,23,19,0,0,0,4,0,0
2017,12,5,14,106,105,87,1,0,0,17,1,0
2017,12,5,15,252,249,206,1,0,0,42,3,0
2017,12,5,16,415,409,286,18,0,1,104,6,0
2017,12,5,17,548,543,381,38,0,1,123,5,0
2017,12,5,18,680,676,422,73,0,3,178,4,0
2017,12,5,19,830,818,481,131,2,3,201,12,0
2018,1,0,11,5,5,5,0,0,0,0,0,0
2018,1,0,12,46,45,35,0,0,0,10,1,0
2018,1,0,13,347,344,277,1,0,0,66,3,0
2018,1,0,14,1322,1311,1015,8,0,0,288,11,0
2018,1,0,15,3244,3198,2449,29,0,0,720,46,0
2018,1,0,16,5472,5416,3900,153,0,8,1355,56,0
2018,1,0,17,7662,7598,5284,410,4,12,1888,64,0
2018,1,0,18,9470,9366,6010,884,5,13,2454,104,0
2018,1,0,19,10776,10664,6517,1405,6,18,2718,112,0
2018,1,1,12,20,20,14,0,0,0,6,0,0
2018,1,1,13,79,78,65,0,0,0,13,1,0
2018,1,1,14,234,233,156,3,0,0,74,1,0
2018,1,1,15,593,581,384,5,0,0,192,12,0
2018,1,1,16,897,887,565,20,0,1,301,10,0
2018,1,1,17,1138,1124,657,46,0,1,420,14,0
2018,1,1,18,1354,1342,736,92,0,1,513,12,0
2018,1,1,19,1473,1464,750,145,0,1,568,9,0
2018,1,2,11,3,3,3,0,0,0,0,0,0
2018,1,2,12,14,14,11,0,0,0,3,0,0
2018,1,2,13,135,133,92,1,0,0,40,2,0
2018,1,2,14,496,488,347,3,0,0,138,8,0
2018,1,2,15,1126,1101,774,7,0,0,320,25,0
2018,1,2,16,1893,1865,1196,57,0,5,607,28,0
2018,1,2,17,2542,2513,1563,130,2,4,814,29,0
2018,1,2,18,3049,2990,1720,230,3,4,1033,59,0
2018,1,2,19,3368,3311,1859,365,4,4,1079,57,0
2018,1,3,11,2,2,2,0,0,0,0,0,0
2018,1,3,12,7,7,7,0,0,0,0,0,0
2018,1,3,13,77,77,73,0,0,0,4,0,0
2018,1,3,14,370,369,329,0,0,0,40,1,0
2018,1,3,15,1015,1009,876,13,0,0,120,6,0
2018,1,3,16,1698,1689,1418,51,0,1,219,9,0
2018,1,3,17,2559,2545,2033,152,0,5,355,14,0
2018,1,3,18,3241,3217,2360,362,2,5,488,24,0
2018,1,3,19,3795,3765,2596,576,2,8,583,30,0
2018,1,4,12,4,4,3,0,0,0,1,0,0
2018,1,4,13,28,28,24,0,0,0,4,0,0
2018,1,4,14,109,109,86,1,0,0,22,0,0
2018,1,4,15,302,301,234,4,0,0,63,1,0
2018,1,4,16,556,551,406,15,0,1,129,5,0
2018,1,4,17,827,824,585,51,0,0,188,3,0
2018,1,4,18,1120,1117,760,115,0,0,242,3,0
2018,1,4,19,1318,1307,835,198,0,3,271,11,0
2018,1,5,12,1,0,0,0,0,0,0,1,0
2018,1,5,13,28,28,23,0,0,0,5,0,0
2018,1,5,14,113,112,97,1,0,0,14,1,0
2018,1,5,15,208,206,181,0,0,0,25,2,0
2018,1,5,16,428,424,315,10,0,0,99,4,0
2018,1,5,17,596,592,446,31,2,2,111,4,0
2018,1,5,18,706,700,434,85,0,3,178,6,0
2018,1,5,19,822,817,477,121,0,2,217,5,0
2018,2,0,11,7,7,6,0,0,0,1,0,0
2018,2,0,12,36,36,29,1,0,0,6,0,0
2018,2,0,13,287,283,222,2,0,0,59,4,0
2018,2,0,14,1253,1239,967,10,0,0,262,14,0
2018,2,0,15,3037,2985,2272,25,2,0,686,52,0
2018,2,0,16,5208,5152,3662,158,0,0,1332,56,0
2018,2,0,17,6964,6880,4682,374,5,6,1813,84,0
2018,2,0,18,8613,8522,5466,782,3,16,2255,91,0
2018,2,0,19,9654,9552,5858,1209,5,14,2466,102,0
2018,2,1,11,3,3,3,0,0,0,0,0,0
2018,2,1,12,11,11,9,0,0,0,2,0,0
2018,2,1,13,59,58,43,1,0,0,14,1,0
2018,2,1,14,231,229,156,2,0,0,71,2,0
2018,2,1,15,502,494,320,5,0,0,169,8,0
2018,2,1,16,854,843,502,15,0,0,326,11,0
2018,2,1,17,1067,1057,607,45,0,1,404,10,0
2018,2,1,18,1225,1211,686,75,0,2,448,14,0
2018,2,1,19,1265,1255,649,100,0,2,504,10,0
2018,2,2,11,2,2,1,0,0,0,1,0,0
2018,2,2,12,18,18,14,1,0,0,3,0,0
2018,2,2,13,118,117,81,0,0,0,36,1,0
2018,2,2,14,470,463,335,3,0,0,125,7,0
2018,2,2,15,1110,1085,778,7,2,0,298,25,0
2018,2,2,16,1826,1800,1165,56,0,0,579,26,0
2018,2,2,17,2320,2283,1408,118,2,2,753,37,0
2018,2,2,18,2777,2728,1625,204,2,9,888,49,0
2018,2,2,19,3017,2959,1679,322,2,1,955,58,0
2018,2,3,11,1,1,1,0,0,0,0,0,0
2018,2,3,12,1,1,1,0,0,0,0,0,0
2018,2,3,13,79,79,75,1,0,0,3,0,0
2018,2,3,14,349,345,307,2,0,0,36,4,0
2018,2,3,15,897,888,780,7,0,0,101,9,0
2018,2,3,16,1607,1594,1332,55,0,0,207,13,0
2018,2,3,17,2334,2309,1825,139,1,3,341,25,0
2018,2,3,18,2955,2934,2139,314,1,1,479,21,0
2018,2,3,19,3410,3391,2349,504,1,7,530,19,0
2018,2,4,12,3,3,2,0,0,0,1,0,0
2018,2,4,13,13,11,9,0,0,0,2,2,0
2018,2,4,14,105,105,87,0,0,0,18,0,0
2018,2,4,15,297,289,216,5,0,0,68,8,0
2018,2,4,16,496,494,367,19,0,0,108,2,0
2018,2,4,17,746,740,514,43,2,0,181,6,0
2018,2,4,18,970,965,618,109,0,1,237,5,0
2018,2,4,19,1156,1150,707,158,2,1,282,6,0
2018,2,5,11,1,1,1,0,0,0,0,0,0
2018,2,5,12,3,3,3,0,0,0,0,0,0
2018,2,5,13,18,18,14,0,0,0,4,0,0
2018,2,5,14,98,97,82,3,0,0,12,1,0
2018,2,5,15,231,229,178,1,0,0,50,2,0
2018,2,5,16,425,421,296,13,0,0,112,4,0
2018,2,5,17,497,491,328,29,0,0,134,6,0
2018,2,5,18,686,684,398,80,0,3,203,2,0
2018,2,5,19,806,797,474,125,0,3,195,9,0
2018,3,0,11,3,3,3,0,0,0,0,0,0
2018,3,0,12,58,56,46,1,0,0,9,2,0
2018,3,0,13,350,347,283,2,0,0,62,3,0
2018,3,0,14,1441,1428,1167,9,0,0,252,13,0
2018,3,0,15,3397,3356,2572,20,2,3,759,41,0
2018,3,0,16,5843,5771,4157,162,1,5,1446,72,0
2018,3,0,17,7908,7817,5344,447,2,4,2020,91,0
2018,3,0,18,9984,9890,6420,871,4,12,2583,94,0
2018,3,0,19,11305,11168,6941,1423,8,17,2779,137,0
2018,3,1,11,1,1,1,0,0,0,0,0,0
2018,3,1,12,14,14,13,0,0,0,1,0,0
2018,3,1,13,61,61,51,0,0,0,10,0,0
2018,3,1,14,275,271,201,3,0,0,67,4,0
2018,3,1,15,563,559,353,0,0,0,206,4,0
2018,3,1,16,906,891,540,13,0,0,338,15,0
2018,3,1,17,1130,1120,632,51,0,0,437,10,0
2018,3,1,18,1441,1427,794,81,1,2,549,14,0
2018,3,1,19,1433,1415,771,113,2,1,528,18,0
2018,3,2,11,1,1,1,0,0,0,0,0,0
2018,3,2,12,24,23,17,0,0,0,6,1,0
2018,3,2,13,143,140,103,1,0,0,36,3,0
2018,3,2,14,544,538,417,3,0,0,118,6,0
2018,3,2,15,1241,1219,879,4,2,2,332,22,0
2018,3,2,16,2086,2049,1363,64,0,0,622,37,0
2018,3,2,17,2715,2672,1692,137,1,1,841,43,0
2018,3,2,18,3288,3240,1933,257,1,5,1044,48,0
2018,3,2,19,3638,3567,2028,429,4,5,1101,71,0
2018,3,3,12,10,9,8,1,0,0,0,1,0
2018,3,3,13,89,89,84,0,0,0,5,0,0
2018,3,3,14,386,385,357,0,0,0,28,1,0
2018,3,3,15,997,990,866,10,0,1,113,7,0
2018,3,3,16,1807,1795,1497,55,0,4,239,12,0
2018,3,3,17,2580,2558,2007,169,1,2,379,22,0
2018,3,3,18,3322,3301,2424,339,1,2,535,21,0
2018,3,3,19,4000,3975,2804,567,2,6,596,25,0
2018,3,4,11,1,1,1,0,0,0,0,0,0
2018,3,4,12,4,4,3,0,0,0,1,0,0
2018,3,4,13,27,27,23,0,0,0,4,0,0
2018,3,4,14,120,119,95,1,0,0,23,1,0
2018,3,4,15,321,317,251,3,0,0,63,4,0
2018,3,4,16,543,540,396,15,1,1,127,3,0
2018,3,4,17,851,843,603,44,0,0,196,8,0
2018,3,4,18,1121,1117,745,111,0,2,259,4,0
2018,3,4,19,1292,1282,799,182,0,2,299,10,0
2018,3,5,12,6,6,5,0,0,0,1,0,0
2018,3,5,13,30,30,22,1,0,0,7,0,0
2018,3,5,14,116,115,97,2,0,0,16,1,0
2018,3,5,15,275,271,223,3,0,0,45,4,0
2018,3,5,16,501,496,361,15,0,0,120,5,0
2018,3,5,17,632,624,410,46,0,1,167,8,0
2018,3,5,18,812,805,524,83,1,1,196,7,0
2018,3,5,19,942,929,539,132,0,3,255,13,0
2018,4,0,11,5,5,4,0,0,0,1,0,0
2018,4,0,12,47,47,40,0,0,0,7,0,0
2018,4,0,13,369,363,308,2,0,0,53,6,0
2018,4,0,14,1497,1478,1168,7,0,0,303,19,0
2018,4,0,15,3417,3369,2574,30,0,5,760,48,0
2018,4,0,16,5887,5832,4173,169,2,6,1482,55,0
2018,4,0,17,7975,7876,5422,442,2,7,2003,99,0
2018,4,0,18,10111,10015,6522,831,4,12,2646,96,0
2018,4,0,19,11159,11038,6770,1379,4,22,2863,121,0
2018,4,1,11,1,1,0,0,0,0,1,0,0
2018,4,1,12,12,12,10,0,0,0,2,0,0
2018,4,1,13,74,72,56,0,0,0,16,2,0
2018,4,1,14,271,269,188,3,0,0,78,2,0
2018,4,1,15,614,606,399,5,0,1,201,8,0
2018,4,1,16,1002,995,605,26,2,1,361,7,0
2018,4,1,17,1221,1205,706,42,0,0,457,16,0
2018,4,1,18,1488,1476,803,89,0,1,583,12,0
2018,4,1,19,1575,1562,818,126,1,2,615,13,0
2018,4,2,11,3,3,3,0,0,0,0,0,0
2018,4,2,12,17,17,12,0,0,0,5,0,0
2018,4,2,13,143,142,117,2,0,0,23,1,0
2018,4,2,14,564,554,416,1,0,0,137,10,0
2018,4,2,15,1263,1240,892,12,0,3,333,23,0
2018,4,2,16,2154,2124,1413,66,0,4,641,30,0
2018,4,2,17,2750,2697,1712,147,1,3,834,53,0
2018,4,2,18,3299,3247,1959,253,3,5,1027,52,0
2018,4,2,19,3515,3456,1963,411,1,9,1072,59,0
2018,4,3,11,1,1,1,0,0,0,0,0,0
2018,4,3,12,9,9,9,0,0,0,0,0,0
2018,4,3,13,93,91,85,0,0,0,6,2,0
2018,4,3,14,421,416,370,1,0,0,45,5,0
2018,4,3,15,971,961,848,5,0,1,107,10,0
2018,4,3,16,1691,1677,1414,41,0,0,222,14,0
2018,4,3,17,2501,2482,1960,149,1,3,369,19,0
2018,4,3,18,3354,3331,2455,321,0,5,550,23,0
2018,4,3,19,3787,3756,2600,543,1,7,605,31,0
2018,4,4,12,3,3,3,0,0,0,0,0,0
2018,4,4,13,27,27,24,0,0,0,3,0,0
2018,4,4,14,116,115,94,0,0,0,21,1,0
2018,4,4,15,317,315,241,3,0,0,71,2,0
2018,4,4,16,594,593,422,25,0,0,146,1,0
2018,4,4,17,833,827,572,59,0,0,196,6,0
2018,4,4,18,1170,1167,790,100,1,0,276,3,0
2018,4,4,19,1345,1337,838,166,0,0,333,8,0
2018,4,5,12,6,6,6,0,0,0,0,0,0
2018,4,5,13,32,31,26,0,0,0,5,1,0
2018,4,5,14,125,124,100,2,0,0,22,1,0
2018,4,5,15,252,247,194,5,0,0,48,5,0
2018,4,5,16,446,443,319,11,0,1,112,3,0
2018,4,5,17,670,665,472,45,0,1,147,5,0
2018,4,5,18,800,794,515,68,0,1,210,6,0
2018,4,5,19,937,927,551,133,1,4,238,10,0
2018,5,0,11,7,7,6,1,0,0,0,0,0
2018,5,0,12,70,69,59,0,0,0,10,1,0
2018,5,0,13,399,391,323,3,0,0,65,8,0
2018,5,0,14,1442,1418,1100,8,1,0,309,24,0
2018,5,0,15,3495,3449,2685,23,1,0,740,46,0
2018,5,0,16,5947,5880,4214,140,0,7,1519,67,0
2018,5,0,17,8150,8062,5612,437,6,3,2004,88,0
2018,5,0,18,9962,9844,6354,838,6,14,2632,118,0
2018,5,0,19,11799,11654,7234,1479,4,26,2911,145,0
2018,5,1,11,3,3,3,0,0,0,0,0,0
2018,5,1,12,21,21,18,0,0,0,3,0,0
2018,5,1,13,80,80,56,1,0,0,23,0,0
2018,5,1,14,277,275,182,1,1,0,91,2,0
2018,5,1,15,594,588,399,9,0,0,180,6,0
2018,5,1,16,983,976,582,19,0,0,375,7,0
2018,5,1,17,1227,1215,686,43,2,1,483,12,0
2018,5,1,18,1505,1486,821,75,0,1,589,19,0
2018,5,1,19,1564,1554,815,146,2,1,590,10,0
2018,5,2,11,1,1,1,0,0,0,0,0,0
2018,5,2,12,26,25,18,0,0,0,7,1,0
2018,5,2,13,161,156,128,1,0,0,27,5,0
2018,5,2,14,568,554,405,5,0,0,144,14,0
2018,5,2,15,1358,1332,978,6,1,0,347,26,0
2018,5,2,16,2152,2113,1417,54,0,2,640,39,0
2018,5,2,17,2942,2894,1908,152,4,0,830,48,0
2018,5,2,18,3329,3267,1983,241,2,4,1037,62,0
2018,5,2,19,3760,3680,2125,441,1,12,1101,80,0
2018,5,3,11,1,1,1,0,0,0,0,0,0
2018,5,3,12,15,15,15,0,0,0,0,0,0
2018,5,3,13,92,91,86,0,0,0,5,1,0
2018,5,3,14,372,367,326,1,0,0,40,5,0
2018,5,3,15,928,919,812,2,0,0,105,9,0
2018,5,3,16,1786,1775,1474,41,0,1,259,11,0
2018,5,3,17,2538,2519,2002,152,0,1,364,19,0
2018,5,3,18,3179,3156,2296,337,3,5,515,23,0
2018,5,3,19,4115,4090,2851,576,0,7,656,25,0
2018,5,4,12,4,4,4,0,0,0,0,0,0
2018,5,4,13,36,35,28,1,0,0,6,1,0
2018,5,4,14,120,119,95,0,0,0,24,1,0
2018,5,4,15,333,331,270,2,0,0,59,2,0
2018,5,4,16,559,558,398,18,0,1,141,1,0
2018,5,4,17,834,832,582,53,0,0,197,2,0
2018,5,4,18,1112,1108,718,110,1,3,276,4,0
2018,5,4,19,1396,1386,856,186,0,5,339,10,0
2018,5,5,11,2,2,1,1,0,0,0,0,0
2018,5,5,12,4,4,4,0,0,0,0,0,0
2018,5,5,13,30,29,25,0,0,0,4,1,0
2018,5,5,14,105,103,92,1,0,0,10,2,0
2018,5,5,15,282,279,226,4,0,0,49,3,0
2018,5,5,16,467,458,343,8,0,3,104,9,0
2018,5,5,17,609,602,434,37,0,1,130,7,0
2018,5,5,18,837,827,536,75,0,1,215,10,0
2018,5,5,19,964,944,587,130,1,1,225,20,0
2018,6,0,11,12,12,8,0,0,0,4,0,0
2018,6,0,12,51,50,45,1,0,0,4,1,0
2018,6,0,13,339,331,269,1,0,0,61,8,0
2018,6,0,14,1395,1375,1075,15,0,1,284,20,0
2018,6,0,15,3306,3270,2509,21,0,1,739,36,0
2018,6,0,16,5475,5408,3935,136,2,4,1331,67,0
2018,6,0,17,7415,7323,5078,414,3,5,1823,92,0
2018,6,0,18,9552,9436,6187,841,3,10,2395,116,0
2018,6,0,19,10592,10473,6554,1264,9,24,2622,119,0
2018,6,1,11,5,5,3,0,0,0,2,0,0
2018,6,1,12,17,16,12,1,0,0,3,1,0
2018,6,1,13,81,80,66,0,0,0,14,1,0
2018,6,1,14,288,286,199,4,0,0,83,2,0
2018,6,1,15,577,569,370,4,0,0,195,8,0
2018,6,1,16,934,924,561,14,1,1,347,10,0
2018,6,1,17,1192,1177,679,43,2,0,453,15,0
2018,6,1,18,1443,1430,767,103,0,1,559,13,0
2018,6,1,19,1458,1447,743,122,0,5,577,11,0
2018,6,2,11,4,4,3,0,0,0,1,0,0
2018,6,2,12,17,17,16,0,0,0,1,0,0
2018,6,2,13,138,134,97,0,0,0,37,4,0
2018,6,2,14,548,532,389,7,0,1,135,16,0
2018,6,2,15,1190,1174,837,8,0,1,328,16,0
2018,6,2,16,1975,1946,1342,48,1,1,554,29,0
2018,6,2,17,2566,2513,1645,124,0,3,741,53,0
2018,6,2,18,3264,3194,1950,254,2,2,986,70,0
2018,6,2,19,3345,3278,1923,368,7,6,974,67,0
2018,6,3,11,1,1,0,0,0,0,1,0,0
2018,6,3,12,12,12,12,0,0,0,0,0,0
2018,6,3,13,74,74,70,0,0,0,4,0,0
2018,6,3,14,355,355,325,2,0,0,28,0,0
2018,6,3,15,944,936,827,5,0,0,104,8,0
2018,6,3,16,1564,1548,1298,50,0,1,199,16,0
2018,6,3,17,2302,2290,1815,166,1,1,307,12,0
2018,6,3,18,3096,3076,2319,322,1,2,432,20,0
2018,6,3,19,3702,3680,2573,508,0,6,593,22,0
2018,6,4,12,2,2,2,0,0,0,0,0,0
2018,6,4,13,22,21,17,0,0,0,4,1,0
2018,6,4,14,108,108,83,1,0,0,24,0,0
2018,6,4,15,329,328,260,4,0,0,64,1,0
2018,6,4,16,561,558,404,17,0,1,136,3,0
2018,6,4,17,797,791,547,45,0,0,199,6,0
2018,6,4,18,1044,1041,693,97,0,2,249,3,0
2018,6,4,19,1239,1236,784,161,1,3,287,3,0
2018,6,5,11,2,2,2,0,0,0,0,0,0
2018,6,5,12,3,3,3,0,0,0,0,0,0
2018,6,5,13,24,22,19,1,0,0,2,2,0
2018,6,5,14,96,94,79,1,0,0,14,2,0
2018,6,5,15,266,263,215,0,0,0,48,3,0
2018,6,5,16,441,432,330,7,0,0,95,9,0
2018,6,5,17,558,552,392,36,0,1,123,6,0
2018,6,5,18,705,695,458,65,0,3,169,10,0
2018,6,5,19,848,832,531,105,1,4,191,16,0
2018,7,0,11,7,7,5,0,0,0,2,0,0
2018,7,0,12,47,46,38,1,0,0,7,1,0
2018,7,0,13,353,347,287,1,1,0,58,6,0
2018,7,0,14,1414,1398,1111,2,1,1,283,16,0
2018,7,0,15,3267,3236,2484,23,1,0,728,31,0
2018,7,0,16,5668,5613,4056,133,3,3,1418,55,0
2018,7,0,17,7407,7334,5131,391,1,10,1801,73,0
2018,7,0,18,9407,9309,6106,783,5,7,2408,98,0
2018,7,0,19,10709,10625,6574,1286,5,21,2739,84,0
2018,7,1,11,6,6,4,0,0,0,2,0,0
2018,7,1,12,20,19,16,1,0,0,2,1,0
2018,7,1,13,71,71,59,0,0,0,12,0,0
2018,7,1,14,294,292,207,0,0,1,84,2,0
2018,7,1,15,622,617,403,4,0,0,210,5,0
2018,7,1,16,971,960,577,15,2,0,366,11,0
2018,7,1,17,1257,1242,736,42,0,2,462,15,0
2018,7,1,18,1464,1445,811,75,0,0,559,19,0
2018,7,1,19,1551,1542,803,116,3,2,618,9,0
2018,7,2,12,16,16,12,0,0,0,4,0,0
2018,7,2,13,153,148,113,1,1,0,33,5,0
2018,7,2,14,541,532,393,0,1,0,138,9,0
2018,7,2,15,1237,1219,887,14,1,0,317,18,0
2018,7,2,16,2066,2040,1365,53,0,2,620,26,0
2018,7,2,17,2601,2563,1671,135,1,2,754,38,0
2018,7,2,18,3195,3143,1927,244,2,3,967,52,0
2018,7,2,19,3356,3315,1930,346,2,3,1034,41,0
2018,7,3,12,5,5,5,0,0,0,0,0,0
2018,7,3,13,81,81,74,0,0,0,7,0,0
2018,7,3,14,366,363,333,1,0,0,29,3,0
2018,7,3,15,859,853,751,3,0,0,99,6,0
2018,7,3,16,1621,1611,1363,43,0,0,205,10,0
2018,7,3,17,2243,2232,1811,133,0,4,284,11,0
2018,7,3,18,2968,2951,2201,280,2,2,466,17,0
2018,7,3,19,3594,3576,2458,534,0,11,573,18,0
2018,7,4,11,1,1,1,0,0,0,0,0,0
2018,7,4,12,1,1,1,0,0,0,0,0,0
2018,7,4,13,21,20,17,0,0,0,3,1,0
2018,7,4,14,118,116,91,1,0,0,24,2,0
2018,7,4,15,322,322,251,2,0,0,69,0,0
2018,7,4,16,584,581,437,14,0,1,129,3,0
2018,7,4,17,746,743,515,40,0,0,188,3,0
2018,7,4,18,1072,1068,697,108,1,1,261,4,0
2018,7,4,19,1283,1280,824,153,0,1,302,3,0
2018,7,5,12,5,5,4,0,0,0,1,0,0
2018,7,5,13,27,27,24,0,0,0,3,0,0
2018,7,5,14,95,95,87,0,0,0,8,0,0
2018,7,5,15,227,225,192,0,0,0,33,2,0
2018,7,5,16,426,421,314,8,1,0,98,5,0
2018,7,5,17,560,554,398,41,0,2,113,6,0
2018,7,5,18,708,702,470,76,0,1,155,6,0
2018,7,5,19,925,912,559,137,0,4,212,13,0
2018,8,0,10,1,1,1,0,0,0,0,0,0
2018,8,0,11,7,7,7,0,0,0,0,0,0
2018,8,0,12,51,51,45,0,0,0,6,0,0
2018,8,0,13,329,329,280,3,0,0,46,0,0
2018,8,0,14,1365,1340,1062,11,0,0,267,25,0
2018,8,0,15,3350,3314,2553,21,0,2,738,36,0
2018,8,0,16,5506,5437,3927,134,3,4,1369,69,0
2018,8,0,17,7296,7229,5035,397,2,4,1791,67,0
2018,8,0,18,9324,9222,5923,797,3,16,2483,102,0
2018,8,0,19,10570,10446,6560,1221,8,15,2642,124,0
2018,8,1,11,1,1,1,0,0,0,0,0,0
2018,8,1,12,15,15,13,0,0,0,2,0,0
2018,8,1,13,78,78,65,0,0,0,13,0,0
2018,8,1,14,298,292,211,2,0,0,79,6,0
2018,8,1,15,624,620,403,6,0,0,211,4,0
2018,8,1,16,958,943,567,16,0,0,360,15,0
2018,8,1,17,1197,1183,679,53,1,0,450,14,0
2018,8,1,18,1469,1449,762,74,0,3,610,20,0
2018,8,1,19,1523,1506,798,124,0,1,583,17,0
2018,8,2,10,1,1,1,0,0,0,0,0,0
2018,8,2,11,4,4,4,0,0,0,0,0,0
2018,8,2,12,20,20,16,0,0,0,4,0,0
2018,8,2,13,152,152,125,1,0,0,26,0,0
2018,8,2,14,502,493,362,4,0,0,127,9,0
2018,8,2,15,1257,1237,878,8,0,2,349,20,0
2018,8,2,16,1999,1968,1314,51,2,2,599,31,0
2018,8,2,17,2535,2506,1626,130,1,3,746,29,0
2018,8,2,18,3145,3089,1830,246,2,6,1005,56,0
2018,8,2,19,3336,3279,1929,341,4,4,1001,57,0
2018,8,3,12,11,11,11,0,0,0,0,0,0
2018,8,3,13,55,55,51,1,0,0,3,0,0
2018,8,3,14,353,350,323,2,0,0,25,3,0
2018,8,3,15,918,910,826,4,0,0,80,8,0
2018,8,3,16,1559,1546,1317,37,0,0,192,13,0
2018,8,3,17,2188,2174,1764,121,0,0,289,14,0
2018,8,3,18,2951,2933,2170,306,1,6,450,18,0
2018,8,3,19,3546,3509,2467,492,2,7,541,37,0
2018,8,4,11,2,2,2,0,0,0,0,0,0
2018,8,4,13,19,19,19,0,0,0,0,0,0
2018,8,4,14,119,118,96,0,0,0,22,1,0
2018,8,4,15,300,298,238,1,0,0,59,2,0
2018,8,4,16,547,544,411,15,0,2,116,3,0
2018,8,4,17,765,764,518,50,0,1,195,1,0
2018,8,4,18,1000,996,674,86,0,0,236,4,0
2018,8,4,19,1288,1282,800,154,1,0,327,6,0
2018,8,5,12,5,5,5,0,0,0,0,0,0
2018,8,5,13,25,25,20,1,0,0,4,0,0
2018,8,5,14,93,87,70,3,0,0,14,6,0
2018,8,5,15,251,249,208,2,0,0,39,2,0
2018,8,5,16,443,436,318,15,1,0,102,7,0
2018,8,5,17,611,602,448,43,0,0,111,9,0
2018,8,5,18,759,755,487,85,0,1,182,4,0
2018,8,5,19,877,870,566,110,1,3,190,7,0
2018,9,0,11,8,8,4,1,0,0,3,0,0
2018,9,0,12,49,49,40,0,0,0,9,0,0
2018,9,0,13,360,356,296,2,0,0,58,4,0
2018,9,0,14,1322,1305,1061,13,0,1,230,17,0
2018,9,0,15,3092,3045,2331,31,1,1,681,47,0
2018,9,0,16,5267,5214,3767,132,2,8,1305,53,0
2018,9,0,17,7071,6991,4861,373,5,4,1748,80,0
2018,9,0,18,8993,8898,5859,760,3,11,2265,95,0
2018,9,0,19,10301,10194,6469,1184,7,18,2516,107,0
2018,9,1,11,3,3,2,0,0,0,1,0,0
2018,9,1,12,19,19,14,0,0,0,5,0,0
2018,9,1,13,80,79,64,1,0,0,14,1,0
2018,9,1,14,263,259,201,4,0,0,54,4,0
2018,9,1,15,612,604,388,7,0,0,209,8,0
2018,9,1,16,1031,1024,657,21,0,3,343,7,0
2018,9,1,17,1272,1259,722,53,1,0,483,13,0
2018,9,1,18,1520,1504,830,89,1,1,583,16,0
2018,9,1,19,1545,1530,829,140,0,0,561,15,0
2018,9,2,11,5,5,2,1,0,0,2,0,0
2018,9,2,12,19,19,16,0,0,0,3,0,0
2018,9,2,13,167,164,128,0,0,0,36,3,0
2018,9,2,14,509,500,374,3,0,1,122,9,0
2018,9,2,15,1176,1146,829,10,1,1,305,30,0
2018,9,2,16,1908,1877,1255,44,0,3,575,31,0
2018,9,2,17,2474,2423,1567,127,2,3,724,51,0
2018,9,2,18,2994,2947,1848,235,1,3,860,47,0
2018,9,2,19,3270,3217,1918,331,4,9,955,53,0
2018,9,3,12,8,8,8,0,0,0,0,0,0
2018,9,3,13,57,57,53,0,0,0,4,0,0
2018,9,3,14,332,330,301,3,0,0,26,2,0
2018,9,3,15,781,775,690,7,0,0,78,6,0
2018,9,3,16,1470,1463,1207,45,0,0,211,7,0
2018,9,3,17,2048,2038,1675,110,2,1,250,10,0
2018,9,3,18,2720,2705,2004,260,1,2,438,15,0
2018,9,3,19,3490,3468,2466,462,0,9,531,22,0
2018,9,4,12,1,1,1,0,0,0,0,0,0
2018,9,4,13,28,28,25,0,0,0,3,0,0
2018,9,4,14,117,117,97,0,0,0,20,0,0
2018,9,4,15,264,264,199,2,0,0,63,0,0
2018,9,4,16,469,465,351,14,2,0,98,4,0
2018,9,4,17,726,723,498,39,0,0,186,3,0
2018,9,4,18,976,971,663,97,0,2,209,5,0
2018,9,4,19,1174,1166,736,147,1,0,282,8,0
2018,9,5,12,2,2,1,0,0,0,1,0,0
2018,9,5,13,28,28,26,1,0,0,1,0,0
2018,9,5,14,101,99,88,3,0,0,8,2,0
2018,9,5,15,259,256,225,5,0,0,26,3,0
2018,9,5,16,389,385,297,8,0,2,78,4,0
2018,9,5,17,551,548,399,44,0,0,105,3,0
2018,9,5,18,783,771,514,79,0,3,175,12,0
2018,9,5,19,822,813,520,104,2,0,187,9,0
2018,10,0,10,1,1,1,0,0,0,0,0,0
2018,10,0,11,11,11,11,0,0,0,0,0,0
2018,10,0,12,47,47,41,0,0,0,6,0,0
2018,10,0,13,340,333,271,1,0,0,61,7,0
2018,10,0,14,1300,1290,1001,13,0,0,276,10,0
2018,10,0,15,3035,3000,2268,28,0,1,703,35,0
2018,10,0,16,5166,5116,3685,125,4,4,1298,50,0
2018,10,0,17,6863,6805,4700,359,1,5,1740,58,0
2018,10,0,18,8814,8734,5688,720,6,19,2301,80,0
2018,10,0,19,10395,10302,6407,1263,2,16,2614,93,0
2018,10,1,11,2,2,2,0,0,0,0,0,0
2018,10,1,12,15,15,13,0,0,0,2,0,0
2018,10,1,13,75,73,58,0,0,0,15,2,0
2018,10,1,14,283,280,188,6,0,0,86,3,0
2018,10,1,15,643,635,428,7,0,0,200,8,0
2018,10,1,16,1010,1000,611,18,1,1,369,10,0
2018,10,1,17,1237,1223,727,48,0,2,446,14,0
2018,10,1,18,1478,1466,835,98,0,2,531,12,0
2018,10,1,19,1610,1593,807,156,0,3,627,17,0
2018,10,2,11,3,3,3,0,0,0,0,0,0
2018,10,2,12,18,18,14,0,0,0,4,0,0
2018,10,2,13,141,137,105,0,0,0,32,4,0
2018,10,2,14,526,521,387,3,0,0,131,5,0
2018,10,2,15,1148,1129,803,11,0,0,315,19,0
2018,10,2,16,1925,1897,1282,45,3,2,565,28,0
2018,10,2,17,2394,2365,1504,118,0,1,742,29,0
2018,10,2,18,3065,3018,1825,235,1,7,950,47,0
2018,10,2,19,3380,3344,1997,350,0,2,995,36,0
2018,10,3,11,2,2,2,0,0,0,0,0,0
2018,10,3,12,7,7,7,0,0,0,0,0,0
2018,10,3,13,76,75,66,1,0,0,8,1,0
2018,10,3,14,279,279,254,2,0,0,23,0,0
2018,10,3,15,736,731,642,3,0,1,85,5,0
2018,10,3,16,1376,1369,1163,43,0,0,163,7,0
2018,10,3,17,2034,2025,1641,112,1,0,271,9,0
2018,10,3,18,2659,2647,1944,246,2,6,449,12,0
2018,10,3,19,3307,3281,2305,466,2,5,503,26,0
2018,10,4,11,2,2,2,0,0,0,0,0,0
2018,10,4,12,2,2,2,0,0,0,0,0,0
2018,10,4,13,26,26,23,0,0,0,3,0,0
2018,10,4,14,108,108,89,1,0,0,18,0,0
2018,10,4,15,286,284,213,5,0,0,66,2,0
2018,10,4,16,471,470,335,13,0,0,122,1,0
2018,10,4,17,676,675,475,36,0,1,163,1,0
2018,10,4,18,900,899,605,75,1,1,217,1,0
2018,10,4,19,1219,1215,769,167,0,2,277,4,0
2018,10,5,10,1,1,1,0,0,0,0,0,0
2018,10,5,11,2,2,2,0,0,0,0,0,0
2018,10,5,12,5,5,5,0,0,0,0,0,0
2018,10,5,13,22,22,19,0,0,0,3,0,0
2018,10,5,14,104,102,83,1,0,0,18,2,0
2018,10,5,15,222,221,182,2,0,0,37,1,0
2018,10,5,16,384,380,294,6,0,1,79,4,0
2018,10,5,17,522,517,353,45,0,1,118,5,0
2018,10,5,18,712,704,479,66,2,3,154,8,0
2018,10,5,19,879,869,529,124,0,4,212,10,0
2018,11,0,10,1,1,1,0,0,0,0,0,0
2018,11,0,11,8,8,8,0,0,0,0,0,0
2018,11,0,12,31,30,25,0,0,0,5,1,0
2018,11,0,13,341,336,286,3,0,0,47,5,0
2018,11,0,14,1136,1125,909,8,0,0,208,11,0
2018,11,0,15,2929,2899,2264,23,1,0,611,30,0
2018,11,0,16,4845,4796,3453,118,2,6,1217,49,0
2018,11,0,17,6675,6603,4538,377,1,4,1683,72,0
2018,11,0,18,8286,8205,5449,662,4,8,2082,81,0
2018,11,0,19,9946,9841,6163,1167,6,27,2478,105,0
2018,11,1,10,1,1,1,0,0,0,0,0,0
2018,11,1,11,2,2,2,0,0,0,0,0,0
2018,11,1,12,7,7,6,0,0,0,1,0,0
2018,11,1,13,86,86,67,0,0,0,19,0,0
2018,11,1,14,229,227,172,0,0,0,55,2,0
2018,11,1,15,583,579,424,4,0,0,151,4,0
2018,11,1,16,941,935,586,17,0,0,332,6,0
2018,11,1,17,1207,1194,741,48,0,0,405,13,0
2018,11,1,18,1390,1379,765,85,0,0,529,11,0
2018,11,1,19,1539,1528,824,124,1,3,576,11,0
2018,11,2,11,3,3,3,0,0,0,0,0,0
2018,11,2,12,11,10,7,0,0,0,3,1,0
2018,11,2,13,131,128,106,1,0,0,21,3,0
2018,11,2,14,461,454,344,3,0,0,107,7,0
2018,11,2,15,1118,1099,786,12,1,0,300,19,0
2018,11,2,16,1656,1631,1065,51,1,3,511,25,0
2018,11,2,17,2375,2340,1479,128,1,2,730,35,0
2018,11,2,18,2796,2749,1731,178,3,3,834,47,0
2018,11,2,19,3092,3032,1783,316,1,7,925,60,0
2018,11,3,11,3,3,3,0,0,0,0,0,0
2018,11,3,12,8,8,8,0,0,0,0,0,0
2018,11,3,13,80,80,77,0,0,0,3,0,0
2018,11,3,14,293,291,267,2,0,0,22,2,0
2018,11,3,15,724,721,642,4,0,0,75,3,0
2018,11,3,16,1393,1381,1158,31,0,3,189,12,0
2018,11,3,17,1933,1920,1528,115,0,0,277,13,0
2018,11,3,18,2538,2524,1885,253,0,2,384,14,0
2018,11,3,19,3327,3311,2362,449,1,7,492,16,0
2018,11,4,12,1,1,1,0,0,0,0,0,0
2018,11,4,13,21,21,19,1,0,0,1,0,0
2018,11,4,14,69,69,57,1,0,0,11,0,0
2018,11,4,15,281,279,230,0,0,0,49,2,0
2018,11,4,16,472,469,355,11,1,0,102,3,0
2018,11,4,17,626,624,428,52,0,2,142,2,0
2018,11,4,18,932,929,630,80,1,2,216,3,0
2018,11,4,19,1156,1148,724,150,1,6,267,8,0
2018,11,5,12,4,4,3,0,0,0,1,0,0
2018,11,5,13,23,21,17,1,0,0,3,2,0
2018,11,5,14,84,84,69,2,0,0,13,0,0
2018,11,5,15,223,221,182,3,0,0,36,2,0
2018,11,5,16,383,380,289,8,0,0,83,3,0
2018,11,5,17,534,525,362,34,0,0,129,9,0
2018,11,5,18,630,624,438,66,0,1,119,6,0
2018,11,5,19,832,822,470,128,2,4,218,10,0
2018,12,0,11,4,4,3,0,0,0,1,0,0
2018,12,0,12,48,47,35,1,0,0,11,1,0
2018,12,0,13,330,326,272,4,0,0,50,4,0
2018,12,0,14,1167,1158,918,7,0,0,233,9,0
2018,12,0,15,3030,3000,2336,27,1,2,634,30,0
2018,12,0,16,4920,4873,3510,114,2,4,1243,47,0
2018,12,0,17,6522,6472,4529,329,1,5,1608,50,0
2018,12,0,18,8502,8427,5634,694,3,7,2089,75,0
2018,12,0,19,10373,10279,6423,1176,4,22,2654,94,0
2018,12,1,11,1,1,0,0,0,0,1,0,0
2018,12,1,12,11,11,8,0,0,0,3,0,0
2018,12,1,13,88,86,66,3,0,0,17,2,0
2018,12,1,14,256,253,195,2,0,0,56,3,0
2018,12,1,15,570,564,387,4,0,0,173,6,0
2018,12,1,16,929,926,581,19,0,0,326,3,0
2018,12,1,17,1130,1124,696,42,0,2,384,6,0
2018,12,1,18,1338,1325,737,73,0,2,513,13,0
2018,12,1,19,1541,1529,824,106,0,1,598,12,0
2018,12,2,11,2,2,2,0,0,0,0,0,0
2018,12,2,12,21,20,15,1,0,0,4,1,0
2018,12,2,13,128,127,103,1,0,0,23,1,0
2018,12,2,14,428,424,311,4,0,0,109,4,0
2018,12,2,15,1152,1133,849,14,1,2,267,19,0
2018,12,2,16,1766,1738,1176,44,1,1,516,28,0
2018,12,2,17,2328,2299,1530,103,0,2,664,29,0
2018,12,2,18,2874,2842,1766,221,1,3,851,32,0
2018,12,2,19,3292,3254,1917,326,2,5,1004,38,0
2018,12,3,11,1,1,1,0,0,0,0,0,0
2018,12,3,12,7,7,5,0,0,0,2,0,0
2018,12,3,13,63,62,58,0,0,0,4,1,0
2018,12,3,14,292,291,247,1,0,0,43,1,0
2018,12,3,15,814,811,720,2,0,0,89,3,0
2018,12,3,16,1389,1379,1153,26,1,3,196,10,0
2018,12,3,17,1910,1902,1500,106,0,0,296,8,0
2018,12,3,18,2681,2663,2057,234,1,0,371,18,0
2018,12,3,19,3473,3451,2388,454,2,11,596,22,0
2018,12,4,12,3,3,2,0,0,0,1,0,0
2018,12,4,13,25,25,23,0,0,0,2,0,0
2018,12,4,14,108,108,90,0,0,0,18,0,0
2018,12,4,15,255,255,186,4,0,0,65,0,0
2018,12,4,16,438,436,321,10,0,0,105,2,0
2018,12,4,17,629,627,423,36,0,0,168,2,0
2018,12,4,18,963,957,641,103,0,2,211,6,0
2018,12,4,19,1238,1230,786,159,0,4,281,8,0
2018,12,5,12,6,6,5,0,0,0,1,0,0
2018,12,5,13,26,26,22,0,0,0,4,0,0
2018,12,5,14,83,82,75,0,0,0,7,1,0
2018,12,5,15,239,237,194,3,0,0,40,2,0
2018,12,5,16,398,394,279,15,0,0,100,4,0
2018,12,5,17,525,520,380,42,1,1,96,5,0
2018,12,5,18,646,640,433,63,1,0,143,6,0
2018,12,5,19,829,815,508,131,0,1,175,14,0
2019,1,0,11,4,4,2,0,0,0,2,0,0
2019,1,0,12,45,44,39,0,0,0,5,1,0
2019,1,0,13,330,326,273,4,0,0,49,4,0
2019,1,0,14,1286,1270,1035,9,0,0,226,16,0
2019,1,0,15,3023,2983,2333,25,0,2,623,40,0
2019,1,0,16,5064,5009,3735,130,1,4,1139,55,0
2019,1,0,17,7060,6984,4869,386,1,4,1724,76,0
2019,1,0,18,8747,8670,5812,741,4,12,2101,77,0
2019,1,0,19,10498,10396,6598,1276,8,21,2493,102,0
2019,1,1,11,3,3,2,0,0,0,1,0,0
2019,1,1,12,10,10,9,0,0,0,1,0,0
2019,1,1,13,71,70,53,0,0,0,17,1,0
2019,1,1,14,247,245,181,0,0,0,64,2,0
2019,1,1,15,538,531,369,2,0,1,159,7,0
2019,1,1,16,875,866,541,12,0,1,312,9,0
2019,1,1,17,1207,1195,706,41,1,3,444,12,0
2019,1,1,18,1318,1309,735,78,1,3,492,9,0
2019,1,1,19,1432,1412,757,113,2,1,539,20,0
2019,1,2,11,1,1,0,0,0,0,1,0,0
2019,1,2,12,18,17,14,0,0,0,3,1,0
2019,1,2,13,139,136,108,3,0,0,25,3,0
2019,1,2,14,482,472,362,6,0,0,104,10,0
2019,1,2,15,1077,1055,776,12,0,1,266,22,0
2019,1,2,16,1734,1706,1196,48,1,0,461,28,0
2019,1,2,17,2449,2410,1563,128,0,0,719,39,0
2019,1,2,18,2888,2843,1815,224,3,1,800,45,0
2019,1,2,19,3238,3185,1871,353,3,3,955,53,0
2019,1,3,12,9,9,9,0,0,0,0,0,0
2019,1,3,13,69,69,65,1,0,0,3,0,0
2019,1,3,14,333,331,303,2,0,0,26,2,0
2019,1,3,15,873,866,759,7,0,0,100,7,0
2019,1,3,16,1516,1505,1270,48,0,3,184,11,0
2019,1,3,17,2109,2092,1681,121,0,0,290,17,0
2019,1,3,18,2839,2821,2143,257,0,6,415,18,0
2019,1,3,19,3710,3688,2607,514,3,12,552,22,0
2019,1,4,12,3,3,3,0,0,0,0,0,0
2019,1,4,13,21,21,18,0,0,0,3,0,0
2019,1,4,14,118,117,95,0,0,0,22,1,0
2019,1,4,15,291,290,224,2,0,0,64,1,0
2019,1,4,16,499,497,389,8,0,0,100,2,0
2019,1,4,17,722,717,513,51,0,1,152,5,0
2019,1,4,18,968,965,644,95,0,1,225,3,0
2019,1,4,19,1230,1226,799,161,0,1,265,4,0
2019,1,5,12,5,5,4,0,0,0,1,0,0
2019,1,5,13,30,30,29,0,0,0,1,0,0
2019,1,5,14,106,105,94,1,0,0,10,1,0
2019,1,5,15,244,241,205,2,0,0,34,3,0
2019,1,5,16,440,435,339,14,0,0,82,5,0
2019,1,5,17,573,570,406,45,0,0,119,3,0
2019,1,5,18,734,732,475,87,0,1,169,2,0
2019,1,5,19,888,885,564,135,0,4,182,3,0
2019,2,0,11,8,8,7,0,0,0,1,0,0
2019,2,0,12,41,39,34,0,0,0,5,2,0
2019,2,0,13,301,299,255,1,0,1,42,2,0
2019,2,0,14,1230,1217,992,4,0,1,220,13,0
2019,2,0,15,2844,2817,2242,12,1,1,561,27,0
2019,2,0,16,4751,4696,3507,123,1,4,1061,55,0
2019,2,0,17,6565,6494,4543,366,2,4,1579,71,0
2019,2,0,18,8181,8117,5458,640,4,8,2007,64,0
2019,2,0,19,9989,9891,6274,1183,4,21,2409,98,0
2019,2,1,11,2,2,1,0,0,0,1,0,0
2019,2,1,12,9,8,6,0,0,0,2,1,0
2019,2,1,13,71,70,56,0,0,0,14,1,0
2019,2,1,14,259,258,189,0,0,0,69,1,0
2019,2,1,15,496,491,330,3,0,0,158,5,0
2019,2,1,16,765,762,471,11,0,0,280,3,0
2019,2,1,17,1018,1009,598,41,1,1,368,9,0
2019,2,1,18,1192,1182,643,75,1,4,459,10,0
2019,2,1,19,1439,1426,770,106,0,3,547,13,0
2019,2,2,11,4,4,4,0,0,0,0,0,0
2019,2,2,12,17,16,13,0,0,0,3,1,0
2019,2,2,13,98,98,82,0,0,1,15,0,0
2019,2,2,14,446,440,335,1,0,1,103,6,0
2019,2,2,15,1041,1025,758,2,0,1,264,16,0
2019,2,2,16,1694,1660,1190,35,1,3,431,34,0
2019,2,2,17,2257,2219,1406,120,1,2,690,38,0
2019,2,2,18,2734,2697,1719,208,2,2,766,37,0
2019,2,2,19,3052,2996,1843,304,3,3,843,56,0
2019,2,3,11,2,2,2,0,0,0,0,0,0
2019,2,3,12,5,5,5,0,0,0,0,0,0
2019,2,3,13,68,68,63,0,0,0,5,0,0
2019,2,3,14,327,325,300,1,0,0,24,2,0
2019,2,3,15,837,834,750,5,1,0,78,3,0
2019,2,3,16,1428,1417,1184,50,0,1,182,11,0
2019,2,3,17,2086,2072,1689,117,0,0,266,14,0
2019,2,3,18,2647,2638,1987,229,0,0,422,9,0
2019,2,3,19,3479,3461,2413,498,1,9,540,18,0
2019,2,4,12,3,3,3,0,0,0,0,0,0
2019,2,4,13,30,30,27,0,0,0,3,0,0
2019,2,4,14,95,93,80,0,0,0,13,2,0
2019,2,4,15,251,249,206,0,0,0,43,2,0
2019,2,4,16,474,470,366,12,0,0,92,4,0
2019,2,4,17,661,657,465,46,0,1,145,4,0
2019,2,4,18,916,912,623,65,1,1,222,4,0
2019,2,4,19,1206,1201,773,136,0,2,290,5,0
2019,2,5,12,7,7,7,0,0,0,0,0,0
2019,2,5,13,34,33,27,1,0,0,5,1,0
2019,2,5,14,103,101,88,2,0,0,11,2,0
2019,2,5,15,219,218,198,2,0,0,18,1,0
2019,2,5,16,390,387,296,15,0,0,76,3,0
2019,2,5,17,543,537,385,42,0,0,110,6,0
2019,2,5,18,692,688,486,63,0,1,138,4,0
2019,2,5,19,813,807,475,139,0,4,189,6,0
2019,3,0,10,1,1,1,0,0,0,0,0,0
2019,3,0,11,10,10,8,0,0,0,2,0,0
2019,3,0,12,51,51,44,0,0,0,7,0,0
2019,3,0,13,365,362,301,3,0,1,57,3,0
2019,3,0,14,1282,1273,1040,10,0,0,223,9,0
2019,3,0,15,3197,3146,2484,32,1,2,627,51,0
2019,3,0,16,5267,5212,3889,114,5,6,1198,55,0
2019,3,0,17,7412,7336,5166,378,3,7,1782,76,0
2019,3,0,18,9211,9131,6146,725,7,8,2245,80,0
2019,3,0,19,11252,11137,7130,1367,2,24,2614,115,0
2019,3,1,11,4,4,2,0,0,0,2,0,0
2019,3,1,12,13,13,11,0,0,0,2,0,0
2019,3,1,13,82,81,66,3,0,0,12,1,0
2019,3,1,14,239,239,176,3,0,0,60,0,0
2019,3,1,15,572,563,385,8,0,1,169,9,0
2019,3,1,16,875,870,546,12,1,0,311,5,0
2019,3,1,17,1138,1131,674,43,1,2,411,7,0
2019,3,1,18,1390,1378,781,75,1,0,521,12,0
2019,3,1,19,1507,1488,808,124,1,1,554,19,0
2019,3,2,11,1,1,1,0,0,0,0,0,0
2019,3,2,12,24,24,19,0,0,0,5,0,0
2019,3,2,13,138,136,105,0,0,1,30,2,0
2019,3,2,14,480,471,363,4,0,0,104,9,0
2019,3,2,15,1203,1171,855,14,1,1,300,32,0
2019,3,2,16,1899,1865,1305,36,2,4,518,34,0
2019,3,2,17,2539,2495,1626,127,1,2,739,44,0
2019,3,2,18,2996,2950,1854,222,3,1,870,46,0
2019,3,2,19,3587,3530,2164,377,0,7,982,57,0
2019,3,3,11,2,2,2,0,0,0,0,0,0
2019,3,3,12,6,6,6,0,0,0,0,0,0
2019,3,3,13,83,83,75,0,0,0,8,0,0
2019,3,3,14,361,361,324,2,0,0,35,0,0
2019,3,3,15,899,893,800,7,0,0,86,6,0
2019,3,3,16,1583,1574,1337,40,0,0,197,9,0
2019,3,3,17,2286,2274,1828,118,1,2,325,12,0
2019,3,3,18,3043,3030,2314,260,3,2,451,13,0
2019,3,3,19,3822,3796,2679,523,1,7,586,26,0
2019,3,4,11,1,1,1,0,0,0,0,0,0
2019,3,4,12,2,2,2,0,0,0,0,0,0
2019,3,4,13,28,28,26,0,0,0,2,0,0
2019,3,4,14,100,100,89,0,0,0,11,0,0
2019,3,4,15,286,284,228,1,0,0,55,2,0
2019,3,4,16,502,499,393,13,1,0,92,3,0
2019,3,4,17,793,789,566,49,0,0,174,4,0
2019,3,4,18,983,977,675,88,0,4,210,6,0
2019,3,4,19,1350,1343,877,197,0,2,267,7,0
2019,3,5,10,1,1,1,0,0,0,0,0,0
2019,3,5,11,2,2,2,0,0,0,0,0,0
2019,3,5,12,6,6,6,0,0,0,0,0,0
2019,3,5,13,34,34,29,0,0,0,5,0,0
2019,3,5,14,102,102,88,1,0,0,13,0,0
2019,3,5,15,237,235,216,2,0,0,17,2,0
2019,3,5,16,408,404,308,13,1,2,80,4,0
2019,3,5,17,656,647,472,41,0,1,133,9,0
2019,3,5,18,799,796,522,80,0,1,193,3,0
2019,3,5,19,986,980,602,146,0,7,225,6,0
2019,4,0,11,8,8,6,0,0,0,2,0,0
2019,4,0,12,45,44,39,1,0,0,4,1,0
2019,4,0,13,345,344,288,4,0,0,52,1,0
2019,4,0,14,1311,1288,1032,7,0,0,249,23,0
2019,4,0,15,3068,3034,2368,26,0,1,639,34,0
2019,4,0,16,5117,5050,3735,127,1,2,1185,67,0
2019,4,0,17,7143,7075,5002,374,5,5,1689,68,0
2019,4,0,18,8928,8850,5948,670,7,8,2217,78,0
2019,4,0,19,10708,10614,6909,1121,2,19,2563,94,0
2019,4,1,11,4,4,2,0,0,0,2,0,0
2019,4,1,12,14,13,11,0,0,0,2,1,0
2019,4,1,13,74,74,59,2,0,0,13,0,0
2019,4,1,14,255,253,174,2,0,0,77,2,0
2019,4,1,15,614,608,412,8,0,0,188,6,0
2019,4,1,16,889,881,545,14,0,1,321,8,0
2019,4,1,17,1164,1152,653,53,2,0,444,12,0
2019,4,1,18,1383,1371,770,59,1,1,540,12,0
2019,4,1,19,1582,1567,858,114,0,4,591,15,0
2019,4,2,11,3,3,3,0,0,0,0,0,0
2019,4,2,12,16,16,14,1,0,0,1,0,0
2019,4,2,13,148,148,112,1,0,0,35,0,0
2019,4,2,14,496,485,373,4,0,0,108,11,0
2019,4,2,15,1149,1127,826,12,0,1,288,22,0
2019,4,2,16,1847,1805,1248,50,1,0,506,42,0
2019,4,2,17,2473,2440,1673,119,2,3,643,33,0
2019,4,2,18,2968,2924,1877,212,4,1,830,44,0
2019,4,2,19,3274,3225,1995,306,1,3,920,49,0
2019,4,3,11,1,1,1,0,0,0,0,0,0
2019,4,3,12,9,9,8,0,0,0,1,0,0
2019,4,3,13,76,76,72,1,0,0,3,0,0
2019,4,3,14,356,349,320,0,0,0,29,7,0
2019,4,3,15,817,813,729,2,0,0,82,4,0
2019,4,3,16,1476,1465,1245,35,0,0,185,11,0
2019,4,3,17,2137,2121,1701,118,0,0,302,16,0
2019,4,3,18,2895,2881,2150,257,1,5,468,14,0
2019,4,3,19,3679,3663,2630,451,1,9,572,16,0
2019,4,4,12,2,2,2,0,0,0,0,0,0
2019,4,4,13,18,18,18,0,0,0,0,0,0
2019,4,4,14,105,103,88,1,0,0,14,2,0
2019,4,4,15,277,277,222,3,0,0,52,0,0
2019,4,4,16,487,484,375,14,0,1,94,3,0
2019,4,4,17,763,761,538,47,0,1,175,2,0
2019,4,4,18,912,909,624,85,0,0,200,3,0
2019,4,4,19,1282,1276,870,134,0,1,271,6,0
2019,4,5,12,4,4,4,0,0,0,0,0,0
2019,4,5,13,29,28,27,0,0,0,1,1,0
2019,4,5,14,99,98,77,0,0,0,21,1,0
2019,4,5,15,211,209,179,1,0,0,29,2,0
2019,4,5,16,418,415,322,14,0,0,79,3,0
2019,4,5,17,606,601,437,37,1,1,125,5,0
2019,4,5,18,770,765,527,57,1,1,179,5,0
2019,4,5,19,891,883,556,116,0,2,209,8,0
2019,5,0,11,7,7,6,0,0,0,1,0,0
2019,5,0,12,44,43,38,0,0,0,5,1,0
2019,5,0,13,365,358,308,0,0,0,50,7,0
2019,5,0,14,1239,1225,967,7,0,0,251,14,0
2019,5,0,15,3115,3080,2422,21,0,3,634,35,0
2019,5,0,16,5150,5101,3774,121,0,5,1201,49,0
2019,5,0,17,7376,7310,5148,371,2,8,1781,66,0
2019,5,0,18,8895,8812,5951,703,4,12,2142,83,0
2019,5,0,19,10980,10882,6998,1180,5,13,2686,98,0
2019,5,1,11,2,2,2,0,0,0,0,0,0
2019,5,1,12,8,8,8,0,0,0,0,0,0
2019,5,1,13,78,77,61,0,0,0,16,1,0
2019,5,1,14,244,239,167,0,0,0,72,5,0
2019,5,1,15,585,580,381,3,0,0,196,5,0
2019,5,1,16,900,890,569,16,0,0,305,10,0
2019,5,1,17,1136,1128,622,43,1,2,460,8,0
2019,5,1,18,1387,1374,760,73,1,2,538,13,0
2019,5,1,19,1565,1553,845,123,1,0,584,12,0
2019,5,2,11,4,4,4,0,0,0,0,0,0
2019,5,2,12,23,22,17,0,0,0,5,1,0
2019,5,2,13,148,143,119,0,0,0,24,5,0
2019,5,2,14,488,483,361,4,0,0,118,5,0
2019,5,2,15,1163,1142,858,7,0,3,274,21,0
2019,5,2,16,1873,1855,1284,37,0,1,533,18,0
2019,5,2,17,2538,2503,1665,109,0,3,726,35,0
2019,5,2,18,2884,2838,1757,228,1,3,849,46,0
2019,5,2,19,3447,3390,2058,318,1,3,1010,57,0
2019,5,3,12,8,8,8,0,0,0,0,0,0
2019,5,3,13,94,93,89,0,0,0,4,1,0
2019,5,3,14,299,297,266,2,0,0,29,2,0
2019,5,3,15,856,849,759,6,0,0,84,7,0
2019,5,3,16,1465,1457,1236,42,0,3,176,8,0
2019,5,3,17,2310,2298,1854,130,0,2,312,12,0
2019,5,3,18,2890,2875,2212,253,1,2,407,15,0
2019,5,3,19,3752,3738,2631,493,2,6,606,14,0
2019,5,4,12,1,1,1,0,0,0,0,0,0
2019,5,4,13,22,22,19,0,0,0,3,0,0
2019,5,4,14,100,100,81,0,0,0,19,0,0
2019,5,4,15,273,273,225,2,0,0,46,0,0
2019,5,4,16,497,493,374,16,0,1,102,4,0
2019,5,4,17,774,772,556,50,1,0,165,2,0
2019,5,4,18,998,995,719,78,1,2,195,3,0
2019,5,4,19,1348,1341,897,132,1,2,309,7,0
2019,5,5,11,1,1,0,0,0,0,1,0,0
2019,5,5,12,4,4,4,0,0,0,0,0,0
2019,5,5,13,23,23,20,0,0,0,3,0,0
2019,5,5,14,108,106,92,1,0,0,13,2,0
2019,5,5,15,238,236,199,3,0,0,34,2,0
2019,5,5,16,415,406,311,10,0,0,85,9,0
2019,5,5,17,618,609,451,39,0,1,118,9,0
2019,5,5,18,736,730,503,71,0,3,153,6,0
2019,5,5,19,868,860,567,114,0,2,177,8,0
2019,6,0,10,1,1,1,0,0,0,0,0,0
2019,6,0,11,9,9,8,1,0,0,0,0,0
2019,6,0,12,44,43,38,1,0,0,4,1,0
2019,6,0,13,337,332,292,0,0,0,40,5,0
2019,6,0,14,1243,1231,980,5,0,0,246,12,0
2019,6,0,15,2946,2914,2268,20,0,0,626,32,0
2019,6,0,16,4979,4937,3667,133,1,1,1135,42,0
2019,6,0,17,6669,6612,4751,347,3,6,1505,57,0
2019,6,0,18,8384,8311,5650,672,1,9,1979,73,0
2019,6,0,19,9889,9808,6409,1080,1,8,2310,81,0
2019,6,1,11,3,3,2,1,0,0,0,0,0
2019,6,1,12,11,10,8,0,0,0,2,1,0
2019,6,1,13,69,68,53,0,0,0,15,1,0
2019,6,1,14,248,246,193,1,0,0,52,2,0
2019,6,1,15,518,514,347,2,0,0,165,4,0
2019,6,1,16,851,844,567,18,0,0,259,7,0
2019,6,1,17,1145,1137,712,39,0,0,386,8,0
2019,6,1,18,1267,1254,724,72,0,2,456,13,0
2019,6,1,19,1445,1436,813,100,0,1,522,9,0
2019,6,2,11,5,5,5,0,0,0,0,0,0
2019,6,2,12,18,18,17,0,0,0,1,0,0
2019,6,2,13,130,128,111,0,0,0,17,2,0
2019,6,2,14,511,503,363,4,0,0,136,8,0
2019,6,2,15,1072,1054,764,11,0,0,279,18,0
2019,6,2,16,1778,1751,1217,45,1,1,487,27,0
2019,6,2,17,2288,2260,1525,110,3,2,620,28,0
2019,6,2,18,2773,2731,1743,209,1,1,777,42,0
2019,6,2,19,3038,2990,1841,297,0,0,852,48,0
2019,6,3,10,1,1,1,0,0,0,0,0,0
2019,6,3,11,1,1,1,0,0,0,0,0,0
2019,6,3,12,8,8,7,1,0,0,0,0,0
2019,6,3,13,78,76,74,0,0,0,2,2,0
2019,6,3,14,305,304,278,0,0,0,26,1,0
2019,6,3,15,823,821,740,3,0,0,78,2,0
2019,6,3,16,1412,1408,1171,43,0,0,194,4,0
2019,6,3,17,2054,2042,1658,116,0,3,265,12,0
2019,6,3,18,2791,2780,2111,238,0,3,428,11,0
2019,6,3,19,3383,3370,2426,460,0,6,478,13,0
2019,6,4,12,2,2,2,0,0,0,0,0,0
2019,6,4,13,30,30,27,0,0,0,3,0,0
2019,6,4,14,89,89,75,0,0,0,14,0,0
2019,6,4,15,285,283,217,3,0,0,63,2,0
2019,6,4,16,505,504,376,16,0,0,112,1,0
2019,6,4,17,673,669,478,51,0,1,139,4,0
2019,6,4,18,870,867,600,78,0,0,189,3,0
2019,6,4,19,1221,1214,801,125,1,0,287,7,0
2019,6,5,12,5,5,4,0,0,0,1,0,0
2019,6,5,13,30,30,27,0,0,0,3,0,0
2019,6,5,14,90,89,71,0,0,0,18,1,0
2019,6,5,15,248,242,200,1,0,0,41,6,0
2019,6,5,16,433,430,336,11,0,0,83,3,0
2019,6,5,17,509,504,378,31,0,0,95,5,0
2019,6,5,18,683,679,472,75,0,3,129,4,0
2019,6,5,19,802,798,528,98,0,1,171,4,0
2019,7,0,10,1,1,0,0,0,0,1,0,0
2019,7,0,11,8,8,6,0,0,0,2,0,0
2019,7,0,12,56,55,47,0,0,0,8,1,0
2019,7,0,13,312,310,257,1,0,0,52,2,0
2019,7,0,14,1238,1222,1013,4,1,0,204,16,0
2019,7,0,15,2864,2836,2244,18,0,2,572,28,0
2019,7,0,16,4888,4845,3607,116,2,3,1117,43,0
2019,7,0,17,6655,6595,4727,328,3,5,1532,60,0
2019,7,0,18,8340,8266,5647,640,3,7,1969,74,0
2019,7,0,19,10324,10202,6660,1104,5,19,2414,122,0
2019,7,1,10,1,1,0,0,0,0,1,0,0
2019,7,1,11,3,3,2,0,0,0,1,0,0
2019,7,1,12,14,14,10,0,0,0,4,0,0
2019,7,1,13,58,58,48,0,0,0,10,0,0
2019,7,1,14,234,231,176,1,1,0,53,3,0
2019,7,1,15,475,471,325,3,0,0,143,4,0
2019,7,1,16,901,896,585,16,0,0,295,5,0
2019,7,1,17,1130,1121,711,41,1,3,365,9,0
2019,7,1,18,1276,1270,728,84,1,2,455,6,0
2019,7,1,19,1502,1484,847,119,1,1,516,18,0
2019,7,2,11,3,3,3,0,0,0,0,0,0
2019,7,2,12,24,23,20,0,0,0,3,1,0
2019,7,2,13,142,140,114,0,0,0,26,2,0
2019,7,2,14,510,500,392,1,0,0,107,10,0
2019,7,2,15,1109,1092,815,9,0,2,266,17,0
2019,7,2,16,1821,1800,1233,41,0,2,524,21,0
2019,7,2,17,2278,2242,1489,99,1,1,652,36,0
2019,7,2,18,2737,2689,1717,176,2,2,792,48,0
2019,7,2,19,3281,3209,1966,309,2,3,929,72,0
2019,7,3,11,1,1,1,0,0,0,0,0,0
2019,7,3,12,9,9,9,0,0,0,0,0,0
2019,7,3,13,68,68,62,0,0,0,6,0,0
2019,7,3,14,290,288,269,2,0,0,17,2,0
2019,7,3,15,788,783,694,2,0,0,87,5,0
2019,7,3,16,1322,1314,1133,30,2,1,148,8,0
2019,7,3,17,2008,1997,1629,106,0,1,261,11,0
2019,7,3,18,2739,2731,2109,230,0,2,390,8,0
2019,7,3,19,3352,3329,2414,401,1,10,503,23,0
2019,7,4,12,2,2,2,0,0,0,0,0,0
2019,7,4,13,27,27,20,1,0,0,6,0,0
2019,7,4,14,109,108,95,0,0,0,13,1,0
2019,7,4,15,291,290,236,2,0,0,52,1,0
2019,7,4,16,470,463,357,17,0,0,89,7,0
2019,7,4,17,683,680,498,38,0,0,144,3,0
2019,7,4,18,901,898,619,89,0,0,190,3,0
2019,7,4,19,1295,1290,842,158,1,3,286,5,0
2019,7,5,11,1,1,0,0,0,0,1,0,0
2019,7,5,12,7,7,6,0,0,0,1,0,0
2019,7,5,13,17,17,13,0,0,0,4,0,0
2019,7,5,14,95,95,81,0,0,0,14,0,0
2019,7,5,15,201,200,174,2,0,0,24,1,0
2019,7,5,16,374,372,299,12,0,0,61,2,0
2019,7,5,17,556,555,400,44,1,0,110,1,0
2019,7,5,18,687,678,474,61,0,1,142,9,0
2019,7,5,19,894,890,591,117,0,2,180,4,0
2019,8,0,10,2,2,1,0,0,0,1,0,0
2019,8,0,11,9,9,8,0,0,0,1,0,0
2019,8,0,12,34,33,26,0,0,1,6,1,0
2019,8,0,13,314,309,260,0,0,0,49,5,0
2019,8,0,14,1296,1287,1056,9,0,0,222,9,0
2019,8,0,15,2869,2838,2233,15,0,1,589,31,0
2019,8,0,16,4807,4764,3575,87,2,0,1100,43,0
2019,8,0,17,6597,6526,4685,316,6,7,1512,71,0
2019,8,0,18,8015,7943,5351,619,6,5,1962,72,0
2019,8,0,19,9907,9807,6453,1057,3,29,2265,100,0
2019,8,1,10,2,2,1,0,0,0,1,0,0
2019,8,1,11,2,2,2,0,0,0,0,0,0
2019,8,1,12,6,6,5,0,0,0,1,0,0
2019,8,1,13,71,71,59,0,0,0,12,0,0
2019,8,1,14,280,280,219,0,0,0,61,0,0
2019,8,1,15,553,545,384,4,0,0,157,8,0
2019,8,1,16,839,835,532,17,0,0,286,4,0
2019,8,1,17,1179,1171,753,45,2,2,369,8,0
2019,8,1,18,1356,1344,754,98,0,1,491,12,0
2019,8,1,19,1512,1501,845,127,0,4,525,11,0
2019,8,2,11,3,3,3,0,0,0,0,0,0
2019,8,2,12,18,17,11,0,0,1,5,1,0
2019,8,2,13,115,113,90,0,0,0,23,2,0
2019,8,2,14,507,503,397,3,0,0,103,4,0
2019,8,2,15,1065,1048,778,8,0,1,261,17,0
2019,8,2,16,1734,1703,1185,33,1,0,484,31,0
2019,8,2,17,2259,2220,1462,108,2,3,645,39,0
2019,8,2,18,2662,2628,1668,191,3,0,766,34,0
2019,8,2,19,3109,3054,1930,269,2,8,845,55,0
2019,8,3,11,2,2,1,0,0,0,1,0,0
2019,8,3,12,6,6,6,0,0,0,0,0,0
2019,8,3,13,71,69,64,0,0,0,5,2,0
2019,8,3,14,307,305,283,1,0,0,21,2,0
2019,8,3,15,737,733,655,1,0,0,77,4,0
2019,8,3,16,1372,1365,1182,22,1,0,160,7,0
2019,8,3,17,1955,1936,1587,92,2,1,254,19,0
2019,8,3,18,2501,2485,1895,194,2,3,391,16,0
2019,8,3,19,3280,3259,2369,408,0,7,475,21,0
2019,8,4,12,3,3,3,0,0,0,0,0,0
2019,8,4,13,33,33,31,0,0,0,2,0,0
2019,8,4,14,114,112,85,1,0,0,26,2,0
2019,8,4,15,280,279,221,2,0,0,56,1,0
2019,8,4,16,433,432,336,6,0,0,90,1,0
2019,8,4,17,695,692,508,40,0,0,144,3,0
2019,8,4,18,843,836,584,73,1,0,178,7,0
2019,8,4,19,1163,1158,748,140,0,5,265,5,0
2019,8,5,11,2,2,2,0,0,0,0,0,0
2019,8,5,12,1,1,1,0,0,0,0,0,0
2019,8,5,13,24,23,16,0,0,0,7,1,0
2019,8,5,14,88,87,72,4,0,0,11,1,0
2019,8,5,15,234,233,195,0,0,0,38,1,0
2019,8,5,16,429,429,340,9,0,0,80,0,0
2019,8,5,17,509,507,375,31,0,1,100,2,0
2019,8,5,18,653,650,450,63,0,1,136,3,0
2019,8,5,19,843,835,561,113,1,5,155,8,0
2019,9,0,10,1,1,0,0,0,0,1,0,0
2019,9,0,11,8,8,6,1,0,1,0,0,0
2019,9,0,12,49,47,43,0,0,0,4,2,0
2019,9,0,13,305,299,253,1,0,0,45,6,0
2019,9,0,14,1213,1196,969,6,0,0,221,17,0
2019,9,0,15,3024,2982,2390,19,1,0,572,42,0
2019,9,0,16,4863,4813,3553,92,2,3,1163,50,0
2019,9,0,17,6434,6367,4485,326,2,2,1552,67,0
2019,9,0,18,8146,8072,5516,571,4,9,1972,74,0
2019,9,0,19,9910,9821,6430,1045,5,18,2323,89,0
2019,9,1,10,1,1,0,0,0,0,1,0,0
2019,9,1,11,2,2,2,0,0,0,0,0,0
2019,9,1,12,16,16,16,0,0,0,0,0,0
2019,9,1,13,82,79,64,1,0,0,14,3,0
2019,9,1,14,263,260,197,2,0,0,61,3,0
2019,9,1,15,613,606,446,4,0,0,156,7,0
2019,9,1,16,983,968,630,19,0,1,318,15,0
2019,9,1,17,1216,1197,718,55,0,0,424,19,0
2019,9,1,18,1463,1452,816,78,1,1,556,11,0
2019,9,1,19,1608,1587,906,132,2,4,543,21,0
2019,9,2,11,4,4,3,1,0,0,0,0,0
2019,9,2,12,18,16,13,0,0,0,3,2,0
2019,9,2,13,109,107,83,0,0,0,24,2,0
2019,9,2,14,473,464,360,3,0,0,101,9,0
2019,9,2,15,1145,1125,863,8,1,0,253,20,0
2019,9,2,16,1801,1778,1233,28,2,2,513,23,0
2019,9,2,17,2280,2252,1497,119,2,1,633,28,0
2019,9,2,18,2751,2711,1765,152,1,4,789,40,0
2019,9,2,19,3227,3185,1990,304,2,6,883,42,0
2019,9,3,11,1,1,0,0,0,1,0,0,0
2019,9,3,12,10,10,10,0,0,0,0,0,0
2019,9,3,13,69,69,68,0,0,0,1,0,0
2019,9,3,14,287,283,260,1,0,0,22,4,0
2019,9,3,15,782,775,698,4,0,0,73,7,0
2019,9,3,16,1252,1245,1057,24,0,0,164,7,0
2019,9,3,17,1811,1796,1444,89,0,0,263,15,0
2019,9,3,18,2466,2450,1886,216,1,1,346,16,0
2019,9,3,19,3161,3148,2242,402,0,4,500,13,0
2019,9,4,11,1,1,1,0,0,0,0,0,0
2019,9,4,12,1,1,1,0,0,0,0,0,0
2019,9,4,13,22,21,18,0,0,0,3,1,0
2019,9,4,14,106,106,84,0,0,0,22,0,0
2019,9,4,15,277,273,224,1,0,0,48,4,0
2019,9,4,16,456,453,334,12,0,0,107,3,0
2019,9,4,17,620,619,449,39,0,1,130,1,0
2019,9,4,18,821,816,570,78,0,1,167,5,0
2019,9,4,19,1112,1106,773,102,0,3,228,6,0
2019,9,5,12,4,4,3,0,0,0,1,0,0
2019,9,5,13,23,23,20,0,0,0,3,0,0
2019,9,5,14,84,83,68,0,0,0,15,1,0
2019,9,5,15,207,203,159,2,0,0,42,4,0
2019,9,5,16,371,369,299,9,0,0,61,2,0
2019,9,5,17,507,503,377,24,0,0,102,4,0
2019,9,5,18,645,643,479,47,1,2,114,2,0
2019,9,5,19,802,795,519,105,1,1,169,7,0
2019,10,0,11,5,5,5,0,0,0,0,0,0
2019,10,0,12,53,52,46,1,0,0,5,1,0
2019,10,0,13,260,256,221,2,0,0,33,4,0
2019,10,0,14,1145,1126,896,7,0,0,223,19,0
2019,10,0,15,2785,2746,2164,21,1,2,558,39,0
2019,10,0,16,4729,4672,3519,103,1,5,1044,57,0
2019,10,0,17,6279,6213,4437,265,3,10,1498,66,0
2019,10,0,18,7811,7724,5289,582,3,5,1845,87,0
2019,10,0,19,9793,9701,6353,1058,6,18,2266,92,0
2019,10,1,11,1,1,1,0,0,0,0,0,0
2019,10,1,12,15,15,13,1,0,0,1,0,0
2019,10,1,13,60,58,43,0,0,0,15,2,0
2019,10,1,14,271,267,198,1,0,0,68,4,0
2019,10,1,15,552,544,377,12,0,1,154,8,0
2019,10,1,16,922,908,605,12,1,1,289,14,0
2019,10,1,17,1188,1171,733,40,1,1,396,17,0
2019,10,1,18,1314,1292,735,74,0,1,482,22,0
2019,10,1,19,1503,1477,848,118,0,1,510,26,0
2019,10,2,11,1,1,1,0,0,0,0,0,0
2019,10,2,12,23,22,20,0,0,0,2,1,0
2019,10,2,13,91,89,75,1,0,0,13,2,0
2019,10,2,14,435,424,317,3,0,0,104,11,0
2019,10,2,15,1046,1026,777,6,0,1,242,20,0
2019,10,2,16,1748,1720,1213,38,0,2,467,28,0
2019,10,2,17,2226,2193,1454,86,2,6,645,33,0
2019,10,2,18,2696,2652,1708,184,1,1,758,44,0
2019,10,2,19,3151,3112,1906,286,1,3,916,39,0
2019,10,3,11,2,2,2,0,0,0,0,0,0
2019,10,3,12,7,7,6,0,0,0,1,0,0
2019,10,3,13,54,54,52,0,0,0,2,0,0
2019,10,3,14,269,267,244,1,0,0,22,2,0
2019,10,3,15,713,708,623,1,0,0,84,5,0
2019,10,3,16,1259,1247,1062,31,0,0,154,12,0
2019,10,3,17,1804,1793,1444,90,0,1,258,11,0
2019,10,3,18,2375,2360,1818,205,1,1,335,15,0
2019,10,3,19,3269,3256,2357,416,3,6,474,13,0
2019,10,4,12,1,1,1,0,0,0,0,0,0
2019,10,4,13,24,24,24,0,0,0,0,0,0
2019,10,4,14,76,75,62,1,0,0,12,1,0
2019,10,4,15,249,247,202,1,1,0,43,2,0
2019,10,4,16,432,430,341,11,0,2,76,2,0
2019,10,4,17,581,580,443,25,0,1,111,1,0
2019,10,4,18,817,813,580,64,0,1,168,4,0
2019,10,4,19,1081,1073,739,117,2,5,210,8,0
2019,10,5,11,1,1,1,0,0,0,0,0,0
2019,10,5,12,7,7,6,0,0,0,1,0,0
2019,10,5,13,31,31,27,1,0,0,3,0,0
2019,10,5,14,94,93,75,1,0,0,17,1,0
2019,10,5,15,225,221,185,1,0,0,35,4,0
2019,10,5,16,368,367,298,11,0,0,58,1,0
2019,10,5,17,480,476,363,24,0,1,88,4,0
2019,10,5,18,609,607,448,55,1,1,102,2,0
2019,10,5,19,789,783,503,121,0,3,156,6,0
2019,11,0,10,1,1,1,0,0,0,0,0,0
2019,11,0,11,8,8,8,0,0,0,0,0,0
2019,11,0,12,41,41,35,0,0,0,6,0,0
2019,11,0,13,261,259,226,2,0,0,31,2,0
2019,11,0,14,1092,1087,854,6,1,0,226,5,0
2019,11,0,15,2528,2508,1993,13,0,1,501,20,0
2019,11,0,16,4266,4212,3164,98,0,3,947,54,0
2019,11,0,17,5901,5841,4189,287,6,6,1353,60,0
2019,11,0,18,7495,7432,5096,569,2,2,1763,63,0
2019,11,0,19,9040,8949,5807,991,10,27,2114,91,0
2019,11,1,11,1,1,1,0,0,0,0,0,0
2019,11,1,12,13,13,11,0,0,0,2,0,0
2019,11,1,13,66,65,55,2,0,0,8,1,0
2019,11,1,14,249,247,164,3,0,0,80,2,0
2019,11,1,15,511,504,365,0,0,0,139,7,0
2019,11,1,16,808,789,524,10,0,1,254,19,0
2019,11,1,17,1017,1008,630,37,2,2,337,9,0
2019,11,1,18,1290,1282,713,75,0,0,494,8,0
2019,11,1,19,1379,1362,724,109,0,2,527,17,0
2019,11,2,11,6,6,6,0,0,0,0,0,0
2019,11,2,12,17,17,14,0,0,0,3,0,0
2019,11,2,13,96,96,79,0,0,0,17,0,0
2019,11,2,14,412,411,316,0,0,0,95,1,0
2019,11,2,15,961,953,727,9,0,1,216,8,0
2019,11,2,16,1564,1541,1094,35,0,0,412,23,0
2019,11,2,17,2089,2053,1414,83,3,2,551,36,0
2019,11,2,18,2523,2489,1619,181,1,0,688,34,0
2019,11,2,19,2881,2844,1740,302,5,9,788,37,0
2019,11,3,10,1,1,1,0,0,0,0,0,0
2019,11,3,11,1,1,1,0,0,0,0,0,0
2019,11,3,12,7,7,6,0,0,0,1,0,0
2019,11,3,13,59,58,54,0,0,0,4,1,0
2019,11,3,14,265,263,236,1,1,0,25,2,0
2019,11,3,15,635,631,566,3,0,0,62,4,0
2019,11,3,16,1169,1163,986,27,0,2,148,6,0
2019,11,3,17,1726,1716,1363,104,0,2,247,10,0
2019,11,3,18,2302,2292,1758,187,1,2,344,10,0
2019,11,3,19,2951,2928,2091,371,3,11,452,23,0
2019,11,4,12,2,2,2,0,0,0,0,0,0
2019,11,4,13,21,21,21,0,0,0,0,0,0
2019,11,4,14,93,93,74,1,0,0,18,0,0
2019,11,4,15,220,220,171,1,0,0,48,0,0
2019,11,4,16,370,366,283,13,0,0,70,4,0
2019,11,4,17,576,572,411,34,0,0,127,4,0
2019,11,4,18,779,773,553,68,0,0,152,6,0
2019,11,4,19,1069,1064,724,121,1,2,216,5,0
2019,11,5,12,2,2,2,0,0,0,0,0,0
2019,11,5,13,19,19,17,0,0,0,2,0,0
2019,11,5,14,73,73,64,1,0,0,8,0,0
2019,11,5,15,201,200,164,0,0,0,36,1,0
2019,11,5,16,355,353,277,13,0,0,63,2,0
2019,11,5,17,493,492,371,29,1,0,91,1,0
2019,11,5,18,601,596,453,58,0,0,85,5,0
2019,11,5,19,760,751,528,88,1,3,131,9,0
2019,12,0,10,1,1,1,0,0,0,0,0,0
2019,12,0,11,9,9,5,0,1,0,3,0,0
2019,12,0,12,38,37,28,1,0,0,8,1,0
2019,12,0,13,264,262,223,4,0,0,35,2,0
2019,12,0,14,1096,1082,898,3,1,0,180,14,0
2019,12,0,15,2651,2621,2063,18,0,1,539,30,0
2019,12,0,16,4386,4340,3293,89,1,1,956,46,0
2019,12,0,17,5917,5853,4229,284,6,2,1332,64,0
2019,12,0,18,7525,7439,5058,623,1,9,1748,86,0
2019,12,0,19,9218,9119,5989,974,6,27,2123,99,0
2019,12,1,11,3,3,2,0,0,0,1,0,0
2019,12,1,12,14,14,13,0,0,0,1,0,0
2019,12,1,13,67,67,56,1,0,0,10,0,0
2019,12,1,14,238,236,180,0,0,0,56,2,0
2019,12,1,15,507,501,354,2,0,0,145,6,0
2019,12,1,16,746,736,494,8,0,0,234,10,0
2019,12,1,17,1059,1048,638,33,1,0,376,11,0
2019,12,1,18,1253,1238,721,81,1,1,434,15,0
2019,12,1,19,1387,1370,756,120,0,4,490,17,0
2019,12,2,11,4,4,3,0,1,0,0,0,0
2019,12,2,12,12,11,7,0,0,0,4,1,0
2019,12,2,13,107,106,89,2,0,0,15,1,0
2019,12,2,14,389,382,307,1,0,0,74,7,0
2019,12,2,15,964,949,690,9,0,0,250,15,0
2019,12,2,16,1567,1540,1087,24,1,1,427,27,0
2019,12,2,17,1977,1938,1307,80,3,1,547,39,0
2019,12,2,18,2448,2414,1555,165,0,2,692,34,0
2019,12,2,19,2868,2823,1758,258,2,7,798,45,0
2019,12,3,10,1,1,1,0,0,0,0,0,0
2019,12,3,12,6,6,5,0,0,0,1,0,0
2019,12,3,13,51,50,45,0,0,0,5,1,0
2019,12,3,14,272,267,245,1,1,0,20,5,0
2019,12,3,15,703,696,627,3,0,0,66,7,0
2019,12,3,16,1261,1254,1090,33,0,0,131,7,0
2019,12,3,17,1775,1767,1422,114,2,0,229,8,0
2019,12,3,18,2336,2319,1759,218,0,5,337,17,0
2019,12,3,19,3092,3065,2209,368,2,10,476,27,0
2019,12,4,13,20,20,17,1,0,0,2,0,0
2019,12,4,14,99,99,79,1,0,0,19,0,0
2019,12,4,15,252,251,202,2,0,1,46,1,0
2019,12,4,16,433,432,325,16,0,0,91,1,0
2019,12,4,17,597,596,464,30,0,1,101,1,0
2019,12,4,18,869,856,594,91,0,0,171,13,0
2019,12,4,19,1129,1123,769,132,1,3,218,6,0
2019,12,5,11,2,2,0,0,0,0,2,0,0
2019,12,5,12,6,6,3,1,0,0,2,0,0
2019,12,5,13,19,19,16,0,0,0,3,0,0
2019,12,5,14,98,98,87,0,0,0,11,0,0
2019,12,5,15,225,224,190,2,0,0,32,1,0
2019,12,5,16,379,378,297,8,0,0,73,1,0
2019,12,5,17,509,504,398,27,0,0,79,5,0
2019,12,5,18,619,612,429,68,0,1,114,7,0
2019,12,5,19,742,738,497,96,1,3,141,4,0
2020,1,0,10,1,1,1,0,0,0,0,0,0
2020,1,0,11,7,7,5,0,0,0,2,0,0
2020,1,0,12,56,55,50,0,0,0,5,1,0
2020,1,0,13,253,247,214,1,0,0,32,6,0
2020,1,0,14,1119,1102,899,8,0,1,194,17,0
2020,1,0,15,2640,2616,2100,18,0,0,498,24,0
2020,1,0,16,4384,4334,3259,91,2,5,977,50,0
2020,1,0,17,6145,6090,4378,294,2,2,1414,55,0
2020,1,0,18,7699,7615,5202,562,1,16,1834,84,0
2020,1,0,19,9568,9460,6224,1028,2,16,2190,108,0
2020,1,1,10,1,1,1,0,0,0,0,0,0
2020,1,1,11,2,2,2,0,0,0,0,0,0
2020,1,1,12,19,19,17,0,0,0,2,0,0
2020,1,1,13,49,47,40,0,0,0,7,2,0
2020,1,1,14,254,249,180,0,0,0,69,5,0
2020,1,1,15,474,467,332,5,0,0,130,7,0
2020,1,1,16,781,772,528,13,0,2,229,9,0
2020,1,1,17,1053,1046,632,41,0,0,373,7,0
2020,1,1,18,1244,1224,746,57,0,2,419,20,0
2020,1,1,19,1411,1402,794,117,1,2,488,9,0
2020,1,2,11,4,4,3,0,0,0,1,0,0
2020,1,2,12,22,22,21,0,0,0,1,0,0
2020,1,2,13,91,87,71,0,0,0,16,4,0
2020,1,2,14,392,382,289,7,0,0,86,10,0
2020,1,2,15,931,920,692,7,0,0,221,11,0
2020,1,2,16,1526,1504,1010,37,1,0,456,22,0
2020,1,2,17,1961,1928,1303,74,0,2,549,33,0
2020,1,2,18,2498,2455,1531,175,0,3,746,43,0
2020,1,2,19,2977,2915,1811,277,1,4,822,62,0
2020,1,3,11,1,1,0,0,0,0,1,0,0
2020,1,3,12,6,5,5,0,0,0,0,1,0
2020,1,3,13,74,74,69,0,0,0,5,0,0
2020,1,3,14,274,273,253,1,0,0,19,1,0
2020,1,3,15,747,745,661,2,0,0,82,2,0
2020,1,3,16,1291,1281,1099,17,0,2,163,10,0
2020,1,3,17,1915,1903,1540,106,1,0,256,12,0
2020,1,3,18,2469,2453,1872,197,0,7,377,16,0
2020,1,3,19,3242,3214,2317,386,0,5,506,28,0
2020,1,4,12,5,5,4,0,0,0,1,0,0
2020,1,4,13,23,23,19,1,0,0,3,0,0
2020,1,4,14,105,105,96,0,0,1,8,0,0
2020,1,4,15,249,248,208,2,0,0,38,1,0
2020,1,4,16,419,418,328,14,0,1,75,1,0
2020,1,4,17,679,676,509,40,1,0,126,3,0
2020,1,4,18,865,862,604,76,1,2,179,3,0
2020,1,4,19,1145,1142,756,142,0,3,241,3,0
2020,1,5,12,4,4,3,0,0,0,1,0,0
2020,1,5,13,16,16,15,0,0,0,1,0,0
2020,1,5,14,94,93,81,0,0,0,12,1,0
2020,1,5,15,239,236,207,2,0,0,27,3,0
2020,1,5,16,367,359,294,10,1,0,54,8,0
2020,1,5,17,537,537,394,33,0,0,110,0,0
2020,1,5,18,623,621,449,57,0,2,113,2,0
2020,1,5,19,793,787,546,106,0,2,133,6,0
2020,2,0,10,1,1,1,0,0,0,0,0,0
2020,2,0,11,7,7,4,1,0,0,2,0,0
2020,2,0,12,48,44,39,0,0,0,5,4,0
2020,2,0,13,276,274,232,2,0,0,40,2,0
2020,2,0,14,1054,1040,852,9,0,0,179,14,0
2020,2,0,15,2477,2448,1964,17,0,4,463,29,0
2020,2,0,16,4205,4169,3192,97,2,3,875,36,0
2020,2,0,17,5695,5635,4065,274,1,5,1290,60,0
2020,2,0,18,7331,7262,4977,520,1,11,1753,69,0
2020,2,0,19,9025,8922,5939,840,9,12,2122,103,0
2020,2,1,11,4,4,2,1,0,0,1,0,0
2020,2,1,12,13,11,10,0,0,0,1,2,0
2020,2,1,13,65,65,50,1,0,0,14,0,0
2020,2,1,14,207,205,156,2,0,0,47,2,0
2020,2,1,15,441,433,329,4,0,0,100,8,0
2020,2,1,16,757,751,501,10,0,1,239,6,0
2020,2,1,17,960,953,586,33,0,1,333,7,0
2020,2,1,18,1166,1152,712,54,0,1,385,14,0
2020,2,1,19,1334,1316,757,76,2,1,480,18,0
2020,2,2,10,1,1,1,0,0,0,0,0,0
2020,2,2,11,2,2,1,0,0,0,1,0,0
2020,2,2,12,21,20,16,0,0,0,4,1,0
2020,2,2,13,119,117,98,0,0,0,19,2,0
2020,2,2,14,398,391,302,5,0,0,84,7,0
2020,2,2,15,889,872,655,3,0,4,210,17,0
2020,2,2,16,1409,1387,984,32,1,1,369,22,0
2020,2,2,17,1889,1854,1241,90,0,1,522,35,0
2020,2,2,18,2372,2333,1454,166,0,2,711,39,0
2020,2,2,19,2690,2638,1628,227,2,6,775,52,0
2020,2,3,11,1,1,1,0,0,0,0,0,0
2020,2,3,12,9,9,9,0,0,0,0,0,0
2020,2,3,13,46,46,43,1,0,0,2,0,0
2020,2,3,14,285,281,259,0,0,0,22,4,0
2020,2,3,15,709,707,625,4,0,0,78,2,0
2020,2,3,16,1265,1260,1090,34,1,0,135,5,0
2020,2,3,17,1794,1780,1454,104,0,2,220,14,0
2020,2,3,18,2396,2388,1848,180,1,4,355,8,0
2020,2,3,19,3167,3147,2303,349,3,3,489,20,0
2020,2,4,13,22,22,21,0,0,0,1,0,0
2020,2,4,14,91,91,72,1,0,0,18,0,0
2020,2,4,15,242,240,191,4,0,0,45,2,0
2020,2,4,16,423,422,338,14,0,1,69,1,0
2020,2,4,17,606,605,450,27,0,1,127,1,0
2020,2,4,18,803,800,536,75,0,3,186,3,0
2020,2,4,19,1104,1097,746,107,2,1,241,7,0
2020,2,5,12,5,4,4,0,0,0,0,1,0
2020,2,5,13,24,24,20,0,0,0,4,0,0
2020,2,5,14,73,72,63,1,0,0,8,1,0
2020,2,5,15,196,196,164,2,0,0,30,0,0
2020,2,5,16,351,349,279,7,0,0,63,2,0
2020,2,5,17,446,443,334,20,1,0,88,3,0
2020,2,5,18,594,589,427,45,0,1,116,5,0
2020,2,5,19,730,724,505,81,0,1,137,6,0
2020,3,0,11,8,8,7,0,0,0,1,0,0
2020,3,0,12,37,35,31,0,0,0,4,2,0
2020,3,0,13,265,264,224,1,0,0,39,1,0
2020,3,0,14,1241,1230,1010,7,0,0,213,11,0
2020,3,0,15,2862,2821,2254,20,1,2,544,41,0
2020,3,0,16,4635,4587,3528,107,1,4,947,48,0
2020,3,0,17,6334,6279,4576,301,3,2,1397,55,0
2020,3,0,18,8332,8249,5684,619,5,11,1930,83,0
2020,3,0,19,10018,9908,6588,1062,8,11,2239,110,0
2020,3,1,11,1,1,1,0,0,0,0,0,0
2020,3,1,12,11,11,11,0,0,0,0,0,0
2020,3,1,13,57,57,52,0,0,0,5,0,0
2020,3,1,14,234,231,171,1,0,0,59,3,0
2020,3,1,15,511,507,366,4,1,0,136,4,0
2020,3,1,16,803,798,537,12,0,0,249,5,0
2020,3,1,17,1021,1011,622,41,0,0,348,10,0
2020,3,1,18,1304,1294,762,67,0,1,464,10,0
2020,3,1,19,1435,1414,789,120,2,1,502,21,0
2020,3,2,11,4,4,3,0,0,0,1,0,0
2020,3,2,12,17,15,12,0,0,0,3,2,0
2020,3,2,13,108,107,83,0,0,0,24,1,0
2020,3,2,14,499,493,384,3,0,0,106,6,0
2020,3,2,15,1081,1056,798,10,0,1,247,25,0
2020,3,2,16,1624,1590,1124,38,0,3,425,34,0
2020,3,2,17,2097,2067,1404,97,2,1,563,30,0
2020,3,2,18,2808,2759,1774,191,1,3,790,49,0
2020,3,2,19,3125,3065,1956,287,3,2,817,60,0
2020,3,3,11,1,1,1,0,0,0,0,0,0
2020,3,3,12,5,5,4,0,0,0,1,0,0
2020,3,3,13,57,57,54,1,0,0,2,0,0
2020,3,3,14,302,300,271,2,0,0,27,2,0
2020,3,3,15,802,792,705,2,0,0,85,10,0
2020,3,3,16,1387,1380,1196,31,0,0,153,7,0
2020,3,3,17,2040,2030,1657,111,1,1,260,10,0
2020,3,3,18,2651,2635,2023,208,3,3,398,16,0
2020,3,3,19,3451,3431,2491,403,1,5,531,20,0
2020,3,4,12,2,2,2,0,0,0,0,0,0
2020,3,4,13,21,21,17,0,0,0,4,0,0
2020,3,4,14,102,102,86,0,0,0,16,0,0
2020,3,4,15,248,247,199,2,0,0,46,1,0
2020,3,4,16,463,461,379,14,1,0,67,2,0
2020,3,4,17,632,632,474,25,0,0,133,0,0
2020,3,4,18,884,880,633,91,1,0,155,4,0
2020,3,4,19,1168,1160,779,143,0,2,236,8,0
2020,3,5,11,2,2,2,0,0,0,0,0,0
2020,3,5,12,2,2,2,0,0,0,0,0,0
2020,3,5,13,22,22,18,0,0,0,4,0,0
2020,3,5,14,104,104,98,1,0,0,5,0,0
2020,3,5,15,220,219,186,2,0,1,30,1,0
2020,3,5,16,358,358,292,12,0,1,53,0,0
2020,3,5,17,544,539,419,27,0,0,93,5,0
2020,3,5,18,685,681,492,62,0,4,123,4,0
2020,3,5,19,839,838,573,109,2,1,153,1,0
2020,4,0,10,2,2,1,0,0,0,1,0,0
2020,4,0,11,14,14,11,0,0,0,3,0,0
2020,4,0,12,31,31,20,1,0,0,10,0,0
2020,4,0,13,310,308,257,2,1,0,48,2,0
2020,4,0,14,1224,1209,979,9,0,0,221,15,0
2020,4,0,15,2767,2737,2188,16,0,0,533,30,0
2020,4,0,16,4650,4599,3484,94,0,5,1016,51,0
2020,4,0,17,6445,6365,4626,290,3,5,1441,80,0
2020,4,0,18,8099,8018,5593,557,6,11,1851,81,0
2020,4,0,19,9736,9620,6447,969,7,19,2178,116,0
2020,4,1,10,2,2,1,0,0,0,1,0,0
2020,4,1,11,6,6,5,0,0,0,1,0,0
2020,4,1,12,11,11,9,1,0,0,1,0,0
2020,4,1,13,71,71,54,1,0,0,16,0,0
2020,4,1,14,249,245,178,3,0,0,64,4,0
2020,4,1,15,484,475,347,4,0,0,124,9,0
2020,4,1,16,821,815,526,13,0,0,276,6,0
2020,4,1,17,1055,1044,618,40,1,2,383,11,0
2020,4,1,18,1250,1230,698,78,3,2,449,20,0
2020,4,1,19,1388,1363,761,88,1,2,511,25,0
2020,4,2,11,7,7,5,0,0,0,2,0,0
2020,4,2,12,9,9,5,0,0,0,4,0,0
2020,4,2,13,121,120,96,0,1,0,23,1,0
2020,4,2,14,475,465,360,4,0,0,101,10,0
2020,4,2,15,1035,1019,758,7,0,0,254,16,0
2020,4,2,16,1669,1637,1163,37,0,4,433,32,0
2020,4,2,17,2227,2187,1497,89,1,1,599,40,0
2020,4,2,18,2757,2714,1821,151,1,3,738,43,0
2020,4,2,19,3059,3005,1962,259,2,3,779,54,0
2020,4,3,11,1,1,1,0,0,0,0,0,0
2020,4,3,12,6,6,4,0,0,0,2,0,0
2020,4,3,13,76,75,68,1,0,0,6,1,0
2020,4,3,14,308,308,279,0,0,0,29,0,0
2020,4,3,15,769,765,689,3,0,0,73,4,0
2020,4,3,16,1298,1289,1122,20,0,1,146,9,0
2020,4,3,17,2012,1993,1634,109,0,0,250,19,0
2020,4,3,18,2574,2562,1990,192,2,3,375,12,0
2020,4,3,19,3372,3348,2372,440,2,9,525,24,0
2020,4,4,12,2,2,1,0,0,0,1,0,0
2020,4,4,13,18,18,16,0,0,0,2,0,0
2020,4,4,14,101,100,88,0,0,0,12,1,0
2020,4,4,15,248,248,199,2,0,0,47,0,0
2020,4,4,16,438,434,343,9,0,0,82,4,0
2020,4,4,17,612,605,482,29,0,1,93,7,0
2020,4,4,18,816,814,589,65,0,1,159,2,0
2020,4,4,19,1125,1118,781,97,1,4,235,7,0
2020,4,5,12,3,3,1,0,0,0,2,0,0
2020,4,5,13,24,24,23,0,0,0,1,0,0
2020,4,5,14,91,91,74,2,0,0,15,0,0
2020,4,5,15,231,230,195,0,0,0,35,1,0
2020,4,5,16,424,424,330,15,0,0,79,0,0
2020,4,5,17,539,536,395,23,1,1,116,3,0
2020,4,5,18,702,698,495,71,0,2,130,4,0
2020,4,5,19,792,786,571,85,1,1,128,6,0
2020,5,0,10,1,1,0,0,0,0,1,0,0
2020,5,0,11,7,7,5,1,0,0,1,0,0
2020,5,0,12,32,31,29,0,0,0,2,1,0
2020,5,0,13,305,302,256,1,0,0,45,3,0
2020,5,0,14,1213,1198,1000,5,0,0,193,15,0
2020,5,0,15,2658,2622,2120,16,0,0,486,36,0
2020,5,0,16,4709,4662,3596,86,3,1,976,47,0
2020,5,0,17,6649,6576,4847,258,2,9,1460,73,0
2020,5,0,18,8158,8083,5587,575,2,6,1913,75,0
2020,5,0,19,9847,9749,6558,972,8,24,2187,98,0
2020,5,1,10,1,1,0,0,0,0,1,0,0
2020,5,1,12,14,14,13,0,0,0,1,0,0
2020,5,1,13,65,63,47,1,0,0,15,2,0
2020,5,1,14,236,234,172,2,0,0,60,2,0
2020,5,1,15,499,490,354,2,0,0,134,9,0
2020,5,1,16,874,861,574,6,0,0,281,13,0
2020,5,1,17,1039,1034,637,29,1,0,367,5,0
2020,5,1,18,1304,1294,768,59,1,0,466,10,0
2020,5,1,19,1466,1446,796,100,2,3,545,20,0
2020,5,2,11,6,6,4,1,0,0,1,0,0
2020,5,2,12,11,10,9,0,0,0,1,1,0
2020,5,2,13,126,125,103,0,0,0,22,1,0
2020,5,2,14,479,468,375,1,0,0,92,11,0
2020,5,2,15,980,965,749,10,0,0,206,15,0
2020,5,2,16,1714,1693,1236,37,2,0,418,21,0
2020,5,2,17,2375,2334,1634,90,0,1,609,41,0
2020,5,2,18,2762,2725,1778,164,1,2,780,37,0
2020,5,2,19,3095,3042,1970,264,3,7,798,53,0
2020,5,3,11,1,1,1,0,0,0,0,0,0
2020,5,3,12,2,2,2,0,0,0,0,0,0
2020,5,3,13,69,69,63,0,0,0,6,0,0
2020,5,3,14,297,297,274,1,0,0,22,0,0
2020,5,3,15,769,758,678,3,0,0,77,11,0
2020,5,3,16,1310,1303,1125,23,1,1,153,7,0
2020,5,3,17,2044,2026,1669,88,1,4,264,18,0
2020,5,3,18,2534,2517,1927,210,0,3,377,17,0
2020,5,3,19,3352,3334,2450,362,2,6,514,18,0
2020,5,4,13,15,15,14,0,0,0,1,0,0
2020,5,4,14,113,111,100,0,0,0,11,2,0
2020,5,4,15,222,221,181,1,0,0,39,1,0
2020,5,4,16,419,417,347,9,0,0,61,2,0
2020,5,4,17,666,662,507,27,0,3,125,4,0
2020,5,4,18,878,873,634,74,0,0,165,5,0
2020,5,4,19,1133,1129,807,129,0,5,188,4,0
2020,5,5,12,5,5,5,0,0,0,0,0,0
2020,5,5,13,30,30,29,0,0,0,1,0,0
2020,5,5,14,88,88,79,1,0,0,8,0,0
2020,5,5,15,188,188,158,0,0,0,30,0,0
2020,5,5,16,392,388,314,11,0,0,63,4,0
2020,5,5,17,525,520,400,24,0,1,95,5,0
2020,5,5,18,680,674,480,68,0,1,125,6,0
2020,5,5,19,801,798,535,117,1,3,142,3,0
2020,6,0,11,16,16,12,1,0,0,3,0,0
2020,6,0,12,46,45,41,0,0,0,4,1,0
2020,6,0,13,260,255,214,1,0,0,40,5,0
2020,6,0,14,1133,1128,934,9,0,0,185,5,0
2020,6,0,15,2732,2690,2182,17,1,0,490,42,0
2020,6,0,16,4474,4422,3392,98,1,1,930,52,0
2020,6,0,17,6141,6076,4466,229,4,3,1374,65,0
2020,6,0,18,7750,7677,5378,523,3,9,1764,73,0
2020,6,0,19,9070,8982,6028,886,3,12,2053,88,0
2020,6,1,11,1,1,1,0,0,0,0,0,0
2020,6,1,12,10,10,8,0,0,0,2,0,0
2020,6,1,13,69,69,55,0,0,0,14,0,0
2020,6,1,14,213,211,168,4,0,0,39,2,0
2020,6,1,15,501,493,346,3,0,0,144,8,0
2020,6,1,16,821,811,538,13,0,0,260,10,0
2020,6,1,17,1026,1012,636,43,1,0,332,14,0
2020,6,1,18,1248,1241,722,52,2,4,461,7,0
2020,6,1,19,1343,1329,727,117,1,3,481,14,0
2020,6,2,11,7,7,5,0,0,0,2,0,0
2020,6,2,12,22,22,20,0,0,0,2,0,0
2020,6,2,13,105,100,80,0,0,0,20,5,0
2020,6,2,14,448,445,341,5,0,0,99,3,0
2020,6,2,15,1016,994,771,10,0,0,213,22,0
2020,6,2,16,1597,1572,1139,38,0,1,394,25,0
2020,6,2,17,2197,2160,1497,64,1,2,596,37,0
2020,6,2,18,2645,2601,1760,158,0,2,681,44,0
2020,6,2,19,2857,2805,1797,252,0,2,754,52,0
2020,6,3,11,5,5,4,1,0,0,0,0,0
2020,6,3,12,10,10,10,0,0,0,0,0,0
2020,6,3,13,55,55,51,1,0,0,3,0,0
2020,6,3,14,290,290,268,0,0,0,22,0,0
2020,6,3,15,733,723,660,2,1,0,60,10,0
2020,6,3,16,1267,1256,1091,20,1,0,144,11,0
2020,6,3,17,1775,1770,1458,72,1,1,238,5,0
2020,6,3,18,2406,2393,1846,196,1,0,350,13,0
2020,6,3,19,3014,3001,2208,318,2,6,467,13,0
2020,6,4,12,2,1,1,0,0,0,0,1,0
2020,6,4,13,10,10,9,0,0,0,1,0,0
2020,6,4,14,90,90,78,0,0,0,12,0,0
2020,6,4,15,293,292,243,2,0,0,47,1,0
2020,6,4,16,417,416,327,17,0,0,72,1,0
2020,6,4,17,634,628,473,27,0,0,128,6,0
2020,6,4,18,813,809,595,64,0,2,148,4,0
2020,6,4,19,1122,1116,788,106,0,0,222,6,0
2020,6,5,11,3,3,2,0,0,0,1,0,0
2020,6,5,12,2,2,2,0,0,0,0,0,0
2020,6,5,13,21,21,19,0,0,0,2,0,0
2020,6,5,14,92,92,79,0,0,0,13,0,0
2020,6,5,15,189,188,162,0,0,0,26,1,0
2020,6,5,16,372,367,297,10,0,0,60,5,0
2020,6,5,17,509,506,402,23,1,0,80,3,0
2020,6,5,18,638,633,455,53,0,1,124,5,0
2020,6,5,19,734,731,508,93,0,1,129,3,0
2020,7,0,11,8,8,5,1,0,0,2,0,0
2020,7,0,12,48,48,45,0,0,0,3,0,0
2020,7,0,13,294,289,250,4,0,0,35,5,0
2020,7,0,14,1139,1128,945,9,0,0,174,11,0
2020,7,0,15,2705,2678,2161,14,0,1,502,27,0
2020,7,0,16,4483,4421,3388,85,0,3,945,62,0
2020,7,0,17,6184,6116,4545,247,1,6,1317,68,0
2020,7,0,18,7848,7762,5444,526,4,13,1775,86,0
2020,7,0,19,9390,9291,6223,938,3,13,2114,99,0
2020,7,1,11,1,1,1,0,0,0,0,0,0
2020,7,1,12,10,10,8,0,0,0,2,0,0
2020,7,1,13,73,71,53,3,0,0,15,2,0
2020,7,1,14,221,218,164,3,0,0,51,3,0
2020,7,1,15,520,514,360,3,0,1,150,6,0
2020,7,1,16,805,794,516,14,0,1,263,11,0
2020,7,1,17,1078,1066,654,29,0,0,383,12,0
2020,7,1,18,1337,1324,767,74,0,3,480,13,0
2020,7,1,19,1446,1431,792,113,0,1,525,15,0
2020,7,2,11,3,3,2,0,0,0,1,0,0
2020,7,2,12,19,19,18,0,0,0,1,0,0
2020,7,2,13,109,108,89,1,0,0,18,1,0
2020,7,2,14,441,435,346,6,0,0,83,6,0
2020,7,2,15,1053,1041,812,5,0,0,224,12,0
2020,7,2,16,1601,1575,1137,29,0,0,409,26,0
2020,7,2,17,2216,2179,1554,84,0,4,537,37,0
2020,7,2,18,2608,2575,1733,160,3,2,677,33,0
2020,7,2,19,3039,2992,1946,260,2,3,781,47,0
2020,7,3,11,2,2,0,1,0,0,1,0,0
2020,7,3,12,15,15,15,0,0,0,0,0,0
2020,7,3,13,67,65,64,0,0,0,1,2,0
2020,7,3,14,279,279,255,0,0,0,24,0,0
2020,7,3,15,676,671,604,1,0,0,66,5,0
2020,7,3,16,1299,1280,1130,20,0,0,130,19,0
2020,7,3,17,1754,1745,1482,75,1,0,187,9,0
2020,7,3,18,2365,2342,1815,182,0,5,340,23,0
2020,7,3,19,3089,3067,2247,335,1,5,479,22,0
2020,7,4,11,1,1,1,0,0,0,0,0,0
2020,7,4,12,1,1,1,0,0,0,0,0,0
2020,7,4,13,23,23,23,0,0,0,0,0,0
2020,7,4,14,106,105,99,0,0,0,6,1,0
2020,7,4,15,244,242,204,3,0,0,35,2,0
2020,7,4,16,424,423,338,16,0,1,68,1,0
2020,7,4,17,582,581,443,34,0,1,103,1,0
2020,7,4,18,882,872,647,65,1,2,157,10,0
2020,7,4,19,1056,1049,717,132,0,1,199,7,0
2020,7,5,11,1,1,1,0,0,0,0,0,0
2020,7,5,12,3,3,3,0,0,0,0,0,0
2020,7,5,13,22,22,21,0,0,0,1,0,0
2020,7,5,14,92,91,81,0,0,0,10,1,0
2020,7,5,15,212,210,181,2,0,0,27,2,0
2020,7,5,16,354,349,267,6,0,1,75,5,0
2020,7,5,17,554,545,412,25,0,1,107,9,0
2020,7,5,18,656,649,482,45,0,1,121,7,0
2020,7,5,19,760,752,521,98,0,3,130,8,0
2020,8,0,10,1,1,0,0,0,0,1,0,0
2020,8,0,11,14,14,11,1,0,0,2,0,0
2020,8,0,12,51,51,43,0,0,0,8,0,0
2020,8,0,13,282,279,249,0,0,0,30,3,0
2020,8,0,14,1110,1094,897,4,0,0,193,16,0
2020,8,0,15,2672,2641,2140,9,0,1,491,31,0
2020,8,0,16,4420,4371,3319,84,3,2,963,49,0
2020,8,0,17,6033,5963,4423,218,3,3,1316,70,0
2020,8,0,18,7509,7424,5277,444,5,5,1693,85,0
2020,8,0,19,8947,8861,5993,855,7,15,1991,86,0
2020,8,1,10,1,1,0,0,0,0,1,0,0
2020,8,1,11,5,5,4,0,0,0,1,0,0
2020,8,1,12,12,12,11,0,0,0,1,0,0
2020,8,1,13,76,75,64,0,0,0,11,1,0
2020,8,1,14,255,253,188,1,0,0,64,2,0
2020,8,1,15,482,475,346,2,0,0,127,7,0
2020,8,1,16,796,790,509,17,0,1,263,6,0
2020,8,1,17,1113,1100,704,24,0,1,371,13,0
2020,8,1,18,1277,1259,742,58,3,1,455,18,0
2020,8,1,19,1412,1399,807,103,2,1,486,13,0
2020,8,2,11,7,7,5,1,0,0,1,0,0
2020,8,2,12,20,20,15,0,0,0,5,0,0
2020,8,2,13,96,94,81,0,0,0,13,2,0
2020,8,2,14,427,421,337,1,0,0,83,6,0
2020,8,2,15,999,983,738,5,0,1,239,16,0
2020,8,2,16,1595,1569,1119,32,2,1,415,26,0
2020,8,2,17,2092,2054,1451,69,2,0,532,38,0
2020,8,2,18,2522,2485,1684,135,1,1,664,37,0
2020,8,2,19,2817,2771,1769,240,3,4,755,46,0
2020,8,3,11,2,2,2,0,0,0,0,0,0
2020,8,3,12,11,11,11,0,0,0,0,0,0
2020,8,3,13,65,65,63,0,0,0,2,0,0
2020,8,3,14,270,265,245,1,0,0,19,5,0
2020,8,3,15,743,738,664,1,0,0,73,5,0
2020,8,3,16,1214,1203,1042,18,1,0,142,11,0
2020,8,3,17,1736,1722,1414,79,1,1,227,14,0
2020,8,3,18,2273,2256,1776,154,1,2,323,17,0
2020,8,3,19,2911,2892,2153,310,2,7,420,19,0
2020,8,4,12,3,3,2,0,0,0,1,0,0
2020,8,4,13,17,17,16,0,0,0,1,0,0
2020,8,4,14,85,83,66,0,0,0,17,2,0
2020,8,4,15,220,217,189,0,0,0,28,3,0
2020,8,4,16,455,453,365,9,0,0,79,2,0
2020,8,4,17,601,600,475,22,0,1,102,1,0
2020,8,4,18,820,816,617,53,0,0,146,4,0
2020,8,4,19,1016,1012,708,115,0,2,187,4,0
2020,8,5,12,5,5,4,0,0,0,1,0,0
2020,8,5,13,28,28,25,0,0,0,3,0,0
2020,8,5,14,73,72,61,1,0,0,10,1,0
2020,8,5,15,228,228,203,1,0,0,24,0,0
2020,8,5,16,360,356,284,8,0,0,64,4,0
2020,8,5,17,491,487,379,24,0,0,84,4,0
2020,8,5,18,617,608,458,44,0,1,105,9,0
2020,8,5,19,791,787,556,87,0,1,143,4,0
2020,9,0,10,1,1,1,0,0,0,0,0,0
2020,9,0,11,8,8,6,0,0,0,2,0,0
2020,9,0,12,38,38,35,0,0,0,3,0,0
2020,9,0,13,247,243,212,2,0,0,29,4,0
2020,9,0,14,1124,1111,916,3,0,1,191,13,0
2020,9,0,15,2735,2703,2217,14,0,1,471,32,0
2020,9,0,16,4365,4312,3300,74,1,7,930,53,0
2020,9,0,17,6017,5939,4395,238,1,2,1303,78,0
2020,9,0,18,7644,7566,5401,429,3,12,1721,78,0
2020,9,0,19,8945,8842,5955,804,2,13,2068,103,0
2020,9,1,11,1,1,1,0,0,0,0,0,0
2020,9,1,12,9,9,7,0,0,0,2,0,0
2020,9,1,13,62,62,51,1,0,0,10,0,0
2020,9,1,14,251,249,185,0,0,0,64,2,0
2020,9,1,15,537,534,385,4,0,0,145,3,0
2020,9,1,16,830,823,532,6,0,1,284,7,0
2020,9,1,17,1126,1111,690,34,0,0,387,15,0
2020,9,1,18,1336,1323,806,60,2,1,454,13,0
2020,9,1,19,1442,1425,761,100,1,0,563,17,0
2020,9,2,10,1,1,1,0,0,0,0,0,0
2020,9,2,11,3,3,1,0,0,0,2,0,0
2020,9,2,12,18,18,17,0,0,0,1,0,0
2020,9,2,13,96,93,76,1,0,0,16,3,0
2020,9,2,14,407,399,306,2,0,0,91,8,0
2020,9,2,15,1024,1003,797,4,0,1,201,21,0
2020,9,2,16,1550,1519,1094,21,1,4,399,31,0
2020,9,2,17,2126,2088,1500,70,1,1,516,38,0
2020,9,2,18,2554,2519,1722,119,0,5,673,35,0
2020,9,2,19,2829,2789,1818,217,0,3,751,40,0
2020,9,3,12,6,6,6,0,0,0,0,0,0
2020,9,3,13,61,61,60,0,0,0,1,0,0
2020,9,3,14,277,277,254,1,0,1,21,0,0
2020,9,3,15,750,744,675,4,0,0,65,6,0
2020,9,3,16,1194,1183,1022,28,0,1,132,11,0
2020,9,3,17,1697,1678,1385,80,0,0,213,19,0
2020,9,3,18,2330,2309,1821,143,1,4,340,21,0
2020,9,3,19,2913,2889,2172,282,1,6,428,24,0
2020,9,4,11,2,2,2,0,0,0,0,0,0
2020,9,4,12,4,4,4,0,0,0,0,0,0
2020,9,4,13,9,9,8,0,0,0,1,0,0
2020,9,4,14,101,100,90,0,0,0,10,1,0
2020,9,4,15,227,225,191,1,0,0,33,2,0
2020,9,4,16,455,453,386,12,0,0,55,2,0
2020,9,4,17,592,589,453,25,0,0,111,3,0
2020,9,4,18,822,816,609,55,0,1,151,6,0
2020,9,4,19,1028,1018,712,114,0,4,188,10,0
2020,9,5,11,2,2,2,0,0,0,0,0,0
2020,9,5,12,1,1,1,0,0,0,0,0,0
2020,9,5,13,19,18,17,0,0,0,1,1,0
2020,9,5,14,88,86,81,0,0,0,5,2,0
2020,9,5,15,197,197,169,1,0,0,27,0,0
2020,9,5,16,336,334,266,7,0,1,60,2,0
2020,9,5,17,476,473,367,29,0,1,76,3,0
2020,9,5,18,602,599,443,52,0,1,103,3,0
2020,9,5,19,733,721,492,91,0,0,138,12,0
2020,10,0,11,8,8,5,2,0,0,1,0,0
2020,10,0,12,30,30,27,0,0,0,3,0,0
2020,10,0,13,271,264,233,1,0,0,30,7,0
2020,10,0,14,1112,1100,903,7,0,0,190,12,0
2020,10,0,15,2618,2589,2038,19,0,2,530,29,0
2020,10,0,16,4368,4324,3270,83,0,3,968,44,0
2020,10,0,17,5687,5614,4170,218,3,3,1220,73,0
2020,10,0,18,7148,7063,4934,413,4,9,1703,85,0
2020,10,0,19,8674,8580,5803,807,6,17,1947,94,0
2020,10,1,11,2,2,0,1,0,0,1,0,0
2020,10,1,12,7,7,5,0,0,0,2,0,0
2020,10,1,13,64,62,51,0,0,0,11,2,0
2020,10,1,14,218,213,156,5,0,0,52,5,0
2020,10,1,15,534,532,370,6,0,0,156,2,0
2020,10,1,16,827,816,509,16,0,0,291,11,0
2020,10,1,17,1095,1081,682,34,1,2,362,14,0
2020,10,1,18,1302,1286,779,57,0,1,449,16,0
2020,10,1,19,1414,1392,809,109,1,3,470,22,0
2020,10,2,11,3,3,3,0,0,0,0,0,0
2020,10,2,12,14,14,14,0,0,0,0,0,0
2020,10,2,13,115,111,95,0,0,0,16,4,0
2020,10,2,14,444,440,353,1,0,0,86,4,0
2020,10,2,15,955,935,698,8,0,2,227,20,0
2020,10,2,16,1525,1504,1064,22,0,1,417,21,0
2020,10,2,17,2022,1980,1421,65,2,0,492,42,0
2020,10,2,18,2443,2395,1560,144,3,4,684,48,0
2020,10,2,19,2792,2751,1739,248,3,2,759,41,0
2020,10,3,11,1,1,1,0,0,0,0,0,0
2020,10,3,12,2,2,2,0,0,0,0,0,0
2020,10,3,13,47,47,46,1,0,0,0,0,0
2020,10,3,14,267,264,234,0,0,0,30,3,0
2020,10,3,15,703,700,618,3,0,0,79,3,0
2020,10,3,16,1208,1201,1044,21,0,1,135,7,0
2020,10,3,17,1594,1583,1337,63,0,0,183,11,0
2020,10,3,18,2139,2127,1672,122,1,3,329,12,0
2020,10,3,19,2729,2711,2013,282,0,10,406,18,0
2020,10,4,12,2,2,2,0,0,0,0,0,0
2020,10,4,13,22,21,20,0,0,0,1,1,0
2020,10,4,14,98,98,83,1,0,0,14,0,0
2020,10,4,15,206,203,162,2,0,0,39,3,0
2020,10,4,16,445,442,369,12,0,0,61,3,0
2020,10,4,17,535,530,393,29,0,1,107,5,0
2020,10,4,18,686,682,496,46,0,1,139,4,0
2020,10,4,19,1028,1019,739,93,2,0,185,9,0
2020,10,5,11,2,2,1,1,0,0,0,0,0
2020,10,5,12,5,5,4,0,0,0,1,0,0
2020,10,5,13,23,23,21,0,0,0,2,0,0
2020,10,5,14,85,85,77,0,0,0,8,0,0
2020,10,5,15,220,219,190,0,0,0,29,1,0
2020,10,5,16,363,361,284,12,0,1,64,2,0
2020,10,5,17,441,440,337,27,0,0,76,1,0
2020,10,5,18,578,573,427,44,0,0,102,5,0
2020,10,5,19,711,707,503,75,0,2,127,4,0
2020,11,0,11,6,6,4,0,0,0,2,0,0
2020,11,0,12,39,39,34,0,0,1,4,0,0
2020,11,0,13,234,230,197,2,0,0,31,4,0
2020,11,0,14,936,924,724,8,0,1,191,12,0
2020,11,0,15,2460,2424,1953,10,0,2,459,36,0
2020,11,0,16,3874,3830,2943,80,4,4,799,44,0
2020,11,0,17,5491,5423,4011,194,1,8,1209,68,0
2020,11,0,18,7045,6954,4919,444,1,5,1585,91,0
2020,11,0,19,8305,8227,5597,768,4,20,1838,78,0
2020,11,1,11,2,2,2,0,0,0,0,0,0
2020,11,1,12,12,12,12,0,0,0,0,0,0
2020,11,1,13,63,62,50,0,0,0,12,1,0
2020,11,1,14,207,203,139,2,0,1,61,4,0
2020,11,1,15,502,492,360,2,0,0,130,10,0
2020,11,1,16,742,731,492,9,0,0,230,11,0
2020,11,1,17,1010,1001,594,30,1,0,376,9,0
2020,11,1,18,1133,1117,638,61,0,0,418,16,0
2020,11,1,19,1294,1282,702,101,1,3,475,12,0
2020,11,2,11,1,1,0,0,0,0,1,0,0
2020,11,2,12,16,16,14,0,0,1,1,0,0
2020,11,2,13,78,76,63,0,0,0,13,2,0
2020,11,2,14,362,355,258,4,0,0,93,7,0
2020,11,2,15,901,884,669,5,0,2,208,17,0
2020,11,2,16,1381,1359,962,32,3,2,360,22,0
2020,11,2,17,1862,1827,1289,58,0,3,477,35,0
2020,11,2,18,2416,2365,1600,134,0,1,630,51,0
2020,11,2,19,2585,2547,1662,206,0,5,674,38,0
2020,11,3,11,3,3,2,0,0,0,1,0,0
2020,11,3,12,3,3,3,0,0,0,0,0,0
2020,11,3,13,55,55,54,0,0,0,1,0,0
2020,11,3,14,240,239,220,1,0,0,18,1,0
2020,11,3,15,665,660,591,2,0,0,67,5,0
2020,11,3,16,1066,1061,933,25,1,2,100,5,0
2020,11,3,17,1676,1660,1396,64,0,4,196,16,0
2020,11,3,18,2181,2169,1710,152,0,2,305,12,0
2020,11,3,19,2784,2771,2070,301,2,3,395,13,0
2020,11,4,12,2,2,1,0,0,0,1,0,0
2020,11,4,13,14,14,13,0,0,0,1,0,0
2020,11,4,14,69,69,59,1,0,0,9,0,0
2020,11,4,15,206,204,180,1,0,0,23,2,0
2020,11,4,16,372,369,299,8,0,0,62,3,0
2020,11,4,17,507,504,389,23,0,0,92,3,0
2020,11,4,18,758,749,562,52,0,1,134,9,0
2020,11,4,19,952,942,688,84,0,4,166,10,0
2020,11,5,12,6,6,4,0,0,0,2,0,0
2020,11,5,13,24,23,17,2,0,0,4,1,0
2020,11,5,14,58,58,48,0,0,0,10,0,0
2020,11,5,15,186,184,153,0,0,0,31,2,0
2020,11,5,16,313,310,257,6,0,0,47,3,0
2020,11,5,17,436,431,343,19,0,1,68,5,0
2020,11,5,18,557,554,409,45,1,1,98,3,0
2020,11,5,19,690,685,475,76,1,5,128,5,0
2020,12,0,11,7,7,6,0,0,0,1,0,0
2020,12,0,12,30,30,27,1,0,0,2,0,0
2020,12,0,13,246,240,206,0,0,1,33,6,0
2020,12,0,14,1053,1036,855,7,0,1,173,17,0
2020,12,0,15,2514,2481,1990,19,2,2,468,33,0
2020,12,0,16,4116,4075,3091,81,1,1,901,41,0
2020,12,0,17,5773,5706,4149,228,0,6,1323,67,0
2020,12,0,18,7093,7022,4946,453,3,9,1611,71,0
2020,12,0,19,8789,8683,5846,812,6,6,2013,106,0
2020,12,1,11,2,2,1,0,0,0,1,0,0
2020,12,1,12,6,6,5,0,0,0,1,0,0
2020,12,1,13,64,61,47,0,0,0,14,3,0
2020,12,1,14,219,214,160,3,0,0,51,5,0
2020,12,1,15,474,469,330,3,1,0,135,5,0
2020,12,1,16,822,811,540,18,0,0,253,11,0
2020,12,1,17,1047,1041,639,31,0,1,370,6,0
2020,12,1,18,1174,1161,673,57,2,0,429,13,0
2020,12,1,19,1362,1344,734,87,2,2,519,18,0
2020,12,2,11,4,4,4,0,0,0,0,0,0
2020,12,2,12,9,9,8,1,0,0,0,0,0
2020,12,2,13,91,89,74,0,0,0,15,2,0
2020,12,2,14,375,369,291,1,0,1,76,6,0
2020,12,2,15,920,908,679,12,1,1,215,12,0
2020,12,2,16,1433,1415,1010,31,1,0,373,18,0
2020,12,2,17,1933,1895,1292,69,0,4,530,38,0
2020,12,2,18,2302,2268,1537,116,0,4,611,34,0
2020,12,2,19,2689,2637,1678,215,2,2,740,52,0
2020,12,3,11,1,1,1,0,0,0,0,0,0
2020,12,3,12,7,7,7,0,0,0,0,0,0
2020,12,3,13,49,49,47,0,0,0,2,0,0
2020,12,3,14,263,262,236,1,0,0,25,1,0
2020,12,3,15,671,659,602,2,0,1,54,12,0
2020,12,3,16,1122,1118,963,20,0,1,134,4,0
2020,12,3,17,1783,1764,1455,73,0,1,235,19,0
2020,12,3,18,2291,2277,1765,167,0,3,342,14,0
2020,12,3,19,2891,2865,2153,292,1,1,418,26,0
2020,12,4,12,2,2,2,0,0,0,0,0,0
2020,12,4,13,26,26,24,0,0,1,1,0,0
2020,12,4,14,98,95,84,0,0,0,11,3,0
2020,12,4,15,223,222,185,1,0,0,36,1,0
2020,12,4,16,417,411,326,9,0,0,76,6,0
2020,12,4,17,569,567,429,32,0,0,106,2,0
2020,12,4,18,751,744,557,70,1,1,115,7,0
2020,12,4,19,1140,1133,806,126,0,0,201,7,0
2020,12,5,12,6,6,5,0,0,0,1,0,0
2020,12,5,13,16,15,14,0,0,0,1,1,0
2020,12,5,14,98,96,84,2,0,0,10,2,0
2020,12,5,15,226,223,194,1,0,0,28,3,0
2020,12,5,16,322,320,252,3,0,0,65,2,0
2020,12,5,17,441,439,334,23,0,0,82,2,0
2020,12,5,18,575,572,414,43,0,1,114,3,0
2020,12,5,19,707,704,475,92,1,1,135,3,0
2021,1,0,11,9,9,8,0,0,0,1,0,0
2021,1,0,12,53,53,44,1,0,0,8,0,0
2021,1,0,13,269,264,228,3,0,0,33,5,0
2021,1,0,14,1116,1109,914,2,0,0,193,7,0
2021,1,0,15,2626,2601,2076,25,2,0,498,25,0
2021,1,0,16,4269,4209,3221,92,3,3,890,60,0
2021,1,0,17,5997,5918,4337,244,0,5,1332,79,0
2021,1,0,18,7301,7196,5007,471,3,12,1703,105,0
2021,1,0,19,9056,8972,6031,850,2,19,2070,84,0
2021,1,1,11,2,2,2,0,0,0,0,0,0
2021,1,1,12,7,7,4,0,0,0,3,0,0
2021,1,1,13,60,57,45,2,0,0,10,3,0
2021,1,1,14,227,227,173,0,0,0,54,0,0
2021,1,1,15,486,482,331,7,0,0,144,4,0
2021,1,1,16,792,780,515,19,0,0,246,12,0
2021,1,1,17,997,988,631,32,0,2,323,9,0
2021,1,1,18,1184,1160,662,64,0,3,431,24,0
2021,1,1,19,1348,1335,739,97,1,3,495,13,0
2021,1,2,11,3,3,2,0,0,0,1,0,0
2021,1,2,12,23,23,20,1,0,0,2,0,0
2021,1,2,13,94,93,77,0,0,0,16,1,0
2021,1,2,14,414,410,320,0,0,0,90,4,0
2021,1,2,15,976,960,724,11,2,0,223,16,0
2021,1,2,16,1435,1407,1005,35,1,1,365,28,0
2021,1,2,17,1931,1888,1276,85,0,2,525,43,0
2021,1,2,18,2352,2307,1486,141,1,4,675,45,0
2021,1,2,19,2789,2753,1760,214,0,4,775,36,0
2021,1,3,11,2,2,2,0,0,0,0,0,0
2021,1,3,12,8,8,8,0,0,0,0,0,0
2021,1,3,13,69,68,65,0,0,0,3,1,0
2021,1,3,14,281,279,254,1,0,0,24,2,0
2021,1,3,15,721,717,635,3,0,0,79,4,0
2021,1,3,16,1257,1251,1066,18,1,2,164,6,0
2021,1,3,17,1865,1845,1512,70,0,0,263,20,0
2021,1,3,18,2376,2352,1857,159,1,3,332,24,0
2021,1,3,19,3056,3040,2212,330,0,8,490,16,0
2021,1,4,11,1,1,1,0,0,0,0,0,0
2021,1,4,12,7,7,7,0,0,0,0,0,0
2021,1,4,13,25,25,23,0,0,0,2,0,0
2021,1,4,14,95,95,84,1,0,0,10,0,0
2021,1,4,15,220,220,193,2,0,0,25,0,0
2021,1,4,16,442,434,360,12,1,0,61,8,0
2021,1,4,17,686,682,525,35,0,0,122,4,0
2021,1,4,18,798,792,586,56,0,2,148,6,0
2021,1,4,19,1079,1069,756,125,1,2,185,10,0
2021,1,5,11,1,1,1,0,0,0,0,0,0
2021,1,5,12,8,8,5,0,0,0,3,0,0
2021,1,5,13,21,21,18,1,0,0,2,0,0
2021,1,5,14,99,98,83,0,0,0,15,1,0
2021,1,5,15,223,222,193,2,0,0,27,1,0
2021,1,5,16,343,337,275,8,0,0,54,6,0
2021,1,5,17,518,515,393,22,0,1,99,3,0
2021,1,5,18,591,585,416,51,1,0,117,6,0
2021,1,5,19,784,775,564,84,0,2,125,9,0
2021,2,0,11,10,10,7,1,0,0,2,0,0
2021,2,0,12,59,56,47,1,0,0,8,3,0
2021,2,0,13,281,274,222,2,0,0,50,7,0
2021,2,0,14,1054,1038,880,4,0,0,154,16,0
2021,2,0,15,2502,2471,1995,18,0,1,457,31,0
2021,2,0,16,3994,3937,3008,82,1,4,842,57,0
2021,2,0,17,5600,5532,4071,213,2,1,1245,68,0
2021,2,0,18,6911,6841,4888,423,1,7,1522,70,0
2021,2,0,19,8420,8310,5685,755,6,17,1847,110,0
2021,2,1,11,1,1,0,0,0,0,1,0,0
2021,2,1,12,17,17,15,0,0,0,2,0,0
2021,2,1,13,66,64,49,1,0,0,14,2,0
2021,2,1,14,219,217,165,1,0,0,51,2,0
2021,2,1,15,462,456,321,3,0,0,132,6,0
2021,2,1,16,678,672,448,8,0,1,215,6,0
2021,2,1,17,1046,1034,665,25,1,0,343,12,0
2021,2,1,18,1131,1121,690,55,1,1,374,10,0
2021,2,1,19,1249,1233,704,85,1,1,442,16,0
2021,2,2,11,3,3,2,0,0,0,1,0,0
2021,2,2,12,22,20,16,1,0,0,3,2,0
2021,2,2,13,114,109,85,1,0,0,23,5,0
2021,2,2,14,385,373,308,0,0,0,65,12,0
2021,2,2,15,914,896,678,9,0,0,209,18,0
2021,2,2,16,1389,1362,946,34,0,1,381,27,0
2021,2,2,17,1844,1804,1229,72,1,0,502,40,0
2021,2,2,18,2166,2135,1433,120,0,3,579,31,0
2021,2,2,19,2537,2486,1634,196,3,4,649,51,0
2021,2,3,11,6,6,5,1,0,0,0,0,0
2021,2,3,12,10,9,9,0,0,0,0,1,0
2021,2,3,13,52,52,46,0,0,0,6,0,0
2021,2,3,14,275,273,255,2,0,0,16,2,0
2021,2,3,15,696,690,631,3,0,0,56,6,0
2021,2,3,16,1186,1174,1015,28,1,1,129,12,0
2021,2,3,17,1657,1647,1356,73,0,1,217,10,0
2021,2,3,18,2212,2192,1732,152,0,1,307,20,0
2021,2,3,19,2900,2873,2133,315,2,10,413,27,0
2021,2,4,12,6,6,5,0,0,0,1,0,0
2021,2,4,13,20,20,16,0,0,0,4,0,0
2021,2,4,14,90,90,76,0,0,0,14,0,0
2021,2,4,15,220,220,183,2,0,1,34,0,0
2021,2,4,16,419,412,342,6,0,0,64,7,0
2021,2,4,17,563,561,437,22,0,0,102,2,0
2021,2,4,18,773,770,577,48,0,1,144,3,0
2021,2,4,19,1004,996,694,91,0,1,210,8,0
2021,2,5,12,4,4,2,0,0,0,2,0,0
2021,2,5,13,29,29,26,0,0,0,3,0,0
2021,2,5,14,85,85,76,1,0,0,8,0,0
2021,2,5,15,210,209,182,1,0,0,26,1,0
2021,2,5,16,322,317,257,6,0,1,53,5,0
2021,2,5,17,490,486,384,21,0,0,81,4,0
2021,2,5,18,629,623,456,48,0,1,118,6,0
2021,2,5,19,730,722,520,68,0,1,133,8,0
2021,3,0,11,9,9,8,0,0,0,1,0,0
2021,3,0,12,55,55,50,2,0,0,3,0,0
2021,3,0,13,294,289,258,3,0,0,28,5,0
2021,3,0,14,1161,1149,939,13,0,0,197,12,0
2021,3,0,15,2888,2852,2266,29,0,3,554,36,0
2021,3,0,16,4556,4506,3424,87,2,3,990,50,0
2021,3,0,17,6285,6199,4567,231,2,7,1392,86,0
2021,3,0,18,7768,7663,5374,509,4,17,1759,105,0
2021,3,0,19,9588,9479,6455,892,3,15,2114,109,0
2021,3,1,11,3,3,3,0,0,0,0,0,0
2021,3,1,12,11,11,10,0,0,0,1,0,0
2021,3,1,13,68,66,56,0,0,0,10,2,0
2021,3,1,14,241,241,184,3,0,0,54,0,0
2021,3,1,15,554,546,387,6,0,1,152,8,0
2021,3,1,16,817,803,530,10,1,0,262,14,0
2021,3,1,17,1084,1070,657,33,0,0,380,14,0
2021,3,1,18,1255,1234,717,65,1,3,448,21,0
2021,3,1,19,1464,1445,801,96,0,2,546,19,0
2021,3,2,11,3,3,2,0,0,0,1,0,0
2021,3,2,12,25,25,23,0,0,0,2,0,0
2021,3,2,13,114,112,98,1,0,0,13,2,0
2021,3,2,14,445,434,341,6,0,0,87,11,0
2021,3,2,15,1016,999,736,10,0,1,252,17,0
2021,3,2,16,1634,1608,1129,31,0,0,448,26,0
2021,3,2,17,2156,2113,1465,65,1,4,578,43,0
2021,3,2,18,2554,2501,1670,148,2,4,677,53,0
2021,3,2,19,2974,2917,1903,247,3,7,757,57,0
2021,3,3,12,9,9,8,1,0,0,0,0,0
2021,3,3,13,77,77,73,0,0,0,4,0,0
2021,3,3,14,313,312,283,0,0,0,29,1,0
2021,3,3,15,815,806,725,6,0,0,75,9,0
2021,3,3,16,1298,1291,1120,29,0,0,142,7,0
2021,3,3,17,1823,1808,1495,73,0,1,239,15,0
2021,3,3,18,2436,2413,1874,174,1,7,357,23,0
2021,3,3,19,3182,3156,2363,334,0,4,455,26,0
2021,3,4,11,2,2,2,0,0,0,0,0,0
2021,3,4,12,4,4,4,0,0,0,0,0,0
2021,3,4,13,20,20,20,0,0,0,0,0,0
2021,3,4,14,77,77,64,0,0,0,13,0,0
2021,3,4,15,291,291,242,5,0,1,43,0,0
2021,3,4,16,437,435,355,9,0,0,71,2,0
2021,3,4,17,667,658,528,35,0,1,94,9,0
2021,3,4,18,849,844,619,66,0,1,158,5,0
2021,3,4,19,1091,1088,779,113,0,1,195,3,0
2021,3,5,11,1,1,1,0,0,0,0,0,0
2021,3,5,12,6,6,5,1,0,0,0,0,0
2021,3,5,13,15,14,11,2,0,0,1,1,0
2021,3,5,14,85,85,67,4,0,0,14,0,0
2021,3,5,15,212,210,176,2,0,0,32,2,0
2021,3,5,16,370,369,290,8,1,3,67,1,0
2021,3,5,17,555,550,422,25,1,1,101,5,0
2021,3,5,18,674,671,494,56,0,2,119,3,0
2021,3,5,19,877,873,609,102,0,1,161,4,0
2021,4,0,10,2,2,2,0,0,0,0,0,0
2021,4,0,11,10,9,8,1,0,0,0,1,0
2021,4,0,12,49,49,39,0,0,0,10,0,0
2021,4,0,13,340,335,277,4,0,0,54,5,0
2021,4,0,14,1239,1217,1005,10,0,1,201,22,0
2021,4,0,15,2801,2765,2224,20,0,0,521,36,0
2021,4,0,16,4463,4407,3367,83,3,4,950,56,0
2021,4,0,17,5993,5903,4365,218,4,8,1308,90,0
2021,4,0,18,7512,7404,5189,477,4,8,1726,108,0
2021,4,0,19,9301,9162,6150,853,2,15,2142,139,0
2021,4,1,11,2,2,2,0,0,0,0,0,0
2021,4,1,12,13,13,11,0,0,0,2,0,0
2021,4,1,13,91,90,72,3,0,0,15,1,0
2021,4,1,14,289,286,212,4,0,0,70,3,0
2021,4,1,15,544,538,394,5,0,0,139,6,0
2021,4,1,16,857,846,582,16,1,0,247,11,0
2021,4,1,17,1081,1071,681,36,1,2,351,10,0
2021,4,1,18,1200,1190,660,68,1,1,460,10,0
2021,4,1,19,1446,1420,802,104,0,2,512,26,0
2021,4,2,10,1,1,1,0,0,0,0,0,0
2021,4,2,11,3,2,2,0,0,0,0,1,0
2021,4,2,12,19,19,13,0,0,0,6,0,0
2021,4,2,13,144,140,108,1,0,0,31,4,0
2021,4,2,14,481,470,379,3,0,1,87,11,0
2021,4,2,15,1070,1050,799,7,0,0,244,20,0
2021,4,2,16,1632,1599,1143,28,1,3,424,33,0
2021,4,2,17,2113,2062,1465,46,1,5,545,51,0
2021,4,2,18,2627,2561,1734,130,2,3,692,66,0
2021,4,2,19,3013,2937,1861,239,0,3,834,76,0
2021,4,3,11,2,2,1,1,0,0,0,0,0
2021,4,3,12,12,12,11,0,0,0,1,0,0
2021,4,3,13,55,55,51,0,0,0,4,0,0
2021,4,3,14,279,275,255,2,0,0,18,4,0
2021,4,3,15,712,705,634,4,0,0,67,7,0
2021,4,3,16,1211,1202,1036,20,0,0,146,9,0
2021,4,3,17,1737,1722,1409,89,1,0,223,15,0
2021,4,3,18,2282,2265,1765,184,1,3,312,17,0
2021,4,3,19,2997,2975,2190,320,2,5,458,22,0
2021,4,4,11,2,2,2,0,0,0,0,0,0
2021,4,4,12,3,3,3,0,0,0,0,0,0
2021,4,4,13,22,22,21,0,0,0,1,0,0
2021,4,4,14,93,91,74,0,0,0,17,2,0
2021,4,4,15,240,240,205,1,0,0,34,0,0
2021,4,4,16,396,393,322,11,0,1,59,3,0
2021,4,4,17,573,567,435,27,0,0,105,6,0
2021,4,4,18,767,759,577,47,0,0,135,8,0
2021,4,4,19,1028,1021,736,102,0,4,179,7,0
2021,4,5,10,1,1,1,0,0,0,0,0,0
2021,4,5,11,1,1,1,0,0,0,0,0,0
2021,4,5,12,2,2,1,0,0,0,1,0,0
2021,4,5,13,28,28,25,0,0,0,3,0,0
2021,4,5,14,97,95,85,1,0,0,9,2,0
2021,4,5,15,235,232,192,3,0,0,37,3,0
2021,4,5,16,367,367,284,8,1,0,74,0,0
2021,4,5,17,489,481,375,20,1,1,84,8,0
2021,4,5,18,636,629,453,48,0,1,127,7,0
2021,4,5,19,817,809,561,88,0,1,159,8,0
2021,5,0,11,9,9,8,0,0,0,1,0,0
2021,5,0,12,68,65,59,2,0,0,4,3,0
2021,5,0,13,291,285,240,2,0,0,43,6,0
2021,5,0,14,1154,1127,908,4,0,1,214,27,0
2021,5,0,15,2861,2807,2228,22,0,1,556,54,0
2021,5,0,16,4667,4605,3509,83,1,2,1010,62,0
2021,5,0,17,6187,6106,4527,237,1,3,1338,81,0
2021,5,0,18,7623,7516,5354,415,3,8,1736,107,0
2021,5,0,19,9579,9461,6439,914,5,21,2082,118,0
2021,5,1,12,21,21,19,0,0,0,2,0,0
2021,5,1,13,62,61,47,0,0,0,14,1,0
2021,5,1,14,250,246,174,2,0,0,70,4,0
2021,5,1,15,578,571,396,2,0,0,173,7,0
2021,5,1,16,830,822,526,11,0,0,285,8,0
2021,5,1,17,1124,1117,716,34,1,1,365,7,0
2021,5,1,18,1282,1269,753,42,1,1,472,13,0
2021,5,1,19,1551,1537,907,102,1,4,523,14,0
2021,5,2,11,7,7,6,0,0,0,1,0,0
2021,5,2,12,20,19,16,1,0,0,2,1,0
2021,5,2,13,128,125,102,2,0,0,21,3,0
2021,5,2,14,455,439,332,1,0,0,106,16,0
2021,5,2,15,1117,1084,828,11,0,1,244,33,0
2021,5,2,16,1709,1673,1191,31,1,0,450,36,0
2021,5,2,17,2164,2115,1492,68,0,1,554,49,0
2021,5,2,18,2679,2619,1795,127,2,2,693,60,0
2021,5,2,19,3040,2978,1953,253,2,5,765,62,0
2021,5,3,11,2,2,2,0,0,0,0,0,0
2021,5,3,12,11,11,11,0,0,0,0,0,0
2021,5,3,13,62,60,54,0,0,0,6,2,0
2021,5,3,14,272,267,248,0,0,0,19,5,0
2021,5,3,15,700,691,618,5,0,0,68,9,0
2021,5,3,16,1296,1285,1116,21,0,1,147,11,0
2021,5,3,17,1803,1783,1490,71,0,0,222,20,0
2021,5,3,18,2219,2195,1730,154,0,2,309,24,0
2021,5,3,19,3004,2980,2210,338,2,7,423,24,0
2021,5,4,12,6,6,6,0,0,0,0,0,0
2021,5,4,13,25,25,25,0,0,0,0,0,0
2021,5,4,14,87,87,76,1,0,1,9,0,0
2021,5,4,15,243,242,205,1,0,0,36,1,0
2021,5,4,16,444,441,375,6,0,1,59,3,0
2021,5,4,17,580,578,438,33,0,0,107,2,0
2021,5,4,18,803,797,598,47,0,1,151,6,0
2021,5,4,19,1159,1150,808,129,0,2,211,9,0
2021,5,5,12,10,8,7,1,0,0,0,2,0
2021,5,5,13,14,14,12,0,0,0,2,0,0
2021,5,5,14,90,88,78,0,0,0,10,2,0
2021,5,5,15,223,219,181,3,0,0,35,4,0
2021,5,5,16,388,384,301,14,0,0,69,4,0
2021,5,5,17,516,513,391,31,0,1,90,3,0
2021,5,5,18,640,636,478,45,0,2,111,4,0
2021,5,5,19,825,816,561,92,0,3,160,9,0
2021,6,0,11,9,9,8,0,0,0,1,0,0
2021,6,0,12,51,51,38,1,0,0,12,0,0
2021,6,0,13,291,283,228,6,1,0,48,8,0
2021,6,0,14,1131,1122,899,5,0,0,218,9,0
2021,6,0,15,2556,2528,1994,17,0,0,517,28,0
2021,6,0,16,4257,4199,3139,82,0,0,978,58,0
2021,6,0,17,5674,5617,4147,216,1,6,1247,57,0
2021,6,0,18,7083,7009,4952,443,3,7,1604,74,0
2021,6,0,19,8887,8764,6042,739,1,17,1965,123,0
2021,6,1,11,2,2,2,0,0,0,0,0,0
2021,6,1,12,13,13,8,0,0,0,5,0,0
2021,6,1,13,74,73,57,2,1,0,13,1,0
2021,6,1,14,273,270,200,1,0,0,69,3,0
2021,6,1,15,480,474,341,4,0,0,129,6,0
2021,6,1,16,805,796,534,11,0,0,251,9,0
2021,6,1,17,987,975,607,32,0,2,334,12,0
2021,6,1,18,1195,1184,694,55,1,2,432,11,0
2021,6,1,19,1423,1402,799,100,0,2,501,21,0
2021,6,2,11,4,4,3,0,0,0,1,0,0
2021,6,2,12,17,17,14,0,0,0,3,0,0
2021,6,2,13,129,123,98,0,0,0,25,6,0
2021,6,2,14,433,428,328,1,0,0,99,5,0
2021,6,2,15,1010,994,737,8,0,0,249,16,0
2021,6,2,16,1628,1597,1126,38,0,0,433,31,0
2021,6,2,17,1982,1955,1357,64,1,2,531,27,0
2021,6,2,18,2388,2347,1603,127,0,2,615,41,0
2021,6,2,19,2950,2890,1909,209,1,5,766,60,0
2021,6,3,11,2,2,2,0,0,0,0,0,0
2021,6,3,12,11,11,10,0,0,0,1,0,0
2021,6,3,13,47,47,42,1,0,0,4,0,0
2021,6,3,14,259,259,232,1,0,0,26,0,0
2021,6,3,15,672,669,587,2,0,0,80,3,0
2021,6,3,16,1103,1093,923,19,0,0,151,10,0
2021,6,3,17,1678,1669,1390,70,0,2,207,9,0
2021,6,3,18,2180,2168,1678,159,0,2,329,12,0
2021,6,3,19,2730,2700,2043,270,0,5,382,30,0
2021,6,4,12,3,3,2,0,0,0,1,0,0
2021,6,4,13,14,14,11,1,0,0,2,0,0
2021,6,4,14,72,72,60,0,0,0,12,0,0
2021,6,4,15,217,215,186,2,0,0,27,2,0
2021,6,4,16,374,370,286,8,0,0,76,4,0
2021,6,4,17,546,541,423,29,0,0,89,5,0
2021,6,4,18,751,746,567,55,2,0,122,5,0
2021,6,4,19,1005,999,742,91,0,2,164,6,0
2021,6,5,11,1,1,1,0,0,0,0,0,0
2021,6,5,12,7,7,4,1,0,0,2,0,0
2021,6,5,13,27,26,20,2,0,0,4,1,0
2021,6,5,14,94,93,79,2,0,0,12,1,0
2021,6,5,15,177,176,143,1,0,0,32,1,0
2021,6,5,16,347,343,270,6,0,0,67,4,0
2021,6,5,17,481,477,370,21,0,0,86,4,0
2021,6,5,18,569,564,410,47,0,1,106,5,0
2021,6,5,19,779,773,549,69,0,3,152,6,0
2021,7,0,11,8,8,6,1,0,0,1,0,0
2021,7,0,12,54,54,45,1,0,0,8,0,0
2021,7,0,13,291,285,236,2,0,0,47,6,0
2021,7,0,14,1055,1041,843,5,0,1,192,14,0
2021,7,0,15,2584,2552,2011,12,0,2,527,32,0
2021,7,0,16,4229,4173,3204,76,1,1,891,56,0
2021,7,0,17,5735,5677,4180,215,3,5,1274,58,0
2021,7,0,18,7065,6975,4887,411,2,5,1670,90,0
2021,7,0,19,8746,8650,5914,770,2,21,1943,96,0
2021,7,1,11,2,2,2,0,0,0,0,0,0
2021,7,1,12,19,19,16,0,0,0,3,0,0
2021,7,1,13,76,76,62,1,0,0,13,0,0
2021,7,1,14,266,264,197,1,0,0,66,2,0
2021,7,1,15,524,518,364,4,0,0,150,6,0
2021,7,1,16,846,836,587,13,1,0,235,10,0
2021,7,1,17,1050,1037,678,32,0,1,326,13,0
2021,7,1,18,1252,1245,751,55,0,0,439,7,0
2021,7,1,19,1440,1414,795,114,0,2,503,26,0
2021,7,2,11,2,2,1,0,0,0,1,0,0
2021,7,2,12,18,18,14,0,0,0,4,0,0
2021,7,2,13,125,121,97,0,0,0,24,4,0
2021,7,2,14,397,388,311,1,0,1,75,9,0
2021,7,2,15,959,944,699,4,0,1,240,15,0
2021,7,2,16,1521,1496,1071,26,0,1,398,25,0
2021,7,2,17,2056,2030,1402,76,0,3,549,26,0
2021,7,2,18,2436,2382,1601,117,0,3,661,54,0
2021,7,2,19,2804,2763,1840,199,1,7,716,41,0
2021,7,3,11,4,4,3,1,0,0,0,0,0
2021,7,3,12,9,9,8,0,0,0,1,0,0
2021,7,3,13,56,55,51,1,0,0,3,1,0
2021,7,3,14,226,224,196,3,0,0,25,2,0
2021,7,3,15,660,653,578,2,0,0,73,7,0
2021,7,3,16,1122,1109,954,21,0,0,134,13,0
2021,7,3,17,1585,1571,1305,64,3,1,198,14,0
2021,7,3,18,2063,2043,1585,143,2,0,313,20,0
2021,7,3,19,2835,2817,2088,289,1,7,432,18,0
2021,7,4,12,5,5,5,0,0,0,0,0,0
2021,7,4,13,14,13,10,0,0,0,3,1,0
2021,7,4,14,83,82,70,0,0,0,12,1,0
2021,7,4,15,231,229,198,0,0,1,30,2,0
2021,7,4,16,398,396,322,6,0,0,68,2,0
2021,7,4,17,543,540,405,21,0,0,114,3,0
2021,7,4,18,739,736,542,48,0,2,144,3,0
2021,7,4,19,956,951,689,93,0,1,168,5,0
2021,7,5,12,3,3,2,1,0,0,0,0,0
2021,7,5,13,20,20,16,0,0,0,4,0,0
2021,7,5,14,83,83,69,0,0,0,14,0,0
2021,7,5,15,210,208,172,2,0,0,34,2,0
2021,7,5,16,342,336,270,10,0,0,56,6,0
2021,7,5,17,501,499,390,22,0,0,87,2,0
2021,7,5,18,575,569,408,48,0,0,113,6,0
2021,7,5,19,711,705,502,75,0,4,124,6,0
2021,8,0,11,6,6,3,0,0,0,3,0,0
2021,8,0,12,53,53,50,1,0,1,1,0,0
2021,8,0,13,275,272,251,2,0,0,19,3,0
2021,8,0,14,1118,1103,920,7,1,1,174,15,0
2021,8,0,15,2564,2530,2044,19,0,2,465,34,0
2021,8,0,16,4176,4122,3127,69,2,5,919,54,0
2021,8,0,17,5650,5564,4163,182,1,8,1210,86,0
2021,8,0,18,7181,7067,4936,460,4,8,1659,114,0
2021,8,0,19,8465,8350,5699,774,4,9,1864,115,0
2021,8,1,11,2,2,1,0,0,0,1,0,0
2021,8,1,12,14,14,12,1,0,0,1,0,0
2021,8,1,13,72,71,60,2,0,0,9,1,0
2021,8,1,14,245,238,193,2,0,0,43,7,0
2021,8,1,15,569,564,413,3,0,0,148,5,0
2021,8,1,16,855,843,567,13,0,0,263,12,0
2021,8,1,17,1129,1099,711,27,0,2,359,30,0
2021,8,1,18,1317,1289,778,57,1,0,453,28,0
2021,8,1,19,1457,1438,864,88,0,3,483,19,0
2021,8,2,11,2,2,1,0,0,0,1,0,0
2021,8,2,12,23,23,22,0,0,1,0,0,0
2021,8,2,13,99,99,92,0,0,0,7,0,0
2021,8,2,14,459,454,345,3,0,1,105,5,0
2021,8,2,15,971,952,724,10,0,2,216,19,0
2021,8,2,16,1507,1483,1032,27,0,3,421,24,0
2021,8,2,17,1889,1855,1317,50,0,5,483,34,0
2021,8,2,18,2380,2325,1533,133,2,3,654,55,0
2021,8,2,19,2677,2624,1718,230,2,3,671,53,0
2021,8,3,11,2,2,1,0,0,0,1,0,0
2021,8,3,12,10,10,10,0,0,0,0,0,0
2021,8,3,13,51,49,47,0,0,0,2,2,0
2021,8,3,14,237,234,221,0,1,0,12,3,0
2021,8,3,15,598,592,540,4,0,0,48,6,0
2021,8,3,16,1108,1099,967,16,1,1,114,9,0
2021,8,3,17,1648,1630,1354,69,1,0,206,18,0
2021,8,3,18,2180,2159,1662,164,1,2,330,21,0
2021,8,3,19,2698,2669,1970,288,2,1,408,29,0
2021,8,4,12,4,4,4,0,0,0,0,0,0
2021,8,4,13,30,30,29,0,0,0,1,0,0
2021,8,4,14,92,92,85,0,0,0,7,0,0
2021,8,4,15,219,217,188,1,0,0,28,2,0
2021,8,4,16,375,369,294,9,1,1,64,6,0
2021,8,4,17,511,510,426,19,0,0,65,1,0
2021,8,4,18,711,703,530,54,0,1,118,8,0
2021,8,4,19,909,901,640,85,0,0,176,8,0
2021,8,5,12,2,2,2,0,0,0,0,0,0
2021,8,5,13,23,23,23,0,0,0,0,0,0
2021,8,5,14,85,85,76,2,0,0,7,0,0
2021,8,5,15,207,205,179,1,0,0,25,2,0
2021,8,5,16,331,328,267,4,0,0,57,3,0
2021,8,5,17,473,470,355,17,0,1,97,3,0
2021,8,5,18,593,591,433,52,0,2,104,2,0
2021,8,5,19,724,718,507,83,0,2,126,6,0
2021,9,0,10,1,1,1,0,0,0,0,0,0
2021,9,0,11,8,8,8,0,0,0,0,0,0
2021,9,0,12,55,54,48,2,0,0,4,1,0
2021,9,0,13,290,284,249,2,0,0,33,6,0
2021,9,0,14,1038,1011,850,5,0,0,156,27,0
2021,9,0,15,2549,2518,2040,11,0,1,466,31,0
2021,9,0,16,4186,4138,3122,75,1,4,936,48,0
2021,9,0,17,5520,5439,4028,219,3,3,1186,81,0
2021,9,0,18,7062,6948,4940,423,5,6,1574,114,0
2021,9,0,19,8677,8547,5860,744,4,12,1927,130,0
2021,9,1,11,6,6,6,0,0,0,0,0,0
2021,9,1,12,18,18,18,0,0,0,0,0,0
2021,9,1,13,68,67,57,0,0,0,10,1,0
2021,9,1,14,231,227,171,1,0,0,55,4,0
2021,9,1,15,541,535,394,4,0,0,137,6,0
2021,9,1,16,849,838,554,12,0,0,272,11,0
2021,9,1,17,1072,1058,681,40,0,0,337,14,0
2021,9,1,18,1330,1303,786,58,0,2,457,27,0
2021,9,1,19,1506,1475,848,99,0,3,525,31,0
2021,9,2,10,1,1,1,0,0,0,0,0,0
2021,9,2,11,2,2,2,0,0,0,0,0,0
2021,9,2,12,23,23,18,1,0,0,4,0,0
2021,9,2,13,121,119,101,0,0,0,18,2,0
2021,9,2,14,415,401,333,2,0,0,66,14,0
2021,9,2,15,958,941,724,3,0,1,213,17,0
2021,9,2,16,1519,1493,1076,24,1,1,391,26,0
2021,9,2,17,1928,1886,1328,60,3,2,493,42,0
2021,9,2,18,2313,2263,1524,114,1,0,624,50,0
2021,9,2,19,2742,2689,1765,220,1,1,702,53,0
2021,9,3,12,5,5,4,1,0,0,0,0,0
2021,9,3,13,55,53,52,0,0,0,1,2,0
2021,9,3,14,232,225,204,1,0,0,20,7,0
2021,9,3,15,648,643,580,1,0,0,62,5,0
2021,9,3,16,1087,1079,913,22,0,2,142,8,0
2021,9,3,17,1561,1542,1278,80,0,0,184,19,0
2021,9,3,18,2078,2057,1618,143,3,2,291,21,0
2021,9,3,19,2696,2671,2029,254,1,5,382,25,0
2021,9,4,12,3,3,3,0,0,0,0,0,0
2021,9,4,13,13,12,10,1,0,0,1,1,0
2021,9,4,14,81,79,72,0,0,0,7,2,0
2021,9,4,15,216,214,181,3,0,0,30,2,0
2021,9,4,16,403,402,326,11,0,0,65,1,0
2021,9,4,17,504,502,395,21,0,1,85,2,0
2021,9,4,18,725,715,536,57,0,1,121,10,0
2021,9,4,19,944,934,675,88,0,1,170,10,0
2021,9,5,12,6,5,5,0,0,0,0,1,0
2021,9,5,13,33,33,29,1,0,0,3,0,0
2021,9,5,14,79,79,70,1,0,0,8,0,0
2021,9,5,15,186,185,161,0,0,0,24,1,0
2021,9,5,16,328,326,253,6,0,1,66,2,0
2021,9,5,17,455,451,346,18,0,0,87,4,0
2021,9,5,18,616,610,476,51,1,1,81,6,0
2021,9,5,19,789,778,543,83,2,2,148,11,0
2021,10,0,11,9,9,6,0,0,0,3,0,0
2021,10,0,12,51,50,45,1,0,0,4,1,0
2021,10,0,13,257,253,210,1,0,0,42,4,0
2021,10,0,14,990,974,812,8,0,0,154,16,0
2021,10,0,15,2347,2311,1849,23,1,1,437,36,0
2021,10,0,16,4072,4015,3086,65,1,2,861,57,0
2021,10,0,17,5386,5306,3999,202,3,4,1098,80,0
2021,10,0,18,6884,6782,4867,406,3,11,1495,102,0
2021,10,0,19,8377,8253,5636,756,3,13,1845,124,0
2021,10,1,11,2,2,2,0,0,0,0,0,0
2021,10,1,12,20,20,19,0,0,0,1,0,0
2021,10,1,13,63,61,55,0,0,0,6,2,0
2021,10,1,14,237,230,171,3,0,0,56,7,0
2021,10,1,15,528,521,378,9,0,0,134,7,0
2021,10,1,16,916,905,592,13,0,0,300,11,0
2021,10,1,17,1084,1065,703,37,0,1,324,19,0
2021,10,1,18,1240,1219,760,64,1,1,393,21,0
2021,10,1,19,1436,1406,800,108,1,5,492,30,0
2021,10,2,11,3,3,1,0,0,0,2,0,0
2021,10,2,12,19,19,16,1,0,0,2,0,0
2021,10,2,13,110,108,82,0,0,0,26,2,0
2021,10,2,14,391,383,311,1,0,0,71,8,0
2021,10,2,15,892,874,667,6,1,1,199,18,0
2021,10,2,16,1478,1444,1064,20,1,1,358,34,0
2021,10,2,17,1926,1883,1368,55,0,3,457,43,0
2021,10,2,18,2403,2355,1628,123,1,4,599,48,0
2021,10,2,19,2717,2654,1780,220,1,4,649,63,0
2021,10,3,11,2,2,2,0,0,0,0,0,0
2021,10,3,12,6,6,5,0,0,0,1,0,0
2021,10,3,13,47,47,44,0,0,0,3,0,0
2021,10,3,14,218,217,207,3,0,0,7,1,0
2021,10,3,15,560,555,485,6,0,0,64,5,0
2021,10,3,16,1040,1031,903,16,0,1,111,9,0
2021,10,3,17,1396,1383,1157,59,0,0,167,13,0
2021,10,3,18,1957,1935,1524,143,0,4,264,22,0
2021,10,3,19,2537,2515,1856,257,0,2,400,22,0
2021,10,4,12,1,1,1,0,0,0,0,0,0
2021,10,4,13,13,13,10,0,0,0,3,0,0
2021,10,4,14,67,67,58,0,0,0,9,0,0
2021,10,4,15,181,178,154,1,0,0,23,3,0
2021,10,4,16,333,333,277,11,0,0,45,0,0
2021,10,4,17,528,526,417,26,2,0,81,2,0
2021,10,4,18,692,687,527,40,0,2,118,5,0
2021,10,4,19,931,926,673,73,1,1,178,5,0
2021,10,5,11,2,2,1,0,0,0,1,0,0
2021,10,5,12,5,4,4,0,0,0,0,1,0
2021,10,5,13,24,24,19,1,0,0,4,0,0
2021,10,5,14,77,77,65,1,0,0,11,0,0
2021,10,5,15,186,183,165,1,0,0,17,3,0
2021,10,5,16,305,302,250,5,0,0,47,3,0
2021,10,5,17,452,449,354,25,1,0,69,3,0
2021,10,5,18,592,586,428,36,1,0,121,6,0
2021,10,5,19,756,752,527,98,0,1,126,4,0
2021,11,0,10,1,1,1,0,0,0,0,0,0
2021,11,0,11,6,6,5,0,0,0,1,0,0
2021,11,0,12,42,40,33,1,0,0,6,2,0
2021,11,0,13,250,245,205,1,0,0,39,5,0
2021,11,0,14,912,898,731,4,0,1,162,14,0
2021,11,0,15,2342,2305,1861,20,0,0,424,37,0
2021,11,0,16,3990,3938,2995,78,1,2,862,52,0
2021,11,0,17,5261,5181,3844,199,1,7,1130,80,0
2021,11,0,18,6662,6574,4735,374,6,4,1455,88,0
2021,11,0,19,8064,7962,5480,726,4,8,1744,102,0
2021,11,1,10,1,1,1,0,0,0,0,0,0
2021,11,1,11,2,2,2,0,0,0,0,0,0
2021,11,1,12,13,13,10,0,0,0,3,0,0
2021,11,1,13,72,71,55,0,0,0,16,1,0
2021,11,1,14,238,234,180,1,0,1,52,4,0
2021,11,1,15,516,509,376,6,0,0,127,7,0
2021,11,1,16,801,790,505,17,0,0,268,11,0
2021,11,1,17,976,964,626,29,0,3,306,12,0
2021,11,1,18,1237,1223,757,44,2,1,419,14,0
2021,11,1,19,1362,1343,798,109,0,0,436,19,0
2021,11,2,11,1,1,0,0,0,0,1,0,0
2021,11,2,12,17,15,13,0,0,0,2,2,0
2021,11,2,13,98,95,78,0,0,0,17,3,0
2021,11,2,14,315,307,239,0,0,0,68,8,0
2021,11,2,15,878,855,646,9,0,0,200,23,0
2021,11,2,16,1420,1397,1024,27,1,1,344,23,0
2021,11,2,17,1886,1839,1271,71,1,2,494,47,0
2021,11,2,18,2262,2222,1511,128,4,2,577,40,0
2021,11,2,19,2510,2465,1624,190,1,2,648,45,0
2021,11,3,11,2,2,2,0,0,0,0,0,0
2021,11,3,12,7,7,6,1,0,0,0,0,0
2021,11,3,13,40,40,39,0,0,0,1,0,0
2021,11,3,14,199,198,184,0,0,0,14,1,0
2021,11,3,15,589,586,529,2,0,0,55,3,0
2021,11,3,16,1059,1048,898,16,0,0,134,11,0
2021,11,3,17,1470,1458,1216,57,0,2,183,12,0
2021,11,3,18,1958,1936,1534,130,0,0,272,22,0
2021,11,3,19,2566,2546,1892,276,2,0,376,20,0
2021,11,4,11,1,1,1,0,0,0,0,0,0
2021,11,4,12,4,4,3,0,0,0,1,0,0
2021,11,4,13,17,17,14,0,0,0,3,0,0
2021,11,4,14,94,94,79,0,0,0,15,0,0
2021,11,4,15,178,175,155,0,0,0,20,3,0
2021,11,4,16,358,353,277,11,0,1,64,5,0
2021,11,4,17,486,484,385,20,0,0,79,2,0
2021,11,4,18,619,614,471,35,0,0,108,5,0
2021,11,4,19,898,891,633,86,1,2,169,7,0
2021,11,5,12,1,1,1,0,0,0,0,0,0
2021,11,5,13,23,22,19,1,0,0,2,1,0
2021,11,5,14,66,65,49,3,0,0,13,1,0
2021,11,5,15,181,180,155,3,0,0,22,1,0
2021,11,5,16,352,350,291,7,0,0,52,2,0
2021,11,5,17,443,436,346,22,0,0,68,7,0
2021,11,5,18,586,579,462,37,0,1,79,7,0
2021,11,5,19,728,717,533,65,0,4,115,11,0
2021,12,0,11,3,2,2,0,0,0,0,1,0
2021,12,0,12,45,45,40,0,0,0,5,0,0
2021,12,0,13,284,280,240,1,0,0,39,4,0
2021,12,0,14,996,989,820,3,0,0,166,7,0
2021,12,0,15,2380,2348,1876,17,0,0,455,32,0
2021,12,0,16,3985,3932,3090,86,3,1,752,53,0
2021,12,0,17,5429,5365,3996,232,6,6,1125,64,0
2021,12,0,18,6947,6878,4947,444,3,12,1472,69,0
2021,12,0,19,8243,8147,5617,740,7,10,1773,96,0
2021,12,1,11,1,0,0,0,0,0,0,1,0
2021,12,1,12,14,14,11,0,0,0,3,0,0
2021,12,1,13,84,82,68,0,0,0,14,2,0
2021,12,1,14,231,229,186,1,0,0,42,2,0
2021,12,1,15,553,548,394,1,0,0,153,5,0
2021,12,1,16,844,833,573,16,1,1,242,11,0
2021,12,1,17,1094,1079,697,41,0,2,339,15,0
2021,12,1,18,1268,1253,769,62,0,3,419,15,0
2021,12,1,19,1408,1388,824,84,1,1,478,20,0
2021,12,2,11,2,2,2,0,0,0,0,0,0
2021,12,2,12,15,15,14,0,0,0,1,0,0
2021,12,2,13,117,116,93,1,0,0,22,1,0
2021,12,2,14,379,376,297,0,0,0,79,3,0
2021,12,2,15,901,879,686,9,0,0,184,22,0
2021,12,2,16,1438,1416,1063,37,2,0,314,22,0
2021,12,2,17,1855,1831,1315,59,1,1,455,24,0
2021,12,2,18,2315,2290,1606,129,1,6,548,25,0
2021,12,2,19,2533,2491,1641,198,2,3,647,42,0
2021,12,3,12,9,9,9,0,0,0,0,0,0
2021,12,3,13,49,48,46,0,0,0,2,1,0
2021,12,3,14,256,255,222,0,0,0,33,1,0
2021,12,3,15,565,563,507,2,0,0,54,2,0
2021,12,3,16,1021,1011,894,19,0,0,98,10,0
2021,12,3,17,1512,1499,1229,80,2,2,186,13,0
2021,12,3,18,2053,2034,1591,156,0,2,285,19,0
2021,12,3,19,2634,2617,1963,292,2,4,356,17,0
2021,12,4,12,5,5,5,0,0,0,0,0,0
2021,12,4,13,13,13,13,0,0,0,0,0,0
2021,12,4,14,68,68,64,1,0,0,3,0,0
2021,12,4,15,184,183,153,3,0,0,27,1,0
2021,12,4,16,360,354,299,10,0,0,45,6,0
2021,12,4,17,525,518,422,27,1,1,67,7,0
2021,12,4,18,728,723,548,55,0,1,119,5,0
2021,12,4,19,939,934,678,89,1,2,164,5,0
2021,12,5,12,2,2,1,0,0,0,1,0,0
2021,12,5,13,21,21,20,0,0,0,1,0,0
2021,12,5,14,62,61,51,1,0,0,9,1,0
2021,12,5,15,177,175,136,2,0,0,37,2,0
2021,12,5,16,322,318,261,4,0,0,53,4,0
2021,12,5,17,443,438,333,25,2,0,78,5,0
2021,12,5,18,583,578,433,42,2,0,101,5,0
2021,12,5,19,729,717,511,77,1,0,128,12,0
2022,1,0,10,1,1,1,0,0,0,0,0,0
2022,1,0,11,2,2,1,0,0,0,1,0,0
2022,1,0,12,47,44,39,2,0,0,3,3,0
2022,1,0,13,290,288,249,2,0,0,37,2,0
2022,1,0,14,1026,1021,832,6,0,0,183,5,0
2022,1,0,15,2448,2417,1968,15,0,1,433,31,0
2022,1,0,16,4103,4067,3183,87,2,3,792,36,0
2022,1,0,17,5355,5301,3973,204,2,4,1118,54,0
2022,1,0,18,6773,6687,4783,425,5,5,1469,86,0
2022,1,0,19,8574,8474,5910,740,4,13,1807,100,0
2022,1,1,10,1,1,1,0,0,0,0,0,0
2022,1,1,11,1,1,1,0,0,0,0,0,0
2022,1,1,12,11,10,9,0,0,0,1,1,0
2022,1,1,13,86,85,67,0,0,0,18,1,0
2022,1,1,14,222,222,173,1,0,0,48,0,0
2022,1,1,15,500,495,368,4,0,0,123,5,0
2022,1,1,16,818,810,560,17,0,0,233,8,0
2022,1,1,17,1004,990,635,28,0,1,326,14,0
2022,1,1,18,1179,1164,711,55,1,1,396,15,0
2022,1,1,19,1369,1354,812,74,0,2,466,15,0
2022,1,2,12,19,17,14,2,0,0,1,2,0
2022,1,2,13,104,104,91,0,0,0,13,0,0
2022,1,2,14,401,398,296,3,0,0,99,3,0
2022,1,2,15,909,891,697,7,0,1,186,18,0
2022,1,2,16,1434,1423,1056,34,1,3,329,11,0
2022,1,2,17,1794,1771,1262,60,1,2,446,23,0
2022,1,2,18,2197,2159,1457,120,3,2,577,38,0
2022,1,2,19,2589,2542,1717,193,2,2,628,47,0
2022,1,3,11,1,1,0,0,0,0,1,0,0
2022,1,3,12,10,10,10,0,0,0,0,0,0
2022,1,3,13,53,53,51,1,0,0,1,0,0
2022,1,3,14,248,246,228,2,0,0,16,2,0
2022,1,3,15,615,613,550,2,0,0,61,2,0
2022,1,3,16,1100,1092,950,23,0,0,119,8,0
2022,1,3,17,1550,1537,1280,65,1,1,190,13,0
2022,1,3,18,2038,2021,1586,142,1,1,291,17,0
2022,1,3,19,2819,2790,2092,300,2,4,392,29,0
2022,1,4,12,4,4,4,0,0,0,0,0,0
2022,1,4,13,14,14,13,1,0,0,0,0,0
2022,1,4,14,91,91,80,0,0,0,11,0,0
2022,1,4,15,205,202,174,1,0,0,27,3,0
2022,1,4,16,378,375,317,5,1,0,52,3,0
2022,1,4,17,545,542,446,22,0,0,74,3,0
2022,1,4,18,761,753,589,53,0,0,111,8,0
2022,1,4,19,1024,1021,751,89,0,4,177,3,0
2022,1,5,12,3,3,2,0,0,0,1,0,0
2022,1,5,13,33,32,27,0,0,0,5,1,0
2022,1,5,14,64,64,55,0,0,0,9,0,0
2022,1,5,15,219,216,179,1,0,0,36,3,0
2022,1,5,16,373,367,300,8,0,0,59,6,0
2022,1,5,17,462,461,350,29,0,0,82,1,0
2022,1,5,18,598,590,440,55,0,1,94,8,0
2022,1,5,19,773,767,538,84,0,1,144,6,0
2022,2,0,10,1,1,1,0,0,0,0,0,0
2022,2,0,11,5,5,3,1,0,0,1,0,0
2022,2,0,12,47,47,42,1,0,0,4,0,0
2022,2,0,13,230,226,195,0,0,0,31,4,0
2022,2,0,14,874,862,726,4,0,1,131,12,0
2022,2,0,15,2156,2129,1710,16,0,0,403,27,0
2022,2,0,16,3733,3692,2860,70,2,2,758,41,0
2022,2,0,17,4915,4871,3664,194,1,2,1010,44,0
2022,2,0,18,6332,6275,4467,453,2,7,1346,57,0
2022,2,0,19,7748,7682,5433,712,0,12,1525,66,0
2022,2,1,12,18,18,16,0,0,0,2,0,0
2022,2,1,13,55,53,47,0,0,0,6,2,0
2022,2,1,14,180,176,130,0,0,0,46,4,0
2022,2,1,15,480,472,346,4,0,0,122,8,0
2022,2,1,16,685,672,450,11,1,0,210,13,0
2022,2,1,17,906,900,600,21,0,1,278,6,0
2022,2,1,18,1094,1082,662,61,1,1,357,12,0
2022,2,1,19,1129,1115,672,96,0,1,346,14,0
2022,2,2,11,1,1,1,0,0,0,0,0,0
2022,2,2,12,14,14,12,1,0,0,1,0,0
2022,2,2,13,78,76,60,0,0,0,16,2,0
2022,2,2,14,345,342,279,3,0,1,59,3,0
2022,2,2,15,783,769,597,6,0,0,166,14,0
2022,2,2,16,1266,1247,900,26,1,0,320,19,0
2022,2,2,17,1576,1560,1094,60,1,1,404,16,0
2022,2,2,18,2036,2013,1362,132,0,0,519,23,0
2022,2,2,19,2389,2364,1624,187,0,5,548,25,0
2022,2,3,11,1,1,1,0,0,0,0,0,0
2022,2,3,12,10,10,10,0,0,0,0,0,0
2022,2,3,13,62,62,56,0,0,0,6,0,0
2022,2,3,14,204,201,189,0,0,0,12,3,0
2022,2,3,15,524,522,461,3,0,0,58,2,0
2022,2,3,16,1110,1105,952,24,0,1,128,5,0
2022,2,3,17,1475,1462,1224,73,0,0,165,13,0
2022,2,3,18,1945,1929,1509,150,1,4,265,16,0
2022,2,3,19,2632,2616,1984,273,0,2,357,16,0
2022,2,4,11,1,1,0,1,0,0,0,0,0
2022,2,4,12,1,1,1,0,0,0,0,0,0
2022,2,4,13,15,15,14,0,0,0,1,0,0
2022,2,4,14,72,71,65,1,0,0,5,1,0
2022,2,4,15,187,185,152,1,0,0,32,2,0
2022,2,4,16,351,351,292,6,0,1,52,0,0
2022,2,4,17,536,533,427,20,0,0,86,3,0
2022,2,4,18,647,644,474,56,0,0,114,3,0
2022,2,4,19,920,914,678,80,0,2,154,6,0
2022,2,5,10,1,1,1,0,0,0,0,0,0
2022,2,5,11,2,2,1,0,0,0,1,0,0
2022,2,5,12,4,4,3,0,0,0,1,0,0
2022,2,5,13,20,20,18,0,0,0,2,0,0
2022,2,5,14,73,72,63,0,0,0,9,1,0
2022,2,5,15,182,181,154,2,0,0,25,1,0
2022,2,5,16,321,317,266,3,0,0,48,4,0
2022,2,5,17,422,416,319,20,0,0,77,6,0
2022,2,5,18,610,607,460,54,0,2,91,3,0
2022,2,5,19,678,673,475,76,0,2,120,5,0
2022,3,0,11,6,6,5,0,0,0,1,0,0
2022,3,0,12,52,52,49,0,0,0,3,0,0
2022,3,0,13,248,241,214,0,0,0,27,7,0
2022,3,0,14,934,920,773,8,0,0,139,14,0
2022,3,0,15,2513,2479,2017,9,0,0,453,34,0
2022,3,0,16,4170,4132,3226,84,0,3,819,38,0
2022,3,0,17,5521,5463,4131,226,2,2,1102,58,0
2022,3,0,18,7002,6935,5005,455,4,7,1464,67,0
2022,3,0,19,8739,8656,6074,803,2,17,1760,83,0
2022,3,1,11,1,1,1,0,0,0,0,0,0
2022,3,1,12,16,16,16,0,0,0,0,0,0
2022,3,1,13,57,55,48,0,0,0,7,2,0
2022,3,1,14,203,200,167,2,0,0,31,3,0
2022,3,1,15,550,543,406,4,0,0,133,7,0
2022,3,1,16,772,766,535,8,0,1,222,6,0
2022,3,1,17,950,938,599,33,1,0,305,12,0
2022,3,1,18,1116,1098,684,57,1,2,354,18,0
2022,3,1,19,1237,1219,733,84,1,2,399,18,0
2022,3,2,11,1,1,1,0,0,0,0,0,0
2022,3,2,12,21,21,19,0,0,0,2,0,0
2022,3,2,13,106,103,84,0,0,0,19,3,0
2022,3,2,14,354,347,268,3,0,0,76,7,0
2022,3,2,15,919,905,692,1,0,0,212,14,0
2022,3,2,16,1471,1455,1065,32,0,2,356,16,0
2022,3,2,17,1844,1818,1311,68,1,2,436,26,0
2022,3,2,18,2267,2242,1520,136,2,1,583,25,0
2022,3,2,19,2715,2675,1803,215,1,1,655,40,0
2022,3,3,11,4,4,3,0,0,0,1,0,0
2022,3,3,12,11,11,10,0,0,0,1,0,0
2022,3,3,13,48,46,46,0,0,0,0,2,0
2022,3,3,14,221,220,207,2,0,0,11,1,0
2022,3,3,15,637,633,576,3,0,0,54,4,0
2022,3,3,16,1200,1189,1025,27,0,0,137,11,0
2022,3,3,17,1680,1665,1391,70,0,0,204,15,0
2022,3,3,18,2224,2210,1740,157,1,2,310,14,0
2022,3,3,19,2922,2907,2212,306,0,9,380,15,0
2022,3,4,12,2,2,2,0,0,0,0,0,0
2022,3,4,13,13,13,13,0,0,0,0,0,0
2022,3,4,14,69,69,60,1,0,0,8,0,0
2022,3,4,15,213,209,173,0,0,0,36,4,0
2022,3,4,16,360,357,307,8,0,0,42,3,0
2022,3,4,17,587,586,470,29,0,0,87,1,0
2022,3,4,18,734,729,571,53,0,2,103,5,0
2022,3,4,19,1084,1079,767,114,0,1,197,5,0
2022,3,5,12,2,2,2,0,0,0,0,0,0
2022,3,5,13,24,24,23,0,0,0,1,0,0
2022,3,5,14,87,84,71,0,0,0,13,3,0
2022,3,5,15,194,189,170,1,0,0,18,5,0
2022,3,5,16,367,365,294,9,0,0,62,2,0
2022,3,5,17,460,456,360,26,0,0,70,4,0
2022,3,5,18,661,656,490,52,0,0,114,5,0
2022,3,5,19,781,776,559,84,0,4,129,5,0
2022,4,0,10,1,1,1,0,0,0,0,0,0
2022,4,0,11,4,3,3,0,0,0,0,1,0
2022,4,0,12,47,43,33,0,0,0,10,4,0
2022,4,0,13,268,268,232,1,0,0,35,0,0
2022,4,0,14,946,935,775,7,0,1,152,11,0
2022,4,0,15,2368,2334,1922,15,0,1,396,34,0
2022,4,0,16,4010,3979,3080,95,2,2,800,31,0
2022,4,0,17,5396,5338,4028,223,2,5,1080,58,0
2022,4,0,18,6824,6746,4906,416,5,10,1409,78,0
2022,4,0,19,8425,8341,5942,750,3,14,1632,84,0
2022,4,1,11,2,2,2,0,0,0,0,0,0
2022,4,1,12,15,14,12,0,0,0,2,1,0
2022,4,1,13,80,80,66,1,0,0,13,0,0
2022,4,1,14,217,216,177,1,0,0,38,1,0
2022,4,1,15,481,478,352,2,0,0,124,3,0
2022,4,1,16,727,716,485,20,0,1,210,11,0
2022,4,1,17,944,935,601,29,1,1,303,9,0
2022,4,1,18,1115,1104,657,61,0,3,383,11,0
2022,4,1,19,1228,1209,684,103,0,2,420,19,0
2022,4,2,11,2,1,1,0,0,0,0,1,0
2022,4,2,12,16,14,7,0,0,0,7,2,0
2022,4,2,13,103,103,88,0,0,0,15,0,0
2022,4,2,14,346,339,259,2,0,0,78,7,0
2022,4,2,15,845,829,651,7,0,1,170,16,0
2022,4,2,16,1417,1402,1024,26,2,1,349,15,0
2022,4,2,17,1841,1818,1317,74,0,1,426,23,0
2022,4,2,18,2185,2142,1499,128,1,2,512,43,0
2022,4,2,19,2614,2583,1768,209,2,3,601,31,0
2022,4,3,12,9,9,9,0,0,0,0,0,0
2022,4,3,13,38,38,34,0,0,0,4,0,0
2022,4,3,14,243,241,219,3,0,1,18,2,0
2022,4,3,15,618,611,552,4,0,0,55,7,0
2022,4,3,16,1150,1148,994,30,0,0,124,2,0
2022,4,3,17,1545,1528,1268,65,0,2,193,17,0
2022,4,3,18,2198,2181,1713,145,3,2,318,17,0
2022,4,3,19,2793,2765,2139,253,0,8,365,28,0
2022,4,4,12,1,1,1,0,0,0,0,0,0
2022,4,4,13,19,19,18,0,0,0,1,0,0
2022,4,4,14,46,46,41,1,0,0,4,0,0
2022,4,4,15,209,206,186,1,0,0,19,3,0
2022,4,4,16,378,377,301,10,0,0,66,1,0
2022,4,4,17,586,581,465,33,1,1,81,5,0
2022,4,4,18,729,725,561,50,1,0,113,4,0
2022,4,4,19,997,993,758,92,0,0,143,4,0
2022,4,5,10,1,1,1,0,0,0,0,0,0
2022,4,5,12,6,5,4,0,0,0,1,1,0
2022,4,5,13,28,28,26,0,0,0,2,0,0
2022,4,5,14,94,93,79,0,0,0,14,1,0
2022,4,5,15,215,210,181,1,0,0,28,5,0
2022,4,5,16,338,336,276,9,0,0,51,2,0
2022,4,5,17,480,476,377,22,0,0,77,4,0
2022,4,5,18,597,594,476,32,0,3,83,3,0
2022,4,5,19,793,791,593,93,1,1,103,2,0
2022,5,0,11,6,5,4,0,0,0,1,1,0
2022,5,0,12,65,64,57,0,0,0,7,1,0
2022,5,0,13,293,287,238,3,0,0,46,6,0
2022,5,0,14,987,977,814,6,0,0,157,10,0
2022,5,0,15,2380,2351,1898,12,0,0,441,29,0
2022,5,0,16,4014,3959,3118,67,1,4,769,55,0
2022,5,0,17,5357,5301,4023,209,3,2,1064,56,0
2022,5,0,18,6832,6770,4906,440,1,4,1419,62,0
2022,5,0,19,8620,8526,5979,746,5,15,1781,94,0
2022,5,1,11,2,1,1,0,0,0,0,1,0
2022,5,1,12,19,18,15,0,0,0,3,1,0
2022,5,1,13,63,59,45,1,0,0,13,4,0
2022,5,1,14,234,230,184,1,0,0,45,4,0
2022,5,1,15,542,536,404,5,0,0,127,6,0
2022,5,1,16,773,758,526,8,0,1,223,15,0
2022,5,1,17,942,928,598,35,1,0,294,14,0
2022,5,1,18,1148,1130,678,68,0,0,384,18,0
2022,5,1,19,1322,1287,782,76,1,3,425,35,0
2022,5,2,11,3,3,2,0,0,0,1,0,0
2022,5,2,12,27,27,23,0,0,0,4,0,0
2022,5,2,13,126,124,94,2,0,0,28,2,0
2022,5,2,14,368,363,289,4,0,0,70,5,0
2022,5,2,15,848,834,638,1,0,0,195,14,0
2022,5,2,16,1426,1403,1054,22,0,1,326,23,0
2022,5,2,17,1820,1796,1306,64,1,1,424,24,0
2022,5,2,18,2236,2214,1585,112,0,2,515,22,0
2022,5,2,19,2713,2679,1815,214,1,1,648,34,0
2022,5,3,12,13,13,13,0,0,0,0,0,0
2022,5,3,13,64,64,62,0,0,0,2,0,0
2022,5,3,14,227,226,202,0,0,0,24,1,0
2022,5,3,15,614,610,536,4,0,0,70,4,0
2022,5,3,16,1108,1097,960,22,1,0,114,11,0
2022,5,3,17,1556,1543,1288,61,1,1,192,13,0
2022,5,3,18,2105,2088,1650,157,0,1,280,17,0
2022,5,3,19,2755,2739,2078,265,0,6,390,16,0
2022,5,4,12,2,2,2,0,0,0,0,0,0
2022,5,4,13,17,17,14,0,0,0,3,0,0
2022,5,4,14,73,73,66,0,0,0,7,0,0
2022,5,4,15,189,188,166,2,0,0,20,1,0
2022,5,4,16,379,378,310,8,0,0,60,1,0
2022,5,4,17,577,576,463,27,0,0,86,1,0
2022,5,4,18,723,722,536,55,1,1,129,1,0
2022,5,4,19,1062,1057,754,115,0,4,184,5,0
2022,5,5,11,1,1,1,0,0,0,0,0,0
2022,5,5,12,4,4,4,0,0,0,0,0,0
2022,5,5,13,23,23,23,0,0,0,0,0,0
2022,5,5,14,85,85,73,1,0,0,11,0,0
2022,5,5,15,187,183,154,0,0,0,29,4,0
2022,5,5,16,328,323,268,7,0,2,46,5,0
2022,5,5,17,462,458,368,22,0,0,68,4,0
2022,5,5,18,620,616,457,48,0,0,111,4,0
2022,5,5,19,768,764,550,76,3,1,134,4,0
2022,6,0,11,6,6,4,2,0,0,0,0,0
2022,6,0,12,48,47,43,0,0,0,4,1,0
2022,6,0,13,262,260,221,1,0,0,38,2,0
2022,6,0,14,919,900,751,8,1,0,140,19,0
2022,6,0,15,2186,2164,1739,16,1,0,408,22,0
2022,6,0,16,3615,3579,2787,58,0,7,727,36,0
2022,6,0,17,5006,4950,3747,179,0,5,1019,56,0
2022,6,0,18,6279,6207,4518,377,2,4,1306,72,0
2022,6,0,19,7923,7838,5499,692,3,11,1633,85,0
2022,6,1,11,3,3,3,0,0,0,0,0,0
2022,6,1,12,19,18,17,0,0,0,1,1,0
2022,6,1,13,73,73,57,1,0,0,15,0,0
2022,6,1,14,205,199,141,3,0,0,55,6,0
2022,6,1,15,461,454,329,4,1,0,120,7,0
2022,6,1,16,711,703,494,9,0,0,200,8,0
2022,6,1,17,901,886,587,21,0,3,275,15,0
2022,6,1,18,1087,1068,667,67,0,1,333,19,0
2022,6,1,19,1213,1200,714,88,0,1,397,13,0
2022,6,2,12,18,18,16,0,0,0,2,0,0
2022,6,2,13,99,99,85,0,0,0,14,0,0
2022,6,2,14,365,357,294,3,0,0,60,8,0
2022,6,2,15,820,811,630,7,0,0,174,9,0
2022,6,2,16,1292,1274,938,16,0,3,317,18,0
2022,6,2,17,1713,1694,1229,50,0,1,414,19,0
2022,6,2,18,2021,1992,1371,105,1,1,514,29,0
2022,6,2,19,2488,2447,1669,190,1,3,584,41,0
2022,6,3,11,1,1,0,1,0,0,0,0,0
2022,6,3,12,8,8,8,0,0,0,0,0,0
2022,6,3,13,55,54,51,0,0,0,3,1,0
2022,6,3,14,213,211,195,2,0,0,14,2,0
2022,6,3,15,528,524,466,3,0,0,55,4,0
2022,6,3,16,974,968,827,21,0,1,119,6,0
2022,6,3,17,1490,1475,1221,67,0,1,186,15,0
2022,6,3,18,1877,1860,1486,123,1,1,249,17,0
2022,6,3,19,2551,2531,1936,231,1,5,358,20,0
2022,6,4,11,1,1,0,1,0,0,0,0,0
2022,6,4,12,2,2,2,0,0,0,0,0,0
2022,6,4,13,14,14,13,0,0,0,1,0,0
2022,6,4,14,68,67,62,0,0,0,5,1,0
2022,6,4,15,177,176,148,1,0,0,27,1,0
2022,6,4,16,339,339,289,5,0,3,42,0,0
2022,6,4,17,466,461,370,21,0,0,70,5,0
2022,6,4,18,726,722,558,50,0,1,113,4,0
2022,6,4,19,938,932,652,98,1,1,180,6,0
2022,6,5,11,1,1,1,0,0,0,0,0,0
2022,6,5,12,1,1,0,0,0,0,1,0,0
2022,6,5,13,21,20,15,0,0,0,5,1,0
2022,6,5,14,68,66,59,0,1,0,6,2,0
2022,6,5,15,200,199,166,1,0,0,32,1,0
2022,6,5,16,299,295,239,7,0,0,49,4,0
2022,6,5,17,436,434,340,20,0,0,74,2,0
2022,6,5,18,568,565,436,32,0,0,97,3,0
2022,6,5,19,733,728,528,85,0,1,114,5,0
2022,7,0,10,2,2,2,0,0,0,0,0,0
2022,7,0,11,3,3,3,0,0,0,0,0,0
2022,7,0,12,40,39,34,0,0,0,5,1,0
2022,7,0,13,248,245,209,3,0,0,33,3,0
2022,7,0,14,903,895,749,5,0,0,141,8,0
2022,7,0,15,2016,1997,1657,10,0,1,329,19,0
2022,7,0,16,3659,3613,2822,61,0,7,723,46,0
2022,7,0,17,5073,5030,3834,191,2,3,1000,43,0
2022,7,0,18,6186,6128,4515,372,1,6,1234,58,0
2022,7,0,19,7801,7738,5455,694,4,5,1580,63,0
2022,7,1,10,1,1,1,0,0,0,0,0,0
2022,7,1,11,1,1,1,0,0,0,0,0,0
2022,7,1,12,7,7,7,0,0,0,0,0,0
2022,7,1,13,67,65,51,0,0,0,14,2,0
2022,7,1,14,199,196,155,0,0,0,41,3,0
2022,7,1,15,430,425,308,4,0,0,113,5,0
2022,7,1,16,730,720,506,10,0,2,202,10,0
2022,7,1,17,877,870,557,32,0,1,280,7,0
2022,7,1,18,1041,1027,671,55,0,1,300,14,0
2022,7,1,19,1188,1176,678,88,0,0,410,12,0
2022,7,2,10,1,1,1,0,0,0,0,0,0
2022,7,2,11,1,1,1,0,0,0,0,0,0
2022,7,2,12,18,17,14,0,0,0,3,1,0
2022,7,2,13,99,98,83,1,0,0,14,1,0
2022,7,2,14,361,359,280,4,0,0,75,2,0
2022,7,2,15,712,702,558,3,0,1,140,10,0
2022,7,2,16,1289,1264,922,15,0,2,325,25,0
2022,7,2,17,1836,1812,1349,61,2,1,399,24,0
2022,7,2,18,2013,1982,1385,109,0,2,486,31,0
2022,7,2,19,2369,2339,1590,184,1,0,564,30,0
2022,7,3,11,1,1,1,0,0,0,0,0,0
2022,7,3,12,7,7,7,0,0,0,0,0,0
2022,7,3,13,43,43,38,1,0,0,4,0,0
2022,7,3,14,209,206,191,1,0,0,14,3,0
2022,7,3,15,520,517,480,0,0,0,37,3,0
2022,7,3,16,996,987,855,23,0,3,106,9,0
2022,7,3,17,1397,1389,1159,61,0,0,169,8,0
2022,7,3,18,1888,1879,1489,124,1,1,264,9,0
2022,7,3,19,2521,2503,1918,242,2,3,338,18,0
2022,7,4,12,2,2,2,0,0,0,0,0,0
2022,7,4,13,16,16,15,0,0,0,1,0,0
2022,7,4,14,69,69,63,0,0,0,6,0,0
2022,7,4,15,189,189,171,2,0,0,16,0,0
2022,7,4,16,337,337,289,4,0,0,44,0,0
2022,7,4,17,538,536,428,19,0,1,88,2,0
2022,7,4,18,703,701,552,47,0,1,101,2,0
2022,7,4,19,986,983,740,92,1,2,148,3,0
2022,7,5,12,6,6,4,0,0,0,2,0,0
2022,7,5,13,23,23,22,1,0,0,0,0,0
2022,7,5,14,65,65,60,0,0,0,5,0,0
2022,7,5,15,165,164,140,1,0,0,23,1,0
2022,7,5,16,307,305,250,9,0,0,46,2,0
2022,7,5,17,425,423,341,18,0,0,64,2,0
2022,7,5,18,541,539,418,37,0,1,83,2,0
2022,7,5,19,737,737,529,88,0,0,120,0,0
2022,8,0,11,8,8,3,1,0,0,4,0,0
2022,8,0,12,24,24,19,0,0,0,5,0,0
2022,8,0,13,223,222,193,2,0,0,27,1,0
2022,8,0,14,837,830,704,1,0,1,124,7,0
2022,8,0,15,2066,2055,1654,14,0,0,387,11,0
2022,8,0,16,3407,3379,2639,53,2,5,680,28,0
2022,8,0,17,4886,4847,3710,196,4,2,935,39,0
2022,8,0,18,6117,6069,4344,374,2,4,1345,48,0
2022,8,0,19,7514,7471,5291,679,3,10,1488,43,0
2022,8,1,11,1,1,0,0,0,0,1,0,0
2022,8,1,12,5,5,4,0,0,0,1,0,0
2022,8,1,13,72,71,58,1,0,0,12,1,0
2022,8,1,14,196,196,162,1,0,0,33,0,0
2022,8,1,15,449,447,340,3,0,0,104,2,0
2022,8,1,16,707,701,488,9,1,2,201,6,0
2022,8,1,17,980,973,661,32,2,1,277,7,0
2022,8,1,18,1077,1068,651,60,0,0,357,9,0
2022,8,1,19,1195,1183,704,79,2,3,395,12,0
2022,8,2,11,2,2,0,1,0,0,1,0,0
2022,8,2,12,11,11,8,0,0,0,3,0,0
2022,8,2,13,79,79,68,1,0,0,10,0,0
2022,8,2,14,318,312,248,0,0,0,64,6,0
2022,8,2,15,743,740,567,4,0,0,169,3,0
2022,8,2,16,1192,1177,872,18,0,0,287,15,0
2022,8,2,17,1628,1606,1172,48,2,0,384,22,0
2022,8,2,18,1966,1949,1336,109,0,1,503,17,0
2022,8,2,19,2345,2326,1614,186,0,4,522,19,0
2022,8,3,11,3,3,3,0,0,0,0,0,0
2022,8,3,12,6,6,6,0,0,0,0,0,0
2022,8,3,13,45,45,43,0,0,0,2,0,0
2022,8,3,14,195,194,182,0,0,1,11,1,0
2022,8,3,15,532,528,459,5,0,0,64,4,0
2022,8,3,16,865,862,752,15,0,2,93,3,0
2022,8,3,17,1341,1334,1118,64,0,1,151,7,0
2022,8,3,18,1829,1817,1405,133,1,2,276,12,0
2022,8,3,19,2368,2362,1794,239,1,2,326,6,0
2022,8,4,11,1,1,0,0,0,0,1,0,0
2022,8,4,13,14,14,13,0,0,0,1,0,0
2022,8,4,14,73,73,63,0,0,0,10,0,0
2022,8,4,15,168,166,143,0,0,0,23,2,0
2022,8,4,16,321,320,266,6,0,1,47,1,0
2022,8,4,17,493,490,404,27,0,0,59,3,0
2022,8,4,18,692,687,520,47,0,0,120,5,0
2022,8,4,19,922,918,669,94,0,0,155,4,0
2022,8,5,11,1,1,0,0,0,0,1,0,0
2022,8,5,12,2,2,1,0,0,0,1,0,0
2022,8,5,13,13,13,11,0,0,0,2,0,0
2022,8,5,14,55,55,49,0,0,0,6,0,0
2022,8,5,15,174,174,145,2,0,0,27,0,0
2022,8,5,16,322,319,261,5,1,0,52,3,0
2022,8,5,17,444,444,355,25,0,0,64,0,0
2022,8,5,18,553,548,432,25,1,1,89,5,0
2022,8,5,19,684,682,510,81,0,1,90,2,0
2022,9,0,11,2,2,1,1,0,0,0,0,0
2022,9,0,12,28,28,28,0,0,0,0,0,0
2022,9,0,13,205,203,181,1,0,0,21,2,0
2022,9,0,14,731,720,611,5,0,1,103,11,0
2022,9,0,15,1756,1735,1415,9,0,0,311,21,0
2022,9,0,16,3106,3077,2386,55,1,0,635,29,0
2022,9,0,17,4220,4187,3177,187,2,8,813,33,0
2022,9,0,18,5486,5445,3979,317,3,7,1139,41,0
2022,9,0,19,6938,6894,4905,594,2,4,1389,44,0
2022,9,1,12,9,9,9,0,0,0,0,0,0
2022,9,1,13,49,48,43,0,0,0,5,1,0
2022,9,1,14,170,167,131,0,0,0,36,3,0
2022,9,1,15,414,409,306,3,0,0,100,5,0
2022,9,1,16,601,597,411,7,0,0,179,4,0
2022,9,1,17,759,755,501,22,1,2,229,4,0
2022,9,1,18,969,958,582,50,1,4,321,11,0
2022,9,1,19,1149,1143,692,82,0,1,368,6,0
2022,9,2,11,2,2,1,1,0,0,0,0,0
2022,9,2,12,7,7,7,0,0,0,0,0,0
2022,9,2,13,83,83,70,0,0,0,13,0,0
2022,9,2,14,275,268,216,1,0,0,51,7,0
2022,9,2,15,641,630,481,3,0,0,146,11,0
2022,9,2,16,1109,1096,805,19,1,0,271,13,0
2022,9,2,17,1376,1362,1001,46,0,3,312,14,0
2022,9,2,18,1747,1725,1210,87,0,1,427,22,0
2022,9,2,19,2152,2128,1446,161,1,0,520,24,0
2022,9,3,12,3,3,3,0,0,0,0,0,0
2022,9,3,13,42,41,39,0,0,0,2,1,0
2022,9,3,14,155,154,142,1,0,1,10,1,0
2022,9,3,15,421,416,379,1,0,0,36,5,0
2022,9,3,16,829,825,717,19,0,0,89,4,0
2022,9,3,17,1207,1199,991,61,0,1,146,8,0
2022,9,3,18,1656,1651,1315,105,2,1,228,5,0
2022,9,3,19,2138,2128,1645,200,0,2,281,10,0
2022,9,4,12,5,5,5,0,0,0,0,0,0
2022,9,4,13,16,16,15,0,0,0,1,0,0
2022,9,4,14,61,61,56,2,0,0,3,0,0
2022,9,4,15,157,157,143,0,0,0,14,0,0
2022,9,4,16,293,287,229,5,0,0,53,6,0
2022,9,4,17,490,488,382,32,0,2,72,2,0
2022,9,4,18,670,668,518,51,0,1,98,2,0
2022,9,4,19,893,892,663,90,0,0,139,1,0
2022,9,5,12,4,4,4,0,0,0,0,0,0
2022,9,5,13,15,15,14,1,0,0,0,0,0
2022,9,5,14,70,70,66,1,0,0,3,0,0
2022,9,5,15,123,123,106,2,0,0,15,0,0
2022,9,5,16,274,272,224,5,0,0,43,2,0
2022,9,5,17,388,383,302,26,1,0,54,5,0
2022,9,5,18,444,443,354,24,0,0,65,1,0
2022,9,5,19,606,603,459,61,1,1,81,3,0
2022,10,0,10,1,1,1,0,0,0,0,0,0
2022,10,0,11,6,6,4,1,0,0,1,0,0
2022,10,0,12,31,30,30,0,0,0,0,1,0
2022,10,0,13,211,208,182,0,0,0,26,3,0
2022,10,0,14,750,744,610,4,0,0,130,6,0
2022,10,0,15,1695,1684,1379,9,1,1,294,11,0
2022,10,0,16,2998,2977,2312,53,1,1,610,21,0
2022,10,0,17,4244,4212,3209,174,0,5,824,32,0
2022,10,0,18,5307,5271,3850,323,5,5,1088,36,0
2022,10,0,19,6815,6770,4791,613,2,9,1355,45,0
2022,10,1,10,1,1,1,0,0,0,0,0,0
2022,10,1,11,1,1,1,0,0,0,0,0,0
2022,10,1,12,10,10,10,0,0,0,0,0,0
2022,10,1,13,54,54,49,0,0,0,5,0,0
2022,10,1,14,175,175,132,2,0,0,41,0,0
2022,10,1,15,382,380,307,1,0,0,72,2,0
2022,10,1,16,695,689,485,10,1,0,193,6,0
2022,10,1,17,857,851,564,29,0,0,258,6,0
2022,10,1,18,987,983,627,51,0,1,304,4,0
2022,10,1,19,1151,1145,695,82,0,2,366,6,0
2022,10,2,11,1,1,1,0,0,0,0,0,0
2022,10,2,12,9,9,9,0,0,0,0,0,0
2022,10,2,13,79,78,60,0,0,0,18,1,0
2022,10,2,14,296,291,222,2,0,0,67,5,0
2022,10,2,15,669,661,493,3,0,1,164,8,0
2022,10,2,16,1013,1006,735,18,0,0,253,7,0
2022,10,2,17,1368,1346,993,51,0,1,301,22,0
2022,10,2,18,1659,1636,1128,96,3,1,408,23,0
2022,10,2,19,2086,2062,1372,192,2,4,492,24,0
2022,10,3,11,2,2,1,1,0,0,0,0,0
2022,10,3,12,7,6,6,0,0,0,0,1,0
2022,10,3,13,50,49,46,0,0,0,3,1,0
2022,10,3,14,169,168,156,0,0,0,12,1,0
2022,10,3,15,391,391,365,1,1,0,24,0,0
2022,10,3,16,772,766,654,17,0,0,95,6,0
2022,10,3,17,1260,1258,1034,59,0,3,162,2,0
2022,10,3,18,1591,1585,1277,100,0,2,206,6,0
2022,10,3,19,2120,2110,1605,213,0,2,290,10,0
2022,10,4,11,1,1,0,0,0,0,1,0,0
2022,10,4,12,2,2,2,0,0,0,0,0,0
2022,10,4,13,15,15,15,0,0,0,0,0,0
2022,10,4,14,55,55,50,0,0,0,5,0,0
2022,10,4,15,129,129,109,2,0,0,18,0,0
2022,10,4,16,275,274,231,4,0,0,39,1,0
2022,10,4,17,410,409,335,18,0,0,56,1,0
2022,10,4,18,598,597,453,48,2,1,93,1,0
2022,10,4,19,826,824,653,59,0,1,111,2,0
2022,10,5,11,1,1,1,0,0,0,0,0,0
2022,10,5,12,3,3,3,0,0,0,0,0,0
2022,10,5,13,13,12,12,0,0,0,0,1,0
2022,10,5,14,55,55,50,0,0,0,5,0,0
2022,10,5,15,124,123,105,2,0,0,16,1,0
2022,10,5,16,243,242,207,4,0,1,30,1,0
2022,10,5,17,349,348,283,17,0,1,47,1,0
2022,10,5,18,472,470,365,28,0,0,77,2,0
2022,10,5,19,632,629,466,67,0,0,96,3,0
2022,11,0,10,1,1,1,0,0,0,0,0,0
2022,11,0,11,11,11,9,0,0,0,2,0,0
2022,11,0,12,40,38,31,2,0,0,5,2,0
2022,11,0,13,224,222,192,1,0,0,29,2,0
2022,11,0,14,769,765,605,8,0,0,152,4,0
2022,11,0,15,1806,1797,1461,18,1,2,315,9,0
2022,11,0,16,3148,3125,2491,57,0,1,576,23,0
2022,11,0,17,4602,4571,3469,169,5,3,925,31,0
2022,11,0,18,5923,5872,4305,353,4,4,1206,51,0
2022,11,0,19,7590,7542,5354,661,2,9,1516,48,0
2022,11,1,11,2,2,2,0,0,0,0,0,0
2022,11,1,12,16,15,14,0,0,0,1,1,0
2022,11,1,13,61,60,51,0,0,0,9,1,0
2022,11,1,14,188,186,142,2,0,0,42,2,0
2022,11,1,15,433,429,326,6,0,0,97,4,0
2022,11,1,16,643,635,461,8,0,0,166,8,0
2022,11,1,17,976,969,620,31,0,0,318,7,0
2022,11,1,18,1089,1073,696,47,1,1,328,16,0
2022,11,1,19,1357,1351,824,103,1,2,421,6,0
2022,11,2,10,1,1,1,0,0,0,0,0,0
2022,11,2,11,7,7,5,0,0,0,2,0,0
2022,11,2,12,14,13,9,1,0,0,3,1,0
2022,11,2,13,76,75,63,0,0,0,12,1,0
2022,11,2,14,327,326,242,1,0,0,83,1,0
2022,11,2,15,684,679,521,7,1,0,150,5,0
2022,11,2,16,1173,1162,893,16,0,0,253,11,0
2022,11,2,17,1567,1550,1141,54,3,2,350,17,0
2022,11,2,18,1902,1881,1293,108,1,0,479,21,0
2022,11,2,19,2340,2316,1617,172,0,1,526,24,0
2022,11,3,11,1,1,1,0,0,0,0,0,0
2022,11,3,12,5,5,4,1,0,0,0,0,0
2022,11,3,13,49,49,43,1,0,0,5,0,0
2022,11,3,14,148,147,133,4,0,0,10,1,0
2022,11,3,15,422,422,389,3,0,2,28,0,0
2022,11,3,16,788,786,692,17,0,1,76,2,0
2022,11,3,17,1271,1268,1074,50,1,0,143,3,0
2022,11,3,18,1757,1748,1407,110,1,2,228,9,0
2022,11,3,19,2416,2406,1823,229,0,3,351,10,0
2022,11,4,11,1,1,1,0,0,0,0,0,0
2022,11,4,12,2,2,2,0,0,0,0,0,0
2022,11,4,13,16,16,15,0,0,0,1,0,0
2022,11,4,14,48,48,38,1,0,0,9,0,0
2022,11,4,15,125,125,110,0,0,0,15,0,0
2022,11,4,16,268,267,215,10,0,0,42,1,0
2022,11,4,17,426,423,337,19,1,1,65,3,0
2022,11,4,18,610,607,466,46,0,0,95,3,0
2022,11,4,19,822,819,616,83,1,1,118,3,0
2022,11,5,12,3,3,2,0,0,0,1,0,0
2022,11,5,13,22,22,20,0,0,0,2,0,0
2022,11,5,14,58,58,50,0,0,0,8,0,0
2022,11,5,15,142,142,115,2,0,0,25,0,0
2022,11,5,16,276,275,230,6,0,0,39,1,0
2022,11,5,17,362,361,297,15,0,0,49,1,0
2022,11,5,18,565,563,443,42,1,1,76,2,0
2022,11,5,19,655,650,474,74,0,2,100,5,0
2022,12,0,10,1,1,1,0,0,0,0,0,0
2022,12,0,11,10,10,6,0,0,0,4,0,0
2022,12,0,12,32,32,29,0,0,0,3,0,0
2022,12,0,13,265,263,233,4,0,0,26,2,0
2022,12,0,14,888,867,727,8,0,0,132,21,0
2022,12,0,15,1951,1931,1584,9,1,0,337,20,0
2022,12,0,16,3519,3483,2747,70,3,2,661,36,0
2022,12,0,17,4915,4874,3736,208,2,5,923,41,0
2022,12,0,18,6296,6245,4629,335,9,7,1265,51,0
2022,12,0,19,7990,7922,5635,688,2,12,1585,68,0
2022,12,1,11,3,3,2,0,0,0,1,0,0
2022,12,1,12,11,11,10,0,0,0,1,0,0
2022,12,1,13,78,77,69,0,0,0,8,1,0
2022,12,1,14,215,210,173,1,0,0,36,5,0
2022,12,1,15,453,448,336,3,0,0,109,5,0
2022,12,1,16,721,711,492,14,1,1,203,10,0
2022,12,1,17,926,917,626,27,1,0,263,9,0
2022,12,1,18,1107,1099,708,46,3,0,342,8,0
2022,12,1,19,1300,1283,790,92,0,4,397,17,0
2022,12,2,11,6,6,3,0,0,0,3,0,0
2022,12,2,12,12,12,10,0,0,0,2,0,0
2022,12,2,13,95,94,79,3,0,0,12,1,0
2022,12,2,14,322,311,249,4,0,0,58,11,0
2022,12,2,15,711,701,537,4,1,0,159,10,0
2022,12,2,16,1211,1194,912,20,1,0,261,17,0
2022,12,2,17,1721,1699,1243,79,0,4,373,22,0
2022,12,2,18,2066,2046,1463,87,4,3,489,20,0
2022,12,2,19,2457,2429,1648,187,1,5,588,28,0
2022,12,3,12,7,7,7,0,0,0,0,0,0
2022,12,3,13,54,54,51,1,0,0,2,0,0
2022,12,3,14,206,203,183,2,0,0,18,3,0
2022,12,3,15,500,499,465,1,0,0,33,1,0
2022,12,3,16,961,954,817,22,1,1,113,7,0
2022,12,3,17,1386,1381,1170,53,1,0,157,5,0
2022,12,3,18,1953,1939,1552,125,1,1,260,14,0
2022,12,3,19,2614,2597,1979,249,0,3,366,17,0
2022,12,4,11,1,1,1,0,0,0,0,0,0
2022,12,4,12,1,1,1,0,0,0,0,0,0
2022,12,4,13,12,12,11,0,0,0,1,0,0
2022,12,4,14,73,72,64,0,0,0,8,1,0
2022,12,4,15,136,133,116,0,0,0,17,3,0
2022,12,4,16,311,310,261,6,0,0,43,1,0
2022,12,4,17,503,498,399,34,0,1,64,5,0
2022,12,4,18,622,619,496,37,1,1,84,3,0
2022,12,4,19,923,921,697,89,0,0,135,2,0
2022,12,5,10,1,1,1,0,0,0,0,0,0
2022,12,5,12,1,1,1,0,0,0,0,0,0
2022,12,5,13,26,26,23,0,0,0,3,0,0
2022,12,5,14,72,71,58,1,0,0,12,1,0
2022,12,5,15,151,150,130,1,0,0,19,1,0
2022,12,5,16,315,314,265,8,0,0,41,1,0
2022,12,5,17,379,379,298,15,0,0,66,0,0
2022,12,5,18,548,542,410,40,0,2,90,6,0
2022,12,5,19,696,692,521,71,1,0,99,4,0
2023,1,0,11,5,5,5,0,0,0,0,0,0
2023,1,0,12,35,34,31,0,0,0,3,1,0
2023,1,0,13,232,229,198,1,0,0,30,3,0
2023,1,0,14,889,881,747,2,0,0,132,8,0
2023,1,0,15,2049,2031,1671,8,0,0,352,18,0
2023,1,0,16,3615,3582,2804,74,1,0,703,33,0
2023,1,0,17,5179,5142,3947,194,2,10,989,37,0
2023,1,0,18,6354,6311,4698,362,2,3,1246,43,0
2023,1,0,19,8272,8211,5868,717,2,15,1609,61,0
2023,1,1,11,3,3,3,0,0,0,0,0,0
2023,1,1,12,14,13,11,0,0,0,2,1,0
2023,1,1,13,65,64,53,1,0,0,10,1,0
2023,1,1,14,218,216,179,0,0,0,37,2,0
2023,1,1,15,451,447,329,2,0,0,116,4,0
2023,1,1,16,750,744,517,12,1,0,214,6,0
2023,1,1,17,945,939,646,20,0,1,272,6,0
2023,1,1,18,1106,1104,698,52,0,0,354,2,0
2023,1,1,19,1360,1351,822,92,1,4,432,9,0
2023,1,2,12,14,14,13,0,0,0,1,0,0
2023,1,2,13,86,85,69,0,0,0,16,1,0
2023,1,2,14,330,325,258,1,0,0,66,5,0
2023,1,2,15,735,725,560,2,0,0,163,10,0
2023,1,2,16,1252,1233,922,24,0,0,287,19,0
2023,1,2,17,1765,1749,1278,76,1,3,391,16,0
2023,1,2,18,2016,1994,1402,113,1,1,477,22,0
2023,1,2,19,2542,2510,1687,210,0,2,611,32,0
2023,1,3,12,4,4,4,0,0,0,0,0,0
2023,1,3,13,47,47,46,0,0,0,1,0,0
2023,1,3,14,206,205,191,0,0,0,14,1,0
2023,1,3,15,517,513,474,3,0,0,36,4,0
2023,1,3,16,983,978,857,18,0,0,103,5,0
2023,1,3,17,1493,1482,1250,56,0,2,174,11,0
2023,1,3,18,1945,1930,1578,104,1,1,246,15,0
2023,1,3,19,2714,2699,2113,259,0,4,323,15,0
2023,1,4,12,2,2,2,0,0,0,0,0,0
2023,1,4,13,16,16,15,0,0,0,1,0,0
2023,1,4,14,70,70,62,0,0,0,8,0,0
2023,1,4,15,183,183,161,0,0,0,22,0,0
2023,1,4,16,333,332,273,8,0,0,51,1,0
2023,1,4,17,538,537,417,24,1,3,92,1,0
2023,1,4,18,726,724,567,52,0,1,104,2,0
2023,1,4,19,918,917,677,90,1,2,147,1,0
2023,1,5,11,2,2,2,0,0,0,0,0,0
2023,1,5,12,1,1,1,0,0,0,0,0,0
2023,1,5,13,18,17,15,0,0,0,2,1,0
2023,1,5,14,65,65,57,1,0,0,7,0,0
2023,1,5,15,163,163,147,1,0,0,15,0,0
2023,1,5,16,297,295,235,12,0,0,48,2,0
2023,1,5,17,438,435,356,18,0,1,60,3,0
2023,1,5,18,561,559,453,41,0,0,65,2,0
2023,1,5,19,738,734,569,66,0,3,96,4,0
2023,2,0,11,3,3,3,0,0,0,0,0,0
2023,2,0,12,34,34,28,2,0,0,4,0,0
2023,2,0,13,191,191,171,1,0,1,18,0,0
2023,2,0,14,793,787,652,5,0,0,130,6,0
2023,2,0,15,1910,1891,1560,9,0,0,322,19,0
2023,2,0,16,3271,3239,2600,51,1,1,586,32,0
2023,2,0,17,4655,4623,3586,165,1,5,866,32,0
2023,2,0,18,5966,5918,4361,353,7,4,1193,48,0
2023,2,0,19,7430,7377,5373,657,3,11,1333,53,0
2023,2,1,12,11,11,9,0,0,0,2,0,0
2023,2,1,13,52,52,47,0,0,0,5,0,0
2023,2,1,14,169,168,133,2,0,0,33,1,0
2023,2,1,15,417,412,319,4,0,0,89,5,0
2023,2,1,16,634,630,459,5,1,0,165,4,0
2023,2,1,17,822,821,559,19,1,0,242,1,0
2023,2,1,18,1005,998,614,55,1,2,326,7,0
2023,2,1,19,1100,1097,667,81,1,1,347,3,0
2023,2,2,11,1,1,1,0,0,0,0,0,0
2023,2,2,12,13,13,10,2,0,0,1,0,0
2023,2,2,13,76,76,65,1,0,1,9,0,0
2023,2,2,14,289,287,224,1,0,0,62,2,0
2023,2,2,15,720,710,548,4,0,0,158,10,0
2023,2,2,16,1128,1113,834,19,0,1,259,15,0
2023,2,2,17,1572,1557,1137,58,0,1,361,15,0
2023,2,2,18,1891,1870,1301,109,2,0,458,21,0
2023,2,2,19,2298,2276,1605,192,0,4,475,22,0
2023,2,3,11,2,2,2,0,0,0,0,0,0
2023,2,3,12,4,4,3,0,0,0,1,0,0
2023,2,3,13,39,39,38,0,0,0,1,0,0
2023,2,3,14,199,197,182,0,0,0,15,2,0
2023,2,3,15,451,450,418,0,0,0,32,1,0
2023,2,3,16,944,937,827,13,0,0,97,7,0
2023,2,3,17,1406,1395,1189,54,0,2,150,11,0
2023,2,3,18,1893,1882,1519,125,1,1,236,11,0
2023,2,3,19,2488,2471,1922,236,2,2,309,17,0
2023,2,4,12,2,2,2,0,0,0,0,0,0
2023,2,4,13,7,7,6,0,0,0,1,0,0
2023,2,4,14,57,57,48,0,0,0,9,0,0
2023,2,4,15,161,160,138,1,0,0,21,1,0
2023,2,4,16,294,290,244,7,0,0,39,4,0
2023,2,4,17,445,442,366,17,0,0,59,3,0
2023,2,4,18,616,612,490,34,2,0,86,4,0
2023,2,4,19,852,848,659,73,0,2,114,4,0
2023,2,5,12,4,4,4,0,0,0,0,0,0
2023,2,5,13,17,17,15,0,0,0,2,0,0
2023,2,5,14,79,78,65,2,0,0,11,1,0
2023,2,5,15,161,159,137,0,0,0,22,2,0
2023,2,5,16,271,269,236,7,0,0,26,2,0
2023,2,5,17,410,408,335,17,0,2,54,2,0
2023,2,5,18,561,556,437,30,1,1,87,5,0
2023,2,5,19,692,685,520,75,0,2,88,7,0
2023,3,0,10,1,1,1,0,0,0,0,0,0
2023,3,0,11,4,4,3,0,0,0,1,0,0
2023,3,0,12,49,46,41,1,0,0,4,3,0
2023,3,0,13,266,266,237,1,0,0,28,0,0
2023,3,0,14,1022,1014,863,2,0,1,148,8,0
2023,3,0,15,2150,2134,1788,15,0,3,328,16,0
2023,3,0,16,3818,3788,3055,68,2,4,659,30,0
2023,3,0,17,5542,5495,4270,204,7,7,1007,47,0
2023,3,0,18,6612,6571,4901,422,1,10,1237,41,0
2023,3,0,19,8359,8291,5993,726,3,13,1556,68,0
2023,3,1,11,1,1,1,0,0,0,0,0,0
2023,3,1,12,11,9,9,0,0,0,0,2,0
2023,3,1,13,65,65,55,0,0,0,10,0,0
2023,3,1,14,226,223,182,1,0,1,39,3,0
2023,3,1,15,429,424,332,3,0,1,88,5,0
2023,3,1,16,747,744,525,13,1,1,204,3,0
2023,3,1,17,981,976,654,28,1,1,292,5,0
2023,3,1,18,1106,1096,714,53,1,1,327,10,0
2023,3,1,19,1254,1245,812,70,0,3,360,9,0
2023,3,2,10,1,1,1,0,0,0,0,0,0
2023,3,2,11,2,2,1,0,0,0,1,0,0
2023,3,2,12,18,17,14,0,0,0,3,1,0
2023,3,2,13,113,113,98,0,0,0,15,0,0
2023,3,2,14,408,406,323,0,0,0,83,2,0
2023,3,2,15,747,739,576,5,0,0,158,8,0
2023,3,2,16,1319,1300,1007,16,0,2,275,19,0
2023,3,2,17,1890,1869,1388,64,3,3,411,21,0
2023,3,2,18,2045,2028,1438,122,0,5,463,17,0
2023,3,2,19,2487,2455,1712,184,1,4,554,32,0
2023,3,3,11,1,1,1,0,0,0,0,0,0
2023,3,3,12,9,9,7,1,0,0,1,0,0
2023,3,3,13,58,58,55,1,0,0,2,0,0
2023,3,3,14,233,232,222,0,0,0,10,1,0
2023,3,3,15,591,590,545,6,0,0,39,1,0
2023,3,3,16,1101,1098,977,19,0,0,102,3,0
2023,3,3,17,1630,1617,1374,64,2,2,175,13,0
2023,3,3,18,2131,2123,1701,149,0,3,270,8,0
2023,3,3,19,2797,2777,2119,273,2,4,379,20,0
2023,3,4,12,5,5,5,0,0,0,0,0,0
2023,3,4,13,10,10,10,0,0,0,0,0,0
2023,3,4,14,77,76,70,1,0,0,5,1,0
2023,3,4,15,198,196,173,0,0,2,21,2,0
2023,3,4,16,322,319,269,11,0,1,38,3,0
2023,3,4,17,573,567,464,31,1,0,71,6,0
2023,3,4,18,689,689,550,49,0,0,90,0,0
2023,3,4,19,1017,1015,765,106,0,1,143,2,0
2023,3,5,12,6,6,6,0,0,0,0,0,0
2023,3,5,13,20,20,19,0,0,0,1,0,0
2023,3,5,14,78,77,66,0,0,0,11,1,0
2023,3,5,15,185,185,162,1,0,0,22,0,0
2023,3,5,16,329,327,277,9,1,0,40,2,0
2023,3,5,17,468,466,390,17,0,1,58,2,0
2023,3,5,18,641,635,498,49,0,1,87,6,0
2023,3,5,19,804,799,585,93,0,1,120,5,0
2023,4,0,10,1,1,1,0,0,0,0,0,0
2023,4,0,11,6,6,5,0,0,0,1,0,0
2023,4,0,12,33,32,30,0,0,0,2,1,0
2023,4,0,13,247,244,220,1,0,0,23,3,0
2023,4,0,14,981,973,799,3,0,0,171,8,0
2023,4,0,15,2078,2059,1749,15,1,0,294,19,0
2023,4,0,16,3705,3682,2962,64,3,3,650,23,0
2023,4,0,17,5051,5017,3871,178,4,3,961,34,0
2023,4,0,18,6266,6226,4634,371,4,9,1208,40,0
2023,4,0,19,7846,7806,5699,657,4,19,1427,40,0
2023,4,1,11,2,2,2,0,0,0,0,0,0
2023,4,1,12,6,5,5,0,0,0,0,1,0
2023,4,1,13,74,73,66,0,0,0,7,1,0
2023,4,1,14,229,226,171,2,0,0,53,3,0
2023,4,1,15,421,415,330,2,1,0,82,6,0
2023,4,1,16,692,690,512,15,0,0,163,2,0
2023,4,1,17,928,920,629,25,1,0,265,8,0
2023,4,1,18,1021,1016,651,55,0,0,310,5,0
2023,4,1,19,1172,1164,718,70,0,2,374,8,0
2023,4,2,12,13,13,12,0,0,0,1,0,0
2023,4,2,13,96,95,81,1,0,0,13,1,0
2023,4,2,14,355,353,270,1,0,0,82,2,0
2023,4,2,15,759,753,613,3,0,0,137,6,0
2023,4,2,16,1339,1326,991,25,2,1,307,13,0
2023,4,2,17,1729,1714,1254,58,1,2,399,15,0
2023,4,2,18,2030,2010,1416,112,1,4,477,20,0
2023,4,2,19,2373,2353,1652,175,1,4,521,20,0
2023,4,3,10,1,1,1,0,0,0,0,0,0
2023,4,3,11,1,1,1,0,0,0,0,0,0
2023,4,3,12,9,9,8,0,0,0,1,0,0
2023,4,3,13,45,44,43,0,0,0,1,1,0
2023,4,3,14,238,235,220,0,0,0,15,3,0
2023,4,3,15,540,535,488,5,0,0,42,5,0
2023,4,3,16,1032,1024,923,11,0,1,89,8,0
2023,4,3,17,1470,1465,1252,57,2,0,154,5,0
2023,4,3,18,1977,1969,1588,140,0,2,239,8,0
2023,4,3,19,2595,2590,2020,259,0,6,305,5,0
2023,4,4,12,1,1,1,0,0,0,0,0,0
2023,4,4,13,19,19,19,0,0,0,0,0,0
2023,4,4,14,78,78,69,0,0,0,9,0,0
2023,4,4,15,157,157,139,3,0,0,15,0,0
2023,4,4,16,336,336,270,10,1,1,54,0,0
2023,4,4,17,462,460,358,21,0,1,80,2,0
2023,4,4,18,689,685,547,33,3,1,101,4,0
2023,4,4,19,942,938,703,82,2,2,149,4,0
2023,4,5,11,3,3,2,0,0,0,1,0,0
2023,4,5,12,4,4,4,0,0,0,0,0,0
2023,4,5,13,13,13,11,0,0,0,2,0,0
2023,4,5,14,81,81,69,0,0,0,12,0,0
2023,4,5,15,201,199,179,2,0,0,18,2,0
2023,4,5,16,306,306,266,3,0,0,37,0,0
2023,4,5,17,462,458,378,17,0,0,63,4,0
2023,4,5,18,549,546,432,31,0,2,81,3,0
2023,4,5,19,764,761,606,71,1,5,78,3,0
2023,5,0,10,1,1,1,0,0,0,0,0,0
2023,5,0,11,7,7,5,2,0,0,0,0,0
2023,5,0,12,25,23,22,0,0,0,1,2,0
2023,5,0,13,240,236,218,1,0,0,17,4,0
2023,5,0,14,960,947,816,5,0,0,126,13,0
2023,5,0,15,2193,2173,1847,13,0,0,313,20,0
2023,5,0,16,3777,3741,3008,79,1,1,652,36,0
2023,5,0,17,5300,5263,4166,196,3,6,892,37,0
2023,5,0,18,6533,6481,4935,379,0,4,1163,52,0
2023,5,0,19,8201,8137,5962,687,5,9,1474,64,0
2023,5,1,11,1,1,1,0,0,0,0,0,0
2023,5,1,12,6,5,5,0,0,0,0,1,0
2023,5,1,13,60,58,53,1,0,0,4,2,0
2023,5,1,14,200,194,164,1,0,0,29,6,0
2023,5,1,15,436,428,319,1,0,0,108,8,0
2023,5,1,16,710,700,512,15,0,0,173,10,0
2023,5,1,17,932,927,661,29,1,1,235,5,0
2023,5,1,18,1035,1029,667,50,0,2,310,6,0
2023,5,1,19,1234,1223,768,93,1,0,361,11,0
2023,5,2,11,1,1,0,1,0,0,0,0,0
2023,5,2,12,10,10,9,0,0,0,1,0,0
2023,5,2,13,91,89,81,0,0,0,8,2,0
2023,5,2,14,374,368,297,2,0,0,69,6,0
2023,5,2,15,817,808,673,4,0,0,131,9,0
2023,5,2,16,1364,1345,1024,26,0,0,295,19,0
2023,5,2,17,1802,1780,1354,61,0,1,364,22,0
2023,5,2,18,2053,2022,1476,127,0,0,419,31,0
2023,5,2,19,2473,2433,1727,180,0,3,523,40,0
2023,5,3,11,3,3,2,1,0,0,0,0,0
2023,5,3,12,5,5,5,0,0,0,0,0,0
2023,5,3,13,57,57,53,0,0,0,4,0,0
2023,5,3,14,230,229,219,1,0,0,9,1,0
2023,5,3,15,547,546,506,3,0,0,37,1,0
2023,5,3,16,1035,1030,906,22,1,0,101,5,0
2023,5,3,17,1537,1529,1313,59,0,2,155,8,0
2023,5,3,18,2086,2077,1728,115,0,0,234,9,0
2023,5,3,19,2764,2758,2166,251,2,3,336,6,0
2023,5,4,12,1,1,1,0,0,0,0,0,0
2023,5,4,13,13,13,13,0,0,0,0,0,0
2023,5,4,14,74,74,66,0,0,0,8,0,0
2023,5,4,15,193,193,170,1,0,0,22,0,0
2023,5,4,16,356,354,305,11,0,0,38,2,0
2023,5,4,17,568,568,463,29,2,0,74,0,0
2023,5,4,18,748,747,585,53,0,2,107,1,0
2023,5,4,19,982,979,736,81,0,0,162,3,0
2023,5,5,10,1,1,1,0,0,0,0,0,0
2023,5,5,11,2,2,2,0,0,0,0,0,0
2023,5,5,12,3,2,2,0,0,0,0,1,0
2023,5,5,13,19,19,18,0,0,0,1,0,0
2023,5,5,14,82,82,70,1,0,0,11,0,0
2023,5,5,15,200,198,179,4,0,0,15,2,0
2023,5,5,16,312,312,261,5,0,1,45,0,0
2023,5,5,17,461,459,375,18,0,2,64,2,0
2023,5,5,18,611,606,479,34,0,0,93,5,0
2023,5,5,19,748,744,565,82,2,3,92,4,0
2023,6,0,11,2,2,2,0,0,0,0,0,0
2023,6,0,12,33,33,32,0,0,0,1,0,0
2023,6,0,13,234,232,204,4,0,0,24,2,0
2023,6,0,14,912,902,773,4,0,0,125,10,0
2023,6,0,15,2026,2010,1671,10,1,0,328,16,0
2023,6,0,16,3445,3412,2765,60,0,2,585,33,0
2023,6,0,17,4968,4924,3834,187,2,3,898,44,0
2023,6,0,18,6357,6296,4765,352,1,4,1174,61,0
2023,6,0,19,7978,7908,5794,640,5,16,1453,70,0
2023,6,1,11,1,1,1,0,0,0,0,0,0
2023,6,1,12,11,11,10,0,0,0,1,0,0
2023,6,1,13,58,57,50,1,0,0,6,1,0
2023,6,1,14,217,212,164,0,0,0,48,5,0
2023,6,1,15,394,388,283,4,0,0,101,6,0
2023,6,1,16,660,654,478,8,0,0,168,6,0
2023,6,1,17,942,935,650,27,1,1,256,7,0
2023,6,1,18,1074,1069,704,38,0,0,327,5,0
2023,6,1,19,1144,1137,687,87,1,0,362,7,0
2023,6,2,12,10,10,10,0,0,0,0,0,0
2023,6,2,13,83,82,64,2,0,0,16,1,0
2023,6,2,14,360,357,295,1,0,0,61,3,0
2023,6,2,15,794,788,638,3,0,0,147,6,0
2023,6,2,16,1257,1235,950,20,0,2,263,22,0
2023,6,2,17,1710,1684,1271,48,0,1,364,26,0
2023,6,2,18,2070,2032,1470,100,0,1,461,38,0
2023,6,2,19,2396,2351,1660,161,1,2,527,45,0
2023,6,3,12,5,5,5,0,0,0,0,0,0
2023,6,3,13,60,60,60,0,0,0,0,0,0
2023,6,3,14,204,203,193,2,0,0,8,1,0
2023,6,3,15,492,488,442,2,0,0,44,4,0
2023,6,3,16,931,929,827,14,0,0,88,2,0
2023,6,3,17,1430,1424,1222,65,0,0,137,6,0
2023,6,3,18,1928,1919,1575,126,0,2,216,9,0
2023,6,3,19,2730,2723,2116,261,3,10,333,7,0
2023,6,4,12,4,4,4,0,0,0,0,0,0
2023,6,4,13,14,14,13,0,0,0,1,0,0
2023,6,4,14,61,61,57,0,0,0,4,0,0
2023,6,4,15,178,178,162,0,0,0,16,0,0
2023,6,4,16,309,308,268,10,0,0,30,1,0
2023,6,4,17,452,449,363,22,1,0,63,3,0
2023,6,4,18,738,731,586,44,0,1,100,7,0
2023,6,4,19,998,993,786,72,0,2,133,5,0
2023,6,5,11,1,1,1,0,0,0,0,0,0
2023,6,5,12,3,3,3,0,0,0,0,0,0
2023,6,5,13,19,19,17,1,0,0,1,0,0
2023,6,5,14,70,69,64,1,0,0,4,1,0
2023,6,5,15,168,168,146,1,1,0,20,0,0
2023,6,5,16,288,286,242,8,0,0,36,2,0
2023,6,5,17,434,432,328,25,0,1,78,2,0
2023,6,5,18,547,545,430,44,1,0,70,2,0
2023,6,5,19,710,704,545,59,0,2,98,6,0
2023,7,0,10,1,1,1,0,0,0,0,0,0
2023,7,0,11,5,5,3,0,0,0,2,0,0
2023,7,0,12,44,44,40,1,0,0,3,0,0
2023,7,0,13,245,242,217,0,0,0,25,3,0
2023,7,0,14,945,936,810,3,0,0,123,9,0
2023,7,0,15,2054,2034,1701,17,0,0,316,20,0
2023,7,0,16,3522,3488,2835,48,4,2,599,34,0
2023,7,0,17,4789,4754,3773,170,2,3,806,35,0
2023,7,0,18,6274,6238,4749,352,2,4,1131,36,0
2023,7,0,19,7593,7544,5556,621,4,9,1354,49,0
2023,7,1,10,1,1,1,0,0,0,0,0,0
2023,7,1,12,16,16,15,0,0,0,1,0,0
2023,7,1,13,49,47,44,0,0,0,3,2,0
2023,7,1,14,222,222,186,1,0,0,35,0,0
2023,7,1,15,456,451,345,6,0,0,100,5,0
2023,7,1,16,731,723,511,13,1,1,197,8,0
2023,7,1,17,849,845,584,27,1,1,232,4,0
2023,7,1,18,1039,1032,685,50,0,1,296,7,0
2023,7,1,19,1139,1131,739,75,0,2,315,8,0
2023,7,2,11,2,2,0,0,0,0,2,0,0
2023,7,2,12,14,14,12,1,0,0,1,0,0
2023,7,2,13,97,96,80,0,0,0,16,1,0
2023,7,2,14,386,379,313,1,0,0,65,7,0
2023,7,2,15,781,772,615,9,0,0,148,9,0
2023,7,2,16,1256,1236,984,20,1,0,231,20,0
2023,7,2,17,1637,1615,1253,47,1,0,314,22,0
2023,7,2,18,2013,1993,1470,84,0,1,438,20,0
2023,7,2,19,2298,2266,1611,166,1,4,484,32,0
2023,7,3,11,3,3,3,0,0,0,0,0,0
2023,7,3,12,9,9,8,0,0,0,1,0,0
2023,7,3,13,60,60,58,0,0,0,2,0,0
2023,7,3,14,198,197,185,1,0,0,11,1,0
2023,7,3,15,505,500,461,2,0,0,37,5,0
2023,7,3,16,927,924,818,5,2,0,99,3,0
2023,7,3,17,1402,1398,1200,57,0,2,139,4,0
2023,7,3,18,1944,1938,1575,137,2,2,222,6,0
2023,7,3,19,2529,2525,1955,236,0,3,331,4,0
2023,7,4,12,2,2,2,0,0,0,0,0,0
2023,7,4,13,21,21,20,0,0,0,1,0,0
2023,7,4,14,65,64,60,0,0,0,4,1,0
2023,7,4,15,161,160,146,0,0,0,14,1,0
2023,7,4,16,339,337,295,4,0,1,37,2,0
2023,7,4,17,460,459,379,22,0,0,58,1,0
2023,7,4,18,749,746,595,53,0,0,98,3,0
2023,7,4,19,957,955,730,80,1,0,144,2,0
2023,7,5,12,3,3,3,0,0,0,0,0,0
2023,7,5,13,18,18,15,0,0,0,3,0,0
2023,7,5,14,74,74,66,0,0,0,8,0,0
2023,7,5,15,151,151,134,0,0,0,17,0,0
2023,7,5,16,269,268,227,6,0,0,35,1,0
2023,7,5,17,441,437,357,17,0,0,63,4,0
2023,7,5,18,529,529,424,28,0,0,77,0,0
2023,7,5,19,670,667,521,64,2,0,80,3,0
2023,8,0,10,2,2,1,1,0,0,0,0,0
2023,8,0,11,6,6,6,0,0,0,0,0,0
2023,8,0,12,34,33,29,1,0,0,3,1,0
2023,8,0,13,238,233,210,1,0,0,22,5,0
2023,8,0,14,949,940,825,7,0,0,108,9,0
2023,8,0,15,2011,1981,1666,7,0,2,306,30,0
2023,8,0,16,3276,3258,2649,53,1,3,552,18,0
2023,8,0,17,4680,4643,3654,178,0,5,806,37,0
2023,8,0,18,6158,6115,4608,346,3,7,1151,43,0
2023,8,0,19,7526,7469,5480,642,1,7,1339,57,0
2023,8,1,10,1,1,0,1,0,0,0,0,0
2023,8,1,11,4,4,4,0,0,0,0,0,0
2023,8,1,12,15,15,13,0,0,0,2,0,0
2023,8,1,13,65,62,54,0,0,0,8,3,0
2023,8,1,14,228,225,178,2,0,0,45,3,0
2023,8,1,15,425,417,305,1,0,0,111,8,0
2023,8,1,16,675,671,494,6,0,0,171,4,0
2023,8,1,17,916,910,642,35,0,1,232,6,0
2023,8,1,18,1084,1078,671,56,1,2,348,6,0
2023,8,1,19,1262,1251,791,82,0,1,377,11,0
2023,8,2,11,1,1,1,0,0,0,0,0,0
2023,8,2,12,6,6,5,0,0,0,1,0,0
2023,8,2,13,90,90,79,1,0,0,10,0,0
2023,8,2,14,356,351,303,3,0,0,45,5,0
2023,8,2,15,749,734,606,4,0,1,123,15,0
2023,8,2,16,1178,1167,907,17,1,1,241,11,0
2023,8,2,17,1567,1552,1158,56,0,4,334,15,0
2023,8,2,18,1994,1968,1469,82,1,2,414,26,0
2023,8,2,19,2252,2219,1630,153,0,0,436,33,0
2023,8,3,10,1,1,1,0,0,0,0,0,0
2023,8,3,12,3,2,2,0,0,0,0,1,0
2023,8,3,13,44,44,43,0,0,0,1,0,0
2023,8,3,14,213,212,204,0,0,0,8,1,0
2023,8,3,15,491,486,454,2,0,1,29,5,0
2023,8,3,16,855,854,768,17,0,1,68,1,0
2023,8,3,17,1307,1298,1120,47,0,0,131,9,0
2023,8,3,18,1861,1857,1497,134,1,2,223,4,0
2023,8,3,19,2413,2404,1861,248,1,2,292,9,0
2023,8,4,12,1,1,1,0,0,0,0,0,0
2023,8,4,13,19,19,18,0,0,0,1,0,0
2023,8,4,14,86,86,80,1,0,0,5,0,0
2023,8,4,15,169,167,143,0,0,0,24,2,0
2023,8,4,16,308,307,265,7,0,0,35,1,0
2023,8,4,17,484,480,391,24,0,0,65,4,0
2023,8,4,18,650,647,520,40,0,1,86,3,0
2023,8,4,19,940,936,695,85,0,1,155,4,0
2023,8,5,11,1,1,1,0,0,0,0,0,0
2023,8,5,12,9,9,8,1,0,0,0,0,0
2023,8,5,13,20,18,16,0,0,0,2,2,0
2023,8,5,14,66,66,60,1,0,0,5,0,0
2023,8,5,15,177,177,158,0,0,0,19,0,0
2023,8,5,16,260,259,215,6,0,1,37,1,0
2023,8,5,17,406,403,343,16,0,0,44,3,0
2023,8,5,18,569,565,451,34,0,0,80,4,0
2023,8,5,19,659,659,503,74,0,3,79,0,0
2023,9,0,11,5,5,5,0,0,0,0,0,0
2023,9,0,12,19,17,17,0,0,0,0,2,0
2023,9,0,13,232,230,201,1,0,1,27,2,0
2023,9,0,14,884,875,769,4,0,0,102,9,0
2023,9,0,15,1885,1871,1600,14,1,0,256,14,0
2023,9,0,16,3373,3345,2702,60,2,0,581,28,0
2023,9,0,17,4582,4542,3541,188,3,8,802,40,0
2023,9,0,18,6090,6048,4591,312,2,6,1137,42,0
2023,9,0,19,7392,7330,5422,598,6,13,1291,62,0
2023,9,1,11,1,1,1,0,0,0,0,0,0
2023,9,1,12,5,4,4,0,0,0,0,1,0
2023,9,1,13,60,59,47,0,0,0,12,1,0
2023,9,1,14,214,210,181,0,0,0,29,4,0
2023,9,1,15,410,406,326,1,0,0,79,4,0
2023,9,1,16,724,720,539,10,1,0,170,4,0
2023,9,1,17,930,921,623,29,1,4,264,9,0
2023,9,1,18,1083,1078,689,49,0,1,339,5,0
2023,9,1,19,1210,1207,739,75,1,3,389,3,0
2023,9,2,11,3,3,3,0,0,0,0,0,0
2023,9,2,12,7,6,6,0,0,0,0,1,0
2023,9,2,13,86,85,76,1,0,0,8,1,0
2023,9,2,14,298,296,246,1,0,0,49,2,0
2023,9,2,15,716,710,593,7,1,0,109,6,0
2023,9,2,16,1201,1187,894,17,0,0,276,14,0
2023,9,2,17,1574,1554,1188,50,1,3,312,20,0
2023,9,2,18,2022,1995,1484,88,1,1,421,27,0
2023,9,2,19,2338,2298,1668,164,2,4,460,40,0
2023,9,3,12,3,3,3,0,0,0,0,0,0
2023,9,3,13,45,45,42,0,0,1,2,0,0
2023,9,3,14,218,217,204,2,0,0,11,1,0
2023,9,3,15,462,459,420,4,0,0,35,3,0
2023,9,3,16,818,814,731,18,1,0,64,4,0
2023,9,3,17,1221,1216,1034,65,1,0,116,5,0
2023,9,3,18,1792,1786,1449,116,0,1,220,6,0
2023,9,3,19,2247,2236,1783,205,2,3,243,11,0
2023,9,4,11,1,1,1,0,0,0,0,0,0
2023,9,4,12,2,2,2,0,0,0,0,0,0
2023,9,4,13,21,21,17,0,0,0,4,0,0
2023,9,4,14,78,78,68,1,0,0,9,0,0
2023,9,4,15,146,146,129,1,0,0,16,0,0
2023,9,4,16,299,296,259,6,0,0,31,3,0
2023,9,4,17,456,452,365,19,0,0,68,4,0
2023,9,4,18,624,622,504,33,1,2,82,2,0
2023,9,4,19,912,909,701,82,1,3,122,3,0
2023,9,5,12,2,2,2,0,0,0,0,0,0
2023,9,5,13,20,20,19,0,0,0,1,0,0
2023,9,5,14,76,74,70,0,0,0,4,2,0
2023,9,5,15,151,150,132,1,0,0,17,1,0
2023,9,5,16,331,328,279,9,0,0,40,3,0
2023,9,5,17,401,399,331,25,0,1,42,2,0
2023,9,5,18,569,567,465,26,0,1,75,2,0
2023,9,5,19,685,680,531,72,0,0,77,5,0
2023,10,0,11,6,6,5,0,0,0,1,0,0
2023,10,0,12,31,31,30,0,0,0,1,0,0
2023,10,0,13,219,216,192,0,0,0,24,3,0
2023,10,0,14,829,824,708,6,0,0,110,5,0
2023,10,0,15,1841,1819,1564,8,1,0,246,22,0
2023,10,0,16,3255,3233,2623,62,3,1,544,22,0
2023,10,0,17,4433,4405,3398,188,0,4,815,28,0
2023,10,0,18,5921,5871,4399,359,2,5,1106,50,0
2023,10,0,19,7194,7143,5216,643,3,11,1270,51,0
2023,10,1,11,2,2,1,0,0,0,1,0,0
2023,10,1,12,13,13,12,0,0,0,1,0,0
2023,10,1,13,65,63,51,0,0,0,12,2,0
2023,10,1,14,182,180,141,3,0,0,36,2,0
2023,10,1,15,428,421,337,2,0,0,82,7,0
2023,10,1,16,727,722,524,10,1,0,187,5,0
2023,10,1,17,894,893,597,31,0,0,265,1,0
2023,10,1,18,1150,1141,715,59,0,1,366,9,0
2023,10,1,19,1227,1222,780,77,0,2,363,5,0
2023,10,2,12,10,10,10,0,0,0,0,0,0
2023,10,2,13,83,83,72,0,0,0,11,0,0
2023,10,2,14,316,315,255,1,0,0,59,1,0
2023,10,2,15,680,673,555,3,1,0,114,7,0
2023,10,2,16,1176,1164,923,16,1,0,224,12,0
2023,10,2,17,1564,1547,1163,52,0,1,331,17,0
2023,10,2,18,1970,1940,1417,98,2,0,423,30,0
2023,10,2,19,2230,2198,1563,164,0,3,468,32,0
2023,10,3,11,1,1,1,0,0,0,0,0,0
2023,10,3,12,4,4,4,0,0,0,0,0,0
2023,10,3,13,40,39,39,0,0,0,0,1,0
2023,10,3,14,204,204,196,1,0,0,7,0,0
2023,10,3,15,439,433,411,1,0,0,21,6,0
2023,10,3,16,789,787,711,15,1,0,60,2,0
2023,10,3,17,1150,1144,978,45,0,2,119,6,0
2023,10,3,18,1668,1662,1360,127,0,2,173,6,0
2023,10,3,19,2301,2295,1772,259,2,4,258,6,0
2023,10,4,11,1,1,1,0,0,0,0,0,0
2023,10,4,12,3,3,3,0,0,0,0,0,0
2023,10,4,13,13,13,12,0,0,0,1,0,0
2023,10,4,14,61,60,55,0,0,0,5,1,0
2023,10,4,15,149,148,129,0,0,0,19,1,0
2023,10,4,16,278,277,234,7,0,0,36,1,0
2023,10,4,17,408,406,321,33,0,0,52,2,0
2023,10,4,18,611,611,495,35,0,1,80,0,0
2023,10,4,19,803,798,603,78,0,2,115,5,0
2023,10,5,11,2,2,2,0,0,0,0,0,0
2023,10,5,12,1,1,1,0,0,0,0,0,0
2023,10,5,13,18,18,18,0,0,0,0,0,0
2023,10,5,14,66,65,61,1,0,0,3,1,0
2023,10,5,15,145,144,132,2,0,0,10,1,0
2023,10,5,16,285,283,231,14,0,1,37,2,0
2023,10,5,17,417,415,339,27,0,1,48,2,0
2023,10,5,18,522,517,412,40,0,1,64,5,0
2023,10,5,19,633,630,498,65,1,0,66,3,0
2023,11,0,11,2,2,2,0,0,0,0,0,0
2023,11,0,12,36,36,30,0,0,0,6,0,0
2023,11,0,13,179,176,160,2,0,0,14,3,0
2023,11,0,14,769,759,658,3,0,0,98,10,0
2023,11,0,15,1725,1707,1451,11,0,0,245,18,0
2023,11,0,16,2965,2927,2408,64,1,2,452,38,0
2023,11,0,17,4109,4074,3166,149,2,2,755,35,0
2023,11,0,18,5472,5432,4077,330,0,4,1021,40,0
2023,11,0,19,6815,6759,4984,543,3,5,1224,56,0
2023,11,1,12,10,10,9,0,0,0,1,0,0
2023,11,1,13,50,49,44,0,0,0,5,1,0
2023,11,1,14,189,186,147,0,0,0,39,3,0
2023,11,1,15,419,414,318,3,0,0,93,5,0
2023,11,1,16,638,627,463,11,0,0,153,11,0
2023,11,1,17,870,865,591,27,0,0,247,5,0
2023,11,1,18,1056,1054,664,48,0,1,341,2,0
2023,11,1,19,1148,1141,689,70,0,0,382,7,0
2023,11,2,12,14,14,10,0,0,0,4,0,0
2023,11,2,13,64,62,57,0,0,0,5,2,0
2023,11,2,14,286,282,242,2,0,0,38,4,0
2023,11,2,15,614,605,484,6,0,0,115,9,0
2023,11,2,16,1060,1043,810,30,0,1,202,17,0
2023,11,2,17,1390,1369,1018,48,1,1,301,21,0
2023,11,2,18,1818,1791,1358,88,0,1,344,27,0
2023,11,2,19,2165,2132,1531,160,1,1,439,33,0
2023,11,3,11,1,1,1,0,0,0,0,0,0
2023,11,3,12,8,8,8,0,0,0,0,0,0
2023,11,3,13,41,41,40,0,0,0,1,0,0
2023,11,3,14,184,182,173,1,0,0,8,2,0
2023,11,3,15,427,424,401,1,0,0,22,3,0
2023,11,3,16,736,732,664,15,0,0,53,4,0
2023,11,3,17,1092,1087,922,46,1,1,117,5,0
2023,11,3,18,1522,1514,1215,118,0,1,180,8,0
2023,11,3,19,2138,2131,1690,194,1,2,244,7,0
2023,11,4,11,1,1,1,0,0,0,0,0,0
2023,11,4,12,2,2,1,0,0,0,1,0,0
2023,11,4,13,13,13,11,0,0,0,2,0,0
2023,11,4,14,48,47,44,0,0,0,3,1,0
2023,11,4,15,130,129,122,0,0,0,7,1,0
2023,11,4,16,264,260,238,6,1,0,15,4,0
2023,11,4,17,390,387,317,13,0,0,57,3,0
2023,11,4,18,583,581,458,30,0,1,92,2,0
2023,11,4,19,788,784,617,66,0,2,99,4,0
2023,11,5,12,2,2,2,0,0,0,0,0,0
2023,11,5,13,11,11,8,2,0,0,1,0,0
2023,11,5,14,62,62,52,0,0,0,10,0,0
2023,11,5,15,135,135,126,1,0,0,8,0,0
2023,11,5,16,267,265,233,2,0,1,29,2,0
2023,11,5,17,367,366,318,15,0,0,33,1,0
2023,11,5,18,493,492,382,46,0,0,64,1,0
2023,11,5,19,576,571,457,53,1,0,60,5,0
2023,12,0,11,3,3,3,0,0,0,0,0,0
2023,12,0,12,38,38,34,0,0,0,4,0,0
2023,12,0,13,181,180,160,1,0,0,19,1,0
2023,12,0,14,740,730,639,3,0,0,88,10,0
2023,12,0,15,1786,1765,1517,16,0,0,232,21,0
2023,12,0,16,2913,2893,2334,60,2,1,496,20,0
2023,12,0,17,4134,4103,3226,135,0,2,740,31,0
2023,12,0,18,5388,5359,4072,308,3,6,970,29,0
2023,12,0,19,6911,6871,5019,613,5,16,1218,40,0
2023,12,1,11,2,2,2,0,0,0,0,0,0
2023,12,1,12,10,10,9,0,0,0,1,0,0
2023,12,1,13,61,61,53,0,0,0,8,0,0
2023,12,1,14,174,170,144,0,0,0,26,4,0
2023,12,1,15,411,406,319,5,0,0,82,5,0
2023,12,1,16,628,623,431,14,1,0,177,5,0
2023,12,1,17,837,835,580,18,0,0,237,2,0
2023,12,1,18,989,983,633,40,0,0,310,6,0
2023,12,1,19,1134,1129,701,84,1,0,343,5,0
2023,12,2,12,11,11,9,0,0,0,2,0,0
2023,12,2,13,56,56,45,1,0,0,10,0,0
2023,12,2,14,290,288,239,3,0,0,46,2,0
2023,12,2,15,652,640,531,4,0,0,105,12,0
2023,12,2,16,1038,1027,797,17,0,0,213,11,0
2023,12,2,17,1384,1363,1035,36,0,1,291,21,0
2023,12,2,18,1790,1773,1297,85,1,2,388,17,0
2023,12,2,19,2085,2063,1460,170,3,5,425,22,0
2023,12,3,12,11,11,11,0,0,0,0,0,0
2023,12,3,13,32,31,31,0,0,0,0,1,0
2023,12,3,14,164,162,154,0,0,0,8,2,0
2023,12,3,15,445,443,415,4,0,0,24,2,0
2023,12,3,16,758,756,689,13,1,0,53,2,0
2023,12,3,17,1135,1130,978,43,0,1,108,5,0
2023,12,3,18,1578,1574,1296,109,2,3,164,4,0
2023,12,3,19,2220,2211,1745,203,1,9,253,9,0
2023,12,4,12,2,2,2,0,0,0,0,0,0
2023,12,4,13,14,14,14,0,0,0,0,0,0
2023,12,4,14,51,49,46,0,0,0,3,2,0
2023,12,4,15,145,143,127,2,0,0,14,2,0
2023,12,4,16,244,243,212,6,0,0,25,1,0
2023,12,4,17,419,416,332,22,0,0,62,3,0
2023,12,4,18,560,560,445,48,0,0,67,0,0
2023,12,4,19,822,821,619,83,0,2,117,1,0
2023,12,5,11,1,1,1,0,0,0,0,0,0
2023,12,5,12,4,4,3,0,0,0,1,0,0
2023,12,5,13,18,18,17,0,0,0,1,0,0
2023,12,5,14,61,61,56,0,0,0,5,0,0
2023,12,5,15,133,133,125,1,0,0,7,0,0
2023,12,5,16,245,244,205,10,0,1,28,1,0
2023,12,5,17,359,359,301,16,0,0,42,0,0
2023,12,5,18,471,469,401,26,0,1,41,2,0
2023,12,5,19,650,647,494,73,0,0,80,3,0
2024,1,0,10,1,1,1,0,0,0,0,0,0
2024,1,0,11,3,3,3,0,0,0,0,0,0
2024,1,0,12,34,34,32,0,0,0,2,0,0
2024,1,0,13,208,205,187,0,0,0,18,3,0
2024,1,0,14,732,725,651,1,0,0,73,7,0
2024,1,0,15,1786,1763,1504,16,0,1,242,23,0
2024,1,0,16,2996,2963,2427,55,0,1,480,33,0
2024,1,0,17,4239,4198,3325,149,4,4,716,41,0
2024,1,0,18,5849,5802,4353,359,2,1,1087,47,0
2024,1,0,19,7047,7000,5073,656,0,12,1259,47,0
2024,1,1,12,9,9,9,0,0,0,0,0,0
2024,1,1,13,52,50,46,0,0,0,4,2,0
2024,1,1,14,149,148,126,0,0,0,22,1,0
2024,1,1,15,382,374,294,2,0,1,77,8,0
2024,1,1,16,615,601,426,9,0,0,166,14,0
2024,1,1,17,797,791,543,22,0,0,226,6,0
2024,1,1,18,1003,995,642,43,0,0,310,8,0
2024,1,1,19,1038,1032,621,73,0,1,337,6,0
2024,1,2,11,2,2,2,0,0,0,0,0,0
2024,1,2,12,9,9,7,0,0,0,2,0,0
2024,1,2,13,76,75,64,0,0,0,11,1,0
2024,1,2,14,273,268,227,1,0,0,40,5,0
2024,1,2,15,646,634,517,4,0,0,113,12,0
2024,1,2,16,1065,1050,830,15,0,1,204,15,0
2024,1,2,17,1442,1419,1072,54,2,3,288,23,0
2024,1,2,18,1926,1905,1381,107,1,0,416,21,0
2024,1,2,19,2146,2123,1489,173,0,1,460,23,0
2024,1,3,10,1,1,1,0,0,0,0,0,0
2024,1,3,11,1,1,1,0,0,0,0,0,0
2024,1,3,12,11,11,11,0,0,0,0,0,0
2024,1,3,13,40,40,39,0,0,0,1,0,0
2024,1,3,14,181,180,173,0,0,0,7,1,0
2024,1,3,15,473,471,444,3,0,0,24,2,0
2024,1,3,16,838,836,755,21,0,0,60,2,0
2024,1,3,17,1231,1225,1076,30,1,1,117,6,0
2024,1,3,18,1802,1791,1444,133,1,1,212,11,0
2024,1,3,19,2300,2286,1778,247,0,4,257,14,0
2024,1,4,12,3,3,3,0,0,0,0,0,0
2024,1,4,13,15,15,14,0,0,0,1,0,0
2024,1,4,14,57,57,56,0,0,0,1,0,0
2024,1,4,15,125,125,106,5,0,0,14,0,0
2024,1,4,16,230,229,195,6,0,0,28,1,0
2024,1,4,17,398,395,321,23,1,0,50,3,0
2024,1,4,18,572,567,440,37,0,0,90,5,0
2024,1,4,19,860,858,633,94,0,3,128,2,0
2024,1,5,12,2,2,2,0,0,0,0,0,0
2024,1,5,13,25,25,24,0,0,0,1,0,0
2024,1,5,14,72,72,69,0,0,0,3,0,0
2024,1,5,15,160,159,143,2,0,0,14,1,0
2024,1,5,16,248,247,221,4,0,0,22,1,0
2024,1,5,17,371,368,313,20,0,0,35,3,0
2024,1,5,18,546,544,446,39,0,0,59,2,0
2024,1,5,19,703,701,552,69,0,3,77,2,0
2024,2,0,11,3,3,2,1,0,0,0,0,0
2024,2,0,12,29,29,28,0,0,0,1,0,0
2024,2,0,13,183,181,163,0,0,0,18,2,0
2024,2,0,14,766,757,658,6,0,0,93,9,0
2024,2,0,15,1776,1759,1523,11,0,1,224,17,0
2024,2,0,16,2830,2795,2314,50,0,0,431,35,0
2024,2,0,17,4117,4078,3217,151,1,6,703,39,0
2024,2,0,18,5463,5428,4202,274,1,9,942,35,0
2024,2,0,19,6892,6835,5083,601,3,6,1142,57,0
2024,2,1,12,10,10,10,0,0,0,0,0,0
2024,2,1,13,34,34,29,0,0,0,5,0,0
2024,2,1,14,148,144,112,1,0,0,31,4,0
2024,2,1,15,332,330,257,1,0,0,72,2,0
2024,2,1,16,507,503,359,6,0,0,138,4,0
2024,2,1,17,764,756,520,18,0,1,217,8,0
2024,2,1,18,893,891,572,41,1,4,273,2,0
2024,2,1,19,1034,1030,652,88,1,1,288,4,0
2024,2,2,12,12,12,11,0,0,0,1,0,0
2024,2,2,13,74,72,59,0,0,0,13,2,0
2024,2,2,14,318,314,265,2,0,0,47,4,0
2024,2,2,15,635,624,514,5,0,0,105,11,0
2024,2,2,16,1024,1002,817,16,0,0,169,22,0
2024,2,2,17,1331,1309,991,51,0,3,264,22,0
2024,2,2,18,1741,1720,1315,66,0,2,337,21,0
2024,2,2,19,1965,1930,1394,142,1,0,393,35,0
2024,2,3,11,2,2,2,0,0,0,0,0,0
2024,2,3,12,5,5,5,0,0,0,0,0,0
2024,2,3,13,48,48,48,0,0,0,0,0,0
2024,2,3,14,188,187,178,2,0,0,7,1,0
2024,2,3,15,506,502,472,3,0,0,27,4,0
2024,2,3,16,801,794,720,18,0,0,56,7,0
2024,2,3,17,1221,1214,1041,41,0,1,131,7,0
2024,2,3,18,1704,1697,1407,95,0,2,193,7,0
2024,2,3,19,2366,2354,1881,216,1,2,254,12,0
2024,2,4,12,1,1,1,0,0,0,0,0,0
2024,2,4,13,8,8,8,0,0,0,0,0,0
2024,2,4,14,56,56,52,0,0,0,4,0,0
2024,2,4,15,143,143,132,0,0,0,11,0,0
2024,2,4,16,248,247,204,4,0,0,39,1,0
2024,2,4,17,423,422,342,24,1,0,55,1,0
2024,2,4,18,598,595,485,30,0,0,80,3,0
2024,2,4,19,856,853,637,84,0,1,131,3,0
2024,2,5,11,1,1,0,1,0,0,0,0,0
2024,2,5,12,1,1,1,0,0,0,0,0,0
2024,2,5,13,19,19,19,0,0,0,0,0,0
2024,2,5,14,56,56,51,1,0,0,4,0,0
2024,2,5,15,160,160,148,2,0,1,9,0,0
2024,2,5,16,250,249,214,6,0,0,29,1,0
2024,2,5,17,378,377,323,17,0,1,36,1,0
2024,2,5,18,527,525,423,42,0,1,59,2,0
2024,2,5,19,671,668,519,71,0,2,76,3,0
2024,3,0,10,1,1,0,0,0,0,1,0,0
2024,3,0,11,6,6,6,0,0,0,0,0,0
2024,3,0,12,31,30,28,0,0,0,2,1,0
2024,3,0,13,207,203,185,2,0,0,16,4,0
2024,3,0,14,816,800,706,1,0,0,93,16,0
2024,3,0,15,1949,1924,1646,9,0,1,268,25,0
2024,3,0,16,3240,3205,2651,52,1,5,496,35,0
2024,3,0,17,4807,4757,3796,175,4,4,778,50,0
2024,3,0,18,5985,5939,4538,366,3,4,1028,46,0
2024,3,0,19,7508,7449,5561,629,5,14,1240,59,0
2024,3,1,11,2,2,2,0,0,0,0,0,0
2024,3,1,12,6,6,6,0,0,0,0,0,0
2024,3,1,13,60,59,52,1,0,0,6,1,0
2024,3,1,14,180,175,137,0,0,0,38,5,0
2024,3,1,15,421,412,321,1,0,0,90,9,0
2024,3,1,16,580,569,418,10,0,0,141,11,0
2024,3,1,17,914,903,609,33,1,0,260,11,0
2024,3,1,18,975,968,610,47,1,0,310,7,0
2024,3,1,19,1089,1084,675,79,1,1,328,5,0
2024,3,2,10,1,1,0,0,0,0,1,0,0
2024,3,2,11,1,1,1,0,0,0,0,0,0
2024,3,2,12,10,9,8,0,0,0,1,1,0
2024,3,2,13,80,78,70,0,0,0,8,2,0
2024,3,2,14,307,301,254,0,0,0,47,6,0
2024,3,2,15,730,722,597,4,0,1,120,8,0
2024,3,2,16,1186,1170,937,16,0,4,213,16,0
2024,3,2,17,1626,1600,1263,52,3,3,279,26,0
2024,3,2,18,1904,1878,1422,102,1,1,352,26,0
2024,3,2,19,2261,2223,1613,172,0,5,433,38,0
2024,3,3,11,2,2,2,0,0,0,0,0,0
2024,3,3,12,10,10,9,0,0,0,1,0,0
2024,3,3,13,38,37,37,0,0,0,0,1,0
2024,3,3,14,193,188,185,1,0,0,2,5,0
2024,3,3,15,454,450,415,2,0,0,33,4,0
2024,3,3,16,916,910,814,14,0,1,81,6,0
2024,3,3,17,1365,1359,1186,47,0,1,125,6,0
2024,3,3,18,1892,1882,1538,131,0,2,211,10,0
2024,3,3,19,2541,2528,1996,230,3,3,296,13,0
2024,3,4,12,2,2,2,0,0,0,0,0,0
2024,3,4,13,9,9,8,0,0,0,1,0,0
2024,3,4,14,68,68,65,0,0,0,3,0,0
2024,3,4,15,153,150,135,0,0,0,15,3,0
2024,3,4,16,268,267,226,7,0,0,34,1,0
2024,3,4,17,481,476,394,21,0,0,61,5,0
2024,3,4,18,651,649,514,35,1,1,98,2,0
2024,3,4,19,893,891,700,79,1,1,110,2,0
2024,3,5,11,1,1,1,0,0,0,0,0,0
2024,3,5,12,3,3,3,0,0,0,0,0,0
2024,3,5,13,20,20,18,1,0,0,1,0,0
2024,3,5,14,68,68,65,0,0,0,3,0,0
2024,3,5,15,191,190,178,2,0,0,10,1,0
2024,3,5,16,290,289,256,5,1,0,27,1,0
2024,3,5,17,421,419,344,22,0,0,53,2,0
2024,3,5,18,563,562,454,51,0,0,57,1,0
2024,3,5,19,724,723,577,69,0,4,73,1,0
2024,4,0,10,1,1,0,0,0,0,1,0,0
2024,4,0,11,6,6,5,0,0,0,1,0,0
2024,4,0,12,31,30,27,1,0,0,2,1,0
2024,4,0,13,267,263,238,2,0,0,23,4,0
2024,4,0,14,825,815,704,3,0,0,108,10,0
2024,4,0,15,2052,2033,1768,13,0,0,252,19,0
2024,4,0,16,3200,3152,2624,73,1,1,453,48,0
2024,4,0,17,4611,4570,3612,175,1,5,777,41,0
2024,4,0,18,6083,6035,4643,342,3,7,1040,48,0
2024,4,0,19,7585,7536,5636,590,5,14,1291,49,0
2024,4,1,10,1,1,0,0,0,0,1,0,0
2024,4,1,11,2,2,2,0,0,0,0,0,0
2024,4,1,12,11,11,10,1,0,0,0,0,0
2024,4,1,13,52,52,43,0,0,0,9,0,0
2024,4,1,14,158,154,126,0,0,0,28,4,0
2024,4,1,15,402,399,321,2,0,0,76,3,0
2024,4,1,16,593,577,424,9,0,0,144,16,0
2024,4,1,17,808,799,532,30,1,3,233,9,0
2024,4,1,18,993,986,657,42,1,1,285,7,0
2024,4,1,19,1136,1134,706,65,2,2,359,2,0
2024,4,2,11,3,3,2,0,0,0,1,0,0
2024,4,2,12,13,12,11,0,0,0,1,1,0
2024,4,2,13,115,112,98,1,0,0,13,3,0
2024,4,2,14,348,344,281,1,0,0,62,4,0
2024,4,2,15,783,771,659,5,0,0,107,12,0
2024,4,2,16,1164,1143,924,27,1,0,191,21,0
2024,4,2,17,1594,1570,1227,41,0,0,302,24,0
2024,4,2,18,1954,1930,1450,81,1,1,397,24,0
2024,4,2,19,2373,2348,1726,159,1,3,459,25,0
2024,4,3,12,3,3,2,0,0,0,1,0,0
2024,4,3,13,60,60,58,1,0,0,1,0,0
2024,4,3,14,188,187,180,1,0,0,6,1,0
2024,4,3,15,529,527,483,2,0,0,42,2,0
2024,4,3,16,867,859,776,24,0,1,58,8,0
2024,4,3,17,1355,1349,1130,72,0,1,146,6,0
2024,4,3,18,1925,1917,1569,130,1,3,214,8,0
2024,4,3,19,2413,2396,1915,220,1,4,256,17,0
2024,4,4,11,1,1,1,0,0,0,0,0,0
2024,4,4,12,1,1,1,0,0,0,0,0,0
2024,4,4,13,16,16,16,0,0,0,0,0,0
2024,4,4,14,58,57,54,0,0,0,3,1,0
2024,4,4,15,164,164,146,1,0,0,17,0,0
2024,4,4,16,277,276,238,9,0,0,29,1,0
2024,4,4,17,449,447,371,16,0,1,59,2,0
2024,4,4,18,619,612,489,39,0,1,83,7,0
2024,4,4,19,955,952,710,91,1,1,149,3,0
2024,4,5,12,3,3,3,0,0,0,0,0,0
2024,4,5,13,24,23,23,0,0,0,0,1,0
2024,4,5,14,73,73,63,1,0,0,9,0,0
2024,4,5,15,174,172,159,3,0,0,10,2,0
2024,4,5,16,299,297,262,4,0,0,31,2,0
2024,4,5,17,405,405,352,16,0,0,37,0,0
2024,4,5,18,592,590,478,50,0,1,61,2,0
2024,4,5,19,708,706,579,55,0,4,68,2,0
2024,5,0,11,4,4,3,0,0,0,1,0,0
2024,5,0,12,34,32,28,1,0,0,3,2,0
2024,5,0,13,194,192,175,1,0,0,16,2,0
2024,5,0,14,815,811,712,3,0,0,96,4,0
2024,5,0,15,2082,2061,1791,10,0,0,260,21,0
2024,5,0,16,3161,3141,2618,41,0,0,482,20,0
2024,5,0,17,4580,4538,3662,150,2,2,722,42,0
2024,5,0,18,5961,5912,4543,333,1,9,1026,49,0
2024,5,0,19,7558,7498,5562,625,1,15,1295,60,0
2024,5,1,11,1,1,0,0,0,0,1,0,0
2024,5,1,12,9,8,6,0,0,0,2,1,0
2024,5,1,13,50,50,44,1,0,0,5,0,0
2024,5,1,14,176,176,144,1,0,0,31,0,0
2024,5,1,15,396,390,303,0,0,0,87,6,0
2024,5,1,16,612,607,443,7,0,0,157,5,0
2024,5,1,17,826,816,584,19,0,0,213,10,0
2024,5,1,18,942,938,608,39,0,1,290,4,0
2024,5,1,19,1185,1179,758,66,0,1,354,6,0
2024,5,2,11,1,1,1,0,0,0,0,0,0
2024,5,2,12,10,10,8,1,0,0,1,0,0
2024,5,2,13,79,78,69,0,0,0,9,1,0
2024,5,2,14,326,323,274,1,0,0,48,3,0
2024,5,2,15,812,801,683,7,0,0,111,11,0
2024,5,2,16,1196,1185,958,16,0,0,211,11,0
2024,5,2,17,1589,1565,1247,35,0,1,282,24,0
2024,5,2,18,1959,1930,1456,100,0,2,372,29,0
2024,5,2,19,2276,2243,1645,161,0,2,435,33,0
2024,5,3,11,1,1,1,0,0,0,0,0,0
2024,5,3,12,8,7,7,0,0,0,0,1,0
2024,5,3,13,44,43,42,0,0,0,1,1,0
2024,5,3,14,185,184,176,1,0,0,7,1,0
2024,5,3,15,520,519,482,1,0,0,36,1,0
2024,5,3,16,816,814,746,11,0,0,57,2,0
2024,5,3,17,1317,1313,1131,58,1,0,123,4,0
2024,5,3,18,1854,1843,1505,123,0,5,210,11,0
2024,5,3,19,2468,2453,1923,235,0,5,290,15,0
2024,5,4,12,2,2,2,0,0,0,0,0,0
2024,5,4,13,10,10,10,0,0,0,0,0,0
2024,5,4,14,72,72,67,0,0,0,5,0,0
2024,5,4,15,181,179,161,0,0,0,18,2,0
2024,5,4,16,263,261,224,5,0,0,32,2,0
2024,5,4,17,443,439,361,22,1,0,55,4,0
2024,5,4,18,635,632,498,36,0,1,97,3,0
2024,5,4,19,905,901,684,80,1,5,131,4,0
2024,5,5,11,1,1,1,0,0,0,0,0,0
2024,5,5,12,5,5,5,0,0,0,0,0,0
2024,5,5,13,11,11,10,0,0,0,1,0,0
2024,5,5,14,56,56,51,0,0,0,5,0,0
2024,5,5,15,173,172,162,2,0,0,8,1,0
2024,5,5,16,274,274,247,2,0,0,25,0,0
2024,5,5,17,405,405,339,16,0,1,49,0,0
2024,5,5,18,571,569,476,35,1,0,57,2,0
2024,5,5,19,724,722,552,83,0,2,85,2,0
2024,6,0,11,1,1,1,0,0,0,0,0,0
2024,6,0,12,41,40,37,0,0,0,3,1,0
2024,6,0,13,166,164,146,2,0,0,16,2,0
2024,6,0,14,757,749,659,8,0,0,82,8,0
2024,6,0,15,1815,1801,1586,12,0,1,202,14,0
2024,6,0,16,2947,2929,2406,54,1,2,466,18,0
2024,6,0,17,4242,4218,3434,129,0,5,650,24,0
2024,6,0,18,5681,5642,4381,301,3,8,949,39,0
2024,6,0,19,6939,6900,5167,574,1,6,1152,39,0
2024,6,1,11,1,1,1,0,0,0,0,0,0
2024,6,1,12,8,8,7,0,0,0,1,0,0
2024,6,1,13,41,39,33,0,0,0,6,2,0
2024,6,1,14,179,178,150,1,0,0,27,1,0
2024,6,1,15,356,352,286,3,0,0,63,4,0
2024,6,1,16,609,604,445,9,0,2,148,5,0
2024,6,1,17,804,796,564,24,0,2,206,8,0
2024,6,1,18,940,933,629,41,0,2,261,7,0
2024,6,1,19,1060,1055,667,82,0,1,305,5,0
2024,6,2,12,18,17,16,0,0,0,1,1,0
2024,6,2,13,57,57,52,0,0,0,5,0,0
2024,6,2,14,294,288,249,4,0,0,35,6,0
2024,6,2,15,702,694,594,7,0,1,92,8,0
2024,6,2,16,1030,1022,816,16,0,0,190,8,0
2024,6,2,17,1490,1481,1173,46,0,1,261,9,0
2024,6,2,18,1843,1823,1371,83,2,2,365,20,0
2024,6,2,19,2110,2087,1513,141,1,2,430,23,0
2024,6,3,12,6,6,5,0,0,0,1,0,0
2024,6,3,13,37,37,36,0,0,0,1,0,0
2024,6,3,14,169,169,160,2,0,0,7,0,0
2024,6,3,15,466,465,447,0,0,0,18,1,0
2024,6,3,16,813,809,718,15,1,0,75,4,0
2024,6,3,17,1195,1189,1047,39,0,2,101,6,0
2024,6,3,18,1726,1718,1415,119,0,2,182,8,0
2024,6,3,19,2277,2271,1836,203,0,3,229,6,0
2024,6,4,12,4,4,4,0,0,0,0,0,0
2024,6,4,13,22,22,18,1,0,0,3,0,0
2024,6,4,14,54,54,48,0,0,0,6,0,0
2024,6,4,15,152,152,134,1,0,0,17,0,0
2024,6,4,16,254,253,217,7,0,0,29,1,0
2024,6,4,17,413,413,345,10,0,0,58,0,0
2024,6,4,18,639,638,509,34,0,1,94,1,0
2024,6,4,19,858,856,663,88,0,0,105,2,0
2024,6,5,12,5,5,5,0,0,0,0,0,0
2024,6,5,13,9,9,7,1,0,0,1,0,0
2024,6,5,14,61,60,52,1,0,0,7,1,0
2024,6,5,15,139,138,125,1,0,0,12,1,0
2024,6,5,16,241,241,210,7,0,0,24,0,0
2024,6,5,17,340,339,305,10,0,0,24,1,0
2024,6,5,18,533,530,457,24,1,1,47,3,0
2024,6,5,19,634,631,488,60,0,0,83,3,0
2024,7,0,10,1,1,1,0,0,0,0,0,0
2024,7,0,11,7,6,5,1,0,0,0,1,0
2024,7,0,12,32,32,31,0,0,0,1,0,0
2024,7,0,13,217,217,197,2,0,0,18,0,0
2024,7,0,14,782,779,696,4,0,0,79,3,0
2024,7,0,15,1838,1828,1589,9,0,0,230,10,0
2024,7,0,16,2924,2904,2436,43,1,0,424,20,0
2024,7,0,17,4155,4120,3328,142,3,1,646,35,0
2024,7,0,18,5469,5416,4203,294,0,4,915,53,0
2024,7,0,19,7039,6999,5255,593,6,13,1132,40,0
2024,7,1,11,2,2,2,0,0,0,0,0,0
2024,7,1,12,5,5,5,0,0,0,0,0,0
2024,7,1,13,50,50,46,0,0,0,4,0,0
2024,7,1,14,178,178,148,2,0,0,28,0,0
2024,7,1,15,380,378,300,1,0,0,77,2,0
2024,7,1,16,574,571,433,11,1,0,126,3,0
2024,7,1,17,790,783,549,26,0,1,207,7,0
2024,7,1,18,910,899,597,42,0,0,260,11,0
2024,7,1,19,1101,1093,706,78,0,0,309,8,0
2024,7,2,10,1,1,1,0,0,0,0,0,0
2024,7,2,12,13,13,12,0,0,0,1,0,0
2024,7,2,13,95,95,85,1,0,0,9,0,0
2024,7,2,14,283,280,249,1,0,0,30,3,0
2024,7,2,15,705,701,596,3,0,0,102,4,0
2024,7,2,16,1087,1073,867,15,0,0,191,14,0
2024,7,2,17,1456,1438,1147,33,1,0,257,18,0
2024,7,2,18,1862,1835,1416,87,0,2,330,27,0
2024,7,2,19,2238,2223,1680,171,2,3,367,15,0
2024,7,3,11,2,2,2,0,0,0,0,0,0
2024,7,3,12,10,10,10,0,0,0,0,0,0
2024,7,3,13,37,37,33,1,0,0,3,0,0
2024,7,3,14,194,194,186,0,0,0,8,0,0
2024,7,3,15,449,447,414,4,0,0,29,2,0
2024,7,3,16,769,766,706,13,0,0,47,3,0
2024,7,3,17,1110,1104,949,54,2,0,99,6,0
2024,7,3,18,1571,1564,1288,107,0,0,169,7,0
2024,7,3,19,2243,2237,1760,217,3,7,250,6,0
2024,7,4,11,2,1,0,1,0,0,0,1,0
2024,7,4,12,1,1,1,0,0,0,0,0,0
2024,7,4,13,16,16,16,0,0,0,0,0,0
2024,7,4,14,66,66,56,0,0,0,10,0,0
2024,7,4,15,165,165,155,0,0,0,10,0,0
2024,7,4,16,243,243,205,1,0,0,37,0,0
2024,7,4,17,413,411,350,20,0,0,41,2,0
2024,7,4,18,610,605,478,35,0,2,90,5,0
2024,7,4,19,862,858,651,74,1,0,132,4,0
2024,7,5,11,1,1,1,0,0,0,0,0,0
2024,7,5,12,3,3,3,0,0,0,0,0,0
2024,7,5,13,19,19,17,0,0,0,2,0,0
2024,7,5,14,61,61,57,1,0,0,3,0,0
2024,7,5,15,139,137,124,1,0,0,12,2,0
2024,7,5,16,251,251,225,3,0,0,23,0,0
2024,7,5,17,386,384,333,9,0,0,42,2,0
2024,7,5,18,516,513,424,23,0,0,66,3,0
2024,7,5,19,595,588,458,53,0,3,74,7,0
2024,8,0,10,1,1,1,0,0,0,0,0,0
2024,8,0,11,1,1,1,0,0,0,0,0,0
2024,8,0,12,28,28,26,0,0,0,2,0,0
2024,8,0,13,187,185,173,0,0,0,12,2,0
2024,8,0,14,763,758,669,2,0,0,87,5,0
2024,8,0,15,1839,1822,1580,13,1,2,226,17,0
2024,8,0,16,3031,3001,2506,57,1,1,436,30,0
2024,8,0,17,4259,4226,3333,167,0,6,720,33,0
2024,8,0,18,5448,5405,4189,292,4,9,911,43,0
2024,8,0,19,6939,6905,5174,593,7,10,1121,34,0
2024,8,1,11,1,1,1,0,0,0,0,0,0
2024,8,1,12,11,11,11,0,0,0,0,0,0
2024,8,1,13,50,50,47,0,0,0,3,0,0
2024,8,1,14,165,164,134,0,0,0,30,1,0
2024,8,1,15,390,383,316,2,0,1,64,7,0
2024,8,1,16,666,662,499,13,1,0,149,4,0
2024,8,1,17,837,833,568,31,0,0,234,4,0
2024,8,1,18,963,956,635,38,0,0,283,7,0
2024,8,1,19,1085,1079,695,63,0,2,319,6,0
2024,8,2,10,1,1,1,0,0,0,0,0,0
2024,8,2,12,9,9,8,0,0,0,1,0,0
2024,8,2,13,66,66,59,0,0,0,7,0,0
2024,8,2,14,306,304,258,1,0,0,45,2,0
2024,8,2,15,701,694,581,7,0,1,105,7,0
2024,8,2,16,1116,1100,886,20,0,1,193,16,0
2024,8,2,17,1466,1442,1099,49,0,2,292,24,0
2024,8,2,18,1849,1823,1377,88,4,7,347,26,0
2024,8,2,19,2195,2176,1611,167,4,2,392,19,0
2024,8,3,12,4,4,4,0,0,0,0,0,0
2024,8,3,13,51,49,48,0,0,0,1,2,0
2024,8,3,14,168,167,160,1,0,0,6,1,0
2024,8,3,15,445,442,412,2,0,0,28,3,0
2024,8,3,16,771,764,699,13,0,0,52,7,0
2024,8,3,17,1189,1187,1026,59,0,2,100,2,0
2024,8,3,18,1593,1586,1325,96,0,2,163,7,0
2024,8,3,19,2154,2147,1713,199,2,0,233,7,0
2024,8,4,12,3,3,3,0,0,0,0,0,0
2024,8,4,13,10,10,10,0,0,0,0,0,0
2024,8,4,14,63,63,60,0,0,0,3,0,0
2024,8,4,15,154,154,137,0,1,0,16,0,0
2024,8,4,16,244,243,213,6,0,0,24,1,0
2024,8,4,17,385,384,308,15,0,1,60,1,0
2024,8,4,18,566,565,459,38,0,0,68,1,0
2024,8,4,19,811,810,626,87,1,2,94,1,0
2024,8,5,12,1,1,0,0,0,0,1,0,0
2024,8,5,13,10,10,9,0,0,0,1,0,0
2024,8,5,14,61,60,57,0,0,0,3,1,0
2024,8,5,15,149,149,134,2,0,0,13,0,0
2024,8,5,16,234,232,209,5,0,0,18,2,0
2024,8,5,17,382,380,332,13,0,1,34,2,0
2024,8,5,18,477,475,393,32,0,0,50,2,0
2024,8,5,19,694,693,529,77,0,4,83,1,0
2024,9,0,10,2,2,1,1,0,0,0,0,0
2024,9,0,11,10,10,9,1,0,0,0,0,0
2024,9,0,12,27,27,25,1,0,0,1,0,0
2024,9,0,13,186,183,171,1,0,0,11,3,0
2024,9,0,14,802,796,687,5,0,0,104,6,0
2024,9,0,15,1815,1796,1551,5,0,0,240,19,0
2024,9,0,16,2972,2943,2420,72,0,2,449,29,0
2024,9,0,17,4151,4106,3272,152,2,3,677,45,0
2024,9,0,18,5427,5380,4133,306,1,3,937,47,0
2024,9,0,19,6919,6875,5086,611,4,11,1163,44,0
2024,9,1,10,1,1,1,0,0,0,0,0,0
2024,9,1,11,3,3,3,0,0,0,0,0,0
2024,9,1,12,5,5,4,0,0,0,1,0,0
2024,9,1,13,47,46,44,0,0,0,2,1,0
2024,9,1,14,178,176,140,2,0,0,34,2,0
2024,9,1,15,377,367,294,0,0,0,73,10,0
2024,9,1,16,667,657,490,14,0,1,152,10,0
2024,9,1,17,814,804,571,24,0,1,208,10,0
2024,9,1,18,983,975,661,48,0,0,266,8,0
2024,9,1,19,1118,1112,716,98,1,1,296,6,0
2024,9,2,11,5,5,5,0,0,0,0,0,0
2024,9,2,12,14,14,14,0,0,0,0,0,0
2024,9,2,13,74,72,66,0,0,0,6,2,0
2024,9,2,14,285,283,238,0,0,0,45,2,0
2024,9,2,15,670,666,567,3,0,0,96,4,0
2024,9,2,16,1053,1036,820,22,0,1,193,17,0
2024,9,2,17,1451,1429,1106,49,0,2,272,22,0
2024,9,2,18,1806,1783,1315,90,1,0,377,23,0
2024,9,2,19,2177,2155,1543,178,3,1,430,22,0
2024,9,3,11,1,1,0,1,0,0,0,0,0
2024,9,3,12,5,5,4,1,0,0,0,0,0
2024,9,3,13,38,38,36,1,0,0,1,0,0
2024,9,3,14,204,203,187,1,0,0,15,1,0
2024,9,3,15,446,442,410,0,0,0,32,4,0
2024,9,3,16,753,753,689,14,0,0,50,0,0
2024,9,3,17,1119,1112,980,35,2,0,95,7,0
2024,9,3,18,1556,1546,1280,89,0,1,176,10,0
2024,9,3,19,2181,2169,1727,194,0,7,241,12,0
2024,9,4,10,1,1,0,1,0,0,0,0,0
2024,9,4,12,1,1,1,0,0,0,0,0,0
2024,9,4,13,12,12,12,0,0,0,0,0,0
2024,9,4,14,66,65,60,1,0,0,4,1,0
2024,9,4,15,161,160,131,0,0,0,29,1,0
2024,9,4,16,240,240,205,8,0,0,27,0,0
2024,9,4,17,389,386,305,23,0,0,58,3,0
2024,9,4,18,588,586,469,40,0,0,77,2,0
2024,9,4,19,796,794,599,70,0,0,125,2,0
2024,9,5,11,1,1,1,0,0,0,0,0,0
2024,9,5,12,2,2,2,0,0,0,0,0,0
2024,9,5,13,15,15,13,0,0,0,2,0,0
2024,9,5,14,69,69,62,1,0,0,6,0,0
2024,9,5,15,161,161,149,2,0,0,10,0,0
2024,9,5,16,259,257,216,14,0,0,27,2,0
2024,9,5,17,378,375,310,21,0,0,44,3,0
2024,9,5,18,494,490,408,39,0,2,41,4,0
2024,9,5,19,647,645,501,71,0,2,71,2,0
2024,10,0,10,1,1,0,0,0,0,1,0,0
2024,10,0,11,7,7,5,1,0,0,1,0,0
2024,10,0,12,32,32,29,0,0,0,3,0,0
2024,10,0,13,196,196,177,1,0,0,18,0,0
2024,10,0,14,702,694,611,4,0,0,79,8,0
2024,10,0,15,1772,1749,1514,7,0,0,228,23,0
2024,10,0,16,2848,2817,2309,52,0,1,455,31,0
2024,10,0,17,4049,4026,3229,124,1,2,670,23,0
2024,10,0,18,5267,5231,3980,303,2,3,943,36,0
2024,10,0,19,6818,6767,5009,593,3,13,1149,51,0
2024,10,1,11,2,2,2,0,0,0,0,0,0
2024,10,1,12,6,6,6,0,0,0,0,0,0
2024,10,1,13,57,57,50,1,0,0,6,0,0
2024,10,1,14,172,169,137,1,0,0,31,3,0
2024,10,1,15,401,393,312,2,0,0,79,8,0
2024,10,1,16,626,616,453,11,0,1,151,10,0
2024,10,1,17,886,883,626,27,0,0,230,3,0
2024,10,1,18,934,929,609,46,0,0,274,5,0
2024,10,1,19,1139,1133,694,93,2,2,342,6,0
2024,10,2,10,1,1,0,0,0,0,1,0,0
2024,10,2,11,4,4,2,1,0,0,1,0,0
2024,10,2,12,11,11,9,0,0,0,2,0,0
2024,10,2,13,73,73,64,0,0,0,9,0,0
2024,10,2,14,250,246,212,1,0,0,33,4,0
2024,10,2,15,655,645,549,2,0,0,94,10,0
2024,10,2,16,1031,1018,797,17,0,0,204,13,0
2024,10,2,17,1390,1375,1066,29,0,1,279,15,0
2024,10,2,18,1800,1778,1313,80,2,2,381,22,0
2024,10,2,19,2090,2068,1508,164,0,2,394,22,0
2024,10,3,11,1,1,1,0,0,0,0,0,0
2024,10,3,12,10,10,10,0,0,0,0,0,0
2024,10,3,13,35,35,35,0,0,0,0,0,0
2024,10,3,14,165,165,158,1,0,0,6,0,0
2024,10,3,15,419,417,392,2,0,0,23,2,0
2024,10,3,16,720,714,657,7,0,0,50,6,0
2024,10,3,17,1077,1073,947,40,1,1,84,4,0
2024,10,3,18,1548,1543,1279,97,0,1,166,5,0
2024,10,3,19,2177,2160,1727,196,1,5,231,17,0
2024,10,4,13,9,9,9,0,0,0,0,0,0
2024,10,4,14,49,49,44,1,0,0,4,0,0
2024,10,4,15,158,156,140,1,0,0,15,2,0
2024,10,4,16,227,227,195,10,0,0,22,0,0
2024,10,4,17,353,352,299,13,0,0,40,1,0
2024,10,4,18,530,529,407,43,0,0,79,1,0
2024,10,4,19,789,786,603,83,0,3,97,3,0
2024,10,5,12,5,5,4,0,0,0,1,0,0
2024,10,5,13,22,22,19,0,0,0,3,0,0
2024,10,5,14,66,65,60,0,0,0,5,1,0
2024,10,5,15,139,138,121,0,0,0,17,1,0
2024,10,5,16,244,242,207,7,0,0,28,2,0
2024,10,5,17,343,343,291,15,0,0,37,0,0
2024,10,5,18,455,452,372,37,0,0,43,3,0
2024,10,5,19,623,620,477,57,0,1,85,3,0
2024,11,0,11,4,4,2,0,0,0,2,0,0
2024,11,0,12,28,28,26,0,0,0,2,0,0
2024,11,0,13,184,179,162,2,0,0,15,5,0
2024,11,0,14,664,659,583,4,0,1,71,5,0
2024,11,0,15,1565,1548,1347,10,0,0,191,17,0
2024,11,0,16,2675,2651,2216,40,1,0,394,24,0
2024,11,0,17,3703,3682,2914,125,0,1,642,21,0
2024,11,0,18,5017,4978,3845,297,1,5,830,39,0
2024,11,0,19,6466,6428,4788,567,5,9,1059,38,0
2024,11,1,11,2,2,1,0,0,0,1,0,0
2024,11,1,12,7,7,6,0,0,0,1,0,0
2024,11,1,13,51,50,44,1,0,0,5,1,0
2024,11,1,14,156,151,126,1,0,0,24,5,0
2024,11,1,15,339,330,272,1,0,0,57,9,0
2024,11,1,16,598,590,441,11,0,0,138,8,0
2024,11,1,17,725,718,507,25,0,0,186,7,0
2024,11,1,18,932,924,630,47,0,1,246,8,0
2024,11,1,19,1078,1072,683,69,0,1,319,6,0
2024,11,2,11,1,1,1,0,0,0,0,0,0
2024,11,2,12,9,9,8,0,0,0,1,0,0
2024,11,2,13,71,68,61,0,0,0,7,3,0
2024,11,2,14,248,248,215,1,0,0,32,0,0
2024,11,2,15,568,562,464,6,0,0,92,6,0
2024,11,2,16,952,941,757,13,1,0,170,11,0
2024,11,2,17,1269,1260,952,44,0,0,264,9,0
2024,11,2,18,1648,1629,1215,90,0,0,324,19,0
2024,11,2,19,1979,1960,1425,151,1,6,377,19,0
2024,11,3,12,7,7,7,0,0,0,0,0,0
2024,11,3,13,32,32,32,0,0,0,0,0,0
2024,11,3,14,170,170,161,0,0,1,8,0,0
2024,11,3,15,386,384,364,1,0,0,19,2,0
2024,11,3,16,698,694,643,11,0,0,40,4,0
2024,11,3,17,1031,1028,892,30,0,1,105,3,0
2024,11,3,18,1528,1520,1277,92,1,2,148,8,0
2024,11,3,19,2026,2015,1583,226,4,1,201,11,0
2024,11,4,13,9,8,8,0,0,0,0,1,0
2024,11,4,14,35,35,30,1,0,0,4,0,0
2024,11,4,15,132,132,119,0,0,0,13,0,0
2024,11,4,16,210,209,181,2,0,0,26,1,0
2024,11,4,17,357,355,302,11,0,0,42,2,0
2024,11,4,18,465,461,364,26,0,2,69,4,0
2024,11,4,19,777,775,596,76,0,0,103,2,0
2024,11,5,11,1,1,0,0,0,0,1,0,0
2024,11,5,12,5,5,5,0,0,0,0,0,0
2024,11,5,13,21,21,17,1,0,0,3,0,0
2024,11,5,14,55,55,51,1,0,0,3,0,0
2024,11,5,15,140,140,128,2,0,0,10,0,0
2024,11,5,16,217,217,194,3,0,0,20,0,0
2024,11,5,17,321,321,261,15,0,0,45,0,0
2024,11,5,18,444,444,359,42,0,0,43,0,0
2024,11,5,19,606,606,501,45,0,1,59,0,0
2024,12,0,10,1,1,1,0,0,0,0,0,0
2024,12,0,12,23,23,20,1,0,0,2,0,0
2024,12,0,13,176,173,163,1,0,0,9,3,0
2024,12,0,14,671,665,585,2,0,0,78,6,0
2024,12,0,15,1586,1570,1357,10,0,0,203,16,0
2024,12,0,16,2679,2654,2223,39,1,3,388,25,0
2024,12,0,17,3786,3761,3029,128,1,2,601,25,0
2024,12,0,18,5010,4972,3874,284,5,5,804,38,0
2024,12,0,19,6495,6448,4874,544,2,7,1021,47,0
2024,12,1,10,1,1,1,0,0,0,0,0,0
2024,12,1,12,8,8,6,1,0,0,1,0,0
2024,12,1,13,39,38,35,0,0,0,3,1,0
2024,12,1,14,152,149,125,1,0,0,23,3,0
2024,12,1,15,356,352,279,2,0,0,71,4,0
2024,12,1,16,562,551,414,7,0,1,129,11,0
2024,12,1,17,779,775,558,21,0,0,196,4,0
2024,12,1,18,908,902,628,39,1,0,234,6,0
2024,12,1,19,1062,1055,700,71,1,1,282,7,0
2024,12,2,12,10,10,10,0,0,0,0,0,0
2024,12,2,13,70,70,65,0,0,0,5,0,0
2024,12,2,14,253,252,212,1,0,0,39,1,0
2024,12,2,15,572,564,481,7,0,0,76,8,0
2024,12,2,16,924,915,735,11,1,0,168,9,0
2024,12,2,17,1295,1283,996,40,1,2,244,12,0
2024,12,2,18,1604,1587,1196,75,1,3,312,17,0
2024,12,2,19,1945,1926,1406,143,0,1,376,19,0
2024,12,3,12,2,2,2,0,0,0,0,0,0
2024,12,3,13,42,40,39,1,0,0,0,2,0
2024,12,3,14,154,154,149,0,0,0,5,0,0
2024,12,3,15,410,407,376,0,0,0,31,3,0
2024,12,3,16,706,703,655,10,0,1,37,3,0
2024,12,3,17,1028,1024,895,41,0,0,88,4,0
2024,12,3,18,1472,1462,1211,108,1,0,142,10,0
2024,12,3,19,2104,2090,1689,189,0,1,211,14,0
2024,12,4,12,2,2,1,0,0,0,1,0,0
2024,12,4,13,13,13,13,0,0,0,0,0,0
2024,12,4,14,53,53,47,0,0,0,6,0,0
2024,12,4,15,123,122,107,1,0,0,14,1,0
2024,12,4,16,248,246,212,6,0,1,27,2,0
2024,12,4,17,332,331,277,10,0,0,44,1,0
2024,12,4,18,548,546,439,38,2,0,67,2,0
2024,12,4,19,743,739,562,80,0,0,97,4,0
2024,12,5,12,1,1,1,0,0,0,0,0,0
2024,12,5,13,12,12,11,0,0,0,1,0,0
2024,12,5,14,59,57,52,0,0,0,5,2,0
2024,12,5,15,125,125,114,0,0,0,11,0,0
2024,12,5,16,239,239,207,5,0,0,27,0,0
2024,12,5,17,352,348,303,16,0,0,29,4,0
2024,12,5,18,478,475,400,24,0,2,49,3,0
2024,12,5,19,641,638,517,61,1,4,55,3,0
