year,geography_level,geography_value,sex,population,population_se,population_cv,ci_lower,ci_upper,unweighted_n
2012,Brazil,Brazil,combined,197071707.000001,723487.305275895,0.00367118809843105,195653697.938388,198489716.061614,446445
2012,Brazil,Brazil,female,100721310.000001,389544.35538298,0.00386754655378268,99957817.0930693,101484802.906932,227791
2012,Brazil,Brazil,male,96350397.0000001,396607.718778882,0.00411630601562421,95573060.1552029,97127733.8447973,218654
2013,Brazil,Brazil,combined,198616270.00001,710169.754749812,0.00357558700880737,197224362.85779,200008177.142229,461033
2013,Brazil,Brazil,female,101521935.000004,391799.822469141,0.00385926275409471,100754021.458816,102289848.541193,234393
2013,Brazil,Brazil,male,97094335.0000051,384889.037223261,0.00396407305558291,96339966.3490033,97848703.651007,226640
2014,Brazil,Brazil,combined,200188924.00004,986928.102976567,0.00492998355381725,198254580.462875,202123267.537204,465038
2014,Brazil,Brazil,female,102334955.00002,520186.763790404,0.0050831777254439,101315407.677756,103354502.322283,236642
2014,Brazil,Brazil,male,97853969.0000202,516216.679029071,0.00527537803836005,96842202.9009043,98865735.099136,228396
2015,Brazil,Brazil,combined,201769596.000029,1193301.56011184,0.0059141792607429,199430767.919514,204108424.080543,459273
2015,Brazil,Brazil,female,103152128.000016,614803.73992297,0.00596016535812888,101947134.812206,104357121.187825,234028
2015,Brazil,Brazil,male,98617468.000013,617505.194987904,0.00626162086201425,97407180.0575703,99827755.9424557,225245
2016,Brazil,Brazil,combined,203226466.000055,1265705.53500079,0.00622805464225533,200745728.736421,205707203.26369,459718
2016,Brazil,Brazil,female,103910978.000026,675485.303830302,0.00650061540013734,102587051.132433,105234904.867619,233856
2016,Brazil,Brazil,male,99315488.0000291,636908.102823174,0.00641297863655452,98067171.0570339,100563804.943024,225862
2017,Brazil,Brazil,combined,204554859.000087,1084684.94562928,0.00530266037644608,202428915.572081,206680802.428093,457992
2017,Brazil,Brazil,female,104607905.000045,572437.513944035,0.00547222042104553,103485948.089315,105729861.910775,233394
2017,Brazil,Brazil,male,99946954.0000424,558255.37045189,0.00558551659765093,98852793.5797806,101041114.420304,224598
2018,Brazil,Brazil,combined,205859886.000029,1140810.18366181,0.00554168277185217,203623939.126855,208095832.873203,452654
2018,Brazil,Brazil,female,105291231.000014,606623.263294855,0.00576138447174935,104102271.251772,106480190.748256,231292
2018,Brazil,Brazil,male,100568655.000015,581034.852035347,0.00577749450895274,99429847.6162628,101707462.383766,221362
2019,Brazil,Brazil,combined,207217255.000271,1242355.23790648,0.00599542368180127,204782283.47797,209652226.522573,443790
2019,Brazil,Brazil,female,105999565.000137,651310.489911588,0.00614446379955188,104723019.897157,107276110.103117,226936
2019,Brazil,Brazil,male,101217690.000134,635459.856749358,0.00627815016079219,99972211.5672848,102463168.432984,216854
2022,Brazil,Brazil,combined,210147281.003177,1233753.41832409,0.00587089879266837,207729168.737459,212565393.268896,376821
2022,Brazil,Brazil,female,107621343.001361,688090.45767909,0.00639362452176784,106272710.486204,108969975.516518,193803
2022,Brazil,Brazil,male,102525938.001816,618214.116365621,0.00602983136184202,101314260.599005,103737615.404627,183018
2023,Brazil,Brazil,combined,210971818.000379,1148059.66005195,0.00544176786707071,208721662.414574,213221973.586184,383049
2023,Brazil,Brazil,female,108073065.000147,605880.161470675,0.00560620873915117,106885561.704717,109260568.295577,197731
2023,Brazil,Brazil,male,102898753.000232,599268.364497673,0.00582386420655964,101724208.588742,104073297.411722,185318
2024,Brazil,Brazil,combined,211852978.000524,1039131.82356509,0.00490496679995935,209816317.051147,213889638.949901,381815
2024,Brazil,Brazil,female,108547040.000194,544856.848415285,0.00501954588917681,107479140.20057,109614939.799818,197356
2024,Brazil,Brazil,male,103305938.00033,556536.604865365,0.00538726636278729,102215146.298715,104396729.701944,184459
2012,UF,11,combined,1609716.00000039,43263.0331191087,0.0268761900354461,1524922.01322497,1694509.98677581,8063
2012,UF,11,female,801498.23268817,23390.5321672592,0.0291835105971587,755653.632061117,847342.833315224,4006
2012,UF,11,male,808217.76731222,22405.9063696051,0.0277226105089441,764302.997786818,852132.536837623,4057
2012,UF,12,combined,776381.00000088,19529.1219272589,0.0251540441191075,738104.624373761,814657.375627999,8483
2012,UF,12,female,396005.60556733,10971.3066080364,0.0277049275409083,374502.239752232,417508.971382428,4319
2012,UF,12,male,380375.39443355,9884.11789473704,0.0259851663366826,361002.879340918,399747.909526183,4164
2012,UF,13,combined,3531210.00000039,79121.847736881,0.0224064407772045,3376134.02804584,3686285.97195494,13588
2012,UF,13,female,1759167.54197151,40140.9800302714,0.0228181677256762,1680492.66680804,1837842.41713498,6726
2012,UF,13,male,1772042.45802888,43774.8748590677,0.0247030620856345,1686245.27987736,1857839.6361804,6862
2012,UF,14,combined,438037.00000339,15485.4753670365,0.035351980236639,407686.026000516,468387.974006264,4404
2012,UF,14,female,219193.34333785,8716.45694281612,0.0397660659310313,202109.401657136,236277.285018564,2203
2012,UF,14,male,218843.65666554,7962.97908516262,0.0363866113667278,203236.504448976,234450.808882105,2201
2012,UF,15,combined,7834768.99999914,137909.306294809,0.017602217282325,7564471.72652841,8105066.27346987,16250
2012,UF,15,female,3966453.83447841,74677.4573954932,0.0188272599434687,3820088.70752622,4112818.9614306,8200
2012,UF,15,male,3868315.16552073,72778.9434355907,0.0188141194089581,3725671.05755409,4010959.27348737,8050
2012,UF,16,combined,705150.00000057,27047.1864331139,0.0383566424634361,652138.488708527,758161.511292614,3850
2012,UF,16,female,350139.76045782,14132.0922040853,0.0403612894051424,322441.368711614,377838.152204027,1912
2012,UF,16,male,355010.23954275,14696.334300929,0.0413969307472869,326205.953608169,383814.525477331,1938
2012,UF,17,combined,1413347.99999965,33354.4322042243,0.0235995892053709,1347974.51415459,1478721.48584471,6782
2012,UF,17,female,701054.47674319,17477.877827812,0.024930841193693,666798.465674487,735310.487811893,3344
2012,UF,17,male,712293.52325646,18406.9384318863,0.0258417882949905,676216.586864317,748370.459648603,3438
2012,UF,21,combined,6677123.99999907,89483.5671879688,0.0134015134641773,6501739.43110248,6852508.56889566,29670
2012,UF,21,female,3386971.56728523,47264.1646153032,0.0139546977812946,3294335.50687986,3479607.6276906,14965
2012,UF,21,male,3290152.43271384,48572.488277043,0.0147629902475305,3194952.10505134,3385352.76037634,14705
2012,UF,22,combined,3211677.99999971,78559.4452378245,0.0244605608774702,3057704.31668813,3365651.68331129,11106
2012,UF,22,female,1657180.19710793,41550.7484855365,0.0250731625673839,1575742.2265456,1738618.16767026,5705
2012,UF,22,male,1554497.80289178,41648.4814172356,0.0267922420602707,1472868.27930321,1636127.32648035,5401
2012,UF,23,combined,8640838.99999822,114229.421496084,0.0132197141384196,8416953.44789105,8864724.55210539,23903
2012,UF,23,female,4433374.97345809,62844.1785624656,0.0141752454819869,4310202.64683765,4556547.30007853,12265
2012,UF,23,male,4207464.02654013,60354.1337525691,0.0143445394593663,4089172.09806698,4325755.95501328,11638
2012,UF,24,combined,3251725.99999902,76682.865310048,0.0235822038234682,3101430.34575999,3402021.65423805,10078
2012,UF,24,female,1653871.13388632,38581.5292913798,0.0233280141970431,1578252.72600674,1729489.5417659,5162
2012,UF,24,male,1597854.8661127,42822.5210602131,0.0268000066641802,1513924.26710747,1681785.46511793,4916
2012,UF,25,combined,3838004.00000016,73642.1532280949,0.0191876176335647,3693668.03192911,3982339.96807121,11880
2012,UF,25,female,1999327.9924509,41081.9266056079,0.0205478674638308,1918808.89588839,2079847.08901341,6196
2012,UF,25,male,1838676.00754926,38384.7209282038,0.0208762831355842,1763443.33697336,1913908.67812516,5684
2012,UF,26,combined,8984624.00000113,168063.329569226,0.0187056608678565,8655225.92692356,9314022.0730787,17746
2012,UF,26,female,4689739.87342449,91992.1942292262,0.0196156283103294,4509438.48587639,4870041.26097259,9232
2012,UF,26,male,4294884.12657664,86657.7442513861,0.0201769690863486,4125038.06886244,4464730.18429084,8514
2012,UF,27,combined,3145463.00000011,52548.913149408,0.0167062569642072,3042469.02280055,3248456.97719967,16261
2012,UF,27,female,1629629.3100236,28167.6386680016,0.0172846907543616,1574421.75270478,1684836.86734242,8445
2012,UF,27,male,1515833.68997651,28583.3862159496,0.0188565450187299,1459811.28243705,1571856.09751597,7816
2012,UF,28,combined,2126422.00000023,38948.3499591272,0.0183163783854395,2050084.63682308,2202759.36317738,9294
2012,UF,28,female,1089526.52188678,20996.4294555115,0.0192711503884744,1048374.27635004,1130678.76742352,4748
2012,UF,28,male,1036895.47811345,21640.022569767,0.0208700134454626,994481.813252073,1079309.14297483,4546
2012,UF,29,combined,14273595.9999999,234972.360577671,0.0164620296509493,13813058.6359053,14734133.3640945,22700
2012,UF,29,female,7321990.1775413,128837.24840247,0.017595932974296,7069473.81080522,7574506.54427738,11573
2012,UF,29,male,6951605.82245861,126623.591339392,0.0182150131312549,6703428.14384028,7199783.50107694,11127
2012,UF,31,combined,20083860.9999996,217939.581709654,0.0108514782944205,19656707.269043,20511014.7309563,33871
2012,UF,31,female,10191280.4752021,118353.207807784,0.0116131832595293,9959312.45044404,10423248.4999601,17157
2012,UF,31,male,9892580.52479756,122071.283503516,0.0123396805512497,9653325.20558409,10131835.844011,16714
2012,UF,32,combined,3710827.00000072,47136.6076828672,0.0127024535724403,3618440.94658891,3803213.05341253,16095
2012,UF,32,female,1877843.16691371,26280.7625342391,0.0139951850065479,1826333.81886035,1929352.51496707,8183
2012,UF,32,male,1832983.83308701,26301.1115936405,0.0143487962735305,1781434.60161011,1884533.06456391,7912
2012,UF,33,combined,16718609.9999994,183796.636507768,0.0109935357369886,16358375.2119646,17078844.7880342,30404
2012,UF,33,female,8709705.95397366,100334.524664533,0.0115198521275862,8513053.89922523,8906358.00872209,16000
2012,UF,33,male,8008904.04602574,101760.48623642,0.0127059190185849,7809457.15795307,8208350.93409841,14404
2012,UF,35,combined,43156763.000001,471000.769802452,0.01091371866334,42233618.4544976,44079907.5455045,34709
2012,UF,35,female,22028396.1671202,250042.824639809,0.01135093189458,21538321.2362335,22518471.0980069,17731
2012,UF,35,male,21128366.8328808,262012.447992307,0.0124009796907044,20614831.8713147,21641901.7944469,16978
2012,UF,41,combined,10803383,140589.577450218,0.0130134771164013,10527832.4915958,11078933.5084041,23230
2012,UF,41,female,5507257.13867174,78276.5275265959,0.0142133416972564,5353837.96388475,5660676.31345873,11872
2012,UF,41,male,5296125.86132824,74766.3953085725,0.0141171862728016,5149586.41926955,5442665.30338693,11358
2012,UF,42,combined,6542427.99999855,65749.3633373561,0.0100496884852796,6413561.61585089,6671294.38414621,26557
2012,UF,42,female,3306635.6102709,35339.1663724655,0.0106873482710634,3237372.1169372,3375899.1036046,13476
2012,UF,42,male,3235792.38972765,37300.5321177588,0.0115274800188582,3162684.69017266,3308900.08928264,13081
2012,UF,43,combined,10926218.9999982,137270.822457638,0.0125634331929152,10657173.131853,11195264.8681433,24300
2012,UF,43,female,5605334.7723219,72543.1803198255,0.0129418104834755,5463152.75157105,5747516.79307275,12507
2012,UF,43,male,5320884.22767626,76548.3729913222,0.014386400777743,5170852.17353813,5470916.28181439,11793
2012,UF,50,combined,2488105.99999997,45889.7262457407,0.0184436379502084,2398163.78929792,2578048.21070202,9590
2012,UF,50,female,1238775.70150375,24965.9460861925,0.0201537260182665,1189843.34633484,1287708.05667266,4767
2012,UF,50,male,1249330.29849622,24927.2882227748,0.0199525203645337,1200473.71134733,1298186.88564511,4823
2012,UF,51,combined,3129619.0000001,59408.3304894354,0.0189826079434696,3013180.81185915,3246057.18814105,11278
2012,UF,51,female,1562344.80085817,32416.5116025509,0.020748628333992,1498809.60561275,1625879.99610359,5642
2012,UF,51,male,1567274.19914193,32235.7813905826,0.02056805465708,1504093.22860288,1630455.16968098,5636
2012,UF,52,combined,6350857.00000047,112079.272343508,0.017647897337871,6131185.66279374,6570528.3372072,14656
2012,UF,52,female,3224223.9239704,62479.1174400767,0.0193780329509925,3101767.104002,3346680.7439388,7421
2012,UF,52,male,3126633.07603007,58666.4294763834,0.0187634519464858,3011648.9871548,3241617.16490534,7235
2012,UF,53,combined,2702947.00000094,50538.5940801841,0.0186975897345255,2603893.17577449,2802000.82422739,7697
2012,UF,53,female,1414387.74688536,28373.0635814541,0.02006031489168,1358777.56413464,1469997.92963608,4034
2012,UF,53,male,1288559.25311558,28425.5656341416,0.0220599600409621,1232846.16823248,1344272.33799868,3663
2013,UF,11,combined,1625497.99999988,40296.7746436261,0.024790417855715,1546517.77300525,1704478.22699451,8130
2013,UF,11,female,792570.36449846,19660.0265923112,0.0248054021105774,754037.42044243,831103.30855449,3973
2013,UF,11,male,832927.63550142,23009.0740664491,0.027624337440308,787830.679013565,878024.591989275,4157
2013,UF,12,combined,787876.99999945,14069.5496431324,0.0178575458391884,760301.189420212,815452.810578688,9142
2013,UF,12,female,389165.26826466,7908.32285996818,0.0203212452520043,373665.240281008,404665.296248312,4497
2013,UF,12,male,398711.73173479,7927.13853199911,0.0198818793154348,383174.825711612,414248.637757968,4645
2013,UF,13,combined,3591173.99999995,85610.6897650327,0.0238391929115754,3423380.13136885,3758967.86863105,13457
2013,UF,13,female,1777985.84279922,45159.0521031655,0.0253989941967525,1689475.72710105,1866495.95849739,6585
2013,UF,13,male,1813188.15720073,44690.2380006401,0.0246473251124884,1725596.90025895,1900779.41414251,6872
2013,UF,14,combined,449139.99999951,11546.0021330602,0.0257069112817225,426510.251653289,471769.748345731,4856
2013,UF,14,female,224568.45719901,6171.44690154705,0.0274813612673929,212472.643539477,236664.270858544,2412
2013,UF,14,male,224571.5428005,6492.56158459902,0.0289108829357188,211846.355927278,237296.729673722,2444
2013,UF,15,combined,7919539.99999957,110514.526190973,0.0139546648152517,7702935.50889676,8136144.49110238,17651
2013,UF,15,female,3980167.6125806,61503.4794697584,0.015452484783645,3859623.00789597,4100712.21726523,8825
2013,UF,15,male,3939372.38741897,60560.2795905789,0.0153730781542735,3820676.42052776,4058068.35431018,8826
2013,UF,16,combined,716882.00000031,30573.6908379497,0.042648149678659,656958.667083466,776805.332917154,3681
2013,UF,16,female,356346.80293175,16331.9948338883,0.0458317422789291,324336.681261635,388356.924601865,1831
2013,UF,16,male,360535.19706856,16700.9449325002,0.0463226477422794,327801.946493073,393268.447644047,1850
2013,UF,17,combined,1427967.99999958,33254.5709124803,0.0232880365053629,1362790.23868979,1493145.76130937,6806
2013,UF,17,female,705939.58705794,18539.1991620489,0.0262617361342668,669603.424398109,742275.749717771,3324
2013,UF,17,male,722028.41294164,18631.7367262571,0.0258047140421371,685510.879988744,758545.945894536,3482
2013,UF,21,combined,6717245.00000686,77630.9353881867,0.0115569605378555,6565091.16255986,6869398.83745386,31006
2013,UF,21,female,3397868.31295325,43714.4011500859,0.0128652428887368,3312189.66109335,3483546.96481315,15523
2013,UF,21,male,3319376.68705361,41261.4080029439,0.012430468697293,3238505.81341643,3400247.56069079,15483
2013,UF,22,combined,3225589.00000062,71341.1290029297,0.022117240914114,3085762.95653845,3365415.04346279,11226
2013,UF,22,female,1650843.31302859,40266.631144386,0.0243915523821059,1571922.16620683,1729764.45985035,5751
2013,UF,22,male,1574745.68697203,37226.8026025257,0.0236398822428951,1501782.4946115,1647708.87933256,5475
2013,UF,23,combined,8695009.00000011,105059.333439555,0.0120827170437149,8489096.4902188,8900921.50978142,24640
2013,UF,23,female,4448588.40932399,58590.3469858936,0.013170547956986,4333753.43938993,4563423.37925805,12593
2013,UF,23,male,4246420.59067612,57801.8106161152,0.013611890151209,4133131.12362733,4359710.05772491,12047
2013,UF,24,combined,3275494.99999959,64179.1057060972,0.0195937120056985,3149706.26425565,3401283.73574353,9977
2013,UF,24,female,1679446.06868223,35112.438382604,0.0209071544703754,1610626.95404294,1748265.18332152,5120
2013,UF,24,male,1596048.93131736,35869.493795065,0.0224739311503807,1525746.01533535,1666351.84729937,4857
2013,UF,25,combined,3860896.9999999,69756.4079645183,0.0180674097145094,3724176.95269856,3997617.04730124,12842
2013,UF,25,female,1998304.99793908,35957.9813392782,0.0179942408072656,1927828.64955733,2068781.34632083,6662
2013,UF,25,male,1862592.00206082,39513.4213792462,0.0212142118808239,1785147.11925154,1940036.8848701,6180
2013,UF,26,combined,9042244.00000058,144138.98773302,0.0159406213472021,8759736.7752758,9324751.22472536,18342
2013,UF,26,female,4690177.54714893,77851.6979986892,0.0165988807920531,4537591.02293621,4842764.07136165,9503
2013,UF,26,male,4352066.45285165,77847.1019043735,0.0178873881517514,4199488.93681826,4504643.96888504,8839
2013,UF,27,combined,3155638.00000045,42065.7782065995,0.0133303560822228,3073190.58973387,3238085.41026703,18485
2013,UF,27,female,1613344.56225203,23770.781548393,0.0147338529565017,1566754.68653281,1659934.43797125,9445
2013,UF,27,male,1542293.43774842,22863.8034626235,0.0148245482364252,1497481.20641208,1587105.66908476,9040
2013,UF,28,combined,2145285.999999,37943.648605976,0.0176869884043404,2070917.81528924,2219654.18470876,9539
2013,UF,28,female,1105484.21961774,20699.8392891077,0.0187246809332705,1064913.28012532,1146055.15911016,4924
2013,UF,28,male,1039801.78038126,21635.7424469958,0.020807564340833,997396.504406364,1082207.05635616,4615
2013,UF,29,combined,14331559.9999999,242780.751656702,0.0169402878442196,13855718.4706132,14807401.5293866,23346
2013,UF,29,female,7276117.51473251,128154.390474973,0.0176130182360976,7024939.52494088,7527295.50452414,11785
2013,UF,29,male,7055442.48526738,132122.558946887,0.0187263320794939,6796487.02818621,7314397.94234855,11561
2013,UF,31,combined,20204252.9999985,225035.128020439,0.0111380078254047,19763192.253822,20645313.7461749,34514
2013,UF,31,female,10240267.4917642,123165.641901492,0.0120275805295661,9998867.2695045,10481667.7140239,17433
2013,UF,31,male,9963985.50823428,124024.536420849,0.012447281895217,9720901.88365014,10207069.1328184,17081
2013,UF,32,combined,3750157.00000025,44187.3099130343,0.0117827893373614,3663551.46399699,3836762.53600351,17460
2013,UF,32,female,1886604.87708173,25540.1265782262,0.0135376129302351,1836547.14882781,1936662.60533565,8855
2013,UF,32,male,1863552.12291852,24578.8130716324,0.0131892275881929,1815378.53451538,1911725.71132166,8605
2013,UF,33,combined,16800110.0000025,175267.589517795,0.010432526305945,16456591.8368904,17143628.1631145,30980
2013,UF,33,female,8826690.46787403,98087.3772934214,0.0111125883082027,8634442.74104093,9018938.19470713,16366
2013,UF,33,male,7973419.53212844,94819.6733517064,0.0118919709378938,7787576.38733324,8159262.67692364,14614
2013,UF,35,combined,43514792.9999995,467833.503042121,0.0107511370453291,42597856.1832757,44431729.8167232,34971
2013,UF,35,female,22448246.3175533,263802.712010977,0.0117515955713965,21931202.5029878,22965290.1321188,18025
2013,UF,35,male,21066546.6824461,251050.179012388,0.0119170067499282,20574497.3732695,21558595.9916227,16946
2013,UF,41,combined,10893357.0000012,145801.412402002,0.0133844335040141,10607591.4827982,11179122.5172042,25433
2013,UF,41,female,5531190.01086207,74865.0769578473,0.0135350759621037,5384457.15632487,5677922.86539927,12933
2013,UF,41,male,5362166.98913909,80435.2337330315,0.0150005089166284,5204516.82793429,5519817.15034389,12500
2013,UF,42,combined,6648163.99999962,62992.9098343676,0.00947523403970948,6524700.16544288,6771627.83455636,25777
2013,UF,42,female,3348530.96802959,34727.306057499,0.0103709078366189,3280466.69887679,3416595.23718239,13027
2013,UF,42,male,3299633.03197003,35665.0056839881,0.0108087794425717,3229730.905321,3369535.15861906,12750
2013,UF,43,combined,10966782.0000017,140044.025463979,0.0127698376300319,10692300.7538423,11241263.2461612,23972
2013,UF,43,female,5628008.43833458,74567.1664946943,0.0132492989859056,5481859.47757578,5774157.39909338,12307
2013,UF,43,male,5338773.56166717,77226.0167340594,0.014465123092792,5187413.35019893,5490133.77313542,11665
2013,UF,50,combined,2520358.00000057,46404.1160042873,0.0184117161150427,2429407.60389775,2611308.39610339,10131
2013,UF,50,female,1287145.25591911,26744.6564991166,0.0207782737621319,1234726.69240195,1339563.81943627,5138
2013,UF,50,male,1233212.74408146,23758.2264723355,0.0192653105365299,1186647.47585914,1279778.01230378,4993
2013,UF,51,combined,3176219.00000024,60391.0717305724,0.0190135100037396,3057854.67442054,3294583.32557994,11752
2013,UF,51,female,1580352.17554029,31355.4677422012,0.0198408103127276,1518896.58804717,1641807.76303341,5876
2013,UF,51,male,1595866.82445995,33552.1591024523,0.0210244104258553,1530105.80101559,1661627.84790431,5876
2013,UF,52,combined,6441408.99999994,106500.576924739,0.0165337392680297,6232671.70489472,6650146.29510517,15300
2013,UF,52,female,3227167.17552768,59851.5162142041,0.0185461468089014,3109860.35932773,3344473.99172764,7676
2013,UF,52,male,3214241.82447226,57671.8492603539,0.0179425981023761,3101207.07700014,3327276.57194438,7624
2013,UF,53,combined,2733626.00000044,50743.5403194526,0.018562722303433,2634170.48852626,2833081.51147462,7617
2013,UF,53,female,1430812.94050786,30524.4692230387,0.0213336547069558,1370986.0801835,1490639.80083222,4004
2013,UF,53,male,1302813.05949258,26542.9151586539,0.0203735409046266,1250789.90173692,1354836.21724824,3613
2014,UF,11,combined,1641078.99999956,54339.708251703,0.0331121830525633,1534575.12889581,1747582.87110331,8050
2014,UF,11,female,812175.34691934,27525.1984237044,0.0338907091037793,758226.949341561,866123.744497119,3997
2014,UF,11,male,828903.65308022,29357.1258637851,0.0354168132263545,771364.743697592,886442.562462848,4053
2014,UF,12,combined,798916.00000099,21087.9924602339,0.0263957568257587,757584.294272679,840247.705729301,9324
2014,UF,12,female,396478.70995563,10013.3600487483,0.0252557320161501,376852.884895851,416104.535015409,4642
2014,UF,12,male,402437.29004536,12557.673593234,0.0312040506778549,377824.702073012,427049.878017708,4682
2014,UF,13,combined,3651736.00000105,94952.5440537869,0.0260020286389157,3465632.43341517,3837839.56658693,13722
2014,UF,13,female,1819287.01282187,47961.4547935291,0.026362775337541,1725284.28878041,1913289.73686333,6794
2014,UF,13,male,1832448.98717918,51456.7407703981,0.0280808585288964,1731595.62850739,1933302.34585097,6928
2014,UF,14,combined,460572.00000045,13403.9317495237,0.0291027933732633,434300.776520151,486843.22348075,5557
2014,UF,14,female,229668.49184289,6957.85630161463,0.0302952148367583,216031.34408212,243305.63960366,2735
2014,UF,14,male,230903.50815756,7696.39011737495,0.033331629210775,215818.860716535,245988.155598585,2822
2014,UF,15,combined,8004564.0000013,145939.466716497,0.018232031965323,7718527.90131398,8290600.09868862,18053
2014,UF,15,female,3972267.79497127,74827.4712752787,0.0188374689566517,3825608.64621752,4118926.94372502,8972
2014,UF,15,male,4032296.20503003,79211.6922213523,0.0196443138583274,3877044.14112171,4187548.26893835,9081
2014,UF,16,combined,728662.00000274,37946.1588646629,0.0520764893249822,654288.895276365,803035.104729115,3723
2014,UF,16,female,373529.36238046,19834.3960975306,0.0530999650767164,334654.660374198,412404.064386722,1907
2014,UF,16,male,355132.63762228,19533.047971088,0.055002120058206,316848.567090654,393416.708153906,1816
2014,UF,17,combined,1442729.0000003,53493.4755287543,0.0370779789750835,1337883.71455607,1547574.28544453,7087
2014,UF,17,female,716800.38799995,25796.0955360903,0.0359878370156408,666240.969807459,767359.806192441,3515
2014,UF,17,male,725928.61200035,29540.6217348468,0.0406935630398221,668030.057319129,783827.166681571,3572
2014,UF,21,combined,6756295.00002611,97283.3512180585,0.01439892000241,6565623.13534335,6946966.86470887,31786
2014,UF,21,female,3420288.24316748,51369.5014392501,0.0150190562277516,3319605.87044277,3520970.61589219,15917
2014,UF,21,male,3336006.75685863,52101.6549605149,0.0156179704532663,3233889.38960109,3438124.12411617,15869
2014,UF,22,combined,3239913.00000039,98424.0504808323,0.0303786090801884,3047005.40584541,3432820.59415537,11459
2014,UF,22,female,1630483.62209145,49651.9146890847,0.0304522621486963,1533167.65753739,1727799.58664551,5769
2014,UF,22,male,1609429.37790894,52884.3249878429,0.0328590528504911,1505778.00558606,1713080.75023182,5690
2014,UF,23,combined,8749853.99999942,173310.15506661,0.0198072053621262,8410172.33791382,9089535.66208503,24783
2014,UF,23,female,4502388.39578339,105128.836711657,0.0233495708211476,4296339.66209195,4708437.12947483,12699
2014,UF,23,male,4247465.60421603,79255.125608268,0.0186593919747342,4092128.41243363,4402802.79599843,12084
2014,UF,24,combined,3298890.00000031,84000.7679122368,0.0254633430978993,3134251.52021862,3463528.479782,10055
2014,UF,24,female,1706670.89511157,47809.533696715,0.0280133292444701,1612965.93094835,1800375.85927479,5217
2014,UF,24,male,1592219.10488874,41230.6981433005,0.0258951158271534,1511408.42147043,1673029.78830705,4838
2014,UF,25,combined,3884975.00000029,84004.1916626861,0.0216228396997869,3720329.80979103,4049620.19020955,12810
2014,UF,25,female,1999436.21467867,44180.7160788561,0.0220965869051024,1912843.60235292,2086028.82700442,6596
2014,UF,25,male,1885538.78532162,44413.8619853153,0.0235549978239984,1798489.21541607,1972588.35522717,6214
2014,UF,26,combined,9099456.00000129,174671.211383147,0.0191957861418443,8757106.71655434,9441805.28344824,18248
2014,UF,26,female,4692232.0786423,92038.2506839328,0.0196150252462713,4511840.42210172,4872623.73518288,9368
2014,UF,26,male,4407223.92135899,92785.1574925037,0.0210529710194287,4225368.35437381,4589079.48834417,8880
2014,UF,27,combined,3165155.00000058,56009.7645563828,0.0176957414585929,3055377.8786875,3274932.12131366,18360
2014,UF,27,female,1644814.89457188,30037.161827995,0.0182617277646998,1585943.13919121,1703686.64995255,9540
2014,UF,27,male,1520340.1054287,29457.1764183751,0.0193753860160578,1462605.10056244,1578075.11029496,8820
2014,UF,28,combined,2163850.99999984,48279.9625393238,0.0223120550071735,2069224.01224782,2258477.98775186,9539
2014,UF,28,female,1102972.01259313,25525.1634287864,0.0231421678314174,1052943.61157321,1153000.41361305,4871
2014,UF,28,male,1060878.98740671,26297.608167558,0.0247885088494795,1009336.62251875,1112421.35229467,4668
2014,UF,29,combined,14389912.0000004,351580.720620713,0.024432444105336,13700826.4499252,15078997.5500756,23625
2014,UF,29,female,7366586.15305616,172812.305511502,0.0234589403993881,7027880.25816828,7705292.04794404,12092
2014,UF,29,male,7023325.84694425,193004.139069953,0.0274804477644913,6645044.68549998,7401607.00838852,11533
2014,UF,31,combined,20330219.0000001,261638.102281127,0.0128694187839849,19817417.7425456,20843020.2574545,34365
2014,UF,31,female,10349227.814821,139138.264775519,0.0134443136497837,10076521.8269895,10621933.8026524,17361
2014,UF,31,male,9980991.1851791,139820.578170264,0.014008686670106,9706947.88766781,10255034.4826904,17004
2014,UF,32,combined,3790143.00000082,62276.7241923251,0.0164312333841524,3668082.86350873,3912203.13649291,17209
2014,UF,32,female,1913823.02598387,33106.7222089564,0.0172987375318764,1848935.04280814,1978711.0091596,8739
2014,UF,32,male,1876319.97401695,33119.0266662058,0.0176510547906722,1811407.87454816,1941232.07348574,8470
2014,UF,33,combined,16885374.0000003,225180.789394604,0.0133358484919907,16444027.7627766,17326720.2372241,31821
2014,UF,33,female,8799992.67859544,123599.321731898,0.0140453891549857,8557742.45948734,9042242.89770354,16727
2014,UF,33,male,8085381.3214049,114255.646216662,0.0141311388634431,7861444.36978989,8309318.27301991,15094
2014,UF,35,combined,43867694.0000025,705156.416363142,0.0160746178352366,42485612.8204635,45249775.1795416,35246
2014,UF,35,female,22622882.3966154,372168.393414024,0.0164509714937874,21893445.7493398,23352319.043891,18149
2014,UF,35,male,21244811.6033871,363907.483204191,0.0171292403057211,20531566.0426023,21958057.164172,17097
2014,UF,41,combined,10989949.0000011,159634.218392984,0.0145254739938254,10677071.6812507,11302826.3187516,25026
2014,UF,41,female,5590643.38776619,84681.7638367283,0.0151470515937458,5424670.18049888,5756616.5950335,12711
2014,UF,41,male,5399305.61223493,85243.4556613886,0.0157878552879513,5232231.50922087,5566379.71524899,12315
2014,UF,42,combined,6759989.99999882,80741.9203236667,0.0119440887225692,6601738.74412183,6918241.25587581,26301
2014,UF,42,female,3368651.69962001,42897.9849529457,0.0127344673115908,3284573.19410289,3452730.20513712,13174
2014,UF,42,male,3391338.30037881,44259.445983785,0.0130507316179106,3304591.3802749,3478085.22048272,13127
2014,UF,43,combined,11009301.9999999,163021.459516523,0.0148076108291447,10689785.8106404,11328818.1893594,24142
2014,UF,43,female,5653376.07675063,88368.2933094356,0.0156310657755192,5480177.40448886,5826574.74901239,12410
2014,UF,43,male,5355925.92324926,86989.8551483422,0.0162417957968262,5185428.94013815,5526422.90636037,11732
2014,UF,50,combined,2553246.0000003,51794.5038114236,0.0202857475587615,2451730.63793279,2654761.36206781,9911
2014,UF,50,female,1292984.68703878,26666.5599327336,0.0206240338343108,1240719.18997904,1345250.18409852,5018
2014,UF,50,male,1260261.31296152,29020.3468568665,0.023027245665957,1203382.4783032,1317140.14761984,4893
2014,UF,51,combined,3226765.00000113,81163.4780029775,0.0251532039063734,3067687.50625529,3385842.49374697,11634
2014,UF,51,female,1601558.12259195,42772.056948815,0.0267065280650527,1517726.43142758,1685389.81375632,5795
2014,UF,51,male,1625206.87740918,42020.7172742819,0.0258556112814813,1542847.78494705,1707565.96987131,5839
2014,UF,52,combined,6535296.99999895,142345.641903798,0.0217810517110119,6256304.66851127,6814289.33148663,15156
2014,UF,52,female,3301446.76696601,74436.161492705,0.0225465278548504,3155554.5712929,3447338.96263912,7659
2014,UF,52,male,3233850.23303294,74486.1145544072,0.0230332604130986,3087860.13115798,3379840.3349079,7497
2014,UF,53,combined,2764386.00000082,67459.7195767553,0.0244031475983221,2632167.37922321,2896604.62077843,8046
2014,UF,53,female,1454288.72668297,36107.5842801532,0.0248283464058128,1383519.16192513,1525058.29144081,4268
2014,UF,53,male,1310097.27331785,35522.0147032267,0.0271140284211618,1240475.40384122,1379719.14279448,3778
2015,UF,11,combined,1655793.99999951,59562.7534066772,0.0359723210778,1539053.14850238,1772534.85149664,7830
2015,UF,11,female,816058.44083533,30075.7084571649,0.0368548463592619,757111.13544976,875005.7462209,3847
2015,UF,11,male,839735.55916418,31591.6004363365,0.0376208915908965,777817.160094981,901653.958233379,3983
2015,UF,12,combined,809427.99999983,31321.7015893302,0.038696093524485,748038.592950232,870817.407049428,9599
2015,UF,12,female,401139.39633246,15361.9293840149,0.0382957384003318,371030.568006743,431248.224658177,4774
2015,UF,12,male,408288.60366737,16995.0928786612,0.0416251953299851,374978.833711281,441598.373623459,4825
2015,UF,13,combined,3710606.00000125,110193.83139777,0.0296969905718184,3494630.05914314,3926581.94085936,12563
2015,UF,13,female,1822740.66348408,54669.6693751571,0.0299931144733769,1715590.08046206,1929891.2465061,6107
2015,UF,13,male,1887865.33651717,60305.4423666014,0.0319437203491728,1769668.84140688,2006061.83162746,6456
2015,UF,14,combined,472211.99999987,16550.912493727,0.0350497498871937,439772.807600891,504651.192398849,5386
2015,UF,14,female,235308.42660096,8743.75918482449,0.0371587168004498,218170.973509213,252445.879692707,2651
2015,UF,14,male,236903.57339891,8677.1573040206,0.0366273804127453,219896.657594841,253910.489202979,2735
2015,UF,15,combined,8087647.00000333,159196.374006909,0.0196838924852733,7775627.84048042,8399666.15952624,17475
2015,UF,15,female,4059607.08840176,81526.3839563006,0.0200823336300748,3899818.31205763,4219395.86474589,8754
2015,UF,15,male,4028039.91160157,84808.1856160865,0.0210544551387939,3861818.92219985,4194260.90100329,8721
2015,UF,16,combined,739580.00001851,43691.4208978647,0.0590759902874216,653946.388625315,825213.611411706,3852
2015,UF,16,female,372605.31087619,25071.545450578,0.0672871392831779,323465.984756298,421744.636996082,1924
2015,UF,16,male,366974.68914232,20118.4141856204,0.05482234819148,327543.321912444,406406.056372196,1928
2015,UF,17,combined,1457530.00000026,70532.2099799679,0.048391600845235,1319289.40868951,1595770.59131101,6771
2015,UF,17,female,728201.48030319,38481.6719376861,0.0528448142149671,652778.78924044,803624.17136594,3344
2015,UF,17,male,729328.51969707,33515.0632543548,0.0459533150688738,663640.202778953,795016.836615187,3427
2015,UF,21,combined,6793957.00000027,115291.541391793,0.0169697190299834,6567989.73115025,7019924.26885029,30715
2015,UF,21,female,3433507.17536177,61659.1937587853,0.0179580791912248,3312657.37627877,3554356.97444477,15338
2015,UF,21,male,3360449.8246385,59628.7464605461,0.0177442751929679,3243579.62913256,3477320.02014444,15377
2015,UF,22,combined,3255744.00000077,133556.26802876,0.0410217351329615,2993978.52475482,3517509.47524672,10939
2015,UF,22,female,1641730.60213107,70245.4403912499,0.0427874343696017,1504052.06888607,1779409.13537608,5548
2015,UF,22,male,1614013.3978697,66081.1445528494,0.0409421288819959,1484496.73448893,1743530.06125047,5391
2015,UF,23,combined,8807880.00000022,204014.685119601,0.0231627457594331,8408018.56484852,9207741.43515191,24651
2015,UF,23,female,4531625.76060452,110078.056450784,0.0242910739469579,4315876.73447282,4747374.78673622,12685
2015,UF,23,male,4276254.2393957,100061.751182585,0.0233993924544405,4080136.81084783,4472371.66794357,11966
2015,UF,24,combined,3322004.9999999,121317.998171655,0.0365195110096639,3084226.09290696,3559783.90709284,9719
2015,UF,24,female,1714525.44181766,63255.8848822666,0.0368941068702986,1590546.18563821,1838504.69799711,5035
2015,UF,24,male,1607479.55818224,61603.7838285778,0.0383232144477409,1486738.36056684,1728220.75579764,4684
2015,UF,25,combined,3910673.99999965,85885.0325671505,0.0219616957504405,3742342.42935699,4079005.57064231,12348
2015,UF,25,female,2033634.54254103,48571.5174720143,0.0238840934572856,1938436.11762142,2128832.96746064,6397
2015,UF,25,male,1877039.45745862,43096.9659394717,0.0229600745835263,1792570.95637431,1961507.95854293,5951
2015,UF,26,combined,9157278.00000073,171096.994792936,0.0186842634670392,8821934.05234354,9492621.94765792,18039
2015,UF,26,female,4765842.9578018,96323.5029861521,0.0202112205204891,4577052.36108421,4954633.55451939,9341
2015,UF,26,male,4391435.04219893,86378.8520398828,0.0196698462370128,4222135.60317485,4560734.48122301,8698
2015,UF,27,combined,3173764.00000118,50077.9731892266,0.0157787325047508,3075612.97613153,3271915.02387083,18550
2015,UF,27,female,1652503.73943107,27336.2239563428,0.0165423068668844,1598925.72500332,1706081.75385882,9669
2015,UF,27,male,1521260.26057011,26542.0135934088,0.0174473850933711,1469238.86984986,1573281.65129036,8881
2015,UF,28,combined,2181909.0000003,75144.3962700332,0.0344397480692471,2034628.68967103,2329189.31032957,9540
2015,UF,28,female,1135432.05021511,43273.5144436971,0.0381119367165114,1050617.52042099,1220246.58000923,4938
2015,UF,28,male,1046476.94978519,34224.3614740728,0.0327043624621623,979398.433902127,1113555.46566825,4602
2015,UF,29,combined,14450540,280759.701581805,0.0194290110668394,13900261.0965894,15000818.9034105,23560
2015,UF,29,female,7368180.67998245,148247.757258202,0.0201199948395613,7077620.41496754,7658740.94499736,11960
2015,UF,29,male,7082359.3200175,146146.270518482,0.0206352521687816,6795917.89332643,7368800.74670857,11600
2015,UF,31,combined,20459243.0000007,431368.567519623,0.0210842877969438,19613776.1435996,21304709.8564018,33998
2015,UF,31,female,10435279.4456901,217737.045760207,0.0208654734061899,10008522.6779,10862036.2134803,17283
2015,UF,31,male,10023963.5543105,224257.547822413,0.0223721431754385,9584426.83731734,10463500.2713037,16715
2015,UF,32,combined,3830071.00000072,64232.1063496455,0.0167704740590014,3704178.38490427,3955963.61509717,16832
2015,UF,32,female,1956492.22894242,36246.5904968163,0.0185263145749418,1885450.21700629,2027534.24087855,8603
2015,UF,32,male,1873578.7710583,32593.0434901039,0.0173961426087752,1809697.57967115,1937459.96244545,8229
2015,UF,33,combined,16971332.0000005,266894.166728907,0.0157261767508231,16448229.045528,17494434.9544729,31508
2015,UF,33,female,8924761.45050764,153244.361401067,0.0171706955139233,8624408.02132771,9225114.87968757,16633
2015,UF,33,male,8046570.54949282,127189.807412008,0.0158067100300294,7797283.1077647,8295857.99122094,14875
2015,UF,35,combined,44212452.0000001,878340.931943448,0.0198663700430694,42490935.4072436,45933968.5927567,35648
2015,UF,35,female,22605303.9994088,442378.773025305,0.0195696891772336,21738257.5367542,23472350.4620634,18280
2015,UF,35,male,21607148.0005914,458692.220747475,0.0212287258242004,20708127.7679376,22506168.2332451,17368
2015,UF,41,combined,11087986.9999997,191545.220753802,0.0172750221256399,10712565.2659115,11463408.7340879,24543
2015,UF,41,female,5606883.70127596,96333.5148089781,0.0171812935565358,5418073.48174621,5795693.92080571,12407
2015,UF,41,male,5481103.29872373,103819.454996338,0.0189413425250555,5277620.90603633,5684585.69141113,12136
2015,UF,42,combined,6877924.99999992,102469.103766618,0.0148982583797612,6677089.24708925,7078760.75291059,26839
2015,UF,42,female,3496886.56219334,56398.3875590836,0.0161281718912006,3386347.7537914,3607425.37059528,13700
2015,UF,42,male,3381038.43780658,51940.6043427822,0.0153623229366414,3279236.72395948,3482840.15165368,13139
2015,UF,43,combined,11052855.0000006,192635.241396741,0.0174285504873384,10675296.8647098,11430413.1352914,24130
2015,UF,43,female,5693722.52276698,105043.189628083,0.0184489478031387,5487841.65427473,5899603.39125923,12419
2015,UF,43,male,5359132.47723364,96309.4842279847,0.0179710960005413,5170369.35677716,5547895.59769012,11711
2015,UF,50,combined,2586171.00000048,76104.1494534012,0.0294273462402088,2437009.60799776,2735332.3920032,9501
2015,UF,50,female,1325163.04722229,40478.6107336526,0.030546136053598,1245826.42804011,1404499.66640447,4856
2015,UF,50,male,1261007.95277819,38464.7998658061,0.0305032175102959,1185618.33036867,1336397.57518771,4645
2015,UF,51,combined,3280133.99999971,112296.296427997,0.0342352771039253,3060037.3034036,3500230.69659582,11643
2015,UF,51,female,1636943.01618464,58490.156724923,0.0357313334347159,1522304.41555369,1751581.61681559,5830
2015,UF,51,male,1643190.98381507,56667.4777591384,0.0344862394677769,1532124.76831243,1754257.19931771,5813
2015,UF,52,combined,6630057.00000065,151202.803166871,0.0228056565979533,6333704.95143208,6926409.04856922,15023
2015,UF,52,female,3307798.46791228,76530.212493933,0.0231362984281915,3157802.00769497,3457794.92812959,7485
2015,UF,52,male,3322258.53208837,81296.454751778,0.0244702373299874,3162920.40870409,3481596.65547264,7538
2015,UF,53,combined,2794821.00000011,72203.3681874612,0.0258347021821642,2653304.9987902,2936337.00121002,8071
2015,UF,53,female,1450249.8011908,40186.1998803345,0.0277098468466175,1371486.29674982,1529013.30563178,4220
2015,UF,53,male,1344571.19880931,36458.6538750803,0.0271154505669662,1273113.55028934,1416028.84732928,3851
2016,UF,11,combined,1668660.00000106,102422.860004808,0.0613803051578767,1467914.88319805,1869405.11680407,8075
2016,UF,11,female,827713.51519474,51671.1267033025,0.0624263416686456,726439.967815661,928987.062573819,3985
2016,UF,11,male,840946.48480632,51563.248131324,0.0613157306236908,739884.375543023,942008.594069617,4090
2016,UF,12,combined,818452.00000037,29162.6259639095,0.0356314432170688,761294.303416495,875609.696584245,9880
2016,UF,12,female,412078.56398797,15235.7026403259,0.0369728104584706,382217.135533769,441939.992442171,4938
2016,UF,12,male,406373.4360124,14952.4037650772,0.0367947371555579,377067.263150548,435679.608874252,4942
2016,UF,13,combined,3764065.00000222,115455.587795363,0.0306731121261972,3537776.20610941,3990353.79389503,13318
2016,UF,13,female,1845225.09790089,55766.6800817753,0.0302221556303428,1735924.41340324,1954525.78239854,6476
2016,UF,13,male,1918839.90210133,63665.5581453284,0.0331791923211561,1794057.70108085,2043622.10312181,6842
2016,UF,14,combined,483871.00000021,20670.5007087844,0.0427190319502004,443357.563068583,524384.436931837,5232
2016,UF,14,female,239947.14164279,10760.6592598638,0.0448459572645513,218856.63704355,261037.64624203,2545
2016,UF,14,male,243923.85835742,10932.745254082,0.0448203194542058,222496.071407268,265351.645307572,2687
2016,UF,15,combined,8162994.00000254,188476.975180944,0.023089196829115,7793585.91673284,8532402.08327224,17892
2016,UF,15,female,4087211.01177534,102883.718799286,0.0251721084384624,3885562.62833319,4288859.39521749,8884
2016,UF,15,male,4075782.9882272,93694.7699157943,0.0229881645284917,3892144.61365248,4259421.36280192,9008
2016,UF,16,combined,749262.00000086,55450.6784150571,0.0740070608345191,640580.667389036,857943.332612685,4049
2016,UF,16,female,384696.97565389,27021.8670804295,0.070241953512889,331735.08938122,437658.86192656,2073
2016,UF,16,male,364565.02434697,30326.3783706437,0.0831851009980072,305126.414958974,424003.633734966,1976
2016,UF,17,combined,1471145.00000023,66747.1798658348,0.0453709048841714,1340322.93139358,1601967.06860688,6962
2016,UF,17,female,738142.01460562,35328.2194237124,0.0478610060458187,668899.976897215,807384.052314025,3438
2016,UF,17,male,733002.98539461,33050.094543662,0.0450886220140966,668225.990403389,797779.980385831,3524
2016,UF,21,combined,6825379.00000246,130141.742657833,0.0190673283722099,6570305.87150783,7080452.12849709,31789
2016,UF,21,female,3453182.54257255,66504.1649457897,0.0192588037631644,3322836.77445689,3583528.31068821,15955
2016,UF,21,male,3372196.45742991,68223.7984879455,0.0202312645034749,3238480.26950502,3505912.6453548,15834
2016,UF,22,combined,3271009.00000068,128080.710348405,0.0391563307677779,3019975.4206035,3522042.57939786,10910
2016,UF,22,female,1667538.77696918,63827.6358390602,0.0382765526778751,1542438.90950628,1792638.64443208,5560
2016,UF,22,male,1603470.2230315,68813.2927760922,0.0429152295987104,1468598.64753275,1738341.79853025,5350
2016,UF,23,combined,8863679.00000122,154943.320091685,0.0174807007442016,8559995.67297646,9167362.32702598,24532
2016,UF,23,female,4517130.06133447,83518.7282804966,0.0184893344106685,4353436.36187011,4680823.76079883,12501
2016,UF,23,male,4346548.93866675,79788.0183686291,0.0183566363785388,4190167.29626642,4502930.58106708,12031
2016,UF,24,combined,3342286.00000078,105648.199249209,0.0316095628109577,3135219.33444082,3549352.66556074,9453
2016,UF,24,female,1733820.73355806,54744.7847047967,0.0315746510842861,1626522.92719526,1841118.53992086,4922
2016,UF,24,male,1608465.26644272,54957.9842110723,0.0341679645545703,1500749.5967261,1716180.93615934,4531
2016,UF,25,combined,3935762.00000102,97350.9463015049,0.0247349677906031,3744957.65138918,4126566.34861286,12655
2016,UF,25,female,2067013.46228137,54856.5948453996,0.0265390602656522,1959496.51206988,2174530.41249286,6624
2016,UF,25,male,1868748.53771965,48268.7768442572,0.0258294660142758,1774143.4735271,1963353.6019122,6031
2016,UF,26,combined,9206498.00000138,184951.334871918,0.020089216863121,8844000.04475982,9568995.95524295,17952
2016,UF,26,female,4771692.61476539,98086.3736692673,0.0205558868913206,4579446.85499949,4963938.37453129,9267
2016,UF,26,male,4434805.38523599,96696.8224260372,0.0218040734657608,4245283.09586149,4624327.67461049,8685
2016,UF,27,combined,3180287.00000246,53631.0575441314,0.0168635904696934,3075172.05876317,3285401.94124175,18004
2016,UF,27,female,1651654.68888954,29288.4358256795,0.0177327839909267,1594250.4095077,1709058.96827138,9310
2016,UF,27,male,1528632.31111292,27833.8621773521,0.0182083434812965,1474078.94369466,1583185.67853118,8694
2016,UF,28,combined,2197969.000002,53640.9727661578,0.0244047904070117,2092834.62528464,2303103.37471936,8944
2016,UF,28,female,1132044.24909917,27599.1203689107,0.0243798953891359,1077950.96717112,1186137.53102722,4611
2016,UF,28,male,1065924.75090283,28964.4125049168,0.0271730368212054,1009155.54555983,1122693.95624583,4333
2016,UF,29,combined,14506964.0000025,420484.344491538,0.0289849995141276,13682829.8287361,15331098.1712688,23022
2016,UF,29,female,7452326.03936269,229524.046215287,0.0307989807481525,7002467.17519482,7902184.90353056,11701
2016,UF,29,male,7054637.96063977,200728.759456989,0.0284534458858021,6661216.82144267,7448059.09983687,11321
2016,UF,31,combined,20576953.0000023,303055.218667338,0.0147278957514898,19982975.6860874,21170930.3139172,34276
2016,UF,31,female,10506237.5037084,157557.338611753,0.0149965521487725,10197430.7945294,10815044.2128874,17423
2016,UF,31,male,10070715.4962939,163682.87044731,0.0162533506688325,9749902.96533105,10391528.0272568,16853
2016,UF,32,combined,3866723.00000177,71681.9479736454,0.018538164738879,3726228.96363175,4007217.03637179,16810
2016,UF,32,female,1974179.2094951,38167.4241724851,0.0193333127959779,1899372.43273437,2048985.98625583,8642
2016,UF,32,male,1892543.79050667,37890.8002177206,0.0200210956321262,1818279.18673454,1966808.3942788,8168
2016,UF,33,combined,17043195.0000024,269039.285031937,0.0157857306116546,16515887.6909134,17570502.3090914,30398
2016,UF,33,female,8782112.45396785,132368.165018268,0.0150724743860986,8522675.61783239,9041549.29010331,15836
2016,UF,33,male,8261082.54603457,150287.76185766,0.0181922600361619,7966523.94547643,8555641.14659272,14562
2016,UF,35,combined,44524668.0000048,960543.573006749,0.0215732899570783,42642037.1913302,46407298.8086795,35253
2016,UF,35,female,22890567.45325,518459.303950029,0.0226494736318307,21874405.8900583,23906729.0164418,18018
2016,UF,35,male,21634100.5467548,473780.247767802,0.0218996970428184,20705508.3245435,22562692.7689662,17235
2016,UF,41,combined,11181700.0000074,234359.844912326,0.0209592320409393,10722363.1445568,11641036.855458,24405
2016,UF,41,female,5720388.64549822,123920.193250621,0.0216628975634624,5477509.52976976,5963267.76122668,12435
2016,UF,41,male,5461311.35450918,117929.604390483,0.0215936423938022,5230173.57719278,5692449.13182558,11970
2016,UF,42,combined,6999252.00000048,110737.025169487,0.015821265639454,6782211.41891318,7216292.58108778,27005
2016,UF,42,female,3514331.47480345,58468.2669922652,0.0166370951094006,3399735.77726014,3628927.17234676,13616
2016,UF,42,male,3484920.52519703,57066.7035904601,0.0163753242513999,3373071.84144331,3596769.20895075,13389
2016,UF,43,combined,11092120.0000014,174784.072305016,0.015757499225125,10749549.5132123,11434690.4867905,23763
2016,UF,43,female,5672639.37712839,88397.9111186233,0.0155832065537316,5499382.65502732,5845896.09922946,12210
2016,UF,43,male,5419480.62287303,95995.4704048447,0.0177130387734378,5231332.95820055,5607628.28754551,11553
2016,UF,50,combined,2617180.0000005,79927.2979892465,0.0305394730164647,2460525.37455998,2773834.62544102,9571
2016,UF,50,female,1324493.94144228,40713.1898716557,0.030738675804981,1244697.55559809,1404290.32728647,4827
2016,UF,50,male,1292686.05855822,42599.4924869742,0.0329542445398436,1209192.58752407,1376179.52959237,4744
2016,UF,51,combined,3332694.00000919,84829.2233614426,0.0254536490182443,3166431.77738426,3498956.22263412,11712
2016,UF,51,female,1659964.80311555,43142.3110617386,0.0259898950753449,1575407.42722472,1744522.17900638,5829
2016,UF,51,male,1672729.19689364,45870.3136909399,0.0274224385968296,1582825.03409984,1762633.35968744,5883
2016,UF,52,combined,6720129.00000203,172197.847248752,0.0256241877572142,6382627.42117915,7057630.57882491,15720
2016,UF,52,female,3423297.49702692,89024.477489212,0.0260054750037145,3248812.72740557,3597782.26664827,7980
2016,UF,52,male,3296831.50297511,89393.2144516244,0.0271148872397496,3121624.02218766,3472038.98376256,7740
2016,UF,53,combined,2823570.00000083,78251.7139758987,0.0277137503146285,2670199.45887954,2976940.54112212,8136
2016,UF,53,female,1461348.15099619,39415.969123741,0.0269723331136878,1384094.27109791,1538602.03089447,4250
2016,UF,53,male,1362221.84900464,43277.3977197077,0.0317697133923744,1277399.7081294,1447043.98987988,3886
2017,UF,11,combined,1679837.00000065,110487.846310853,0.0657729567278317,1463284.80050198,1896389.19949932,7946
2017,UF,11,female,843250.68733822,59846.6921960995,0.0709714122914145,725953.326040011,960548.048636429,3958
2017,UF,11,male,836586.31266243,51741.6156087691,0.061848508427184,735174.609567327,937998.015757533,3988
2017,UF,12,combined,826107,23789.6182800839,0.0287972602581553,779480.20496508,872733.79503492,9408
2017,UF,12,female,413436.86351399,12448.7659964571,0.0301104402995158,389037.730508967,437835.996519013,4686
2017,UF,12,male,412670.13648601,12685.0044978587,0.030738847753498,387807.984526478,437532.288445542,4722
2017,UF,13,combined,3813947.00000361,109418.709081657,0.0286891005778406,3599490.2709687,4028403.72903852,13114
2017,UF,13,female,1895539.67426292,52974.0178731979,0.0279466679555504,1791712.50711507,1999366.84141077,6436
2017,UF,13,male,1918407.32574069,60783.6030117175,0.0316844093515173,1799273.65298714,2037540.99849424,6678
2017,UF,14,combined,497171.99999963,29555.0375980241,0.0594463034886239,439245.190745776,555098.809253485,5480
2017,UF,14,female,249642.23716852,15805.4921911608,0.0633125723051879,218664.041715916,280620.432621124,2712
2017,UF,14,male,247529.76283111,14397.8497016732,0.0581661354052883,219310.49596101,275749.02970121,2768
2017,UF,15,combined,8230005.00000055,219302.203066398,0.0266466670514032,7800180.58026012,8659829.41974098,17655
2017,UF,15,female,4128621.50724074,115574.435154184,0.0279934682681594,3902099.77680498,4355143.2376765,8831
2017,UF,15,male,4101383.49275981,110874.428389771,0.0270334214260867,3884073.60630939,4318693.37921023,8824
2017,UF,16,combined,757680.99999954,59739.0822248651,0.0788446354401145,640594.550369328,874767.449629753,3864
2017,UF,16,female,377787.00486258,26551.8531554002,0.0702826005491068,325746.3289552,429827.680769961,1958
2017,UF,16,male,379893.99513696,34471.9447591776,0.0907409572155773,312330.224931918,447457.765342002,1906
2017,UF,17,combined,1483896.99999913,44801.7445443563,0.0301919503472158,1396087.19424763,1571706.80575063,6870
2017,UF,17,female,731753.92323902,25575.2226338602,0.0349505780859426,681627.407980061,781880.43849798,3328
2017,UF,17,male,752143.07676011,22354.6379266701,0.0297212573210987,708328.791536403,795957.361983817,3542
2017,UF,21,combined,6850863.99999911,118356.016656283,0.0172760715518945,6618890.46999917,7082837.52999905,31628
2017,UF,21,female,3508659.22681449,63567.952527248,0.0181174484091923,3384068.32929013,3633250.12433885,15943
2017,UF,21,male,3342204.77318462,59715.0463016198,0.0178669621863774,3225165.4330983,3459244.11327094,15685
2017,UF,22,combined,3285641.00000001,96527.8739502172,0.029378703866374,3096449.84355336,3474832.15644666,10860
2017,UF,22,female,1689799.5989768,52859.0762605398,0.0312812692656258,1586197.71325009,1793401.48470351,5564
2017,UF,22,male,1595841.40102321,46789.385596124,0.029319571209347,1504135.89039605,1687546.91165037,5296
2017,UF,23,combined,8913559.99999978,229986.336394469,0.0258018498102302,8462795.06373031,9364324.93626925,24412
2017,UF,23,female,4534414.0026817,121863.651084169,0.026875281130505,4295565.63553217,4773262.36983123,12484
2017,UF,23,male,4379145.99731808,113930.547954898,0.0260166132905075,4155846.22658757,4602445.76804859,11928
2017,UF,24,combined,3359218.0000024,100528.583854352,0.029926186348811,3162185.59623106,3556250.40377374,9864
2017,UF,24,female,1703554.79004105,50004.0232786595,0.0293527531788129,1605548.70533277,1801560.87474932,5048
2017,UF,24,male,1655663.20996135,54542.4668676251,0.0329429720606635,1548761.93927284,1762564.48064986,4816
2017,UF,25,combined,3959500.00000011,92014.3460093127,0.0232388801639879,3779155.19576085,4139844.80423937,12539
2017,UF,25,female,2052733.23863514,49442.3408296594,0.0240861013496978,1955828.03129765,2149638.44597263,6518
2017,UF,25,male,1906766.76136497,47817.082751442,0.0250775730520978,1813047.00132637,2000486.52140357,6021
2017,UF,26,combined,9247681.99999916,225909.096562527,0.0244287267406629,8804908.30695663,9690455.69304169,18039
2017,UF,26,female,4818457.58684167,113290.915279076,0.0235118631299055,4596411.4731191,5040503.70056424,9379
2017,UF,26,male,4429224.41315749,120716.308515123,0.0272545026520945,4192624.79612122,4665824.03019376,8660
2017,UF,27,combined,3185339.00000992,59152.1870187699,0.01857013869437,3069402.84384635,3301275.15617349,17457
2017,UF,27,female,1650041.25637856,32943.6795441502,0.0199653671790326,1585472.8309538,1714609.68180332,9053
2017,UF,27,male,1535297.74363136,29556.7203813935,0.0192514582295187,1477367.63618271,1593227.85108001,8404
2017,UF,28,combined,2212382.00000062,52347.0590966719,0.0236609496446171,2109783.64947455,2314980.35052669,8868
2017,UF,28,female,1144365.96680976,29201.7911915496,0.0255178780551799,1087131.50779026,1201600.42582926,4591
2017,UF,28,male,1068016.03319086,26811.9185193044,0.0251044157447709,1015465.6385366,1120566.42784512,4277
2017,UF,29,combined,14558382.0000007,377059.888577364,0.0258998485255674,13819358.1983744,15297405.801627,22861
2017,UF,29,female,7437227.64799971,194880.107796044,0.0262033269680078,7055269.65541618,7819185.64058324,11554
2017,UF,29,male,7121154.35200098,195086.267730692,0.0273953151536274,6738792.29337048,7503516.41063148,11307
2017,UF,31,combined,20683567.0000289,300273.262230818,0.0145174796122158,20095042.2205361,21272091.7795217,33831
2017,UF,31,female,10504911.9733181,161710.062359328,0.0153937570129157,10187966.0751561,10821857.8714801,17126
2017,UF,31,male,10178655.0267108,156886.335651681,0.0154132677883257,9871163.45916701,10486146.5942545,16705
2017,UF,32,combined,3900227.99999948,92339.6469295636,0.0236754484429054,3719245.61767239,4081210.38232657,17111
2017,UF,32,female,1970235.27143928,45278.4081919983,0.022981218968292,1881491.22210566,2058979.3207729,8719
2017,UF,32,male,1929992.7285602,50088.938829158,0.0259529158260223,1831820.21243122,2028165.24468918,8392
2017,UF,33,combined,17099853.9999993,249353.755426073,0.0145822154637159,16611129.6199543,17588578.3800442,31108
2017,UF,33,female,8879861.00654775,140769.574557185,0.0158526776999533,8603957.71029664,9155764.30279886,16325
2017,UF,33,male,8219992.9934515,123654.263818223,0.015043110610524,7977635.08983297,8462350.89707003,14783
2017,UF,35,combined,44803690,694860.755524126,0.0155090073055172,43441787.9449024,46165592.0550976,35519
2017,UF,35,female,23083266.8878613,367793.15014468,0.015933323126723,22362405.5598172,23804128.2159054,18246
2017,UF,35,male,21720423.1121388,357326.704503327,0.016451185258156,21020075.6405978,22420770.5836797,17273
2017,UF,41,combined,11271143.000001,233219.135617462,0.020691702307161,10814041.8936852,11728244.1063168,24076
2017,UF,41,female,5694818.17968056,119192.174102799,0.0209299349587812,5461205.81120005,5928430.54816107,12199
2017,UF,41,male,5576324.82032044,121006.820688083,0.0217001025921458,5339155.8098881,5813493.83075278,11877
2017,UF,42,combined,7123009.00000237,118477.889965781,0.0166331237214135,6890796.60270514,7355221.3972996,27215
2017,UF,42,female,3578975.12380904,61859.1048068448,0.017284027596428,3457733.50627174,3700216.74134634,13742
2017,UF,42,male,3544033.87619333,61844.576812897,0.0174503345547376,3422820.73300093,3665247.01938573,13473
2017,UF,43,combined,11123601.0000003,193549.905426583,0.0173999323983823,10744250.1561531,11502951.8438475,23356
2017,UF,43,female,5723128.74515791,104350.85461713,0.018233183152732,5518604.82835236,5927652.66196346,12066
2017,UF,43,male,5400472.25484239,98198.1327424982,0.0181832491879664,5208007.45131801,5592937.05836677,11290
2017,UF,50,combined,2647188.00000017,75659.5228620576,0.0285810916572804,2498898.06010305,2795477.93989729,9743
2017,UF,50,female,1355152.80060684,39661.9276793836,0.0292674948991899,1277416.85079782,1432888.75041586,4977
2017,UF,50,male,1292035.19939333,38577.1433694084,0.0298576566548049,1216425.38776285,1367645.01102381,4766
2017,UF,51,combined,3385893.00000415,90305.1562425443,0.0266710011930187,3208898.1461505,3562887.8538578,11811
2017,UF,51,female,1698132.55163713,46572.9713615528,0.0274259929336216,1606851.20511547,1789413.89815879,5917
2017,UF,51,male,1687760.44836702,47471.0217392342,0.0281266347870425,1594718.9554488,1780801.94128524,5894
2017,UF,52,combined,6805158.0000359,167178.770542892,0.0245664789181985,6477493.63079215,7132822.36927965,15459
2017,UF,52,female,3450791.11604902,86776.4552592154,0.0251468293330284,3280712.38903491,3620869.84306313,7875
2017,UF,52,male,3354366.88398688,88638.4387260049,0.0264247894734318,3180638.73643805,3528095.03153571,7584
2017,UF,53,combined,2850314.00000049,107679.516485617,0.0377781242647647,2639266.02581599,3061361.97418499,7898
2017,UF,53,female,1489346.13113278,57540.2781233082,0.038634590657273,1376569.25835068,1602123.00391488,4159
2017,UF,53,male,1360967.86886771,53887.793723141,0.0395951990901697,1255349.73396403,1466586.00377139,3739
2018,UF,11,combined,1689862.99999985,65820.9045310814,0.0389504383083642,1560856.39768908,1818869.60231062,7775
2018,UF,11,female,837407.6790088,34835.8442039373,0.0415996235491545,769130.678998035,905684.679019565,3859
2018,UF,11,male,852455.32099105,32800.8821660029,0.0384781247278381,788166.773284542,916743.868697558,3916
2018,UF,12,combined,832608.00000098,23354.2694237811,0.0280495376260541,786834.473045124,878381.526956836,8747
2018,UF,12,female,416436.49890884,12564.4254247273,0.0301712877176928,391810.677589935,441062.320227745,4390
2018,UF,12,male,416171.50109214,12238.0294222563,0.029406216884483,392185.404182776,440157.598001504,4357
2018,UF,13,combined,3864178.00000132,131563.868523142,0.0340470517981048,3606317.5560292,4122038.44397344,13050
2018,UF,13,female,1914480.65730765,65907.2780978305,0.03442566935647,1785304.76591684,2043656.54869846,6418
2018,UF,13,male,1949697.34269367,69205.5980575231,0.03549555951177,1814056.86297237,2085337.82241497,6632
2018,UF,14,combined,517081.99999994,21262.1810170099,0.0411195536046747,475408.890973829,558755.109026051,5098
2018,UF,14,female,253789.09545803,10656.7894753581,0.0419907303587062,232902.171895503,274676.019020557,2490
2018,UF,14,male,263292.90454191,11312.3537957476,0.0429649018283624,241121.09852187,285464.71056195,2608
2018,UF,15,combined,8292648.99999995,205504.49111424,0.0247815253140753,7889867.59875481,8695430.40124509,17193
2018,UF,15,female,4138209.31731007,102708.256392702,0.0248194928089005,3936904.83386547,4339513.80075467,8576
2018,UF,15,male,4154439.68268988,110782.224218714,0.0266659845081648,3937310.51309396,4371568.8522858,8617
2018,UF,16,combined,764749.00000011,46337.5172117989,0.060591798370174,673929.135131979,855568.864868241,3939
2018,UF,16,female,385346.06830899,22873.3784054488,0.0593580168232255,340515.070429554,430177.066188426,2012
2018,UF,16,male,379402.93169112,24756.606966716,0.06525149095809,330880.873656943,427924.989725297,1927
2018,UF,17,combined,1496701.99999972,50445.6889457194,0.0337045643994121,1397830.2664908,1595573.73350864,6588
2018,UF,17,female,728280.02533922,26544.9118366457,0.0364487709576842,676252.954166603,780307.096511837,3191
2018,UF,17,male,768421.9746605,26631.2220190154,0.0346570281657828,716225.73863894,820618.21068206,3397
2018,UF,21,combined,6876504.99999972,107803.686681252,0.0156771043838776,6665213.65670383,7087796.34329561,31264
2018,UF,21,female,3480536.09414879,55499.9453913787,0.0159458037181918,3371758.20003775,3589313.98825983,15747
2018,UF,21,male,3395968.90585093,57707.2031394527,0.0169928538038227,3282864.86604907,3509072.94565279,15517
2018,UF,22,combined,3302118.0000001,102507.363115199,0.0310429134013976,3101207.26014414,3503028.73985606,10945
2018,UF,22,female,1669580.85986638,54752.8216580238,0.0327943515490503,1562267.30136471,1776894.41836805,5583
2018,UF,22,male,1632537.14013372,52104.0352089334,0.0319159876538341,1530415.107675,1734659.17259244,5362
2018,UF,23,combined,8964821.99999898,200695.029937748,0.022386950899613,8571466.96944481,9358177.03055315,23168
2018,UF,23,female,4618326.119759,101524.71970332,0.0219830122582634,4419341.32559997,4817310.91391803,11951
2018,UF,23,male,4346495.88023998,107256.878506803,0.0246766318114815,4136276.26127246,4556715.4992075,11217
2018,UF,24,combined,3375512.00000311,125000.044838584,0.0370314325170429,3130516.41405359,3620507.58595263,9438
2018,UF,24,female,1735907.04631489,67639.6315645032,0.0389650077797043,1603335.80452091,1868478.28810887,4868
2018,UF,24,male,1639604.95368822,61372.2073034303,0.0374310940970117,1519317.63772177,1759892.26965467,4570
2018,UF,25,combined,3986049.00000104,115642.253082489,0.029011748998183,3759394.3488683,4212703.65113378,11934
2018,UF,25,female,2047877.03310338,57945.4814273715,0.0282953910272435,1934305.9764389,2161448.08976786,6182
2018,UF,25,male,1938171.96689766,62147.4197994198,0.0320649668145269,1816365.26235871,2059978.67143661,5752
2018,UF,26,combined,9291470.00000071,260501.979045975,0.0280366808530787,8780895.50316919,9802044.49683223,18336
2018,UF,26,female,4870374.63258472,148392.715769908,0.0304684396919083,4579530.25410761,5161219.01106183,9573
2018,UF,26,male,4421095.36741599,119197.516955587,0.0269610825032383,4187472.52713644,4654718.20769554,8763
2018,UF,27,combined,3192115.00000987,61000.5542111185,0.0191097608359755,3072556.1107191,3311673.88930065,17745
2018,UF,27,female,1640557.80137203,32620.7539984353,0.0198839406762468,1576622.29838656,1704493.3043575,9155
2018,UF,27,male,1551557.19863784,31740.6562957708,0.0204572904715578,1489346.65545246,1613767.74182322,8590
2018,UF,28,combined,2226725.00000077,56009.293607356,0.0251532154205556,2116948.80173082,2336501.19827072,8854
2018,UF,28,female,1158581.86861783,32226.3645575297,0.0278153537789912,1095419.35473241,1221744.38250325,4603
2018,UF,28,male,1068143.13138294,27320.1654824758,0.0255772514748131,1014596.59098561,1121689.67178027,4251
2018,UF,29,combined,14612153.0000012,281711.753266412,0.0192792775483798,14060008.1095774,15164297.890425,22935
2018,UF,29,female,7455677.57489367,152804.191621383,0.0204950106930506,7156186.862629,7755168.28715834,11710
2018,UF,29,male,7156475.42510749,143542.396563772,0.0200576943309515,6875137.49758793,7437813.35262705,11225
2018,UF,31,combined,20789545.0000039,300636.098570876,0.0144609272868078,20200309.0743524,21378780.9256555,33246
2018,UF,31,female,10604593.6382006,158072.77337992,0.0149060660665487,10294776.6954396,10914410.5809616,16882
2018,UF,31,male,10184951.3618033,160211.233007225,0.0157301912710222,9870943.11519041,10498959.6084162,16364
2018,UF,32,combined,3932615.99999959,98433.3374491235,0.0250299895665211,3739690.20372123,4125541.79627795,16591
2018,UF,32,female,2016300.98604244,53980.0401976757,0.0267718165945188,1910502.05137097,2122099.92071391,8564
2018,UF,32,male,1916315.01395715,47432.0645193767,0.0247517053166695,1823349.87578679,2009280.15212751,8027
2018,UF,33,combined,17148394.0000019,250554.000956545,0.0146109309686095,16657317.1819447,17639470.8180592,32675
2018,UF,33,female,8993445.00617869,135105.775661722,0.0150226943700552,8728642.55177837,9258247.46057901,17309
2018,UF,33,male,8154948.99382323,128502.564545123,0.015757617201831,7903088.59539376,8406809.39225271,15366
2018,UF,35,combined,45056831.0000009,801128.550335813,0.0177804016073789,43486647.8943559,46627014.1056459,34789
2018,UF,35,female,23248457.944765,429285.762835573,0.0184651284767142,22407073.3105315,24089842.5789986,17970
2018,UF,35,male,21808373.0552359,401364.533230941,0.0184041483614744,21021713.0254315,22595033.0850402,16819
2018,UF,41,combined,11359833.0000005,255156.127532336,0.0224612569156893,10859736.1796024,11859929.8203985,23921
2018,UF,41,female,5741763.24661684,130017.877348,0.0226442421541168,5486932.88966841,5996593.60356527,12157
2018,UF,41,male,5618069.75338362,133359.124441526,0.0237375344727977,5356690.67246843,5879448.83429881,11764
2018,UF,42,combined,7253429.99999855,114876.485486433,0.0158375396862526,7028276.2257746,7478583.7742225,26926
2018,UF,42,female,3664858.34578567,60592.8211361429,0.0165334688053688,3546098.59863715,3783618.09293419,13707
2018,UF,42,male,3588571.65421288,59765.7593328838,0.0166544701044831,3471432.91841174,3705710.39001402,13219
2018,UF,43,combined,11150219.9999998,238442.41544607,0.0213845480578924,10682881.4533388,11617558.5466609,23046
2018,UF,43,female,5674385.96545721,123791.617501256,0.0218158613557197,5431758.85356679,5917013.07734763,11837
2018,UF,43,male,5475834.03454263,125813.043943578,0.0229760513466852,5229244.99962786,5722423.0694574,11209
2018,UF,50,combined,2676996.00000009,63157.773643395,0.023592778488796,2553209.0383153,2800782.96168488,9859
2018,UF,50,female,1343213.62003505,34238.5529703234,0.0254900281382123,1276107.28933045,1410319.95073965,4964
2018,UF,50,male,1333782.37996504,33317.6928064234,0.0249798567644121,1268480.90201648,1399083.8579136,4895
2018,UF,51,combined,3443248.00000119,94405.9382193769,0.0274176992825798,3258215.7611645,3628280.23883788,11337
2018,UF,51,female,1715457.15318086,49301.0677146057,0.0287393174601825,1618828.83606086,1812085.47030086,5678
2018,UF,51,male,1727790.84682033,49606.8991479858,0.0287111714009123,1630563.11110557,1825018.58253509,5659
2018,UF,52,combined,6888060.00000506,152833.882235294,0.0221882332957584,6588511.09520645,7187608.90480367,15275
2018,UF,52,female,3462264.6908936,77809.443538833,0.0224735687434546,3309760.98390039,3614768.39788682,7752
2018,UF,52,male,3425795.30911146,82724.066422882,0.0241474048968612,3263659.11826791,3587931.49995501,7523
2018,UF,53,combined,2875413.00000001,101621.345983371,0.0353414782444715,2676238.82181212,3074587.1781879,7980
2018,UF,53,female,1475122.03055593,50965.8037079188,0.0345502288300252,1375230.89084527,1575013.17026659,4164
2018,UF,53,male,1400290.96944408,54735.0113114909,0.0390883127191921,1293012.31858017,1507569.62030799,3816
2019,UF,11,combined,1700234.00000145,116971.67469264,0.0687973977067512,1470973.73039254,1929494.26961036,7509
2019,UF,11,female,855125.41186844,60400.8274932604,0.0706338820656554,736741.965345233,973508.858391647,3792
2019,UF,11,male,845108.58813301,57441.2827424387,0.0679691149149677,732525.742732048,957691.433533972,3717
2019,UF,12,combined,838533.99999914,25409.918324319,0.0303027883476938,788731.475233371,888336.52476491,8474
2019,UF,12,female,426845.80129527,13146.8435431176,0.0307999832801994,401078.461440377,452613.141150164,4331
2019,UF,12,male,411688.19870387,13510.0714158576,0.032816270804924,385208.945300225,438167.452107515,4143
2019,UF,13,combined,3916952.00000106,128001.532003034,0.032678861523705,3666073.60730916,4167830.39269296,13081
2019,UF,13,female,1954746.98185869,61516.1100329231,0.0314701138325483,1834177.62172516,2075316.34199222,6472
2019,UF,13,male,1962205.01814237,71276.7829243423,0.0363248397926433,1822505.09067678,2101904.94560796,6609
2019,UF,14,combined,543109.00000048,26974.6226543218,0.0496670514653558,490239.711101451,595978.288899509,5395
2019,UF,14,female,269283.51526764,13815.789461772,0.0513057379247317,242205.065504579,296361.965030701,2666
2019,UF,14,male,273825.48473284,13975.1234653199,0.0510366063222888,246434.746061313,301216.223404367,2729
2019,UF,15,combined,8356580.00000287,199249.395177361,0.0238434138340437,7966058.36151385,8747101.63849189,16439
2019,UF,15,female,4213834.38996046,106669.137434764,0.025314031725809,4004766.72232637,4422902.05759455,8241
2019,UF,15,male,4142745.61004241,101444.10000254,0.0244871661336458,3943918.82759335,4341572.39249147,8198
2019,UF,16,combined,771291.00000041,64389.6203532626,0.0834829141701749,645089.663129808,897492.336871012,3928
2019,UF,16,female,403161.00182979,37435.7650706427,0.0928556207091867,329788.250557628,476533.753101952,2031
2019,UF,16,male,368129.99817062,28040.8399825991,0.0761710268707924,313170.961708475,423089.034632765,1897
2019,UF,17,combined,1509779.0000006,48951.3268922416,0.0324228426095621,1413836.16229636,1605721.83770484,6617
2019,UF,17,female,753503.16253844,25009.2792683785,0.0331906759145191,704485.875893114,802520.449183766,3266
2019,UF,17,male,756275.83746216,26235.1423928794,0.0346899121898656,704855.903242837,807695.771681484,3351
2019,UF,21,combined,6905193.00000622,125409.699297326,0.0181616501229166,6659394.50607146,7150991.49394098,30501
2019,UF,21,female,3481325.07609514,63925.5525064536,0.018362419799692,3356033.29549067,3606616.85669961,15321
2019,UF,21,male,3423867.92391108,66328.8969724104,0.019372504561053,3293865.67471089,3553870.17311127,15180
2019,UF,22,combined,3320102.99999956,110599.680686441,0.0333121233547439,3103331.60915251,3536874.39084661,10714
2019,UF,22,female,1710866.7870881,58137.4719348322,0.0339812967167259,1596919.43594362,1824814.13823258,5544
2019,UF,22,male,1609236.21291146,55704.1168872191,0.0346152519066409,1500058.1500219,1718414.27580102,5170
2019,UF,23,combined,9022610.0000003,199676.102954009,0.0221306365845362,8631252.02963713,9413967.97036347,23101
2019,UF,23,female,4660022.8051851,101041.059017441,0.0216825245801406,4461985.96855113,4858059.64181907,11952
2019,UF,23,male,4362587.1948152,106679.983409025,0.0244533756335715,4153498.26946218,4571676.12016822,11149
2019,UF,24,combined,3392435.00000029,122957.090344435,0.0362444941006754,3151443.53128136,3633426.46871922,9302
2019,UF,24,female,1766652.10974732,66874.3770957769,0.0378537329034984,1635580.73915105,1897723.48034359,4865
2019,UF,24,male,1625782.89025297,60780.8475787078,0.0373855869335975,1506654.61804888,1744911.16245706,4437
2019,UF,25,combined,4015065.99999837,97761.5630800272,0.0243486814612928,3823456.85728918,4206675.14270756,11763
2019,UF,25,female,2067317.44347218,51809.0732217199,0.0250610148844405,1965773.52588521,2168861.36105915,6082
2019,UF,25,male,1947748.55652619,51239.3436505921,0.0263069601458093,1847321.28837956,2048175.82467282,5681
2019,UF,26,combined,9339335.00000108,198585.058817216,0.0212632975278425,8950115.43685157,9728554.56315059,17757
2019,UF,26,female,4846456.71992199,107843.049977627,0.0222519370769008,4635088.22598289,5057825.21386109,9217
2019,UF,26,male,4492878.28007909,101214.498768135,0.0225277633754087,4294501.50778027,4691255.05237791,8540
2019,UF,27,combined,3200487.0000006,80865.3587120887,0.0252665793399797,3041993.80932799,3358980.19067321,17019
2019,UF,27,female,1641369.49633383,42576.3386727084,0.0259395210937008,1557921.40594174,1724817.58672592,8769
2019,UF,27,male,1559117.50366677,41183.5630659961,0.026414662762197,1478399.20330238,1639835.80403116,8250
2019,UF,28,combined,2240958.00000065,56162.6840688573,0.0250619083752757,2130881.16195059,2351034.83805071,8576
2019,UF,28,female,1156294.04573928,29537.1695394424,0.0255446870528142,1098402.25723672,1214185.83424184,4416
2019,UF,28,male,1084663.95426137,30492.5508247801,0.0281124404521627,1024899.65284804,1144428.2556747,4160
2019,UF,29,combined,14672555.9999989,290700.465926828,0.019812530681556,14102793.5564934,15242318.4435045,22119
2019,UF,29,female,7480148.90243605,147260.96008987,0.0196869022275628,7191522.72433111,7768775.08054098,11280
2019,UF,29,male,7192407.0975629,157863.461444526,0.0219486271151166,6883000.3986568,7501813.796469,10839
2019,UF,31,combined,20904821.0000894,338473.823962772,0.0161911849884448,20241424.4954128,21568217.504766,32733
2019,UF,31,female,10544498.7020182,177229.350000272,0.0168077549259265,10197135.5590142,10891861.8450222,16527
2019,UF,31,male,10360322.2980712,179031.902074339,0.0172805340339334,10009426.2179218,10711218.3782206,16206
2019,UF,32,combined,3965322.00000046,83628.150338487,0.0210898762669153,3801413.83724332,4129230.1627576,16703
2019,UF,32,female,2044971.62588496,45526.1959133155,0.0222625073800787,1955741.92154175,2134201.33022817,8666
2019,UF,32,male,1920350.3741155,41427.2975628605,0.0215727807390053,1839154.36291547,2001546.38531553,8037
2019,UF,33,combined,17193355.0000041,264779.217328101,0.0154000901701871,16674397.2701864,17712312.7298219,31268
2019,UF,33,female,9066430.06009478,140253.664246747,0.0154695578432864,8791537.92947138,9341322.19071818,16671
2019,UF,33,male,8126924.93990935,136923.332246391,0.0168481108486672,7858560.14006321,8395289.73975549,14597
2019,UF,35,combined,45300875.0000033,941083.25136972,0.0207740634451245,43456385.7208647,47145364.2791418,34495
2019,UF,35,female,23317164.5538493,495637.55406662,0.0212563389910459,22345732.7984932,24288596.3092054,17737
2019,UF,35,male,21983710.446154,471937.190727453,0.0214675858237579,21058730.5493632,22908690.3429448,16758
2019,UF,41,combined,11454005.0000016,221433.974567325,0.0193324496162953,11020002.3848961,11888007.6151071,23486
2019,UF,41,female,5794542.59963859,112320.303318911,0.0193838083658089,5574398.85040091,6014686.34887627,11952
2019,UF,41,male,5659462.400363,117030.315311752,0.0206786982636805,5430087.1972526,5888837.6034734,11534
2019,UF,42,combined,7390770.00000232,119740.125429668,0.016201305876063,7156083.66665586,7625456.33334878,26536
2019,UF,42,female,3736636.27470188,60962.290973012,0.0163147511535293,3617152.37997973,3856120.16942403,13518
2019,UF,42,male,3654133.72530044,64415.1869580349,0.0176280321959861,3527882.27880528,3780385.1717956,13018
2019,UF,43,combined,11177203.9999993,214091.260666585,0.0191542769253025,10757592.839688,11596815.1603106,22927
2019,UF,43,female,5653030.91162492,106357.195398674,0.0188141896022469,5444574.63914683,5861487.18410301,11683
2019,UF,43,male,5524173.0883744,116126.714413806,0.0210215560874068,5296568.91048037,5751777.26626843,11244
2019,UF,50,combined,2707055.99999996,65792.7300764709,0.0243041629269848,2578104.61860551,2836007.38139441,9642
2019,UF,50,female,1348284.56193949,35755.8141146631,0.0265194864081428,1278204.45403684,1418364.66984214,4812
2019,UF,50,male,1358771.43806047,34043.8378771137,0.0250548671568401,1292046.74192581,1425496.13419513,4830
2019,UF,51,combined,3504569.00000042,111365.888797893,0.0317773423202338,3286295.86885026,3722842.13115058,10919
2019,UF,51,female,1725889.36626508,55458.2214685212,0.0321331265795651,1617193.24954013,1834585.48299003,5412
2019,UF,51,male,1778679.63373534,60107.0661848619,0.0337930817022024,1660871.94879665,1896487.31867403,5507
2019,UF,52,combined,6974348.00015743,161385.394760862,0.0231398540418715,6658038.43879536,7290657.5615195,14700
2019,UF,52,female,3564156.06157607,90601.22788651,0.0254201068419115,3386580.9179634,3741731.20518874,7462
2019,UF,52,male,3410191.93858136,79926.1052085262,0.0234374213088356,3253539.65094809,3566844.22621463,7238
2019,UF,53,combined,2899708.00000114,101663.592274204,0.0350599413024221,2700451.02060474,3098964.97939754,8086
2019,UF,53,female,1517006.631906,56155.2042635459,0.0370171119113641,1406944.45400496,1627068.80980704,4251
2019,UF,53,male,1382701.36809514,50594.8813124529,0.0365913294655622,1283537.22292065,1481865.51326963,3835
2022,UF,11,combined,1721465.00003008,70172.4856476292,0.0407632369211126,1583929.45545507,1859000.54460509,6323
2022,UF,11,female,859113.91358156,37578.2867097473,0.0437407497605145,785461.825029735,932766.002133385,3175
2022,UF,11,male,862351.08644852,35336.5728149073,0.0409770143161022,793092.676394225,931609.496502815,3148
2022,UF,12,combined,851857.00003355,29682.0740280299,0.0348439632788847,793681.20395216,910032.79611494,7359
2022,UF,12,female,423335.42052626,14910.5458044604,0.0352215880871124,394111.287759683,452559.553292837,3684
2022,UF,12,male,428521.57950729,16236.7903013839,0.0378902512215437,396698.055292048,460345.103722532,3675
2022,UF,13,combined,4038641.00003397,139589.261262628,0.0345634239986803,3765051.07533067,4312230.92473727,11072
2022,UF,13,female,2041605.98598504,77278.6843781165,0.0378519091874777,1890142.54783129,2193069.42413879,5508
2022,UF,13,male,1997035.01404893,68192.5616830048,0.0341469033859083,1863380.04913671,2130689.97896115,5564
2022,UF,14,combined,589533.00000904,32669.8288534792,0.0554164548091087,525501.312075133,653564.687942947,4490
2022,UF,14,female,295480.2247785,15927.9807528356,0.0539054035334366,264261.956156495,326698.493400505,2261
2022,UF,14,male,294052.77523054,17736.9557171345,0.0603189536409868,259288.980829575,328816.569631505,2229
2022,UF,15,combined,8519306.00014638,228004.943030554,0.0267633235649285,8072424.52350939,8966187.47678337,13952
2022,UF,15,female,4246077.02491426,114597.94326086,0.0269891343441124,4021469.18342061,4470684.86640791,7014
2022,UF,15,male,4273228.97523212,124118.524260444,0.0290456057889343,4029961.13786739,4516496.81259685,6938
2022,UF,16,combined,786945.00005777,46877.9171786014,0.0595694961848161,695065.97071746,878824.02939808,3210
2022,UF,16,female,390342.95548076,23141.5248010576,0.0592851093535317,344986.400323347,435699.510638173,1613
2022,UF,16,male,396602.04457701,25261.8440919772,0.0636956980867808,347089.739973669,446114.349180351,1597
2022,UF,17,combined,1541215.00005092,53394.8803607275,0.0346446669406691,1436562.95758507,1645867.04251677,5574
2022,UF,17,female,775946.77875812,27924.2117168129,0.0359872770675133,721216.329496496,830677.228019745,2791
2022,UF,17,male,765268.2212928,28662.8453274776,0.0374546394714473,709090.076756502,821446.365829098,2783
2022,UF,21,combined,6953645.00006284,218438.818624662,0.0314135706701576,6525512.78273303,7381777.21739266,24796
2022,UF,21,female,3532086.01392822,123661.783347472,0.035010977326099,3289713.37230318,3774458.65555326,12477
2022,UF,21,male,3421558.98613462,100592.533877721,0.0293996199642789,3224401.24262066,3618716.72964858,12319
2022,UF,22,combined,3356877.00002803,97968.0955434914,0.0291842970542779,3164863.06112881,3548890.93892725,8958
2022,UF,22,female,1686104.86309338,51202.4674674453,0.0303673090495141,1585749.8709376,1786459.85524916,4540
2022,UF,22,male,1670772.13693465,53164.5300844618,0.0318203355856785,1566571.57271411,1774972.70115519,4418
2022,UF,23,combined,9146294.00016806,176920.688059824,0.0193434289403526,8799535.82345076,9493052.17688536,18091
2022,UF,23,female,4732886.40559449,97100.6192265497,0.0205161524924351,4542572.68903391,4923200.12215506,9354
2022,UF,23,male,4413407.59457357,89862.342294827,0.0203612153124755,4237280.6401093,4589534.54903784,8737
2022,UF,24,combined,3427955.00005695,111979.490118062,0.0326665577920952,3208479.23241839,3647430.76769551,7681
2022,UF,24,female,1742105.92922531,57388.7957574874,0.0329421964501363,1629625.95642451,1854585.90202611,3967
2022,UF,24,male,1685849.07083164,59550.327056101,0.0353236408207791,1569132.5745341,1802565.56712918,3714
2022,UF,25,combined,4082331.00003723,125545.738409832,0.0307534441496014,3836265.87434147,4328396.12573299,10325
2022,UF,25,female,2085197.77097157,65443.2764271015,0.0313846855862545,1956931.30614415,2213464.23579899,5314
2022,UF,25,male,1997133.22906566,64652.2197516034,0.0323725121642737,1870417.20683195,2123849.25129937,5011
2022,UF,26,combined,9435100.00011745,195098.594063906,0.0206779572088772,9052713.7823178,9817486.21791711,15438
2022,UF,26,female,4937413.12366718,103617.097246672,0.0209861104694663,4734327.34488112,5140498.90245324,8109
2022,UF,26,male,4497686.87645027,103550.255570946,0.0230230023599757,4294732.1049413,4700641.64795924,7329
2022,UF,27,combined,3209539.00002796,84445.2307493978,0.0263107040446189,3044029.38909297,3375048.61096295,15787
2022,UF,27,female,1682224.89257168,46138.7805652735,0.0274272368510369,1591794.54437315,1772655.24077021,8329
2022,UF,27,male,1527314.10745628,41662.6161630041,0.0272783548319295,1445656.88027508,1608971.33463748,7458
2022,UF,28,combined,2273248.00001782,73999.6123508513,0.0325523710348678,2128211.42494023,2418284.57509541,7105
2022,UF,28,female,1182659.5824617,41022.8671902167,0.0346869613188503,1102256.24022631,1263062.92469709,3731
2022,UF,28,male,1090588.41755612,37386.9852176193,0.0342814801769114,1017311.27303906,1163865.56207319,3374
2022,UF,29,combined,14790192.0001467,384066.461565138,0.0259676454207849,14037435.5678092,15542948.4324841,18510
2022,UF,29,female,7619462.53841181,192464.846377494,0.0252596354936093,7242238.37122189,7996686.70560173,9514
2022,UF,29,male,7170729.46173484,209737.189612407,0.0292490730171355,6759652.12387587,7581806.79959381,8996
2022,UF,31,combined,21165824.0001986,360661.120693663,0.017039786435448,20458941.1930152,21872706.8073821,28139
2022,UF,31,female,10620081.018429,182592.271621568,0.0171931147516405,10262206.7421954,10977955.2946626,14334
2022,UF,31,male,10545742.9817696,194860.409902384,0.0184776369231867,10163823.5963483,10927662.367191,13805
2022,UF,32,combined,4045694.00004903,98667.7044603606,0.0243883260719088,3852308.85286948,4239079.14722858,13445
2022,UF,32,female,2067965.76662493,51788.4797989494,0.0250431997641199,1966462.21140491,2169469.32184495,6968
2022,UF,32,male,1977728.2334241,51385.8109766003,0.025982240688163,1877013.89459358,2078442.57225462,6477
2022,UF,33,combined,17211181.0009654,280078.261911959,0.0162730414546364,16662237.6947654,17760124.3071654,25591
2022,UF,33,female,9021074.04086452,149264.091601955,0.0165461552500072,8728521.7971396,9313626.28458944,13735
2022,UF,33,male,8190106.96010085,147849.215200525,0.0180521714698954,7900327.82316531,8479886.09703639,11856
2022,UF,35,combined,45731992.0003787,838350.415999978,0.0183318149796107,44088855.3785946,47375128.6221629,29216
2022,UF,35,female,23725348.9731984,501821.72965986,0.0211512897123979,22741796.4564054,24708901.4899913,15214
2022,UF,35,male,22006643.0271804,392231.284901375,0.0178233129158741,21237883.8351638,22775402.2191969,14002
2022,UF,41,combined,11672225.0001058,259098.377522596,0.0221978566657382,11164401.5117088,12180048.4885029,20541
2022,UF,41,female,5886629.38921907,132700.760984964,0.0225427408812241,5626540.67696748,6146718.10147066,10485
2022,UF,41,male,5785595.61088677,137206.842390354,0.0237152493223294,5516675.14136921,6054516.08040433,10056
2022,UF,42,combined,7783056.00008163,143691.916521717,0.0184621460413763,7501425.01882953,8064686.98133373,23901
2022,UF,42,female,3926185.22224569,75073.9659853479,0.0191213510661647,3779042.95273782,4073327.49175356,12219
2022,UF,42,male,3856870.77783594,74664.3709287816,0.019358795051639,3710531.29988719,4003210.25578469,11682
2022,UF,43,combined,11203783.0000931,209448.445528622,0.0186944396840676,10793271.5902391,11614294.4099471,19707
2022,UF,43,female,5747098.35166753,110224.063901655,0.0191790808434091,5531063.15619065,5963133.54714441,10247
2022,UF,43,male,5456684.64842555,110356.730503909,0.0202241356453961,5240389.4311863,5672979.8656648,9460
2022,UF,50,combined,2782249.00003124,81397.4892400908,0.0292560044910347,2622712.85268868,2941785.1473738,8149
2022,UF,50,female,1406216.28683019,43144.5520851168,0.0306813059194263,1321654.51861425,1490778.05504613,4161
2022,UF,50,male,1376032.71320105,41718.3699331526,0.0303178620195036,1294266.21063835,1457799.21576375,3988
2022,UF,51,combined,3673857.00004861,136438.836682178,0.0371377646654109,3406441.794059,3941272.20603822,9852
2022,UF,51,female,1802713.05571004,72821.3498952415,0.0403954193733617,1659985.83260978,1945440.2788103,4879
2022,UF,51,male,1871143.94433857,68929.3034731326,0.036838054967224,1736044.9920518,2006242.89662534,4973
2022,UF,52,combined,7200851.00017802,192297.627190903,0.0267048474112502,6823954.57657134,7577747.4237847,12812
2022,UF,52,female,3653111.82615088,97669.2718151951,0.0267359107695602,3461683.57099684,3844540.08130492,6589
2022,UF,52,male,3547739.17402714,102371.258151643,0.0288553507262031,3347095.19499787,3748383.15305641,6223
2022,UF,53,combined,2952426.00002235,93315.2793106543,0.0316063059023149,2769531.41336617,3135320.58667853,6797
2022,UF,53,female,1532875.64647106,49247.1834689448,0.0321273180784887,1436352.94053189,1629398.35241023,3591
2022,UF,53,male,1419550.35355129,48860.2237281606,0.0344195072798418,1323786.07476753,1515314.63233505,3206
2023,UF,11,combined,1727009.00001133,63655.0557835812,0.0368585547516913,1602247.38324162,1851770.61678104,6149
2023,UF,11,female,861434.62573814,33047.7284295144,0.0383635942207415,796662.268245431,926206.983230849,3092
2023,UF,11,male,865574.37427319,32898.3401329139,0.0380075255353281,801094.81246153,930053.93608485,3057
2023,UF,12,combined,855696.00000134,24211.891757843,0.0282949689583743,808241.564158386,903150.435844294,7607
2023,UF,12,female,438226.14128671,12856.3325895704,0.0293372105822395,413028.192437883,463424.090135537,3909
2023,UF,12,male,417469.85871463,13267.2026598124,0.0317800252709537,391466.619325804,443473.098103456,3698
2023,UF,13,combined,4077942.00000719,128659.944485178,0.0315502144181921,3825773.14256332,4330110.85745106,11170
2023,UF,13,female,2014044.8269353,60522.297733205,0.030050124467835,1895423.30311661,2132666.35075399,5577
2023,UF,13,male,2063897.17307189,72913.6142053354,0.0353281234921269,1920989.11524678,2206805.230897,5593
2023,UF,14,combined,608264.00000094,27116.4780959165,0.0445801133979235,555116.679545375,661411.320456506,4650
2023,UF,14,female,298326.94262097,13743.3172134729,0.046067971912728,271390.535854454,325263.349387486,2277
2023,UF,14,male,309937.05737997,14225.0373947344,0.045896536267669,282056.496407555,337817.618352385,2373
2023,UF,15,combined,8564830.00001852,223702.48573679,0.0261187304051926,8126381.18472233,9003278.81531471,14292
2023,UF,15,female,4301272.38577023,110906.390876683,0.0257845541806631,4083899.85399661,4518644.91754385,7249
2023,UF,15,male,4263557.61424829,120722.84449447,0.0283150494063992,4026945.1869279,4500170.04156868,7043
2023,UF,16,combined,790533.00001777,54519.3215444433,0.0689652696892069,683677.093329103,897388.906706438,3174
2023,UF,16,female,406537.15613854,28196.2125471006,0.0693570369186424,351273.595045787,461800.717231294,1657
2023,UF,16,male,383995.84387923,27586.1197944285,0.0718396311682597,329928.042608943,438063.645149517,1517
2023,UF,17,combined,1550716.00000318,49989.5224789797,0.0322364136817297,1452738.33634002,1648693.66366634,6000
2023,UF,17,female,773931.38155894,26000.5723532589,0.0335954491222279,722971.196169125,824891.566948755,3000
2023,UF,17,male,776784.61844424,27381.7404336196,0.0352501063788574,723117.393360321,830451.843528159,3000
2023,UF,21,combined,6958692.00001222,153485.286483484,0.0220566288151875,6657866.36634778,7259517.63367666,24943
2023,UF,21,female,3617116.19807424,86178.0747875335,0.0238250777880497,3448210.27523367,3786022.1209148,12785
2023,UF,21,male,3341575.80193798,73498.9749124694,0.0219953037934507,3197520.45820893,3485631.14566703,12158
2023,UF,22,combined,3365711.00000385,98245.4973245385,0.0291901168354699,3173153.36360453,3558268.63640317,8893
2023,UF,22,female,1735779.26444571,54545.6818701582,0.031424319317224,1628871.69246802,1842686.8364234,4587
2023,UF,22,male,1629931.73555814,48594.4560065432,0.0298137982999042,1534688.351937,1725175.11917928,4306
2023,UF,23,combined,9179791.00001358,191449.775001411,0.020855570132384,8804556.33616252,9555025.66386464,18149
2023,UF,23,female,4728066.42376458,102763.133186924,0.0217347058980406,4526654.38377972,4929478.46374944,9419
2023,UF,23,male,4451724.576249,100855.04734715,0.0226552756397455,4254052.3157895,4649396.8367085,8730
2023,UF,24,combined,3436276.00000566,105686.502700913,0.0307561158360793,3229134.26105988,3643417.73895145,7662
2023,UF,24,female,1775621.12906053,60350.7821884324,0.0339885469938982,1657335.76953238,1893906.48858868,3987
2023,UF,24,male,1660654.87094513,53431.0176257655,0.0321746670910352,1555932.0007413,1765377.74114896,3675
2023,UF,25,combined,4100575.0000051,112215.452038072,0.0273657845638558,3880636.7555016,4320513.2445086,10196
2023,UF,25,female,2139334.70582735,60542.8886837284,0.0282998674862868,2020672.82448722,2257996.58716748,5369
2023,UF,25,male,1961240.29417775,57095.7166683229,0.0291120454937727,1849334.74583633,2073145.84251917,4827
2023,UF,26,combined,9456426.00001251,209481.417958433,0.0221522822637385,9045849.9653836,9867002.03464142,15967
2023,UF,26,female,4924907.785671,112117.336969328,0.0227653677690236,4705161.84316858,5144653.72817342,8358
2023,UF,26,male,4531518.21434151,106458.700560021,0.0234929433193267,4322862.99540293,4740173.43328009,7609
2023,UF,27,combined,3209747.0000034,82488.7304428793,0.0256994493468775,3048072.05920492,3371421.94080188,15753
2023,UF,27,female,1684289.87142186,43125.5628161946,0.0256045966599493,1599765.3214891,1768814.42135462,8329
2023,UF,27,male,1525457.12858154,42259.6936337753,0.027702970369984,1442629.65106164,1608284.60610144,7424
2023,UF,28,combined,2281656.00000265,80920.688845595,0.0354657708460439,2123054.36426111,2440257.63574419,7353
2023,UF,28,female,1181685.15039955,45672.9197811301,0.0386506674520596,1092167.87255975,1271202.42823935,3823
2023,UF,28,male,1099970.8496031,39042.9162639013,0.03549450085699,1023448.13987444,1176493.55933176,3530
2023,UF,29,combined,14807602.0000174,349754.563384198,0.0236199327469624,14122095.6523559,15493108.347679,19022
2023,UF,29,female,7692548.46241588,177924.954756247,0.0231295201616928,7343821.95914272,8041274.96568904,9952
2023,UF,29,male,7115053.53760155,187112.005973438,0.026298046105288,6748320.74481857,7481786.33038453,9070
2023,UF,31,combined,21234779.000088,379160.957814686,0.0178556582959076,20491637.1784275,21977920.8217485,28447
2023,UF,31,female,10713297.814025,198850.541389811,0.0185610952707291,10323557.9145946,11103037.7134553,14471
2023,UF,31,male,10521481.186063,197944.524647686,0.0188133705841615,10133517.0468166,10909445.3253094,13976
2023,UF,32,combined,4070785.00000586,102760.238199372,0.025243346970971,3869378.63409233,4272191.36591939,13456
2023,UF,32,female,2089786.10356038,54921.4884469883,0.0262809137994641,1982141.96422695,2197430.24289381,6999
2023,UF,32,male,1980998.89644548,53275.9523410597,0.0268934790608178,1876579.94861493,2085417.84427603,6457
2023,UF,33,combined,17213233.0000294,302908.776592384,0.017597436611232,16619542.7073072,17806923.2927515,26932
2023,UF,33,female,9049320.58401621,166086.249488278,0.0183534496260013,8723797.51669185,9374843.65134057,14418
2023,UF,33,male,8163912.41601317,151217.127871782,0.0185226298576129,7867532.29153889,8460292.54048745,12514
2023,UF,35,combined,45845593.0000496,710045.399567268,0.0154877569053693,44453929.5895094,47237256.4105898,30245
2023,UF,35,female,23506879.6152979,377141.537133335,0.0160438792092123,22767695.7854425,24246063.4451533,15644
2023,UF,35,male,22338713.3847517,374061.138884679,0.0167449723912932,21605567.0245217,23071859.7449817,14601
2023,UF,41,combined,11739384.0000126,277207.211592933,0.0236134376039352,11196067.8490357,12282700.1509896,20640
2023,UF,41,female,5948660.82231956,144927.577992901,0.0243630595728586,5664607.98908685,6232713.65555227,10547
2023,UF,41,male,5790723.17769308,139825.847764889,0.0241465259992955,5516669.55196612,6064776.80342004,10093
2023,UF,42,combined,7913246.000009,141286.060596087,0.0178543748792753,7636330.40972313,8190161.59029487,23851
2023,UF,42,female,3981407.5090249,71779.9281778331,0.0180287820362837,3840721.43498348,4122093.58306632,12188
2023,UF,42,male,3931838.4909841,75290.7010536936,0.0191489811258369,3784271.42854809,4079405.55342011,11663
2023,UF,43,combined,11205574.0000128,229126.059650026,0.0204475076109233,10756495.1751792,11654652.8248464,20462
2023,UF,43,female,5717598.25965357,120278.617350017,0.0210365632364847,5481856.50153726,5953340.01776988,10591
2023,UF,43,male,5487975.74035922,118623.76817526,0.0216152136575398,5255477.42702528,5720474.05369316,9871
2023,UF,50,combined,2805433.00000431,68798.4665005775,0.0245232969386444,2670590.48347159,2940275.51653703,8425
2023,UF,50,female,1419193.25330064,38681.2256078065,0.0272557845930038,1343379.44423147,1495007.06236981,4295
2023,UF,50,male,1386239.74670367,35342.7672819847,0.0254954219614797,1316969.195717,1455510.29769034,4130
2023,UF,51,combined,3730723.00000438,147678.401412029,0.039584391929354,3441278.65194235,4020167.34806641,10018
2023,UF,51,female,1872620.8836226,80371.0401444926,0.042919013051384,1715096.53953937,2030145.22770583,5051
2023,UF,51,male,1858102.11638178,71811.6511320109,0.038647849598195,1717353.86649268,1998850.36627088,4967
2023,UF,52,combined,7274059.000023,181719.897542085,0.0249819114117042,6917894.54556621,7630223.45447979,12611
2023,UF,52,female,3647157.49125949,90358.7372761349,0.0247751125342632,3470057.62050975,3824257.36200923,6441
2023,UF,52,male,3626901.50876351,100357.052312864,0.0276701895737658,3430205.3006357,3823597.71689132,6170
2023,UF,53,combined,2967543.0000034,90585.2788861079,0.0305253466878169,2789999.11585711,3145086.88414969,6982
2023,UF,53,female,1554020.21293711,51204.3232467607,0.0329495863827821,1453661.58352071,1654378.84235351,3716
2023,UF,53,male,1413522.78706629,44193.469835649,0.031264773543107,1326905.17783656,1500140.39629602,3266
2024,UF,11,combined,1732938.00001534,74425.2388775943,0.0429474331320194,1587067.21227447,1878808.78775622,5949
2024,UF,11,female,866849.23506641,38918.5288537633,0.0448965371132637,790570.320181751,943128.149951069,3000
2024,UF,11,male,866088.76494893,37759.2763626608,0.0435974670158518,792081.94319582,940095.58670204,2949
2024,UF,12,combined,859587.0000031,20472.0514758172,0.0238161483081333,819462.516420848,899711.483585352,7484
2024,UF,12,female,430337.5675622,10455.2592498,0.0242954834480929,409845.635983563,450829.499140837,3784
2024,UF,12,male,429249.4324409,11378.2601623607,0.0265073388627654,406948.452315946,451550.412565854,3700
2024,UF,13,combined,4117115.00001556,119883.343386365,0.0291182887497464,3882147.96463204,4352082.03539908,10806
2024,UF,13,female,2069353.73739349,64804.2624062888,0.0313161840024097,1942339.71703248,2196367.7577545,5448
2024,UF,13,male,2047761.26262207,60333.4027052849,0.0294631038327342,1929509.96625496,2166012.55898918,5358
2024,UF,14,combined,626734.00000203,30812.2204826474,0.0491631545161865,566343.157572334,687124.842431726,4763
2024,UF,14,female,316439.05125027,16391.4590502028,0.0517997351636567,284312.381857809,348565.720642731,2407
2024,UF,14,male,310294.94875176,15923.772206788,0.051318180559643,279084.928728436,341504.968775084,2356
2024,UF,15,combined,8612456.00004036,201173.698314315,0.0233584587617484,8218162.79670757,9006749.20337314,13801
2024,UF,15,female,4338704.11663198,108825.212078707,0.0250824230353797,4125410.62034778,4551997.61291618,6993
2024,UF,15,male,4273751.88340838,104068.232975063,0.0243505556274987,4069781.89484253,4477721.87197423,6808
2024,UF,16,combined,794166.00008451,53514.2599511282,0.0673842243881425,689279.977920984,899052.022248036,3269
2024,UF,16,female,404119.32533367,27731.1223937829,0.0686211241466518,349767.324190983,458471.326476357,1689
2024,UF,16,male,390046.67475084,27024.6135036801,0.0692855887591998,337079.405587512,443013.943914168,1580
2024,UF,17,combined,1560769.00000409,42652.024439596,0.0273275702166587,1477172.56823476,1644365.43177342,5902
2024,UF,17,female,759441.44289221,22555.5446404093,0.0297001761643533,715233.387745323,803649.498039098,2862
2024,UF,17,male,801327.55711188,23541.3841403289,0.029377978994228,755187.292050613,847467.822173147,3040
2024,UF,21,combined,6966393.00001641,129810.626732238,0.0186338362954734,6711968.84681065,7220817.15322217,24745
2024,UF,21,female,3597588.96701336,70819.5172244632,0.0196852719623654,3458785.2638509,3736392.67017582,12704
2024,UF,21,male,3368804.03300305,66067.9116648248,0.0196116814803056,3239313.30560622,3498294.76039988,12041
2024,UF,22,combined,3375475.00000554,122197.633769404,0.0362016112604013,3135972.03882149,3614977.96118959,9244
2024,UF,22,female,1704139.53863274,62190.2609986885,0.036493643618283,1582248.86688616,1826030.21037932,4722
2024,UF,22,male,1671335.4613728,64699.4617559077,0.03871123616486,1544526.84651209,1798144.07623351,4522
2024,UF,23,combined,9216648.0000159,167001.592782519,0.0181195585186969,8889330.89280134,9543965.10723046,17514
2024,UF,23,female,4753634.89412191,89930.0822660127,0.0189181719397961,4577375.1717538,4929894.61649002,9117
2024,UF,23,male,4463013.10589399,89362.1434043863,0.0200228279156008,4287866.52324009,4638159.68854789,8397
2024,UF,24,combined,3446072.00000684,167480.893723196,0.0486005207444485,3117815.4802108,3774328.51980288,7702
2024,UF,24,female,1783192.01327524,82489.1770824738,0.0462592791288716,1621516.19707924,1944867.82947124,4037
2024,UF,24,male,1662879.9867316,89188.6310917188,0.0536350378881038,1488073.4819614,1837686.4915018,3665
2024,UF,25,combined,4120930.00000777,102661.351736469,0.0249121804389483,3919717.44800009,4322142.55201545,10266
2024,UF,25,female,2073202.58999887,52022.9137319052,0.0250930198442081,1971239.5527135,2175165.62728424,5236
2024,UF,25,male,2047727.4100089,55355.4331077184,0.0270326181293231,1939232.75476916,2156222.06524864,5030
2024,UF,26,combined,9480818.00001906,167976.75737964,0.0177175384422844,9151589.60531514,9810046.39472298,15656
2024,UF,26,female,4994215.6071648,90582.227359077,0.0181374282738466,4816677.70390159,5171753.51042801,8288
2024,UF,26,male,4486602.39285426,90495.7505696476,0.0201702184962453,4309233.98098383,4663970.80472469,7368
2024,UF,27,combined,3211249.00000549,76977.9319389423,0.0239713369903146,3060375.02580079,3362122.97421019,16112
2024,UF,27,female,1677485.10249703,43147.4869542252,0.0257215321256789,1592917.58204334,1762052.62295072,8453
2024,UF,27,male,1533763.89750846,37213.663272861,0.0242629672880638,1460826.45776085,1606701.33725607,7659
2024,UF,28,combined,2290737.0000042,68827.2167558202,0.0300458833797568,2155838.13400666,2425635.86600174,7406
2024,UF,28,female,1199089.06984958,38616.7514567825,0.0322050733575837,1123401.62779435,1274776.51190481,3900
2024,UF,28,male,1091647.93015462,33829.1929410971,0.0309891055592489,1025343.93036401,1157951.92994523,3506
2024,UF,29,combined,14829230.0000354,279910.175218986,0.0188755704253234,14280616.1376998,15377843.8623709,18427
2024,UF,29,female,7714713.02062849,154886.580416947,0.0200767779699379,7411140.90132271,8018285.13993427,9639
2024,UF,29,male,7114516.97940686,143991.660432093,0.0202391337105359,6832298.51088584,7396735.44792788,8788
2024,UF,31,combined,21309989.0000384,344525.079445704,0.0161673044244688,20634732.2525541,21985245.7475228,28418
2024,UF,31,female,10847680.2018221,186784.640369624,0.0172188557271673,10481589.0338324,11213771.3698119,14582
2024,UF,31,male,10462308.7982163,177877.688333568,0.0170017623991268,10113674.9354293,10810942.6610033,13836
2024,UF,32,combined,4096799.00000708,75240.3234937175,0.0183656370482387,3949330.67577425,4244267.32423991,13659
2024,UF,32,female,2063977.61566711,38849.53599726,0.0188226537450617,1987833.92429639,2140121.30703783,7045
2024,UF,32,male,2032821.38433997,41195.7702298223,0.0202653172320883,1952079.15837413,2113563.61030581,6614
2024,UF,33,combined,17219097.0000311,232322.592502949,0.0134921472654768,16763753.0859303,17674440.9141318,27095
2024,UF,33,female,9107363.82401875,128976.220588051,0.014161751202681,8854575.07680408,9360152.57123342,14583
2024,UF,33,male,8111733.17601232,119239.711831051,0.0146996590301641,7878027.63529653,8345438.71672812,12512
2024,UF,35,combined,45968193.0000761,670109.88580142,0.0145776860491408,44654801.758221,47281584.2419311,30411
2024,UF,35,female,23440117.0794851,340412.161581816,0.0145226306006699,22772921.5028853,24107312.6560849,15743
2024,UF,35,male,22528075.920591,371268.604757832,0.0164802624985158,21800402.8266752,23255749.0145068,14668
2024,UF,41,combined,11810188.0000205,233335.139709626,0.0197571062974798,11352859.529862,12267516.470179,20907
2024,UF,41,female,6009698.77579862,123015.892540876,0.0204695604771852,5768592.05689245,6250805.49470479,10752
2024,UF,41,male,5800489.22422188,120617.061338778,0.0207942910806731,5564084.12807682,6036894.32036694,10155
2024,UF,42,combined,8044281.0000172,121718.850014947,0.0151311037014602,7805716.43774827,8282845.56228613,23827
2024,UF,42,female,4003077.9332363,59230.581196965,0.0147962598242697,3886988.12730687,4119167.73916573,12093
2024,UF,42,male,4041203.0667809,69708.5580163259,0.0172494568732112,3904576.80365468,4177829.32990712,11734
2024,UF,43,combined,11213214.0000192,190743.996276665,0.0170106444304317,10839362.6370497,11587065.3629887,20329
2024,UF,43,female,5751481.59237183,101780.108293038,0.0176963286169651,5551996.24577489,5950966.93896877,10575
2024,UF,43,male,5461732.40764739,101457.664347269,0.0185760957833106,5262879.03957119,5660585.77572359,9754
2024,UF,50,combined,2828899.00000474,72570.3692262082,0.0256532202903273,2686663.6899766,2971134.31003288,8490
2024,UF,50,female,1453973.75961397,38792.998115932,0.026680672783415,1377940.88045441,1530006.63877353,4390
2024,UF,50,male,1374925.24039077,37925.5368242698,0.0275837083429284,1300592.55412085,1449257.92666069,4100
2024,UF,51,combined,3788104.00000664,167139.536929797,0.0441222144190085,3460516.52723154,4115691.47278174,9995
2024,UF,51,female,1917315.62201993,87834.0724294729,0.0458109616490466,1745164.00344268,2089467.24059718,5095
2024,UF,51,male,1870788.37798671,82477.4330444684,0.044086992422536,1709135.57968224,2032441.17629118,4900
2024,UF,52,combined,7350079.00001613,162574.562140449,0.0221187503073222,7031438.71341848,7668719.28661378,12538
2024,UF,52,female,3721012.05786691,83873.3808430552,0.0225404754240802,3556623.25215291,3885400.86358091,6440
2024,UF,52,male,3629066.94214922,90782.5040657182,0.0250153842607143,3451136.50375405,3806997.38054439,6098
2024,UF,53,combined,2982818.00000507,82595.4878799826,0.0276904215677397,2820933.81847479,3144702.18153535,7100
2024,UF,53,female,1548836.25898114,43309.8211087079,0.0279628145696938,1463950.5694312,1633721.94853108,3779
2024,UF,53,male,1433981.74102393,44371.7203053135,0.0309430162434495,1347014.76729343,1520948.71475443,3321
2012,region,Central-West,combined,14671529.0000015,144052.523362497,0.00981850789801681,14389191.2423289,14953866.7576741,43221
2012,region,Central-West,female,7439732.17321768,79892.4248070186,0.010738615711816,7283145.89795835,7596318.44847701,21864
2012,region,Central-West,male,7231796.8267838,76878.3326375584,0.0106305990722569,7081118.0636227,7382475.5899449,21357
2012,region,North,combined,16308611.0000044,172093.546011713,0.010552311659875,15971313.8478497,16645908.1521592,61420
2012,region,North,female,8193512.79524428,91851.3818604061,0.0112102567184272,8013487.39486765,8373538.19562091,30710
2012,region,North,male,8115098.20476013,91820.1577190933,0.0113147315537394,7935134.00257592,8295062.40694434,30710
2012,region,Northeast,combined,54149475.9999976,355339.752562779,0.0065622011293848,53453022.8826991,54845929.117296,152638
2012,region,Northeast,female,27861611.7470646,193343.94773256,0.00693943873340098,27482664.57288,28240558.9212493,78291
2012,region,Northeast,male,26287864.2529329,189399.203431036,0.00720481518044604,25916648.6355075,26659079.8703583,74347
2012,region,South,combined,28272029.9999967,207199.63022432,0.00732878502973943,27865926.187147,28678133.8128464,74087
2012,region,South,female,14419227.5212645,112421.459038911,0.0077966353518674,14198885.5104588,14639569.5320703,37855
2012,region,South,male,13852802.4787322,113318.1228724,0.00818015871130582,13630703.0391066,14074901.9183577,36232
2012,region,Southeast,combined,83670061.0000008,551532.046628667,0.00659174906814831,82589078.0522889,84751043.9477126,115079
2012,region,Southeast,female,42807225.7632096,294936.973872681,0.00688988759757851,42229159.9167099,43385291.6097093,59071
2012,region,Southeast,male,40862835.2367912,307115.680156712,0.00751577021949271,40260899.5645965,41464770.9089858,56008
2013,region,Central-West,combined,14871612.0000012,140419.739696243,0.00944213308525207,14596394.3674781,15146829.6325243,44800
2013,region,Central-West,female,7525477.54749494,78818.7111229011,0.0104735826564439,7370995.71238619,7679959.38260369,22694
2013,region,Central-West,male,7346134.45250625,75635.7669874216,0.01029599546216,7197891.07326784,7494377.83174466,22106
2013,region,North,combined,16518078.9999983,153422.16332194,0.00928813594619301,16217377.085457,16818780.9145395,63723
2013,region,North,female,8226743.93533164,83184.1265356208,0.0101114277032943,8063706.0432364,8389781.82742688,31447
2013,region,North,male,8291335.06466661,83218.0171738582,0.0100367451712922,8128230.74814101,8454439.38119221,32276
2013,region,Northeast,combined,54448963.000007,337737.009737046,0.00620281803598357,53787010.6246761,55110915.3753379,159403
2013,region,Northeast,female,27860174.9456784,181573.69590343,0.00651732073676716,27504297.0411678,28216052.8501889,81306
2013,region,Northeast,male,26588788.0543287,183806.201485956,0.00691292138289215,26228534.5192811,26949041.5893762,78097
2013,region,South,combined,28508303.0000025,211751.003813382,0.00742769584753479,28093278.6588381,28923327.341167,75182
2013,region,South,female,14507729.4172262,111225.122400306,0.00766661130777909,14289732.1831456,14725726.6513069,38267
2013,region,South,male,14000573.5827763,117071.248036123,0.00836188941431272,13771118.1530003,14230029.0125522,36915
2013,region,Southeast,combined,84269313.0000006,549709.23378143,0.00652324332798851,83191902.6998199,85346723.3001814,117925
2013,region,Southeast,female,43401809.1542733,308277.598698456,0.00710287438946779,42797596.1635838,44006022.1449627,60679
2013,region,Southeast,male,40867503.8457274,296653.2766094,0.007258903742427,40286074.1076771,41448933.5837776,57246
2014,region,Central-West,combined,15079694.0000012,184616.565673263,0.0122427262564644,14717852.1803321,15441535.8196703,44747
2014,region,Central-West,female,7650278.30327971,96876.4886574404,0.0126631326099482,7460403.87456242,7840152.731997,22740
2014,region,Central-West,male,7429415.69672149,97045.9478902983,0.013062393040293,7239209.13401095,7619622.25943203,22007
2014,region,North,combined,16728258.0000064,195430.16443154,0.0116826369148219,16345221.9162278,17111294.083785,65516
2014,region,North,female,8320207.10689141,99320.7385638534,0.0119372916188094,8125542.03638834,8514872.17739448,32562
2014,region,North,male,8408050.89311498,106090.749251287,0.0126177577419471,8200116.84548959,8615984.94074037,32954
2014,region,Northeast,combined,54748301.0000286,472109.808116634,0.00862327779114801,53822982.7793719,55673619.2206854,160665
2014,region,Northeast,female,28065872.509696,245525.549359328,0.0087481887218901,27584651.2756673,28547093.7437247,82069
2014,region,Northeast,male,26682428.4903326,250767.30928688,0.00939821910804467,26190933.5956303,27173923.3850349,78596
2014,region,South,combined,28759240.9999998,242029.621415209,0.00841571658359172,28284871.6588342,29233610.3411655,75469
2014,region,South,female,14612671.1641368,129692.688698882,0.00887535805343927,14358478.1652289,14866864.1630448,38295
2014,region,South,male,14146569.835863,129586.188271036,0.00916025508477124,13892585.5739579,14400554.0977681,37174
2014,region,Southeast,combined,84873430.0000038,787581.644270537,0.00927948410086056,83329798.3423487,86417061.6576588,118641
2014,region,Southeast,female,43685925.9160157,417422.588235381,0.00955508163058871,42867792.6767408,44504059.1552905,60976
2014,region,Southeast,male,41187504.0839881,407590.07965305,0.00989596453385246,40388642.2074123,41986365.9605639,57665
2015,region,Central-West,combined,15291183.000001,215587.369339217,0.0140988025150967,14868639.5205744,15713726.4794276,44238
2015,region,Central-West,female,7720154.33251001,111943.82718945,0.0145002058725754,7500748.46292711,7939560.20209291,22391
2015,region,Central-West,male,7571028.66749094,112379.22789328,0.0148433235203325,7350769.42820969,7791287.90677219,21847
2015,region,North,combined,16932797.0000226,221748.962044947,0.0130958259314543,16498177.0208053,17367416.9792398,63476
2015,region,North,female,8435660.80683397,113849.619829235,0.01349623016338,8212519.65231509,8658801.96135285,31401
2015,region,North,male,8497136.19318859,117129.58737985,0.0137845957410618,8267566.42040005,8726705.96597713,32075
2015,region,Northeast,combined,55053751.000003,459456.61257529,0.00834560051276552,54153232.5868966,55954269.4131093,158061
2015,region,Northeast,female,28276982.9498865,247162.77392967,0.0087407760003145,27792552.8146653,28761413.0851076,80911
2015,region,Northeast,male,26776768.0501165,232986.818607561,0.00870108065960361,26320122.2767731,27233413.8234599,77150
2015,region,South,combined,29018767.0000002,290340.877329282,0.0100052795947285,28449709.3371951,29587824.6628054,75512
2015,region,South,female,14797492.7862363,153280.77466518,0.0103585639053497,14497067.9883701,15097917.5841024,38526
2015,region,South,male,14221274.213764,150837.072258415,0.010606438634903,13925638.984604,14516909.4429239,36986
2015,region,Southeast,combined,85473098.000002,1016326.66672249,0.0118906028973288,83481134.3366983,87465061.6633057,117986
2015,region,Southeast,female,43921837.1245489,517596.415698198,0.0117844892104684,42907366.7912535,44936307.4578444,60799
2015,region,Southeast,male,41551260.875453,527190.245284398,0.0126877075250403,40517986.9816948,42584534.7692113,57187
2016,region,Central-West,combined,15493573.0000126,222170.653861481,0.0143395363910765,15058126.5200223,15929019.4800028,45139
2016,region,Central-West,female,7869104.39258094,114007.890285998,0.0144880388667211,7645653.03366699,8092555.75149489,22886
2016,region,Central-West,male,7624468.60743161,117400.521215354,0.0153978627574023,7394367.81408328,7854569.40077994,22253
2016,region,North,combined,17118449.0000075,261058.80044061,0.0152501433068203,16606783.1532967,17630114.8467183,65408
2016,region,North,female,8535014.32076124,136715.289367781,0.0160181675425224,8267057.27746442,8802971.36405806,32339
2016,region,North,male,8583434.67924625,133588.468937073,0.0155635213558594,8321606.09137974,8845263.26711276,33069
2016,region,Northeast,combined,55329833.0000145,542913.848840483,0.00981231678108158,54265741.4095791,56393924.5904498,157261
2016,region,Northeast,female,28446403.1688324,292233.014707127,0.0102731095025509,27873636.9849129,29019169.352752,80451
2016,region,Northeast,male,26883429.831182,269002.063338717,0.0100062404621713,26356195.4752712,27410664.1870929,76810
2016,region,South,combined,29273072.0000093,312628.689633953,0.0106797362994172,28660331.0277928,29885812.9722258,75173
2016,region,South,female,14907359.4974301,163061.164078042,0.0109382995765382,14587765.4885599,15226953.5063002,38261
2016,region,South,male,14365712.5025792,162416.534221811,0.0113058460687314,14047381.9450107,14684043.0601478,36912
2016,region,Southeast,combined,86011539.0000113,1044991.32042418,0.0121494317224581,83963393.647823,88059684.3521997,116737
2016,region,Southeast,female,44153096.6204214,559108.619304901,0.0126629537246614,43057263.8631378,45248929.3777049,59919
2016,region,Southeast,male,41858442.37959,524673.164320527,0.0125344646024467,40830101.8738671,42886782.8853129,56818
2017,region,Central-West,combined,15688553.0000407,231134.169335721,0.0147326633205192,15235538.3525461,16141567.6475353,44911
2017,region,Central-West,female,7993422.59942577,120760.701234097,0.0151075086712884,7756735.97425914,8230109.2245924,22928
2017,region,Central-West,male,7695130.40061494,120425.74902255,0.01564960471793,7459100.26971948,7931160.5315104,21983
2017,region,North,combined,17288646.0000031,281582.802731102,0.0162871518527854,16736753.8479843,17840538.1520219,64337
2017,region,North,female,8640031.89762599,146660.156397878,0.0169744924712808,8352583.27311914,8927480.52213284,31909
2017,region,North,male,8648614.10237712,143948.714058533,0.0166441365465673,8366479.80720154,8930748.3975527,32428
2017,region,Northeast,combined,55572568.0000118,542439.308502223,0.00976091852552338,54509406.4915486,56635729.508475,156528
2017,region,Northeast,female,28539253.3151789,281747.727458498,0.00987228797989077,27987037.9166342,29091468.7137235,80134
2017,region,Northeast,male,27033314.6848329,279678.770921989,0.0103457076641402,26485154.3665854,27581475.0030804,76394
2017,region,South,combined,29517753.0000037,325407.039751046,0.0110241128364685,28879966.9217758,30155539.0782315,74647
2017,region,South,female,14996922.0486475,170065.940370732,0.011340056300824,14663598.9305239,15330245.1667711,38007
2017,region,South,male,14520830.9513562,167661.192910934,0.0115462533427039,14192221.0516457,14849440.8510666,36640
2017,region,Southeast,combined,86487339.0000276,802308.797981462,0.00927660403543235,84914842.6515044,88059835.3485509,117569
2017,region,Southeast,female,44438275.1391664,428121.656694702,0.00963407457544116,43599172.1110432,45277378.1672897,60416
2017,region,Southeast,male,42049063.8608612,412425.72036535,0.00980820219280152,41240724.3026471,42857403.4190753,57153
2018,region,Central-West,combined,15883717.0000064,215839.011907613,0.0135886966449684,15460680.3102087,16306753.689804,44451
2018,region,Central-West,female,7996057.49466544,110700.932420277,0.0138444392744963,7779087.6540667,8213027.33526419,22558
2018,region,Central-West,male,7887659.50534091,115802.010888534,0.014681416053789,7660691.73466207,8114627.27601975,21893
2018,region,North,combined,17457831.0000019,263747.936709783,0.0151077150826901,16940894.5430539,17974767.4569498,62390
2018,region,North,female,8673949.3416416,132685.89605216,0.01529705683375,8413889.76412294,8934008.91916026,30936
2018,region,North,male,8783881.65836027,140491.509222029,0.0159942397548483,8508523.36015142,9059239.95656912,31454
2018,region,Northeast,combined,55827469.0000155,495466.379186339,0.0088749568637296,54856372.7412598,56798565.2587712,154619
2018,region,Northeast,female,28677419.0306607,267937.220145849,0.00934314276537165,28152271.729057,29202566.3322643,79372
2018,region,Northeast,male,27150049.9693548,248483.737389392,0.00915223867616688,26663030.7933277,27637069.1453819,75247
2018,region,South,combined,29763482.9999988,367635.74611124,0.0123519060625819,29042930.1781913,30484035.8218064,73893
2018,region,South,female,15081007.5578597,189474.280489183,0.0125637680216157,14709644.7921043,15452370.3236152,37701
2018,region,South,male,14682475.4421391,192835.484511527,0.0131337174900414,14304524.8375552,15060426.0467231,36192
2018,region,Southeast,combined,86927386.0000063,897025.889951781,0.0103192553144496,85169247.5625008,88685524.4375118,117301
2018,region,Southeast,female,44862797.5751868,480042.376477575,0.0107002327635288,43921931.8062377,45803663.3441358,60725
2018,region,Southeast,male,42064588.4248196,453347.369636828,0.010777411276639,41176043.9078454,42953132.9417937,56576
2019,region,Central-West,combined,16085681.000159,230459.923099168,0.0143270230894726,15633987.8510047,16537374.1493132,43347
2019,region,Central-West,female,8155336.62168664,125363.798729449,0.0153719956078921,7909628.09121179,8401045.15216149,21937
2019,region,Central-West,male,7930344.37847231,117131.83432176,0.0147700816927605,7700770.20175855,8159918.55518607,21410
2019,region,North,combined,17636479.000006,278716.049384331,0.0158033839625379,17090205.5812994,18182752.4187126,61443
2019,region,North,female,8876500.26461873,145607.049026059,0.0164036551214268,8591115.6926325,9161884.83660496,30799
2019,region,North,male,8759978.73538728,143259.148682738,0.0163538237945739,8479195.96351325,9040761.50726132,30644
2019,region,Northeast,combined,56108743.000006,475544.35883046,0.00847540567484124,55176693.1836471,57040792.8163649,150852
2019,region,Northeast,female,28810453.386019,246643.878269619,0.00856091623984333,28327040.2676033,29293866.5044347,77446
2019,region,Northeast,male,27298289.613987,250986.056554514,0.00919420447594323,26806365.9825184,27790213.2454556,73406
2019,region,South,combined,30021979.0000032,330462.964073742,0.0110073677712487,29374283.4921943,30669674.5078121,72949
2019,region,South,female,15184209.7859654,166265.163132275,0.0109498726292594,14858336.0543425,15510083.5175883,37153
2019,region,South,male,14837769.2140378,177005.154764917,0.0119293643277222,14490845.4856207,15184692.942455,35796
2019,region,Southeast,combined,87364373.0000972,1037932.52043401,0.0118805009959021,85330062.6416637,89398683.3585308,115199
2019,region,Southeast,female,44973064.9418472,546635.666922346,0.0121547345645483,43901678.7220144,46044451.16168,59601
2019,region,Southeast,male,42391308.05825,524634.495481277,0.0123759921434926,41363043.3420594,43419572.7744407,55598
2022,region,Central-West,combined,16609383.0002802,266321.659250339,0.0160344101431008,16087402.1398466,17131363.8607138,37610
2022,region,Central-West,female,8394916.81516217,138307.530929176,0.0164751520443153,8123839.03575033,8665994.59457401,19220
2022,region,Central-West,male,8214466.18511805,139136.146365662,0.0169379413378962,7941764.34929366,8487168.02094244,18390
2022,region,North,combined,18048962.0003617,288777.577474153,0.0159996778467574,17482968.3489696,18614955.6517538,51980
2022,region,North,female,9031902.3040245,149359.057335151,0.0165368326967618,8739163.93088275,9324640.67716625,26046
2022,region,North,male,9017059.69633721,152781.737581365,0.0169436315968304,8717612.99318228,9316506.39949213,25934
2022,region,Northeast,combined,56675181.000663,561331.258402169,0.00990435757753649,55574991.9507982,57775370.0505278,126691
2022,region,Northeast,female,29200141.1199253,294125.208941898,0.0100727324478989,28623666.3034539,29776615.9363968,65335
2022,region,Northeast,male,27475039.8807377,294266.241777035,0.01071031172491,26898288.6449887,28051791.1164866,61356
2022,region,South,combined,30659064.0002806,362833.277750101,0.0118344538419953,29947923.8434977,31370204.1570634,64149
2022,region,South,female,15559912.9631323,188135.420901418,0.0120910329863147,15191174.3139492,15928651.6123154,32951
2022,region,South,male,15099151.0371483,191256.617800364,0.0126667133357245,14724294.9544546,15474007.1198419,31198
2022,region,Southeast,combined,88154691.0015917,959732.781917157,0.0108869167484216,86273649.3142517,90035732.6889318,96391
2022,region,Southeast,female,45434469.7991168,556890.29592585,0.0122569999911538,44342984.8757623,46525954.7224713,50251
2022,region,Southeast,male,42720221.202475,465097.680286456,0.0108870616114579,41808646.4998204,43631795.9051295,46140
2023,region,Central-West,combined,16777758.0000351,260326.627815948,0.0155161749153494,16267527.1852991,17287988.8147711,38036
2023,region,Central-West,female,8492991.84111984,136902.612939732,0.0161194800961542,8224667.65036854,8761316.03187114,19503
2023,region,Central-West,male,8284766.15891525,135759.438576091,0.0163866349359783,8018682.54874473,8550849.76908577,18533
2023,region,North,combined,18174990.0000603,278313.681250581,0.0153130032671082,17629505.2084044,18720474.7917162,53042
2023,region,North,female,9093773.46004883,137418.286489341,0.0151112502519502,8824438.56771251,9363108.35238515,26761
2023,region,North,male,9081216.54001144,151220.049229559,0.0166519594113069,8784830.68978113,9377602.39024175,26281
2023,region,Northeast,combined,56796476.0000764,522674.027860657,0.00920257848145286,55772053.729815,57820898.2703378,127938
2023,region,Northeast,female,29479348.9910807,276483.685507371,0.00937889386875621,28937450.9251734,30021247.0569881,66609
2023,region,Northeast,male,27317127.0089957,271485.992769956,0.00993830693398153,26785024.2408595,27849229.7771319,61329
2023,region,South,combined,30858204.0000344,386399.198095231,0.0125217656249469,30100875.4881126,31615532.5119562,64953
2023,region,South,female,15647666.590998,201552.243211866,0.0128806580866068,15252631.4532995,16042701.7286965,33326
2023,region,South,male,15210537.4090364,198220.977054459,0.0130318194370107,14822031.4330293,15599043.3850435,31627
2023,region,Southeast,combined,88364390.0001728,866164.473335797,0.00980218924539741,86666738.8277465,90062041.1725991,99080
2023,region,Southeast,female,45359284.1168994,460845.189846472,0.0101598867534767,44456044.1423518,46262524.091447,51532
2023,region,Southeast,male,43005105.8832733,452557.971227267,0.0105233544234404,42118108.5587514,43892103.2077953,47548
2024,region,Central-West,combined,16949900.0000326,257787.87048274,0.0152088136497705,16444645.0582351,17455154.94183,38123
2024,region,Central-West,female,8641137.69848195,134648.451906738,0.0155822597214707,8377231.58217067,8905043.81479323,19704
2024,region,Central-West,male,8308762.30155063,135835.14240545,0.0163484207966931,8042530.31460108,8574994.28850018,18419
2024,region,North,combined,18303765.000165,257746.887714579,0.0140816322604806,17798590.3831171,18808939.6172129,51974
2024,region,North,female,9185244.47613023,138610.718262187,0.0150905856259347,8913572.46046512,9456916.49179534,26183
2024,region,North,male,9118520.52403476,132527.873958137,0.0145339228670723,8858770.66412915,9378270.38394037,25791
2024,region,Northeast,combined,56937552.0001166,464209.522079078,0.00815295891326919,56027718.055561,57847385.9446721,127072
2024,region,Northeast,female,29497260.803182,249056.72445929,0.00844338483227646,29009118.5931343,29985403.0132297,66096
2024,region,Northeast,male,27440291.1969345,242915.14576499,0.00885249883179543,26964186.2599359,27916396.1339332,60976
2024,region,South,combined,31067683.0000569,325029.287892436,0.0104619738746478,30430637.301867,31704728.6982468,65063
2024,region,South,female,15764258.3014068,170294.926555964,0.0108025968174327,15430486.3786072,16098030.2242063,33420
2024,region,South,male,15303424.6986502,172340.988164514,0.011261596117091,14965642.5687877,15641206.8285127,31643
2024,region,Southeast,combined,88594078.0001526,791265.736744301,0.00893136149284083,87043225.6539333,90144930.346372,99583
2024,region,Southeast,female,45459138.7209931,410588.64262854,0.00903203743362893,44654399.76898,46263877.6730062,51953
2024,region,Southeast,male,43134939.2791596,430217.210030703,0.00997375253611544,42291729.0419701,43978149.516349,47630
